tokenID,name,description,file_name,attributes[Venue],attributes[Glow],attributes[Panda],attributes[Mood],attributes[Fit],attributes[Extra]
1,Party Panda #1,A looping cartoon party-panda PFP with real panda markings. Minted on Base.,1.gif,Disco Night,Disco Pulse,Classic,Blink,Party Hat,Confetti
2,Party Panda #2,A looping cartoon party-panda PFP with real panda markings. Minted on Base.,2.gif,Neon Club,Laser Sweep,Dancer,Shades,Headphones,Boombox
3,Party Panda #3,A looping cartoon party-panda PFP with real panda markings. Minted on Base.,3.gif,Bamboo Lounge,Neon Ring,Chubby,Heart,Lei,Balloon
4,Party Panda #4,A looping cartoon party-panda PFP with real panda markings. Minted on Base.,4.gif,Rooftop Glow,No glow,Tuxedo,Wink,Bowtie,Cocktail
5,Party Panda #5,A looping cartoon party-panda PFP with real panda markings. Minted on Base.,5.gif,Candy Rave,Sparkle Burst,Cub,Spark,Tiny Crown,None
6,Party Panda #6,A looping cartoon party-panda PFP with real panda markings. Minted on Base.,6.gif,Moonlight,Champagne Haze,Peach,Sleepy,Bare head,Sparkler
7,Party Panda #7,A looping cartoon party-panda PFP with real panda markings. Minted on Base.,7.gif,Confetti Hall,Disco Pulse,Classic,Shades,Disco Afro,Confetti
8,Party Panda #8,A looping cartoon party-panda PFP with real panda markings. Minted on Base.,8.gif,Garden Party,Sparkle Burst,Chubby,Blink,Party Hat,Balloon
9,Party Panda #9,A looping cartoon party-panda PFP with real panda markings. Minted on Base.,9.gif,Disco Night,Laser Sweep,Dancer,Heart,Tiny Crown,Sparkler
10,Party Panda #10,A looping cartoon party-panda PFP with real panda markings. Minted on Base.,10.gif,Neon Club,Neon Ring,Cub,Wink,Headphones,None
11,Party Panda #11,A looping cartoon party-panda PFP with real panda markings. Minted on Base.,11.gif,Bamboo Lounge,No glow,Peach,Sleepy,Lei,Cocktail
12,Party Panda #12,A looping cartoon party-panda PFP with real panda markings. Minted on Base.,12.gif,Rooftop Glow,Champagne Haze,Tuxedo,Blink,Bowtie,Boombox
13,Party Panda #13,A looping cartoon party-panda PFP with real panda markings. Minted on Base.,13.gif,Candy Rave,Disco Pulse,Classic,Spark,Disco Afro,Confetti
14,Party Panda #14,A looping cartoon party-panda PFP with real panda markings. Minted on Base.,14.gif,Moonlight,Laser Sweep,Dancer,Shades,Bare head,Balloon
15,Party Panda #15,A looping cartoon party-panda PFP with real panda markings. Minted on Base.,15.gif,Confetti Hall,Sparkle Burst,Chubby,Heart,Party Hat,None
16,Party Panda #16,A looping cartoon party-panda PFP with real panda markings. Minted on Base.,16.gif,Garden Party,Champagne Haze,Cub,Blink,Tiny Crown,Sparkler
17,Party Panda #17,A looping cartoon party-panda PFP with real panda markings. Minted on Base.,17.gif,Neon Club,Laser Sweep,Chubby,Sleepy,Lei,Cocktail
18,Party Panda #18,A looping cartoon party-panda PFP with real panda markings. Minted on Base.,18.gif,Rooftop Glow,Neon Ring,Peach,Wink,Bare head,Balloon
19,Party Panda #19,A looping cartoon party-panda PFP with real panda markings. Minted on Base.,19.gif,Disco Night,Neon Ring,Tuxedo,Shades,Bare head,Confetti
20,Party Panda #20,A looping cartoon party-panda PFP with real panda markings. Minted on Base.,20.gif,Disco Night,Disco Pulse,Chubby,Blink,Bare head,Confetti
21,Party Panda #21,A looping cartoon party-panda PFP with real panda markings. Minted on Base.,21.gif,Rooftop Glow,Disco Pulse,Tuxedo,Wink,Bowtie,None
22,Party Panda #22,A looping cartoon party-panda PFP with real panda markings. Minted on Base.,22.gif,Moonlight,Disco Pulse,Classic,Spark,Party Hat,None
23,Party Panda #23,A looping cartoon party-panda PFP with real panda markings. Minted on Base.,23.gif,Disco Night,No glow,Cub,Blink,Bare head,Confetti
24,Party Panda #24,A looping cartoon party-panda PFP with real panda markings. Minted on Base.,24.gif,Bamboo Lounge,Disco Pulse,Tuxedo,Blink,Headphones,Sparkler
25,Party Panda #25,A looping cartoon party-panda PFP with real panda markings. Minted on Base.,25.gif,Moonlight,Sparkle Burst,Tuxedo,Blink,Disco Afro,Cocktail
26,Party Panda #26,A looping cartoon party-panda PFP with real panda markings. Minted on Base.,26.gif,Neon Club,Laser Sweep,Chubby,Shades,Party Hat,Cocktail
27,Party Panda #27,A looping cartoon party-panda PFP with real panda markings. Minted on Base.,27.gif,Disco Night,Disco Pulse,Dancer,Spark,Tiny Crown,None
28,Party Panda #28,A looping cartoon party-panda PFP with real panda markings. Minted on Base.,28.gif,Neon Club,No glow,Peach,Wink,Bowtie,Cocktail
29,Party Panda #29,A looping cartoon party-panda PFP with real panda markings. Minted on Base.,29.gif,Bamboo Lounge,Laser Sweep,Peach,Blink,Tiny Crown,Balloon
30,Party Panda #30,A looping cartoon party-panda PFP with real panda markings. Minted on Base.,30.gif,Rooftop Glow,Disco Pulse,Classic,Shades,Disco Afro,None
31,Party Panda #31,A looping cartoon party-panda PFP with real panda markings. Minted on Base.,31.gif,Bamboo Lounge,Laser Sweep,Tuxedo,Shades,Headphones,Confetti
32,Party Panda #32,A looping cartoon party-panda PFP with real panda markings. Minted on Base.,32.gif,Bamboo Lounge,Laser Sweep,Tuxedo,Blink,Headphones,None
33,Party Panda #33,A looping cartoon party-panda PFP with real panda markings. Minted on Base.,33.gif,Garden Party,No glow,Classic,Heart,Bowtie,Sparkler
34,Party Panda #34,A looping cartoon party-panda PFP with real panda markings. Minted on Base.,34.gif,Disco Night,Laser Sweep,Chubby,Shades,Bare head,Boombox
35,Party Panda #35,A looping cartoon party-panda PFP with real panda markings. Minted on Base.,35.gif,Garden Party,Laser Sweep,Classic,Shades,Bowtie,Balloon
36,Party Panda #36,A looping cartoon party-panda PFP with real panda markings. Minted on Base.,36.gif,Rooftop Glow,No glow,Classic,Shades,Bowtie,None
37,Party Panda #37,A looping cartoon party-panda PFP with real panda markings. Minted on Base.,37.gif,Neon Club,No glow,Cub,Heart,Lei,Confetti
38,Party Panda #38,A looping cartoon party-panda PFP with real panda markings. Minted on Base.,38.gif,Moonlight,Laser Sweep,Peach,Wink,Bowtie,Boombox
39,Party Panda #39,A looping cartoon party-panda PFP with real panda markings. Minted on Base.,39.gif,Candy Rave,Sparkle Burst,Tuxedo,Wink,Bare head,Cocktail
40,Party Panda #40,A looping cartoon party-panda PFP with real panda markings. Minted on Base.,40.gif,Candy Rave,Laser Sweep,Chubby,Shades,Party Hat,Sparkler
41,Party Panda #41,A looping cartoon party-panda PFP with real panda markings. Minted on Base.,41.gif,Rooftop Glow,Sparkle Burst,Chubby,Spark,Party Hat,Balloon
42,Party Panda #42,A looping cartoon party-panda PFP with real panda markings. Minted on Base.,42.gif,Neon Club,No glow,Classic,Spark,Headphones,Cocktail
43,Party Panda #43,A looping cartoon party-panda PFP with real panda markings. Minted on Base.,43.gif,Bamboo Lounge,Neon Ring,Classic,Shades,Lei,Cocktail
44,Party Panda #44,A looping cartoon party-panda PFP with real panda markings. Minted on Base.,44.gif,Disco Night,No glow,Classic,Spark,Bowtie,Balloon
45,Party Panda #45,A looping cartoon party-panda PFP with real panda markings. Minted on Base.,45.gif,Disco Night,Sparkle Burst,Classic,Sleepy,Bowtie,Cocktail
46,Party Panda #46,A looping cartoon party-panda PFP with real panda markings. Minted on Base.,46.gif,Rooftop Glow,Champagne Haze,Classic,Spark,Bare head,Balloon
47,Party Panda #47,A looping cartoon party-panda PFP with real panda markings. Minted on Base.,47.gif,Bamboo Lounge,Sparkle Burst,Classic,Heart,Bare head,Cocktail
48,Party Panda #48,A looping cartoon party-panda PFP with real panda markings. Minted on Base.,48.gif,Disco Night,Sparkle Burst,Peach,Shades,Bare head,Sparkler
49,Party Panda #49,A looping cartoon party-panda PFP with real panda markings. Minted on Base.,49.gif,Bamboo Lounge,No glow,Dancer,Wink,Tiny Crown,Confetti
50,Party Panda #50,A looping cartoon party-panda PFP with real panda markings. Minted on Base.,50.gif,Disco Night,No glow,Chubby,Blink,Headphones,Sparkler
51,Party Panda #51,A looping cartoon party-panda PFP with real panda markings. Minted on Base.,51.gif,Disco Night,No glow,Tuxedo,Heart,Bare head,None
52,Party Panda #52,A looping cartoon party-panda PFP with real panda markings. Minted on Base.,52.gif,Disco Night,No glow,Dancer,Blink,Lei,None
53,Party Panda #53,A looping cartoon party-panda PFP with real panda markings. Minted on Base.,53.gif,Bamboo Lounge,Sparkle Burst,Cub,Blink,Lei,None
54,Party Panda #54,A looping cartoon party-panda PFP with real panda markings. Minted on Base.,54.gif,Disco Night,Laser Sweep,Peach,Sleepy,Headphones,None
55,Party Panda #55,A looping cartoon party-panda PFP with real panda markings. Minted on Base.,55.gif,Garden Party,No glow,Cub,Wink,Bowtie,Balloon
56,Party Panda #56,A looping cartoon party-panda PFP with real panda markings. Minted on Base.,56.gif,Neon Club,Disco Pulse,Peach,Sleepy,Tiny Crown,None
57,Party Panda #57,A looping cartoon party-panda PFP with real panda markings. Minted on Base.,57.gif,Rooftop Glow,Laser Sweep,Classic,Spark,Headphones,None
58,Party Panda #58,A looping cartoon party-panda PFP with real panda markings. Minted on Base.,58.gif,Neon Club,No glow,Classic,Spark,Bare head,Balloon
59,Party Panda #59,A looping cartoon party-panda PFP with real panda markings. Minted on Base.,59.gif,Neon Club,Neon Ring,Tuxedo,Blink,Headphones,Boombox
60,Party Panda #60,A looping cartoon party-panda PFP with real panda markings. Minted on Base.,60.gif,Candy Rave,No glow,Chubby,Wink,Party Hat,Sparkler
61,Party Panda #61,A looping cartoon party-panda PFP with real panda markings. Minted on Base.,61.gif,Neon Club,Sparkle Burst,Cub,Spark,Bowtie,Boombox
62,Party Panda #62,A looping cartoon party-panda PFP with real panda markings. Minted on Base.,62.gif,Bamboo Lounge,No glow,Peach,Sleepy,Lei,Sparkler
63,Party Panda #63,A looping cartoon party-panda PFP with real panda markings. Minted on Base.,63.gif,Bamboo Lounge,No glow,Peach,Wink,Party Hat,Balloon
64,Party Panda #64,A looping cartoon party-panda PFP with real panda markings. Minted on Base.,64.gif,Garden Party,No glow,Dancer,Heart,Tiny Crown,Balloon
65,Party Panda #65,A looping cartoon party-panda PFP with real panda markings. Minted on Base.,65.gif,Bamboo Lounge,Disco Pulse,Tuxedo,Blink,Disco Afro,Confetti
66,Party Panda #66,A looping cartoon party-panda PFP with real panda markings. Minted on Base.,66.gif,Neon Club,Disco Pulse,Cub,Shades,Tiny Crown,Sparkler
67,Party Panda #67,A looping cartoon party-panda PFP with real panda markings. Minted on Base.,67.gif,Rooftop Glow,No glow,Classic,Blink,Tiny Crown,Boombox
68,Party Panda #68,A looping cartoon party-panda PFP with real panda markings. Minted on Base.,68.gif,Garden Party,Laser Sweep,Classic,Wink,Bare head,None
69,Party Panda #69,A looping cartoon party-panda PFP with real panda markings. Minted on Base.,69.gif,Rooftop Glow,Sparkle Burst,Chubby,Blink,Party Hat,Confetti
70,Party Panda #70,A looping cartoon party-panda PFP with real panda markings. Minted on Base.,70.gif,Disco Night,Laser Sweep,Tuxedo,Wink,Tiny Crown,Confetti
71,Party Panda #71,A looping cartoon party-panda PFP with real panda markings. Minted on Base.,71.gif,Garden Party,No glow,Chubby,Sleepy,Bare head,Boombox
72,Party Panda #72,A looping cartoon party-panda PFP with real panda markings. Minted on Base.,72.gif,Candy Rave,Sparkle Burst,Peach,Blink,Party Hat,Sparkler
73,Party Panda #73,A looping cartoon party-panda PFP with real panda markings. Minted on Base.,73.gif,Neon Club,Laser Sweep,Tuxedo,Blink,Tiny Crown,Balloon
74,Party Panda #74,A looping cartoon party-panda PFP with real panda markings. Minted on Base.,74.gif,Moonlight,Sparkle Burst,Cub,Spark,Disco Afro,Cocktail
75,Party Panda #75,A looping cartoon party-panda PFP with real panda markings. Minted on Base.,75.gif,Garden Party,No glow,Chubby,Wink,Tiny Crown,Confetti
76,Party Panda #76,A looping cartoon party-panda PFP with real panda markings. Minted on Base.,76.gif,Bamboo Lounge,Disco Pulse,Classic,Spark,Lei,None
77,Party Panda #77,A looping cartoon party-panda PFP with real panda markings. Minted on Base.,77.gif,Disco Night,Laser Sweep,Dancer,Wink,Tiny Crown,Sparkler
78,Party Panda #78,A looping cartoon party-panda PFP with real panda markings. Minted on Base.,78.gif,Moonlight,Neon Ring,Peach,Wink,Lei,None
79,Party Panda #79,A looping cartoon party-panda PFP with real panda markings. Minted on Base.,79.gif,Moonlight,Laser Sweep,Dancer,Blink,Bare head,Cocktail
80,Party Panda #80,A looping cartoon party-panda PFP with real panda markings. Minted on Base.,80.gif,Moonlight,Sparkle Burst,Dancer,Shades,Lei,None
81,Party Panda #81,A looping cartoon party-panda PFP with real panda markings. Minted on Base.,81.gif,Bamboo Lounge,Laser Sweep,Tuxedo,Shades,Lei,Sparkler
82,Party Panda #82,A looping cartoon party-panda PFP with real panda markings. Minted on Base.,82.gif,Garden Party,Laser Sweep,Classic,Heart,Disco Afro,Confetti
83,Party Panda #83,A looping cartoon party-panda PFP with real panda markings. Minted on Base.,83.gif,Neon Club,Disco Pulse,Dancer,Wink,Party Hat,Confetti
84,Party Panda #84,A looping cartoon party-panda PFP with real panda markings. Minted on Base.,84.gif,Candy Rave,Disco Pulse,Cub,Shades,Bare head,Cocktail
85,Party Panda #85,A looping cartoon party-panda PFP with real panda markings. Minted on Base.,85.gif,Neon Club,Laser Sweep,Cub,Blink,Bare head,None
86,Party Panda #86,A looping cartoon party-panda PFP with real panda markings. Minted on Base.,86.gif,Disco Night,Laser Sweep,Cub,Sleepy,Disco Afro,Confetti
87,Party Panda #87,A looping cartoon party-panda PFP with real panda markings. Minted on Base.,87.gif,Bamboo Lounge,No glow,Dancer,Shades,Headphones,Balloon
88,Party Panda #88,A looping cartoon party-panda PFP with real panda markings. Minted on Base.,88.gif,Bamboo Lounge,Neon Ring,Cub,Spark,Disco Afro,Confetti
89,Party Panda #89,A looping cartoon party-panda PFP with real panda markings. Minted on Base.,89.gif,Moonlight,Laser Sweep,Tuxedo,Shades,Bare head,Confetti
90,Party Panda #90,A looping cartoon party-panda PFP with real panda markings. Minted on Base.,90.gif,Bamboo Lounge,Champagne Haze,Tuxedo,Wink,Party Hat,Confetti
91,Party Panda #91,A looping cartoon party-panda PFP with real panda markings. Minted on Base.,91.gif,Bamboo Lounge,Neon Ring,Cub,Blink,Bare head,Sparkler
92,Party Panda #92,A looping cartoon party-panda PFP with real panda markings. Minted on Base.,92.gif,Garden Party,Sparkle Burst,Dancer,Shades,Bare head,Boombox
93,Party Panda #93,A looping cartoon party-panda PFP with real panda markings. Minted on Base.,93.gif,Rooftop Glow,Disco Pulse,Cub,Shades,Lei,Balloon
94,Party Panda #94,A looping cartoon party-panda PFP with real panda markings. Minted on Base.,94.gif,Confetti Hall,Neon Ring,Classic,Sleepy,Lei,Cocktail
95,Party Panda #95,A looping cartoon party-panda PFP with real panda markings. Minted on Base.,95.gif,Disco Night,Disco Pulse,Classic,Wink,Party Hat,None
96,Party Panda #96,A looping cartoon party-panda PFP with real panda markings. Minted on Base.,96.gif,Moonlight,Champagne Haze,Classic,Spark,Bare head,Boombox
97,Party Panda #97,A looping cartoon party-panda PFP with real panda markings. Minted on Base.,97.gif,Candy Rave,Champagne Haze,Tuxedo,Blink,Lei,None
98,Party Panda #98,A looping cartoon party-panda PFP with real panda markings. Minted on Base.,98.gif,Disco Night,Neon Ring,Tuxedo,Shades,Lei,Confetti
99,Party Panda #99,A looping cartoon party-panda PFP with real panda markings. Minted on Base.,99.gif,Moonlight,No glow,Cub,Blink,Party Hat,Balloon
100,Party Panda #100,A looping cartoon party-panda PFP with real panda markings. Minted on Base.,100.gif,Confetti Hall,Laser Sweep,Dancer,Wink,Headphones,Cocktail
101,Party Panda #101,A looping cartoon party-panda PFP with real panda markings. Minted on Base.,101.gif,Rooftop Glow,Neon Ring,Cub,Wink,Headphones,Confetti
102,Party Panda #102,A looping cartoon party-panda PFP with real panda markings. Minted on Base.,102.gif,Candy Rave,No glow,Cub,Blink,Headphones,Cocktail
103,Party Panda #103,A looping cartoon party-panda PFP with real panda markings. Minted on Base.,103.gif,Candy Rave,No glow,Tuxedo,Blink,Party Hat,Cocktail
104,Party Panda #104,A looping cartoon party-panda PFP with real panda markings. Minted on Base.,104.gif,Moonlight,Disco Pulse,Peach,Wink,Lei,Cocktail
105,Party Panda #105,A looping cartoon party-panda PFP with real panda markings. Minted on Base.,105.gif,Moonlight,No glow,Dancer,Sleepy,Bowtie,Confetti
106,Party Panda #106,A looping cartoon party-panda PFP with real panda markings. Minted on Base.,106.gif,Moonlight,Sparkle Burst,Classic,Shades,Bare head,Balloon
107,Party Panda #107,A looping cartoon party-panda PFP with real panda markings. Minted on Base.,107.gif,Confetti Hall,No glow,Cub,Wink,Tiny Crown,Cocktail
108,Party Panda #108,A looping cartoon party-panda PFP with real panda markings. Minted on Base.,108.gif,Moonlight,Sparkle Burst,Dancer,Blink,Party Hat,Confetti
109,Party Panda #109,A looping cartoon party-panda PFP with real panda markings. Minted on Base.,109.gif,Moonlight,Disco Pulse,Dancer,Wink,Party Hat,Confetti
110,Party Panda #110,A looping cartoon party-panda PFP with real panda markings. Minted on Base.,110.gif,Neon Club,Champagne Haze,Chubby,Sleepy,Party Hat,Confetti
111,Party Panda #111,A looping cartoon party-panda PFP with real panda markings. Minted on Base.,111.gif,Moonlight,Sparkle Burst,Classic,Shades,Headphones,Sparkler
112,Party Panda #112,A looping cartoon party-panda PFP with real panda markings. Minted on Base.,112.gif,Moonlight,Disco Pulse,Dancer,Heart,Lei,Confetti
113,Party Panda #113,A looping cartoon party-panda PFP with real panda markings. Minted on Base.,113.gif,Candy Rave,Disco Pulse,Chubby,Heart,Headphones,Balloon
114,Party Panda #114,A looping cartoon party-panda PFP with real panda markings. Minted on Base.,114.gif,Confetti Hall,Laser Sweep,Classic,Blink,Bowtie,None
115,Party Panda #115,A looping cartoon party-panda PFP with real panda markings. Minted on Base.,115.gif,Bamboo Lounge,Disco Pulse,Tuxedo,Wink,Bowtie,Confetti
116,Party Panda #116,A looping cartoon party-panda PFP with real panda markings. Minted on Base.,116.gif,Disco Night,Disco Pulse,Peach,Spark,Disco Afro,None
117,Party Panda #117,A looping cartoon party-panda PFP with real panda markings. Minted on Base.,117.gif,Candy Rave,Neon Ring,Dancer,Shades,Tiny Crown,Confetti
118,Party Panda #118,A looping cartoon party-panda PFP with real panda markings. Minted on Base.,118.gif,Moonlight,Sparkle Burst,Tuxedo,Wink,Headphones,None
119,Party Panda #119,A looping cartoon party-panda PFP with real panda markings. Minted on Base.,119.gif,Garden Party,Disco Pulse,Classic,Blink,Tiny Crown,Boombox
120,Party Panda #120,A looping cartoon party-panda PFP with real panda markings. Minted on Base.,120.gif,Disco Night,Sparkle Burst,Classic,Wink,Bare head,Balloon
121,Party Panda #121,A looping cartoon party-panda PFP with real panda markings. Minted on Base.,121.gif,Neon Club,No glow,Classic,Blink,Bare head,Balloon
122,Party Panda #122,A looping cartoon party-panda PFP with real panda markings. Minted on Base.,122.gif,Confetti Hall,No glow,Chubby,Blink,Bare head,Cocktail
123,Party Panda #123,A looping cartoon party-panda PFP with real panda markings. Minted on Base.,123.gif,Garden Party,Disco Pulse,Classic,Sleepy,Party Hat,Boombox
124,Party Panda #124,A looping cartoon party-panda PFP with real panda markings. Minted on Base.,124.gif,Neon Club,Neon Ring,Tuxedo,Blink,Tiny Crown,None
125,Party Panda #125,A looping cartoon party-panda PFP with real panda markings. Minted on Base.,125.gif,Neon Club,No glow,Tuxedo,Spark,Disco Afro,Sparkler
126,Party Panda #126,A looping cartoon party-panda PFP with real panda markings. Minted on Base.,126.gif,Disco Night,No glow,Chubby,Wink,Disco Afro,Balloon
127,Party Panda #127,A looping cartoon party-panda PFP with real panda markings. Minted on Base.,127.gif,Bamboo Lounge,Laser Sweep,Classic,Blink,Party Hat,Cocktail
128,Party Panda #128,A looping cartoon party-panda PFP with real panda markings. Minted on Base.,128.gif,Candy Rave,Sparkle Burst,Chubby,Shades,Disco Afro,Sparkler
129,Party Panda #129,A looping cartoon party-panda PFP with real panda markings. Minted on Base.,129.gif,Moonlight,Disco Pulse,Cub,Heart,Bowtie,Sparkler
130,Party Panda #130,A looping cartoon party-panda PFP with real panda markings. Minted on Base.,130.gif,Rooftop Glow,Laser Sweep,Classic,Sleepy,Disco Afro,Sparkler
131,Party Panda #131,A looping cartoon party-panda PFP with real panda markings. Minted on Base.,131.gif,Candy Rave,Neon Ring,Cub,Blink,Lei,Sparkler
132,Party Panda #132,A looping cartoon party-panda PFP with real panda markings. Minted on Base.,132.gif,Disco Night,Laser Sweep,Dancer,Blink,Bare head,Confetti
133,Party Panda #133,A looping cartoon party-panda PFP with real panda markings. Minted on Base.,133.gif,Confetti Hall,Disco Pulse,Chubby,Sleepy,Bowtie,Balloon
134,Party Panda #134,A looping cartoon party-panda PFP with real panda markings. Minted on Base.,134.gif,Neon Club,No glow,Peach,Spark,Headphones,Cocktail
135,Party Panda #135,A looping cartoon party-panda PFP with real panda markings. Minted on Base.,135.gif,Candy Rave,Sparkle Burst,Chubby,Blink,Bare head,None
136,Party Panda #136,A looping cartoon party-panda PFP with real panda markings. Minted on Base.,136.gif,Garden Party,No glow,Chubby,Blink,Lei,Sparkler
137,Party Panda #137,A looping cartoon party-panda PFP with real panda markings. Minted on Base.,137.gif,Neon Club,Sparkle Burst,Peach,Spark,Bare head,Sparkler
138,Party Panda #138,A looping cartoon party-panda PFP with real panda markings. Minted on Base.,138.gif,Moonlight,No glow,Classic,Sleepy,Bowtie,Confetti
139,Party Panda #139,A looping cartoon party-panda PFP with real panda markings. Minted on Base.,139.gif,Moonlight,Laser Sweep,Cub,Heart,Party Hat,Balloon
140,Party Panda #140,A looping cartoon party-panda PFP with real panda markings. Minted on Base.,140.gif,Disco Night,Sparkle Burst,Tuxedo,Wink,Bare head,Confetti
141,Party Panda #141,A looping cartoon party-panda PFP with real panda markings. Minted on Base.,141.gif,Garden Party,Neon Ring,Tuxedo,Heart,Party Hat,Confetti
142,Party Panda #142,A looping cartoon party-panda PFP with real panda markings. Minted on Base.,142.gif,Garden Party,Laser Sweep,Chubby,Blink,Headphones,Cocktail
143,Party Panda #143,A looping cartoon party-panda PFP with real panda markings. Minted on Base.,143.gif,Disco Night,Champagne Haze,Peach,Spark,Bowtie,Boombox
144,Party Panda #144,A looping cartoon party-panda PFP with real panda markings. Minted on Base.,144.gif,Disco Night,No glow,Dancer,Blink,Lei,Boombox
145,Party Panda #145,A looping cartoon party-panda PFP with real panda markings. Minted on Base.,145.gif,Rooftop Glow,No glow,Peach,Shades,Headphones,Confetti
146,Party Panda #146,A looping cartoon party-panda PFP with real panda markings. Minted on Base.,146.gif,Candy Rave,No glow,Chubby,Blink,Party Hat,Confetti
147,Party Panda #147,A looping cartoon party-panda PFP with real panda markings. Minted on Base.,147.gif,Disco Night,Neon Ring,Dancer,Sleepy,Bare head,None
148,Party Panda #148,A looping cartoon party-panda PFP with real panda markings. Minted on Base.,148.gif,Neon Club,Laser Sweep,Tuxedo,Wink,Bare head,Cocktail
149,Party Panda #149,A looping cartoon party-panda PFP with real panda markings. Minted on Base.,149.gif,Bamboo Lounge,Sparkle Burst,Cub,Wink,Headphones,Sparkler
150,Party Panda #150,A looping cartoon party-panda PFP with real panda markings. Minted on Base.,150.gif,Confetti Hall,Champagne Haze,Cub,Wink,Lei,None
151,Party Panda #151,A looping cartoon party-panda PFP with real panda markings. Minted on Base.,151.gif,Neon Club,Disco Pulse,Chubby,Blink,Lei,Sparkler
152,Party Panda #152,A looping cartoon party-panda PFP with real panda markings. Minted on Base.,152.gif,Rooftop Glow,Neon Ring,Peach,Wink,Bare head,Sparkler
153,Party Panda #153,A looping cartoon party-panda PFP with real panda markings. Minted on Base.,153.gif,Candy Rave,Disco Pulse,Dancer,Sleepy,Bowtie,None
154,Party Panda #154,A looping cartoon party-panda PFP with real panda markings. Minted on Base.,154.gif,Candy Rave,No glow,Tuxedo,Heart,Bare head,None
155,Party Panda #155,A looping cartoon party-panda PFP with real panda markings. Minted on Base.,155.gif,Bamboo Lounge,Laser Sweep,Tuxedo,Wink,Lei,None
156,Party Panda #156,A looping cartoon party-panda PFP with real panda markings. Minted on Base.,156.gif,Candy Rave,Laser Sweep,Tuxedo,Heart,Headphones,Boombox
157,Party Panda #157,A looping cartoon party-panda PFP with real panda markings. Minted on Base.,157.gif,Disco Night,No glow,Classic,Blink,Headphones,Boombox
158,Party Panda #158,A looping cartoon party-panda PFP with real panda markings. Minted on Base.,158.gif,Bamboo Lounge,Laser Sweep,Chubby,Spark,Party Hat,Confetti
159,Party Panda #159,A looping cartoon party-panda PFP with real panda markings. Minted on Base.,159.gif,Candy Rave,Neon Ring,Cub,Shades,Bare head,None
160,Party Panda #160,A looping cartoon party-panda PFP with real panda markings. Minted on Base.,160.gif,Bamboo Lounge,No glow,Classic,Heart,Headphones,Balloon
161,Party Panda #161,A looping cartoon party-panda PFP with real panda markings. Minted on Base.,161.gif,Candy Rave,Sparkle Burst,Cub,Wink,Party Hat,None
162,Party Panda #162,A looping cartoon party-panda PFP with real panda markings. Minted on Base.,162.gif,Moonlight,No glow,Tuxedo,Wink,Lei,Sparkler
163,Party Panda #163,A looping cartoon party-panda PFP with real panda markings. Minted on Base.,163.gif,Bamboo Lounge,Neon Ring,Chubby,Wink,Lei,Cocktail
164,Party Panda #164,A looping cartoon party-panda PFP with real panda markings. Minted on Base.,164.gif,Candy Rave,No glow,Classic,Blink,Tiny Crown,Confetti
165,Party Panda #165,A looping cartoon party-panda PFP with real panda markings. Minted on Base.,165.gif,Bamboo Lounge,No glow,Classic,Blink,Bowtie,Boombox
166,Party Panda #166,A looping cartoon party-panda PFP with real panda markings. Minted on Base.,166.gif,Bamboo Lounge,No glow,Chubby,Sleepy,Tiny Crown,None
167,Party Panda #167,A looping cartoon party-panda PFP with real panda markings. Minted on Base.,167.gif,Moonlight,Sparkle Burst,Tuxedo,Heart,Bare head,Cocktail
168,Party Panda #168,A looping cartoon party-panda PFP with real panda markings. Minted on Base.,168.gif,Neon Club,Neon Ring,Classic,Spark,Bowtie,Balloon
169,Party Panda #169,A looping cartoon party-panda PFP with real panda markings. Minted on Base.,169.gif,Garden Party,Sparkle Burst,Classic,Blink,Lei,None
170,Party Panda #170,A looping cartoon party-panda PFP with real panda markings. Minted on Base.,170.gif,Neon Club,Disco Pulse,Dancer,Blink,Headphones,Confetti
171,Party Panda #171,A looping cartoon party-panda PFP with real panda markings. Minted on Base.,171.gif,Confetti Hall,No glow,Dancer,Blink,Tiny Crown,None
172,Party Panda #172,A looping cartoon party-panda PFP with real panda markings. Minted on Base.,172.gif,Disco Night,Disco Pulse,Peach,Spark,Party Hat,None
173,Party Panda #173,A looping cartoon party-panda PFP with real panda markings. Minted on Base.,173.gif,Candy Rave,Sparkle Burst,Chubby,Spark,Disco Afro,Cocktail
174,Party Panda #174,A looping cartoon party-panda PFP with real panda markings. Minted on Base.,174.gif,Candy Rave,Champagne Haze,Cub,Blink,Bare head,Boombox
175,Party Panda #175,A looping cartoon party-panda PFP with real panda markings. Minted on Base.,175.gif,Disco Night,Laser Sweep,Classic,Shades,Bowtie,Confetti
176,Party Panda #176,A looping cartoon party-panda PFP with real panda markings. Minted on Base.,176.gif,Neon Club,Sparkle Burst,Dancer,Sleepy,Bare head,Balloon
177,Party Panda #177,A looping cartoon party-panda PFP with real panda markings. Minted on Base.,177.gif,Rooftop Glow,Laser Sweep,Peach,Wink,Bowtie,Cocktail
178,Party Panda #178,A looping cartoon party-panda PFP with real panda markings. Minted on Base.,178.gif,Disco Night,Disco Pulse,Chubby,Heart,Headphones,Balloon
179,Party Panda #179,A looping cartoon party-panda PFP with real panda markings. Minted on Base.,179.gif,Garden Party,Neon Ring,Dancer,Sleepy,Disco Afro,Balloon
180,Party Panda #180,A looping cartoon party-panda PFP with real panda markings. Minted on Base.,180.gif,Garden Party,No glow,Classic,Blink,Tiny Crown,None
181,Party Panda #181,A looping cartoon party-panda PFP with real panda markings. Minted on Base.,181.gif,Candy Rave,Champagne Haze,Dancer,Wink,Lei,Balloon
182,Party Panda #182,A looping cartoon party-panda PFP with real panda markings. Minted on Base.,182.gif,Disco Night,Disco Pulse,Peach,Sleepy,Bare head,Cocktail
183,Party Panda #183,A looping cartoon party-panda PFP with real panda markings. Minted on Base.,183.gif,Confetti Hall,Neon Ring,Cub,Wink,Lei,None
184,Party Panda #184,A looping cartoon party-panda PFP with real panda markings. Minted on Base.,184.gif,Rooftop Glow,Neon Ring,Peach,Blink,Party Hat,None
185,Party Panda #185,A looping cartoon party-panda PFP with real panda markings. Minted on Base.,185.gif,Moonlight,Champagne Haze,Tuxedo,Wink,Bare head,Confetti
186,Party Panda #186,A looping cartoon party-panda PFP with real panda markings. Minted on Base.,186.gif,Bamboo Lounge,Laser Sweep,Cub,Wink,Headphones,Sparkler
187,Party Panda #187,A looping cartoon party-panda PFP with real panda markings. Minted on Base.,187.gif,Garden Party,No glow,Chubby,Spark,Bowtie,None
188,Party Panda #188,A looping cartoon party-panda PFP with real panda markings. Minted on Base.,188.gif,Bamboo Lounge,Sparkle Burst,Cub,Spark,Disco Afro,Balloon
189,Party Panda #189,A looping cartoon party-panda PFP with real panda markings. Minted on Base.,189.gif,Disco Night,Disco Pulse,Cub,Spark,Bowtie,None
190,Party Panda #190,A looping cartoon party-panda PFP with real panda markings. Minted on Base.,190.gif,Moonlight,Disco Pulse,Tuxedo,Shades,Bare head,Confetti
191,Party Panda #191,A looping cartoon party-panda PFP with real panda markings. Minted on Base.,191.gif,Bamboo Lounge,Neon Ring,Peach,Shades,Bowtie,None
192,Party Panda #192,A looping cartoon party-panda PFP with real panda markings. Minted on Base.,192.gif,Candy Rave,Champagne Haze,Chubby,Sleepy,Bare head,Cocktail
193,Party Panda #193,A looping cartoon party-panda PFP with real panda markings. Minted on Base.,193.gif,Garden Party,No glow,Cub,Wink,Party Hat,Confetti
194,Party Panda #194,A looping cartoon party-panda PFP with real panda markings. Minted on Base.,194.gif,Neon Club,Sparkle Burst,Classic,Blink,Headphones,Confetti
195,Party Panda #195,A looping cartoon party-panda PFP with real panda markings. Minted on Base.,195.gif,Garden Party,Disco Pulse,Peach,Wink,Headphones,Balloon
196,Party Panda #196,A looping cartoon party-panda PFP with real panda markings. Minted on Base.,196.gif,Moonlight,Sparkle Burst,Dancer,Wink,Bare head,Boombox
197,Party Panda #197,A looping cartoon party-panda PFP with real panda markings. Minted on Base.,197.gif,Moonlight,No glow,Peach,Sleepy,Disco Afro,Cocktail
198,Party Panda #198,A looping cartoon party-panda PFP with real panda markings. Minted on Base.,198.gif,Rooftop Glow,Champagne Haze,Tuxedo,Heart,Headphones,Confetti
199,Party Panda #199,A looping cartoon party-panda PFP with real panda markings. Minted on Base.,199.gif,Garden Party,No glow,Cub,Sleepy,Party Hat,None
200,Party Panda #200,A looping cartoon party-panda PFP with real panda markings. Minted on Base.,200.gif,Moonlight,Neon Ring,Chubby,Blink,Bare head,Cocktail
201,Party Panda #201,A looping cartoon party-panda PFP with real panda markings. Minted on Base.,201.gif,Disco Night,No glow,Classic,Sleepy,Bowtie,Confetti
202,Party Panda #202,A looping cartoon party-panda PFP with real panda markings. Minted on Base.,202.gif,Garden Party,Disco Pulse,Peach,Sleepy,Lei,Sparkler
203,Party Panda #203,A looping cartoon party-panda PFP with real panda markings. Minted on Base.,203.gif,Bamboo Lounge,Champagne Haze,Chubby,Blink,Party Hat,Cocktail
204,Party Panda #204,A looping cartoon party-panda PFP with real panda markings. Minted on Base.,204.gif,Garden Party,Sparkle Burst,Chubby,Wink,Disco Afro,Sparkler
205,Party Panda #205,A looping cartoon party-panda PFP with real panda markings. Minted on Base.,205.gif,Neon Club,Disco Pulse,Chubby,Heart,Bare head,None
206,Party Panda #206,A looping cartoon party-panda PFP with real panda markings. Minted on Base.,206.gif,Bamboo Lounge,Laser Sweep,Dancer,Shades,Bowtie,Sparkler
207,Party Panda #207,A looping cartoon party-panda PFP with real panda markings. Minted on Base.,207.gif,Disco Night,Laser Sweep,Classic,Blink,Bare head,Sparkler
208,Party Panda #208,A looping cartoon party-panda PFP with real panda markings. Minted on Base.,208.gif,Rooftop Glow,Laser Sweep,Cub,Wink,Bare head,Boombox
209,Party Panda #209,A looping cartoon party-panda PFP with real panda markings. Minted on Base.,209.gif,Confetti Hall,Champagne Haze,Cub,Sleepy,Party Hat,None
210,Party Panda #210,A looping cartoon party-panda PFP with real panda markings. Minted on Base.,210.gif,Neon Club,Sparkle Burst,Classic,Blink,Bare head,None
211,Party Panda #211,A looping cartoon party-panda PFP with real panda markings. Minted on Base.,211.gif,Bamboo Lounge,Disco Pulse,Tuxedo,Blink,Bowtie,Confetti
212,Party Panda #212,A looping cartoon party-panda PFP with real panda markings. Minted on Base.,212.gif,Neon Club,Sparkle Burst,Dancer,Heart,Tiny Crown,Cocktail
213,Party Panda #213,A looping cartoon party-panda PFP with real panda markings. Minted on Base.,213.gif,Moonlight,No glow,Chubby,Heart,Tiny Crown,Sparkler
214,Party Panda #214,A looping cartoon party-panda PFP with real panda markings. Minted on Base.,214.gif,Confetti Hall,Champagne Haze,Peach,Shades,Bowtie,Balloon
215,Party Panda #215,A looping cartoon party-panda PFP with real panda markings. Minted on Base.,215.gif,Neon Club,Sparkle Burst,Dancer,Heart,Lei,Balloon
216,Party Panda #216,A looping cartoon party-panda PFP with real panda markings. Minted on Base.,216.gif,Moonlight,No glow,Dancer,Spark,Lei,None
217,Party Panda #217,A looping cartoon party-panda PFP with real panda markings. Minted on Base.,217.gif,Neon Club,Sparkle Burst,Cub,Blink,Tiny Crown,Cocktail
218,Party Panda #218,A looping cartoon party-panda PFP with real panda markings. Minted on Base.,218.gif,Moonlight,No glow,Dancer,Blink,Tiny Crown,Boombox
219,Party Panda #219,A looping cartoon party-panda PFP with real panda markings. Minted on Base.,219.gif,Bamboo Lounge,Laser Sweep,Classic,Heart,Bowtie,Sparkler
220,Party Panda #220,A looping cartoon party-panda PFP with real panda markings. Minted on Base.,220.gif,Confetti Hall,No glow,Classic,Spark,Bowtie,Balloon
221,Party Panda #221,A looping cartoon party-panda PFP with real panda markings. Minted on Base.,221.gif,Bamboo Lounge,Neon Ring,Classic,Spark,Bowtie,Confetti
222,Party Panda #222,A looping cartoon party-panda PFP with real panda markings. Minted on Base.,222.gif,Neon Club,Champagne Haze,Cub,Shades,Bare head,Confetti
223,Party Panda #223,A looping cartoon party-panda PFP with real panda markings. Minted on Base.,223.gif,Garden Party,Laser Sweep,Classic,Shades,Bare head,None
224,Party Panda #224,A looping cartoon party-panda PFP with real panda markings. Minted on Base.,224.gif,Bamboo Lounge,Sparkle Burst,Cub,Spark,Disco Afro,Sparkler
225,Party Panda #225,A looping cartoon party-panda PFP with real panda markings. Minted on Base.,225.gif,Disco Night,No glow,Tuxedo,Heart,Party Hat,Confetti
226,Party Panda #226,A looping cartoon party-panda PFP with real panda markings. Minted on Base.,226.gif,Garden Party,Neon Ring,Dancer,Wink,Party Hat,None
227,Party Panda #227,A looping cartoon party-panda PFP with real panda markings. Minted on Base.,227.gif,Disco Night,Disco Pulse,Cub,Shades,Bare head,None
228,Party Panda #228,A looping cartoon party-panda PFP with real panda markings. Minted on Base.,228.gif,Candy Rave,Sparkle Burst,Peach,Blink,Party Hat,Confetti
229,Party Panda #229,A looping cartoon party-panda PFP with real panda markings. Minted on Base.,229.gif,Moonlight,Laser Sweep,Dancer,Blink,Bare head,Confetti
230,Party Panda #230,A looping cartoon party-panda PFP with real panda markings. Minted on Base.,230.gif,Disco Night,Neon Ring,Classic,Spark,Bare head,Cocktail
231,Party Panda #231,A looping cartoon party-panda PFP with real panda markings. Minted on Base.,231.gif,Neon Club,Sparkle Burst,Dancer,Blink,Bowtie,Sparkler
232,Party Panda #232,A looping cartoon party-panda PFP with real panda markings. Minted on Base.,232.gif,Moonlight,Disco Pulse,Classic,Wink,Bowtie,Balloon
233,Party Panda #233,A looping cartoon party-panda PFP with real panda markings. Minted on Base.,233.gif,Bamboo Lounge,Disco Pulse,Classic,Sleepy,Lei,Confetti
234,Party Panda #234,A looping cartoon party-panda PFP with real panda markings. Minted on Base.,234.gif,Candy Rave,Neon Ring,Tuxedo,Heart,Bare head,None
235,Party Panda #235,A looping cartoon party-panda PFP with real panda markings. Minted on Base.,235.gif,Moonlight,Champagne Haze,Chubby,Wink,Bowtie,None
236,Party Panda #236,A looping cartoon party-panda PFP with real panda markings. Minted on Base.,236.gif,Garden Party,Champagne Haze,Peach,Wink,Bowtie,Sparkler
237,Party Panda #237,A looping cartoon party-panda PFP with real panda markings. Minted on Base.,237.gif,Garden Party,Laser Sweep,Cub,Shades,Headphones,Sparkler
238,Party Panda #238,A looping cartoon party-panda PFP with real panda markings. Minted on Base.,238.gif,Moonlight,Champagne Haze,Cub,Wink,Tiny Crown,Balloon
239,Party Panda #239,A looping cartoon party-panda PFP with real panda markings. Minted on Base.,239.gif,Disco Night,Sparkle Burst,Peach,Shades,Tiny Crown,Balloon
240,Party Panda #240,A looping cartoon party-panda PFP with real panda markings. Minted on Base.,240.gif,Bamboo Lounge,Sparkle Burst,Dancer,Wink,Bare head,Confetti
241,Party Panda #241,A looping cartoon party-panda PFP with real panda markings. Minted on Base.,241.gif,Disco Night,Disco Pulse,Cub,Blink,Tiny Crown,None
242,Party Panda #242,A looping cartoon party-panda PFP with real panda markings. Minted on Base.,242.gif,Disco Night,Champagne Haze,Tuxedo,Shades,Disco Afro,Boombox
243,Party Panda #243,A looping cartoon party-panda PFP with real panda markings. Minted on Base.,243.gif,Bamboo Lounge,No glow,Dancer,Wink,Bare head,Cocktail
244,Party Panda #244,A looping cartoon party-panda PFP with real panda markings. Minted on Base.,244.gif,Rooftop Glow,Laser Sweep,Classic,Blink,Party Hat,Sparkler
245,Party Panda #245,A looping cartoon party-panda PFP with real panda markings. Minted on Base.,245.gif,Neon Club,Laser Sweep,Dancer,Shades,Headphones,Cocktail
246,Party Panda #246,A looping cartoon party-panda PFP with real panda markings. Minted on Base.,246.gif,Moonlight,Laser Sweep,Tuxedo,Blink,Lei,None
247,Party Panda #247,A looping cartoon party-panda PFP with real panda markings. Minted on Base.,247.gif,Disco Night,Neon Ring,Cub,Spark,Bowtie,Balloon
248,Party Panda #248,A looping cartoon party-panda PFP with real panda markings. Minted on Base.,248.gif,Disco Night,Laser Sweep,Cub,Sleepy,Bare head,Balloon
249,Party Panda #249,A looping cartoon party-panda PFP with real panda markings. Minted on Base.,249.gif,Disco Night,Neon Ring,Peach,Wink,Bare head,Balloon
250,Party Panda #250,A looping cartoon party-panda PFP with real panda markings. Minted on Base.,250.gif,Rooftop Glow,Laser Sweep,Tuxedo,Wink,Bare head,Balloon
251,Party Panda #251,A looping cartoon party-panda PFP with real panda markings. Minted on Base.,251.gif,Moonlight,Laser Sweep,Cub,Blink,Tiny Crown,Sparkler
252,Party Panda #252,A looping cartoon party-panda PFP with real panda markings. Minted on Base.,252.gif,Disco Night,Sparkle Burst,Dancer,Sleepy,Tiny Crown,None
253,Party Panda #253,A looping cartoon party-panda PFP with real panda markings. Minted on Base.,253.gif,Disco Night,Disco Pulse,Classic,Blink,Tiny Crown,None
254,Party Panda #254,A looping cartoon party-panda PFP with real panda markings. Minted on Base.,254.gif,Moonlight,No glow,Chubby,Sleepy,Lei,Confetti
255,Party Panda #255,A looping cartoon party-panda PFP with real panda markings. Minted on Base.,255.gif,Confetti Hall,Disco Pulse,Classic,Blink,Lei,Sparkler
256,Party Panda #256,A looping cartoon party-panda PFP with real panda markings. Minted on Base.,256.gif,Neon Club,No glow,Dancer,Blink,Bare head,None
257,Party Panda #257,A looping cartoon party-panda PFP with real panda markings. Minted on Base.,257.gif,Rooftop Glow,No glow,Classic,Sleepy,Tiny Crown,Sparkler
258,Party Panda #258,A looping cartoon party-panda PFP with real panda markings. Minted on Base.,258.gif,Disco Night,Laser Sweep,Peach,Shades,Bare head,None
259,Party Panda #259,A looping cartoon party-panda PFP with real panda markings. Minted on Base.,259.gif,Confetti Hall,No glow,Cub,Blink,Party Hat,None
260,Party Panda #260,A looping cartoon party-panda PFP with real panda markings. Minted on Base.,260.gif,Neon Club,Sparkle Burst,Dancer,Blink,Lei,Boombox
261,Party Panda #261,A looping cartoon party-panda PFP with real panda markings. Minted on Base.,261.gif,Bamboo Lounge,Sparkle Burst,Tuxedo,Heart,Headphones,Cocktail
262,Party Panda #262,A looping cartoon party-panda PFP with real panda markings. Minted on Base.,262.gif,Candy Rave,Champagne Haze,Classic,Spark,Bare head,Balloon
263,Party Panda #263,A looping cartoon party-panda PFP with real panda markings. Minted on Base.,263.gif,Neon Club,Disco Pulse,Chubby,Heart,Headphones,Confetti
264,Party Panda #264,A looping cartoon party-panda PFP with real panda markings. Minted on Base.,264.gif,Bamboo Lounge,Disco Pulse,Peach,Blink,Bowtie,Cocktail
265,Party Panda #265,A looping cartoon party-panda PFP with real panda markings. Minted on Base.,265.gif,Neon Club,Disco Pulse,Dancer,Sleepy,Bowtie,Boombox
266,Party Panda #266,A looping cartoon party-panda PFP with real panda markings. Minted on Base.,266.gif,Bamboo Lounge,Neon Ring,Cub,Sleepy,Tiny Crown,Sparkler
267,Party Panda #267,A looping cartoon party-panda PFP with real panda markings. Minted on Base.,267.gif,Bamboo Lounge,Neon Ring,Chubby,Wink,Bare head,Confetti
268,Party Panda #268,A looping cartoon party-panda PFP with real panda markings. Minted on Base.,268.gif,Disco Night,Champagne Haze,Cub,Sleepy,Headphones,Cocktail
269,Party Panda #269,A looping cartoon party-panda PFP with real panda markings. Minted on Base.,269.gif,Rooftop Glow,Laser Sweep,Dancer,Heart,Party Hat,Sparkler
270,Party Panda #270,A looping cartoon party-panda PFP with real panda markings. Minted on Base.,270.gif,Candy Rave,Disco Pulse,Peach,Wink,Disco Afro,Sparkler
271,Party Panda #271,A looping cartoon party-panda PFP with real panda markings. Minted on Base.,271.gif,Confetti Hall,No glow,Chubby,Shades,Disco Afro,None
272,Party Panda #272,A looping cartoon party-panda PFP with real panda markings. Minted on Base.,272.gif,Disco Night,Disco Pulse,Cub,Blink,Disco Afro,Confetti
273,Party Panda #273,A looping cartoon party-panda PFP with real panda markings. Minted on Base.,273.gif,Neon Club,Laser Sweep,Peach,Wink,Bowtie,Boombox
274,Party Panda #274,A looping cartoon party-panda PFP with real panda markings. Minted on Base.,274.gif,Confetti Hall,Sparkle Burst,Tuxedo,Blink,Headphones,Confetti
275,Party Panda #275,A looping cartoon party-panda PFP with real panda markings. Minted on Base.,275.gif,Disco Night,Sparkle Burst,Classic,Shades,Bowtie,Boombox
276,Party Panda #276,A looping cartoon party-panda PFP with real panda markings. Minted on Base.,276.gif,Neon Club,No glow,Chubby,Sleepy,Tiny Crown,Confetti
277,Party Panda #277,A looping cartoon party-panda PFP with real panda markings. Minted on Base.,277.gif,Disco Night,Champagne Haze,Cub,Wink,Headphones,None
278,Party Panda #278,A looping cartoon party-panda PFP with real panda markings. Minted on Base.,278.gif,Disco Night,No glow,Chubby,Spark,Lei,None
279,Party Panda #279,A looping cartoon party-panda PFP with real panda markings. Minted on Base.,279.gif,Bamboo Lounge,Disco Pulse,Peach,Blink,Headphones,Confetti
280,Party Panda #280,A looping cartoon party-panda PFP with real panda markings. Minted on Base.,280.gif,Moonlight,Disco Pulse,Peach,Spark,Disco Afro,None
281,Party Panda #281,A looping cartoon party-panda PFP with real panda markings. Minted on Base.,281.gif,Disco Night,Sparkle Burst,Tuxedo,Blink,Bare head,None
282,Party Panda #282,A looping cartoon party-panda PFP with real panda markings. Minted on Base.,282.gif,Bamboo Lounge,Neon Ring,Classic,Spark,Headphones,Confetti
283,Party Panda #283,A looping cartoon party-panda PFP with real panda markings. Minted on Base.,283.gif,Bamboo Lounge,No glow,Classic,Shades,Disco Afro,Balloon
284,Party Panda #284,A looping cartoon party-panda PFP with real panda markings. Minted on Base.,284.gif,Garden Party,Champagne Haze,Peach,Blink,Lei,Boombox
285,Party Panda #285,A looping cartoon party-panda PFP with real panda markings. Minted on Base.,285.gif,Rooftop Glow,Disco Pulse,Chubby,Blink,Lei,Balloon
286,Party Panda #286,A looping cartoon party-panda PFP with real panda markings. Minted on Base.,286.gif,Moonlight,Sparkle Burst,Chubby,Spark,Headphones,Cocktail
287,Party Panda #287,A looping cartoon party-panda PFP with real panda markings. Minted on Base.,287.gif,Rooftop Glow,Disco Pulse,Cub,Heart,Bare head,None
288,Party Panda #288,A looping cartoon party-panda PFP with real panda markings. Minted on Base.,288.gif,Rooftop Glow,No glow,Tuxedo,Wink,Party Hat,Boombox
289,Party Panda #289,A looping cartoon party-panda PFP with real panda markings. Minted on Base.,289.gif,Neon Club,No glow,Dancer,Blink,Lei,Sparkler
290,Party Panda #290,A looping cartoon party-panda PFP with real panda markings. Minted on Base.,290.gif,Rooftop Glow,Sparkle Burst,Dancer,Blink,Disco Afro,Cocktail
291,Party Panda #291,A looping cartoon party-panda PFP with real panda markings. Minted on Base.,291.gif,Neon Club,No glow,Peach,Sleepy,Headphones,Cocktail
292,Party Panda #292,A looping cartoon party-panda PFP with real panda markings. Minted on Base.,292.gif,Candy Rave,Disco Pulse,Peach,Sleepy,Headphones,Confetti
293,Party Panda #293,A looping cartoon party-panda PFP with real panda markings. Minted on Base.,293.gif,Neon Club,Neon Ring,Dancer,Heart,Tiny Crown,None
294,Party Panda #294,A looping cartoon party-panda PFP with real panda markings. Minted on Base.,294.gif,Rooftop Glow,Champagne Haze,Tuxedo,Spark,Bare head,Balloon
295,Party Panda #295,A looping cartoon party-panda PFP with real panda markings. Minted on Base.,295.gif,Candy Rave,No glow,Classic,Spark,Lei,Sparkler
296,Party Panda #296,A looping cartoon party-panda PFP with real panda markings. Minted on Base.,296.gif,Moonlight,Sparkle Burst,Tuxedo,Sleepy,Lei,Confetti
297,Party Panda #297,A looping cartoon party-panda PFP with real panda markings. Minted on Base.,297.gif,Confetti Hall,Champagne Haze,Classic,Shades,Bowtie,Confetti
298,Party Panda #298,A looping cartoon party-panda PFP with real panda markings. Minted on Base.,298.gif,Moonlight,Champagne Haze,Chubby,Wink,Bare head,Balloon
299,Party Panda #299,A looping cartoon party-panda PFP with real panda markings. Minted on Base.,299.gif,Rooftop Glow,Sparkle Burst,Cub,Sleepy,Headphones,None
300,Party Panda #300,A looping cartoon party-panda PFP with real panda markings. Minted on Base.,300.gif,Neon Club,Disco Pulse,Chubby,Blink,Lei,Cocktail
301,Party Panda #301,A looping cartoon party-panda PFP with real panda markings. Minted on Base.,301.gif,Bamboo Lounge,Neon Ring,Classic,Blink,Lei,Balloon
302,Party Panda #302,A looping cartoon party-panda PFP with real panda markings. Minted on Base.,302.gif,Rooftop Glow,Champagne Haze,Dancer,Shades,Party Hat,Balloon
303,Party Panda #303,A looping cartoon party-panda PFP with real panda markings. Minted on Base.,303.gif,Disco Night,No glow,Peach,Blink,Tiny Crown,Cocktail
304,Party Panda #304,A looping cartoon party-panda PFP with real panda markings. Minted on Base.,304.gif,Bamboo Lounge,Sparkle Burst,Classic,Spark,Lei,Confetti
305,Party Panda #305,A looping cartoon party-panda PFP with real panda markings. Minted on Base.,305.gif,Confetti Hall,No glow,Dancer,Sleepy,Party Hat,Cocktail
306,Party Panda #306,A looping cartoon party-panda PFP with real panda markings. Minted on Base.,306.gif,Moonlight,Sparkle Burst,Classic,Sleepy,Bowtie,None
307,Party Panda #307,A looping cartoon party-panda PFP with real panda markings. Minted on Base.,307.gif,Neon Club,Champagne Haze,Cub,Shades,Bare head,Boombox
308,Party Panda #308,A looping cartoon party-panda PFP with real panda markings. Minted on Base.,308.gif,Neon Club,Sparkle Burst,Chubby,Wink,Bare head,Balloon
309,Party Panda #309,A looping cartoon party-panda PFP with real panda markings. Minted on Base.,309.gif,Disco Night,Neon Ring,Dancer,Blink,Tiny Crown,Boombox
310,Party Panda #310,A looping cartoon party-panda PFP with real panda markings. Minted on Base.,310.gif,Garden Party,Sparkle Burst,Classic,Shades,Bare head,Balloon
311,Party Panda #311,A looping cartoon party-panda PFP with real panda markings. Minted on Base.,311.gif,Moonlight,No glow,Cub,Shades,Tiny Crown,Cocktail
312,Party Panda #312,A looping cartoon party-panda PFP with real panda markings. Minted on Base.,312.gif,Garden Party,Disco Pulse,Peach,Spark,Party Hat,None
313,Party Panda #313,A looping cartoon party-panda PFP with real panda markings. Minted on Base.,313.gif,Moonlight,Laser Sweep,Chubby,Sleepy,Party Hat,Balloon
314,Party Panda #314,A looping cartoon party-panda PFP with real panda markings. Minted on Base.,314.gif,Rooftop Glow,Sparkle Burst,Chubby,Blink,Lei,None
315,Party Panda #315,A looping cartoon party-panda PFP with real panda markings. Minted on Base.,315.gif,Confetti Hall,Disco Pulse,Chubby,Blink,Bare head,Balloon
316,Party Panda #316,A looping cartoon party-panda PFP with real panda markings. Minted on Base.,316.gif,Neon Club,Champagne Haze,Dancer,Blink,Party Hat,Cocktail
317,Party Panda #317,A looping cartoon party-panda PFP with real panda markings. Minted on Base.,317.gif,Confetti Hall,Sparkle Burst,Chubby,Wink,Party Hat,Sparkler
318,Party Panda #318,A looping cartoon party-panda PFP with real panda markings. Minted on Base.,318.gif,Candy Rave,Champagne Haze,Dancer,Blink,Bowtie,Cocktail
319,Party Panda #319,A looping cartoon party-panda PFP with real panda markings. Minted on Base.,319.gif,Candy Rave,No glow,Classic,Sleepy,Tiny Crown,Sparkler
320,Party Panda #320,A looping cartoon party-panda PFP with real panda markings. Minted on Base.,320.gif,Garden Party,Champagne Haze,Cub,Shades,Bare head,Boombox
321,Party Panda #321,A looping cartoon party-panda PFP with real panda markings. Minted on Base.,321.gif,Bamboo Lounge,No glow,Chubby,Sleepy,Bare head,Sparkler
322,Party Panda #322,A looping cartoon party-panda PFP with real panda markings. Minted on Base.,322.gif,Confetti Hall,No glow,Dancer,Spark,Disco Afro,Sparkler
323,Party Panda #323,A looping cartoon party-panda PFP with real panda markings. Minted on Base.,323.gif,Neon Club,Laser Sweep,Chubby,Wink,Bare head,Balloon
324,Party Panda #324,A looping cartoon party-panda PFP with real panda markings. Minted on Base.,324.gif,Disco Night,No glow,Peach,Blink,Party Hat,Balloon
325,Party Panda #325,A looping cartoon party-panda PFP with real panda markings. Minted on Base.,325.gif,Garden Party,Disco Pulse,Chubby,Spark,Party Hat,Boombox
326,Party Panda #326,A looping cartoon party-panda PFP with real panda markings. Minted on Base.,326.gif,Neon Club,Neon Ring,Chubby,Wink,Party Hat,Confetti
327,Party Panda #327,A looping cartoon party-panda PFP with real panda markings. Minted on Base.,327.gif,Disco Night,No glow,Cub,Wink,Bowtie,Balloon
328,Party Panda #328,A looping cartoon party-panda PFP with real panda markings. Minted on Base.,328.gif,Bamboo Lounge,Laser Sweep,Chubby,Sleepy,Tiny Crown,Balloon
329,Party Panda #329,A looping cartoon party-panda PFP with real panda markings. Minted on Base.,329.gif,Rooftop Glow,Sparkle Burst,Tuxedo,Shades,Bowtie,Sparkler
330,Party Panda #330,A looping cartoon party-panda PFP with real panda markings. Minted on Base.,330.gif,Disco Night,Sparkle Burst,Cub,Blink,Party Hat,Confetti
331,Party Panda #331,A looping cartoon party-panda PFP with real panda markings. Minted on Base.,331.gif,Disco Night,No glow,Peach,Spark,Bare head,Boombox
332,Party Panda #332,A looping cartoon party-panda PFP with real panda markings. Minted on Base.,332.gif,Candy Rave,Laser Sweep,Cub,Heart,Bare head,Confetti
333,Party Panda #333,A looping cartoon party-panda PFP with real panda markings. Minted on Base.,333.gif,Neon Club,Disco Pulse,Chubby,Wink,Lei,Confetti
334,Party Panda #334,A looping cartoon party-panda PFP with real panda markings. Minted on Base.,334.gif,Garden Party,Disco Pulse,Cub,Shades,Disco Afro,None
335,Party Panda #335,A looping cartoon party-panda PFP with real panda markings. Minted on Base.,335.gif,Bamboo Lounge,Neon Ring,Tuxedo,Shades,Party Hat,Confetti
336,Party Panda #336,A looping cartoon party-panda PFP with real panda markings. Minted on Base.,336.gif,Disco Night,Disco Pulse,Chubby,Wink,Party Hat,Sparkler
337,Party Panda #337,A looping cartoon party-panda PFP with real panda markings. Minted on Base.,337.gif,Rooftop Glow,Sparkle Burst,Cub,Blink,Disco Afro,Boombox
338,Party Panda #338,A looping cartoon party-panda PFP with real panda markings. Minted on Base.,338.gif,Neon Club,Laser Sweep,Dancer,Blink,Bare head,None
339,Party Panda #339,A looping cartoon party-panda PFP with real panda markings. Minted on Base.,339.gif,Disco Night,Neon Ring,Cub,Sleepy,Bare head,None
340,Party Panda #340,A looping cartoon party-panda PFP with real panda markings. Minted on Base.,340.gif,Disco Night,Disco Pulse,Peach,Wink,Disco Afro,Balloon
341,Party Panda #341,A looping cartoon party-panda PFP with real panda markings. Minted on Base.,341.gif,Disco Night,Disco Pulse,Chubby,Blink,Bare head,Balloon
342,Party Panda #342,A looping cartoon party-panda PFP with real panda markings. Minted on Base.,342.gif,Bamboo Lounge,Laser Sweep,Dancer,Blink,Bowtie,Confetti
343,Party Panda #343,A looping cartoon party-panda PFP with real panda markings. Minted on Base.,343.gif,Moonlight,Disco Pulse,Chubby,Blink,Party Hat,Sparkler
344,Party Panda #344,A looping cartoon party-panda PFP with real panda markings. Minted on Base.,344.gif,Disco Night,Laser Sweep,Chubby,Sleepy,Disco Afro,Balloon
345,Party Panda #345,A looping cartoon party-panda PFP with real panda markings. Minted on Base.,345.gif,Rooftop Glow,No glow,Cub,Heart,Party Hat,None
346,Party Panda #346,A looping cartoon party-panda PFP with real panda markings. Minted on Base.,346.gif,Neon Club,No glow,Classic,Wink,Disco Afro,Boombox
347,Party Panda #347,A looping cartoon party-panda PFP with real panda markings. Minted on Base.,347.gif,Neon Club,Disco Pulse,Cub,Blink,Tiny Crown,Sparkler
348,Party Panda #348,A looping cartoon party-panda PFP with real panda markings. Minted on Base.,348.gif,Confetti Hall,Neon Ring,Classic,Blink,Bare head,None
349,Party Panda #349,A looping cartoon party-panda PFP with real panda markings. Minted on Base.,349.gif,Candy Rave,Neon Ring,Tuxedo,Sleepy,Tiny Crown,Confetti
350,Party Panda #350,A looping cartoon party-panda PFP with real panda markings. Minted on Base.,350.gif,Candy Rave,Champagne Haze,Peach,Heart,Bare head,Confetti
351,Party Panda #351,A looping cartoon party-panda PFP with real panda markings. Minted on Base.,351.gif,Disco Night,Champagne Haze,Classic,Heart,Party Hat,Cocktail
352,Party Panda #352,A looping cartoon party-panda PFP with real panda markings. Minted on Base.,352.gif,Disco Night,Champagne Haze,Peach,Wink,Party Hat,None
353,Party Panda #353,A looping cartoon party-panda PFP with real panda markings. Minted on Base.,353.gif,Bamboo Lounge,Disco Pulse,Classic,Sleepy,Party Hat,Sparkler
354,Party Panda #354,A looping cartoon party-panda PFP with real panda markings. Minted on Base.,354.gif,Neon Club,Sparkle Burst,Chubby,Heart,Bowtie,Sparkler
355,Party Panda #355,A looping cartoon party-panda PFP with real panda markings. Minted on Base.,355.gif,Neon Club,Champagne Haze,Classic,Heart,Bare head,Balloon
356,Party Panda #356,A looping cartoon party-panda PFP with real panda markings. Minted on Base.,356.gif,Confetti Hall,Laser Sweep,Cub,Shades,Headphones,Confetti
357,Party Panda #357,A looping cartoon party-panda PFP with real panda markings. Minted on Base.,357.gif,Confetti Hall,No glow,Tuxedo,Blink,Tiny Crown,Confetti
358,Party Panda #358,A looping cartoon party-panda PFP with real panda markings. Minted on Base.,358.gif,Garden Party,Sparkle Burst,Tuxedo,Heart,Lei,Cocktail
359,Party Panda #359,A looping cartoon party-panda PFP with real panda markings. Minted on Base.,359.gif,Candy Rave,Disco Pulse,Tuxedo,Spark,Lei,Balloon
360,Party Panda #360,A looping cartoon party-panda PFP with real panda markings. Minted on Base.,360.gif,Confetti Hall,No glow,Cub,Blink,Bowtie,Boombox
361,Party Panda #361,A looping cartoon party-panda PFP with real panda markings. Minted on Base.,361.gif,Moonlight,Champagne Haze,Cub,Wink,Tiny Crown,None
362,Party Panda #362,A looping cartoon party-panda PFP with real panda markings. Minted on Base.,362.gif,Disco Night,Disco Pulse,Dancer,Spark,Lei,Sparkler
363,Party Panda #363,A looping cartoon party-panda PFP with real panda markings. Minted on Base.,363.gif,Rooftop Glow,Disco Pulse,Tuxedo,Sleepy,Tiny Crown,Sparkler
364,Party Panda #364,A looping cartoon party-panda PFP with real panda markings. Minted on Base.,364.gif,Candy Rave,Sparkle Burst,Dancer,Wink,Bowtie,Confetti
365,Party Panda #365,A looping cartoon party-panda PFP with real panda markings. Minted on Base.,365.gif,Bamboo Lounge,No glow,Tuxedo,Sleepy,Headphones,None
366,Party Panda #366,A looping cartoon party-panda PFP with real panda markings. Minted on Base.,366.gif,Neon Club,Disco Pulse,Chubby,Shades,Bowtie,Balloon
367,Party Panda #367,A looping cartoon party-panda PFP with real panda markings. Minted on Base.,367.gif,Disco Night,No glow,Classic,Heart,Party Hat,Cocktail
368,Party Panda #368,A looping cartoon party-panda PFP with real panda markings. Minted on Base.,368.gif,Candy Rave,Laser Sweep,Peach,Heart,Party Hat,Confetti
369,Party Panda #369,A looping cartoon party-panda PFP with real panda markings. Minted on Base.,369.gif,Candy Rave,No glow,Tuxedo,Spark,Headphones,None
370,Party Panda #370,A looping cartoon party-panda PFP with real panda markings. Minted on Base.,370.gif,Bamboo Lounge,Champagne Haze,Cub,Wink,Headphones,Confetti
371,Party Panda #371,A looping cartoon party-panda PFP with real panda markings. Minted on Base.,371.gif,Moonlight,Champagne Haze,Chubby,Sleepy,Bare head,Confetti
372,Party Panda #372,A looping cartoon party-panda PFP with real panda markings. Minted on Base.,372.gif,Confetti Hall,Disco Pulse,Tuxedo,Spark,Tiny Crown,Confetti
373,Party Panda #373,A looping cartoon party-panda PFP with real panda markings. Minted on Base.,373.gif,Moonlight,Laser Sweep,Dancer,Wink,Tiny Crown,None
374,Party Panda #374,A looping cartoon party-panda PFP with real panda markings. Minted on Base.,374.gif,Confetti Hall,Champagne Haze,Chubby,Wink,Tiny Crown,Balloon
375,Party Panda #375,A looping cartoon party-panda PFP with real panda markings. Minted on Base.,375.gif,Garden Party,Sparkle Burst,Dancer,Wink,Bowtie,Boombox
376,Party Panda #376,A looping cartoon party-panda PFP with real panda markings. Minted on Base.,376.gif,Rooftop Glow,Champagne Haze,Dancer,Wink,Bare head,Sparkler
377,Party Panda #377,A looping cartoon party-panda PFP with real panda markings. Minted on Base.,377.gif,Candy Rave,Disco Pulse,Cub,Spark,Bare head,Confetti
378,Party Panda #378,A looping cartoon party-panda PFP with real panda markings. Minted on Base.,378.gif,Moonlight,Sparkle Burst,Classic,Heart,Lei,Cocktail
379,Party Panda #379,A looping cartoon party-panda PFP with real panda markings. Minted on Base.,379.gif,Rooftop Glow,Champagne Haze,Tuxedo,Wink,Bare head,None
380,Party Panda #380,A looping cartoon party-panda PFP with real panda markings. Minted on Base.,380.gif,Bamboo Lounge,Sparkle Burst,Classic,Sleepy,Bare head,Cocktail
381,Party Panda #381,A looping cartoon party-panda PFP with real panda markings. Minted on Base.,381.gif,Confetti Hall,Sparkle Burst,Cub,Shades,Disco Afro,Confetti
382,Party Panda #382,A looping cartoon party-panda PFP with real panda markings. Minted on Base.,382.gif,Neon Club,Laser Sweep,Chubby,Heart,Disco Afro,None
383,Party Panda #383,A looping cartoon party-panda PFP with real panda markings. Minted on Base.,383.gif,Candy Rave,Laser Sweep,Tuxedo,Blink,Party Hat,None
384,Party Panda #384,A looping cartoon party-panda PFP with real panda markings. Minted on Base.,384.gif,Disco Night,Disco Pulse,Cub,Spark,Lei,None
385,Party Panda #385,A looping cartoon party-panda PFP with real panda markings. Minted on Base.,385.gif,Neon Club,Laser Sweep,Classic,Shades,Tiny Crown,Confetti
386,Party Panda #386,A looping cartoon party-panda PFP with real panda markings. Minted on Base.,386.gif,Moonlight,Champagne Haze,Chubby,Wink,Bare head,None
387,Party Panda #387,A looping cartoon party-panda PFP with real panda markings. Minted on Base.,387.gif,Bamboo Lounge,Sparkle Burst,Peach,Blink,Bowtie,Balloon
388,Party Panda #388,A looping cartoon party-panda PFP with real panda markings. Minted on Base.,388.gif,Moonlight,Disco Pulse,Tuxedo,Sleepy,Disco Afro,Cocktail
389,Party Panda #389,A looping cartoon party-panda PFP with real panda markings. Minted on Base.,389.gif,Rooftop Glow,Sparkle Burst,Tuxedo,Blink,Lei,Cocktail
390,Party Panda #390,A looping cartoon party-panda PFP with real panda markings. Minted on Base.,390.gif,Garden Party,Laser Sweep,Cub,Blink,Disco Afro,Boombox
391,Party Panda #391,A looping cartoon party-panda PFP with real panda markings. Minted on Base.,391.gif,Garden Party,Disco Pulse,Chubby,Spark,Headphones,Confetti
392,Party Panda #392,A looping cartoon party-panda PFP with real panda markings. Minted on Base.,392.gif,Moonlight,Champagne Haze,Peach,Spark,Bare head,Sparkler
393,Party Panda #393,A looping cartoon party-panda PFP with real panda markings. Minted on Base.,393.gif,Neon Club,No glow,Dancer,Spark,Party Hat,Confetti
394,Party Panda #394,A looping cartoon party-panda PFP with real panda markings. Minted on Base.,394.gif,Disco Night,No glow,Chubby,Wink,Lei,Sparkler
395,Party Panda #395,A looping cartoon party-panda PFP with real panda markings. Minted on Base.,395.gif,Rooftop Glow,Sparkle Burst,Dancer,Spark,Tiny Crown,Cocktail
396,Party Panda #396,A looping cartoon party-panda PFP with real panda markings. Minted on Base.,396.gif,Disco Night,Neon Ring,Peach,Blink,Bowtie,Boombox
397,Party Panda #397,A looping cartoon party-panda PFP with real panda markings. Minted on Base.,397.gif,Moonlight,Sparkle Burst,Cub,Sleepy,Party Hat,Balloon
398,Party Panda #398,A looping cartoon party-panda PFP with real panda markings. Minted on Base.,398.gif,Rooftop Glow,Champagne Haze,Dancer,Blink,Tiny Crown,Balloon
399,Party Panda #399,A looping cartoon party-panda PFP with real panda markings. Minted on Base.,399.gif,Disco Night,Laser Sweep,Chubby,Heart,Disco Afro,Balloon
400,Party Panda #400,A looping cartoon party-panda PFP with real panda markings. Minted on Base.,400.gif,Candy Rave,Sparkle Burst,Chubby,Blink,Party Hat,Confetti
401,Party Panda #401,A looping cartoon party-panda PFP with real panda markings. Minted on Base.,401.gif,Moonlight,Laser Sweep,Classic,Blink,Bowtie,Cocktail
402,Party Panda #402,A looping cartoon party-panda PFP with real panda markings. Minted on Base.,402.gif,Rooftop Glow,Sparkle Burst,Chubby,Shades,Party Hat,None
403,Party Panda #403,A looping cartoon party-panda PFP with real panda markings. Minted on Base.,403.gif,Rooftop Glow,Disco Pulse,Chubby,Spark,Headphones,None
404,Party Panda #404,A looping cartoon party-panda PFP with real panda markings. Minted on Base.,404.gif,Confetti Hall,Champagne Haze,Chubby,Wink,Tiny Crown,Confetti
405,Party Panda #405,A looping cartoon party-panda PFP with real panda markings. Minted on Base.,405.gif,Moonlight,Neon Ring,Chubby,Shades,Disco Afro,Cocktail
406,Party Panda #406,A looping cartoon party-panda PFP with real panda markings. Minted on Base.,406.gif,Rooftop Glow,Neon Ring,Cub,Shades,Party Hat,Balloon
407,Party Panda #407,A looping cartoon party-panda PFP with real panda markings. Minted on Base.,407.gif,Bamboo Lounge,Laser Sweep,Chubby,Sleepy,Party Hat,Sparkler
408,Party Panda #408,A looping cartoon party-panda PFP with real panda markings. Minted on Base.,408.gif,Moonlight,Champagne Haze,Dancer,Blink,Bowtie,Confetti
409,Party Panda #409,A looping cartoon party-panda PFP with real panda markings. Minted on Base.,409.gif,Rooftop Glow,Laser Sweep,Cub,Sleepy,Bare head,None
410,Party Panda #410,A looping cartoon party-panda PFP with real panda markings. Minted on Base.,410.gif,Bamboo Lounge,Laser Sweep,Chubby,Wink,Lei,None
411,Party Panda #411,A looping cartoon party-panda PFP with real panda markings. Minted on Base.,411.gif,Neon Club,Champagne Haze,Tuxedo,Shades,Party Hat,None
412,Party Panda #412,A looping cartoon party-panda PFP with real panda markings. Minted on Base.,412.gif,Neon Club,Sparkle Burst,Cub,Heart,Party Hat,Boombox
413,Party Panda #413,A looping cartoon party-panda PFP with real panda markings. Minted on Base.,413.gif,Candy Rave,No glow,Dancer,Heart,Bare head,Confetti
414,Party Panda #414,A looping cartoon party-panda PFP with real panda markings. Minted on Base.,414.gif,Garden Party,Disco Pulse,Dancer,Blink,Headphones,None
415,Party Panda #415,A looping cartoon party-panda PFP with real panda markings. Minted on Base.,415.gif,Garden Party,No glow,Tuxedo,Sleepy,Bare head,None
416,Party Panda #416,A looping cartoon party-panda PFP with real panda markings. Minted on Base.,416.gif,Neon Club,Disco Pulse,Classic,Wink,Bare head,Sparkler
417,Party Panda #417,A looping cartoon party-panda PFP with real panda markings. Minted on Base.,417.gif,Candy Rave,Neon Ring,Chubby,Sleepy,Lei,None
418,Party Panda #418,A looping cartoon party-panda PFP with real panda markings. Minted on Base.,418.gif,Neon Club,Champagne Haze,Tuxedo,Sleepy,Disco Afro,Balloon
419,Party Panda #419,A looping cartoon party-panda PFP with real panda markings. Minted on Base.,419.gif,Confetti Hall,Sparkle Burst,Classic,Sleepy,Party Hat,Confetti
420,Party Panda #420,A looping cartoon party-panda PFP with real panda markings. Minted on Base.,420.gif,Confetti Hall,No glow,Tuxedo,Shades,Lei,Balloon
421,Party Panda #421,A looping cartoon party-panda PFP with real panda markings. Minted on Base.,421.gif,Garden Party,No glow,Tuxedo,Spark,Lei,Balloon
422,Party Panda #422,A looping cartoon party-panda PFP with real panda markings. Minted on Base.,422.gif,Neon Club,No glow,Peach,Heart,Tiny Crown,Balloon
423,Party Panda #423,A looping cartoon party-panda PFP with real panda markings. Minted on Base.,423.gif,Candy Rave,Champagne Haze,Tuxedo,Sleepy,Party Hat,None
424,Party Panda #424,A looping cartoon party-panda PFP with real panda markings. Minted on Base.,424.gif,Neon Club,Laser Sweep,Peach,Heart,Tiny Crown,Confetti
425,Party Panda #425,A looping cartoon party-panda PFP with real panda markings. Minted on Base.,425.gif,Bamboo Lounge,No glow,Dancer,Blink,Party Hat,Confetti
426,Party Panda #426,A looping cartoon party-panda PFP with real panda markings. Minted on Base.,426.gif,Moonlight,Sparkle Burst,Cub,Blink,Disco Afro,Boombox
427,Party Panda #427,A looping cartoon party-panda PFP with real panda markings. Minted on Base.,427.gif,Bamboo Lounge,Disco Pulse,Cub,Sleepy,Bare head,Cocktail
428,Party Panda #428,A looping cartoon party-panda PFP with real panda markings. Minted on Base.,428.gif,Garden Party,Laser Sweep,Chubby,Shades,Party Hat,Balloon
429,Party Panda #429,A looping cartoon party-panda PFP with real panda markings. Minted on Base.,429.gif,Bamboo Lounge,No glow,Tuxedo,Wink,Bowtie,Balloon
430,Party Panda #430,A looping cartoon party-panda PFP with real panda markings. Minted on Base.,430.gif,Neon Club,Sparkle Burst,Classic,Spark,Headphones,Boombox
431,Party Panda #431,A looping cartoon party-panda PFP with real panda markings. Minted on Base.,431.gif,Confetti Hall,Sparkle Burst,Chubby,Shades,Party Hat,None
432,Party Panda #432,A looping cartoon party-panda PFP with real panda markings. Minted on Base.,432.gif,Candy Rave,Champagne Haze,Classic,Heart,Lei,Balloon
433,Party Panda #433,A looping cartoon party-panda PFP with real panda markings. Minted on Base.,433.gif,Neon Club,Sparkle Burst,Tuxedo,Shades,Tiny Crown,None
434,Party Panda #434,A looping cartoon party-panda PFP with real panda markings. Minted on Base.,434.gif,Neon Club,Champagne Haze,Dancer,Shades,Tiny Crown,Cocktail
435,Party Panda #435,A looping cartoon party-panda PFP with real panda markings. Minted on Base.,435.gif,Rooftop Glow,Sparkle Burst,Chubby,Wink,Bare head,Cocktail
436,Party Panda #436,A looping cartoon party-panda PFP with real panda markings. Minted on Base.,436.gif,Disco Night,Laser Sweep,Dancer,Spark,Party Hat,Confetti
437,Party Panda #437,A looping cartoon party-panda PFP with real panda markings. Minted on Base.,437.gif,Rooftop Glow,Sparkle Burst,Chubby,Sleepy,Bowtie,Balloon
438,Party Panda #438,A looping cartoon party-panda PFP with real panda markings. Minted on Base.,438.gif,Bamboo Lounge,No glow,Classic,Heart,Party Hat,Balloon
439,Party Panda #439,A looping cartoon party-panda PFP with real panda markings. Minted on Base.,439.gif,Candy Rave,Champagne Haze,Cub,Sleepy,Bare head,Cocktail
440,Party Panda #440,A looping cartoon party-panda PFP with real panda markings. Minted on Base.,440.gif,Garden Party,Laser Sweep,Cub,Wink,Bowtie,None
441,Party Panda #441,A looping cartoon party-panda PFP with real panda markings. Minted on Base.,441.gif,Neon Club,Champagne Haze,Dancer,Heart,Headphones,Sparkler
442,Party Panda #442,A looping cartoon party-panda PFP with real panda markings. Minted on Base.,442.gif,Candy Rave,No glow,Chubby,Shades,Bowtie,Cocktail
443,Party Panda #443,A looping cartoon party-panda PFP with real panda markings. Minted on Base.,443.gif,Garden Party,Neon Ring,Peach,Heart,Tiny Crown,Cocktail
444,Party Panda #444,A looping cartoon party-panda PFP with real panda markings. Minted on Base.,444.gif,Disco Night,Champagne Haze,Chubby,Wink,Tiny Crown,None
445,Party Panda #445,A looping cartoon party-panda PFP with real panda markings. Minted on Base.,445.gif,Moonlight,Laser Sweep,Tuxedo,Heart,Headphones,Boombox
446,Party Panda #446,A looping cartoon party-panda PFP with real panda markings. Minted on Base.,446.gif,Rooftop Glow,Sparkle Burst,Tuxedo,Blink,Tiny Crown,Confetti
447,Party Panda #447,A looping cartoon party-panda PFP with real panda markings. Minted on Base.,447.gif,Neon Club,Disco Pulse,Tuxedo,Spark,Bare head,Confetti
448,Party Panda #448,A looping cartoon party-panda PFP with real panda markings. Minted on Base.,448.gif,Garden Party,Disco Pulse,Classic,Sleepy,Tiny Crown,Sparkler
449,Party Panda #449,A looping cartoon party-panda PFP with real panda markings. Minted on Base.,449.gif,Disco Night,Sparkle Burst,Chubby,Shades,Bare head,Confetti
450,Party Panda #450,A looping cartoon party-panda PFP with real panda markings. Minted on Base.,450.gif,Moonlight,Champagne Haze,Classic,Spark,Bowtie,None
451,Party Panda #451,A looping cartoon party-panda PFP with real panda markings. Minted on Base.,451.gif,Rooftop Glow,Neon Ring,Dancer,Shades,Lei,None
452,Party Panda #452,A looping cartoon party-panda PFP with real panda markings. Minted on Base.,452.gif,Moonlight,Disco Pulse,Chubby,Spark,Bare head,Boombox
453,Party Panda #453,A looping cartoon party-panda PFP with real panda markings. Minted on Base.,453.gif,Rooftop Glow,Sparkle Burst,Classic,Sleepy,Headphones,Boombox
454,Party Panda #454,A looping cartoon party-panda PFP with real panda markings. Minted on Base.,454.gif,Neon Club,Neon Ring,Dancer,Sleepy,Tiny Crown,Balloon
455,Party Panda #455,A looping cartoon party-panda PFP with real panda markings. Minted on Base.,455.gif,Neon Club,Sparkle Burst,Chubby,Heart,Party Hat,Balloon
456,Party Panda #456,A looping cartoon party-panda PFP with real panda markings. Minted on Base.,456.gif,Disco Night,Laser Sweep,Tuxedo,Shades,Bare head,Balloon
457,Party Panda #457,A looping cartoon party-panda PFP with real panda markings. Minted on Base.,457.gif,Moonlight,Sparkle Burst,Tuxedo,Blink,Tiny Crown,Confetti
458,Party Panda #458,A looping cartoon party-panda PFP with real panda markings. Minted on Base.,458.gif,Neon Club,Champagne Haze,Cub,Blink,Bare head,Boombox
459,Party Panda #459,A looping cartoon party-panda PFP with real panda markings. Minted on Base.,459.gif,Neon Club,Disco Pulse,Classic,Blink,Headphones,Boombox
460,Party Panda #460,A looping cartoon party-panda PFP with real panda markings. Minted on Base.,460.gif,Moonlight,No glow,Tuxedo,Blink,Disco Afro,None
461,Party Panda #461,A looping cartoon party-panda PFP with real panda markings. Minted on Base.,461.gif,Bamboo Lounge,Disco Pulse,Dancer,Heart,Bowtie,Sparkler
462,Party Panda #462,A looping cartoon party-panda PFP with real panda markings. Minted on Base.,462.gif,Candy Rave,Disco Pulse,Classic,Blink,Headphones,Cocktail
463,Party Panda #463,A looping cartoon party-panda PFP with real panda markings. Minted on Base.,463.gif,Confetti Hall,Laser Sweep,Cub,Sleepy,Headphones,Sparkler
464,Party Panda #464,A looping cartoon party-panda PFP with real panda markings. Minted on Base.,464.gif,Candy Rave,Disco Pulse,Dancer,Shades,Bowtie,Confetti
465,Party Panda #465,A looping cartoon party-panda PFP with real panda markings. Minted on Base.,465.gif,Garden Party,Disco Pulse,Chubby,Heart,Disco Afro,Confetti
466,Party Panda #466,A looping cartoon party-panda PFP with real panda markings. Minted on Base.,466.gif,Moonlight,Disco Pulse,Dancer,Sleepy,Headphones,None
467,Party Panda #467,A looping cartoon party-panda PFP with real panda markings. Minted on Base.,467.gif,Bamboo Lounge,Champagne Haze,Cub,Blink,Party Hat,None
468,Party Panda #468,A looping cartoon party-panda PFP with real panda markings. Minted on Base.,468.gif,Moonlight,Champagne Haze,Cub,Shades,Party Hat,Balloon
469,Party Panda #469,A looping cartoon party-panda PFP with real panda markings. Minted on Base.,469.gif,Rooftop Glow,Neon Ring,Chubby,Spark,Headphones,Cocktail
470,Party Panda #470,A looping cartoon party-panda PFP with real panda markings. Minted on Base.,470.gif,Moonlight,Disco Pulse,Dancer,Shades,Bare head,Cocktail
471,Party Panda #471,A looping cartoon party-panda PFP with real panda markings. Minted on Base.,471.gif,Disco Night,Disco Pulse,Chubby,Blink,Bowtie,Cocktail
472,Party Panda #472,A looping cartoon party-panda PFP with real panda markings. Minted on Base.,472.gif,Rooftop Glow,Laser Sweep,Chubby,Shades,Bowtie,Boombox
473,Party Panda #473,A looping cartoon party-panda PFP with real panda markings. Minted on Base.,473.gif,Bamboo Lounge,Champagne Haze,Chubby,Wink,Tiny Crown,Balloon
474,Party Panda #474,A looping cartoon party-panda PFP with real panda markings. Minted on Base.,474.gif,Confetti Hall,Champagne Haze,Chubby,Blink,Bowtie,Balloon
475,Party Panda #475,A looping cartoon party-panda PFP with real panda markings. Minted on Base.,475.gif,Bamboo Lounge,Laser Sweep,Classic,Blink,Bare head,Cocktail
476,Party Panda #476,A looping cartoon party-panda PFP with real panda markings. Minted on Base.,476.gif,Neon Club,Sparkle Burst,Chubby,Blink,Tiny Crown,None
477,Party Panda #477,A looping cartoon party-panda PFP with real panda markings. Minted on Base.,477.gif,Garden Party,Champagne Haze,Classic,Shades,Bowtie,Cocktail
478,Party Panda #478,A looping cartoon party-panda PFP with real panda markings. Minted on Base.,478.gif,Candy Rave,Laser Sweep,Tuxedo,Blink,Headphones,Cocktail
479,Party Panda #479,A looping cartoon party-panda PFP with real panda markings. Minted on Base.,479.gif,Disco Night,Champagne Haze,Classic,Heart,Disco Afro,Confetti
480,Party Panda #480,A looping cartoon party-panda PFP with real panda markings. Minted on Base.,480.gif,Confetti Hall,No glow,Cub,Blink,Bowtie,Balloon
481,Party Panda #481,A looping cartoon party-panda PFP with real panda markings. Minted on Base.,481.gif,Confetti Hall,Champagne Haze,Chubby,Shades,Party Hat,Balloon
482,Party Panda #482,A looping cartoon party-panda PFP with real panda markings. Minted on Base.,482.gif,Neon Club,Disco Pulse,Cub,Shades,Party Hat,None
483,Party Panda #483,A looping cartoon party-panda PFP with real panda markings. Minted on Base.,483.gif,Moonlight,Laser Sweep,Chubby,Heart,Headphones,Confetti
484,Party Panda #484,A looping cartoon party-panda PFP with real panda markings. Minted on Base.,484.gif,Candy Rave,Laser Sweep,Classic,Spark,Bare head,None
485,Party Panda #485,A looping cartoon party-panda PFP with real panda markings. Minted on Base.,485.gif,Moonlight,Disco Pulse,Chubby,Blink,Lei,Balloon
486,Party Panda #486,A looping cartoon party-panda PFP with real panda markings. Minted on Base.,486.gif,Bamboo Lounge,Disco Pulse,Chubby,Sleepy,Tiny Crown,Sparkler
487,Party Panda #487,A looping cartoon party-panda PFP with real panda markings. Minted on Base.,487.gif,Rooftop Glow,No glow,Peach,Shades,Bare head,Sparkler
488,Party Panda #488,A looping cartoon party-panda PFP with real panda markings. Minted on Base.,488.gif,Moonlight,Sparkle Burst,Classic,Spark,Party Hat,None
489,Party Panda #489,A looping cartoon party-panda PFP with real panda markings. Minted on Base.,489.gif,Rooftop Glow,Disco Pulse,Tuxedo,Shades,Disco Afro,Balloon
490,Party Panda #490,A looping cartoon party-panda PFP with real panda markings. Minted on Base.,490.gif,Candy Rave,Laser Sweep,Tuxedo,Shades,Tiny Crown,None
491,Party Panda #491,A looping cartoon party-panda PFP with real panda markings. Minted on Base.,491.gif,Candy Rave,Laser Sweep,Cub,Blink,Tiny Crown,Balloon
492,Party Panda #492,A looping cartoon party-panda PFP with real panda markings. Minted on Base.,492.gif,Disco Night,Disco Pulse,Dancer,Spark,Bare head,Cocktail
493,Party Panda #493,A looping cartoon party-panda PFP with real panda markings. Minted on Base.,493.gif,Garden Party,Sparkle Burst,Peach,Blink,Headphones,Cocktail
494,Party Panda #494,A looping cartoon party-panda PFP with real panda markings. Minted on Base.,494.gif,Neon Club,Champagne Haze,Chubby,Wink,Lei,Cocktail
495,Party Panda #495,A looping cartoon party-panda PFP with real panda markings. Minted on Base.,495.gif,Neon Club,No glow,Classic,Spark,Lei,Sparkler
496,Party Panda #496,A looping cartoon party-panda PFP with real panda markings. Minted on Base.,496.gif,Candy Rave,Disco Pulse,Dancer,Blink,Lei,Confetti
497,Party Panda #497,A looping cartoon party-panda PFP with real panda markings. Minted on Base.,497.gif,Garden Party,Sparkle Burst,Dancer,Blink,Tiny Crown,None
498,Party Panda #498,A looping cartoon party-panda PFP with real panda markings. Minted on Base.,498.gif,Garden Party,No glow,Tuxedo,Wink,Headphones,None
499,Party Panda #499,A looping cartoon party-panda PFP with real panda markings. Minted on Base.,499.gif,Rooftop Glow,Neon Ring,Dancer,Spark,Headphones,Balloon
500,Party Panda #500,A looping cartoon party-panda PFP with real panda markings. Minted on Base.,500.gif,Rooftop Glow,Neon Ring,Chubby,Wink,Headphones,Confetti
501,Party Panda #501,A looping cartoon party-panda PFP with real panda markings. Minted on Base.,501.gif,Confetti Hall,No glow,Peach,Shades,Bare head,None
502,Party Panda #502,A looping cartoon party-panda PFP with real panda markings. Minted on Base.,502.gif,Neon Club,Sparkle Burst,Cub,Sleepy,Lei,None
503,Party Panda #503,A looping cartoon party-panda PFP with real panda markings. Minted on Base.,503.gif,Neon Club,Champagne Haze,Cub,Blink,Bowtie,Confetti
504,Party Panda #504,A looping cartoon party-panda PFP with real panda markings. Minted on Base.,504.gif,Neon Club,Disco Pulse,Classic,Heart,Bowtie,Balloon
505,Party Panda #505,A looping cartoon party-panda PFP with real panda markings. Minted on Base.,505.gif,Garden Party,Champagne Haze,Cub,Sleepy,Lei,None
506,Party Panda #506,A looping cartoon party-panda PFP with real panda markings. Minted on Base.,506.gif,Garden Party,Neon Ring,Tuxedo,Blink,Bare head,None
507,Party Panda #507,A looping cartoon party-panda PFP with real panda markings. Minted on Base.,507.gif,Neon Club,Sparkle Burst,Dancer,Spark,Disco Afro,Boombox
508,Party Panda #508,A looping cartoon party-panda PFP with real panda markings. Minted on Base.,508.gif,Rooftop Glow,Champagne Haze,Dancer,Heart,Headphones,Balloon
509,Party Panda #509,A looping cartoon party-panda PFP with real panda markings. Minted on Base.,509.gif,Moonlight,No glow,Cub,Shades,Lei,Confetti
510,Party Panda #510,A looping cartoon party-panda PFP with real panda markings. Minted on Base.,510.gif,Garden Party,No glow,Chubby,Spark,Disco Afro,Balloon
511,Party Panda #511,A looping cartoon party-panda PFP with real panda markings. Minted on Base.,511.gif,Rooftop Glow,Laser Sweep,Classic,Wink,Headphones,Cocktail
512,Party Panda #512,A looping cartoon party-panda PFP with real panda markings. Minted on Base.,512.gif,Rooftop Glow,No glow,Tuxedo,Heart,Disco Afro,None
513,Party Panda #513,A looping cartoon party-panda PFP with real panda markings. Minted on Base.,513.gif,Disco Night,No glow,Classic,Blink,Disco Afro,None
514,Party Panda #514,A looping cartoon party-panda PFP with real panda markings. Minted on Base.,514.gif,Neon Club,No glow,Classic,Shades,Bowtie,Sparkler
515,Party Panda #515,A looping cartoon party-panda PFP with real panda markings. Minted on Base.,515.gif,Disco Night,Disco Pulse,Classic,Blink,Lei,None
516,Party Panda #516,A looping cartoon party-panda PFP with real panda markings. Minted on Base.,516.gif,Garden Party,Champagne Haze,Dancer,Spark,Headphones,None
517,Party Panda #517,A looping cartoon party-panda PFP with real panda markings. Minted on Base.,517.gif,Bamboo Lounge,Disco Pulse,Tuxedo,Sleepy,Bare head,Sparkler
518,Party Panda #518,A looping cartoon party-panda PFP with real panda markings. Minted on Base.,518.gif,Neon Club,No glow,Classic,Blink,Tiny Crown,Cocktail
519,Party Panda #519,A looping cartoon party-panda PFP with real panda markings. Minted on Base.,519.gif,Garden Party,No glow,Cub,Blink,Headphones,Confetti
520,Party Panda #520,A looping cartoon party-panda PFP with real panda markings. Minted on Base.,520.gif,Neon Club,Champagne Haze,Tuxedo,Wink,Headphones,Balloon
521,Party Panda #521,A looping cartoon party-panda PFP with real panda markings. Minted on Base.,521.gif,Disco Night,No glow,Chubby,Wink,Party Hat,Balloon
522,Party Panda #522,A looping cartoon party-panda PFP with real panda markings. Minted on Base.,522.gif,Disco Night,Sparkle Burst,Tuxedo,Wink,Lei,Boombox
523,Party Panda #523,A looping cartoon party-panda PFP with real panda markings. Minted on Base.,523.gif,Moonlight,Neon Ring,Peach,Shades,Bowtie,Balloon
524,Party Panda #524,A looping cartoon party-panda PFP with real panda markings. Minted on Base.,524.gif,Rooftop Glow,Neon Ring,Chubby,Sleepy,Headphones,Confetti
525,Party Panda #525,A looping cartoon party-panda PFP with real panda markings. Minted on Base.,525.gif,Moonlight,Disco Pulse,Cub,Heart,Bowtie,Balloon
526,Party Panda #526,A looping cartoon party-panda PFP with real panda markings. Minted on Base.,526.gif,Candy Rave,Neon Ring,Chubby,Blink,Party Hat,None
527,Party Panda #527,A looping cartoon party-panda PFP with real panda markings. Minted on Base.,527.gif,Rooftop Glow,Neon Ring,Peach,Blink,Bowtie,Cocktail
528,Party Panda #528,A looping cartoon party-panda PFP with real panda markings. Minted on Base.,528.gif,Candy Rave,Neon Ring,Peach,Blink,Tiny Crown,None
529,Party Panda #529,A looping cartoon party-panda PFP with real panda markings. Minted on Base.,529.gif,Moonlight,Sparkle Burst,Dancer,Sleepy,Tiny Crown,Confetti
530,Party Panda #530,A looping cartoon party-panda PFP with real panda markings. Minted on Base.,530.gif,Rooftop Glow,Neon Ring,Chubby,Heart,Bare head,Confetti
531,Party Panda #531,A looping cartoon party-panda PFP with real panda markings. Minted on Base.,531.gif,Neon Club,Champagne Haze,Peach,Sleepy,Disco Afro,None
532,Party Panda #532,A looping cartoon party-panda PFP with real panda markings. Minted on Base.,532.gif,Disco Night,Disco Pulse,Peach,Blink,Bare head,Sparkler
533,Party Panda #533,A looping cartoon party-panda PFP with real panda markings. Minted on Base.,533.gif,Rooftop Glow,No glow,Tuxedo,Shades,Headphones,Confetti
534,Party Panda #534,A looping cartoon party-panda PFP with real panda markings. Minted on Base.,534.gif,Moonlight,Champagne Haze,Peach,Spark,Bowtie,Balloon
535,Party Panda #535,A looping cartoon party-panda PFP with real panda markings. Minted on Base.,535.gif,Candy Rave,Sparkle Burst,Peach,Heart,Party Hat,None
536,Party Panda #536,A looping cartoon party-panda PFP with real panda markings. Minted on Base.,536.gif,Disco Night,No glow,Tuxedo,Shades,Party Hat,Balloon
537,Party Panda #537,A looping cartoon party-panda PFP with real panda markings. Minted on Base.,537.gif,Neon Club,Neon Ring,Cub,Blink,Party Hat,None
538,Party Panda #538,A looping cartoon party-panda PFP with real panda markings. Minted on Base.,538.gif,Garden Party,Neon Ring,Cub,Sleepy,Bowtie,Boombox
539,Party Panda #539,A looping cartoon party-panda PFP with real panda markings. Minted on Base.,539.gif,Bamboo Lounge,Neon Ring,Cub,Wink,Lei,Boombox
540,Party Panda #540,A looping cartoon party-panda PFP with real panda markings. Minted on Base.,540.gif,Neon Club,Disco Pulse,Classic,Sleepy,Headphones,Confetti
541,Party Panda #541,A looping cartoon party-panda PFP with real panda markings. Minted on Base.,541.gif,Candy Rave,Neon Ring,Tuxedo,Heart,Bare head,Cocktail
542,Party Panda #542,A looping cartoon party-panda PFP with real panda markings. Minted on Base.,542.gif,Moonlight,Disco Pulse,Classic,Wink,Tiny Crown,Cocktail
543,Party Panda #543,A looping cartoon party-panda PFP with real panda markings. Minted on Base.,543.gif,Candy Rave,Champagne Haze,Chubby,Heart,Lei,Cocktail
544,Party Panda #544,A looping cartoon party-panda PFP with real panda markings. Minted on Base.,544.gif,Confetti Hall,Disco Pulse,Classic,Blink,Tiny Crown,Cocktail
545,Party Panda #545,A looping cartoon party-panda PFP with real panda markings. Minted on Base.,545.gif,Moonlight,No glow,Chubby,Wink,Lei,Boombox
546,Party Panda #546,A looping cartoon party-panda PFP with real panda markings. Minted on Base.,546.gif,Moonlight,Neon Ring,Tuxedo,Spark,Party Hat,Balloon
547,Party Panda #547,A looping cartoon party-panda PFP with real panda markings. Minted on Base.,547.gif,Confetti Hall,No glow,Peach,Spark,Bare head,None
548,Party Panda #548,A looping cartoon party-panda PFP with real panda markings. Minted on Base.,548.gif,Bamboo Lounge,Neon Ring,Tuxedo,Sleepy,Party Hat,Balloon
549,Party Panda #549,A looping cartoon party-panda PFP with real panda markings. Minted on Base.,549.gif,Garden Party,Neon Ring,Peach,Wink,Bare head,Balloon
550,Party Panda #550,A looping cartoon party-panda PFP with real panda markings. Minted on Base.,550.gif,Candy Rave,Champagne Haze,Chubby,Spark,Headphones,Confetti
551,Party Panda #551,A looping cartoon party-panda PFP with real panda markings. Minted on Base.,551.gif,Moonlight,Sparkle Burst,Classic,Spark,Bare head,Balloon
552,Party Panda #552,A looping cartoon party-panda PFP with real panda markings. Minted on Base.,552.gif,Moonlight,Champagne Haze,Tuxedo,Shades,Bare head,Balloon
553,Party Panda #553,A looping cartoon party-panda PFP with real panda markings. Minted on Base.,553.gif,Rooftop Glow,Champagne Haze,Chubby,Heart,Bare head,Boombox
554,Party Panda #554,A looping cartoon party-panda PFP with real panda markings. Minted on Base.,554.gif,Candy Rave,No glow,Dancer,Sleepy,Headphones,Sparkler
555,Party Panda #555,A looping cartoon party-panda PFP with real panda markings. Minted on Base.,555.gif,Moonlight,No glow,Chubby,Wink,Headphones,None
556,Party Panda #556,A looping cartoon party-panda PFP with real panda markings. Minted on Base.,556.gif,Rooftop Glow,No glow,Tuxedo,Blink,Bowtie,Cocktail
557,Party Panda #557,A looping cartoon party-panda PFP with real panda markings. Minted on Base.,557.gif,Neon Club,Sparkle Burst,Cub,Wink,Headphones,Cocktail
558,Party Panda #558,A looping cartoon party-panda PFP with real panda markings. Minted on Base.,558.gif,Rooftop Glow,Disco Pulse,Peach,Heart,Bare head,Confetti
559,Party Panda #559,A looping cartoon party-panda PFP with real panda markings. Minted on Base.,559.gif,Bamboo Lounge,No glow,Chubby,Blink,Bare head,Boombox
560,Party Panda #560,A looping cartoon party-panda PFP with real panda markings. Minted on Base.,560.gif,Moonlight,Laser Sweep,Dancer,Spark,Bare head,None
561,Party Panda #561,A looping cartoon party-panda PFP with real panda markings. Minted on Base.,561.gif,Rooftop Glow,Laser Sweep,Dancer,Blink,Tiny Crown,Sparkler
562,Party Panda #562,A looping cartoon party-panda PFP with real panda markings. Minted on Base.,562.gif,Neon Club,Disco Pulse,Cub,Blink,Bare head,Sparkler
563,Party Panda #563,A looping cartoon party-panda PFP with real panda markings. Minted on Base.,563.gif,Neon Club,Disco Pulse,Peach,Shades,Lei,None
564,Party Panda #564,A looping cartoon party-panda PFP with real panda markings. Minted on Base.,564.gif,Confetti Hall,Laser Sweep,Tuxedo,Wink,Bare head,Cocktail
565,Party Panda #565,A looping cartoon party-panda PFP with real panda markings. Minted on Base.,565.gif,Moonlight,Sparkle Burst,Tuxedo,Blink,Party Hat,Balloon
566,Party Panda #566,A looping cartoon party-panda PFP with real panda markings. Minted on Base.,566.gif,Bamboo Lounge,Neon Ring,Tuxedo,Sleepy,Headphones,Cocktail
567,Party Panda #567,A looping cartoon party-panda PFP with real panda markings. Minted on Base.,567.gif,Rooftop Glow,Disco Pulse,Cub,Heart,Lei,Cocktail
568,Party Panda #568,A looping cartoon party-panda PFP with real panda markings. Minted on Base.,568.gif,Moonlight,Champagne Haze,Cub,Wink,Party Hat,Cocktail
569,Party Panda #569,A looping cartoon party-panda PFP with real panda markings. Minted on Base.,569.gif,Moonlight,No glow,Chubby,Sleepy,Headphones,Confetti
570,Party Panda #570,A looping cartoon party-panda PFP with real panda markings. Minted on Base.,570.gif,Disco Night,Laser Sweep,Dancer,Blink,Bowtie,Confetti
571,Party Panda #571,A looping cartoon party-panda PFP with real panda markings. Minted on Base.,571.gif,Disco Night,No glow,Chubby,Blink,Bare head,Boombox
572,Party Panda #572,A looping cartoon party-panda PFP with real panda markings. Minted on Base.,572.gif,Neon Club,Neon Ring,Tuxedo,Sleepy,Headphones,Sparkler
573,Party Panda #573,A looping cartoon party-panda PFP with real panda markings. Minted on Base.,573.gif,Neon Club,No glow,Tuxedo,Shades,Bare head,Boombox
574,Party Panda #574,A looping cartoon party-panda PFP with real panda markings. Minted on Base.,574.gif,Rooftop Glow,No glow,Chubby,Wink,Disco Afro,Confetti
575,Party Panda #575,A looping cartoon party-panda PFP with real panda markings. Minted on Base.,575.gif,Bamboo Lounge,Laser Sweep,Classic,Heart,Party Hat,Cocktail
576,Party Panda #576,A looping cartoon party-panda PFP with real panda markings. Minted on Base.,576.gif,Rooftop Glow,No glow,Classic,Blink,Bowtie,Balloon
577,Party Panda #577,A looping cartoon party-panda PFP with real panda markings. Minted on Base.,577.gif,Candy Rave,No glow,Peach,Blink,Bare head,Sparkler
578,Party Panda #578,A looping cartoon party-panda PFP with real panda markings. Minted on Base.,578.gif,Garden Party,No glow,Cub,Spark,Tiny Crown,None
579,Party Panda #579,A looping cartoon party-panda PFP with real panda markings. Minted on Base.,579.gif,Candy Rave,Sparkle Burst,Classic,Heart,Headphones,Sparkler
580,Party Panda #580,A looping cartoon party-panda PFP with real panda markings. Minted on Base.,580.gif,Neon Club,Neon Ring,Classic,Shades,Bowtie,Sparkler
581,Party Panda #581,A looping cartoon party-panda PFP with real panda markings. Minted on Base.,581.gif,Candy Rave,Neon Ring,Classic,Heart,Bowtie,Cocktail
582,Party Panda #582,A looping cartoon party-panda PFP with real panda markings. Minted on Base.,582.gif,Moonlight,Laser Sweep,Cub,Spark,Party Hat,Boombox
583,Party Panda #583,A looping cartoon party-panda PFP with real panda markings. Minted on Base.,583.gif,Rooftop Glow,No glow,Dancer,Heart,Headphones,Cocktail
584,Party Panda #584,A looping cartoon party-panda PFP with real panda markings. Minted on Base.,584.gif,Neon Club,No glow,Tuxedo,Sleepy,Tiny Crown,Sparkler
585,Party Panda #585,A looping cartoon party-panda PFP with real panda markings. Minted on Base.,585.gif,Garden Party,Disco Pulse,Cub,Heart,Bare head,None
586,Party Panda #586,A looping cartoon party-panda PFP with real panda markings. Minted on Base.,586.gif,Neon Club,Neon Ring,Peach,Sleepy,Bowtie,None
587,Party Panda #587,A looping cartoon party-panda PFP with real panda markings. Minted on Base.,587.gif,Garden Party,Disco Pulse,Classic,Heart,Lei,Cocktail
588,Party Panda #588,A looping cartoon party-panda PFP with real panda markings. Minted on Base.,588.gif,Rooftop Glow,Laser Sweep,Chubby,Heart,Tiny Crown,None
589,Party Panda #589,A looping cartoon party-panda PFP with real panda markings. Minted on Base.,589.gif,Candy Rave,Laser Sweep,Chubby,Spark,Bare head,Cocktail
590,Party Panda #590,A looping cartoon party-panda PFP with real panda markings. Minted on Base.,590.gif,Moonlight,No glow,Classic,Spark,Bare head,None
591,Party Panda #591,A looping cartoon party-panda PFP with real panda markings. Minted on Base.,591.gif,Moonlight,Neon Ring,Cub,Wink,Party Hat,Sparkler
592,Party Panda #592,A looping cartoon party-panda PFP with real panda markings. Minted on Base.,592.gif,Rooftop Glow,Neon Ring,Peach,Wink,Disco Afro,Cocktail
593,Party Panda #593,A looping cartoon party-panda PFP with real panda markings. Minted on Base.,593.gif,Disco Night,Sparkle Burst,Dancer,Spark,Disco Afro,Confetti
594,Party Panda #594,A looping cartoon party-panda PFP with real panda markings. Minted on Base.,594.gif,Moonlight,Champagne Haze,Chubby,Sleepy,Headphones,Confetti
595,Party Panda #595,A looping cartoon party-panda PFP with real panda markings. Minted on Base.,595.gif,Neon Club,Laser Sweep,Chubby,Sleepy,Bare head,Sparkler
596,Party Panda #596,A looping cartoon party-panda PFP with real panda markings. Minted on Base.,596.gif,Candy Rave,No glow,Tuxedo,Blink,Bare head,Cocktail
597,Party Panda #597,A looping cartoon party-panda PFP with real panda markings. Minted on Base.,597.gif,Moonlight,Sparkle Burst,Peach,Heart,Bare head,Cocktail
598,Party Panda #598,A looping cartoon party-panda PFP with real panda markings. Minted on Base.,598.gif,Candy Rave,No glow,Peach,Blink,Tiny Crown,Confetti
599,Party Panda #599,A looping cartoon party-panda PFP with real panda markings. Minted on Base.,599.gif,Candy Rave,Sparkle Burst,Cub,Blink,Disco Afro,Balloon
600,Party Panda #600,A looping cartoon party-panda PFP with real panda markings. Minted on Base.,600.gif,Confetti Hall,Champagne Haze,Chubby,Wink,Bowtie,None
601,Party Panda #601,A looping cartoon party-panda PFP with real panda markings. Minted on Base.,601.gif,Neon Club,Sparkle Burst,Tuxedo,Blink,Tiny Crown,Balloon
602,Party Panda #602,A looping cartoon party-panda PFP with real panda markings. Minted on Base.,602.gif,Rooftop Glow,No glow,Dancer,Wink,Disco Afro,Cocktail
603,Party Panda #603,A looping cartoon party-panda PFP with real panda markings. Minted on Base.,603.gif,Neon Club,No glow,Dancer,Shades,Bare head,Sparkler
604,Party Panda #604,A looping cartoon party-panda PFP with real panda markings. Minted on Base.,604.gif,Moonlight,No glow,Cub,Blink,Bowtie,Confetti
605,Party Panda #605,A looping cartoon party-panda PFP with real panda markings. Minted on Base.,605.gif,Disco Night,Champagne Haze,Cub,Heart,Party Hat,Confetti
606,Party Panda #606,A looping cartoon party-panda PFP with real panda markings. Minted on Base.,606.gif,Moonlight,Sparkle Burst,Dancer,Heart,Bowtie,Boombox
607,Party Panda #607,A looping cartoon party-panda PFP with real panda markings. Minted on Base.,607.gif,Candy Rave,Champagne Haze,Chubby,Spark,Tiny Crown,Boombox
608,Party Panda #608,A looping cartoon party-panda PFP with real panda markings. Minted on Base.,608.gif,Candy Rave,Disco Pulse,Tuxedo,Heart,Bare head,Balloon
609,Party Panda #609,A looping cartoon party-panda PFP with real panda markings. Minted on Base.,609.gif,Disco Night,Champagne Haze,Classic,Heart,Headphones,Confetti
610,Party Panda #610,A looping cartoon party-panda PFP with real panda markings. Minted on Base.,610.gif,Confetti Hall,Disco Pulse,Tuxedo,Shades,Party Hat,None
611,Party Panda #611,A looping cartoon party-panda PFP with real panda markings. Minted on Base.,611.gif,Garden Party,Disco Pulse,Cub,Heart,Disco Afro,Balloon
612,Party Panda #612,A looping cartoon party-panda PFP with real panda markings. Minted on Base.,612.gif,Neon Club,Disco Pulse,Peach,Sleepy,Bare head,None
613,Party Panda #613,A looping cartoon party-panda PFP with real panda markings. Minted on Base.,613.gif,Moonlight,Sparkle Burst,Cub,Sleepy,Bowtie,None
614,Party Panda #614,A looping cartoon party-panda PFP with real panda markings. Minted on Base.,614.gif,Confetti Hall,Disco Pulse,Classic,Heart,Headphones,Confetti
615,Party Panda #615,A looping cartoon party-panda PFP with real panda markings. Minted on Base.,615.gif,Neon Club,Disco Pulse,Dancer,Heart,Lei,None
616,Party Panda #616,A looping cartoon party-panda PFP with real panda markings. Minted on Base.,616.gif,Neon Club,Neon Ring,Classic,Wink,Party Hat,Boombox
617,Party Panda #617,A looping cartoon party-panda PFP with real panda markings. Minted on Base.,617.gif,Confetti Hall,Neon Ring,Cub,Blink,Party Hat,None
618,Party Panda #618,A looping cartoon party-panda PFP with real panda markings. Minted on Base.,618.gif,Candy Rave,Neon Ring,Dancer,Spark,Disco Afro,None
619,Party Panda #619,A looping cartoon party-panda PFP with real panda markings. Minted on Base.,619.gif,Moonlight,Sparkle Burst,Cub,Shades,Party Hat,Cocktail
620,Party Panda #620,A looping cartoon party-panda PFP with real panda markings. Minted on Base.,620.gif,Rooftop Glow,Neon Ring,Classic,Heart,Bowtie,Sparkler
621,Party Panda #621,A looping cartoon party-panda PFP with real panda markings. Minted on Base.,621.gif,Moonlight,No glow,Dancer,Shades,Bare head,Cocktail
622,Party Panda #622,A looping cartoon party-panda PFP with real panda markings. Minted on Base.,622.gif,Rooftop Glow,Disco Pulse,Dancer,Blink,Disco Afro,Balloon
623,Party Panda #623,A looping cartoon party-panda PFP with real panda markings. Minted on Base.,623.gif,Garden Party,No glow,Chubby,Wink,Bare head,Cocktail
624,Party Panda #624,A looping cartoon party-panda PFP with real panda markings. Minted on Base.,624.gif,Moonlight,No glow,Peach,Shades,Lei,Balloon
625,Party Panda #625,A looping cartoon party-panda PFP with real panda markings. Minted on Base.,625.gif,Garden Party,No glow,Dancer,Heart,Bare head,Cocktail
626,Party Panda #626,A looping cartoon party-panda PFP with real panda markings. Minted on Base.,626.gif,Moonlight,Sparkle Burst,Dancer,Sleepy,Lei,Cocktail
627,Party Panda #627,A looping cartoon party-panda PFP with real panda markings. Minted on Base.,627.gif,Bamboo Lounge,Laser Sweep,Classic,Blink,Tiny Crown,None
628,Party Panda #628,A looping cartoon party-panda PFP with real panda markings. Minted on Base.,628.gif,Rooftop Glow,Laser Sweep,Dancer,Heart,Party Hat,Confetti
629,Party Panda #629,A looping cartoon party-panda PFP with real panda markings. Minted on Base.,629.gif,Neon Club,Sparkle Burst,Peach,Heart,Party Hat,Sparkler
630,Party Panda #630,A looping cartoon party-panda PFP with real panda markings. Minted on Base.,630.gif,Neon Club,No glow,Cub,Shades,Lei,Sparkler
631,Party Panda #631,A looping cartoon party-panda PFP with real panda markings. Minted on Base.,631.gif,Disco Night,Sparkle Burst,Dancer,Spark,Tiny Crown,Balloon
632,Party Panda #632,A looping cartoon party-panda PFP with real panda markings. Minted on Base.,632.gif,Garden Party,Sparkle Burst,Dancer,Wink,Lei,Confetti
633,Party Panda #633,A looping cartoon party-panda PFP with real panda markings. Minted on Base.,633.gif,Moonlight,Laser Sweep,Dancer,Wink,Disco Afro,None
634,Party Panda #634,A looping cartoon party-panda PFP with real panda markings. Minted on Base.,634.gif,Rooftop Glow,Champagne Haze,Classic,Blink,Headphones,None
635,Party Panda #635,A looping cartoon party-panda PFP with real panda markings. Minted on Base.,635.gif,Disco Night,Sparkle Burst,Tuxedo,Shades,Bowtie,None
636,Party Panda #636,A looping cartoon party-panda PFP with real panda markings. Minted on Base.,636.gif,Moonlight,Disco Pulse,Dancer,Spark,Disco Afro,Cocktail
637,Party Panda #637,A looping cartoon party-panda PFP with real panda markings. Minted on Base.,637.gif,Neon Club,No glow,Tuxedo,Shades,Bowtie,Confetti
638,Party Panda #638,A looping cartoon party-panda PFP with real panda markings. Minted on Base.,638.gif,Disco Night,Laser Sweep,Cub,Blink,Headphones,Boombox
639,Party Panda #639,A looping cartoon party-panda PFP with real panda markings. Minted on Base.,639.gif,Candy Rave,Champagne Haze,Tuxedo,Spark,Tiny Crown,Confetti
640,Party Panda #640,A looping cartoon party-panda PFP with real panda markings. Minted on Base.,640.gif,Moonlight,Sparkle Burst,Peach,Wink,Lei,Confetti
641,Party Panda #641,A looping cartoon party-panda PFP with real panda markings. Minted on Base.,641.gif,Neon Club,Laser Sweep,Tuxedo,Spark,Headphones,None
642,Party Panda #642,A looping cartoon party-panda PFP with real panda markings. Minted on Base.,642.gif,Candy Rave,Sparkle Burst,Classic,Wink,Headphones,Confetti
643,Party Panda #643,A looping cartoon party-panda PFP with real panda markings. Minted on Base.,643.gif,Rooftop Glow,Laser Sweep,Tuxedo,Spark,Bare head,Balloon
644,Party Panda #644,A looping cartoon party-panda PFP with real panda markings. Minted on Base.,644.gif,Moonlight,Champagne Haze,Cub,Wink,Headphones,Boombox
645,Party Panda #645,A looping cartoon party-panda PFP with real panda markings. Minted on Base.,645.gif,Confetti Hall,Neon Ring,Chubby,Blink,Disco Afro,Confetti
646,Party Panda #646,A looping cartoon party-panda PFP with real panda markings. Minted on Base.,646.gif,Disco Night,Neon Ring,Chubby,Blink,Party Hat,None
647,Party Panda #647,A looping cartoon party-panda PFP with real panda markings. Minted on Base.,647.gif,Bamboo Lounge,No glow,Dancer,Shades,Party Hat,Confetti
648,Party Panda #648,A looping cartoon party-panda PFP with real panda markings. Minted on Base.,648.gif,Garden Party,No glow,Cub,Sleepy,Party Hat,Sparkler
649,Party Panda #649,A looping cartoon party-panda PFP with real panda markings. Minted on Base.,649.gif,Moonlight,Sparkle Burst,Dancer,Wink,Bare head,Balloon
650,Party Panda #650,A looping cartoon party-panda PFP with real panda markings. Minted on Base.,650.gif,Confetti Hall,Neon Ring,Dancer,Blink,Tiny Crown,Sparkler
651,Party Panda #651,A looping cartoon party-panda PFP with real panda markings. Minted on Base.,651.gif,Bamboo Lounge,No glow,Chubby,Sleepy,Party Hat,Sparkler
652,Party Panda #652,A looping cartoon party-panda PFP with real panda markings. Minted on Base.,652.gif,Confetti Hall,Neon Ring,Peach,Heart,Tiny Crown,Balloon
653,Party Panda #653,A looping cartoon party-panda PFP with real panda markings. Minted on Base.,653.gif,Garden Party,Laser Sweep,Classic,Blink,Tiny Crown,None
654,Party Panda #654,A looping cartoon party-panda PFP with real panda markings. Minted on Base.,654.gif,Candy Rave,No glow,Tuxedo,Heart,Party Hat,Sparkler
655,Party Panda #655,A looping cartoon party-panda PFP with real panda markings. Minted on Base.,655.gif,Confetti Hall,No glow,Classic,Shades,Bare head,Cocktail
656,Party Panda #656,A looping cartoon party-panda PFP with real panda markings. Minted on Base.,656.gif,Neon Club,No glow,Chubby,Wink,Headphones,Balloon
657,Party Panda #657,A looping cartoon party-panda PFP with real panda markings. Minted on Base.,657.gif,Confetti Hall,Disco Pulse,Chubby,Heart,Bare head,None
658,Party Panda #658,A looping cartoon party-panda PFP with real panda markings. Minted on Base.,658.gif,Confetti Hall,Neon Ring,Cub,Wink,Disco Afro,None
659,Party Panda #659,A looping cartoon party-panda PFP with real panda markings. Minted on Base.,659.gif,Bamboo Lounge,Disco Pulse,Chubby,Sleepy,Party Hat,None
660,Party Panda #660,A looping cartoon party-panda PFP with real panda markings. Minted on Base.,660.gif,Neon Club,Disco Pulse,Chubby,Blink,Headphones,Balloon
661,Party Panda #661,A looping cartoon party-panda PFP with real panda markings. Minted on Base.,661.gif,Confetti Hall,Disco Pulse,Peach,Wink,Party Hat,None
662,Party Panda #662,A looping cartoon party-panda PFP with real panda markings. Minted on Base.,662.gif,Neon Club,Champagne Haze,Dancer,Shades,Tiny Crown,Sparkler
663,Party Panda #663,A looping cartoon party-panda PFP with real panda markings. Minted on Base.,663.gif,Disco Night,No glow,Classic,Heart,Bare head,Sparkler
664,Party Panda #664,A looping cartoon party-panda PFP with real panda markings. Minted on Base.,664.gif,Disco Night,Sparkle Burst,Classic,Blink,Lei,None
665,Party Panda #665,A looping cartoon party-panda PFP with real panda markings. Minted on Base.,665.gif,Moonlight,Neon Ring,Chubby,Heart,Party Hat,None
666,Party Panda #666,A looping cartoon party-panda PFP with real panda markings. Minted on Base.,666.gif,Rooftop Glow,Disco Pulse,Peach,Heart,Headphones,Sparkler
667,Party Panda #667,A looping cartoon party-panda PFP with real panda markings. Minted on Base.,667.gif,Rooftop Glow,No glow,Tuxedo,Sleepy,Bowtie,Sparkler
668,Party Panda #668,A looping cartoon party-panda PFP with real panda markings. Minted on Base.,668.gif,Rooftop Glow,Champagne Haze,Chubby,Wink,Party Hat,Cocktail
669,Party Panda #669,A looping cartoon party-panda PFP with real panda markings. Minted on Base.,669.gif,Bamboo Lounge,Neon Ring,Cub,Sleepy,Lei,None
670,Party Panda #670,A looping cartoon party-panda PFP with real panda markings. Minted on Base.,670.gif,Disco Night,No glow,Cub,Heart,Party Hat,Cocktail
671,Party Panda #671,A looping cartoon party-panda PFP with real panda markings. Minted on Base.,671.gif,Bamboo Lounge,Laser Sweep,Classic,Wink,Bowtie,None
672,Party Panda #672,A looping cartoon party-panda PFP with real panda markings. Minted on Base.,672.gif,Bamboo Lounge,No glow,Dancer,Heart,Headphones,Cocktail
673,Party Panda #673,A looping cartoon party-panda PFP with real panda markings. Minted on Base.,673.gif,Rooftop Glow,No glow,Cub,Wink,Bowtie,None
674,Party Panda #674,A looping cartoon party-panda PFP with real panda markings. Minted on Base.,674.gif,Garden Party,Champagne Haze,Cub,Sleepy,Disco Afro,Cocktail
675,Party Panda #675,A looping cartoon party-panda PFP with real panda markings. Minted on Base.,675.gif,Moonlight,Laser Sweep,Peach,Blink,Bowtie,None
676,Party Panda #676,A looping cartoon party-panda PFP with real panda markings. Minted on Base.,676.gif,Confetti Hall,Disco Pulse,Dancer,Wink,Tiny Crown,Balloon
677,Party Panda #677,A looping cartoon party-panda PFP with real panda markings. Minted on Base.,677.gif,Disco Night,Disco Pulse,Dancer,Wink,Disco Afro,Confetti
678,Party Panda #678,A looping cartoon party-panda PFP with real panda markings. Minted on Base.,678.gif,Neon Club,Laser Sweep,Peach,Blink,Bare head,Sparkler
679,Party Panda #679,A looping cartoon party-panda PFP with real panda markings. Minted on Base.,679.gif,Neon Club,Neon Ring,Dancer,Heart,Bowtie,None
680,Party Panda #680,A looping cartoon party-panda PFP with real panda markings. Minted on Base.,680.gif,Rooftop Glow,No glow,Tuxedo,Heart,Bare head,Cocktail
681,Party Panda #681,A looping cartoon party-panda PFP with real panda markings. Minted on Base.,681.gif,Neon Club,Champagne Haze,Dancer,Blink,Lei,Balloon
682,Party Panda #682,A looping cartoon party-panda PFP with real panda markings. Minted on Base.,682.gif,Neon Club,No glow,Classic,Shades,Bare head,Confetti
683,Party Panda #683,A looping cartoon party-panda PFP with real panda markings. Minted on Base.,683.gif,Disco Night,Disco Pulse,Peach,Sleepy,Disco Afro,Sparkler
684,Party Panda #684,A looping cartoon party-panda PFP with real panda markings. Minted on Base.,684.gif,Bamboo Lounge,No glow,Dancer,Blink,Party Hat,None
685,Party Panda #685,A looping cartoon party-panda PFP with real panda markings. Minted on Base.,685.gif,Disco Night,No glow,Dancer,Blink,Headphones,None
686,Party Panda #686,A looping cartoon party-panda PFP with real panda markings. Minted on Base.,686.gif,Confetti Hall,Neon Ring,Classic,Shades,Tiny Crown,Balloon
687,Party Panda #687,A looping cartoon party-panda PFP with real panda markings. Minted on Base.,687.gif,Moonlight,Disco Pulse,Classic,Blink,Headphones,Cocktail
688,Party Panda #688,A looping cartoon party-panda PFP with real panda markings. Minted on Base.,688.gif,Bamboo Lounge,No glow,Classic,Blink,Tiny Crown,Cocktail
689,Party Panda #689,A looping cartoon party-panda PFP with real panda markings. Minted on Base.,689.gif,Rooftop Glow,Sparkle Burst,Dancer,Wink,Headphones,Balloon
690,Party Panda #690,A looping cartoon party-panda PFP with real panda markings. Minted on Base.,690.gif,Rooftop Glow,Laser Sweep,Cub,Heart,Party Hat,Sparkler
691,Party Panda #691,A looping cartoon party-panda PFP with real panda markings. Minted on Base.,691.gif,Bamboo Lounge,Sparkle Burst,Classic,Heart,Bare head,None
692,Party Panda #692,A looping cartoon party-panda PFP with real panda markings. Minted on Base.,692.gif,Bamboo Lounge,No glow,Peach,Sleepy,Bowtie,Cocktail
693,Party Panda #693,A looping cartoon party-panda PFP with real panda markings. Minted on Base.,693.gif,Candy Rave,No glow,Dancer,Blink,Tiny Crown,None
694,Party Panda #694,A looping cartoon party-panda PFP with real panda markings. Minted on Base.,694.gif,Rooftop Glow,Laser Sweep,Chubby,Wink,Bare head,Sparkler
695,Party Panda #695,A looping cartoon party-panda PFP with real panda markings. Minted on Base.,695.gif,Rooftop Glow,No glow,Peach,Blink,Bare head,None
696,Party Panda #696,A looping cartoon party-panda PFP with real panda markings. Minted on Base.,696.gif,Moonlight,Neon Ring,Dancer,Blink,Party Hat,Cocktail
697,Party Panda #697,A looping cartoon party-panda PFP with real panda markings. Minted on Base.,697.gif,Rooftop Glow,Neon Ring,Tuxedo,Blink,Party Hat,None
698,Party Panda #698,A looping cartoon party-panda PFP with real panda markings. Minted on Base.,698.gif,Garden Party,No glow,Classic,Spark,Headphones,Sparkler
699,Party Panda #699,A looping cartoon party-panda PFP with real panda markings. Minted on Base.,699.gif,Candy Rave,No glow,Classic,Blink,Lei,Cocktail
700,Party Panda #700,A looping cartoon party-panda PFP with real panda markings. Minted on Base.,700.gif,Confetti Hall,Sparkle Burst,Classic,Blink,Disco Afro,None
701,Party Panda #701,A looping cartoon party-panda PFP with real panda markings. Minted on Base.,701.gif,Rooftop Glow,Sparkle Burst,Cub,Blink,Lei,Balloon
702,Party Panda #702,A looping cartoon party-panda PFP with real panda markings. Minted on Base.,702.gif,Neon Club,No glow,Peach,Blink,Party Hat,None
703,Party Panda #703,A looping cartoon party-panda PFP with real panda markings. Minted on Base.,703.gif,Candy Rave,No glow,Tuxedo,Sleepy,Lei,Balloon
704,Party Panda #704,A looping cartoon party-panda PFP with real panda markings. Minted on Base.,704.gif,Disco Night,Disco Pulse,Peach,Blink,Tiny Crown,Confetti
705,Party Panda #705,A looping cartoon party-panda PFP with real panda markings. Minted on Base.,705.gif,Neon Club,Neon Ring,Dancer,Sleepy,Headphones,Sparkler
706,Party Panda #706,A looping cartoon party-panda PFP with real panda markings. Minted on Base.,706.gif,Bamboo Lounge,Neon Ring,Tuxedo,Shades,Bare head,Boombox
707,Party Panda #707,A looping cartoon party-panda PFP with real panda markings. Minted on Base.,707.gif,Candy Rave,Champagne Haze,Tuxedo,Blink,Bowtie,Balloon
708,Party Panda #708,A looping cartoon party-panda PFP with real panda markings. Minted on Base.,708.gif,Candy Rave,Neon Ring,Classic,Heart,Headphones,Cocktail
709,Party Panda #709,A looping cartoon party-panda PFP with real panda markings. Minted on Base.,709.gif,Rooftop Glow,No glow,Peach,Heart,Bare head,Boombox
710,Party Panda #710,A looping cartoon party-panda PFP with real panda markings. Minted on Base.,710.gif,Moonlight,Disco Pulse,Dancer,Wink,Headphones,None
711,Party Panda #711,A looping cartoon party-panda PFP with real panda markings. Minted on Base.,711.gif,Moonlight,Neon Ring,Tuxedo,Wink,Disco Afro,Balloon
712,Party Panda #712,A looping cartoon party-panda PFP with real panda markings. Minted on Base.,712.gif,Confetti Hall,No glow,Tuxedo,Heart,Party Hat,Cocktail
713,Party Panda #713,A looping cartoon party-panda PFP with real panda markings. Minted on Base.,713.gif,Disco Night,No glow,Tuxedo,Heart,Bare head,Cocktail
714,Party Panda #714,A looping cartoon party-panda PFP with real panda markings. Minted on Base.,714.gif,Neon Club,Laser Sweep,Classic,Shades,Party Hat,Cocktail
715,Party Panda #715,A looping cartoon party-panda PFP with real panda markings. Minted on Base.,715.gif,Bamboo Lounge,No glow,Classic,Heart,Disco Afro,None
716,Party Panda #716,A looping cartoon party-panda PFP with real panda markings. Minted on Base.,716.gif,Candy Rave,Disco Pulse,Cub,Heart,Headphones,Cocktail
717,Party Panda #717,A looping cartoon party-panda PFP with real panda markings. Minted on Base.,717.gif,Bamboo Lounge,No glow,Cub,Blink,Bowtie,Cocktail
718,Party Panda #718,A looping cartoon party-panda PFP with real panda markings. Minted on Base.,718.gif,Bamboo Lounge,Laser Sweep,Tuxedo,Heart,Bowtie,Sparkler
719,Party Panda #719,A looping cartoon party-panda PFP with real panda markings. Minted on Base.,719.gif,Confetti Hall,No glow,Peach,Blink,Bare head,Sparkler
720,Party Panda #720,A looping cartoon party-panda PFP with real panda markings. Minted on Base.,720.gif,Garden Party,Laser Sweep,Tuxedo,Sleepy,Bowtie,Sparkler
721,Party Panda #721,A looping cartoon party-panda PFP with real panda markings. Minted on Base.,721.gif,Candy Rave,No glow,Chubby,Shades,Lei,Balloon
722,Party Panda #722,A looping cartoon party-panda PFP with real panda markings. Minted on Base.,722.gif,Neon Club,Champagne Haze,Tuxedo,Shades,Tiny Crown,Cocktail
723,Party Panda #723,A looping cartoon party-panda PFP with real panda markings. Minted on Base.,723.gif,Garden Party,Champagne Haze,Peach,Sleepy,Headphones,None
724,Party Panda #724,A looping cartoon party-panda PFP with real panda markings. Minted on Base.,724.gif,Candy Rave,Champagne Haze,Chubby,Wink,Disco Afro,Sparkler
725,Party Panda #725,A looping cartoon party-panda PFP with real panda markings. Minted on Base.,725.gif,Rooftop Glow,Disco Pulse,Chubby,Blink,Tiny Crown,Sparkler
726,Party Panda #726,A looping cartoon party-panda PFP with real panda markings. Minted on Base.,726.gif,Moonlight,No glow,Chubby,Shades,Party Hat,Sparkler
727,Party Panda #727,A looping cartoon party-panda PFP with real panda markings. Minted on Base.,727.gif,Moonlight,No glow,Classic,Blink,Bowtie,Boombox
728,Party Panda #728,A looping cartoon party-panda PFP with real panda markings. Minted on Base.,728.gif,Disco Night,Sparkle Burst,Tuxedo,Heart,Bare head,Balloon
729,Party Panda #729,A looping cartoon party-panda PFP with real panda markings. Minted on Base.,729.gif,Confetti Hall,Neon Ring,Tuxedo,Sleepy,Disco Afro,Boombox
730,Party Panda #730,A looping cartoon party-panda PFP with real panda markings. Minted on Base.,730.gif,Confetti Hall,Neon Ring,Classic,Wink,Bowtie,Cocktail
731,Party Panda #731,A looping cartoon party-panda PFP with real panda markings. Minted on Base.,731.gif,Rooftop Glow,Champagne Haze,Dancer,Blink,Tiny Crown,Confetti
732,Party Panda #732,A looping cartoon party-panda PFP with real panda markings. Minted on Base.,732.gif,Rooftop Glow,Sparkle Burst,Dancer,Blink,Headphones,Balloon
733,Party Panda #733,A looping cartoon party-panda PFP with real panda markings. Minted on Base.,733.gif,Rooftop Glow,Laser Sweep,Chubby,Spark,Bowtie,Confetti
734,Party Panda #734,A looping cartoon party-panda PFP with real panda markings. Minted on Base.,734.gif,Moonlight,Champagne Haze,Classic,Heart,Tiny Crown,Balloon
735,Party Panda #735,A looping cartoon party-panda PFP with real panda markings. Minted on Base.,735.gif,Bamboo Lounge,Disco Pulse,Classic,Heart,Bowtie,Balloon
736,Party Panda #736,A looping cartoon party-panda PFP with real panda markings. Minted on Base.,736.gif,Candy Rave,Disco Pulse,Chubby,Sleepy,Bare head,None
737,Party Panda #737,A looping cartoon party-panda PFP with real panda markings. Minted on Base.,737.gif,Neon Club,No glow,Tuxedo,Blink,Headphones,None
738,Party Panda #738,A looping cartoon party-panda PFP with real panda markings. Minted on Base.,738.gif,Candy Rave,Disco Pulse,Tuxedo,Wink,Headphones,None
739,Party Panda #739,A looping cartoon party-panda PFP with real panda markings. Minted on Base.,739.gif,Neon Club,No glow,Dancer,Shades,Disco Afro,None
740,Party Panda #740,A looping cartoon party-panda PFP with real panda markings. Minted on Base.,740.gif,Neon Club,Disco Pulse,Peach,Wink,Bare head,Balloon
741,Party Panda #741,A looping cartoon party-panda PFP with real panda markings. Minted on Base.,741.gif,Rooftop Glow,Laser Sweep,Dancer,Heart,Lei,Sparkler
742,Party Panda #742,A looping cartoon party-panda PFP with real panda markings. Minted on Base.,742.gif,Moonlight,Champagne Haze,Tuxedo,Blink,Party Hat,Cocktail
743,Party Panda #743,A looping cartoon party-panda PFP with real panda markings. Minted on Base.,743.gif,Bamboo Lounge,Champagne Haze,Chubby,Wink,Headphones,Balloon
744,Party Panda #744,A looping cartoon party-panda PFP with real panda markings. Minted on Base.,744.gif,Moonlight,Sparkle Burst,Dancer,Wink,Lei,Balloon
745,Party Panda #745,A looping cartoon party-panda PFP with real panda markings. Minted on Base.,745.gif,Garden Party,No glow,Cub,Shades,Bowtie,Cocktail
746,Party Panda #746,A looping cartoon party-panda PFP with real panda markings. Minted on Base.,746.gif,Moonlight,No glow,Tuxedo,Blink,Party Hat,Balloon
747,Party Panda #747,A looping cartoon party-panda PFP with real panda markings. Minted on Base.,747.gif,Bamboo Lounge,Disco Pulse,Classic,Wink,Party Hat,Balloon
748,Party Panda #748,A looping cartoon party-panda PFP with real panda markings. Minted on Base.,748.gif,Moonlight,Neon Ring,Dancer,Spark,Bowtie,None
749,Party Panda #749,A looping cartoon party-panda PFP with real panda markings. Minted on Base.,749.gif,Moonlight,Disco Pulse,Chubby,Wink,Bare head,None
750,Party Panda #750,A looping cartoon party-panda PFP with real panda markings. Minted on Base.,750.gif,Candy Rave,Neon Ring,Classic,Sleepy,Bowtie,Sparkler
751,Party Panda #751,A looping cartoon party-panda PFP with real panda markings. Minted on Base.,751.gif,Neon Club,Laser Sweep,Chubby,Blink,Bare head,Confetti
752,Party Panda #752,A looping cartoon party-panda PFP with real panda markings. Minted on Base.,752.gif,Rooftop Glow,Disco Pulse,Peach,Sleepy,Tiny Crown,Sparkler
753,Party Panda #753,A looping cartoon party-panda PFP with real panda markings. Minted on Base.,753.gif,Rooftop Glow,Champagne Haze,Dancer,Wink,Tiny Crown,Confetti
754,Party Panda #754,A looping cartoon party-panda PFP with real panda markings. Minted on Base.,754.gif,Confetti Hall,Laser Sweep,Chubby,Shades,Headphones,Boombox
755,Party Panda #755,A looping cartoon party-panda PFP with real panda markings. Minted on Base.,755.gif,Confetti Hall,No glow,Chubby,Spark,Party Hat,Sparkler
756,Party Panda #756,A looping cartoon party-panda PFP with real panda markings. Minted on Base.,756.gif,Neon Club,Sparkle Burst,Peach,Blink,Headphones,Boombox
757,Party Panda #757,A looping cartoon party-panda PFP with real panda markings. Minted on Base.,757.gif,Confetti Hall,No glow,Tuxedo,Blink,Headphones,Confetti
758,Party Panda #758,A looping cartoon party-panda PFP with real panda markings. Minted on Base.,758.gif,Candy Rave,Disco Pulse,Chubby,Spark,Bare head,Confetti
759,Party Panda #759,A looping cartoon party-panda PFP with real panda markings. Minted on Base.,759.gif,Neon Club,Disco Pulse,Tuxedo,Blink,Tiny Crown,None
760,Party Panda #760,A looping cartoon party-panda PFP with real panda markings. Minted on Base.,760.gif,Moonlight,Neon Ring,Classic,Blink,Party Hat,None
761,Party Panda #761,A looping cartoon party-panda PFP with real panda markings. Minted on Base.,761.gif,Rooftop Glow,Laser Sweep,Chubby,Wink,Bowtie,Boombox
762,Party Panda #762,A looping cartoon party-panda PFP with real panda markings. Minted on Base.,762.gif,Neon Club,No glow,Classic,Wink,Bowtie,Cocktail
763,Party Panda #763,A looping cartoon party-panda PFP with real panda markings. Minted on Base.,763.gif,Neon Club,No glow,Chubby,Heart,Bare head,Cocktail
764,Party Panda #764,A looping cartoon party-panda PFP with real panda markings. Minted on Base.,764.gif,Garden Party,Sparkle Burst,Classic,Heart,Disco Afro,Confetti
765,Party Panda #765,A looping cartoon party-panda PFP with real panda markings. Minted on Base.,765.gif,Bamboo Lounge,Laser Sweep,Cub,Blink,Lei,Boombox
766,Party Panda #766,A looping cartoon party-panda PFP with real panda markings. Minted on Base.,766.gif,Disco Night,Neon Ring,Tuxedo,Heart,Bare head,None
767,Party Panda #767,A looping cartoon party-panda PFP with real panda markings. Minted on Base.,767.gif,Neon Club,No glow,Tuxedo,Blink,Party Hat,None
768,Party Panda #768,A looping cartoon party-panda PFP with real panda markings. Minted on Base.,768.gif,Neon Club,Disco Pulse,Cub,Heart,Bowtie,None
769,Party Panda #769,A looping cartoon party-panda PFP with real panda markings. Minted on Base.,769.gif,Rooftop Glow,Champagne Haze,Chubby,Shades,Lei,None
770,Party Panda #770,A looping cartoon party-panda PFP with real panda markings. Minted on Base.,770.gif,Garden Party,Sparkle Burst,Peach,Heart,Bare head,Sparkler
771,Party Panda #771,A looping cartoon party-panda PFP with real panda markings. Minted on Base.,771.gif,Confetti Hall,Sparkle Burst,Chubby,Blink,Party Hat,Balloon
772,Party Panda #772,A looping cartoon party-panda PFP with real panda markings. Minted on Base.,772.gif,Neon Club,No glow,Dancer,Sleepy,Bare head,None
773,Party Panda #773,A looping cartoon party-panda PFP with real panda markings. Minted on Base.,773.gif,Confetti Hall,Sparkle Burst,Classic,Heart,Lei,Balloon
774,Party Panda #774,A looping cartoon party-panda PFP with real panda markings. Minted on Base.,774.gif,Neon Club,Sparkle Burst,Chubby,Wink,Headphones,Sparkler
775,Party Panda #775,A looping cartoon party-panda PFP with real panda markings. Minted on Base.,775.gif,Neon Club,No glow,Dancer,Heart,Bowtie,Confetti
776,Party Panda #776,A looping cartoon party-panda PFP with real panda markings. Minted on Base.,776.gif,Garden Party,Sparkle Burst,Classic,Spark,Tiny Crown,Confetti
777,Party Panda #777,A looping cartoon party-panda PFP with real panda markings. Minted on Base.,777.gif,Disco Night,No glow,Tuxedo,Shades,Headphones,Confetti
778,Party Panda #778,A looping cartoon party-panda PFP with real panda markings. Minted on Base.,778.gif,Garden Party,Champagne Haze,Cub,Wink,Bare head,Boombox
779,Party Panda #779,A looping cartoon party-panda PFP with real panda markings. Minted on Base.,779.gif,Bamboo Lounge,Sparkle Burst,Tuxedo,Blink,Disco Afro,Balloon
780,Party Panda #780,A looping cartoon party-panda PFP with real panda markings. Minted on Base.,780.gif,Disco Night,Laser Sweep,Peach,Shades,Party Hat,Cocktail
781,Party Panda #781,A looping cartoon party-panda PFP with real panda markings. Minted on Base.,781.gif,Moonlight,No glow,Peach,Heart,Lei,Balloon
782,Party Panda #782,A looping cartoon party-panda PFP with real panda markings. Minted on Base.,782.gif,Disco Night,Laser Sweep,Classic,Heart,Bare head,Balloon
783,Party Panda #783,A looping cartoon party-panda PFP with real panda markings. Minted on Base.,783.gif,Moonlight,Laser Sweep,Chubby,Heart,Headphones,Sparkler
784,Party Panda #784,A looping cartoon party-panda PFP with real panda markings. Minted on Base.,784.gif,Candy Rave,Disco Pulse,Cub,Shades,Headphones,Balloon
785,Party Panda #785,A looping cartoon party-panda PFP with real panda markings. Minted on Base.,785.gif,Garden Party,Neon Ring,Dancer,Wink,Disco Afro,None
786,Party Panda #786,A looping cartoon party-panda PFP with real panda markings. Minted on Base.,786.gif,Disco Night,Neon Ring,Cub,Sleepy,Lei,Confetti
787,Party Panda #787,A looping cartoon party-panda PFP with real panda markings. Minted on Base.,787.gif,Bamboo Lounge,Sparkle Burst,Classic,Wink,Party Hat,Sparkler
788,Party Panda #788,A looping cartoon party-panda PFP with real panda markings. Minted on Base.,788.gif,Moonlight,No glow,Chubby,Sleepy,Headphones,Sparkler
789,Party Panda #789,A looping cartoon party-panda PFP with real panda markings. Minted on Base.,789.gif,Disco Night,Champagne Haze,Cub,Blink,Bowtie,Boombox
790,Party Panda #790,A looping cartoon party-panda PFP with real panda markings. Minted on Base.,790.gif,Bamboo Lounge,Sparkle Burst,Cub,Spark,Bowtie,Balloon
791,Party Panda #791,A looping cartoon party-panda PFP with real panda markings. Minted on Base.,791.gif,Neon Club,Neon Ring,Chubby,Heart,Headphones,None
792,Party Panda #792,A looping cartoon party-panda PFP with real panda markings. Minted on Base.,792.gif,Disco Night,Neon Ring,Chubby,Spark,Lei,Confetti
793,Party Panda #793,A looping cartoon party-panda PFP with real panda markings. Minted on Base.,793.gif,Neon Club,No glow,Tuxedo,Blink,Party Hat,Cocktail
794,Party Panda #794,A looping cartoon party-panda PFP with real panda markings. Minted on Base.,794.gif,Disco Night,Laser Sweep,Peach,Blink,Headphones,Boombox
795,Party Panda #795,A looping cartoon party-panda PFP with real panda markings. Minted on Base.,795.gif,Moonlight,Laser Sweep,Classic,Wink,Bare head,Boombox
796,Party Panda #796,A looping cartoon party-panda PFP with real panda markings. Minted on Base.,796.gif,Rooftop Glow,Sparkle Burst,Classic,Blink,Party Hat,None
797,Party Panda #797,A looping cartoon party-panda PFP with real panda markings. Minted on Base.,797.gif,Disco Night,Neon Ring,Classic,Sleepy,Tiny Crown,None
798,Party Panda #798,A looping cartoon party-panda PFP with real panda markings. Minted on Base.,798.gif,Moonlight,Sparkle Burst,Classic,Shades,Headphones,None
799,Party Panda #799,A looping cartoon party-panda PFP with real panda markings. Minted on Base.,799.gif,Bamboo Lounge,No glow,Tuxedo,Blink,Lei,Sparkler
800,Party Panda #800,A looping cartoon party-panda PFP with real panda markings. Minted on Base.,800.gif,Rooftop Glow,Sparkle Burst,Chubby,Heart,Party Hat,Sparkler
801,Party Panda #801,A looping cartoon party-panda PFP with real panda markings. Minted on Base.,801.gif,Moonlight,Sparkle Burst,Classic,Shades,Party Hat,None
802,Party Panda #802,A looping cartoon party-panda PFP with real panda markings. Minted on Base.,802.gif,Confetti Hall,Neon Ring,Classic,Heart,Headphones,Confetti
803,Party Panda #803,A looping cartoon party-panda PFP with real panda markings. Minted on Base.,803.gif,Candy Rave,No glow,Classic,Wink,Bare head,Confetti
804,Party Panda #804,A looping cartoon party-panda PFP with real panda markings. Minted on Base.,804.gif,Garden Party,Champagne Haze,Classic,Sleepy,Tiny Crown,Boombox
805,Party Panda #805,A looping cartoon party-panda PFP with real panda markings. Minted on Base.,805.gif,Confetti Hall,Sparkle Burst,Dancer,Heart,Bowtie,None
806,Party Panda #806,A looping cartoon party-panda PFP with real panda markings. Minted on Base.,806.gif,Disco Night,Champagne Haze,Classic,Spark,Party Hat,Sparkler
807,Party Panda #807,A looping cartoon party-panda PFP with real panda markings. Minted on Base.,807.gif,Bamboo Lounge,No glow,Peach,Blink,Lei,None
808,Party Panda #808,A looping cartoon party-panda PFP with real panda markings. Minted on Base.,808.gif,Bamboo Lounge,Laser Sweep,Peach,Sleepy,Bare head,Confetti
809,Party Panda #809,A looping cartoon party-panda PFP with real panda markings. Minted on Base.,809.gif,Disco Night,No glow,Peach,Sleepy,Bowtie,Sparkler
810,Party Panda #810,A looping cartoon party-panda PFP with real panda markings. Minted on Base.,810.gif,Disco Night,Laser Sweep,Tuxedo,Sleepy,Party Hat,None
811,Party Panda #811,A looping cartoon party-panda PFP with real panda markings. Minted on Base.,811.gif,Garden Party,Disco Pulse,Cub,Spark,Disco Afro,Balloon
812,Party Panda #812,A looping cartoon party-panda PFP with real panda markings. Minted on Base.,812.gif,Bamboo Lounge,Neon Ring,Peach,Spark,Party Hat,Confetti
813,Party Panda #813,A looping cartoon party-panda PFP with real panda markings. Minted on Base.,813.gif,Garden Party,Neon Ring,Tuxedo,Blink,Party Hat,Cocktail
814,Party Panda #814,A looping cartoon party-panda PFP with real panda markings. Minted on Base.,814.gif,Garden Party,Champagne Haze,Classic,Shades,Bare head,Confetti
815,Party Panda #815,A looping cartoon party-panda PFP with real panda markings. Minted on Base.,815.gif,Rooftop Glow,Champagne Haze,Chubby,Heart,Disco Afro,Balloon
816,Party Panda #816,A looping cartoon party-panda PFP with real panda markings. Minted on Base.,816.gif,Candy Rave,No glow,Classic,Wink,Party Hat,Confetti
817,Party Panda #817,A looping cartoon party-panda PFP with real panda markings. Minted on Base.,817.gif,Bamboo Lounge,No glow,Tuxedo,Heart,Party Hat,Cocktail
818,Party Panda #818,A looping cartoon party-panda PFP with real panda markings. Minted on Base.,818.gif,Garden Party,Sparkle Burst,Classic,Shades,Headphones,Cocktail
819,Party Panda #819,A looping cartoon party-panda PFP with real panda markings. Minted on Base.,819.gif,Disco Night,Disco Pulse,Chubby,Heart,Disco Afro,Balloon
820,Party Panda #820,A looping cartoon party-panda PFP with real panda markings. Minted on Base.,820.gif,Neon Club,Champagne Haze,Peach,Shades,Lei,None
821,Party Panda #821,A looping cartoon party-panda PFP with real panda markings. Minted on Base.,821.gif,Confetti Hall,Laser Sweep,Chubby,Blink,Bowtie,Cocktail
822,Party Panda #822,A looping cartoon party-panda PFP with real panda markings. Minted on Base.,822.gif,Garden Party,Disco Pulse,Tuxedo,Blink,Headphones,None
823,Party Panda #823,A looping cartoon party-panda PFP with real panda markings. Minted on Base.,823.gif,Rooftop Glow,No glow,Tuxedo,Shades,Headphones,Cocktail
824,Party Panda #824,A looping cartoon party-panda PFP with real panda markings. Minted on Base.,824.gif,Moonlight,Disco Pulse,Dancer,Shades,Disco Afro,None
825,Party Panda #825,A looping cartoon party-panda PFP with real panda markings. Minted on Base.,825.gif,Confetti Hall,No glow,Tuxedo,Shades,Party Hat,Sparkler
826,Party Panda #826,A looping cartoon party-panda PFP with real panda markings. Minted on Base.,826.gif,Disco Night,Neon Ring,Tuxedo,Blink,Bare head,Balloon
827,Party Panda #827,A looping cartoon party-panda PFP with real panda markings. Minted on Base.,827.gif,Rooftop Glow,No glow,Chubby,Sleepy,Bowtie,Cocktail
828,Party Panda #828,A looping cartoon party-panda PFP with real panda markings. Minted on Base.,828.gif,Garden Party,Laser Sweep,Dancer,Spark,Disco Afro,Cocktail
829,Party Panda #829,A looping cartoon party-panda PFP with real panda markings. Minted on Base.,829.gif,Confetti Hall,Champagne Haze,Peach,Spark,Headphones,Balloon
830,Party Panda #830,A looping cartoon party-panda PFP with real panda markings. Minted on Base.,830.gif,Neon Club,Sparkle Burst,Cub,Blink,Tiny Crown,Confetti
831,Party Panda #831,A looping cartoon party-panda PFP with real panda markings. Minted on Base.,831.gif,Disco Night,Sparkle Burst,Classic,Spark,Bowtie,None
832,Party Panda #832,A looping cartoon party-panda PFP with real panda markings. Minted on Base.,832.gif,Neon Club,Neon Ring,Peach,Spark,Party Hat,Boombox
833,Party Panda #833,A looping cartoon party-panda PFP with real panda markings. Minted on Base.,833.gif,Confetti Hall,Neon Ring,Peach,Sleepy,Tiny Crown,Sparkler
834,Party Panda #834,A looping cartoon party-panda PFP with real panda markings. Minted on Base.,834.gif,Disco Night,Sparkle Burst,Dancer,Spark,Bare head,Confetti
835,Party Panda #835,A looping cartoon party-panda PFP with real panda markings. Minted on Base.,835.gif,Disco Night,Champagne Haze,Tuxedo,Wink,Party Hat,Cocktail
836,Party Panda #836,A looping cartoon party-panda PFP with real panda markings. Minted on Base.,836.gif,Neon Club,Champagne Haze,Cub,Sleepy,Bowtie,Cocktail
837,Party Panda #837,A looping cartoon party-panda PFP with real panda markings. Minted on Base.,837.gif,Rooftop Glow,Laser Sweep,Classic,Shades,Bare head,None
838,Party Panda #838,A looping cartoon party-panda PFP with real panda markings. Minted on Base.,838.gif,Disco Night,Champagne Haze,Tuxedo,Wink,Disco Afro,Confetti
839,Party Panda #839,A looping cartoon party-panda PFP with real panda markings. Minted on Base.,839.gif,Bamboo Lounge,Laser Sweep,Classic,Spark,Bowtie,Balloon
840,Party Panda #840,A looping cartoon party-panda PFP with real panda markings. Minted on Base.,840.gif,Bamboo Lounge,Disco Pulse,Cub,Wink,Bowtie,None
841,Party Panda #841,A looping cartoon party-panda PFP with real panda markings. Minted on Base.,841.gif,Neon Club,Laser Sweep,Chubby,Heart,Headphones,Balloon
842,Party Panda #842,A looping cartoon party-panda PFP with real panda markings. Minted on Base.,842.gif,Disco Night,No glow,Chubby,Wink,Bowtie,Confetti
843,Party Panda #843,A looping cartoon party-panda PFP with real panda markings. Minted on Base.,843.gif,Bamboo Lounge,No glow,Classic,Spark,Party Hat,Confetti
844,Party Panda #844,A looping cartoon party-panda PFP with real panda markings. Minted on Base.,844.gif,Garden Party,Neon Ring,Cub,Wink,Lei,None
845,Party Panda #845,A looping cartoon party-panda PFP with real panda markings. Minted on Base.,845.gif,Candy Rave,Disco Pulse,Cub,Sleepy,Party Hat,None
846,Party Panda #846,A looping cartoon party-panda PFP with real panda markings. Minted on Base.,846.gif,Confetti Hall,Neon Ring,Chubby,Blink,Headphones,None
847,Party Panda #847,A looping cartoon party-panda PFP with real panda markings. Minted on Base.,847.gif,Bamboo Lounge,Laser Sweep,Cub,Wink,Bare head,Sparkler
848,Party Panda #848,A looping cartoon party-panda PFP with real panda markings. Minted on Base.,848.gif,Candy Rave,Champagne Haze,Cub,Heart,Headphones,Sparkler
849,Party Panda #849,A looping cartoon party-panda PFP with real panda markings. Minted on Base.,849.gif,Candy Rave,Sparkle Burst,Classic,Shades,Disco Afro,Sparkler
850,Party Panda #850,A looping cartoon party-panda PFP with real panda markings. Minted on Base.,850.gif,Rooftop Glow,Disco Pulse,Dancer,Shades,Tiny Crown,Sparkler
851,Party Panda #851,A looping cartoon party-panda PFP with real panda markings. Minted on Base.,851.gif,Moonlight,Neon Ring,Dancer,Shades,Bare head,Balloon
852,Party Panda #852,A looping cartoon party-panda PFP with real panda markings. Minted on Base.,852.gif,Rooftop Glow,No glow,Peach,Shades,Bowtie,None
853,Party Panda #853,A looping cartoon party-panda PFP with real panda markings. Minted on Base.,853.gif,Bamboo Lounge,Disco Pulse,Cub,Wink,Lei,Confetti
854,Party Panda #854,A looping cartoon party-panda PFP with real panda markings. Minted on Base.,854.gif,Rooftop Glow,Neon Ring,Peach,Blink,Bare head,Confetti
855,Party Panda #855,A looping cartoon party-panda PFP with real panda markings. Minted on Base.,855.gif,Garden Party,No glow,Tuxedo,Sleepy,Bare head,Confetti
856,Party Panda #856,A looping cartoon party-panda PFP with real panda markings. Minted on Base.,856.gif,Disco Night,Disco Pulse,Cub,Blink,Disco Afro,None
857,Party Panda #857,A looping cartoon party-panda PFP with real panda markings. Minted on Base.,857.gif,Bamboo Lounge,Neon Ring,Tuxedo,Blink,Bare head,None
858,Party Panda #858,A looping cartoon party-panda PFP with real panda markings. Minted on Base.,858.gif,Rooftop Glow,Laser Sweep,Classic,Wink,Party Hat,Balloon
859,Party Panda #859,A looping cartoon party-panda PFP with real panda markings. Minted on Base.,859.gif,Disco Night,No glow,Tuxedo,Heart,Bowtie,Sparkler
860,Party Panda #860,A looping cartoon party-panda PFP with real panda markings. Minted on Base.,860.gif,Neon Club,Disco Pulse,Peach,Heart,Bowtie,Balloon
861,Party Panda #861,A looping cartoon party-panda PFP with real panda markings. Minted on Base.,861.gif,Rooftop Glow,Sparkle Burst,Classic,Sleepy,Party Hat,Confetti
862,Party Panda #862,A looping cartoon party-panda PFP with real panda markings. Minted on Base.,862.gif,Bamboo Lounge,Sparkle Burst,Peach,Blink,Bowtie,Cocktail
863,Party Panda #863,A looping cartoon party-panda PFP with real panda markings. Minted on Base.,863.gif,Neon Club,Disco Pulse,Dancer,Sleepy,Tiny Crown,None
864,Party Panda #864,A looping cartoon party-panda PFP with real panda markings. Minted on Base.,864.gif,Candy Rave,Disco Pulse,Chubby,Wink,Bare head,Sparkler
865,Party Panda #865,A looping cartoon party-panda PFP with real panda markings. Minted on Base.,865.gif,Neon Club,No glow,Classic,Shades,Bowtie,Balloon
866,Party Panda #866,A looping cartoon party-panda PFP with real panda markings. Minted on Base.,866.gif,Moonlight,Laser Sweep,Tuxedo,Sleepy,Bowtie,Balloon
867,Party Panda #867,A looping cartoon party-panda PFP with real panda markings. Minted on Base.,867.gif,Bamboo Lounge,Champagne Haze,Chubby,Spark,Party Hat,Boombox
868,Party Panda #868,A looping cartoon party-panda PFP with real panda markings. Minted on Base.,868.gif,Disco Night,Champagne Haze,Cub,Heart,Lei,Sparkler
869,Party Panda #869,A looping cartoon party-panda PFP with real panda markings. Minted on Base.,869.gif,Bamboo Lounge,Laser Sweep,Peach,Sleepy,Tiny Crown,Cocktail
870,Party Panda #870,A looping cartoon party-panda PFP with real panda markings. Minted on Base.,870.gif,Disco Night,Disco Pulse,Dancer,Wink,Headphones,None
871,Party Panda #871,A looping cartoon party-panda PFP with real panda markings. Minted on Base.,871.gif,Garden Party,Disco Pulse,Cub,Blink,Tiny Crown,Confetti
872,Party Panda #872,A looping cartoon party-panda PFP with real panda markings. Minted on Base.,872.gif,Moonlight,No glow,Dancer,Shades,Bowtie,Balloon
873,Party Panda #873,A looping cartoon party-panda PFP with real panda markings. Minted on Base.,873.gif,Disco Night,Sparkle Burst,Classic,Wink,Lei,None
874,Party Panda #874,A looping cartoon party-panda PFP with real panda markings. Minted on Base.,874.gif,Neon Club,Disco Pulse,Cub,Blink,Party Hat,Sparkler
875,Party Panda #875,A looping cartoon party-panda PFP with real panda markings. Minted on Base.,875.gif,Disco Night,No glow,Cub,Spark,Headphones,None
876,Party Panda #876,A looping cartoon party-panda PFP with real panda markings. Minted on Base.,876.gif,Disco Night,Disco Pulse,Classic,Heart,Bare head,Sparkler
877,Party Panda #877,A looping cartoon party-panda PFP with real panda markings. Minted on Base.,877.gif,Moonlight,Disco Pulse,Dancer,Blink,Disco Afro,Cocktail
878,Party Panda #878,A looping cartoon party-panda PFP with real panda markings. Minted on Base.,878.gif,Bamboo Lounge,Sparkle Burst,Peach,Wink,Party Hat,Boombox
879,Party Panda #879,A looping cartoon party-panda PFP with real panda markings. Minted on Base.,879.gif,Candy Rave,No glow,Peach,Shades,Party Hat,None
880,Party Panda #880,A looping cartoon party-panda PFP with real panda markings. Minted on Base.,880.gif,Disco Night,Laser Sweep,Tuxedo,Heart,Tiny Crown,Boombox
881,Party Panda #881,A looping cartoon party-panda PFP with real panda markings. Minted on Base.,881.gif,Candy Rave,No glow,Tuxedo,Sleepy,Bare head,Balloon
882,Party Panda #882,A looping cartoon party-panda PFP with real panda markings. Minted on Base.,882.gif,Moonlight,Disco Pulse,Peach,Heart,Headphones,Confetti
883,Party Panda #883,A looping cartoon party-panda PFP with real panda markings. Minted on Base.,883.gif,Disco Night,No glow,Peach,Heart,Disco Afro,None
884,Party Panda #884,A looping cartoon party-panda PFP with real panda markings. Minted on Base.,884.gif,Neon Club,Sparkle Burst,Classic,Spark,Bare head,Balloon
885,Party Panda #885,A looping cartoon party-panda PFP with real panda markings. Minted on Base.,885.gif,Candy Rave,Laser Sweep,Chubby,Shades,Tiny Crown,Sparkler
886,Party Panda #886,A looping cartoon party-panda PFP with real panda markings. Minted on Base.,886.gif,Disco Night,Disco Pulse,Cub,Spark,Bare head,None
887,Party Panda #887,A looping cartoon party-panda PFP with real panda markings. Minted on Base.,887.gif,Moonlight,No glow,Dancer,Wink,Bare head,Sparkler
888,Party Panda #888,A looping cartoon party-panda PFP with real panda markings. Minted on Base.,888.gif,Moonlight,Disco Pulse,Dancer,Wink,Party Hat,None
889,Party Panda #889,A looping cartoon party-panda PFP with real panda markings. Minted on Base.,889.gif,Garden Party,Laser Sweep,Peach,Shades,Tiny Crown,Balloon
890,Party Panda #890,A looping cartoon party-panda PFP with real panda markings. Minted on Base.,890.gif,Bamboo Lounge,No glow,Cub,Shades,Bare head,Sparkler
891,Party Panda #891,A looping cartoon party-panda PFP with real panda markings. Minted on Base.,891.gif,Confetti Hall,Champagne Haze,Dancer,Sleepy,Tiny Crown,Sparkler
892,Party Panda #892,A looping cartoon party-panda PFP with real panda markings. Minted on Base.,892.gif,Candy Rave,Sparkle Burst,Chubby,Sleepy,Tiny Crown,Confetti
893,Party Panda #893,A looping cartoon party-panda PFP with real panda markings. Minted on Base.,893.gif,Garden Party,No glow,Tuxedo,Spark,Tiny Crown,Cocktail
894,Party Panda #894,A looping cartoon party-panda PFP with real panda markings. Minted on Base.,894.gif,Neon Club,Disco Pulse,Classic,Spark,Tiny Crown,Cocktail
895,Party Panda #895,A looping cartoon party-panda PFP with real panda markings. Minted on Base.,895.gif,Moonlight,Disco Pulse,Peach,Spark,Bare head,None
896,Party Panda #896,A looping cartoon party-panda PFP with real panda markings. Minted on Base.,896.gif,Candy Rave,Disco Pulse,Cub,Blink,Lei,Cocktail
897,Party Panda #897,A looping cartoon party-panda PFP with real panda markings. Minted on Base.,897.gif,Confetti Hall,Sparkle Burst,Tuxedo,Blink,Tiny Crown,None
898,Party Panda #898,A looping cartoon party-panda PFP with real panda markings. Minted on Base.,898.gif,Disco Night,Champagne Haze,Chubby,Sleepy,Headphones,Confetti
899,Party Panda #899,A looping cartoon party-panda PFP with real panda markings. Minted on Base.,899.gif,Moonlight,Neon Ring,Dancer,Blink,Bowtie,Balloon
900,Party Panda #900,A looping cartoon party-panda PFP with real panda markings. Minted on Base.,900.gif,Confetti Hall,Neon Ring,Dancer,Sleepy,Headphones,Boombox
901,Party Panda #901,A looping cartoon party-panda PFP with real panda markings. Minted on Base.,901.gif,Rooftop Glow,Disco Pulse,Cub,Sleepy,Bowtie,Boombox
902,Party Panda #902,A looping cartoon party-panda PFP with real panda markings. Minted on Base.,902.gif,Rooftop Glow,Neon Ring,Dancer,Blink,Tiny Crown,Confetti
903,Party Panda #903,A looping cartoon party-panda PFP with real panda markings. Minted on Base.,903.gif,Neon Club,No glow,Dancer,Heart,Bowtie,Sparkler
904,Party Panda #904,A looping cartoon party-panda PFP with real panda markings. Minted on Base.,904.gif,Candy Rave,Laser Sweep,Cub,Sleepy,Bare head,Confetti
905,Party Panda #905,A looping cartoon party-panda PFP with real panda markings. Minted on Base.,905.gif,Disco Night,Laser Sweep,Peach,Wink,Party Hat,None
906,Party Panda #906,A looping cartoon party-panda PFP with real panda markings. Minted on Base.,906.gif,Disco Night,Laser Sweep,Dancer,Blink,Lei,Cocktail
907,Party Panda #907,A looping cartoon party-panda PFP with real panda markings. Minted on Base.,907.gif,Neon Club,Laser Sweep,Classic,Heart,Bowtie,Balloon
908,Party Panda #908,A looping cartoon party-panda PFP with real panda markings. Minted on Base.,908.gif,Neon Club,Sparkle Burst,Classic,Blink,Disco Afro,Balloon
909,Party Panda #909,A looping cartoon party-panda PFP with real panda markings. Minted on Base.,909.gif,Bamboo Lounge,Sparkle Burst,Dancer,Sleepy,Tiny Crown,Boombox
910,Party Panda #910,A looping cartoon party-panda PFP with real panda markings. Minted on Base.,910.gif,Candy Rave,Laser Sweep,Classic,Blink,Headphones,None
911,Party Panda #911,A looping cartoon party-panda PFP with real panda markings. Minted on Base.,911.gif,Rooftop Glow,No glow,Dancer,Wink,Bowtie,Balloon
912,Party Panda #912,A looping cartoon party-panda PFP with real panda markings. Minted on Base.,912.gif,Confetti Hall,Champagne Haze,Cub,Wink,Tiny Crown,None
913,Party Panda #913,A looping cartoon party-panda PFP with real panda markings. Minted on Base.,913.gif,Candy Rave,Sparkle Burst,Cub,Shades,Bare head,Balloon
914,Party Panda #914,A looping cartoon party-panda PFP with real panda markings. Minted on Base.,914.gif,Garden Party,Champagne Haze,Chubby,Sleepy,Headphones,Confetti
915,Party Panda #915,A looping cartoon party-panda PFP with real panda markings. Minted on Base.,915.gif,Moonlight,Sparkle Burst,Classic,Wink,Party Hat,Confetti
916,Party Panda #916,A looping cartoon party-panda PFP with real panda markings. Minted on Base.,916.gif,Rooftop Glow,Disco Pulse,Tuxedo,Heart,Headphones,Boombox
917,Party Panda #917,A looping cartoon party-panda PFP with real panda markings. Minted on Base.,917.gif,Disco Night,Neon Ring,Chubby,Heart,Disco Afro,Sparkler
918,Party Panda #918,A looping cartoon party-panda PFP with real panda markings. Minted on Base.,918.gif,Garden Party,Champagne Haze,Chubby,Shades,Bare head,None
919,Party Panda #919,A looping cartoon party-panda PFP with real panda markings. Minted on Base.,919.gif,Confetti Hall,Neon Ring,Dancer,Heart,Party Hat,Cocktail
920,Party Panda #920,A looping cartoon party-panda PFP with real panda markings. Minted on Base.,920.gif,Bamboo Lounge,No glow,Chubby,Wink,Bowtie,Cocktail
921,Party Panda #921,A looping cartoon party-panda PFP with real panda markings. Minted on Base.,921.gif,Neon Club,No glow,Classic,Blink,Headphones,None
922,Party Panda #922,A looping cartoon party-panda PFP with real panda markings. Minted on Base.,922.gif,Bamboo Lounge,Disco Pulse,Classic,Wink,Bare head,None
923,Party Panda #923,A looping cartoon party-panda PFP with real panda markings. Minted on Base.,923.gif,Bamboo Lounge,Champagne Haze,Tuxedo,Blink,Disco Afro,Sparkler
924,Party Panda #924,A looping cartoon party-panda PFP with real panda markings. Minted on Base.,924.gif,Moonlight,No glow,Cub,Blink,Bowtie,None
925,Party Panda #925,A looping cartoon party-panda PFP with real panda markings. Minted on Base.,925.gif,Disco Night,No glow,Chubby,Shades,Party Hat,Cocktail
926,Party Panda #926,A looping cartoon party-panda PFP with real panda markings. Minted on Base.,926.gif,Neon Club,Disco Pulse,Peach,Wink,Bare head,Confetti
927,Party Panda #927,A looping cartoon party-panda PFP with real panda markings. Minted on Base.,927.gif,Disco Night,No glow,Classic,Spark,Disco Afro,None
928,Party Panda #928,A looping cartoon party-panda PFP with real panda markings. Minted on Base.,928.gif,Garden Party,Laser Sweep,Cub,Sleepy,Disco Afro,Balloon
929,Party Panda #929,A looping cartoon party-panda PFP with real panda markings. Minted on Base.,929.gif,Garden Party,Sparkle Burst,Peach,Heart,Bowtie,Cocktail
930,Party Panda #930,A looping cartoon party-panda PFP with real panda markings. Minted on Base.,930.gif,Disco Night,Laser Sweep,Tuxedo,Blink,Headphones,Sparkler
931,Party Panda #931,A looping cartoon party-panda PFP with real panda markings. Minted on Base.,931.gif,Moonlight,Neon Ring,Chubby,Heart,Tiny Crown,Sparkler
932,Party Panda #932,A looping cartoon party-panda PFP with real panda markings. Minted on Base.,932.gif,Disco Night,No glow,Peach,Heart,Bare head,Sparkler
933,Party Panda #933,A looping cartoon party-panda PFP with real panda markings. Minted on Base.,933.gif,Disco Night,No glow,Peach,Blink,Bowtie,Balloon
934,Party Panda #934,A looping cartoon party-panda PFP with real panda markings. Minted on Base.,934.gif,Neon Club,Disco Pulse,Dancer,Blink,Bowtie,None
935,Party Panda #935,A looping cartoon party-panda PFP with real panda markings. Minted on Base.,935.gif,Neon Club,Champagne Haze,Classic,Heart,Lei,Sparkler
936,Party Panda #936,A looping cartoon party-panda PFP with real panda markings. Minted on Base.,936.gif,Bamboo Lounge,Neon Ring,Tuxedo,Spark,Party Hat,Balloon
937,Party Panda #937,A looping cartoon party-panda PFP with real panda markings. Minted on Base.,937.gif,Confetti Hall,No glow,Cub,Wink,Lei,Cocktail
938,Party Panda #938,A looping cartoon party-panda PFP with real panda markings. Minted on Base.,938.gif,Bamboo Lounge,No glow,Dancer,Blink,Tiny Crown,Confetti
939,Party Panda #939,A looping cartoon party-panda PFP with real panda markings. Minted on Base.,939.gif,Disco Night,Champagne Haze,Classic,Shades,Tiny Crown,Confetti
940,Party Panda #940,A looping cartoon party-panda PFP with real panda markings. Minted on Base.,940.gif,Neon Club,Disco Pulse,Cub,Sleepy,Bowtie,Boombox
941,Party Panda #941,A looping cartoon party-panda PFP with real panda markings. Minted on Base.,941.gif,Rooftop Glow,Disco Pulse,Classic,Wink,Tiny Crown,Cocktail
942,Party Panda #942,A looping cartoon party-panda PFP with real panda markings. Minted on Base.,942.gif,Rooftop Glow,Laser Sweep,Tuxedo,Wink,Tiny Crown,None
943,Party Panda #943,A looping cartoon party-panda PFP with real panda markings. Minted on Base.,943.gif,Moonlight,Sparkle Burst,Chubby,Shades,Party Hat,Boombox
944,Party Panda #944,A looping cartoon party-panda PFP with real panda markings. Minted on Base.,944.gif,Garden Party,Neon Ring,Chubby,Sleepy,Party Hat,Confetti
945,Party Panda #945,A looping cartoon party-panda PFP with real panda markings. Minted on Base.,945.gif,Neon Club,No glow,Tuxedo,Wink,Bare head,Sparkler
946,Party Panda #946,A looping cartoon party-panda PFP with real panda markings. Minted on Base.,946.gif,Disco Night,Neon Ring,Chubby,Wink,Party Hat,Confetti
947,Party Panda #947,A looping cartoon party-panda PFP with real panda markings. Minted on Base.,947.gif,Garden Party,Sparkle Burst,Classic,Heart,Lei,None
948,Party Panda #948,A looping cartoon party-panda PFP with real panda markings. Minted on Base.,948.gif,Rooftop Glow,Champagne Haze,Cub,Heart,Bare head,Boombox
949,Party Panda #949,A looping cartoon party-panda PFP with real panda markings. Minted on Base.,949.gif,Candy Rave,Sparkle Burst,Chubby,Wink,Disco Afro,Sparkler
950,Party Panda #950,A looping cartoon party-panda PFP with real panda markings. Minted on Base.,950.gif,Disco Night,Disco Pulse,Peach,Blink,Tiny Crown,Balloon
951,Party Panda #951,A looping cartoon party-panda PFP with real panda markings. Minted on Base.,951.gif,Garden Party,Neon Ring,Dancer,Shades,Party Hat,Boombox
952,Party Panda #952,A looping cartoon party-panda PFP with real panda markings. Minted on Base.,952.gif,Garden Party,Sparkle Burst,Cub,Wink,Disco Afro,None
953,Party Panda #953,A looping cartoon party-panda PFP with real panda markings. Minted on Base.,953.gif,Garden Party,No glow,Classic,Spark,Party Hat,None
954,Party Panda #954,A looping cartoon party-panda PFP with real panda markings. Minted on Base.,954.gif,Candy Rave,Sparkle Burst,Cub,Spark,Tiny Crown,Boombox
955,Party Panda #955,A looping cartoon party-panda PFP with real panda markings. Minted on Base.,955.gif,Garden Party,Disco Pulse,Tuxedo,Blink,Bare head,None
956,Party Panda #956,A looping cartoon party-panda PFP with real panda markings. Minted on Base.,956.gif,Disco Night,Laser Sweep,Tuxedo,Blink,Party Hat,None
957,Party Panda #957,A looping cartoon party-panda PFP with real panda markings. Minted on Base.,957.gif,Candy Rave,Neon Ring,Dancer,Blink,Bowtie,None
958,Party Panda #958,A looping cartoon party-panda PFP with real panda markings. Minted on Base.,958.gif,Moonlight,Sparkle Burst,Peach,Sleepy,Headphones,Balloon
959,Party Panda #959,A looping cartoon party-panda PFP with real panda markings. Minted on Base.,959.gif,Moonlight,Champagne Haze,Peach,Heart,Party Hat,None
960,Party Panda #960,A looping cartoon party-panda PFP with real panda markings. Minted on Base.,960.gif,Garden Party,No glow,Cub,Blink,Lei,Balloon
961,Party Panda #961,A looping cartoon party-panda PFP with real panda markings. Minted on Base.,961.gif,Rooftop Glow,Champagne Haze,Chubby,Blink,Bare head,Sparkler
962,Party Panda #962,A looping cartoon party-panda PFP with real panda markings. Minted on Base.,962.gif,Disco Night,Laser Sweep,Peach,Spark,Tiny Crown,Boombox
963,Party Panda #963,A looping cartoon party-panda PFP with real panda markings. Minted on Base.,963.gif,Confetti Hall,Disco Pulse,Peach,Wink,Party Hat,Confetti
964,Party Panda #964,A looping cartoon party-panda PFP with real panda markings. Minted on Base.,964.gif,Rooftop Glow,Laser Sweep,Cub,Shades,Party Hat,Confetti
965,Party Panda #965,A looping cartoon party-panda PFP with real panda markings. Minted on Base.,965.gif,Neon Club,Neon Ring,Classic,Heart,Disco Afro,Sparkler
966,Party Panda #966,A looping cartoon party-panda PFP with real panda markings. Minted on Base.,966.gif,Garden Party,Neon Ring,Dancer,Shades,Lei,Cocktail
967,Party Panda #967,A looping cartoon party-panda PFP with real panda markings. Minted on Base.,967.gif,Disco Night,Laser Sweep,Dancer,Wink,Disco Afro,Cocktail
968,Party Panda #968,A looping cartoon party-panda PFP with real panda markings. Minted on Base.,968.gif,Rooftop Glow,Laser Sweep,Dancer,Sleepy,Bare head,Boombox
969,Party Panda #969,A looping cartoon party-panda PFP with real panda markings. Minted on Base.,969.gif,Disco Night,No glow,Classic,Heart,Lei,Balloon
970,Party Panda #970,A looping cartoon party-panda PFP with real panda markings. Minted on Base.,970.gif,Candy Rave,No glow,Classic,Heart,Bowtie,Cocktail
971,Party Panda #971,A looping cartoon party-panda PFP with real panda markings. Minted on Base.,971.gif,Disco Night,No glow,Cub,Blink,Disco Afro,Confetti
972,Party Panda #972,A looping cartoon party-panda PFP with real panda markings. Minted on Base.,972.gif,Moonlight,No glow,Dancer,Spark,Disco Afro,Cocktail
973,Party Panda #973,A looping cartoon party-panda PFP with real panda markings. Minted on Base.,973.gif,Rooftop Glow,Disco Pulse,Cub,Shades,Lei,None
974,Party Panda #974,A looping cartoon party-panda PFP with real panda markings. Minted on Base.,974.gif,Disco Night,Neon Ring,Peach,Heart,Party Hat,Cocktail
975,Party Panda #975,A looping cartoon party-panda PFP with real panda markings. Minted on Base.,975.gif,Neon Club,Champagne Haze,Cub,Blink,Disco Afro,Balloon
976,Party Panda #976,A looping cartoon party-panda PFP with real panda markings. Minted on Base.,976.gif,Moonlight,Laser Sweep,Tuxedo,Sleepy,Bare head,None
977,Party Panda #977,A looping cartoon party-panda PFP with real panda markings. Minted on Base.,977.gif,Bamboo Lounge,No glow,Dancer,Sleepy,Lei,Boombox
978,Party Panda #978,A looping cartoon party-panda PFP with real panda markings. Minted on Base.,978.gif,Disco Night,Disco Pulse,Tuxedo,Shades,Tiny Crown,Cocktail
979,Party Panda #979,A looping cartoon party-panda PFP with real panda markings. Minted on Base.,979.gif,Disco Night,Neon Ring,Classic,Wink,Headphones,Sparkler
980,Party Panda #980,A looping cartoon party-panda PFP with real panda markings. Minted on Base.,980.gif,Bamboo Lounge,Disco Pulse,Tuxedo,Wink,Bowtie,Boombox
981,Party Panda #981,A looping cartoon party-panda PFP with real panda markings. Minted on Base.,981.gif,Confetti Hall,Laser Sweep,Tuxedo,Spark,Lei,Balloon
982,Party Panda #982,A looping cartoon party-panda PFP with real panda markings. Minted on Base.,982.gif,Rooftop Glow,Laser Sweep,Classic,Blink,Headphones,Confetti
983,Party Panda #983,A looping cartoon party-panda PFP with real panda markings. Minted on Base.,983.gif,Rooftop Glow,No glow,Dancer,Sleepy,Party Hat,Boombox
984,Party Panda #984,A looping cartoon party-panda PFP with real panda markings. Minted on Base.,984.gif,Rooftop Glow,Laser Sweep,Dancer,Heart,Tiny Crown,Cocktail
985,Party Panda #985,A looping cartoon party-panda PFP with real panda markings. Minted on Base.,985.gif,Bamboo Lounge,Sparkle Burst,Tuxedo,Sleepy,Disco Afro,Cocktail
986,Party Panda #986,A looping cartoon party-panda PFP with real panda markings. Minted on Base.,986.gif,Candy Rave,Sparkle Burst,Tuxedo,Spark,Bare head,Balloon
987,Party Panda #987,A looping cartoon party-panda PFP with real panda markings. Minted on Base.,987.gif,Disco Night,No glow,Cub,Wink,Party Hat,Boombox
988,Party Panda #988,A looping cartoon party-panda PFP with real panda markings. Minted on Base.,988.gif,Rooftop Glow,Champagne Haze,Classic,Heart,Bare head,Balloon
989,Party Panda #989,A looping cartoon party-panda PFP with real panda markings. Minted on Base.,989.gif,Candy Rave,Sparkle Burst,Peach,Sleepy,Tiny Crown,Confetti
990,Party Panda #990,A looping cartoon party-panda PFP with real panda markings. Minted on Base.,990.gif,Neon Club,Laser Sweep,Tuxedo,Blink,Bare head,None
991,Party Panda #991,A looping cartoon party-panda PFP with real panda markings. Minted on Base.,991.gif,Bamboo Lounge,Champagne Haze,Tuxedo,Wink,Bare head,Cocktail
992,Party Panda #992,A looping cartoon party-panda PFP with real panda markings. Minted on Base.,992.gif,Neon Club,Sparkle Burst,Dancer,Sleepy,Disco Afro,Sparkler
993,Party Panda #993,A looping cartoon party-panda PFP with real panda markings. Minted on Base.,993.gif,Confetti Hall,Sparkle Burst,Tuxedo,Heart,Party Hat,Sparkler
994,Party Panda #994,A looping cartoon party-panda PFP with real panda markings. Minted on Base.,994.gif,Moonlight,Disco Pulse,Tuxedo,Blink,Bowtie,Balloon
995,Party Panda #995,A looping cartoon party-panda PFP with real panda markings. Minted on Base.,995.gif,Bamboo Lounge,Disco Pulse,Chubby,Spark,Bowtie,Sparkler
996,Party Panda #996,A looping cartoon party-panda PFP with real panda markings. Minted on Base.,996.gif,Rooftop Glow,Laser Sweep,Classic,Wink,Party Hat,Cocktail
997,Party Panda #997,A looping cartoon party-panda PFP with real panda markings. Minted on Base.,997.gif,Bamboo Lounge,Neon Ring,Dancer,Blink,Tiny Crown,Confetti
998,Party Panda #998,A looping cartoon party-panda PFP with real panda markings. Minted on Base.,998.gif,Disco Night,No glow,Tuxedo,Blink,Tiny Crown,Confetti
999,Party Panda #999,A looping cartoon party-panda PFP with real panda markings. Minted on Base.,999.gif,Confetti Hall,No glow,Dancer,Wink,Party Hat,Boombox
1000,Party Panda #1000,A looping cartoon party-panda PFP with real panda markings. Minted on Base.,1000.gif,Disco Night,Laser Sweep,Chubby,Wink,Bare head,Sparkler
1001,Party Panda #1001,A looping cartoon party-panda PFP with real panda markings. Minted on Base.,1001.gif,Garden Party,Disco Pulse,Cub,Sleepy,Party Hat,Cocktail
1002,Party Panda #1002,A looping cartoon party-panda PFP with real panda markings. Minted on Base.,1002.gif,Neon Club,Sparkle Burst,Dancer,Sleepy,Bare head,Cocktail
1003,Party Panda #1003,A looping cartoon party-panda PFP with real panda markings. Minted on Base.,1003.gif,Neon Club,Neon Ring,Peach,Spark,Party Hat,None
1004,Party Panda #1004,A looping cartoon party-panda PFP with real panda markings. Minted on Base.,1004.gif,Rooftop Glow,Disco Pulse,Chubby,Spark,Disco Afro,Confetti
1005,Party Panda #1005,A looping cartoon party-panda PFP with real panda markings. Minted on Base.,1005.gif,Moonlight,Champagne Haze,Dancer,Spark,Party Hat,None
1006,Party Panda #1006,A looping cartoon party-panda PFP with real panda markings. Minted on Base.,1006.gif,Moonlight,Sparkle Burst,Classic,Blink,Headphones,None
1007,Party Panda #1007,A looping cartoon party-panda PFP with real panda markings. Minted on Base.,1007.gif,Garden Party,Sparkle Burst,Dancer,Blink,Headphones,Confetti
1008,Party Panda #1008,A looping cartoon party-panda PFP with real panda markings. Minted on Base.,1008.gif,Moonlight,Neon Ring,Tuxedo,Blink,Headphones,Confetti
1009,Party Panda #1009,A looping cartoon party-panda PFP with real panda markings. Minted on Base.,1009.gif,Garden Party,No glow,Classic,Shades,Lei,Boombox
1010,Party Panda #1010,A looping cartoon party-panda PFP with real panda markings. Minted on Base.,1010.gif,Disco Night,Disco Pulse,Dancer,Blink,Headphones,None
1011,Party Panda #1011,A looping cartoon party-panda PFP with real panda markings. Minted on Base.,1011.gif,Disco Night,Neon Ring,Tuxedo,Wink,Bare head,Balloon
1012,Party Panda #1012,A looping cartoon party-panda PFP with real panda markings. Minted on Base.,1012.gif,Garden Party,Disco Pulse,Cub,Heart,Disco Afro,None
1013,Party Panda #1013,A looping cartoon party-panda PFP with real panda markings. Minted on Base.,1013.gif,Garden Party,Champagne Haze,Peach,Wink,Disco Afro,Cocktail
1014,Party Panda #1014,A looping cartoon party-panda PFP with real panda markings. Minted on Base.,1014.gif,Moonlight,No glow,Dancer,Shades,Headphones,Balloon
1015,Party Panda #1015,A looping cartoon party-panda PFP with real panda markings. Minted on Base.,1015.gif,Confetti Hall,Neon Ring,Cub,Shades,Party Hat,None
1016,Party Panda #1016,A looping cartoon party-panda PFP with real panda markings. Minted on Base.,1016.gif,Disco Night,No glow,Cub,Blink,Disco Afro,None
1017,Party Panda #1017,A looping cartoon party-panda PFP with real panda markings. Minted on Base.,1017.gif,Neon Club,Champagne Haze,Cub,Heart,Bowtie,None
1018,Party Panda #1018,A looping cartoon party-panda PFP with real panda markings. Minted on Base.,1018.gif,Candy Rave,Laser Sweep,Peach,Spark,Bowtie,Balloon
1019,Party Panda #1019,A looping cartoon party-panda PFP with real panda markings. Minted on Base.,1019.gif,Neon Club,Laser Sweep,Classic,Wink,Tiny Crown,Balloon
1020,Party Panda #1020,A looping cartoon party-panda PFP with real panda markings. Minted on Base.,1020.gif,Bamboo Lounge,Sparkle Burst,Tuxedo,Sleepy,Bowtie,Confetti
1021,Party Panda #1021,A looping cartoon party-panda PFP with real panda markings. Minted on Base.,1021.gif,Candy Rave,Laser Sweep,Chubby,Sleepy,Disco Afro,Cocktail
1022,Party Panda #1022,A looping cartoon party-panda PFP with real panda markings. Minted on Base.,1022.gif,Disco Night,Laser Sweep,Chubby,Blink,Headphones,Cocktail
1023,Party Panda #1023,A looping cartoon party-panda PFP with real panda markings. Minted on Base.,1023.gif,Garden Party,Laser Sweep,Dancer,Sleepy,Headphones,Balloon
1024,Party Panda #1024,A looping cartoon party-panda PFP with real panda markings. Minted on Base.,1024.gif,Garden Party,No glow,Cub,Blink,Bowtie,Confetti
1025,Party Panda #1025,A looping cartoon party-panda PFP with real panda markings. Minted on Base.,1025.gif,Disco Night,Sparkle Burst,Dancer,Wink,Bare head,Confetti
1026,Party Panda #1026,A looping cartoon party-panda PFP with real panda markings. Minted on Base.,1026.gif,Bamboo Lounge,Champagne Haze,Dancer,Shades,Lei,Cocktail
1027,Party Panda #1027,A looping cartoon party-panda PFP with real panda markings. Minted on Base.,1027.gif,Bamboo Lounge,Disco Pulse,Peach,Blink,Party Hat,Balloon
1028,Party Panda #1028,A looping cartoon party-panda PFP with real panda markings. Minted on Base.,1028.gif,Candy Rave,No glow,Dancer,Blink,Tiny Crown,Cocktail
1029,Party Panda #1029,A looping cartoon party-panda PFP with real panda markings. Minted on Base.,1029.gif,Neon Club,Disco Pulse,Peach,Spark,Party Hat,Balloon
1030,Party Panda #1030,A looping cartoon party-panda PFP with real panda markings. Minted on Base.,1030.gif,Moonlight,Neon Ring,Dancer,Heart,Lei,Cocktail
1031,Party Panda #1031,A looping cartoon party-panda PFP with real panda markings. Minted on Base.,1031.gif,Neon Club,Laser Sweep,Dancer,Wink,Tiny Crown,Sparkler
1032,Party Panda #1032,A looping cartoon party-panda PFP with real panda markings. Minted on Base.,1032.gif,Confetti Hall,Laser Sweep,Tuxedo,Heart,Headphones,Sparkler
1033,Party Panda #1033,A looping cartoon party-panda PFP with real panda markings. Minted on Base.,1033.gif,Moonlight,Sparkle Burst,Peach,Sleepy,Headphones,None
1034,Party Panda #1034,A looping cartoon party-panda PFP with real panda markings. Minted on Base.,1034.gif,Disco Night,Disco Pulse,Tuxedo,Shades,Headphones,Cocktail
1035,Party Panda #1035,A looping cartoon party-panda PFP with real panda markings. Minted on Base.,1035.gif,Disco Night,Neon Ring,Tuxedo,Spark,Headphones,Confetti
1036,Party Panda #1036,A looping cartoon party-panda PFP with real panda markings. Minted on Base.,1036.gif,Moonlight,No glow,Classic,Shades,Headphones,Boombox
1037,Party Panda #1037,A looping cartoon party-panda PFP with real panda markings. Minted on Base.,1037.gif,Garden Party,Sparkle Burst,Classic,Sleepy,Bare head,None
1038,Party Panda #1038,A looping cartoon party-panda PFP with real panda markings. Minted on Base.,1038.gif,Rooftop Glow,No glow,Classic,Blink,Tiny Crown,None
1039,Party Panda #1039,A looping cartoon party-panda PFP with real panda markings. Minted on Base.,1039.gif,Neon Club,Sparkle Burst,Cub,Sleepy,Disco Afro,Cocktail
1040,Party Panda #1040,A looping cartoon party-panda PFP with real panda markings. Minted on Base.,1040.gif,Candy Rave,Neon Ring,Classic,Spark,Bowtie,None
1041,Party Panda #1041,A looping cartoon party-panda PFP with real panda markings. Minted on Base.,1041.gif,Garden Party,Champagne Haze,Tuxedo,Sleepy,Party Hat,None
1042,Party Panda #1042,A looping cartoon party-panda PFP with real panda markings. Minted on Base.,1042.gif,Candy Rave,Champagne Haze,Chubby,Spark,Bowtie,Confetti
1043,Party Panda #1043,A looping cartoon party-panda PFP with real panda markings. Minted on Base.,1043.gif,Bamboo Lounge,Sparkle Burst,Classic,Sleepy,Lei,None
1044,Party Panda #1044,A looping cartoon party-panda PFP with real panda markings. Minted on Base.,1044.gif,Confetti Hall,Laser Sweep,Peach,Blink,Tiny Crown,Balloon
1045,Party Panda #1045,A looping cartoon party-panda PFP with real panda markings. Minted on Base.,1045.gif,Rooftop Glow,Champagne Haze,Cub,Spark,Party Hat,None
1046,Party Panda #1046,A looping cartoon party-panda PFP with real panda markings. Minted on Base.,1046.gif,Garden Party,Sparkle Burst,Dancer,Wink,Bare head,Boombox
1047,Party Panda #1047,A looping cartoon party-panda PFP with real panda markings. Minted on Base.,1047.gif,Neon Club,No glow,Classic,Sleepy,Headphones,Balloon
1048,Party Panda #1048,A looping cartoon party-panda PFP with real panda markings. Minted on Base.,1048.gif,Bamboo Lounge,Sparkle Burst,Dancer,Heart,Tiny Crown,None
1049,Party Panda #1049,A looping cartoon party-panda PFP with real panda markings. Minted on Base.,1049.gif,Disco Night,Disco Pulse,Classic,Blink,Tiny Crown,Sparkler
1050,Party Panda #1050,A looping cartoon party-panda PFP with real panda markings. Minted on Base.,1050.gif,Confetti Hall,No glow,Tuxedo,Blink,Bare head,Cocktail
1051,Party Panda #1051,A looping cartoon party-panda PFP with real panda markings. Minted on Base.,1051.gif,Candy Rave,Laser Sweep,Classic,Heart,Headphones,Balloon
1052,Party Panda #1052,A looping cartoon party-panda PFP with real panda markings. Minted on Base.,1052.gif,Confetti Hall,No glow,Tuxedo,Shades,Disco Afro,Balloon
1053,Party Panda #1053,A looping cartoon party-panda PFP with real panda markings. Minted on Base.,1053.gif,Garden Party,No glow,Classic,Spark,Bowtie,Confetti
1054,Party Panda #1054,A looping cartoon party-panda PFP with real panda markings. Minted on Base.,1054.gif,Disco Night,Sparkle Burst,Dancer,Heart,Headphones,Boombox
1055,Party Panda #1055,A looping cartoon party-panda PFP with real panda markings. Minted on Base.,1055.gif,Neon Club,Disco Pulse,Chubby,Spark,Headphones,Balloon
1056,Party Panda #1056,A looping cartoon party-panda PFP with real panda markings. Minted on Base.,1056.gif,Rooftop Glow,Neon Ring,Cub,Blink,Headphones,Confetti
1057,Party Panda #1057,A looping cartoon party-panda PFP with real panda markings. Minted on Base.,1057.gif,Neon Club,Neon Ring,Peach,Wink,Headphones,Cocktail
1058,Party Panda #1058,A looping cartoon party-panda PFP with real panda markings. Minted on Base.,1058.gif,Disco Night,Laser Sweep,Dancer,Sleepy,Bowtie,None
1059,Party Panda #1059,A looping cartoon party-panda PFP with real panda markings. Minted on Base.,1059.gif,Candy Rave,No glow,Chubby,Heart,Headphones,None
1060,Party Panda #1060,A looping cartoon party-panda PFP with real panda markings. Minted on Base.,1060.gif,Rooftop Glow,Champagne Haze,Tuxedo,Sleepy,Lei,Confetti
1061,Party Panda #1061,A looping cartoon party-panda PFP with real panda markings. Minted on Base.,1061.gif,Bamboo Lounge,No glow,Dancer,Sleepy,Bare head,Balloon
1062,Party Panda #1062,A looping cartoon party-panda PFP with real panda markings. Minted on Base.,1062.gif,Confetti Hall,No glow,Classic,Spark,Disco Afro,Balloon
1063,Party Panda #1063,A looping cartoon party-panda PFP with real panda markings. Minted on Base.,1063.gif,Confetti Hall,Sparkle Burst,Chubby,Wink,Bare head,Balloon
1064,Party Panda #1064,A looping cartoon party-panda PFP with real panda markings. Minted on Base.,1064.gif,Candy Rave,Disco Pulse,Dancer,Shades,Bare head,Boombox
1065,Party Panda #1065,A looping cartoon party-panda PFP with real panda markings. Minted on Base.,1065.gif,Disco Night,No glow,Dancer,Blink,Tiny Crown,Balloon
1066,Party Panda #1066,A looping cartoon party-panda PFP with real panda markings. Minted on Base.,1066.gif,Disco Night,Laser Sweep,Cub,Sleepy,Disco Afro,Balloon
1067,Party Panda #1067,A looping cartoon party-panda PFP with real panda markings. Minted on Base.,1067.gif,Neon Club,Champagne Haze,Classic,Sleepy,Bare head,Cocktail
1068,Party Panda #1068,A looping cartoon party-panda PFP with real panda markings. Minted on Base.,1068.gif,Confetti Hall,Disco Pulse,Classic,Sleepy,Bowtie,Balloon
1069,Party Panda #1069,A looping cartoon party-panda PFP with real panda markings. Minted on Base.,1069.gif,Disco Night,Disco Pulse,Peach,Spark,Disco Afro,Confetti
1070,Party Panda #1070,A looping cartoon party-panda PFP with real panda markings. Minted on Base.,1070.gif,Bamboo Lounge,Disco Pulse,Tuxedo,Wink,Party Hat,Confetti
1071,Party Panda #1071,A looping cartoon party-panda PFP with real panda markings. Minted on Base.,1071.gif,Bamboo Lounge,No glow,Tuxedo,Heart,Party Hat,None
1072,Party Panda #1072,A looping cartoon party-panda PFP with real panda markings. Minted on Base.,1072.gif,Rooftop Glow,Disco Pulse,Tuxedo,Shades,Tiny Crown,None
1073,Party Panda #1073,A looping cartoon party-panda PFP with real panda markings. Minted on Base.,1073.gif,Confetti Hall,Sparkle Burst,Tuxedo,Sleepy,Tiny Crown,Confetti
1074,Party Panda #1074,A looping cartoon party-panda PFP with real panda markings. Minted on Base.,1074.gif,Disco Night,Laser Sweep,Dancer,Spark,Tiny Crown,Balloon
1075,Party Panda #1075,A looping cartoon party-panda PFP with real panda markings. Minted on Base.,1075.gif,Neon Club,Champagne Haze,Peach,Shades,Bowtie,None
1076,Party Panda #1076,A looping cartoon party-panda PFP with real panda markings. Minted on Base.,1076.gif,Candy Rave,No glow,Chubby,Wink,Disco Afro,Boombox
1077,Party Panda #1077,A looping cartoon party-panda PFP with real panda markings. Minted on Base.,1077.gif,Candy Rave,Sparkle Burst,Cub,Blink,Lei,None
1078,Party Panda #1078,A looping cartoon party-panda PFP with real panda markings. Minted on Base.,1078.gif,Rooftop Glow,No glow,Tuxedo,Shades,Disco Afro,Balloon
1079,Party Panda #1079,A looping cartoon party-panda PFP with real panda markings. Minted on Base.,1079.gif,Disco Night,Disco Pulse,Cub,Heart,Bowtie,Confetti
1080,Party Panda #1080,A looping cartoon party-panda PFP with real panda markings. Minted on Base.,1080.gif,Disco Night,Laser Sweep,Tuxedo,Wink,Tiny Crown,Balloon
1081,Party Panda #1081,A looping cartoon party-panda PFP with real panda markings. Minted on Base.,1081.gif,Disco Night,No glow,Tuxedo,Spark,Bowtie,Balloon
1082,Party Panda #1082,A looping cartoon party-panda PFP with real panda markings. Minted on Base.,1082.gif,Garden Party,Champagne Haze,Tuxedo,Heart,Tiny Crown,Confetti
1083,Party Panda #1083,A looping cartoon party-panda PFP with real panda markings. Minted on Base.,1083.gif,Garden Party,Sparkle Burst,Tuxedo,Shades,Bare head,None
1084,Party Panda #1084,A looping cartoon party-panda PFP with real panda markings. Minted on Base.,1084.gif,Bamboo Lounge,Champagne Haze,Chubby,Wink,Disco Afro,Balloon
1085,Party Panda #1085,A looping cartoon party-panda PFP with real panda markings. Minted on Base.,1085.gif,Moonlight,No glow,Tuxedo,Wink,Party Hat,Cocktail
1086,Party Panda #1086,A looping cartoon party-panda PFP with real panda markings. Minted on Base.,1086.gif,Bamboo Lounge,Neon Ring,Tuxedo,Spark,Bowtie,Confetti
1087,Party Panda #1087,A looping cartoon party-panda PFP with real panda markings. Minted on Base.,1087.gif,Neon Club,Neon Ring,Chubby,Sleepy,Party Hat,Confetti
1088,Party Panda #1088,A looping cartoon party-panda PFP with real panda markings. Minted on Base.,1088.gif,Moonlight,No glow,Classic,Blink,Headphones,Confetti
1089,Party Panda #1089,A looping cartoon party-panda PFP with real panda markings. Minted on Base.,1089.gif,Confetti Hall,Neon Ring,Peach,Shades,Lei,Balloon
1090,Party Panda #1090,A looping cartoon party-panda PFP with real panda markings. Minted on Base.,1090.gif,Disco Night,Sparkle Burst,Dancer,Blink,Disco Afro,None
1091,Party Panda #1091,A looping cartoon party-panda PFP with real panda markings. Minted on Base.,1091.gif,Bamboo Lounge,Laser Sweep,Cub,Heart,Headphones,None
1092,Party Panda #1092,A looping cartoon party-panda PFP with real panda markings. Minted on Base.,1092.gif,Rooftop Glow,Disco Pulse,Peach,Sleepy,Headphones,None
1093,Party Panda #1093,A looping cartoon party-panda PFP with real panda markings. Minted on Base.,1093.gif,Moonlight,No glow,Tuxedo,Sleepy,Bowtie,Confetti
1094,Party Panda #1094,A looping cartoon party-panda PFP with real panda markings. Minted on Base.,1094.gif,Rooftop Glow,No glow,Chubby,Spark,Party Hat,None
1095,Party Panda #1095,A looping cartoon party-panda PFP with real panda markings. Minted on Base.,1095.gif,Rooftop Glow,Champagne Haze,Dancer,Sleepy,Bowtie,None
1096,Party Panda #1096,A looping cartoon party-panda PFP with real panda markings. Minted on Base.,1096.gif,Candy Rave,Sparkle Burst,Chubby,Blink,Lei,None
1097,Party Panda #1097,A looping cartoon party-panda PFP with real panda markings. Minted on Base.,1097.gif,Rooftop Glow,Champagne Haze,Dancer,Spark,Bowtie,Sparkler
1098,Party Panda #1098,A looping cartoon party-panda PFP with real panda markings. Minted on Base.,1098.gif,Bamboo Lounge,Disco Pulse,Dancer,Blink,Party Hat,None
1099,Party Panda #1099,A looping cartoon party-panda PFP with real panda markings. Minted on Base.,1099.gif,Rooftop Glow,Disco Pulse,Peach,Wink,Disco Afro,None
1100,Party Panda #1100,A looping cartoon party-panda PFP with real panda markings. Minted on Base.,1100.gif,Neon Club,Sparkle Burst,Chubby,Heart,Lei,Confetti
1101,Party Panda #1101,A looping cartoon party-panda PFP with real panda markings. Minted on Base.,1101.gif,Bamboo Lounge,Champagne Haze,Dancer,Shades,Disco Afro,Sparkler
1102,Party Panda #1102,A looping cartoon party-panda PFP with real panda markings. Minted on Base.,1102.gif,Disco Night,Disco Pulse,Chubby,Sleepy,Headphones,Cocktail
1103,Party Panda #1103,A looping cartoon party-panda PFP with real panda markings. Minted on Base.,1103.gif,Disco Night,No glow,Dancer,Shades,Disco Afro,Boombox
1104,Party Panda #1104,A looping cartoon party-panda PFP with real panda markings. Minted on Base.,1104.gif,Candy Rave,Disco Pulse,Dancer,Blink,Party Hat,Balloon
1105,Party Panda #1105,A looping cartoon party-panda PFP with real panda markings. Minted on Base.,1105.gif,Bamboo Lounge,Sparkle Burst,Dancer,Spark,Bare head,None
1106,Party Panda #1106,A looping cartoon party-panda PFP with real panda markings. Minted on Base.,1106.gif,Disco Night,Disco Pulse,Dancer,Sleepy,Party Hat,Balloon
1107,Party Panda #1107,A looping cartoon party-panda PFP with real panda markings. Minted on Base.,1107.gif,Neon Club,Neon Ring,Tuxedo,Blink,Party Hat,Balloon
1108,Party Panda #1108,A looping cartoon party-panda PFP with real panda markings. Minted on Base.,1108.gif,Disco Night,Sparkle Burst,Peach,Spark,Bare head,Confetti
1109,Party Panda #1109,A looping cartoon party-panda PFP with real panda markings. Minted on Base.,1109.gif,Confetti Hall,Sparkle Burst,Dancer,Heart,Lei,None
1110,Party Panda #1110,A looping cartoon party-panda PFP with real panda markings. Minted on Base.,1110.gif,Moonlight,No glow,Classic,Shades,Lei,Confetti
1111,Party Panda #1111,A looping cartoon party-panda PFP with real panda markings. Minted on Base.,1111.gif,Neon Club,No glow,Peach,Wink,Disco Afro,Cocktail
1112,Party Panda #1112,A looping cartoon party-panda PFP with real panda markings. Minted on Base.,1112.gif,Rooftop Glow,Laser Sweep,Chubby,Sleepy,Bare head,Sparkler
1113,Party Panda #1113,A looping cartoon party-panda PFP with real panda markings. Minted on Base.,1113.gif,Confetti Hall,No glow,Classic,Heart,Party Hat,Balloon
1114,Party Panda #1114,A looping cartoon party-panda PFP with real panda markings. Minted on Base.,1114.gif,Confetti Hall,No glow,Chubby,Blink,Disco Afro,Cocktail
1115,Party Panda #1115,A looping cartoon party-panda PFP with real panda markings. Minted on Base.,1115.gif,Bamboo Lounge,Laser Sweep,Tuxedo,Wink,Disco Afro,Confetti
1116,Party Panda #1116,A looping cartoon party-panda PFP with real panda markings. Minted on Base.,1116.gif,Candy Rave,Sparkle Burst,Cub,Sleepy,Bare head,None
1117,Party Panda #1117,A looping cartoon party-panda PFP with real panda markings. Minted on Base.,1117.gif,Neon Club,Disco Pulse,Classic,Shades,Tiny Crown,Confetti
1118,Party Panda #1118,A looping cartoon party-panda PFP with real panda markings. Minted on Base.,1118.gif,Garden Party,Laser Sweep,Dancer,Blink,Bare head,Balloon
1119,Party Panda #1119,A looping cartoon party-panda PFP with real panda markings. Minted on Base.,1119.gif,Neon Club,Champagne Haze,Classic,Shades,Bare head,None
1120,Party Panda #1120,A looping cartoon party-panda PFP with real panda markings. Minted on Base.,1120.gif,Neon Club,No glow,Peach,Shades,Bare head,None
1121,Party Panda #1121,A looping cartoon party-panda PFP with real panda markings. Minted on Base.,1121.gif,Moonlight,Sparkle Burst,Tuxedo,Heart,Lei,Boombox
1122,Party Panda #1122,A looping cartoon party-panda PFP with real panda markings. Minted on Base.,1122.gif,Disco Night,Champagne Haze,Classic,Wink,Disco Afro,None
1123,Party Panda #1123,A looping cartoon party-panda PFP with real panda markings. Minted on Base.,1123.gif,Neon Club,No glow,Classic,Shades,Headphones,None
1124,Party Panda #1124,A looping cartoon party-panda PFP with real panda markings. Minted on Base.,1124.gif,Moonlight,Neon Ring,Tuxedo,Sleepy,Tiny Crown,Cocktail
1125,Party Panda #1125,A looping cartoon party-panda PFP with real panda markings. Minted on Base.,1125.gif,Garden Party,Sparkle Burst,Classic,Wink,Lei,Cocktail
1126,Party Panda #1126,A looping cartoon party-panda PFP with real panda markings. Minted on Base.,1126.gif,Bamboo Lounge,Laser Sweep,Classic,Heart,Bare head,Boombox
1127,Party Panda #1127,A looping cartoon party-panda PFP with real panda markings. Minted on Base.,1127.gif,Garden Party,Sparkle Burst,Classic,Wink,Disco Afro,None
1128,Party Panda #1128,A looping cartoon party-panda PFP with real panda markings. Minted on Base.,1128.gif,Disco Night,Disco Pulse,Peach,Wink,Party Hat,Sparkler
1129,Party Panda #1129,A looping cartoon party-panda PFP with real panda markings. Minted on Base.,1129.gif,Moonlight,Neon Ring,Classic,Spark,Party Hat,Sparkler
1130,Party Panda #1130,A looping cartoon party-panda PFP with real panda markings. Minted on Base.,1130.gif,Garden Party,Sparkle Burst,Tuxedo,Blink,Disco Afro,Sparkler
1131,Party Panda #1131,A looping cartoon party-panda PFP with real panda markings. Minted on Base.,1131.gif,Garden Party,Neon Ring,Cub,Shades,Party Hat,Balloon
1132,Party Panda #1132,A looping cartoon party-panda PFP with real panda markings. Minted on Base.,1132.gif,Bamboo Lounge,Sparkle Burst,Classic,Shades,Headphones,Sparkler
1133,Party Panda #1133,A looping cartoon party-panda PFP with real panda markings. Minted on Base.,1133.gif,Garden Party,Neon Ring,Dancer,Heart,Lei,Balloon
1134,Party Panda #1134,A looping cartoon party-panda PFP with real panda markings. Minted on Base.,1134.gif,Rooftop Glow,No glow,Classic,Heart,Tiny Crown,Sparkler
1135,Party Panda #1135,A looping cartoon party-panda PFP with real panda markings. Minted on Base.,1135.gif,Candy Rave,Champagne Haze,Chubby,Shades,Bare head,Boombox
1136,Party Panda #1136,A looping cartoon party-panda PFP with real panda markings. Minted on Base.,1136.gif,Disco Night,Champagne Haze,Cub,Wink,Disco Afro,Boombox
1137,Party Panda #1137,A looping cartoon party-panda PFP with real panda markings. Minted on Base.,1137.gif,Bamboo Lounge,No glow,Tuxedo,Shades,Tiny Crown,Balloon
1138,Party Panda #1138,A looping cartoon party-panda PFP with real panda markings. Minted on Base.,1138.gif,Moonlight,No glow,Dancer,Blink,Bowtie,Cocktail
1139,Party Panda #1139,A looping cartoon party-panda PFP with real panda markings. Minted on Base.,1139.gif,Moonlight,Champagne Haze,Cub,Sleepy,Bowtie,Cocktail
1140,Party Panda #1140,A looping cartoon party-panda PFP with real panda markings. Minted on Base.,1140.gif,Disco Night,Neon Ring,Classic,Shades,Bare head,Confetti
1141,Party Panda #1141,A looping cartoon party-panda PFP with real panda markings. Minted on Base.,1141.gif,Neon Club,Neon Ring,Peach,Blink,Tiny Crown,Cocktail
1142,Party Panda #1142,A looping cartoon party-panda PFP with real panda markings. Minted on Base.,1142.gif,Confetti Hall,Disco Pulse,Tuxedo,Spark,Disco Afro,Confetti
1143,Party Panda #1143,A looping cartoon party-panda PFP with real panda markings. Minted on Base.,1143.gif,Neon Club,Disco Pulse,Cub,Heart,Disco Afro,Confetti
1144,Party Panda #1144,A looping cartoon party-panda PFP with real panda markings. Minted on Base.,1144.gif,Rooftop Glow,Neon Ring,Classic,Spark,Disco Afro,None
1145,Party Panda #1145,A looping cartoon party-panda PFP with real panda markings. Minted on Base.,1145.gif,Rooftop Glow,Disco Pulse,Cub,Shades,Party Hat,Cocktail
1146,Party Panda #1146,A looping cartoon party-panda PFP with real panda markings. Minted on Base.,1146.gif,Disco Night,Disco Pulse,Peach,Sleepy,Lei,Balloon
1147,Party Panda #1147,A looping cartoon party-panda PFP with real panda markings. Minted on Base.,1147.gif,Confetti Hall,No glow,Cub,Spark,Bare head,Confetti
1148,Party Panda #1148,A looping cartoon party-panda PFP with real panda markings. Minted on Base.,1148.gif,Disco Night,No glow,Tuxedo,Shades,Lei,Boombox
1149,Party Panda #1149,A looping cartoon party-panda PFP with real panda markings. Minted on Base.,1149.gif,Garden Party,Disco Pulse,Peach,Wink,Lei,Sparkler
1150,Party Panda #1150,A looping cartoon party-panda PFP with real panda markings. Minted on Base.,1150.gif,Rooftop Glow,Champagne Haze,Tuxedo,Shades,Bare head,Balloon
1151,Party Panda #1151,A looping cartoon party-panda PFP with real panda markings. Minted on Base.,1151.gif,Disco Night,Sparkle Burst,Tuxedo,Sleepy,Tiny Crown,Cocktail
1152,Party Panda #1152,A looping cartoon party-panda PFP with real panda markings. Minted on Base.,1152.gif,Confetti Hall,Neon Ring,Peach,Shades,Headphones,Cocktail
1153,Party Panda #1153,A looping cartoon party-panda PFP with real panda markings. Minted on Base.,1153.gif,Disco Night,No glow,Dancer,Shades,Party Hat,None
1154,Party Panda #1154,A looping cartoon party-panda PFP with real panda markings. Minted on Base.,1154.gif,Disco Night,Champagne Haze,Classic,Shades,Bare head,None
1155,Party Panda #1155,A looping cartoon party-panda PFP with real panda markings. Minted on Base.,1155.gif,Candy Rave,Neon Ring,Peach,Heart,Bare head,Cocktail
1156,Party Panda #1156,A looping cartoon party-panda PFP with real panda markings. Minted on Base.,1156.gif,Neon Club,Sparkle Burst,Peach,Wink,Tiny Crown,Sparkler
1157,Party Panda #1157,A looping cartoon party-panda PFP with real panda markings. Minted on Base.,1157.gif,Moonlight,Laser Sweep,Classic,Shades,Party Hat,Balloon
1158,Party Panda #1158,A looping cartoon party-panda PFP with real panda markings. Minted on Base.,1158.gif,Moonlight,Laser Sweep,Cub,Blink,Party Hat,None
1159,Party Panda #1159,A looping cartoon party-panda PFP with real panda markings. Minted on Base.,1159.gif,Candy Rave,Champagne Haze,Chubby,Sleepy,Lei,Sparkler
1160,Party Panda #1160,A looping cartoon party-panda PFP with real panda markings. Minted on Base.,1160.gif,Bamboo Lounge,Neon Ring,Peach,Shades,Lei,Boombox
1161,Party Panda #1161,A looping cartoon party-panda PFP with real panda markings. Minted on Base.,1161.gif,Neon Club,Champagne Haze,Cub,Spark,Disco Afro,None
1162,Party Panda #1162,A looping cartoon party-panda PFP with real panda markings. Minted on Base.,1162.gif,Confetti Hall,No glow,Chubby,Heart,Disco Afro,Confetti
1163,Party Panda #1163,A looping cartoon party-panda PFP with real panda markings. Minted on Base.,1163.gif,Candy Rave,No glow,Peach,Spark,Bare head,None
1164,Party Panda #1164,A looping cartoon party-panda PFP with real panda markings. Minted on Base.,1164.gif,Neon Club,Disco Pulse,Peach,Wink,Party Hat,None
1165,Party Panda #1165,A looping cartoon party-panda PFP with real panda markings. Minted on Base.,1165.gif,Bamboo Lounge,No glow,Cub,Sleepy,Party Hat,None
1166,Party Panda #1166,A looping cartoon party-panda PFP with real panda markings. Minted on Base.,1166.gif,Garden Party,Champagne Haze,Classic,Wink,Disco Afro,Cocktail
1167,Party Panda #1167,A looping cartoon party-panda PFP with real panda markings. Minted on Base.,1167.gif,Candy Rave,Laser Sweep,Classic,Sleepy,Bare head,Balloon
1168,Party Panda #1168,A looping cartoon party-panda PFP with real panda markings. Minted on Base.,1168.gif,Rooftop Glow,Sparkle Burst,Peach,Shades,Headphones,Confetti
1169,Party Panda #1169,A looping cartoon party-panda PFP with real panda markings. Minted on Base.,1169.gif,Garden Party,No glow,Classic,Spark,Bowtie,Sparkler
1170,Party Panda #1170,A looping cartoon party-panda PFP with real panda markings. Minted on Base.,1170.gif,Bamboo Lounge,Laser Sweep,Cub,Wink,Headphones,None
1171,Party Panda #1171,A looping cartoon party-panda PFP with real panda markings. Minted on Base.,1171.gif,Bamboo Lounge,No glow,Classic,Sleepy,Tiny Crown,Confetti
1172,Party Panda #1172,A looping cartoon party-panda PFP with real panda markings. Minted on Base.,1172.gif,Neon Club,Disco Pulse,Cub,Wink,Bare head,Sparkler
1173,Party Panda #1173,A looping cartoon party-panda PFP with real panda markings. Minted on Base.,1173.gif,Candy Rave,Laser Sweep,Tuxedo,Blink,Headphones,Sparkler
1174,Party Panda #1174,A looping cartoon party-panda PFP with real panda markings. Minted on Base.,1174.gif,Moonlight,Champagne Haze,Dancer,Wink,Lei,Cocktail
1175,Party Panda #1175,A looping cartoon party-panda PFP with real panda markings. Minted on Base.,1175.gif,Disco Night,No glow,Chubby,Shades,Disco Afro,Sparkler
1176,Party Panda #1176,A looping cartoon party-panda PFP with real panda markings. Minted on Base.,1176.gif,Candy Rave,Neon Ring,Peach,Blink,Bare head,Cocktail
1177,Party Panda #1177,A looping cartoon party-panda PFP with real panda markings. Minted on Base.,1177.gif,Garden Party,Sparkle Burst,Tuxedo,Wink,Bowtie,None
1178,Party Panda #1178,A looping cartoon party-panda PFP with real panda markings. Minted on Base.,1178.gif,Bamboo Lounge,No glow,Dancer,Spark,Disco Afro,Balloon
1179,Party Panda #1179,A looping cartoon party-panda PFP with real panda markings. Minted on Base.,1179.gif,Moonlight,Champagne Haze,Tuxedo,Spark,Bare head,Balloon
1180,Party Panda #1180,A looping cartoon party-panda PFP with real panda markings. Minted on Base.,1180.gif,Confetti Hall,Sparkle Burst,Peach,Heart,Headphones,Sparkler
1181,Party Panda #1181,A looping cartoon party-panda PFP with real panda markings. Minted on Base.,1181.gif,Confetti Hall,Champagne Haze,Cub,Spark,Headphones,Boombox
1182,Party Panda #1182,A looping cartoon party-panda PFP with real panda markings. Minted on Base.,1182.gif,Disco Night,Sparkle Burst,Dancer,Blink,Bare head,None
1183,Party Panda #1183,A looping cartoon party-panda PFP with real panda markings. Minted on Base.,1183.gif,Confetti Hall,Champagne Haze,Tuxedo,Sleepy,Headphones,Sparkler
1184,Party Panda #1184,A looping cartoon party-panda PFP with real panda markings. Minted on Base.,1184.gif,Confetti Hall,Laser Sweep,Tuxedo,Shades,Tiny Crown,Balloon
1185,Party Panda #1185,A looping cartoon party-panda PFP with real panda markings. Minted on Base.,1185.gif,Bamboo Lounge,No glow,Tuxedo,Heart,Disco Afro,Confetti
1186,Party Panda #1186,A looping cartoon party-panda PFP with real panda markings. Minted on Base.,1186.gif,Garden Party,Sparkle Burst,Chubby,Wink,Lei,Boombox
1187,Party Panda #1187,A looping cartoon party-panda PFP with real panda markings. Minted on Base.,1187.gif,Moonlight,Neon Ring,Cub,Heart,Bowtie,None
1188,Party Panda #1188,A looping cartoon party-panda PFP with real panda markings. Minted on Base.,1188.gif,Candy Rave,Disco Pulse,Tuxedo,Spark,Lei,Cocktail
1189,Party Panda #1189,A looping cartoon party-panda PFP with real panda markings. Minted on Base.,1189.gif,Moonlight,No glow,Chubby,Blink,Disco Afro,None
1190,Party Panda #1190,A looping cartoon party-panda PFP with real panda markings. Minted on Base.,1190.gif,Neon Club,Neon Ring,Classic,Wink,Bare head,Boombox
1191,Party Panda #1191,A looping cartoon party-panda PFP with real panda markings. Minted on Base.,1191.gif,Garden Party,Neon Ring,Dancer,Wink,Lei,Confetti
1192,Party Panda #1192,A looping cartoon party-panda PFP with real panda markings. Minted on Base.,1192.gif,Bamboo Lounge,Sparkle Burst,Peach,Wink,Headphones,Confetti
1193,Party Panda #1193,A looping cartoon party-panda PFP with real panda markings. Minted on Base.,1193.gif,Disco Night,No glow,Tuxedo,Blink,Bare head,Balloon
1194,Party Panda #1194,A looping cartoon party-panda PFP with real panda markings. Minted on Base.,1194.gif,Moonlight,Sparkle Burst,Classic,Shades,Bowtie,Boombox
1195,Party Panda #1195,A looping cartoon party-panda PFP with real panda markings. Minted on Base.,1195.gif,Confetti Hall,Neon Ring,Cub,Wink,Disco Afro,Confetti
1196,Party Panda #1196,A looping cartoon party-panda PFP with real panda markings. Minted on Base.,1196.gif,Disco Night,Disco Pulse,Classic,Blink,Party Hat,None
1197,Party Panda #1197,A looping cartoon party-panda PFP with real panda markings. Minted on Base.,1197.gif,Disco Night,No glow,Chubby,Blink,Bowtie,None
1198,Party Panda #1198,A looping cartoon party-panda PFP with real panda markings. Minted on Base.,1198.gif,Moonlight,No glow,Peach,Sleepy,Headphones,Cocktail
1199,Party Panda #1199,A looping cartoon party-panda PFP with real panda markings. Minted on Base.,1199.gif,Rooftop Glow,Sparkle Burst,Peach,Sleepy,Bare head,Boombox
1200,Party Panda #1200,A looping cartoon party-panda PFP with real panda markings. Minted on Base.,1200.gif,Confetti Hall,Sparkle Burst,Dancer,Spark,Headphones,None
1201,Party Panda #1201,A looping cartoon party-panda PFP with real panda markings. Minted on Base.,1201.gif,Confetti Hall,Disco Pulse,Cub,Sleepy,Headphones,Sparkler
1202,Party Panda #1202,A looping cartoon party-panda PFP with real panda markings. Minted on Base.,1202.gif,Bamboo Lounge,Champagne Haze,Chubby,Heart,Bowtie,Balloon
1203,Party Panda #1203,A looping cartoon party-panda PFP with real panda markings. Minted on Base.,1203.gif,Rooftop Glow,No glow,Cub,Blink,Headphones,Boombox
1204,Party Panda #1204,A looping cartoon party-panda PFP with real panda markings. Minted on Base.,1204.gif,Garden Party,Champagne Haze,Chubby,Blink,Bare head,Balloon
1205,Party Panda #1205,A looping cartoon party-panda PFP with real panda markings. Minted on Base.,1205.gif,Disco Night,Champagne Haze,Cub,Sleepy,Lei,Confetti
1206,Party Panda #1206,A looping cartoon party-panda PFP with real panda markings. Minted on Base.,1206.gif,Moonlight,Sparkle Burst,Dancer,Wink,Tiny Crown,Confetti
1207,Party Panda #1207,A looping cartoon party-panda PFP with real panda markings. Minted on Base.,1207.gif,Bamboo Lounge,No glow,Tuxedo,Heart,Lei,Confetti
1208,Party Panda #1208,A looping cartoon party-panda PFP with real panda markings. Minted on Base.,1208.gif,Neon Club,Neon Ring,Peach,Sleepy,Bare head,Sparkler
1209,Party Panda #1209,A looping cartoon party-panda PFP with real panda markings. Minted on Base.,1209.gif,Disco Night,Disco Pulse,Peach,Shades,Lei,Boombox
1210,Party Panda #1210,A looping cartoon party-panda PFP with real panda markings. Minted on Base.,1210.gif,Candy Rave,Laser Sweep,Cub,Blink,Party Hat,Boombox
1211,Party Panda #1211,A looping cartoon party-panda PFP with real panda markings. Minted on Base.,1211.gif,Disco Night,Neon Ring,Chubby,Shades,Bowtie,Sparkler
1212,Party Panda #1212,A looping cartoon party-panda PFP with real panda markings. Minted on Base.,1212.gif,Garden Party,Sparkle Burst,Dancer,Blink,Bowtie,Cocktail
1213,Party Panda #1213,A looping cartoon party-panda PFP with real panda markings. Minted on Base.,1213.gif,Confetti Hall,Sparkle Burst,Cub,Sleepy,Disco Afro,Sparkler
1214,Party Panda #1214,A looping cartoon party-panda PFP with real panda markings. Minted on Base.,1214.gif,Moonlight,Sparkle Burst,Chubby,Blink,Party Hat,Balloon
1215,Party Panda #1215,A looping cartoon party-panda PFP with real panda markings. Minted on Base.,1215.gif,Disco Night,Neon Ring,Peach,Sleepy,Bare head,Cocktail
1216,Party Panda #1216,A looping cartoon party-panda PFP with real panda markings. Minted on Base.,1216.gif,Bamboo Lounge,Neon Ring,Classic,Shades,Disco Afro,Cocktail
1217,Party Panda #1217,A looping cartoon party-panda PFP with real panda markings. Minted on Base.,1217.gif,Rooftop Glow,Sparkle Burst,Dancer,Blink,Lei,Boombox
1218,Party Panda #1218,A looping cartoon party-panda PFP with real panda markings. Minted on Base.,1218.gif,Confetti Hall,Sparkle Burst,Peach,Blink,Bare head,Sparkler
1219,Party Panda #1219,A looping cartoon party-panda PFP with real panda markings. Minted on Base.,1219.gif,Garden Party,Neon Ring,Classic,Heart,Bare head,Cocktail
1220,Party Panda #1220,A looping cartoon party-panda PFP with real panda markings. Minted on Base.,1220.gif,Candy Rave,Champagne Haze,Chubby,Blink,Disco Afro,Balloon
1221,Party Panda #1221,A looping cartoon party-panda PFP with real panda markings. Minted on Base.,1221.gif,Rooftop Glow,Laser Sweep,Tuxedo,Heart,Party Hat,Confetti
1222,Party Panda #1222,A looping cartoon party-panda PFP with real panda markings. Minted on Base.,1222.gif,Candy Rave,Champagne Haze,Dancer,Shades,Headphones,Cocktail
1223,Party Panda #1223,A looping cartoon party-panda PFP with real panda markings. Minted on Base.,1223.gif,Confetti Hall,Laser Sweep,Chubby,Shades,Bare head,Balloon
1224,Party Panda #1224,A looping cartoon party-panda PFP with real panda markings. Minted on Base.,1224.gif,Bamboo Lounge,Sparkle Burst,Classic,Heart,Headphones,Confetti
1225,Party Panda #1225,A looping cartoon party-panda PFP with real panda markings. Minted on Base.,1225.gif,Disco Night,No glow,Peach,Blink,Bare head,None
1226,Party Panda #1226,A looping cartoon party-panda PFP with real panda markings. Minted on Base.,1226.gif,Neon Club,Disco Pulse,Chubby,Wink,Tiny Crown,None
1227,Party Panda #1227,A looping cartoon party-panda PFP with real panda markings. Minted on Base.,1227.gif,Moonlight,No glow,Classic,Shades,Disco Afro,Balloon
1228,Party Panda #1228,A looping cartoon party-panda PFP with real panda markings. Minted on Base.,1228.gif,Rooftop Glow,No glow,Classic,Sleepy,Headphones,None
1229,Party Panda #1229,A looping cartoon party-panda PFP with real panda markings. Minted on Base.,1229.gif,Moonlight,Champagne Haze,Dancer,Blink,Bare head,Cocktail
1230,Party Panda #1230,A looping cartoon party-panda PFP with real panda markings. Minted on Base.,1230.gif,Rooftop Glow,Sparkle Burst,Chubby,Wink,Bowtie,Balloon
1231,Party Panda #1231,A looping cartoon party-panda PFP with real panda markings. Minted on Base.,1231.gif,Moonlight,Sparkle Burst,Peach,Spark,Bowtie,Confetti
1232,Party Panda #1232,A looping cartoon party-panda PFP with real panda markings. Minted on Base.,1232.gif,Confetti Hall,Champagne Haze,Tuxedo,Wink,Lei,Confetti
1233,Party Panda #1233,A looping cartoon party-panda PFP with real panda markings. Minted on Base.,1233.gif,Bamboo Lounge,Neon Ring,Dancer,Blink,Bare head,Cocktail
1234,Party Panda #1234,A looping cartoon party-panda PFP with real panda markings. Minted on Base.,1234.gif,Confetti Hall,Laser Sweep,Classic,Blink,Bare head,Balloon
1235,Party Panda #1235,A looping cartoon party-panda PFP with real panda markings. Minted on Base.,1235.gif,Neon Club,Neon Ring,Chubby,Sleepy,Party Hat,Cocktail
1236,Party Panda #1236,A looping cartoon party-panda PFP with real panda markings. Minted on Base.,1236.gif,Bamboo Lounge,Champagne Haze,Classic,Blink,Headphones,Confetti
1237,Party Panda #1237,A looping cartoon party-panda PFP with real panda markings. Minted on Base.,1237.gif,Rooftop Glow,No glow,Chubby,Spark,Tiny Crown,Confetti
1238,Party Panda #1238,A looping cartoon party-panda PFP with real panda markings. Minted on Base.,1238.gif,Candy Rave,Neon Ring,Classic,Sleepy,Headphones,Boombox
1239,Party Panda #1239,A looping cartoon party-panda PFP with real panda markings. Minted on Base.,1239.gif,Neon Club,Neon Ring,Chubby,Heart,Tiny Crown,Sparkler
1240,Party Panda #1240,A looping cartoon party-panda PFP with real panda markings. Minted on Base.,1240.gif,Confetti Hall,No glow,Cub,Blink,Tiny Crown,Boombox
1241,Party Panda #1241,A looping cartoon party-panda PFP with real panda markings. Minted on Base.,1241.gif,Neon Club,No glow,Chubby,Blink,Party Hat,None
1242,Party Panda #1242,A looping cartoon party-panda PFP with real panda markings. Minted on Base.,1242.gif,Disco Night,Sparkle Burst,Dancer,Spark,Bare head,None
1243,Party Panda #1243,A looping cartoon party-panda PFP with real panda markings. Minted on Base.,1243.gif,Garden Party,Laser Sweep,Classic,Blink,Party Hat,Boombox
1244,Party Panda #1244,A looping cartoon party-panda PFP with real panda markings. Minted on Base.,1244.gif,Bamboo Lounge,Champagne Haze,Peach,Shades,Bare head,Balloon
1245,Party Panda #1245,A looping cartoon party-panda PFP with real panda markings. Minted on Base.,1245.gif,Confetti Hall,Sparkle Burst,Chubby,Shades,Bare head,None
1246,Party Panda #1246,A looping cartoon party-panda PFP with real panda markings. Minted on Base.,1246.gif,Confetti Hall,Disco Pulse,Classic,Wink,Bare head,None
1247,Party Panda #1247,A looping cartoon party-panda PFP with real panda markings. Minted on Base.,1247.gif,Moonlight,Laser Sweep,Dancer,Wink,Headphones,Cocktail
1248,Party Panda #1248,A looping cartoon party-panda PFP with real panda markings. Minted on Base.,1248.gif,Disco Night,Sparkle Burst,Tuxedo,Wink,Party Hat,Sparkler
1249,Party Panda #1249,A looping cartoon party-panda PFP with real panda markings. Minted on Base.,1249.gif,Confetti Hall,Champagne Haze,Classic,Sleepy,Party Hat,Balloon
1250,Party Panda #1250,A looping cartoon party-panda PFP with real panda markings. Minted on Base.,1250.gif,Candy Rave,Neon Ring,Peach,Wink,Bowtie,Confetti
1251,Party Panda #1251,A looping cartoon party-panda PFP with real panda markings. Minted on Base.,1251.gif,Disco Night,Disco Pulse,Cub,Wink,Headphones,Balloon
1252,Party Panda #1252,A looping cartoon party-panda PFP with real panda markings. Minted on Base.,1252.gif,Moonlight,No glow,Cub,Heart,Lei,Confetti
1253,Party Panda #1253,A looping cartoon party-panda PFP with real panda markings. Minted on Base.,1253.gif,Bamboo Lounge,Neon Ring,Chubby,Wink,Party Hat,Boombox
1254,Party Panda #1254,A looping cartoon party-panda PFP with real panda markings. Minted on Base.,1254.gif,Rooftop Glow,No glow,Classic,Wink,Bare head,Cocktail
1255,Party Panda #1255,A looping cartoon party-panda PFP with real panda markings. Minted on Base.,1255.gif,Candy Rave,Neon Ring,Tuxedo,Sleepy,Disco Afro,None
1256,Party Panda #1256,A looping cartoon party-panda PFP with real panda markings. Minted on Base.,1256.gif,Candy Rave,Champagne Haze,Chubby,Spark,Party Hat,None
1257,Party Panda #1257,A looping cartoon party-panda PFP with real panda markings. Minted on Base.,1257.gif,Garden Party,Champagne Haze,Peach,Heart,Bare head,Sparkler
1258,Party Panda #1258,A looping cartoon party-panda PFP with real panda markings. Minted on Base.,1258.gif,Disco Night,Laser Sweep,Dancer,Spark,Disco Afro,Sparkler
1259,Party Panda #1259,A looping cartoon party-panda PFP with real panda markings. Minted on Base.,1259.gif,Garden Party,No glow,Cub,Blink,Bare head,Balloon
1260,Party Panda #1260,A looping cartoon party-panda PFP with real panda markings. Minted on Base.,1260.gif,Bamboo Lounge,Neon Ring,Cub,Shades,Party Hat,Balloon
1261,Party Panda #1261,A looping cartoon party-panda PFP with real panda markings. Minted on Base.,1261.gif,Disco Night,No glow,Chubby,Blink,Tiny Crown,Cocktail
1262,Party Panda #1262,A looping cartoon party-panda PFP with real panda markings. Minted on Base.,1262.gif,Disco Night,No glow,Classic,Shades,Disco Afro,None
1263,Party Panda #1263,A looping cartoon party-panda PFP with real panda markings. Minted on Base.,1263.gif,Confetti Hall,Sparkle Burst,Dancer,Sleepy,Bare head,Balloon
1264,Party Panda #1264,A looping cartoon party-panda PFP with real panda markings. Minted on Base.,1264.gif,Rooftop Glow,Disco Pulse,Cub,Blink,Tiny Crown,Balloon
1265,Party Panda #1265,A looping cartoon party-panda PFP with real panda markings. Minted on Base.,1265.gif,Bamboo Lounge,Champagne Haze,Dancer,Sleepy,Headphones,Balloon
1266,Party Panda #1266,A looping cartoon party-panda PFP with real panda markings. Minted on Base.,1266.gif,Garden Party,Disco Pulse,Peach,Shades,Headphones,Balloon
1267,Party Panda #1267,A looping cartoon party-panda PFP with real panda markings. Minted on Base.,1267.gif,Disco Night,Disco Pulse,Classic,Shades,Disco Afro,None
1268,Party Panda #1268,A looping cartoon party-panda PFP with real panda markings. Minted on Base.,1268.gif,Moonlight,Laser Sweep,Classic,Heart,Bare head,Boombox
1269,Party Panda #1269,A looping cartoon party-panda PFP with real panda markings. Minted on Base.,1269.gif,Disco Night,Sparkle Burst,Peach,Spark,Headphones,Boombox
1270,Party Panda #1270,A looping cartoon party-panda PFP with real panda markings. Minted on Base.,1270.gif,Garden Party,No glow,Tuxedo,Blink,Party Hat,Confetti
1271,Party Panda #1271,A looping cartoon party-panda PFP with real panda markings. Minted on Base.,1271.gif,Garden Party,Neon Ring,Chubby,Heart,Headphones,Confetti
1272,Party Panda #1272,A looping cartoon party-panda PFP with real panda markings. Minted on Base.,1272.gif,Confetti Hall,No glow,Classic,Heart,Party Hat,Confetti
1273,Party Panda #1273,A looping cartoon party-panda PFP with real panda markings. Minted on Base.,1273.gif,Moonlight,Laser Sweep,Dancer,Spark,Bare head,Cocktail
1274,Party Panda #1274,A looping cartoon party-panda PFP with real panda markings. Minted on Base.,1274.gif,Moonlight,Sparkle Burst,Chubby,Sleepy,Disco Afro,None
1275,Party Panda #1275,A looping cartoon party-panda PFP with real panda markings. Minted on Base.,1275.gif,Candy Rave,Disco Pulse,Classic,Wink,Bowtie,Confetti
1276,Party Panda #1276,A looping cartoon party-panda PFP with real panda markings. Minted on Base.,1276.gif,Rooftop Glow,No glow,Dancer,Heart,Headphones,Confetti
1277,Party Panda #1277,A looping cartoon party-panda PFP with real panda markings. Minted on Base.,1277.gif,Confetti Hall,Disco Pulse,Cub,Spark,Tiny Crown,Sparkler
1278,Party Panda #1278,A looping cartoon party-panda PFP with real panda markings. Minted on Base.,1278.gif,Rooftop Glow,Champagne Haze,Peach,Blink,Bare head,Cocktail
1279,Party Panda #1279,A looping cartoon party-panda PFP with real panda markings. Minted on Base.,1279.gif,Candy Rave,Champagne Haze,Cub,Wink,Bare head,Sparkler
1280,Party Panda #1280,A looping cartoon party-panda PFP with real panda markings. Minted on Base.,1280.gif,Garden Party,No glow,Classic,Heart,Tiny Crown,Boombox
1281,Party Panda #1281,A looping cartoon party-panda PFP with real panda markings. Minted on Base.,1281.gif,Rooftop Glow,Neon Ring,Cub,Sleepy,Tiny Crown,Confetti
1282,Party Panda #1282,A looping cartoon party-panda PFP with real panda markings. Minted on Base.,1282.gif,Rooftop Glow,Disco Pulse,Classic,Blink,Bowtie,Cocktail
1283,Party Panda #1283,A looping cartoon party-panda PFP with real panda markings. Minted on Base.,1283.gif,Rooftop Glow,Disco Pulse,Peach,Spark,Bare head,Cocktail
1284,Party Panda #1284,A looping cartoon party-panda PFP with real panda markings. Minted on Base.,1284.gif,Rooftop Glow,No glow,Chubby,Blink,Bare head,Boombox
1285,Party Panda #1285,A looping cartoon party-panda PFP with real panda markings. Minted on Base.,1285.gif,Neon Club,Champagne Haze,Cub,Wink,Bowtie,Confetti
1286,Party Panda #1286,A looping cartoon party-panda PFP with real panda markings. Minted on Base.,1286.gif,Neon Club,Laser Sweep,Chubby,Sleepy,Headphones,Confetti
1287,Party Panda #1287,A looping cartoon party-panda PFP with real panda markings. Minted on Base.,1287.gif,Garden Party,Champagne Haze,Chubby,Blink,Tiny Crown,None
1288,Party Panda #1288,A looping cartoon party-panda PFP with real panda markings. Minted on Base.,1288.gif,Candy Rave,No glow,Classic,Spark,Bare head,None
1289,Party Panda #1289,A looping cartoon party-panda PFP with real panda markings. Minted on Base.,1289.gif,Rooftop Glow,No glow,Chubby,Sleepy,Party Hat,Balloon
1290,Party Panda #1290,A looping cartoon party-panda PFP with real panda markings. Minted on Base.,1290.gif,Garden Party,No glow,Cub,Blink,Disco Afro,None
1291,Party Panda #1291,A looping cartoon party-panda PFP with real panda markings. Minted on Base.,1291.gif,Confetti Hall,No glow,Dancer,Wink,Tiny Crown,None
1292,Party Panda #1292,A looping cartoon party-panda PFP with real panda markings. Minted on Base.,1292.gif,Candy Rave,Disco Pulse,Cub,Wink,Headphones,Confetti
1293,Party Panda #1293,A looping cartoon party-panda PFP with real panda markings. Minted on Base.,1293.gif,Candy Rave,Disco Pulse,Dancer,Blink,Bare head,Confetti
1294,Party Panda #1294,A looping cartoon party-panda PFP with real panda markings. Minted on Base.,1294.gif,Disco Night,No glow,Tuxedo,Heart,Headphones,Sparkler
1295,Party Panda #1295,A looping cartoon party-panda PFP with real panda markings. Minted on Base.,1295.gif,Candy Rave,Neon Ring,Chubby,Blink,Headphones,Boombox
1296,Party Panda #1296,A looping cartoon party-panda PFP with real panda markings. Minted on Base.,1296.gif,Disco Night,No glow,Chubby,Spark,Bare head,Cocktail
1297,Party Panda #1297,A looping cartoon party-panda PFP with real panda markings. Minted on Base.,1297.gif,Disco Night,No glow,Chubby,Sleepy,Party Hat,Confetti
1298,Party Panda #1298,A looping cartoon party-panda PFP with real panda markings. Minted on Base.,1298.gif,Bamboo Lounge,Laser Sweep,Peach,Sleepy,Bare head,None
1299,Party Panda #1299,A looping cartoon party-panda PFP with real panda markings. Minted on Base.,1299.gif,Neon Club,Disco Pulse,Cub,Shades,Bare head,None
1300,Party Panda #1300,A looping cartoon party-panda PFP with real panda markings. Minted on Base.,1300.gif,Rooftop Glow,No glow,Classic,Blink,Bowtie,None
1301,Party Panda #1301,A looping cartoon party-panda PFP with real panda markings. Minted on Base.,1301.gif,Disco Night,No glow,Peach,Blink,Bare head,Boombox
1302,Party Panda #1302,A looping cartoon party-panda PFP with real panda markings. Minted on Base.,1302.gif,Garden Party,Laser Sweep,Tuxedo,Spark,Party Hat,Confetti
1303,Party Panda #1303,A looping cartoon party-panda PFP with real panda markings. Minted on Base.,1303.gif,Neon Club,No glow,Cub,Heart,Tiny Crown,Sparkler
1304,Party Panda #1304,A looping cartoon party-panda PFP with real panda markings. Minted on Base.,1304.gif,Disco Night,Disco Pulse,Dancer,Wink,Party Hat,None
1305,Party Panda #1305,A looping cartoon party-panda PFP with real panda markings. Minted on Base.,1305.gif,Confetti Hall,Disco Pulse,Classic,Shades,Party Hat,Balloon
1306,Party Panda #1306,A looping cartoon party-panda PFP with real panda markings. Minted on Base.,1306.gif,Bamboo Lounge,Sparkle Burst,Classic,Spark,Headphones,Balloon
1307,Party Panda #1307,A looping cartoon party-panda PFP with real panda markings. Minted on Base.,1307.gif,Moonlight,No glow,Cub,Wink,Tiny Crown,Boombox
1308,Party Panda #1308,A looping cartoon party-panda PFP with real panda markings. Minted on Base.,1308.gif,Candy Rave,Laser Sweep,Dancer,Heart,Lei,Balloon
1309,Party Panda #1309,A looping cartoon party-panda PFP with real panda markings. Minted on Base.,1309.gif,Rooftop Glow,Disco Pulse,Cub,Blink,Bowtie,None
1310,Party Panda #1310,A looping cartoon party-panda PFP with real panda markings. Minted on Base.,1310.gif,Garden Party,Neon Ring,Tuxedo,Heart,Party Hat,Balloon
1311,Party Panda #1311,A looping cartoon party-panda PFP with real panda markings. Minted on Base.,1311.gif,Moonlight,Neon Ring,Tuxedo,Blink,Tiny Crown,Balloon
1312,Party Panda #1312,A looping cartoon party-panda PFP with real panda markings. Minted on Base.,1312.gif,Neon Club,Disco Pulse,Tuxedo,Sleepy,Headphones,Balloon
1313,Party Panda #1313,A looping cartoon party-panda PFP with real panda markings. Minted on Base.,1313.gif,Garden Party,No glow,Classic,Spark,Bare head,Balloon
1314,Party Panda #1314,A looping cartoon party-panda PFP with real panda markings. Minted on Base.,1314.gif,Moonlight,Sparkle Burst,Chubby,Shades,Disco Afro,Boombox
1315,Party Panda #1315,A looping cartoon party-panda PFP with real panda markings. Minted on Base.,1315.gif,Bamboo Lounge,No glow,Cub,Spark,Party Hat,Confetti
1316,Party Panda #1316,A looping cartoon party-panda PFP with real panda markings. Minted on Base.,1316.gif,Rooftop Glow,Champagne Haze,Classic,Heart,Tiny Crown,Confetti
1317,Party Panda #1317,A looping cartoon party-panda PFP with real panda markings. Minted on Base.,1317.gif,Garden Party,Laser Sweep,Dancer,Spark,Party Hat,None
1318,Party Panda #1318,A looping cartoon party-panda PFP with real panda markings. Minted on Base.,1318.gif,Rooftop Glow,Laser Sweep,Peach,Blink,Headphones,Boombox
1319,Party Panda #1319,A looping cartoon party-panda PFP with real panda markings. Minted on Base.,1319.gif,Moonlight,Neon Ring,Peach,Sleepy,Headphones,Cocktail
1320,Party Panda #1320,A looping cartoon party-panda PFP with real panda markings. Minted on Base.,1320.gif,Disco Night,No glow,Peach,Spark,Bare head,Cocktail
1321,Party Panda #1321,A looping cartoon party-panda PFP with real panda markings. Minted on Base.,1321.gif,Disco Night,Champagne Haze,Classic,Heart,Bare head,Sparkler
1322,Party Panda #1322,A looping cartoon party-panda PFP with real panda markings. Minted on Base.,1322.gif,Candy Rave,Sparkle Burst,Dancer,Spark,Headphones,Confetti
1323,Party Panda #1323,A looping cartoon party-panda PFP with real panda markings. Minted on Base.,1323.gif,Garden Party,Disco Pulse,Dancer,Spark,Bowtie,Cocktail
1324,Party Panda #1324,A looping cartoon party-panda PFP with real panda markings. Minted on Base.,1324.gif,Bamboo Lounge,Sparkle Burst,Cub,Shades,Bowtie,Sparkler
1325,Party Panda #1325,A looping cartoon party-panda PFP with real panda markings. Minted on Base.,1325.gif,Bamboo Lounge,No glow,Chubby,Heart,Bowtie,Confetti
1326,Party Panda #1326,A looping cartoon party-panda PFP with real panda markings. Minted on Base.,1326.gif,Bamboo Lounge,Laser Sweep,Classic,Blink,Party Hat,Sparkler
1327,Party Panda #1327,A looping cartoon party-panda PFP with real panda markings. Minted on Base.,1327.gif,Rooftop Glow,Sparkle Burst,Dancer,Shades,Bare head,Confetti
1328,Party Panda #1328,A looping cartoon party-panda PFP with real panda markings. Minted on Base.,1328.gif,Moonlight,Champagne Haze,Dancer,Sleepy,Headphones,Boombox
1329,Party Panda #1329,A looping cartoon party-panda PFP with real panda markings. Minted on Base.,1329.gif,Bamboo Lounge,Disco Pulse,Chubby,Shades,Headphones,None
1330,Party Panda #1330,A looping cartoon party-panda PFP with real panda markings. Minted on Base.,1330.gif,Candy Rave,Sparkle Burst,Cub,Sleepy,Disco Afro,Boombox
1331,Party Panda #1331,A looping cartoon party-panda PFP with real panda markings. Minted on Base.,1331.gif,Neon Club,Sparkle Burst,Classic,Shades,Lei,Balloon
1332,Party Panda #1332,A looping cartoon party-panda PFP with real panda markings. Minted on Base.,1332.gif,Disco Night,Champagne Haze,Classic,Blink,Disco Afro,Confetti
1333,Party Panda #1333,A looping cartoon party-panda PFP with real panda markings. Minted on Base.,1333.gif,Candy Rave,Sparkle Burst,Peach,Blink,Bare head,None
1334,Party Panda #1334,A looping cartoon party-panda PFP with real panda markings. Minted on Base.,1334.gif,Confetti Hall,Disco Pulse,Classic,Wink,Bowtie,Sparkler
1335,Party Panda #1335,A looping cartoon party-panda PFP with real panda markings. Minted on Base.,1335.gif,Disco Night,No glow,Tuxedo,Sleepy,Bowtie,None
1336,Party Panda #1336,A looping cartoon party-panda PFP with real panda markings. Minted on Base.,1336.gif,Neon Club,No glow,Chubby,Spark,Lei,Boombox
1337,Party Panda #1337,A looping cartoon party-panda PFP with real panda markings. Minted on Base.,1337.gif,Moonlight,No glow,Peach,Blink,Tiny Crown,Cocktail
1338,Party Panda #1338,A looping cartoon party-panda PFP with real panda markings. Minted on Base.,1338.gif,Disco Night,No glow,Dancer,Spark,Party Hat,None
1339,Party Panda #1339,A looping cartoon party-panda PFP with real panda markings. Minted on Base.,1339.gif,Moonlight,Neon Ring,Tuxedo,Wink,Headphones,Confetti
1340,Party Panda #1340,A looping cartoon party-panda PFP with real panda markings. Minted on Base.,1340.gif,Disco Night,Laser Sweep,Peach,Wink,Lei,Cocktail
1341,Party Panda #1341,A looping cartoon party-panda PFP with real panda markings. Minted on Base.,1341.gif,Rooftop Glow,No glow,Classic,Wink,Bowtie,None
1342,Party Panda #1342,A looping cartoon party-panda PFP with real panda markings. Minted on Base.,1342.gif,Candy Rave,Laser Sweep,Chubby,Spark,Bare head,Sparkler
1343,Party Panda #1343,A looping cartoon party-panda PFP with real panda markings. Minted on Base.,1343.gif,Garden Party,No glow,Chubby,Wink,Tiny Crown,Boombox
1344,Party Panda #1344,A looping cartoon party-panda PFP with real panda markings. Minted on Base.,1344.gif,Neon Club,Laser Sweep,Dancer,Blink,Bowtie,Sparkler
1345,Party Panda #1345,A looping cartoon party-panda PFP with real panda markings. Minted on Base.,1345.gif,Neon Club,Neon Ring,Classic,Heart,Bare head,Confetti
1346,Party Panda #1346,A looping cartoon party-panda PFP with real panda markings. Minted on Base.,1346.gif,Rooftop Glow,Laser Sweep,Chubby,Wink,Headphones,Balloon
1347,Party Panda #1347,A looping cartoon party-panda PFP with real panda markings. Minted on Base.,1347.gif,Disco Night,Laser Sweep,Dancer,Wink,Bowtie,None
1348,Party Panda #1348,A looping cartoon party-panda PFP with real panda markings. Minted on Base.,1348.gif,Bamboo Lounge,No glow,Tuxedo,Wink,Bare head,Boombox
1349,Party Panda #1349,A looping cartoon party-panda PFP with real panda markings. Minted on Base.,1349.gif,Moonlight,Laser Sweep,Peach,Blink,Lei,Cocktail
1350,Party Panda #1350,A looping cartoon party-panda PFP with real panda markings. Minted on Base.,1350.gif,Neon Club,No glow,Classic,Wink,Party Hat,Confetti
1351,Party Panda #1351,A looping cartoon party-panda PFP with real panda markings. Minted on Base.,1351.gif,Garden Party,No glow,Dancer,Shades,Bowtie,Balloon
1352,Party Panda #1352,A looping cartoon party-panda PFP with real panda markings. Minted on Base.,1352.gif,Confetti Hall,Laser Sweep,Chubby,Blink,Bare head,Confetti
1353,Party Panda #1353,A looping cartoon party-panda PFP with real panda markings. Minted on Base.,1353.gif,Candy Rave,Champagne Haze,Dancer,Sleepy,Disco Afro,Balloon
1354,Party Panda #1354,A looping cartoon party-panda PFP with real panda markings. Minted on Base.,1354.gif,Moonlight,Laser Sweep,Chubby,Wink,Headphones,None
1355,Party Panda #1355,A looping cartoon party-panda PFP with real panda markings. Minted on Base.,1355.gif,Garden Party,No glow,Cub,Blink,Bare head,Confetti
1356,Party Panda #1356,A looping cartoon party-panda PFP with real panda markings. Minted on Base.,1356.gif,Confetti Hall,Neon Ring,Tuxedo,Spark,Bare head,Confetti
1357,Party Panda #1357,A looping cartoon party-panda PFP with real panda markings. Minted on Base.,1357.gif,Garden Party,No glow,Tuxedo,Spark,Tiny Crown,None
1358,Party Panda #1358,A looping cartoon party-panda PFP with real panda markings. Minted on Base.,1358.gif,Candy Rave,Sparkle Burst,Chubby,Shades,Disco Afro,Cocktail
1359,Party Panda #1359,A looping cartoon party-panda PFP with real panda markings. Minted on Base.,1359.gif,Moonlight,Sparkle Burst,Chubby,Heart,Headphones,Boombox
1360,Party Panda #1360,A looping cartoon party-panda PFP with real panda markings. Minted on Base.,1360.gif,Bamboo Lounge,Champagne Haze,Peach,Shades,Tiny Crown,Balloon
1361,Party Panda #1361,A looping cartoon party-panda PFP with real panda markings. Minted on Base.,1361.gif,Disco Night,No glow,Peach,Shades,Party Hat,Sparkler
1362,Party Panda #1362,A looping cartoon party-panda PFP with real panda markings. Minted on Base.,1362.gif,Rooftop Glow,Neon Ring,Classic,Wink,Bare head,None
1363,Party Panda #1363,A looping cartoon party-panda PFP with real panda markings. Minted on Base.,1363.gif,Disco Night,Neon Ring,Peach,Blink,Party Hat,Cocktail
1364,Party Panda #1364,A looping cartoon party-panda PFP with real panda markings. Minted on Base.,1364.gif,Bamboo Lounge,Disco Pulse,Dancer,Shades,Tiny Crown,Balloon
1365,Party Panda #1365,A looping cartoon party-panda PFP with real panda markings. Minted on Base.,1365.gif,Bamboo Lounge,Disco Pulse,Peach,Heart,Bare head,Balloon
1366,Party Panda #1366,A looping cartoon party-panda PFP with real panda markings. Minted on Base.,1366.gif,Rooftop Glow,Champagne Haze,Cub,Sleepy,Party Hat,None
1367,Party Panda #1367,A looping cartoon party-panda PFP with real panda markings. Minted on Base.,1367.gif,Candy Rave,Disco Pulse,Chubby,Blink,Bowtie,None
1368,Party Panda #1368,A looping cartoon party-panda PFP with real panda markings. Minted on Base.,1368.gif,Confetti Hall,Champagne Haze,Classic,Sleepy,Bare head,Balloon
1369,Party Panda #1369,A looping cartoon party-panda PFP with real panda markings. Minted on Base.,1369.gif,Disco Night,Champagne Haze,Dancer,Spark,Bare head,Boombox
1370,Party Panda #1370,A looping cartoon party-panda PFP with real panda markings. Minted on Base.,1370.gif,Rooftop Glow,Neon Ring,Peach,Blink,Tiny Crown,Sparkler
1371,Party Panda #1371,A looping cartoon party-panda PFP with real panda markings. Minted on Base.,1371.gif,Disco Night,Neon Ring,Peach,Blink,Lei,Balloon
1372,Party Panda #1372,A looping cartoon party-panda PFP with real panda markings. Minted on Base.,1372.gif,Bamboo Lounge,Disco Pulse,Dancer,Sleepy,Headphones,Balloon
1373,Party Panda #1373,A looping cartoon party-panda PFP with real panda markings. Minted on Base.,1373.gif,Garden Party,No glow,Chubby,Heart,Disco Afro,Balloon
1374,Party Panda #1374,A looping cartoon party-panda PFP with real panda markings. Minted on Base.,1374.gif,Garden Party,Sparkle Burst,Tuxedo,Heart,Party Hat,None
1375,Party Panda #1375,A looping cartoon party-panda PFP with real panda markings. Minted on Base.,1375.gif,Disco Night,No glow,Tuxedo,Blink,Party Hat,Sparkler
1376,Party Panda #1376,A looping cartoon party-panda PFP with real panda markings. Minted on Base.,1376.gif,Confetti Hall,Neon Ring,Classic,Spark,Headphones,Cocktail
1377,Party Panda #1377,A looping cartoon party-panda PFP with real panda markings. Minted on Base.,1377.gif,Garden Party,Neon Ring,Chubby,Blink,Party Hat,None
1378,Party Panda #1378,A looping cartoon party-panda PFP with real panda markings. Minted on Base.,1378.gif,Moonlight,Disco Pulse,Classic,Sleepy,Party Hat,Balloon
1379,Party Panda #1379,A looping cartoon party-panda PFP with real panda markings. Minted on Base.,1379.gif,Garden Party,Sparkle Burst,Classic,Spark,Bowtie,None
1380,Party Panda #1380,A looping cartoon party-panda PFP with real panda markings. Minted on Base.,1380.gif,Candy Rave,Disco Pulse,Tuxedo,Sleepy,Headphones,None
1381,Party Panda #1381,A looping cartoon party-panda PFP with real panda markings. Minted on Base.,1381.gif,Rooftop Glow,No glow,Chubby,Wink,Party Hat,None
1382,Party Panda #1382,A looping cartoon party-panda PFP with real panda markings. Minted on Base.,1382.gif,Candy Rave,No glow,Classic,Spark,Party Hat,Confetti
1383,Party Panda #1383,A looping cartoon party-panda PFP with real panda markings. Minted on Base.,1383.gif,Bamboo Lounge,Neon Ring,Tuxedo,Wink,Bowtie,Sparkler
1384,Party Panda #1384,A looping cartoon party-panda PFP with real panda markings. Minted on Base.,1384.gif,Disco Night,Disco Pulse,Classic,Blink,Headphones,Sparkler
1385,Party Panda #1385,A looping cartoon party-panda PFP with real panda markings. Minted on Base.,1385.gif,Garden Party,Disco Pulse,Peach,Spark,Bare head,Boombox
1386,Party Panda #1386,A looping cartoon party-panda PFP with real panda markings. Minted on Base.,1386.gif,Disco Night,Neon Ring,Dancer,Blink,Party Hat,Balloon
1387,Party Panda #1387,A looping cartoon party-panda PFP with real panda markings. Minted on Base.,1387.gif,Disco Night,Champagne Haze,Tuxedo,Blink,Party Hat,Confetti
1388,Party Panda #1388,A looping cartoon party-panda PFP with real panda markings. Minted on Base.,1388.gif,Candy Rave,Laser Sweep,Classic,Blink,Bare head,None
1389,Party Panda #1389,A looping cartoon party-panda PFP with real panda markings. Minted on Base.,1389.gif,Garden Party,Sparkle Burst,Peach,Blink,Bare head,Boombox
1390,Party Panda #1390,A looping cartoon party-panda PFP with real panda markings. Minted on Base.,1390.gif,Neon Club,Laser Sweep,Peach,Wink,Bowtie,Balloon
1391,Party Panda #1391,A looping cartoon party-panda PFP with real panda markings. Minted on Base.,1391.gif,Neon Club,Laser Sweep,Classic,Sleepy,Bare head,Sparkler
1392,Party Panda #1392,A looping cartoon party-panda PFP with real panda markings. Minted on Base.,1392.gif,Rooftop Glow,Laser Sweep,Tuxedo,Blink,Bare head,None
1393,Party Panda #1393,A looping cartoon party-panda PFP with real panda markings. Minted on Base.,1393.gif,Candy Rave,Sparkle Burst,Cub,Wink,Headphones,None
1394,Party Panda #1394,A looping cartoon party-panda PFP with real panda markings. Minted on Base.,1394.gif,Disco Night,Disco Pulse,Peach,Spark,Party Hat,Cocktail
1395,Party Panda #1395,A looping cartoon party-panda PFP with real panda markings. Minted on Base.,1395.gif,Neon Club,Sparkle Burst,Classic,Blink,Party Hat,Cocktail
1396,Party Panda #1396,A looping cartoon party-panda PFP with real panda markings. Minted on Base.,1396.gif,Candy Rave,Champagne Haze,Classic,Shades,Bowtie,Boombox
1397,Party Panda #1397,A looping cartoon party-panda PFP with real panda markings. Minted on Base.,1397.gif,Disco Night,No glow,Peach,Wink,Bare head,Sparkler
1398,Party Panda #1398,A looping cartoon party-panda PFP with real panda markings. Minted on Base.,1398.gif,Garden Party,Champagne Haze,Cub,Wink,Disco Afro,Balloon
1399,Party Panda #1399,A looping cartoon party-panda PFP with real panda markings. Minted on Base.,1399.gif,Disco Night,Sparkle Burst,Dancer,Spark,Party Hat,Sparkler
1400,Party Panda #1400,A looping cartoon party-panda PFP with real panda markings. Minted on Base.,1400.gif,Neon Club,No glow,Cub,Wink,Lei,Confetti
1401,Party Panda #1401,A looping cartoon party-panda PFP with real panda markings. Minted on Base.,1401.gif,Bamboo Lounge,No glow,Dancer,Spark,Bare head,None
1402,Party Panda #1402,A looping cartoon party-panda PFP with real panda markings. Minted on Base.,1402.gif,Bamboo Lounge,Laser Sweep,Cub,Shades,Tiny Crown,Cocktail
1403,Party Panda #1403,A looping cartoon party-panda PFP with real panda markings. Minted on Base.,1403.gif,Bamboo Lounge,No glow,Classic,Heart,Headphones,None
1404,Party Panda #1404,A looping cartoon party-panda PFP with real panda markings. Minted on Base.,1404.gif,Rooftop Glow,No glow,Cub,Blink,Bowtie,Boombox
1405,Party Panda #1405,A looping cartoon party-panda PFP with real panda markings. Minted on Base.,1405.gif,Moonlight,Disco Pulse,Peach,Blink,Headphones,Confetti
1406,Party Panda #1406,A looping cartoon party-panda PFP with real panda markings. Minted on Base.,1406.gif,Candy Rave,No glow,Chubby,Shades,Bare head,None
1407,Party Panda #1407,A looping cartoon party-panda PFP with real panda markings. Minted on Base.,1407.gif,Rooftop Glow,Disco Pulse,Dancer,Spark,Party Hat,Cocktail
1408,Party Panda #1408,A looping cartoon party-panda PFP with real panda markings. Minted on Base.,1408.gif,Bamboo Lounge,Disco Pulse,Cub,Shades,Tiny Crown,Confetti
1409,Party Panda #1409,A looping cartoon party-panda PFP with real panda markings. Minted on Base.,1409.gif,Rooftop Glow,Laser Sweep,Cub,Spark,Party Hat,None
1410,Party Panda #1410,A looping cartoon party-panda PFP with real panda markings. Minted on Base.,1410.gif,Rooftop Glow,No glow,Tuxedo,Blink,Headphones,Boombox
1411,Party Panda #1411,A looping cartoon party-panda PFP with real panda markings. Minted on Base.,1411.gif,Moonlight,No glow,Chubby,Blink,Tiny Crown,Cocktail
1412,Party Panda #1412,A looping cartoon party-panda PFP with real panda markings. Minted on Base.,1412.gif,Neon Club,Champagne Haze,Chubby,Shades,Bare head,Cocktail
1413,Party Panda #1413,A looping cartoon party-panda PFP with real panda markings. Minted on Base.,1413.gif,Disco Night,Sparkle Burst,Cub,Wink,Lei,Confetti
1414,Party Panda #1414,A looping cartoon party-panda PFP with real panda markings. Minted on Base.,1414.gif,Neon Club,Champagne Haze,Tuxedo,Shades,Bare head,Sparkler
1415,Party Panda #1415,A looping cartoon party-panda PFP with real panda markings. Minted on Base.,1415.gif,Disco Night,No glow,Peach,Shades,Headphones,None
1416,Party Panda #1416,A looping cartoon party-panda PFP with real panda markings. Minted on Base.,1416.gif,Bamboo Lounge,No glow,Chubby,Shades,Tiny Crown,Cocktail
1417,Party Panda #1417,A looping cartoon party-panda PFP with real panda markings. Minted on Base.,1417.gif,Disco Night,No glow,Classic,Heart,Headphones,Cocktail
1418,Party Panda #1418,A looping cartoon party-panda PFP with real panda markings. Minted on Base.,1418.gif,Disco Night,No glow,Peach,Spark,Party Hat,Cocktail
1419,Party Panda #1419,A looping cartoon party-panda PFP with real panda markings. Minted on Base.,1419.gif,Neon Club,Laser Sweep,Classic,Spark,Party Hat,None
1420,Party Panda #1420,A looping cartoon party-panda PFP with real panda markings. Minted on Base.,1420.gif,Disco Night,No glow,Tuxedo,Wink,Bowtie,Confetti
1421,Party Panda #1421,A looping cartoon party-panda PFP with real panda markings. Minted on Base.,1421.gif,Neon Club,Neon Ring,Cub,Blink,Party Hat,Cocktail
1422,Party Panda #1422,A looping cartoon party-panda PFP with real panda markings. Minted on Base.,1422.gif,Candy Rave,Sparkle Burst,Dancer,Shades,Headphones,Balloon
1423,Party Panda #1423,A looping cartoon party-panda PFP with real panda markings. Minted on Base.,1423.gif,Disco Night,Laser Sweep,Chubby,Blink,Headphones,Sparkler
1424,Party Panda #1424,A looping cartoon party-panda PFP with real panda markings. Minted on Base.,1424.gif,Moonlight,Neon Ring,Chubby,Blink,Bare head,Sparkler
1425,Party Panda #1425,A looping cartoon party-panda PFP with real panda markings. Minted on Base.,1425.gif,Bamboo Lounge,Disco Pulse,Classic,Wink,Disco Afro,Balloon
1426,Party Panda #1426,A looping cartoon party-panda PFP with real panda markings. Minted on Base.,1426.gif,Moonlight,Laser Sweep,Cub,Wink,Tiny Crown,Boombox
1427,Party Panda #1427,A looping cartoon party-panda PFP with real panda markings. Minted on Base.,1427.gif,Neon Club,Champagne Haze,Classic,Shades,Bowtie,Confetti
1428,Party Panda #1428,A looping cartoon party-panda PFP with real panda markings. Minted on Base.,1428.gif,Disco Night,Laser Sweep,Dancer,Heart,Bare head,Confetti
1429,Party Panda #1429,A looping cartoon party-panda PFP with real panda markings. Minted on Base.,1429.gif,Confetti Hall,Laser Sweep,Dancer,Blink,Headphones,Sparkler
1430,Party Panda #1430,A looping cartoon party-panda PFP with real panda markings. Minted on Base.,1430.gif,Moonlight,No glow,Chubby,Shades,Headphones,None
1431,Party Panda #1431,A looping cartoon party-panda PFP with real panda markings. Minted on Base.,1431.gif,Confetti Hall,No glow,Classic,Wink,Bowtie,Confetti
1432,Party Panda #1432,A looping cartoon party-panda PFP with real panda markings. Minted on Base.,1432.gif,Neon Club,Laser Sweep,Classic,Blink,Bowtie,Cocktail
1433,Party Panda #1433,A looping cartoon party-panda PFP with real panda markings. Minted on Base.,1433.gif,Disco Night,Champagne Haze,Classic,Shades,Disco Afro,Boombox
1434,Party Panda #1434,A looping cartoon party-panda PFP with real panda markings. Minted on Base.,1434.gif,Garden Party,No glow,Tuxedo,Spark,Bare head,None
1435,Party Panda #1435,A looping cartoon party-panda PFP with real panda markings. Minted on Base.,1435.gif,Moonlight,Sparkle Burst,Tuxedo,Heart,Bare head,Sparkler
1436,Party Panda #1436,A looping cartoon party-panda PFP with real panda markings. Minted on Base.,1436.gif,Garden Party,Sparkle Burst,Dancer,Wink,Bowtie,Balloon
1437,Party Panda #1437,A looping cartoon party-panda PFP with real panda markings. Minted on Base.,1437.gif,Confetti Hall,Disco Pulse,Tuxedo,Wink,Lei,Sparkler
1438,Party Panda #1438,A looping cartoon party-panda PFP with real panda markings. Minted on Base.,1438.gif,Neon Club,Sparkle Burst,Cub,Blink,Bowtie,Cocktail
1439,Party Panda #1439,A looping cartoon party-panda PFP with real panda markings. Minted on Base.,1439.gif,Rooftop Glow,Disco Pulse,Tuxedo,Wink,Disco Afro,Balloon
1440,Party Panda #1440,A looping cartoon party-panda PFP with real panda markings. Minted on Base.,1440.gif,Rooftop Glow,No glow,Chubby,Sleepy,Lei,None
1441,Party Panda #1441,A looping cartoon party-panda PFP with real panda markings. Minted on Base.,1441.gif,Candy Rave,Disco Pulse,Peach,Wink,Party Hat,Boombox
1442,Party Panda #1442,A looping cartoon party-panda PFP with real panda markings. Minted on Base.,1442.gif,Rooftop Glow,Neon Ring,Tuxedo,Wink,Party Hat,None
1443,Party Panda #1443,A looping cartoon party-panda PFP with real panda markings. Minted on Base.,1443.gif,Garden Party,Laser Sweep,Peach,Heart,Bowtie,None
1444,Party Panda #1444,A looping cartoon party-panda PFP with real panda markings. Minted on Base.,1444.gif,Moonlight,No glow,Dancer,Blink,Bare head,None
1445,Party Panda #1445,A looping cartoon party-panda PFP with real panda markings. Minted on Base.,1445.gif,Garden Party,Neon Ring,Dancer,Spark,Bare head,None
1446,Party Panda #1446,A looping cartoon party-panda PFP with real panda markings. Minted on Base.,1446.gif,Bamboo Lounge,Laser Sweep,Tuxedo,Heart,Bare head,Sparkler
1447,Party Panda #1447,A looping cartoon party-panda PFP with real panda markings. Minted on Base.,1447.gif,Rooftop Glow,No glow,Chubby,Shades,Party Hat,Confetti
1448,Party Panda #1448,A looping cartoon party-panda PFP with real panda markings. Minted on Base.,1448.gif,Garden Party,No glow,Dancer,Shades,Bare head,Confetti
1449,Party Panda #1449,A looping cartoon party-panda PFP with real panda markings. Minted on Base.,1449.gif,Bamboo Lounge,Sparkle Burst,Tuxedo,Wink,Bowtie,Sparkler
1450,Party Panda #1450,A looping cartoon party-panda PFP with real panda markings. Minted on Base.,1450.gif,Disco Night,No glow,Tuxedo,Wink,Bare head,Confetti
1451,Party Panda #1451,A looping cartoon party-panda PFP with real panda markings. Minted on Base.,1451.gif,Candy Rave,No glow,Classic,Blink,Party Hat,Cocktail
1452,Party Panda #1452,A looping cartoon party-panda PFP with real panda markings. Minted on Base.,1452.gif,Rooftop Glow,Neon Ring,Tuxedo,Shades,Headphones,Boombox
1453,Party Panda #1453,A looping cartoon party-panda PFP with real panda markings. Minted on Base.,1453.gif,Garden Party,Champagne Haze,Peach,Shades,Tiny Crown,Balloon
1454,Party Panda #1454,A looping cartoon party-panda PFP with real panda markings. Minted on Base.,1454.gif,Disco Night,No glow,Cub,Shades,Tiny Crown,Balloon
1455,Party Panda #1455,A looping cartoon party-panda PFP with real panda markings. Minted on Base.,1455.gif,Rooftop Glow,No glow,Cub,Spark,Bare head,Boombox
1456,Party Panda #1456,A looping cartoon party-panda PFP with real panda markings. Minted on Base.,1456.gif,Disco Night,Disco Pulse,Chubby,Heart,Party Hat,Sparkler
1457,Party Panda #1457,A looping cartoon party-panda PFP with real panda markings. Minted on Base.,1457.gif,Disco Night,Disco Pulse,Tuxedo,Heart,Disco Afro,Sparkler
1458,Party Panda #1458,A looping cartoon party-panda PFP with real panda markings. Minted on Base.,1458.gif,Disco Night,Disco Pulse,Tuxedo,Sleepy,Bare head,None
1459,Party Panda #1459,A looping cartoon party-panda PFP with real panda markings. Minted on Base.,1459.gif,Neon Club,No glow,Dancer,Wink,Lei,None
1460,Party Panda #1460,A looping cartoon party-panda PFP with real panda markings. Minted on Base.,1460.gif,Rooftop Glow,Neon Ring,Cub,Shades,Bare head,None
1461,Party Panda #1461,A looping cartoon party-panda PFP with real panda markings. Minted on Base.,1461.gif,Candy Rave,Sparkle Burst,Tuxedo,Heart,Party Hat,None
1462,Party Panda #1462,A looping cartoon party-panda PFP with real panda markings. Minted on Base.,1462.gif,Neon Club,Neon Ring,Cub,Shades,Bare head,Boombox
1463,Party Panda #1463,A looping cartoon party-panda PFP with real panda markings. Minted on Base.,1463.gif,Candy Rave,Champagne Haze,Cub,Wink,Bowtie,Boombox
1464,Party Panda #1464,A looping cartoon party-panda PFP with real panda markings. Minted on Base.,1464.gif,Bamboo Lounge,Laser Sweep,Cub,Blink,Party Hat,Confetti
1465,Party Panda #1465,A looping cartoon party-panda PFP with real panda markings. Minted on Base.,1465.gif,Rooftop Glow,No glow,Tuxedo,Blink,Party Hat,Confetti
1466,Party Panda #1466,A looping cartoon party-panda PFP with real panda markings. Minted on Base.,1466.gif,Bamboo Lounge,Disco Pulse,Chubby,Sleepy,Tiny Crown,None
1467,Party Panda #1467,A looping cartoon party-panda PFP with real panda markings. Minted on Base.,1467.gif,Moonlight,No glow,Chubby,Heart,Tiny Crown,Balloon
1468,Party Panda #1468,A looping cartoon party-panda PFP with real panda markings. Minted on Base.,1468.gif,Confetti Hall,Disco Pulse,Dancer,Shades,Disco Afro,Balloon
1469,Party Panda #1469,A looping cartoon party-panda PFP with real panda markings. Minted on Base.,1469.gif,Candy Rave,No glow,Chubby,Blink,Tiny Crown,Cocktail
1470,Party Panda #1470,A looping cartoon party-panda PFP with real panda markings. Minted on Base.,1470.gif,Rooftop Glow,Laser Sweep,Chubby,Blink,Bowtie,Balloon
1471,Party Panda #1471,A looping cartoon party-panda PFP with real panda markings. Minted on Base.,1471.gif,Neon Club,Disco Pulse,Peach,Blink,Party Hat,Cocktail
1472,Party Panda #1472,A looping cartoon party-panda PFP with real panda markings. Minted on Base.,1472.gif,Rooftop Glow,Champagne Haze,Dancer,Blink,Disco Afro,Cocktail
1473,Party Panda #1473,A looping cartoon party-panda PFP with real panda markings. Minted on Base.,1473.gif,Rooftop Glow,Champagne Haze,Dancer,Blink,Bowtie,Sparkler
1474,Party Panda #1474,A looping cartoon party-panda PFP with real panda markings. Minted on Base.,1474.gif,Disco Night,Laser Sweep,Tuxedo,Shades,Party Hat,Balloon
1475,Party Panda #1475,A looping cartoon party-panda PFP with real panda markings. Minted on Base.,1475.gif,Garden Party,Disco Pulse,Classic,Blink,Lei,Confetti
1476,Party Panda #1476,A looping cartoon party-panda PFP with real panda markings. Minted on Base.,1476.gif,Bamboo Lounge,No glow,Dancer,Wink,Headphones,Balloon
1477,Party Panda #1477,A looping cartoon party-panda PFP with real panda markings. Minted on Base.,1477.gif,Moonlight,Neon Ring,Dancer,Spark,Bowtie,Boombox
1478,Party Panda #1478,A looping cartoon party-panda PFP with real panda markings. Minted on Base.,1478.gif,Neon Club,Champagne Haze,Cub,Sleepy,Lei,Boombox
1479,Party Panda #1479,A looping cartoon party-panda PFP with real panda markings. Minted on Base.,1479.gif,Moonlight,Disco Pulse,Chubby,Wink,Bare head,Sparkler
1480,Party Panda #1480,A looping cartoon party-panda PFP with real panda markings. Minted on Base.,1480.gif,Moonlight,Disco Pulse,Tuxedo,Blink,Party Hat,None
1481,Party Panda #1481,A looping cartoon party-panda PFP with real panda markings. Minted on Base.,1481.gif,Garden Party,Laser Sweep,Chubby,Heart,Bare head,Confetti
1482,Party Panda #1482,A looping cartoon party-panda PFP with real panda markings. Minted on Base.,1482.gif,Garden Party,Neon Ring,Peach,Wink,Lei,Cocktail
1483,Party Panda #1483,A looping cartoon party-panda PFP with real panda markings. Minted on Base.,1483.gif,Confetti Hall,Neon Ring,Classic,Wink,Headphones,Balloon
1484,Party Panda #1484,A looping cartoon party-panda PFP with real panda markings. Minted on Base.,1484.gif,Bamboo Lounge,Disco Pulse,Tuxedo,Sleepy,Bowtie,None
1485,Party Panda #1485,A looping cartoon party-panda PFP with real panda markings. Minted on Base.,1485.gif,Confetti Hall,Laser Sweep,Dancer,Blink,Party Hat,Sparkler
1486,Party Panda #1486,A looping cartoon party-panda PFP with real panda markings. Minted on Base.,1486.gif,Rooftop Glow,No glow,Classic,Blink,Bare head,Cocktail
1487,Party Panda #1487,A looping cartoon party-panda PFP with real panda markings. Minted on Base.,1487.gif,Neon Club,Champagne Haze,Tuxedo,Spark,Party Hat,Confetti
1488,Party Panda #1488,A looping cartoon party-panda PFP with real panda markings. Minted on Base.,1488.gif,Neon Club,Disco Pulse,Peach,Heart,Party Hat,None
1489,Party Panda #1489,A looping cartoon party-panda PFP with real panda markings. Minted on Base.,1489.gif,Neon Club,Sparkle Burst,Chubby,Wink,Tiny Crown,Balloon
1490,Party Panda #1490,A looping cartoon party-panda PFP with real panda markings. Minted on Base.,1490.gif,Neon Club,Champagne Haze,Classic,Heart,Lei,Confetti
1491,Party Panda #1491,A looping cartoon party-panda PFP with real panda markings. Minted on Base.,1491.gif,Candy Rave,Sparkle Burst,Classic,Heart,Bowtie,Cocktail
1492,Party Panda #1492,A looping cartoon party-panda PFP with real panda markings. Minted on Base.,1492.gif,Disco Night,No glow,Dancer,Spark,Headphones,None
1493,Party Panda #1493,A looping cartoon party-panda PFP with real panda markings. Minted on Base.,1493.gif,Rooftop Glow,Sparkle Burst,Cub,Blink,Tiny Crown,Confetti
1494,Party Panda #1494,A looping cartoon party-panda PFP with real panda markings. Minted on Base.,1494.gif,Confetti Hall,Champagne Haze,Classic,Wink,Party Hat,Confetti
1495,Party Panda #1495,A looping cartoon party-panda PFP with real panda markings. Minted on Base.,1495.gif,Garden Party,Sparkle Burst,Chubby,Blink,Party Hat,None
1496,Party Panda #1496,A looping cartoon party-panda PFP with real panda markings. Minted on Base.,1496.gif,Moonlight,Disco Pulse,Peach,Blink,Bare head,None
1497,Party Panda #1497,A looping cartoon party-panda PFP with real panda markings. Minted on Base.,1497.gif,Bamboo Lounge,No glow,Tuxedo,Wink,Party Hat,None
1498,Party Panda #1498,A looping cartoon party-panda PFP with real panda markings. Minted on Base.,1498.gif,Candy Rave,Sparkle Burst,Tuxedo,Blink,Headphones,Boombox
1499,Party Panda #1499,A looping cartoon party-panda PFP with real panda markings. Minted on Base.,1499.gif,Moonlight,No glow,Peach,Sleepy,Lei,Cocktail
1500,Party Panda #1500,A looping cartoon party-panda PFP with real panda markings. Minted on Base.,1500.gif,Bamboo Lounge,Sparkle Burst,Peach,Sleepy,Party Hat,Boombox
1501,Party Panda #1501,A looping cartoon party-panda PFP with real panda markings. Minted on Base.,1501.gif,Disco Night,Laser Sweep,Tuxedo,Wink,Headphones,None
1502,Party Panda #1502,A looping cartoon party-panda PFP with real panda markings. Minted on Base.,1502.gif,Rooftop Glow,Neon Ring,Classic,Sleepy,Bowtie,Sparkler
1503,Party Panda #1503,A looping cartoon party-panda PFP with real panda markings. Minted on Base.,1503.gif,Garden Party,Sparkle Burst,Chubby,Shades,Lei,Confetti
1504,Party Panda #1504,A looping cartoon party-panda PFP with real panda markings. Minted on Base.,1504.gif,Garden Party,Neon Ring,Chubby,Wink,Bare head,Cocktail
1505,Party Panda #1505,A looping cartoon party-panda PFP with real panda markings. Minted on Base.,1505.gif,Garden Party,Neon Ring,Tuxedo,Blink,Lei,Boombox
1506,Party Panda #1506,A looping cartoon party-panda PFP with real panda markings. Minted on Base.,1506.gif,Rooftop Glow,Neon Ring,Peach,Heart,Bowtie,None
1507,Party Panda #1507,A looping cartoon party-panda PFP with real panda markings. Minted on Base.,1507.gif,Neon Club,Neon Ring,Cub,Heart,Lei,Balloon
1508,Party Panda #1508,A looping cartoon party-panda PFP with real panda markings. Minted on Base.,1508.gif,Disco Night,Laser Sweep,Cub,Sleepy,Tiny Crown,Balloon
1509,Party Panda #1509,A looping cartoon party-panda PFP with real panda markings. Minted on Base.,1509.gif,Rooftop Glow,Disco Pulse,Chubby,Heart,Disco Afro,Sparkler
1510,Party Panda #1510,A looping cartoon party-panda PFP with real panda markings. Minted on Base.,1510.gif,Candy Rave,No glow,Classic,Blink,Headphones,Sparkler
1511,Party Panda #1511,A looping cartoon party-panda PFP with real panda markings. Minted on Base.,1511.gif,Garden Party,Disco Pulse,Classic,Heart,Headphones,None
1512,Party Panda #1512,A looping cartoon party-panda PFP with real panda markings. Minted on Base.,1512.gif,Disco Night,Champagne Haze,Peach,Blink,Lei,Confetti
1513,Party Panda #1513,A looping cartoon party-panda PFP with real panda markings. Minted on Base.,1513.gif,Rooftop Glow,Neon Ring,Peach,Sleepy,Disco Afro,None
1514,Party Panda #1514,A looping cartoon party-panda PFP with real panda markings. Minted on Base.,1514.gif,Disco Night,Champagne Haze,Cub,Shades,Party Hat,None
1515,Party Panda #1515,A looping cartoon party-panda PFP with real panda markings. Minted on Base.,1515.gif,Neon Club,Sparkle Burst,Chubby,Spark,Bowtie,None
1516,Party Panda #1516,A looping cartoon party-panda PFP with real panda markings. Minted on Base.,1516.gif,Neon Club,Sparkle Burst,Dancer,Spark,Bare head,None
1517,Party Panda #1517,A looping cartoon party-panda PFP with real panda markings. Minted on Base.,1517.gif,Candy Rave,Laser Sweep,Dancer,Shades,Party Hat,None
1518,Party Panda #1518,A looping cartoon party-panda PFP with real panda markings. Minted on Base.,1518.gif,Neon Club,Laser Sweep,Cub,Wink,Disco Afro,Sparkler
1519,Party Panda #1519,A looping cartoon party-panda PFP with real panda markings. Minted on Base.,1519.gif,Disco Night,Neon Ring,Dancer,Blink,Tiny Crown,Cocktail
1520,Party Panda #1520,A looping cartoon party-panda PFP with real panda markings. Minted on Base.,1520.gif,Neon Club,Champagne Haze,Tuxedo,Blink,Tiny Crown,Sparkler
1521,Party Panda #1521,A looping cartoon party-panda PFP with real panda markings. Minted on Base.,1521.gif,Disco Night,Champagne Haze,Classic,Spark,Bare head,None
1522,Party Panda #1522,A looping cartoon party-panda PFP with real panda markings. Minted on Base.,1522.gif,Neon Club,Disco Pulse,Dancer,Heart,Party Hat,None
1523,Party Panda #1523,A looping cartoon party-panda PFP with real panda markings. Minted on Base.,1523.gif,Neon Club,No glow,Tuxedo,Sleepy,Lei,Cocktail
1524,Party Panda #1524,A looping cartoon party-panda PFP with real panda markings. Minted on Base.,1524.gif,Moonlight,Sparkle Burst,Cub,Wink,Headphones,Balloon
1525,Party Panda #1525,A looping cartoon party-panda PFP with real panda markings. Minted on Base.,1525.gif,Neon Club,No glow,Tuxedo,Shades,Bare head,None
1526,Party Panda #1526,A looping cartoon party-panda PFP with real panda markings. Minted on Base.,1526.gif,Rooftop Glow,Laser Sweep,Peach,Spark,Bare head,Balloon
1527,Party Panda #1527,A looping cartoon party-panda PFP with real panda markings. Minted on Base.,1527.gif,Moonlight,Laser Sweep,Chubby,Sleepy,Tiny Crown,Cocktail
1528,Party Panda #1528,A looping cartoon party-panda PFP with real panda markings. Minted on Base.,1528.gif,Disco Night,Sparkle Burst,Tuxedo,Heart,Bare head,Boombox
1529,Party Panda #1529,A looping cartoon party-panda PFP with real panda markings. Minted on Base.,1529.gif,Confetti Hall,Sparkle Burst,Peach,Blink,Bare head,Cocktail
1530,Party Panda #1530,A looping cartoon party-panda PFP with real panda markings. Minted on Base.,1530.gif,Confetti Hall,Champagne Haze,Peach,Blink,Disco Afro,Boombox
1531,Party Panda #1531,A looping cartoon party-panda PFP with real panda markings. Minted on Base.,1531.gif,Garden Party,Sparkle Burst,Cub,Shades,Party Hat,Sparkler
1532,Party Panda #1532,A looping cartoon party-panda PFP with real panda markings. Minted on Base.,1532.gif,Moonlight,Sparkle Burst,Tuxedo,Sleepy,Bare head,Cocktail
1533,Party Panda #1533,A looping cartoon party-panda PFP with real panda markings. Minted on Base.,1533.gif,Bamboo Lounge,No glow,Chubby,Blink,Disco Afro,Confetti
1534,Party Panda #1534,A looping cartoon party-panda PFP with real panda markings. Minted on Base.,1534.gif,Candy Rave,Disco Pulse,Chubby,Sleepy,Lei,Boombox
1535,Party Panda #1535,A looping cartoon party-panda PFP with real panda markings. Minted on Base.,1535.gif,Neon Club,Disco Pulse,Cub,Spark,Party Hat,Sparkler
1536,Party Panda #1536,A looping cartoon party-panda PFP with real panda markings. Minted on Base.,1536.gif,Disco Night,Disco Pulse,Cub,Shades,Party Hat,Cocktail
1537,Party Panda #1537,A looping cartoon party-panda PFP with real panda markings. Minted on Base.,1537.gif,Garden Party,Sparkle Burst,Peach,Shades,Headphones,Sparkler
1538,Party Panda #1538,A looping cartoon party-panda PFP with real panda markings. Minted on Base.,1538.gif,Confetti Hall,Disco Pulse,Classic,Sleepy,Party Hat,Sparkler
1539,Party Panda #1539,A looping cartoon party-panda PFP with real panda markings. Minted on Base.,1539.gif,Neon Club,No glow,Cub,Blink,Bare head,None
1540,Party Panda #1540,A looping cartoon party-panda PFP with real panda markings. Minted on Base.,1540.gif,Garden Party,Champagne Haze,Dancer,Wink,Disco Afro,Confetti
1541,Party Panda #1541,A looping cartoon party-panda PFP with real panda markings. Minted on Base.,1541.gif,Moonlight,Sparkle Burst,Tuxedo,Spark,Bare head,Cocktail
1542,Party Panda #1542,A looping cartoon party-panda PFP with real panda markings. Minted on Base.,1542.gif,Neon Club,Champagne Haze,Chubby,Blink,Bare head,Cocktail
1543,Party Panda #1543,A looping cartoon party-panda PFP with real panda markings. Minted on Base.,1543.gif,Disco Night,Laser Sweep,Tuxedo,Sleepy,Lei,Cocktail
1544,Party Panda #1544,A looping cartoon party-panda PFP with real panda markings. Minted on Base.,1544.gif,Disco Night,Sparkle Burst,Tuxedo,Heart,Party Hat,Cocktail
1545,Party Panda #1545,A looping cartoon party-panda PFP with real panda markings. Minted on Base.,1545.gif,Neon Club,Champagne Haze,Tuxedo,Shades,Lei,Balloon
1546,Party Panda #1546,A looping cartoon party-panda PFP with real panda markings. Minted on Base.,1546.gif,Neon Club,Champagne Haze,Cub,Blink,Disco Afro,Sparkler
1547,Party Panda #1547,A looping cartoon party-panda PFP with real panda markings. Minted on Base.,1547.gif,Moonlight,Laser Sweep,Dancer,Blink,Lei,Sparkler
1548,Party Panda #1548,A looping cartoon party-panda PFP with real panda markings. Minted on Base.,1548.gif,Rooftop Glow,Disco Pulse,Cub,Shades,Disco Afro,None
1549,Party Panda #1549,A looping cartoon party-panda PFP with real panda markings. Minted on Base.,1549.gif,Candy Rave,Neon Ring,Chubby,Heart,Disco Afro,Sparkler
1550,Party Panda #1550,A looping cartoon party-panda PFP with real panda markings. Minted on Base.,1550.gif,Moonlight,Neon Ring,Tuxedo,Blink,Bare head,None
1551,Party Panda #1551,A looping cartoon party-panda PFP with real panda markings. Minted on Base.,1551.gif,Neon Club,Laser Sweep,Dancer,Blink,Disco Afro,Cocktail
1552,Party Panda #1552,A looping cartoon party-panda PFP with real panda markings. Minted on Base.,1552.gif,Moonlight,Sparkle Burst,Cub,Sleepy,Disco Afro,Boombox
1553,Party Panda #1553,A looping cartoon party-panda PFP with real panda markings. Minted on Base.,1553.gif,Rooftop Glow,Sparkle Burst,Tuxedo,Sleepy,Disco Afro,Confetti
1554,Party Panda #1554,A looping cartoon party-panda PFP with real panda markings. Minted on Base.,1554.gif,Bamboo Lounge,Neon Ring,Chubby,Wink,Tiny Crown,None
1555,Party Panda #1555,A looping cartoon party-panda PFP with real panda markings. Minted on Base.,1555.gif,Moonlight,Champagne Haze,Chubby,Spark,Bare head,Sparkler
1556,Party Panda #1556,A looping cartoon party-panda PFP with real panda markings. Minted on Base.,1556.gif,Disco Night,Laser Sweep,Chubby,Heart,Tiny Crown,Boombox
1557,Party Panda #1557,A looping cartoon party-panda PFP with real panda markings. Minted on Base.,1557.gif,Disco Night,Laser Sweep,Tuxedo,Sleepy,Headphones,Balloon
1558,Party Panda #1558,A looping cartoon party-panda PFP with real panda markings. Minted on Base.,1558.gif,Bamboo Lounge,Neon Ring,Tuxedo,Sleepy,Disco Afro,Cocktail
1559,Party Panda #1559,A looping cartoon party-panda PFP with real panda markings. Minted on Base.,1559.gif,Confetti Hall,Laser Sweep,Peach,Spark,Bare head,Cocktail
1560,Party Panda #1560,A looping cartoon party-panda PFP with real panda markings. Minted on Base.,1560.gif,Neon Club,No glow,Classic,Spark,Disco Afro,Confetti
1561,Party Panda #1561,A looping cartoon party-panda PFP with real panda markings. Minted on Base.,1561.gif,Bamboo Lounge,No glow,Classic,Shades,Headphones,None
1562,Party Panda #1562,A looping cartoon party-panda PFP with real panda markings. Minted on Base.,1562.gif,Neon Club,Sparkle Burst,Peach,Spark,Party Hat,Boombox
1563,Party Panda #1563,A looping cartoon party-panda PFP with real panda markings. Minted on Base.,1563.gif,Moonlight,Sparkle Burst,Dancer,Heart,Lei,Boombox
1564,Party Panda #1564,A looping cartoon party-panda PFP with real panda markings. Minted on Base.,1564.gif,Candy Rave,Sparkle Burst,Chubby,Sleepy,Headphones,Balloon
1565,Party Panda #1565,A looping cartoon party-panda PFP with real panda markings. Minted on Base.,1565.gif,Bamboo Lounge,Laser Sweep,Chubby,Wink,Lei,Boombox
1566,Party Panda #1566,A looping cartoon party-panda PFP with real panda markings. Minted on Base.,1566.gif,Garden Party,Disco Pulse,Peach,Spark,Lei,Sparkler
1567,Party Panda #1567,A looping cartoon party-panda PFP with real panda markings. Minted on Base.,1567.gif,Neon Club,Laser Sweep,Classic,Sleepy,Lei,Sparkler
1568,Party Panda #1568,A looping cartoon party-panda PFP with real panda markings. Minted on Base.,1568.gif,Rooftop Glow,Neon Ring,Chubby,Sleepy,Headphones,None
1569,Party Panda #1569,A looping cartoon party-panda PFP with real panda markings. Minted on Base.,1569.gif,Bamboo Lounge,Laser Sweep,Classic,Spark,Headphones,Boombox
1570,Party Panda #1570,A looping cartoon party-panda PFP with real panda markings. Minted on Base.,1570.gif,Bamboo Lounge,Neon Ring,Peach,Spark,Bare head,Boombox
1571,Party Panda #1571,A looping cartoon party-panda PFP with real panda markings. Minted on Base.,1571.gif,Bamboo Lounge,No glow,Dancer,Spark,Lei,Boombox
1572,Party Panda #1572,A looping cartoon party-panda PFP with real panda markings. Minted on Base.,1572.gif,Candy Rave,Disco Pulse,Tuxedo,Blink,Lei,Sparkler
1573,Party Panda #1573,A looping cartoon party-panda PFP with real panda markings. Minted on Base.,1573.gif,Neon Club,No glow,Classic,Shades,Bowtie,Cocktail
1574,Party Panda #1574,A looping cartoon party-panda PFP with real panda markings. Minted on Base.,1574.gif,Confetti Hall,Neon Ring,Cub,Heart,Bare head,Confetti
1575,Party Panda #1575,A looping cartoon party-panda PFP with real panda markings. Minted on Base.,1575.gif,Moonlight,Disco Pulse,Cub,Sleepy,Bare head,Confetti
1576,Party Panda #1576,A looping cartoon party-panda PFP with real panda markings. Minted on Base.,1576.gif,Confetti Hall,No glow,Cub,Sleepy,Tiny Crown,None
1577,Party Panda #1577,A looping cartoon party-panda PFP with real panda markings. Minted on Base.,1577.gif,Confetti Hall,Neon Ring,Chubby,Heart,Tiny Crown,Sparkler
1578,Party Panda #1578,A looping cartoon party-panda PFP with real panda markings. Minted on Base.,1578.gif,Candy Rave,No glow,Chubby,Wink,Bare head,Boombox
1579,Party Panda #1579,A looping cartoon party-panda PFP with real panda markings. Minted on Base.,1579.gif,Garden Party,Disco Pulse,Chubby,Sleepy,Lei,Sparkler
1580,Party Panda #1580,A looping cartoon party-panda PFP with real panda markings. Minted on Base.,1580.gif,Rooftop Glow,Champagne Haze,Cub,Wink,Tiny Crown,Boombox
1581,Party Panda #1581,A looping cartoon party-panda PFP with real panda markings. Minted on Base.,1581.gif,Moonlight,No glow,Tuxedo,Shades,Party Hat,Confetti
1582,Party Panda #1582,A looping cartoon party-panda PFP with real panda markings. Minted on Base.,1582.gif,Neon Club,No glow,Cub,Blink,Headphones,Sparkler
1583,Party Panda #1583,A looping cartoon party-panda PFP with real panda markings. Minted on Base.,1583.gif,Neon Club,Champagne Haze,Classic,Spark,Party Hat,Boombox
1584,Party Panda #1584,A looping cartoon party-panda PFP with real panda markings. Minted on Base.,1584.gif,Moonlight,No glow,Peach,Heart,Disco Afro,Sparkler
1585,Party Panda #1585,A looping cartoon party-panda PFP with real panda markings. Minted on Base.,1585.gif,Disco Night,Disco Pulse,Classic,Spark,Bare head,Balloon
1586,Party Panda #1586,A looping cartoon party-panda PFP with real panda markings. Minted on Base.,1586.gif,Confetti Hall,Disco Pulse,Cub,Wink,Bare head,Confetti
1587,Party Panda #1587,A looping cartoon party-panda PFP with real panda markings. Minted on Base.,1587.gif,Garden Party,Disco Pulse,Classic,Wink,Bowtie,None
1588,Party Panda #1588,A looping cartoon party-panda PFP with real panda markings. Minted on Base.,1588.gif,Confetti Hall,Sparkle Burst,Tuxedo,Spark,Party Hat,Balloon
1589,Party Panda #1589,A looping cartoon party-panda PFP with real panda markings. Minted on Base.,1589.gif,Confetti Hall,Disco Pulse,Cub,Heart,Bare head,Cocktail
1590,Party Panda #1590,A looping cartoon party-panda PFP with real panda markings. Minted on Base.,1590.gif,Disco Night,Laser Sweep,Chubby,Sleepy,Bare head,Confetti
1591,Party Panda #1591,A looping cartoon party-panda PFP with real panda markings. Minted on Base.,1591.gif,Moonlight,No glow,Dancer,Sleepy,Bare head,Cocktail
1592,Party Panda #1592,A looping cartoon party-panda PFP with real panda markings. Minted on Base.,1592.gif,Moonlight,Neon Ring,Dancer,Spark,Bare head,None
1593,Party Panda #1593,A looping cartoon party-panda PFP with real panda markings. Minted on Base.,1593.gif,Moonlight,Champagne Haze,Peach,Heart,Tiny Crown,Sparkler
1594,Party Panda #1594,A looping cartoon party-panda PFP with real panda markings. Minted on Base.,1594.gif,Neon Club,Neon Ring,Tuxedo,Blink,Party Hat,Boombox
1595,Party Panda #1595,A looping cartoon party-panda PFP with real panda markings. Minted on Base.,1595.gif,Garden Party,No glow,Tuxedo,Wink,Party Hat,Boombox
1596,Party Panda #1596,A looping cartoon party-panda PFP with real panda markings. Minted on Base.,1596.gif,Bamboo Lounge,No glow,Tuxedo,Spark,Headphones,Confetti
1597,Party Panda #1597,A looping cartoon party-panda PFP with real panda markings. Minted on Base.,1597.gif,Candy Rave,Neon Ring,Classic,Spark,Bowtie,Balloon
1598,Party Panda #1598,A looping cartoon party-panda PFP with real panda markings. Minted on Base.,1598.gif,Moonlight,Disco Pulse,Chubby,Sleepy,Bowtie,Balloon
1599,Party Panda #1599,A looping cartoon party-panda PFP with real panda markings. Minted on Base.,1599.gif,Disco Night,No glow,Tuxedo,Blink,Disco Afro,Confetti
1600,Party Panda #1600,A looping cartoon party-panda PFP with real panda markings. Minted on Base.,1600.gif,Garden Party,Disco Pulse,Cub,Spark,Bare head,Balloon
1601,Party Panda #1601,A looping cartoon party-panda PFP with real panda markings. Minted on Base.,1601.gif,Bamboo Lounge,No glow,Peach,Wink,Bare head,Cocktail
1602,Party Panda #1602,A looping cartoon party-panda PFP with real panda markings. Minted on Base.,1602.gif,Moonlight,Sparkle Burst,Classic,Heart,Bare head,Confetti
1603,Party Panda #1603,A looping cartoon party-panda PFP with real panda markings. Minted on Base.,1603.gif,Moonlight,Champagne Haze,Classic,Heart,Disco Afro,None
1604,Party Panda #1604,A looping cartoon party-panda PFP with real panda markings. Minted on Base.,1604.gif,Confetti Hall,Champagne Haze,Dancer,Blink,Tiny Crown,Confetti
1605,Party Panda #1605,A looping cartoon party-panda PFP with real panda markings. Minted on Base.,1605.gif,Moonlight,Neon Ring,Classic,Blink,Bare head,Balloon
1606,Party Panda #1606,A looping cartoon party-panda PFP with real panda markings. Minted on Base.,1606.gif,Neon Club,Laser Sweep,Cub,Blink,Disco Afro,Confetti
1607,Party Panda #1607,A looping cartoon party-panda PFP with real panda markings. Minted on Base.,1607.gif,Disco Night,Champagne Haze,Peach,Heart,Bare head,Sparkler
1608,Party Panda #1608,A looping cartoon party-panda PFP with real panda markings. Minted on Base.,1608.gif,Bamboo Lounge,Champagne Haze,Tuxedo,Wink,Party Hat,None
1609,Party Panda #1609,A looping cartoon party-panda PFP with real panda markings. Minted on Base.,1609.gif,Disco Night,Laser Sweep,Tuxedo,Wink,Lei,None
1610,Party Panda #1610,A looping cartoon party-panda PFP with real panda markings. Minted on Base.,1610.gif,Moonlight,Sparkle Burst,Chubby,Spark,Bare head,Confetti
1611,Party Panda #1611,A looping cartoon party-panda PFP with real panda markings. Minted on Base.,1611.gif,Disco Night,Neon Ring,Chubby,Blink,Party Hat,Balloon
1612,Party Panda #1612,A looping cartoon party-panda PFP with real panda markings. Minted on Base.,1612.gif,Neon Club,Sparkle Burst,Tuxedo,Heart,Bare head,Balloon
1613,Party Panda #1613,A looping cartoon party-panda PFP with real panda markings. Minted on Base.,1613.gif,Confetti Hall,Neon Ring,Cub,Wink,Bare head,Boombox
1614,Party Panda #1614,A looping cartoon party-panda PFP with real panda markings. Minted on Base.,1614.gif,Candy Rave,Disco Pulse,Cub,Heart,Bowtie,Boombox
1615,Party Panda #1615,A looping cartoon party-panda PFP with real panda markings. Minted on Base.,1615.gif,Candy Rave,Sparkle Burst,Chubby,Heart,Headphones,Sparkler
1616,Party Panda #1616,A looping cartoon party-panda PFP with real panda markings. Minted on Base.,1616.gif,Confetti Hall,No glow,Dancer,Blink,Bare head,Cocktail
1617,Party Panda #1617,A looping cartoon party-panda PFP with real panda markings. Minted on Base.,1617.gif,Bamboo Lounge,Laser Sweep,Tuxedo,Heart,Party Hat,Confetti
1618,Party Panda #1618,A looping cartoon party-panda PFP with real panda markings. Minted on Base.,1618.gif,Garden Party,Laser Sweep,Dancer,Blink,Party Hat,Sparkler
1619,Party Panda #1619,A looping cartoon party-panda PFP with real panda markings. Minted on Base.,1619.gif,Moonlight,No glow,Tuxedo,Heart,Bare head,Balloon
1620,Party Panda #1620,A looping cartoon party-panda PFP with real panda markings. Minted on Base.,1620.gif,Garden Party,Disco Pulse,Chubby,Wink,Bare head,Boombox
1621,Party Panda #1621,A looping cartoon party-panda PFP with real panda markings. Minted on Base.,1621.gif,Neon Club,No glow,Classic,Sleepy,Party Hat,Sparkler
1622,Party Panda #1622,A looping cartoon party-panda PFP with real panda markings. Minted on Base.,1622.gif,Moonlight,Sparkle Burst,Cub,Sleepy,Tiny Crown,Cocktail
1623,Party Panda #1623,A looping cartoon party-panda PFP with real panda markings. Minted on Base.,1623.gif,Candy Rave,Laser Sweep,Tuxedo,Wink,Headphones,Cocktail
1624,Party Panda #1624,A looping cartoon party-panda PFP with real panda markings. Minted on Base.,1624.gif,Garden Party,Laser Sweep,Dancer,Spark,Lei,None
1625,Party Panda #1625,A looping cartoon party-panda PFP with real panda markings. Minted on Base.,1625.gif,Rooftop Glow,Laser Sweep,Tuxedo,Spark,Bare head,Cocktail
1626,Party Panda #1626,A looping cartoon party-panda PFP with real panda markings. Minted on Base.,1626.gif,Candy Rave,Neon Ring,Peach,Spark,Headphones,Boombox
1627,Party Panda #1627,A looping cartoon party-panda PFP with real panda markings. Minted on Base.,1627.gif,Bamboo Lounge,No glow,Chubby,Shades,Bare head,Balloon
1628,Party Panda #1628,A looping cartoon party-panda PFP with real panda markings. Minted on Base.,1628.gif,Rooftop Glow,Disco Pulse,Peach,Shades,Party Hat,None
1629,Party Panda #1629,A looping cartoon party-panda PFP with real panda markings. Minted on Base.,1629.gif,Garden Party,No glow,Classic,Shades,Tiny Crown,Balloon
1630,Party Panda #1630,A looping cartoon party-panda PFP with real panda markings. Minted on Base.,1630.gif,Garden Party,No glow,Chubby,Sleepy,Tiny Crown,Sparkler
1631,Party Panda #1631,A looping cartoon party-panda PFP with real panda markings. Minted on Base.,1631.gif,Candy Rave,Neon Ring,Classic,Blink,Lei,Sparkler
1632,Party Panda #1632,A looping cartoon party-panda PFP with real panda markings. Minted on Base.,1632.gif,Candy Rave,Sparkle Burst,Cub,Blink,Bare head,Cocktail
1633,Party Panda #1633,A looping cartoon party-panda PFP with real panda markings. Minted on Base.,1633.gif,Bamboo Lounge,No glow,Peach,Spark,Headphones,Cocktail
1634,Party Panda #1634,A looping cartoon party-panda PFP with real panda markings. Minted on Base.,1634.gif,Confetti Hall,Sparkle Burst,Tuxedo,Wink,Tiny Crown,Confetti
1635,Party Panda #1635,A looping cartoon party-panda PFP with real panda markings. Minted on Base.,1635.gif,Disco Night,Neon Ring,Peach,Heart,Bare head,Sparkler
1636,Party Panda #1636,A looping cartoon party-panda PFP with real panda markings. Minted on Base.,1636.gif,Garden Party,Champagne Haze,Cub,Blink,Bowtie,Sparkler
1637,Party Panda #1637,A looping cartoon party-panda PFP with real panda markings. Minted on Base.,1637.gif,Disco Night,Sparkle Burst,Cub,Wink,Disco Afro,Confetti
1638,Party Panda #1638,A looping cartoon party-panda PFP with real panda markings. Minted on Base.,1638.gif,Garden Party,Sparkle Burst,Tuxedo,Shades,Bowtie,None
1639,Party Panda #1639,A looping cartoon party-panda PFP with real panda markings. Minted on Base.,1639.gif,Moonlight,Sparkle Burst,Peach,Spark,Bowtie,Cocktail
1640,Party Panda #1640,A looping cartoon party-panda PFP with real panda markings. Minted on Base.,1640.gif,Confetti Hall,Champagne Haze,Cub,Wink,Bare head,Boombox
1641,Party Panda #1641,A looping cartoon party-panda PFP with real panda markings. Minted on Base.,1641.gif,Disco Night,No glow,Classic,Wink,Tiny Crown,Confetti
1642,Party Panda #1642,A looping cartoon party-panda PFP with real panda markings. Minted on Base.,1642.gif,Bamboo Lounge,No glow,Tuxedo,Spark,Party Hat,Confetti
1643,Party Panda #1643,A looping cartoon party-panda PFP with real panda markings. Minted on Base.,1643.gif,Neon Club,Disco Pulse,Chubby,Wink,Bowtie,Balloon
1644,Party Panda #1644,A looping cartoon party-panda PFP with real panda markings. Minted on Base.,1644.gif,Garden Party,Disco Pulse,Tuxedo,Shades,Lei,Sparkler
1645,Party Panda #1645,A looping cartoon party-panda PFP with real panda markings. Minted on Base.,1645.gif,Rooftop Glow,Disco Pulse,Chubby,Wink,Headphones,Cocktail
1646,Party Panda #1646,A looping cartoon party-panda PFP with real panda markings. Minted on Base.,1646.gif,Neon Club,Neon Ring,Peach,Shades,Disco Afro,Boombox
1647,Party Panda #1647,A looping cartoon party-panda PFP with real panda markings. Minted on Base.,1647.gif,Disco Night,No glow,Dancer,Sleepy,Disco Afro,Balloon
1648,Party Panda #1648,A looping cartoon party-panda PFP with real panda markings. Minted on Base.,1648.gif,Confetti Hall,Sparkle Burst,Dancer,Blink,Bowtie,Balloon
1649,Party Panda #1649,A looping cartoon party-panda PFP with real panda markings. Minted on Base.,1649.gif,Garden Party,Champagne Haze,Dancer,Shades,Lei,Balloon
1650,Party Panda #1650,A looping cartoon party-panda PFP with real panda markings. Minted on Base.,1650.gif,Neon Club,Neon Ring,Tuxedo,Heart,Disco Afro,Boombox
1651,Party Panda #1651,A looping cartoon party-panda PFP with real panda markings. Minted on Base.,1651.gif,Neon Club,No glow,Dancer,Shades,Party Hat,Cocktail
1652,Party Panda #1652,A looping cartoon party-panda PFP with real panda markings. Minted on Base.,1652.gif,Disco Night,Sparkle Burst,Dancer,Heart,Party Hat,None
1653,Party Panda #1653,A looping cartoon party-panda PFP with real panda markings. Minted on Base.,1653.gif,Disco Night,No glow,Peach,Shades,Headphones,Boombox
1654,Party Panda #1654,A looping cartoon party-panda PFP with real panda markings. Minted on Base.,1654.gif,Garden Party,Champagne Haze,Dancer,Wink,Headphones,Cocktail
1655,Party Panda #1655,A looping cartoon party-panda PFP with real panda markings. Minted on Base.,1655.gif,Neon Club,Sparkle Burst,Chubby,Sleepy,Bare head,Cocktail
1656,Party Panda #1656,A looping cartoon party-panda PFP with real panda markings. Minted on Base.,1656.gif,Candy Rave,Disco Pulse,Chubby,Shades,Bowtie,Balloon
1657,Party Panda #1657,A looping cartoon party-panda PFP with real panda markings. Minted on Base.,1657.gif,Candy Rave,Sparkle Burst,Chubby,Heart,Party Hat,Sparkler
1658,Party Panda #1658,A looping cartoon party-panda PFP with real panda markings. Minted on Base.,1658.gif,Bamboo Lounge,Sparkle Burst,Cub,Spark,Headphones,Sparkler
1659,Party Panda #1659,A looping cartoon party-panda PFP with real panda markings. Minted on Base.,1659.gif,Candy Rave,Laser Sweep,Classic,Spark,Headphones,Confetti
1660,Party Panda #1660,A looping cartoon party-panda PFP with real panda markings. Minted on Base.,1660.gif,Neon Club,No glow,Chubby,Blink,Headphones,Cocktail
1661,Party Panda #1661,A looping cartoon party-panda PFP with real panda markings. Minted on Base.,1661.gif,Rooftop Glow,Champagne Haze,Dancer,Blink,Lei,Cocktail
1662,Party Panda #1662,A looping cartoon party-panda PFP with real panda markings. Minted on Base.,1662.gif,Candy Rave,No glow,Tuxedo,Shades,Lei,Sparkler
1663,Party Panda #1663,A looping cartoon party-panda PFP with real panda markings. Minted on Base.,1663.gif,Garden Party,No glow,Dancer,Blink,Party Hat,Balloon
1664,Party Panda #1664,A looping cartoon party-panda PFP with real panda markings. Minted on Base.,1664.gif,Disco Night,Laser Sweep,Cub,Shades,Lei,None
1665,Party Panda #1665,A looping cartoon party-panda PFP with real panda markings. Minted on Base.,1665.gif,Rooftop Glow,Sparkle Burst,Cub,Shades,Tiny Crown,Confetti
1666,Party Panda #1666,A looping cartoon party-panda PFP with real panda markings. Minted on Base.,1666.gif,Moonlight,Sparkle Burst,Chubby,Heart,Bowtie,Confetti
1667,Party Panda #1667,A looping cartoon party-panda PFP with real panda markings. Minted on Base.,1667.gif,Disco Night,Neon Ring,Cub,Blink,Disco Afro,None
1668,Party Panda #1668,A looping cartoon party-panda PFP with real panda markings. Minted on Base.,1668.gif,Candy Rave,Sparkle Burst,Tuxedo,Blink,Party Hat,Cocktail
1669,Party Panda #1669,A looping cartoon party-panda PFP with real panda markings. Minted on Base.,1669.gif,Moonlight,Neon Ring,Classic,Heart,Lei,Cocktail
1670,Party Panda #1670,A looping cartoon party-panda PFP with real panda markings. Minted on Base.,1670.gif,Bamboo Lounge,Neon Ring,Classic,Spark,Bare head,Balloon
1671,Party Panda #1671,A looping cartoon party-panda PFP with real panda markings. Minted on Base.,1671.gif,Moonlight,Sparkle Burst,Dancer,Wink,Lei,Sparkler
1672,Party Panda #1672,A looping cartoon party-panda PFP with real panda markings. Minted on Base.,1672.gif,Neon Club,No glow,Dancer,Sleepy,Lei,Cocktail
1673,Party Panda #1673,A looping cartoon party-panda PFP with real panda markings. Minted on Base.,1673.gif,Bamboo Lounge,Sparkle Burst,Tuxedo,Blink,Party Hat,None
1674,Party Panda #1674,A looping cartoon party-panda PFP with real panda markings. Minted on Base.,1674.gif,Moonlight,Neon Ring,Peach,Shades,Bare head,Confetti
1675,Party Panda #1675,A looping cartoon party-panda PFP with real panda markings. Minted on Base.,1675.gif,Moonlight,Disco Pulse,Dancer,Wink,Bowtie,None
1676,Party Panda #1676,A looping cartoon party-panda PFP with real panda markings. Minted on Base.,1676.gif,Rooftop Glow,Sparkle Burst,Tuxedo,Shades,Bowtie,None
1677,Party Panda #1677,A looping cartoon party-panda PFP with real panda markings. Minted on Base.,1677.gif,Confetti Hall,Laser Sweep,Tuxedo,Wink,Headphones,None
1678,Party Panda #1678,A looping cartoon party-panda PFP with real panda markings. Minted on Base.,1678.gif,Garden Party,Disco Pulse,Cub,Heart,Tiny Crown,Cocktail
1679,Party Panda #1679,A looping cartoon party-panda PFP with real panda markings. Minted on Base.,1679.gif,Bamboo Lounge,Champagne Haze,Chubby,Blink,Bare head,Sparkler
1680,Party Panda #1680,A looping cartoon party-panda PFP with real panda markings. Minted on Base.,1680.gif,Neon Club,Champagne Haze,Chubby,Spark,Tiny Crown,Cocktail
1681,Party Panda #1681,A looping cartoon party-panda PFP with real panda markings. Minted on Base.,1681.gif,Disco Night,Laser Sweep,Chubby,Heart,Bare head,Balloon
1682,Party Panda #1682,A looping cartoon party-panda PFP with real panda markings. Minted on Base.,1682.gif,Disco Night,Champagne Haze,Cub,Spark,Bare head,Cocktail
1683,Party Panda #1683,A looping cartoon party-panda PFP with real panda markings. Minted on Base.,1683.gif,Garden Party,Disco Pulse,Peach,Wink,Bare head,Balloon
1684,Party Panda #1684,A looping cartoon party-panda PFP with real panda markings. Minted on Base.,1684.gif,Garden Party,Neon Ring,Classic,Sleepy,Headphones,None
1685,Party Panda #1685,A looping cartoon party-panda PFP with real panda markings. Minted on Base.,1685.gif,Garden Party,No glow,Cub,Heart,Tiny Crown,Balloon
1686,Party Panda #1686,A looping cartoon party-panda PFP with real panda markings. Minted on Base.,1686.gif,Bamboo Lounge,Laser Sweep,Chubby,Spark,Bare head,Sparkler
1687,Party Panda #1687,A looping cartoon party-panda PFP with real panda markings. Minted on Base.,1687.gif,Candy Rave,Disco Pulse,Tuxedo,Blink,Disco Afro,Sparkler
1688,Party Panda #1688,A looping cartoon party-panda PFP with real panda markings. Minted on Base.,1688.gif,Moonlight,Laser Sweep,Chubby,Shades,Bare head,Boombox
1689,Party Panda #1689,A looping cartoon party-panda PFP with real panda markings. Minted on Base.,1689.gif,Candy Rave,Champagne Haze,Tuxedo,Blink,Disco Afro,Confetti
1690,Party Panda #1690,A looping cartoon party-panda PFP with real panda markings. Minted on Base.,1690.gif,Bamboo Lounge,Sparkle Burst,Chubby,Spark,Lei,Sparkler
1691,Party Panda #1691,A looping cartoon party-panda PFP with real panda markings. Minted on Base.,1691.gif,Candy Rave,Neon Ring,Chubby,Heart,Tiny Crown,None
1692,Party Panda #1692,A looping cartoon party-panda PFP with real panda markings. Minted on Base.,1692.gif,Rooftop Glow,Neon Ring,Tuxedo,Spark,Bare head,Boombox
1693,Party Panda #1693,A looping cartoon party-panda PFP with real panda markings. Minted on Base.,1693.gif,Bamboo Lounge,No glow,Classic,Blink,Tiny Crown,None
1694,Party Panda #1694,A looping cartoon party-panda PFP with real panda markings. Minted on Base.,1694.gif,Neon Club,Champagne Haze,Tuxedo,Wink,Disco Afro,Confetti
1695,Party Panda #1695,A looping cartoon party-panda PFP with real panda markings. Minted on Base.,1695.gif,Bamboo Lounge,No glow,Cub,Heart,Bare head,None
1696,Party Panda #1696,A looping cartoon party-panda PFP with real panda markings. Minted on Base.,1696.gif,Candy Rave,No glow,Peach,Sleepy,Disco Afro,Sparkler
1697,Party Panda #1697,A looping cartoon party-panda PFP with real panda markings. Minted on Base.,1697.gif,Rooftop Glow,Laser Sweep,Cub,Wink,Disco Afro,Cocktail
1698,Party Panda #1698,A looping cartoon party-panda PFP with real panda markings. Minted on Base.,1698.gif,Confetti Hall,Neon Ring,Cub,Shades,Disco Afro,Balloon
1699,Party Panda #1699,A looping cartoon party-panda PFP with real panda markings. Minted on Base.,1699.gif,Confetti Hall,Disco Pulse,Chubby,Sleepy,Lei,Boombox
1700,Party Panda #1700,A looping cartoon party-panda PFP with real panda markings. Minted on Base.,1700.gif,Garden Party,Champagne Haze,Cub,Shades,Bowtie,Boombox
1701,Party Panda #1701,A looping cartoon party-panda PFP with real panda markings. Minted on Base.,1701.gif,Garden Party,Champagne Haze,Chubby,Heart,Tiny Crown,None
1702,Party Panda #1702,A looping cartoon party-panda PFP with real panda markings. Minted on Base.,1702.gif,Confetti Hall,Disco Pulse,Cub,Shades,Bare head,None
1703,Party Panda #1703,A looping cartoon party-panda PFP with real panda markings. Minted on Base.,1703.gif,Neon Club,Champagne Haze,Cub,Sleepy,Bare head,None
1704,Party Panda #1704,A looping cartoon party-panda PFP with real panda markings. Minted on Base.,1704.gif,Neon Club,Champagne Haze,Dancer,Wink,Lei,Sparkler
1705,Party Panda #1705,A looping cartoon party-panda PFP with real panda markings. Minted on Base.,1705.gif,Rooftop Glow,Disco Pulse,Peach,Wink,Bare head,Cocktail
1706,Party Panda #1706,A looping cartoon party-panda PFP with real panda markings. Minted on Base.,1706.gif,Rooftop Glow,Disco Pulse,Tuxedo,Shades,Lei,Cocktail
1707,Party Panda #1707,A looping cartoon party-panda PFP with real panda markings. Minted on Base.,1707.gif,Bamboo Lounge,Sparkle Burst,Tuxedo,Wink,Headphones,Confetti
1708,Party Panda #1708,A looping cartoon party-panda PFP with real panda markings. Minted on Base.,1708.gif,Rooftop Glow,Sparkle Burst,Classic,Heart,Bare head,None
1709,Party Panda #1709,A looping cartoon party-panda PFP with real panda markings. Minted on Base.,1709.gif,Candy Rave,Laser Sweep,Classic,Blink,Headphones,Confetti
1710,Party Panda #1710,A looping cartoon party-panda PFP with real panda markings. Minted on Base.,1710.gif,Moonlight,Sparkle Burst,Peach,Shades,Lei,Confetti
1711,Party Panda #1711,A looping cartoon party-panda PFP with real panda markings. Minted on Base.,1711.gif,Rooftop Glow,Neon Ring,Chubby,Spark,Tiny Crown,Cocktail
1712,Party Panda #1712,A looping cartoon party-panda PFP with real panda markings. Minted on Base.,1712.gif,Candy Rave,No glow,Peach,Blink,Party Hat,Confetti
1713,Party Panda #1713,A looping cartoon party-panda PFP with real panda markings. Minted on Base.,1713.gif,Neon Club,No glow,Cub,Sleepy,Party Hat,Sparkler
1714,Party Panda #1714,A looping cartoon party-panda PFP with real panda markings. Minted on Base.,1714.gif,Bamboo Lounge,No glow,Dancer,Wink,Bowtie,Confetti
1715,Party Panda #1715,A looping cartoon party-panda PFP with real panda markings. Minted on Base.,1715.gif,Neon Club,Laser Sweep,Chubby,Shades,Lei,Sparkler
1716,Party Panda #1716,A looping cartoon party-panda PFP with real panda markings. Minted on Base.,1716.gif,Bamboo Lounge,Disco Pulse,Peach,Shades,Party Hat,Cocktail
1717,Party Panda #1717,A looping cartoon party-panda PFP with real panda markings. Minted on Base.,1717.gif,Confetti Hall,Laser Sweep,Tuxedo,Shades,Headphones,Balloon
1718,Party Panda #1718,A looping cartoon party-panda PFP with real panda markings. Minted on Base.,1718.gif,Rooftop Glow,Disco Pulse,Chubby,Heart,Headphones,None
1719,Party Panda #1719,A looping cartoon party-panda PFP with real panda markings. Minted on Base.,1719.gif,Moonlight,Disco Pulse,Classic,Blink,Party Hat,Balloon
1720,Party Panda #1720,A looping cartoon party-panda PFP with real panda markings. Minted on Base.,1720.gif,Bamboo Lounge,Champagne Haze,Dancer,Spark,Tiny Crown,Cocktail
1721,Party Panda #1721,A looping cartoon party-panda PFP with real panda markings. Minted on Base.,1721.gif,Confetti Hall,Laser Sweep,Chubby,Spark,Bare head,Confetti
1722,Party Panda #1722,A looping cartoon party-panda PFP with real panda markings. Minted on Base.,1722.gif,Candy Rave,Laser Sweep,Dancer,Blink,Headphones,Confetti
1723,Party Panda #1723,A looping cartoon party-panda PFP with real panda markings. Minted on Base.,1723.gif,Neon Club,No glow,Tuxedo,Wink,Tiny Crown,None
1724,Party Panda #1724,A looping cartoon party-panda PFP with real panda markings. Minted on Base.,1724.gif,Confetti Hall,Laser Sweep,Cub,Sleepy,Disco Afro,None
1725,Party Panda #1725,A looping cartoon party-panda PFP with real panda markings. Minted on Base.,1725.gif,Neon Club,Laser Sweep,Classic,Spark,Bare head,Confetti
1726,Party Panda #1726,A looping cartoon party-panda PFP with real panda markings. Minted on Base.,1726.gif,Confetti Hall,Neon Ring,Cub,Heart,Bowtie,None
1727,Party Panda #1727,A looping cartoon party-panda PFP with real panda markings. Minted on Base.,1727.gif,Moonlight,Neon Ring,Peach,Sleepy,Disco Afro,Sparkler
1728,Party Panda #1728,A looping cartoon party-panda PFP with real panda markings. Minted on Base.,1728.gif,Disco Night,Neon Ring,Classic,Wink,Bowtie,None
1729,Party Panda #1729,A looping cartoon party-panda PFP with real panda markings. Minted on Base.,1729.gif,Candy Rave,No glow,Classic,Sleepy,Bowtie,Boombox
1730,Party Panda #1730,A looping cartoon party-panda PFP with real panda markings. Minted on Base.,1730.gif,Garden Party,Sparkle Burst,Cub,Heart,Bare head,None
1731,Party Panda #1731,A looping cartoon party-panda PFP with real panda markings. Minted on Base.,1731.gif,Neon Club,Neon Ring,Cub,Heart,Bowtie,Boombox
1732,Party Panda #1732,A looping cartoon party-panda PFP with real panda markings. Minted on Base.,1732.gif,Neon Club,No glow,Classic,Spark,Bowtie,Balloon
1733,Party Panda #1733,A looping cartoon party-panda PFP with real panda markings. Minted on Base.,1733.gif,Rooftop Glow,Champagne Haze,Tuxedo,Sleepy,Bare head,Sparkler
1734,Party Panda #1734,A looping cartoon party-panda PFP with real panda markings. Minted on Base.,1734.gif,Disco Night,Sparkle Burst,Cub,Spark,Bare head,Balloon
1735,Party Panda #1735,A looping cartoon party-panda PFP with real panda markings. Minted on Base.,1735.gif,Garden Party,Sparkle Burst,Cub,Wink,Headphones,Confetti
1736,Party Panda #1736,A looping cartoon party-panda PFP with real panda markings. Minted on Base.,1736.gif,Garden Party,Champagne Haze,Chubby,Heart,Bare head,Sparkler
1737,Party Panda #1737,A looping cartoon party-panda PFP with real panda markings. Minted on Base.,1737.gif,Moonlight,Disco Pulse,Classic,Sleepy,Lei,Sparkler
1738,Party Panda #1738,A looping cartoon party-panda PFP with real panda markings. Minted on Base.,1738.gif,Disco Night,Champagne Haze,Peach,Heart,Bare head,None
1739,Party Panda #1739,A looping cartoon party-panda PFP with real panda markings. Minted on Base.,1739.gif,Moonlight,Disco Pulse,Dancer,Shades,Tiny Crown,None
1740,Party Panda #1740,A looping cartoon party-panda PFP with real panda markings. Minted on Base.,1740.gif,Neon Club,No glow,Chubby,Wink,Disco Afro,None
1741,Party Panda #1741,A looping cartoon party-panda PFP with real panda markings. Minted on Base.,1741.gif,Moonlight,Neon Ring,Cub,Spark,Tiny Crown,Sparkler
1742,Party Panda #1742,A looping cartoon party-panda PFP with real panda markings. Minted on Base.,1742.gif,Rooftop Glow,No glow,Dancer,Sleepy,Bare head,Balloon
1743,Party Panda #1743,A looping cartoon party-panda PFP with real panda markings. Minted on Base.,1743.gif,Bamboo Lounge,Neon Ring,Tuxedo,Wink,Bare head,Balloon
1744,Party Panda #1744,A looping cartoon party-panda PFP with real panda markings. Minted on Base.,1744.gif,Candy Rave,Laser Sweep,Dancer,Sleepy,Bare head,Confetti
1745,Party Panda #1745,A looping cartoon party-panda PFP with real panda markings. Minted on Base.,1745.gif,Disco Night,Disco Pulse,Classic,Wink,Headphones,Cocktail
1746,Party Panda #1746,A looping cartoon party-panda PFP with real panda markings. Minted on Base.,1746.gif,Moonlight,Sparkle Burst,Peach,Shades,Party Hat,Balloon
1747,Party Panda #1747,A looping cartoon party-panda PFP with real panda markings. Minted on Base.,1747.gif,Confetti Hall,No glow,Chubby,Heart,Bowtie,Balloon
1748,Party Panda #1748,A looping cartoon party-panda PFP with real panda markings. Minted on Base.,1748.gif,Disco Night,Disco Pulse,Peach,Sleepy,Lei,Confetti
1749,Party Panda #1749,A looping cartoon party-panda PFP with real panda markings. Minted on Base.,1749.gif,Disco Night,No glow,Classic,Sleepy,Lei,None
1750,Party Panda #1750,A looping cartoon party-panda PFP with real panda markings. Minted on Base.,1750.gif,Candy Rave,Neon Ring,Peach,Shades,Party Hat,None
1751,Party Panda #1751,A looping cartoon party-panda PFP with real panda markings. Minted on Base.,1751.gif,Candy Rave,Sparkle Burst,Classic,Shades,Headphones,Sparkler
1752,Party Panda #1752,A looping cartoon party-panda PFP with real panda markings. Minted on Base.,1752.gif,Bamboo Lounge,Laser Sweep,Peach,Blink,Bare head,Boombox
1753,Party Panda #1753,A looping cartoon party-panda PFP with real panda markings. Minted on Base.,1753.gif,Bamboo Lounge,Disco Pulse,Dancer,Sleepy,Bare head,Cocktail
1754,Party Panda #1754,A looping cartoon party-panda PFP with real panda markings. Minted on Base.,1754.gif,Garden Party,Neon Ring,Chubby,Blink,Bowtie,Boombox
1755,Party Panda #1755,A looping cartoon party-panda PFP with real panda markings. Minted on Base.,1755.gif,Disco Night,Disco Pulse,Tuxedo,Wink,Party Hat,Sparkler
1756,Party Panda #1756,A looping cartoon party-panda PFP with real panda markings. Minted on Base.,1756.gif,Disco Night,Disco Pulse,Peach,Heart,Headphones,Cocktail
1757,Party Panda #1757,A looping cartoon party-panda PFP with real panda markings. Minted on Base.,1757.gif,Candy Rave,Laser Sweep,Chubby,Sleepy,Lei,Sparkler
1758,Party Panda #1758,A looping cartoon party-panda PFP with real panda markings. Minted on Base.,1758.gif,Neon Club,Laser Sweep,Tuxedo,Spark,Party Hat,Sparkler
1759,Party Panda #1759,A looping cartoon party-panda PFP with real panda markings. Minted on Base.,1759.gif,Rooftop Glow,Neon Ring,Cub,Blink,Bare head,Balloon
1760,Party Panda #1760,A looping cartoon party-panda PFP with real panda markings. Minted on Base.,1760.gif,Neon Club,Laser Sweep,Cub,Blink,Headphones,Cocktail
1761,Party Panda #1761,A looping cartoon party-panda PFP with real panda markings. Minted on Base.,1761.gif,Garden Party,Disco Pulse,Dancer,Sleepy,Bowtie,Balloon
1762,Party Panda #1762,A looping cartoon party-panda PFP with real panda markings. Minted on Base.,1762.gif,Candy Rave,Champagne Haze,Peach,Sleepy,Party Hat,Cocktail
1763,Party Panda #1763,A looping cartoon party-panda PFP with real panda markings. Minted on Base.,1763.gif,Rooftop Glow,No glow,Classic,Shades,Party Hat,Confetti
1764,Party Panda #1764,A looping cartoon party-panda PFP with real panda markings. Minted on Base.,1764.gif,Disco Night,Laser Sweep,Dancer,Blink,Lei,Sparkler
1765,Party Panda #1765,A looping cartoon party-panda PFP with real panda markings. Minted on Base.,1765.gif,Garden Party,Neon Ring,Peach,Heart,Bare head,Sparkler
1766,Party Panda #1766,A looping cartoon party-panda PFP with real panda markings. Minted on Base.,1766.gif,Disco Night,Sparkle Burst,Peach,Shades,Bowtie,None
1767,Party Panda #1767,A looping cartoon party-panda PFP with real panda markings. Minted on Base.,1767.gif,Moonlight,Disco Pulse,Chubby,Blink,Bare head,Sparkler
1768,Party Panda #1768,A looping cartoon party-panda PFP with real panda markings. Minted on Base.,1768.gif,Neon Club,No glow,Peach,Heart,Bowtie,Confetti
1769,Party Panda #1769,A looping cartoon party-panda PFP with real panda markings. Minted on Base.,1769.gif,Garden Party,Sparkle Burst,Chubby,Spark,Bare head,Sparkler
1770,Party Panda #1770,A looping cartoon party-panda PFP with real panda markings. Minted on Base.,1770.gif,Bamboo Lounge,Neon Ring,Chubby,Sleepy,Disco Afro,Cocktail
1771,Party Panda #1771,A looping cartoon party-panda PFP with real panda markings. Minted on Base.,1771.gif,Moonlight,Laser Sweep,Cub,Sleepy,Disco Afro,Cocktail
1772,Party Panda #1772,A looping cartoon party-panda PFP with real panda markings. Minted on Base.,1772.gif,Moonlight,No glow,Cub,Wink,Bare head,None
1773,Party Panda #1773,A looping cartoon party-panda PFP with real panda markings. Minted on Base.,1773.gif,Candy Rave,Neon Ring,Cub,Wink,Bare head,Confetti
1774,Party Panda #1774,A looping cartoon party-panda PFP with real panda markings. Minted on Base.,1774.gif,Disco Night,No glow,Cub,Spark,Bare head,None
1775,Party Panda #1775,A looping cartoon party-panda PFP with real panda markings. Minted on Base.,1775.gif,Moonlight,No glow,Chubby,Heart,Tiny Crown,Boombox
1776,Party Panda #1776,A looping cartoon party-panda PFP with real panda markings. Minted on Base.,1776.gif,Confetti Hall,No glow,Cub,Wink,Party Hat,None
1777,Party Panda #1777,A looping cartoon party-panda PFP with real panda markings. Minted on Base.,1777.gif,Garden Party,No glow,Cub,Blink,Headphones,Balloon
1778,Party Panda #1778,A looping cartoon party-panda PFP with real panda markings. Minted on Base.,1778.gif,Moonlight,Disco Pulse,Dancer,Wink,Headphones,Boombox
1779,Party Panda #1779,A looping cartoon party-panda PFP with real panda markings. Minted on Base.,1779.gif,Neon Club,Sparkle Burst,Chubby,Sleepy,Bare head,None
1780,Party Panda #1780,A looping cartoon party-panda PFP with real panda markings. Minted on Base.,1780.gif,Moonlight,No glow,Classic,Blink,Bare head,Balloon
1781,Party Panda #1781,A looping cartoon party-panda PFP with real panda markings. Minted on Base.,1781.gif,Moonlight,Neon Ring,Tuxedo,Blink,Headphones,Balloon
1782,Party Panda #1782,A looping cartoon party-panda PFP with real panda markings. Minted on Base.,1782.gif,Bamboo Lounge,Sparkle Burst,Dancer,Wink,Bare head,Boombox
1783,Party Panda #1783,A looping cartoon party-panda PFP with real panda markings. Minted on Base.,1783.gif,Bamboo Lounge,Neon Ring,Chubby,Blink,Bowtie,Sparkler
1784,Party Panda #1784,A looping cartoon party-panda PFP with real panda markings. Minted on Base.,1784.gif,Garden Party,Laser Sweep,Peach,Shades,Tiny Crown,Sparkler
1785,Party Panda #1785,A looping cartoon party-panda PFP with real panda markings. Minted on Base.,1785.gif,Neon Club,No glow,Peach,Spark,Headphones,None
1786,Party Panda #1786,A looping cartoon party-panda PFP with real panda markings. Minted on Base.,1786.gif,Rooftop Glow,Neon Ring,Chubby,Blink,Party Hat,Balloon
1787,Party Panda #1787,A looping cartoon party-panda PFP with real panda markings. Minted on Base.,1787.gif,Confetti Hall,Neon Ring,Cub,Heart,Tiny Crown,None
1788,Party Panda #1788,A looping cartoon party-panda PFP with real panda markings. Minted on Base.,1788.gif,Moonlight,Sparkle Burst,Dancer,Sleepy,Lei,None
1789,Party Panda #1789,A looping cartoon party-panda PFP with real panda markings. Minted on Base.,1789.gif,Garden Party,Disco Pulse,Chubby,Heart,Headphones,Confetti
1790,Party Panda #1790,A looping cartoon party-panda PFP with real panda markings. Minted on Base.,1790.gif,Disco Night,No glow,Chubby,Blink,Bowtie,Confetti
1791,Party Panda #1791,A looping cartoon party-panda PFP with real panda markings. Minted on Base.,1791.gif,Disco Night,Champagne Haze,Dancer,Heart,Disco Afro,Confetti
1792,Party Panda #1792,A looping cartoon party-panda PFP with real panda markings. Minted on Base.,1792.gif,Neon Club,Neon Ring,Tuxedo,Blink,Headphones,Confetti
1793,Party Panda #1793,A looping cartoon party-panda PFP with real panda markings. Minted on Base.,1793.gif,Neon Club,Sparkle Burst,Classic,Sleepy,Bare head,Sparkler
1794,Party Panda #1794,A looping cartoon party-panda PFP with real panda markings. Minted on Base.,1794.gif,Candy Rave,No glow,Tuxedo,Blink,Party Hat,Balloon
1795,Party Panda #1795,A looping cartoon party-panda PFP with real panda markings. Minted on Base.,1795.gif,Neon Club,No glow,Tuxedo,Blink,Bare head,Boombox
1796,Party Panda #1796,A looping cartoon party-panda PFP with real panda markings. Minted on Base.,1796.gif,Neon Club,Disco Pulse,Classic,Blink,Headphones,None
1797,Party Panda #1797,A looping cartoon party-panda PFP with real panda markings. Minted on Base.,1797.gif,Candy Rave,No glow,Tuxedo,Wink,Bare head,Balloon
1798,Party Panda #1798,A looping cartoon party-panda PFP with real panda markings. Minted on Base.,1798.gif,Rooftop Glow,No glow,Cub,Spark,Tiny Crown,Cocktail
1799,Party Panda #1799,A looping cartoon party-panda PFP with real panda markings. Minted on Base.,1799.gif,Rooftop Glow,No glow,Classic,Heart,Party Hat,Balloon
1800,Party Panda #1800,A looping cartoon party-panda PFP with real panda markings. Minted on Base.,1800.gif,Moonlight,Sparkle Burst,Chubby,Sleepy,Lei,Sparkler
1801,Party Panda #1801,A looping cartoon party-panda PFP with real panda markings. Minted on Base.,1801.gif,Disco Night,Disco Pulse,Chubby,Blink,Lei,Confetti
1802,Party Panda #1802,A looping cartoon party-panda PFP with real panda markings. Minted on Base.,1802.gif,Neon Club,Neon Ring,Classic,Heart,Headphones,Balloon
1803,Party Panda #1803,A looping cartoon party-panda PFP with real panda markings. Minted on Base.,1803.gif,Bamboo Lounge,No glow,Classic,Spark,Party Hat,Sparkler
1804,Party Panda #1804,A looping cartoon party-panda PFP with real panda markings. Minted on Base.,1804.gif,Disco Night,Sparkle Burst,Classic,Shades,Bare head,Cocktail
1805,Party Panda #1805,A looping cartoon party-panda PFP with real panda markings. Minted on Base.,1805.gif,Moonlight,Neon Ring,Peach,Heart,Party Hat,Cocktail
1806,Party Panda #1806,A looping cartoon party-panda PFP with real panda markings. Minted on Base.,1806.gif,Neon Club,No glow,Classic,Blink,Party Hat,None
1807,Party Panda #1807,A looping cartoon party-panda PFP with real panda markings. Minted on Base.,1807.gif,Bamboo Lounge,Neon Ring,Tuxedo,Sleepy,Bare head,None
1808,Party Panda #1808,A looping cartoon party-panda PFP with real panda markings. Minted on Base.,1808.gif,Confetti Hall,Laser Sweep,Tuxedo,Wink,Tiny Crown,Confetti
1809,Party Panda #1809,A looping cartoon party-panda PFP with real panda markings. Minted on Base.,1809.gif,Candy Rave,Laser Sweep,Tuxedo,Heart,Disco Afro,Balloon
1810,Party Panda #1810,A looping cartoon party-panda PFP with real panda markings. Minted on Base.,1810.gif,Garden Party,Neon Ring,Peach,Blink,Disco Afro,Confetti
1811,Party Panda #1811,A looping cartoon party-panda PFP with real panda markings. Minted on Base.,1811.gif,Disco Night,Disco Pulse,Peach,Spark,Headphones,Confetti
1812,Party Panda #1812,A looping cartoon party-panda PFP with real panda markings. Minted on Base.,1812.gif,Confetti Hall,No glow,Cub,Sleepy,Party Hat,None
1813,Party Panda #1813,A looping cartoon party-panda PFP with real panda markings. Minted on Base.,1813.gif,Moonlight,Champagne Haze,Chubby,Sleepy,Bowtie,Sparkler
1814,Party Panda #1814,A looping cartoon party-panda PFP with real panda markings. Minted on Base.,1814.gif,Candy Rave,Neon Ring,Peach,Wink,Tiny Crown,Cocktail
1815,Party Panda #1815,A looping cartoon party-panda PFP with real panda markings. Minted on Base.,1815.gif,Moonlight,Disco Pulse,Dancer,Spark,Disco Afro,Balloon
1816,Party Panda #1816,A looping cartoon party-panda PFP with real panda markings. Minted on Base.,1816.gif,Moonlight,Neon Ring,Classic,Spark,Party Hat,Balloon
1817,Party Panda #1817,A looping cartoon party-panda PFP with real panda markings. Minted on Base.,1817.gif,Neon Club,Disco Pulse,Dancer,Heart,Bare head,Sparkler
1818,Party Panda #1818,A looping cartoon party-panda PFP with real panda markings. Minted on Base.,1818.gif,Bamboo Lounge,No glow,Dancer,Blink,Headphones,Boombox
1819,Party Panda #1819,A looping cartoon party-panda PFP with real panda markings. Minted on Base.,1819.gif,Candy Rave,No glow,Tuxedo,Sleepy,Tiny Crown,Cocktail
1820,Party Panda #1820,A looping cartoon party-panda PFP with real panda markings. Minted on Base.,1820.gif,Bamboo Lounge,Disco Pulse,Cub,Wink,Bare head,Cocktail
1821,Party Panda #1821,A looping cartoon party-panda PFP with real panda markings. Minted on Base.,1821.gif,Disco Night,Disco Pulse,Cub,Blink,Bare head,None
1822,Party Panda #1822,A looping cartoon party-panda PFP with real panda markings. Minted on Base.,1822.gif,Moonlight,Disco Pulse,Dancer,Blink,Disco Afro,Confetti
1823,Party Panda #1823,A looping cartoon party-panda PFP with real panda markings. Minted on Base.,1823.gif,Bamboo Lounge,Sparkle Burst,Peach,Heart,Party Hat,Sparkler
1824,Party Panda #1824,A looping cartoon party-panda PFP with real panda markings. Minted on Base.,1824.gif,Confetti Hall,Neon Ring,Tuxedo,Heart,Tiny Crown,Cocktail
1825,Party Panda #1825,A looping cartoon party-panda PFP with real panda markings. Minted on Base.,1825.gif,Disco Night,Laser Sweep,Dancer,Blink,Bare head,Sparkler
1826,Party Panda #1826,A looping cartoon party-panda PFP with real panda markings. Minted on Base.,1826.gif,Candy Rave,Disco Pulse,Chubby,Heart,Party Hat,Cocktail
1827,Party Panda #1827,A looping cartoon party-panda PFP with real panda markings. Minted on Base.,1827.gif,Moonlight,Neon Ring,Chubby,Spark,Bare head,None
1828,Party Panda #1828,A looping cartoon party-panda PFP with real panda markings. Minted on Base.,1828.gif,Rooftop Glow,Sparkle Burst,Classic,Wink,Party Hat,Cocktail
1829,Party Panda #1829,A looping cartoon party-panda PFP with real panda markings. Minted on Base.,1829.gif,Confetti Hall,Sparkle Burst,Classic,Spark,Party Hat,None
1830,Party Panda #1830,A looping cartoon party-panda PFP with real panda markings. Minted on Base.,1830.gif,Neon Club,No glow,Classic,Sleepy,Tiny Crown,Cocktail
1831,Party Panda #1831,A looping cartoon party-panda PFP with real panda markings. Minted on Base.,1831.gif,Disco Night,No glow,Tuxedo,Blink,Bowtie,None
1832,Party Panda #1832,A looping cartoon party-panda PFP with real panda markings. Minted on Base.,1832.gif,Garden Party,No glow,Classic,Blink,Headphones,Confetti
1833,Party Panda #1833,A looping cartoon party-panda PFP with real panda markings. Minted on Base.,1833.gif,Confetti Hall,Neon Ring,Classic,Sleepy,Bare head,Balloon
1834,Party Panda #1834,A looping cartoon party-panda PFP with real panda markings. Minted on Base.,1834.gif,Disco Night,Neon Ring,Chubby,Heart,Party Hat,Sparkler
1835,Party Panda #1835,A looping cartoon party-panda PFP with real panda markings. Minted on Base.,1835.gif,Disco Night,Laser Sweep,Cub,Wink,Bare head,Sparkler
1836,Party Panda #1836,A looping cartoon party-panda PFP with real panda markings. Minted on Base.,1836.gif,Neon Club,Laser Sweep,Chubby,Spark,Bowtie,Sparkler
1837,Party Panda #1837,A looping cartoon party-panda PFP with real panda markings. Minted on Base.,1837.gif,Bamboo Lounge,Laser Sweep,Classic,Wink,Headphones,Cocktail
1838,Party Panda #1838,A looping cartoon party-panda PFP with real panda markings. Minted on Base.,1838.gif,Disco Night,Laser Sweep,Peach,Blink,Bare head,Confetti
1839,Party Panda #1839,A looping cartoon party-panda PFP with real panda markings. Minted on Base.,1839.gif,Garden Party,Disco Pulse,Chubby,Heart,Lei,Boombox
1840,Party Panda #1840,A looping cartoon party-panda PFP with real panda markings. Minted on Base.,1840.gif,Disco Night,Neon Ring,Peach,Shades,Disco Afro,Boombox
1841,Party Panda #1841,A looping cartoon party-panda PFP with real panda markings. Minted on Base.,1841.gif,Rooftop Glow,No glow,Peach,Blink,Tiny Crown,Confetti
1842,Party Panda #1842,A looping cartoon party-panda PFP with real panda markings. Minted on Base.,1842.gif,Disco Night,Sparkle Burst,Chubby,Spark,Headphones,None
1843,Party Panda #1843,A looping cartoon party-panda PFP with real panda markings. Minted on Base.,1843.gif,Bamboo Lounge,Sparkle Burst,Dancer,Wink,Tiny Crown,Confetti
1844,Party Panda #1844,A looping cartoon party-panda PFP with real panda markings. Minted on Base.,1844.gif,Confetti Hall,No glow,Chubby,Sleepy,Bare head,Sparkler
1845,Party Panda #1845,A looping cartoon party-panda PFP with real panda markings. Minted on Base.,1845.gif,Neon Club,Disco Pulse,Peach,Heart,Bare head,Confetti
1846,Party Panda #1846,A looping cartoon party-panda PFP with real panda markings. Minted on Base.,1846.gif,Neon Club,Neon Ring,Peach,Blink,Lei,Balloon
1847,Party Panda #1847,A looping cartoon party-panda PFP with real panda markings. Minted on Base.,1847.gif,Disco Night,Champagne Haze,Peach,Blink,Party Hat,Confetti
1848,Party Panda #1848,A looping cartoon party-panda PFP with real panda markings. Minted on Base.,1848.gif,Rooftop Glow,Disco Pulse,Chubby,Heart,Bare head,Balloon
1849,Party Panda #1849,A looping cartoon party-panda PFP with real panda markings. Minted on Base.,1849.gif,Candy Rave,Disco Pulse,Dancer,Spark,Bowtie,None
1850,Party Panda #1850,A looping cartoon party-panda PFP with real panda markings. Minted on Base.,1850.gif,Confetti Hall,Laser Sweep,Peach,Heart,Party Hat,Boombox
1851,Party Panda #1851,A looping cartoon party-panda PFP with real panda markings. Minted on Base.,1851.gif,Confetti Hall,No glow,Cub,Sleepy,Party Hat,Confetti
1852,Party Panda #1852,A looping cartoon party-panda PFP with real panda markings. Minted on Base.,1852.gif,Garden Party,Laser Sweep,Classic,Sleepy,Headphones,Balloon
1853,Party Panda #1853,A looping cartoon party-panda PFP with real panda markings. Minted on Base.,1853.gif,Disco Night,Disco Pulse,Classic,Heart,Headphones,Boombox
1854,Party Panda #1854,A looping cartoon party-panda PFP with real panda markings. Minted on Base.,1854.gif,Moonlight,Disco Pulse,Dancer,Shades,Tiny Crown,Confetti
1855,Party Panda #1855,A looping cartoon party-panda PFP with real panda markings. Minted on Base.,1855.gif,Neon Club,Laser Sweep,Dancer,Spark,Bare head,Sparkler
1856,Party Panda #1856,A looping cartoon party-panda PFP with real panda markings. Minted on Base.,1856.gif,Rooftop Glow,No glow,Dancer,Wink,Disco Afro,None
1857,Party Panda #1857,A looping cartoon party-panda PFP with real panda markings. Minted on Base.,1857.gif,Disco Night,Champagne Haze,Cub,Blink,Disco Afro,None
1858,Party Panda #1858,A looping cartoon party-panda PFP with real panda markings. Minted on Base.,1858.gif,Confetti Hall,Neon Ring,Chubby,Wink,Bare head,Cocktail
1859,Party Panda #1859,A looping cartoon party-panda PFP with real panda markings. Minted on Base.,1859.gif,Neon Club,Disco Pulse,Chubby,Heart,Headphones,Boombox
1860,Party Panda #1860,A looping cartoon party-panda PFP with real panda markings. Minted on Base.,1860.gif,Rooftop Glow,No glow,Classic,Shades,Bare head,None
1861,Party Panda #1861,A looping cartoon party-panda PFP with real panda markings. Minted on Base.,1861.gif,Disco Night,Disco Pulse,Dancer,Wink,Bare head,Balloon
1862,Party Panda #1862,A looping cartoon party-panda PFP with real panda markings. Minted on Base.,1862.gif,Bamboo Lounge,Disco Pulse,Tuxedo,Blink,Disco Afro,Sparkler
1863,Party Panda #1863,A looping cartoon party-panda PFP with real panda markings. Minted on Base.,1863.gif,Disco Night,Disco Pulse,Classic,Spark,Tiny Crown,Confetti
1864,Party Panda #1864,A looping cartoon party-panda PFP with real panda markings. Minted on Base.,1864.gif,Garden Party,Sparkle Burst,Classic,Blink,Lei,Cocktail
1865,Party Panda #1865,A looping cartoon party-panda PFP with real panda markings. Minted on Base.,1865.gif,Rooftop Glow,Disco Pulse,Classic,Shades,Tiny Crown,Balloon
1866,Party Panda #1866,A looping cartoon party-panda PFP with real panda markings. Minted on Base.,1866.gif,Bamboo Lounge,No glow,Tuxedo,Heart,Lei,None
1867,Party Panda #1867,A looping cartoon party-panda PFP with real panda markings. Minted on Base.,1867.gif,Garden Party,Champagne Haze,Cub,Spark,Lei,Balloon
1868,Party Panda #1868,A looping cartoon party-panda PFP with real panda markings. Minted on Base.,1868.gif,Moonlight,Neon Ring,Dancer,Blink,Party Hat,Balloon
1869,Party Panda #1869,A looping cartoon party-panda PFP with real panda markings. Minted on Base.,1869.gif,Moonlight,Sparkle Burst,Peach,Sleepy,Bowtie,None
1870,Party Panda #1870,A looping cartoon party-panda PFP with real panda markings. Minted on Base.,1870.gif,Neon Club,No glow,Tuxedo,Heart,Tiny Crown,Boombox
1871,Party Panda #1871,A looping cartoon party-panda PFP with real panda markings. Minted on Base.,1871.gif,Moonlight,Disco Pulse,Classic,Blink,Headphones,None
1872,Party Panda #1872,A looping cartoon party-panda PFP with real panda markings. Minted on Base.,1872.gif,Neon Club,Champagne Haze,Tuxedo,Blink,Bowtie,Boombox
1873,Party Panda #1873,A looping cartoon party-panda PFP with real panda markings. Minted on Base.,1873.gif,Rooftop Glow,Disco Pulse,Classic,Sleepy,Lei,None
1874,Party Panda #1874,A looping cartoon party-panda PFP with real panda markings. Minted on Base.,1874.gif,Bamboo Lounge,Laser Sweep,Peach,Heart,Party Hat,Sparkler
1875,Party Panda #1875,A looping cartoon party-panda PFP with real panda markings. Minted on Base.,1875.gif,Confetti Hall,No glow,Classic,Heart,Bare head,Sparkler
1876,Party Panda #1876,A looping cartoon party-panda PFP with real panda markings. Minted on Base.,1876.gif,Disco Night,Sparkle Burst,Tuxedo,Blink,Bowtie,Balloon
1877,Party Panda #1877,A looping cartoon party-panda PFP with real panda markings. Minted on Base.,1877.gif,Moonlight,Champagne Haze,Tuxedo,Blink,Bare head,Boombox
1878,Party Panda #1878,A looping cartoon party-panda PFP with real panda markings. Minted on Base.,1878.gif,Confetti Hall,No glow,Classic,Heart,Headphones,None
1879,Party Panda #1879,A looping cartoon party-panda PFP with real panda markings. Minted on Base.,1879.gif,Disco Night,Disco Pulse,Tuxedo,Sleepy,Headphones,Balloon
1880,Party Panda #1880,A looping cartoon party-panda PFP with real panda markings. Minted on Base.,1880.gif,Bamboo Lounge,No glow,Peach,Blink,Party Hat,Boombox
1881,Party Panda #1881,A looping cartoon party-panda PFP with real panda markings. Minted on Base.,1881.gif,Bamboo Lounge,Sparkle Burst,Peach,Blink,Bare head,Boombox
1882,Party Panda #1882,A looping cartoon party-panda PFP with real panda markings. Minted on Base.,1882.gif,Disco Night,Sparkle Burst,Dancer,Spark,Lei,Balloon
1883,Party Panda #1883,A looping cartoon party-panda PFP with real panda markings. Minted on Base.,1883.gif,Moonlight,Disco Pulse,Classic,Wink,Tiny Crown,None
1884,Party Panda #1884,A looping cartoon party-panda PFP with real panda markings. Minted on Base.,1884.gif,Bamboo Lounge,No glow,Chubby,Blink,Disco Afro,Cocktail
1885,Party Panda #1885,A looping cartoon party-panda PFP with real panda markings. Minted on Base.,1885.gif,Moonlight,Sparkle Burst,Tuxedo,Blink,Tiny Crown,Cocktail
1886,Party Panda #1886,A looping cartoon party-panda PFP with real panda markings. Minted on Base.,1886.gif,Disco Night,Disco Pulse,Peach,Shades,Disco Afro,Balloon
1887,Party Panda #1887,A looping cartoon party-panda PFP with real panda markings. Minted on Base.,1887.gif,Disco Night,No glow,Tuxedo,Sleepy,Bowtie,Balloon
1888,Party Panda #1888,A looping cartoon party-panda PFP with real panda markings. Minted on Base.,1888.gif,Confetti Hall,No glow,Peach,Heart,Tiny Crown,Confetti
1889,Party Panda #1889,A looping cartoon party-panda PFP with real panda markings. Minted on Base.,1889.gif,Neon Club,Laser Sweep,Peach,Sleepy,Bare head,Boombox
1890,Party Panda #1890,A looping cartoon party-panda PFP with real panda markings. Minted on Base.,1890.gif,Bamboo Lounge,Laser Sweep,Peach,Spark,Disco Afro,Balloon
1891,Party Panda #1891,A looping cartoon party-panda PFP with real panda markings. Minted on Base.,1891.gif,Moonlight,No glow,Tuxedo,Spark,Bare head,None
1892,Party Panda #1892,A looping cartoon party-panda PFP with real panda markings. Minted on Base.,1892.gif,Neon Club,Champagne Haze,Chubby,Blink,Party Hat,Balloon
1893,Party Panda #1893,A looping cartoon party-panda PFP with real panda markings. Minted on Base.,1893.gif,Moonlight,Laser Sweep,Peach,Shades,Party Hat,None
1894,Party Panda #1894,A looping cartoon party-panda PFP with real panda markings. Minted on Base.,1894.gif,Confetti Hall,Sparkle Burst,Cub,Heart,Bowtie,Confetti
1895,Party Panda #1895,A looping cartoon party-panda PFP with real panda markings. Minted on Base.,1895.gif,Neon Club,Laser Sweep,Cub,Blink,Bowtie,Confetti
1896,Party Panda #1896,A looping cartoon party-panda PFP with real panda markings. Minted on Base.,1896.gif,Bamboo Lounge,Sparkle Burst,Peach,Wink,Headphones,Sparkler
1897,Party Panda #1897,A looping cartoon party-panda PFP with real panda markings. Minted on Base.,1897.gif,Bamboo Lounge,Champagne Haze,Classic,Heart,Party Hat,None
1898,Party Panda #1898,A looping cartoon party-panda PFP with real panda markings. Minted on Base.,1898.gif,Disco Night,Champagne Haze,Peach,Spark,Bare head,Balloon
1899,Party Panda #1899,A looping cartoon party-panda PFP with real panda markings. Minted on Base.,1899.gif,Neon Club,Sparkle Burst,Chubby,Shades,Bare head,Confetti
1900,Party Panda #1900,A looping cartoon party-panda PFP with real panda markings. Minted on Base.,1900.gif,Bamboo Lounge,Laser Sweep,Tuxedo,Shades,Lei,Cocktail
1901,Party Panda #1901,A looping cartoon party-panda PFP with real panda markings. Minted on Base.,1901.gif,Bamboo Lounge,Disco Pulse,Cub,Shades,Lei,Boombox
1902,Party Panda #1902,A looping cartoon party-panda PFP with real panda markings. Minted on Base.,1902.gif,Disco Night,Neon Ring,Dancer,Wink,Headphones,Confetti
1903,Party Panda #1903,A looping cartoon party-panda PFP with real panda markings. Minted on Base.,1903.gif,Disco Night,Sparkle Burst,Tuxedo,Wink,Party Hat,Boombox
1904,Party Panda #1904,A looping cartoon party-panda PFP with real panda markings. Minted on Base.,1904.gif,Confetti Hall,No glow,Peach,Shades,Bowtie,None
1905,Party Panda #1905,A looping cartoon party-panda PFP with real panda markings. Minted on Base.,1905.gif,Disco Night,Laser Sweep,Cub,Heart,Bare head,Balloon
1906,Party Panda #1906,A looping cartoon party-panda PFP with real panda markings. Minted on Base.,1906.gif,Moonlight,Neon Ring,Cub,Blink,Lei,Cocktail
1907,Party Panda #1907,A looping cartoon party-panda PFP with real panda markings. Minted on Base.,1907.gif,Moonlight,Disco Pulse,Peach,Shades,Disco Afro,None
1908,Party Panda #1908,A looping cartoon party-panda PFP with real panda markings. Minted on Base.,1908.gif,Disco Night,Champagne Haze,Peach,Shades,Tiny Crown,None
1909,Party Panda #1909,A looping cartoon party-panda PFP with real panda markings. Minted on Base.,1909.gif,Disco Night,Disco Pulse,Tuxedo,Spark,Bowtie,Sparkler
1910,Party Panda #1910,A looping cartoon party-panda PFP with real panda markings. Minted on Base.,1910.gif,Disco Night,No glow,Dancer,Spark,Party Hat,Sparkler
1911,Party Panda #1911,A looping cartoon party-panda PFP with real panda markings. Minted on Base.,1911.gif,Rooftop Glow,Disco Pulse,Classic,Spark,Tiny Crown,Balloon
1912,Party Panda #1912,A looping cartoon party-panda PFP with real panda markings. Minted on Base.,1912.gif,Bamboo Lounge,Neon Ring,Chubby,Spark,Headphones,Sparkler
1913,Party Panda #1913,A looping cartoon party-panda PFP with real panda markings. Minted on Base.,1913.gif,Neon Club,Disco Pulse,Tuxedo,Spark,Lei,Cocktail
1914,Party Panda #1914,A looping cartoon party-panda PFP with real panda markings. Minted on Base.,1914.gif,Disco Night,Disco Pulse,Tuxedo,Heart,Headphones,Balloon
1915,Party Panda #1915,A looping cartoon party-panda PFP with real panda markings. Minted on Base.,1915.gif,Bamboo Lounge,Laser Sweep,Chubby,Shades,Lei,Sparkler
1916,Party Panda #1916,A looping cartoon party-panda PFP with real panda markings. Minted on Base.,1916.gif,Disco Night,No glow,Cub,Sleepy,Bowtie,Confetti
1917,Party Panda #1917,A looping cartoon party-panda PFP with real panda markings. Minted on Base.,1917.gif,Rooftop Glow,Disco Pulse,Dancer,Heart,Headphones,Confetti
1918,Party Panda #1918,A looping cartoon party-panda PFP with real panda markings. Minted on Base.,1918.gif,Candy Rave,Neon Ring,Peach,Shades,Tiny Crown,None
1919,Party Panda #1919,A looping cartoon party-panda PFP with real panda markings. Minted on Base.,1919.gif,Confetti Hall,No glow,Classic,Wink,Disco Afro,None
1920,Party Panda #1920,A looping cartoon party-panda PFP with real panda markings. Minted on Base.,1920.gif,Rooftop Glow,Sparkle Burst,Classic,Heart,Party Hat,Boombox
1921,Party Panda #1921,A looping cartoon party-panda PFP with real panda markings. Minted on Base.,1921.gif,Rooftop Glow,Laser Sweep,Cub,Shades,Headphones,Confetti
1922,Party Panda #1922,A looping cartoon party-panda PFP with real panda markings. Minted on Base.,1922.gif,Disco Night,No glow,Peach,Wink,Disco Afro,Boombox
1923,Party Panda #1923,A looping cartoon party-panda PFP with real panda markings. Minted on Base.,1923.gif,Disco Night,Champagne Haze,Tuxedo,Heart,Tiny Crown,Confetti
1924,Party Panda #1924,A looping cartoon party-panda PFP with real panda markings. Minted on Base.,1924.gif,Moonlight,Laser Sweep,Classic,Sleepy,Bowtie,Balloon
1925,Party Panda #1925,A looping cartoon party-panda PFP with real panda markings. Minted on Base.,1925.gif,Neon Club,Sparkle Burst,Chubby,Shades,Bare head,Cocktail
1926,Party Panda #1926,A looping cartoon party-panda PFP with real panda markings. Minted on Base.,1926.gif,Bamboo Lounge,Laser Sweep,Chubby,Spark,Party Hat,Boombox
1927,Party Panda #1927,A looping cartoon party-panda PFP with real panda markings. Minted on Base.,1927.gif,Garden Party,Sparkle Burst,Tuxedo,Sleepy,Headphones,Boombox
1928,Party Panda #1928,A looping cartoon party-panda PFP with real panda markings. Minted on Base.,1928.gif,Moonlight,Laser Sweep,Classic,Blink,Bare head,None
1929,Party Panda #1929,A looping cartoon party-panda PFP with real panda markings. Minted on Base.,1929.gif,Disco Night,No glow,Chubby,Sleepy,Headphones,Balloon
1930,Party Panda #1930,A looping cartoon party-panda PFP with real panda markings. Minted on Base.,1930.gif,Moonlight,Sparkle Burst,Peach,Shades,Tiny Crown,Cocktail
1931,Party Panda #1931,A looping cartoon party-panda PFP with real panda markings. Minted on Base.,1931.gif,Bamboo Lounge,No glow,Tuxedo,Sleepy,Party Hat,None
1932,Party Panda #1932,A looping cartoon party-panda PFP with real panda markings. Minted on Base.,1932.gif,Bamboo Lounge,Neon Ring,Peach,Blink,Lei,None
1933,Party Panda #1933,A looping cartoon party-panda PFP with real panda markings. Minted on Base.,1933.gif,Confetti Hall,No glow,Dancer,Blink,Headphones,Confetti
1934,Party Panda #1934,A looping cartoon party-panda PFP with real panda markings. Minted on Base.,1934.gif,Neon Club,No glow,Cub,Heart,Disco Afro,Boombox
1935,Party Panda #1935,A looping cartoon party-panda PFP with real panda markings. Minted on Base.,1935.gif,Disco Night,Laser Sweep,Classic,Sleepy,Disco Afro,Cocktail
1936,Party Panda #1936,A looping cartoon party-panda PFP with real panda markings. Minted on Base.,1936.gif,Neon Club,Champagne Haze,Tuxedo,Blink,Bare head,Cocktail
1937,Party Panda #1937,A looping cartoon party-panda PFP with real panda markings. Minted on Base.,1937.gif,Moonlight,Sparkle Burst,Classic,Blink,Headphones,Confetti
1938,Party Panda #1938,A looping cartoon party-panda PFP with real panda markings. Minted on Base.,1938.gif,Disco Night,Sparkle Burst,Tuxedo,Sleepy,Headphones,Sparkler
1939,Party Panda #1939,A looping cartoon party-panda PFP with real panda markings. Minted on Base.,1939.gif,Candy Rave,Laser Sweep,Classic,Wink,Lei,Balloon
1940,Party Panda #1940,A looping cartoon party-panda PFP with real panda markings. Minted on Base.,1940.gif,Moonlight,Sparkle Burst,Dancer,Spark,Tiny Crown,Balloon
1941,Party Panda #1941,A looping cartoon party-panda PFP with real panda markings. Minted on Base.,1941.gif,Neon Club,Laser Sweep,Tuxedo,Wink,Tiny Crown,None
1942,Party Panda #1942,A looping cartoon party-panda PFP with real panda markings. Minted on Base.,1942.gif,Confetti Hall,No glow,Classic,Shades,Bowtie,Confetti
1943,Party Panda #1943,A looping cartoon party-panda PFP with real panda markings. Minted on Base.,1943.gif,Rooftop Glow,No glow,Classic,Wink,Headphones,None
1944,Party Panda #1944,A looping cartoon party-panda PFP with real panda markings. Minted on Base.,1944.gif,Moonlight,Disco Pulse,Dancer,Spark,Tiny Crown,Confetti
1945,Party Panda #1945,A looping cartoon party-panda PFP with real panda markings. Minted on Base.,1945.gif,Bamboo Lounge,Champagne Haze,Chubby,Spark,Tiny Crown,Balloon
1946,Party Panda #1946,A looping cartoon party-panda PFP with real panda markings. Minted on Base.,1946.gif,Bamboo Lounge,No glow,Chubby,Sleepy,Tiny Crown,Sparkler
1947,Party Panda #1947,A looping cartoon party-panda PFP with real panda markings. Minted on Base.,1947.gif,Confetti Hall,Sparkle Burst,Chubby,Spark,Bare head,Balloon
1948,Party Panda #1948,A looping cartoon party-panda PFP with real panda markings. Minted on Base.,1948.gif,Bamboo Lounge,No glow,Tuxedo,Wink,Headphones,Boombox
1949,Party Panda #1949,A looping cartoon party-panda PFP with real panda markings. Minted on Base.,1949.gif,Moonlight,No glow,Classic,Shades,Party Hat,Balloon
1950,Party Panda #1950,A looping cartoon party-panda PFP with real panda markings. Minted on Base.,1950.gif,Rooftop Glow,Laser Sweep,Peach,Wink,Party Hat,Cocktail
1951,Party Panda #1951,A looping cartoon party-panda PFP with real panda markings. Minted on Base.,1951.gif,Rooftop Glow,Sparkle Burst,Tuxedo,Blink,Tiny Crown,Balloon
1952,Party Panda #1952,A looping cartoon party-panda PFP with real panda markings. Minted on Base.,1952.gif,Garden Party,Neon Ring,Tuxedo,Heart,Tiny Crown,None
1953,Party Panda #1953,A looping cartoon party-panda PFP with real panda markings. Minted on Base.,1953.gif,Candy Rave,Sparkle Burst,Classic,Heart,Lei,Cocktail
1954,Party Panda #1954,A looping cartoon party-panda PFP with real panda markings. Minted on Base.,1954.gif,Disco Night,No glow,Chubby,Wink,Tiny Crown,Balloon
1955,Party Panda #1955,A looping cartoon party-panda PFP with real panda markings. Minted on Base.,1955.gif,Rooftop Glow,Disco Pulse,Tuxedo,Heart,Headphones,Confetti
1956,Party Panda #1956,A looping cartoon party-panda PFP with real panda markings. Minted on Base.,1956.gif,Moonlight,Champagne Haze,Cub,Shades,Lei,Sparkler
1957,Party Panda #1957,A looping cartoon party-panda PFP with real panda markings. Minted on Base.,1957.gif,Rooftop Glow,No glow,Cub,Blink,Headphones,None
1958,Party Panda #1958,A looping cartoon party-panda PFP with real panda markings. Minted on Base.,1958.gif,Confetti Hall,Champagne Haze,Peach,Wink,Bare head,Cocktail
1959,Party Panda #1959,A looping cartoon party-panda PFP with real panda markings. Minted on Base.,1959.gif,Disco Night,Champagne Haze,Dancer,Wink,Disco Afro,None
1960,Party Panda #1960,A looping cartoon party-panda PFP with real panda markings. Minted on Base.,1960.gif,Rooftop Glow,Champagne Haze,Peach,Blink,Party Hat,Cocktail
1961,Party Panda #1961,A looping cartoon party-panda PFP with real panda markings. Minted on Base.,1961.gif,Garden Party,No glow,Cub,Wink,Bowtie,None
1962,Party Panda #1962,A looping cartoon party-panda PFP with real panda markings. Minted on Base.,1962.gif,Neon Club,Champagne Haze,Classic,Wink,Bare head,None
1963,Party Panda #1963,A looping cartoon party-panda PFP with real panda markings. Minted on Base.,1963.gif,Bamboo Lounge,Laser Sweep,Cub,Blink,Lei,Cocktail
1964,Party Panda #1964,A looping cartoon party-panda PFP with real panda markings. Minted on Base.,1964.gif,Disco Night,Disco Pulse,Chubby,Blink,Bowtie,Confetti
1965,Party Panda #1965,A looping cartoon party-panda PFP with real panda markings. Minted on Base.,1965.gif,Confetti Hall,Sparkle Burst,Cub,Shades,Lei,Balloon
1966,Party Panda #1966,A looping cartoon party-panda PFP with real panda markings. Minted on Base.,1966.gif,Rooftop Glow,Champagne Haze,Peach,Blink,Party Hat,None
1967,Party Panda #1967,A looping cartoon party-panda PFP with real panda markings. Minted on Base.,1967.gif,Neon Club,Neon Ring,Tuxedo,Blink,Party Hat,Confetti
1968,Party Panda #1968,A looping cartoon party-panda PFP with real panda markings. Minted on Base.,1968.gif,Confetti Hall,Laser Sweep,Tuxedo,Spark,Bowtie,Confetti
1969,Party Panda #1969,A looping cartoon party-panda PFP with real panda markings. Minted on Base.,1969.gif,Candy Rave,No glow,Cub,Sleepy,Headphones,None
1970,Party Panda #1970,A looping cartoon party-panda PFP with real panda markings. Minted on Base.,1970.gif,Disco Night,Neon Ring,Classic,Sleepy,Bare head,Balloon
1971,Party Panda #1971,A looping cartoon party-panda PFP with real panda markings. Minted on Base.,1971.gif,Confetti Hall,Disco Pulse,Dancer,Spark,Lei,Cocktail
1972,Party Panda #1972,A looping cartoon party-panda PFP with real panda markings. Minted on Base.,1972.gif,Neon Club,Disco Pulse,Peach,Blink,Tiny Crown,Sparkler
1973,Party Panda #1973,A looping cartoon party-panda PFP with real panda markings. Minted on Base.,1973.gif,Candy Rave,Disco Pulse,Dancer,Shades,Bowtie,Cocktail
1974,Party Panda #1974,A looping cartoon party-panda PFP with real panda markings. Minted on Base.,1974.gif,Confetti Hall,Disco Pulse,Peach,Blink,Tiny Crown,Cocktail
1975,Party Panda #1975,A looping cartoon party-panda PFP with real panda markings. Minted on Base.,1975.gif,Disco Night,Neon Ring,Dancer,Blink,Party Hat,None
1976,Party Panda #1976,A looping cartoon party-panda PFP with real panda markings. Minted on Base.,1976.gif,Neon Club,Laser Sweep,Tuxedo,Heart,Party Hat,None
1977,Party Panda #1977,A looping cartoon party-panda PFP with real panda markings. Minted on Base.,1977.gif,Confetti Hall,Disco Pulse,Cub,Blink,Lei,Boombox
1978,Party Panda #1978,A looping cartoon party-panda PFP with real panda markings. Minted on Base.,1978.gif,Neon Club,Disco Pulse,Dancer,Blink,Lei,Balloon
1979,Party Panda #1979,A looping cartoon party-panda PFP with real panda markings. Minted on Base.,1979.gif,Disco Night,Neon Ring,Classic,Blink,Bowtie,Cocktail
1980,Party Panda #1980,A looping cartoon party-panda PFP with real panda markings. Minted on Base.,1980.gif,Bamboo Lounge,Disco Pulse,Peach,Shades,Bare head,Boombox
1981,Party Panda #1981,A looping cartoon party-panda PFP with real panda markings. Minted on Base.,1981.gif,Disco Night,Neon Ring,Tuxedo,Spark,Tiny Crown,Balloon
1982,Party Panda #1982,A looping cartoon party-panda PFP with real panda markings. Minted on Base.,1982.gif,Candy Rave,Neon Ring,Chubby,Heart,Bowtie,Cocktail
1983,Party Panda #1983,A looping cartoon party-panda PFP with real panda markings. Minted on Base.,1983.gif,Confetti Hall,Laser Sweep,Peach,Wink,Headphones,None
1984,Party Panda #1984,A looping cartoon party-panda PFP with real panda markings. Minted on Base.,1984.gif,Neon Club,Sparkle Burst,Tuxedo,Blink,Disco Afro,Sparkler
1985,Party Panda #1985,A looping cartoon party-panda PFP with real panda markings. Minted on Base.,1985.gif,Garden Party,Sparkle Burst,Peach,Blink,Lei,Confetti
1986,Party Panda #1986,A looping cartoon party-panda PFP with real panda markings. Minted on Base.,1986.gif,Garden Party,Neon Ring,Peach,Spark,Party Hat,Sparkler
1987,Party Panda #1987,A looping cartoon party-panda PFP with real panda markings. Minted on Base.,1987.gif,Confetti Hall,Laser Sweep,Chubby,Wink,Party Hat,Confetti
1988,Party Panda #1988,A looping cartoon party-panda PFP with real panda markings. Minted on Base.,1988.gif,Bamboo Lounge,No glow,Tuxedo,Shades,Bare head,Balloon
1989,Party Panda #1989,A looping cartoon party-panda PFP with real panda markings. Minted on Base.,1989.gif,Neon Club,Champagne Haze,Classic,Blink,Party Hat,Confetti
1990,Party Panda #1990,A looping cartoon party-panda PFP with real panda markings. Minted on Base.,1990.gif,Neon Club,No glow,Dancer,Wink,Tiny Crown,Sparkler
1991,Party Panda #1991,A looping cartoon party-panda PFP with real panda markings. Minted on Base.,1991.gif,Rooftop Glow,Laser Sweep,Peach,Sleepy,Tiny Crown,Confetti
1992,Party Panda #1992,A looping cartoon party-panda PFP with real panda markings. Minted on Base.,1992.gif,Confetti Hall,Laser Sweep,Chubby,Spark,Lei,Balloon
1993,Party Panda #1993,A looping cartoon party-panda PFP with real panda markings. Minted on Base.,1993.gif,Candy Rave,Neon Ring,Classic,Heart,Bare head,Sparkler
1994,Party Panda #1994,A looping cartoon party-panda PFP with real panda markings. Minted on Base.,1994.gif,Bamboo Lounge,Neon Ring,Classic,Wink,Disco Afro,Confetti
1995,Party Panda #1995,A looping cartoon party-panda PFP with real panda markings. Minted on Base.,1995.gif,Garden Party,No glow,Peach,Sleepy,Disco Afro,Sparkler
1996,Party Panda #1996,A looping cartoon party-panda PFP with real panda markings. Minted on Base.,1996.gif,Moonlight,No glow,Tuxedo,Heart,Headphones,Sparkler
1997,Party Panda #1997,A looping cartoon party-panda PFP with real panda markings. Minted on Base.,1997.gif,Rooftop Glow,Sparkle Burst,Classic,Sleepy,Party Hat,Cocktail
1998,Party Panda #1998,A looping cartoon party-panda PFP with real panda markings. Minted on Base.,1998.gif,Candy Rave,Neon Ring,Cub,Heart,Party Hat,None
1999,Party Panda #1999,A looping cartoon party-panda PFP with real panda markings. Minted on Base.,1999.gif,Moonlight,Disco Pulse,Peach,Heart,Tiny Crown,None
2000,Party Panda #2000,A looping cartoon party-panda PFP with real panda markings. Minted on Base.,2000.gif,Rooftop Glow,Disco Pulse,Chubby,Blink,Headphones,Confetti
2001,Party Panda #2001,A looping cartoon party-panda PFP with real panda markings. Minted on Base.,2001.gif,Disco Night,Disco Pulse,Chubby,Shades,Party Hat,None
2002,Party Panda #2002,A looping cartoon party-panda PFP with real panda markings. Minted on Base.,2002.gif,Moonlight,Champagne Haze,Dancer,Shades,Headphones,Confetti
2003,Party Panda #2003,A looping cartoon party-panda PFP with real panda markings. Minted on Base.,2003.gif,Garden Party,Champagne Haze,Chubby,Wink,Bare head,None
2004,Party Panda #2004,A looping cartoon party-panda PFP with real panda markings. Minted on Base.,2004.gif,Garden Party,Neon Ring,Peach,Wink,Tiny Crown,Boombox
2005,Party Panda #2005,A looping cartoon party-panda PFP with real panda markings. Minted on Base.,2005.gif,Disco Night,Laser Sweep,Tuxedo,Shades,Bowtie,None
2006,Party Panda #2006,A looping cartoon party-panda PFP with real panda markings. Minted on Base.,2006.gif,Garden Party,Laser Sweep,Dancer,Sleepy,Party Hat,Confetti
2007,Party Panda #2007,A looping cartoon party-panda PFP with real panda markings. Minted on Base.,2007.gif,Bamboo Lounge,Laser Sweep,Dancer,Spark,Lei,None
2008,Party Panda #2008,A looping cartoon party-panda PFP with real panda markings. Minted on Base.,2008.gif,Rooftop Glow,No glow,Peach,Spark,Tiny Crown,None
2009,Party Panda #2009,A looping cartoon party-panda PFP with real panda markings. Minted on Base.,2009.gif,Moonlight,Sparkle Burst,Cub,Sleepy,Headphones,Boombox
2010,Party Panda #2010,A looping cartoon party-panda PFP with real panda markings. Minted on Base.,2010.gif,Bamboo Lounge,No glow,Dancer,Blink,Disco Afro,Sparkler
2011,Party Panda #2011,A looping cartoon party-panda PFP with real panda markings. Minted on Base.,2011.gif,Disco Night,Champagne Haze,Chubby,Shades,Bowtie,None
2012,Party Panda #2012,A looping cartoon party-panda PFP with real panda markings. Minted on Base.,2012.gif,Rooftop Glow,No glow,Peach,Sleepy,Party Hat,Sparkler
2013,Party Panda #2013,A looping cartoon party-panda PFP with real panda markings. Minted on Base.,2013.gif,Rooftop Glow,Champagne Haze,Dancer,Spark,Disco Afro,Confetti
2014,Party Panda #2014,A looping cartoon party-panda PFP with real panda markings. Minted on Base.,2014.gif,Neon Club,Neon Ring,Chubby,Sleepy,Headphones,Boombox
2015,Party Panda #2015,A looping cartoon party-panda PFP with real panda markings. Minted on Base.,2015.gif,Candy Rave,No glow,Dancer,Wink,Tiny Crown,Sparkler
2016,Party Panda #2016,A looping cartoon party-panda PFP with real panda markings. Minted on Base.,2016.gif,Neon Club,Laser Sweep,Classic,Shades,Party Hat,Balloon
2017,Party Panda #2017,A looping cartoon party-panda PFP with real panda markings. Minted on Base.,2017.gif,Confetti Hall,Laser Sweep,Chubby,Sleepy,Bowtie,Balloon
2018,Party Panda #2018,A looping cartoon party-panda PFP with real panda markings. Minted on Base.,2018.gif,Disco Night,Neon Ring,Dancer,Spark,Party Hat,Balloon
2019,Party Panda #2019,A looping cartoon party-panda PFP with real panda markings. Minted on Base.,2019.gif,Candy Rave,Disco Pulse,Classic,Spark,Bare head,Cocktail
2020,Party Panda #2020,A looping cartoon party-panda PFP with real panda markings. Minted on Base.,2020.gif,Moonlight,No glow,Classic,Heart,Bare head,Cocktail
2021,Party Panda #2021,A looping cartoon party-panda PFP with real panda markings. Minted on Base.,2021.gif,Disco Night,Laser Sweep,Classic,Sleepy,Bare head,Boombox
2022,Party Panda #2022,A looping cartoon party-panda PFP with real panda markings. Minted on Base.,2022.gif,Garden Party,Laser Sweep,Tuxedo,Wink,Lei,None
2023,Party Panda #2023,A looping cartoon party-panda PFP with real panda markings. Minted on Base.,2023.gif,Garden Party,No glow,Tuxedo,Blink,Bare head,Sparkler
2024,Party Panda #2024,A looping cartoon party-panda PFP with real panda markings. Minted on Base.,2024.gif,Moonlight,Disco Pulse,Classic,Sleepy,Tiny Crown,Balloon
2025,Party Panda #2025,A looping cartoon party-panda PFP with real panda markings. Minted on Base.,2025.gif,Rooftop Glow,No glow,Chubby,Spark,Tiny Crown,Cocktail
2026,Party Panda #2026,A looping cartoon party-panda PFP with real panda markings. Minted on Base.,2026.gif,Candy Rave,Laser Sweep,Chubby,Heart,Party Hat,None
2027,Party Panda #2027,A looping cartoon party-panda PFP with real panda markings. Minted on Base.,2027.gif,Moonlight,Sparkle Burst,Cub,Sleepy,Disco Afro,Sparkler
2028,Party Panda #2028,A looping cartoon party-panda PFP with real panda markings. Minted on Base.,2028.gif,Disco Night,No glow,Chubby,Wink,Lei,Balloon
2029,Party Panda #2029,A looping cartoon party-panda PFP with real panda markings. Minted on Base.,2029.gif,Moonlight,Sparkle Burst,Cub,Blink,Headphones,Confetti
2030,Party Panda #2030,A looping cartoon party-panda PFP with real panda markings. Minted on Base.,2030.gif,Disco Night,Disco Pulse,Chubby,Heart,Tiny Crown,Boombox
2031,Party Panda #2031,A looping cartoon party-panda PFP with real panda markings. Minted on Base.,2031.gif,Candy Rave,Laser Sweep,Tuxedo,Wink,Bare head,Confetti
2032,Party Panda #2032,A looping cartoon party-panda PFP with real panda markings. Minted on Base.,2032.gif,Candy Rave,No glow,Peach,Heart,Party Hat,Confetti
2033,Party Panda #2033,A looping cartoon party-panda PFP with real panda markings. Minted on Base.,2033.gif,Rooftop Glow,No glow,Cub,Heart,Party Hat,Sparkler
2034,Party Panda #2034,A looping cartoon party-panda PFP with real panda markings. Minted on Base.,2034.gif,Garden Party,Disco Pulse,Dancer,Shades,Bare head,Sparkler
2035,Party Panda #2035,A looping cartoon party-panda PFP with real panda markings. Minted on Base.,2035.gif,Neon Club,No glow,Cub,Sleepy,Bare head,Confetti
2036,Party Panda #2036,A looping cartoon party-panda PFP with real panda markings. Minted on Base.,2036.gif,Disco Night,Disco Pulse,Dancer,Spark,Headphones,None
2037,Party Panda #2037,A looping cartoon party-panda PFP with real panda markings. Minted on Base.,2037.gif,Candy Rave,Neon Ring,Classic,Blink,Bare head,Cocktail
2038,Party Panda #2038,A looping cartoon party-panda PFP with real panda markings. Minted on Base.,2038.gif,Confetti Hall,No glow,Dancer,Sleepy,Party Hat,Balloon
2039,Party Panda #2039,A looping cartoon party-panda PFP with real panda markings. Minted on Base.,2039.gif,Neon Club,Disco Pulse,Cub,Wink,Disco Afro,Sparkler
2040,Party Panda #2040,A looping cartoon party-panda PFP with real panda markings. Minted on Base.,2040.gif,Neon Club,Champagne Haze,Peach,Sleepy,Lei,Sparkler
2041,Party Panda #2041,A looping cartoon party-panda PFP with real panda markings. Minted on Base.,2041.gif,Disco Night,Sparkle Burst,Dancer,Sleepy,Bare head,Cocktail
2042,Party Panda #2042,A looping cartoon party-panda PFP with real panda markings. Minted on Base.,2042.gif,Moonlight,Disco Pulse,Classic,Blink,Tiny Crown,Confetti
2043,Party Panda #2043,A looping cartoon party-panda PFP with real panda markings. Minted on Base.,2043.gif,Neon Club,Disco Pulse,Tuxedo,Blink,Bare head,Boombox
2044,Party Panda #2044,A looping cartoon party-panda PFP with real panda markings. Minted on Base.,2044.gif,Confetti Hall,Laser Sweep,Chubby,Shades,Bowtie,None
2045,Party Panda #2045,A looping cartoon party-panda PFP with real panda markings. Minted on Base.,2045.gif,Neon Club,Neon Ring,Dancer,Blink,Headphones,Balloon
2046,Party Panda #2046,A looping cartoon party-panda PFP with real panda markings. Minted on Base.,2046.gif,Rooftop Glow,Sparkle Burst,Dancer,Blink,Bare head,Cocktail
2047,Party Panda #2047,A looping cartoon party-panda PFP with real panda markings. Minted on Base.,2047.gif,Bamboo Lounge,Laser Sweep,Classic,Spark,Bowtie,Confetti
2048,Party Panda #2048,A looping cartoon party-panda PFP with real panda markings. Minted on Base.,2048.gif,Rooftop Glow,No glow,Dancer,Wink,Bare head,None
2049,Party Panda #2049,A looping cartoon party-panda PFP with real panda markings. Minted on Base.,2049.gif,Candy Rave,Laser Sweep,Classic,Shades,Lei,Balloon
2050,Party Panda #2050,A looping cartoon party-panda PFP with real panda markings. Minted on Base.,2050.gif,Candy Rave,Laser Sweep,Dancer,Spark,Tiny Crown,None
2051,Party Panda #2051,A looping cartoon party-panda PFP with real panda markings. Minted on Base.,2051.gif,Garden Party,Disco Pulse,Peach,Shades,Disco Afro,Cocktail
2052,Party Panda #2052,A looping cartoon party-panda PFP with real panda markings. Minted on Base.,2052.gif,Confetti Hall,Laser Sweep,Peach,Spark,Party Hat,Cocktail
2053,Party Panda #2053,A looping cartoon party-panda PFP with real panda markings. Minted on Base.,2053.gif,Bamboo Lounge,Sparkle Burst,Classic,Heart,Bowtie,Sparkler
2054,Party Panda #2054,A looping cartoon party-panda PFP with real panda markings. Minted on Base.,2054.gif,Confetti Hall,Sparkle Burst,Chubby,Spark,Party Hat,Sparkler
2055,Party Panda #2055,A looping cartoon party-panda PFP with real panda markings. Minted on Base.,2055.gif,Bamboo Lounge,Disco Pulse,Dancer,Wink,Bowtie,Cocktail
2056,Party Panda #2056,A looping cartoon party-panda PFP with real panda markings. Minted on Base.,2056.gif,Candy Rave,Neon Ring,Cub,Wink,Bowtie,Balloon
2057,Party Panda #2057,A looping cartoon party-panda PFP with real panda markings. Minted on Base.,2057.gif,Candy Rave,Neon Ring,Chubby,Blink,Tiny Crown,None
2058,Party Panda #2058,A looping cartoon party-panda PFP with real panda markings. Minted on Base.,2058.gif,Confetti Hall,Neon Ring,Tuxedo,Blink,Lei,Sparkler
2059,Party Panda #2059,A looping cartoon party-panda PFP with real panda markings. Minted on Base.,2059.gif,Garden Party,No glow,Dancer,Blink,Bowtie,Boombox
2060,Party Panda #2060,A looping cartoon party-panda PFP with real panda markings. Minted on Base.,2060.gif,Moonlight,Sparkle Burst,Cub,Blink,Bowtie,Balloon
2061,Party Panda #2061,A looping cartoon party-panda PFP with real panda markings. Minted on Base.,2061.gif,Rooftop Glow,Neon Ring,Cub,Shades,Lei,Confetti
2062,Party Panda #2062,A looping cartoon party-panda PFP with real panda markings. Minted on Base.,2062.gif,Bamboo Lounge,Laser Sweep,Chubby,Blink,Bare head,Balloon
2063,Party Panda #2063,A looping cartoon party-panda PFP with real panda markings. Minted on Base.,2063.gif,Confetti Hall,Neon Ring,Tuxedo,Sleepy,Bare head,None
2064,Party Panda #2064,A looping cartoon party-panda PFP with real panda markings. Minted on Base.,2064.gif,Neon Club,Neon Ring,Tuxedo,Sleepy,Lei,Sparkler
2065,Party Panda #2065,A looping cartoon party-panda PFP with real panda markings. Minted on Base.,2065.gif,Candy Rave,Neon Ring,Classic,Shades,Headphones,Sparkler
2066,Party Panda #2066,A looping cartoon party-panda PFP with real panda markings. Minted on Base.,2066.gif,Candy Rave,Sparkle Burst,Classic,Wink,Tiny Crown,Boombox
2067,Party Panda #2067,A looping cartoon party-panda PFP with real panda markings. Minted on Base.,2067.gif,Moonlight,Champagne Haze,Classic,Shades,Bare head,Confetti
2068,Party Panda #2068,A looping cartoon party-panda PFP with real panda markings. Minted on Base.,2068.gif,Neon Club,Sparkle Burst,Tuxedo,Sleepy,Bowtie,Cocktail
2069,Party Panda #2069,A looping cartoon party-panda PFP with real panda markings. Minted on Base.,2069.gif,Confetti Hall,No glow,Tuxedo,Wink,Tiny Crown,Sparkler
2070,Party Panda #2070,A looping cartoon party-panda PFP with real panda markings. Minted on Base.,2070.gif,Rooftop Glow,Champagne Haze,Peach,Spark,Bare head,Balloon
2071,Party Panda #2071,A looping cartoon party-panda PFP with real panda markings. Minted on Base.,2071.gif,Candy Rave,No glow,Cub,Wink,Bare head,Sparkler
2072,Party Panda #2072,A looping cartoon party-panda PFP with real panda markings. Minted on Base.,2072.gif,Neon Club,Champagne Haze,Dancer,Sleepy,Bare head,Sparkler
2073,Party Panda #2073,A looping cartoon party-panda PFP with real panda markings. Minted on Base.,2073.gif,Candy Rave,Disco Pulse,Classic,Wink,Bare head,None
2074,Party Panda #2074,A looping cartoon party-panda PFP with real panda markings. Minted on Base.,2074.gif,Moonlight,No glow,Classic,Wink,Party Hat,Cocktail
2075,Party Panda #2075,A looping cartoon party-panda PFP with real panda markings. Minted on Base.,2075.gif,Neon Club,Disco Pulse,Dancer,Spark,Tiny Crown,None
2076,Party Panda #2076,A looping cartoon party-panda PFP with real panda markings. Minted on Base.,2076.gif,Moonlight,No glow,Chubby,Sleepy,Disco Afro,Cocktail
2077,Party Panda #2077,A looping cartoon party-panda PFP with real panda markings. Minted on Base.,2077.gif,Neon Club,No glow,Cub,Shades,Tiny Crown,Sparkler
2078,Party Panda #2078,A looping cartoon party-panda PFP with real panda markings. Minted on Base.,2078.gif,Bamboo Lounge,No glow,Chubby,Shades,Bowtie,Confetti
2079,Party Panda #2079,A looping cartoon party-panda PFP with real panda markings. Minted on Base.,2079.gif,Moonlight,Disco Pulse,Chubby,Wink,Party Hat,Boombox
2080,Party Panda #2080,A looping cartoon party-panda PFP with real panda markings. Minted on Base.,2080.gif,Candy Rave,Neon Ring,Cub,Shades,Bowtie,Balloon
2081,Party Panda #2081,A looping cartoon party-panda PFP with real panda markings. Minted on Base.,2081.gif,Bamboo Lounge,Disco Pulse,Classic,Wink,Bare head,Sparkler
2082,Party Panda #2082,A looping cartoon party-panda PFP with real panda markings. Minted on Base.,2082.gif,Confetti Hall,Sparkle Burst,Chubby,Blink,Tiny Crown,Sparkler
2083,Party Panda #2083,A looping cartoon party-panda PFP with real panda markings. Minted on Base.,2083.gif,Confetti Hall,Champagne Haze,Tuxedo,Spark,Lei,Cocktail
2084,Party Panda #2084,A looping cartoon party-panda PFP with real panda markings. Minted on Base.,2084.gif,Candy Rave,Laser Sweep,Chubby,Spark,Party Hat,Cocktail
2085,Party Panda #2085,A looping cartoon party-panda PFP with real panda markings. Minted on Base.,2085.gif,Garden Party,No glow,Chubby,Blink,Bare head,Confetti
2086,Party Panda #2086,A looping cartoon party-panda PFP with real panda markings. Minted on Base.,2086.gif,Garden Party,Laser Sweep,Chubby,Sleepy,Disco Afro,None
2087,Party Panda #2087,A looping cartoon party-panda PFP with real panda markings. Minted on Base.,2087.gif,Confetti Hall,Sparkle Burst,Dancer,Shades,Bare head,Confetti
2088,Party Panda #2088,A looping cartoon party-panda PFP with real panda markings. Minted on Base.,2088.gif,Rooftop Glow,No glow,Classic,Blink,Disco Afro,None
2089,Party Panda #2089,A looping cartoon party-panda PFP with real panda markings. Minted on Base.,2089.gif,Rooftop Glow,Sparkle Burst,Chubby,Blink,Disco Afro,Confetti
2090,Party Panda #2090,A looping cartoon party-panda PFP with real panda markings. Minted on Base.,2090.gif,Candy Rave,Disco Pulse,Tuxedo,Shades,Party Hat,Balloon
2091,Party Panda #2091,A looping cartoon party-panda PFP with real panda markings. Minted on Base.,2091.gif,Bamboo Lounge,No glow,Cub,Spark,Lei,None
2092,Party Panda #2092,A looping cartoon party-panda PFP with real panda markings. Minted on Base.,2092.gif,Neon Club,Disco Pulse,Peach,Spark,Bare head,Confetti
2093,Party Panda #2093,A looping cartoon party-panda PFP with real panda markings. Minted on Base.,2093.gif,Candy Rave,Sparkle Burst,Tuxedo,Blink,Bowtie,Confetti
2094,Party Panda #2094,A looping cartoon party-panda PFP with real panda markings. Minted on Base.,2094.gif,Confetti Hall,Disco Pulse,Tuxedo,Spark,Party Hat,None
2095,Party Panda #2095,A looping cartoon party-panda PFP with real panda markings. Minted on Base.,2095.gif,Confetti Hall,No glow,Tuxedo,Sleepy,Bowtie,Boombox
2096,Party Panda #2096,A looping cartoon party-panda PFP with real panda markings. Minted on Base.,2096.gif,Neon Club,Neon Ring,Tuxedo,Blink,Bare head,Cocktail
2097,Party Panda #2097,A looping cartoon party-panda PFP with real panda markings. Minted on Base.,2097.gif,Moonlight,Laser Sweep,Cub,Shades,Bowtie,Balloon
2098,Party Panda #2098,A looping cartoon party-panda PFP with real panda markings. Minted on Base.,2098.gif,Rooftop Glow,Disco Pulse,Classic,Spark,Bare head,Boombox
2099,Party Panda #2099,A looping cartoon party-panda PFP with real panda markings. Minted on Base.,2099.gif,Neon Club,Disco Pulse,Cub,Heart,Disco Afro,Sparkler
2100,Party Panda #2100,A looping cartoon party-panda PFP with real panda markings. Minted on Base.,2100.gif,Neon Club,No glow,Tuxedo,Wink,Party Hat,Balloon
2101,Party Panda #2101,A looping cartoon party-panda PFP with real panda markings. Minted on Base.,2101.gif,Bamboo Lounge,Laser Sweep,Peach,Shades,Bowtie,Cocktail
2102,Party Panda #2102,A looping cartoon party-panda PFP with real panda markings. Minted on Base.,2102.gif,Neon Club,Champagne Haze,Peach,Heart,Headphones,Sparkler
2103,Party Panda #2103,A looping cartoon party-panda PFP with real panda markings. Minted on Base.,2103.gif,Confetti Hall,Neon Ring,Peach,Heart,Disco Afro,Confetti
2104,Party Panda #2104,A looping cartoon party-panda PFP with real panda markings. Minted on Base.,2104.gif,Disco Night,Disco Pulse,Dancer,Heart,Bare head,Balloon
2105,Party Panda #2105,A looping cartoon party-panda PFP with real panda markings. Minted on Base.,2105.gif,Candy Rave,Neon Ring,Cub,Shades,Headphones,Sparkler
2106,Party Panda #2106,A looping cartoon party-panda PFP with real panda markings. Minted on Base.,2106.gif,Disco Night,Champagne Haze,Classic,Blink,Lei,Cocktail
2107,Party Panda #2107,A looping cartoon party-panda PFP with real panda markings. Minted on Base.,2107.gif,Garden Party,Disco Pulse,Tuxedo,Heart,Headphones,Sparkler
2108,Party Panda #2108,A looping cartoon party-panda PFP with real panda markings. Minted on Base.,2108.gif,Disco Night,No glow,Chubby,Shades,Party Hat,Balloon
2109,Party Panda #2109,A looping cartoon party-panda PFP with real panda markings. Minted on Base.,2109.gif,Candy Rave,No glow,Tuxedo,Blink,Tiny Crown,Cocktail
2110,Party Panda #2110,A looping cartoon party-panda PFP with real panda markings. Minted on Base.,2110.gif,Candy Rave,Sparkle Burst,Chubby,Sleepy,Bare head,Balloon
2111,Party Panda #2111,A looping cartoon party-panda PFP with real panda markings. Minted on Base.,2111.gif,Garden Party,No glow,Tuxedo,Blink,Bowtie,Confetti
2112,Party Panda #2112,A looping cartoon party-panda PFP with real panda markings. Minted on Base.,2112.gif,Rooftop Glow,No glow,Chubby,Spark,Disco Afro,Balloon
2113,Party Panda #2113,A looping cartoon party-panda PFP with real panda markings. Minted on Base.,2113.gif,Garden Party,Neon Ring,Cub,Spark,Bare head,Sparkler
2114,Party Panda #2114,A looping cartoon party-panda PFP with real panda markings. Minted on Base.,2114.gif,Candy Rave,Champagne Haze,Tuxedo,Blink,Disco Afro,Sparkler
2115,Party Panda #2115,A looping cartoon party-panda PFP with real panda markings. Minted on Base.,2115.gif,Candy Rave,Disco Pulse,Dancer,Shades,Tiny Crown,Cocktail
2116,Party Panda #2116,A looping cartoon party-panda PFP with real panda markings. Minted on Base.,2116.gif,Garden Party,No glow,Chubby,Shades,Party Hat,None
2117,Party Panda #2117,A looping cartoon party-panda PFP with real panda markings. Minted on Base.,2117.gif,Neon Club,Laser Sweep,Dancer,Sleepy,Bare head,Boombox
2118,Party Panda #2118,A looping cartoon party-panda PFP with real panda markings. Minted on Base.,2118.gif,Neon Club,No glow,Cub,Spark,Tiny Crown,Cocktail
2119,Party Panda #2119,A looping cartoon party-panda PFP with real panda markings. Minted on Base.,2119.gif,Disco Night,No glow,Cub,Shades,Disco Afro,None
2120,Party Panda #2120,A looping cartoon party-panda PFP with real panda markings. Minted on Base.,2120.gif,Rooftop Glow,Laser Sweep,Classic,Blink,Bare head,Confetti
2121,Party Panda #2121,A looping cartoon party-panda PFP with real panda markings. Minted on Base.,2121.gif,Disco Night,Disco Pulse,Classic,Spark,Tiny Crown,None
2122,Party Panda #2122,A looping cartoon party-panda PFP with real panda markings. Minted on Base.,2122.gif,Garden Party,Laser Sweep,Chubby,Wink,Lei,Balloon
2123,Party Panda #2123,A looping cartoon party-panda PFP with real panda markings. Minted on Base.,2123.gif,Garden Party,Laser Sweep,Tuxedo,Blink,Disco Afro,None
2124,Party Panda #2124,A looping cartoon party-panda PFP with real panda markings. Minted on Base.,2124.gif,Disco Night,Neon Ring,Tuxedo,Spark,Tiny Crown,Cocktail
2125,Party Panda #2125,A looping cartoon party-panda PFP with real panda markings. Minted on Base.,2125.gif,Garden Party,Laser Sweep,Chubby,Shades,Bare head,Balloon
2126,Party Panda #2126,A looping cartoon party-panda PFP with real panda markings. Minted on Base.,2126.gif,Neon Club,Sparkle Burst,Tuxedo,Blink,Disco Afro,Cocktail
2127,Party Panda #2127,A looping cartoon party-panda PFP with real panda markings. Minted on Base.,2127.gif,Rooftop Glow,Neon Ring,Tuxedo,Spark,Headphones,None
2128,Party Panda #2128,A looping cartoon party-panda PFP with real panda markings. Minted on Base.,2128.gif,Bamboo Lounge,Sparkle Burst,Peach,Sleepy,Disco Afro,Cocktail
2129,Party Panda #2129,A looping cartoon party-panda PFP with real panda markings. Minted on Base.,2129.gif,Disco Night,Champagne Haze,Peach,Spark,Lei,None
2130,Party Panda #2130,A looping cartoon party-panda PFP with real panda markings. Minted on Base.,2130.gif,Candy Rave,No glow,Cub,Blink,Disco Afro,Balloon
2131,Party Panda #2131,A looping cartoon party-panda PFP with real panda markings. Minted on Base.,2131.gif,Bamboo Lounge,Laser Sweep,Peach,Heart,Party Hat,Balloon
2132,Party Panda #2132,A looping cartoon party-panda PFP with real panda markings. Minted on Base.,2132.gif,Garden Party,No glow,Cub,Heart,Party Hat,None
2133,Party Panda #2133,A looping cartoon party-panda PFP with real panda markings. Minted on Base.,2133.gif,Candy Rave,Neon Ring,Cub,Heart,Disco Afro,Confetti
2134,Party Panda #2134,A looping cartoon party-panda PFP with real panda markings. Minted on Base.,2134.gif,Neon Club,No glow,Dancer,Heart,Tiny Crown,Balloon
2135,Party Panda #2135,A looping cartoon party-panda PFP with real panda markings. Minted on Base.,2135.gif,Moonlight,Sparkle Burst,Chubby,Spark,Bare head,Balloon
2136,Party Panda #2136,A looping cartoon party-panda PFP with real panda markings. Minted on Base.,2136.gif,Candy Rave,Disco Pulse,Peach,Sleepy,Lei,None
2137,Party Panda #2137,A looping cartoon party-panda PFP with real panda markings. Minted on Base.,2137.gif,Neon Club,Sparkle Burst,Chubby,Shades,Disco Afro,Confetti
2138,Party Panda #2138,A looping cartoon party-panda PFP with real panda markings. Minted on Base.,2138.gif,Candy Rave,Sparkle Burst,Cub,Sleepy,Disco Afro,Confetti
2139,Party Panda #2139,A looping cartoon party-panda PFP with real panda markings. Minted on Base.,2139.gif,Rooftop Glow,Sparkle Burst,Peach,Blink,Disco Afro,Confetti
2140,Party Panda #2140,A looping cartoon party-panda PFP with real panda markings. Minted on Base.,2140.gif,Disco Night,Disco Pulse,Classic,Blink,Bowtie,Sparkler
2141,Party Panda #2141,A looping cartoon party-panda PFP with real panda markings. Minted on Base.,2141.gif,Candy Rave,Sparkle Burst,Chubby,Blink,Party Hat,None
2142,Party Panda #2142,A looping cartoon party-panda PFP with real panda markings. Minted on Base.,2142.gif,Neon Club,Neon Ring,Peach,Shades,Lei,Balloon
2143,Party Panda #2143,A looping cartoon party-panda PFP with real panda markings. Minted on Base.,2143.gif,Bamboo Lounge,No glow,Chubby,Shades,Bowtie,Boombox
2144,Party Panda #2144,A looping cartoon party-panda PFP with real panda markings. Minted on Base.,2144.gif,Confetti Hall,Neon Ring,Cub,Blink,Tiny Crown,Confetti
2145,Party Panda #2145,A looping cartoon party-panda PFP with real panda markings. Minted on Base.,2145.gif,Garden Party,Champagne Haze,Tuxedo,Heart,Bare head,Sparkler
2146,Party Panda #2146,A looping cartoon party-panda PFP with real panda markings. Minted on Base.,2146.gif,Disco Night,No glow,Tuxedo,Shades,Lei,None
2147,Party Panda #2147,A looping cartoon party-panda PFP with real panda markings. Minted on Base.,2147.gif,Disco Night,No glow,Chubby,Shades,Tiny Crown,None
2148,Party Panda #2148,A looping cartoon party-panda PFP with real panda markings. Minted on Base.,2148.gif,Disco Night,Champagne Haze,Dancer,Shades,Bare head,None
2149,Party Panda #2149,A looping cartoon party-panda PFP with real panda markings. Minted on Base.,2149.gif,Neon Club,No glow,Cub,Shades,Bare head,Cocktail
2150,Party Panda #2150,A looping cartoon party-panda PFP with real panda markings. Minted on Base.,2150.gif,Candy Rave,Sparkle Burst,Cub,Spark,Bare head,None
2151,Party Panda #2151,A looping cartoon party-panda PFP with real panda markings. Minted on Base.,2151.gif,Moonlight,No glow,Dancer,Shades,Tiny Crown,Confetti
2152,Party Panda #2152,A looping cartoon party-panda PFP with real panda markings. Minted on Base.,2152.gif,Disco Night,Neon Ring,Tuxedo,Spark,Tiny Crown,Boombox
2153,Party Panda #2153,A looping cartoon party-panda PFP with real panda markings. Minted on Base.,2153.gif,Garden Party,Sparkle Burst,Classic,Blink,Headphones,Confetti
2154,Party Panda #2154,A looping cartoon party-panda PFP with real panda markings. Minted on Base.,2154.gif,Disco Night,Champagne Haze,Classic,Heart,Bowtie,None
2155,Party Panda #2155,A looping cartoon party-panda PFP with real panda markings. Minted on Base.,2155.gif,Neon Club,No glow,Tuxedo,Blink,Tiny Crown,Cocktail
2156,Party Panda #2156,A looping cartoon party-panda PFP with real panda markings. Minted on Base.,2156.gif,Confetti Hall,Laser Sweep,Tuxedo,Wink,Bowtie,Confetti
2157,Party Panda #2157,A looping cartoon party-panda PFP with real panda markings. Minted on Base.,2157.gif,Confetti Hall,Disco Pulse,Tuxedo,Wink,Party Hat,Cocktail
2158,Party Panda #2158,A looping cartoon party-panda PFP with real panda markings. Minted on Base.,2158.gif,Garden Party,Laser Sweep,Dancer,Blink,Bare head,Confetti
2159,Party Panda #2159,A looping cartoon party-panda PFP with real panda markings. Minted on Base.,2159.gif,Candy Rave,Disco Pulse,Dancer,Spark,Party Hat,Cocktail
2160,Party Panda #2160,A looping cartoon party-panda PFP with real panda markings. Minted on Base.,2160.gif,Confetti Hall,No glow,Classic,Shades,Bowtie,Boombox
2161,Party Panda #2161,A looping cartoon party-panda PFP with real panda markings. Minted on Base.,2161.gif,Disco Night,Champagne Haze,Cub,Heart,Tiny Crown,Cocktail
2162,Party Panda #2162,A looping cartoon party-panda PFP with real panda markings. Minted on Base.,2162.gif,Neon Club,Disco Pulse,Dancer,Blink,Bare head,Balloon
2163,Party Panda #2163,A looping cartoon party-panda PFP with real panda markings. Minted on Base.,2163.gif,Rooftop Glow,No glow,Cub,Spark,Disco Afro,None
2164,Party Panda #2164,A looping cartoon party-panda PFP with real panda markings. Minted on Base.,2164.gif,Bamboo Lounge,No glow,Peach,Wink,Headphones,Balloon
2165,Party Panda #2165,A looping cartoon party-panda PFP with real panda markings. Minted on Base.,2165.gif,Rooftop Glow,Neon Ring,Classic,Heart,Party Hat,Sparkler
2166,Party Panda #2166,A looping cartoon party-panda PFP with real panda markings. Minted on Base.,2166.gif,Neon Club,No glow,Dancer,Sleepy,Headphones,Cocktail
2167,Party Panda #2167,A looping cartoon party-panda PFP with real panda markings. Minted on Base.,2167.gif,Neon Club,Disco Pulse,Peach,Blink,Headphones,Balloon
2168,Party Panda #2168,A looping cartoon party-panda PFP with real panda markings. Minted on Base.,2168.gif,Moonlight,Sparkle Burst,Dancer,Shades,Headphones,Sparkler
2169,Party Panda #2169,A looping cartoon party-panda PFP with real panda markings. Minted on Base.,2169.gif,Moonlight,Champagne Haze,Chubby,Wink,Bare head,Cocktail
2170,Party Panda #2170,A looping cartoon party-panda PFP with real panda markings. Minted on Base.,2170.gif,Neon Club,Laser Sweep,Dancer,Shades,Bowtie,Cocktail
2171,Party Panda #2171,A looping cartoon party-panda PFP with real panda markings. Minted on Base.,2171.gif,Garden Party,Disco Pulse,Classic,Sleepy,Lei,Sparkler
2172,Party Panda #2172,A looping cartoon party-panda PFP with real panda markings. Minted on Base.,2172.gif,Rooftop Glow,Sparkle Burst,Dancer,Wink,Lei,Confetti
2173,Party Panda #2173,A looping cartoon party-panda PFP with real panda markings. Minted on Base.,2173.gif,Garden Party,Disco Pulse,Classic,Shades,Bare head,Balloon
2174,Party Panda #2174,A looping cartoon party-panda PFP with real panda markings. Minted on Base.,2174.gif,Confetti Hall,Champagne Haze,Dancer,Spark,Bowtie,Balloon
2175,Party Panda #2175,A looping cartoon party-panda PFP with real panda markings. Minted on Base.,2175.gif,Garden Party,Sparkle Burst,Dancer,Shades,Lei,Cocktail
2176,Party Panda #2176,A looping cartoon party-panda PFP with real panda markings. Minted on Base.,2176.gif,Neon Club,Laser Sweep,Dancer,Spark,Bowtie,Cocktail
2177,Party Panda #2177,A looping cartoon party-panda PFP with real panda markings. Minted on Base.,2177.gif,Moonlight,Disco Pulse,Chubby,Blink,Bare head,None
2178,Party Panda #2178,A looping cartoon party-panda PFP with real panda markings. Minted on Base.,2178.gif,Moonlight,Disco Pulse,Tuxedo,Blink,Bare head,None
2179,Party Panda #2179,A looping cartoon party-panda PFP with real panda markings. Minted on Base.,2179.gif,Moonlight,Disco Pulse,Dancer,Sleepy,Tiny Crown,Boombox
2180,Party Panda #2180,A looping cartoon party-panda PFP with real panda markings. Minted on Base.,2180.gif,Disco Night,Disco Pulse,Tuxedo,Wink,Bare head,Confetti
2181,Party Panda #2181,A looping cartoon party-panda PFP with real panda markings. Minted on Base.,2181.gif,Disco Night,Sparkle Burst,Tuxedo,Spark,Lei,Cocktail
2182,Party Panda #2182,A looping cartoon party-panda PFP with real panda markings. Minted on Base.,2182.gif,Garden Party,Laser Sweep,Classic,Sleepy,Bare head,None
2183,Party Panda #2183,A looping cartoon party-panda PFP with real panda markings. Minted on Base.,2183.gif,Confetti Hall,Laser Sweep,Classic,Wink,Bare head,Balloon
2184,Party Panda #2184,A looping cartoon party-panda PFP with real panda markings. Minted on Base.,2184.gif,Disco Night,Disco Pulse,Chubby,Shades,Headphones,Sparkler
2185,Party Panda #2185,A looping cartoon party-panda PFP with real panda markings. Minted on Base.,2185.gif,Bamboo Lounge,Disco Pulse,Chubby,Blink,Headphones,Sparkler
2186,Party Panda #2186,A looping cartoon party-panda PFP with real panda markings. Minted on Base.,2186.gif,Disco Night,Sparkle Burst,Peach,Shades,Party Hat,Cocktail
2187,Party Panda #2187,A looping cartoon party-panda PFP with real panda markings. Minted on Base.,2187.gif,Bamboo Lounge,No glow,Classic,Wink,Tiny Crown,None
2188,Party Panda #2188,A looping cartoon party-panda PFP with real panda markings. Minted on Base.,2188.gif,Rooftop Glow,Champagne Haze,Dancer,Heart,Lei,Sparkler
2189,Party Panda #2189,A looping cartoon party-panda PFP with real panda markings. Minted on Base.,2189.gif,Garden Party,Champagne Haze,Cub,Sleepy,Tiny Crown,None
2190,Party Panda #2190,A looping cartoon party-panda PFP with real panda markings. Minted on Base.,2190.gif,Bamboo Lounge,Neon Ring,Peach,Wink,Disco Afro,Balloon
2191,Party Panda #2191,A looping cartoon party-panda PFP with real panda markings. Minted on Base.,2191.gif,Neon Club,Champagne Haze,Chubby,Heart,Headphones,Balloon
2192,Party Panda #2192,A looping cartoon party-panda PFP with real panda markings. Minted on Base.,2192.gif,Disco Night,Disco Pulse,Classic,Shades,Tiny Crown,None
2193,Party Panda #2193,A looping cartoon party-panda PFP with real panda markings. Minted on Base.,2193.gif,Garden Party,No glow,Cub,Shades,Bare head,None
2194,Party Panda #2194,A looping cartoon party-panda PFP with real panda markings. Minted on Base.,2194.gif,Confetti Hall,No glow,Cub,Blink,Headphones,None
2195,Party Panda #2195,A looping cartoon party-panda PFP with real panda markings. Minted on Base.,2195.gif,Confetti Hall,No glow,Dancer,Blink,Disco Afro,Cocktail
2196,Party Panda #2196,A looping cartoon party-panda PFP with real panda markings. Minted on Base.,2196.gif,Garden Party,No glow,Classic,Sleepy,Bare head,Balloon
2197,Party Panda #2197,A looping cartoon party-panda PFP with real panda markings. Minted on Base.,2197.gif,Rooftop Glow,Champagne Haze,Dancer,Shades,Party Hat,None
2198,Party Panda #2198,A looping cartoon party-panda PFP with real panda markings. Minted on Base.,2198.gif,Garden Party,Champagne Haze,Dancer,Sleepy,Bare head,Confetti
2199,Party Panda #2199,A looping cartoon party-panda PFP with real panda markings. Minted on Base.,2199.gif,Neon Club,Champagne Haze,Chubby,Shades,Bare head,None
2200,Party Panda #2200,A looping cartoon party-panda PFP with real panda markings. Minted on Base.,2200.gif,Rooftop Glow,No glow,Classic,Shades,Headphones,Cocktail
2201,Party Panda #2201,A looping cartoon party-panda PFP with real panda markings. Minted on Base.,2201.gif,Candy Rave,Laser Sweep,Classic,Heart,Party Hat,Sparkler
2202,Party Panda #2202,A looping cartoon party-panda PFP with real panda markings. Minted on Base.,2202.gif,Disco Night,Laser Sweep,Chubby,Heart,Tiny Crown,Balloon
2203,Party Panda #2203,A looping cartoon party-panda PFP with real panda markings. Minted on Base.,2203.gif,Rooftop Glow,Disco Pulse,Tuxedo,Sleepy,Bowtie,Boombox
2204,Party Panda #2204,A looping cartoon party-panda PFP with real panda markings. Minted on Base.,2204.gif,Moonlight,No glow,Classic,Sleepy,Disco Afro,Sparkler
2205,Party Panda #2205,A looping cartoon party-panda PFP with real panda markings. Minted on Base.,2205.gif,Candy Rave,No glow,Peach,Blink,Disco Afro,None
2206,Party Panda #2206,A looping cartoon party-panda PFP with real panda markings. Minted on Base.,2206.gif,Garden Party,Laser Sweep,Classic,Blink,Bowtie,None
2207,Party Panda #2207,A looping cartoon party-panda PFP with real panda markings. Minted on Base.,2207.gif,Confetti Hall,Disco Pulse,Dancer,Spark,Bare head,Confetti
2208,Party Panda #2208,A looping cartoon party-panda PFP with real panda markings. Minted on Base.,2208.gif,Rooftop Glow,Champagne Haze,Classic,Wink,Headphones,Confetti
2209,Party Panda #2209,A looping cartoon party-panda PFP with real panda markings. Minted on Base.,2209.gif,Garden Party,Neon Ring,Tuxedo,Shades,Headphones,Sparkler
2210,Party Panda #2210,A looping cartoon party-panda PFP with real panda markings. Minted on Base.,2210.gif,Moonlight,Champagne Haze,Tuxedo,Wink,Party Hat,Boombox
2211,Party Panda #2211,A looping cartoon party-panda PFP with real panda markings. Minted on Base.,2211.gif,Confetti Hall,Sparkle Burst,Cub,Blink,Party Hat,None
2212,Party Panda #2212,A looping cartoon party-panda PFP with real panda markings. Minted on Base.,2212.gif,Disco Night,Disco Pulse,Cub,Sleepy,Disco Afro,Boombox
2213,Party Panda #2213,A looping cartoon party-panda PFP with real panda markings. Minted on Base.,2213.gif,Disco Night,Laser Sweep,Chubby,Sleepy,Bare head,Cocktail
2214,Party Panda #2214,A looping cartoon party-panda PFP with real panda markings. Minted on Base.,2214.gif,Confetti Hall,Disco Pulse,Classic,Blink,Disco Afro,Balloon
2215,Party Panda #2215,A looping cartoon party-panda PFP with real panda markings. Minted on Base.,2215.gif,Bamboo Lounge,Champagne Haze,Chubby,Sleepy,Disco Afro,Balloon
2216,Party Panda #2216,A looping cartoon party-panda PFP with real panda markings. Minted on Base.,2216.gif,Bamboo Lounge,Sparkle Burst,Chubby,Heart,Lei,Balloon
2217,Party Panda #2217,A looping cartoon party-panda PFP with real panda markings. Minted on Base.,2217.gif,Moonlight,No glow,Tuxedo,Blink,Bowtie,Cocktail
2218,Party Panda #2218,A looping cartoon party-panda PFP with real panda markings. Minted on Base.,2218.gif,Bamboo Lounge,Laser Sweep,Peach,Sleepy,Headphones,None
2219,Party Panda #2219,A looping cartoon party-panda PFP with real panda markings. Minted on Base.,2219.gif,Disco Night,No glow,Peach,Heart,Bowtie,Cocktail
2220,Party Panda #2220,A looping cartoon party-panda PFP with real panda markings. Minted on Base.,2220.gif,Candy Rave,Neon Ring,Peach,Shades,Headphones,Cocktail
2221,Party Panda #2221,A looping cartoon party-panda PFP with real panda markings. Minted on Base.,2221.gif,Disco Night,Neon Ring,Dancer,Heart,Bare head,None
2222,Party Panda #2222,A looping cartoon party-panda PFP with real panda markings. Minted on Base.,2222.gif,Candy Rave,No glow,Chubby,Sleepy,Lei,Cocktail
2223,Party Panda #2223,A looping cartoon party-panda PFP with real panda markings. Minted on Base.,2223.gif,Confetti Hall,Neon Ring,Classic,Spark,Bare head,Sparkler
2224,Party Panda #2224,A looping cartoon party-panda PFP with real panda markings. Minted on Base.,2224.gif,Confetti Hall,No glow,Classic,Sleepy,Party Hat,None
2225,Party Panda #2225,A looping cartoon party-panda PFP with real panda markings. Minted on Base.,2225.gif,Bamboo Lounge,Neon Ring,Chubby,Shades,Party Hat,Boombox
2226,Party Panda #2226,A looping cartoon party-panda PFP with real panda markings. Minted on Base.,2226.gif,Candy Rave,Laser Sweep,Peach,Spark,Headphones,None
2227,Party Panda #2227,A looping cartoon party-panda PFP with real panda markings. Minted on Base.,2227.gif,Disco Night,Neon Ring,Tuxedo,Shades,Party Hat,Balloon
2228,Party Panda #2228,A looping cartoon party-panda PFP with real panda markings. Minted on Base.,2228.gif,Disco Night,No glow,Dancer,Sleepy,Party Hat,Cocktail
2229,Party Panda #2229,A looping cartoon party-panda PFP with real panda markings. Minted on Base.,2229.gif,Neon Club,Laser Sweep,Peach,Shades,Party Hat,Sparkler
2230,Party Panda #2230,A looping cartoon party-panda PFP with real panda markings. Minted on Base.,2230.gif,Disco Night,Sparkle Burst,Tuxedo,Sleepy,Party Hat,None
2231,Party Panda #2231,A looping cartoon party-panda PFP with real panda markings. Minted on Base.,2231.gif,Bamboo Lounge,Sparkle Burst,Classic,Wink,Bowtie,None
2232,Party Panda #2232,A looping cartoon party-panda PFP with real panda markings. Minted on Base.,2232.gif,Neon Club,Laser Sweep,Peach,Blink,Bowtie,Boombox
2233,Party Panda #2233,A looping cartoon party-panda PFP with real panda markings. Minted on Base.,2233.gif,Confetti Hall,No glow,Classic,Blink,Headphones,Sparkler
2234,Party Panda #2234,A looping cartoon party-panda PFP with real panda markings. Minted on Base.,2234.gif,Candy Rave,Disco Pulse,Chubby,Wink,Bowtie,None
2235,Party Panda #2235,A looping cartoon party-panda PFP with real panda markings. Minted on Base.,2235.gif,Rooftop Glow,Sparkle Burst,Chubby,Heart,Headphones,Confetti
2236,Party Panda #2236,A looping cartoon party-panda PFP with real panda markings. Minted on Base.,2236.gif,Garden Party,Laser Sweep,Tuxedo,Sleepy,Bare head,Balloon
2237,Party Panda #2237,A looping cartoon party-panda PFP with real panda markings. Minted on Base.,2237.gif,Rooftop Glow,Champagne Haze,Dancer,Heart,Bowtie,Cocktail
2238,Party Panda #2238,A looping cartoon party-panda PFP with real panda markings. Minted on Base.,2238.gif,Bamboo Lounge,Sparkle Burst,Cub,Blink,Headphones,None
2239,Party Panda #2239,A looping cartoon party-panda PFP with real panda markings. Minted on Base.,2239.gif,Candy Rave,Laser Sweep,Cub,Wink,Headphones,None
2240,Party Panda #2240,A looping cartoon party-panda PFP with real panda markings. Minted on Base.,2240.gif,Bamboo Lounge,No glow,Tuxedo,Heart,Disco Afro,None
2241,Party Panda #2241,A looping cartoon party-panda PFP with real panda markings. Minted on Base.,2241.gif,Disco Night,Neon Ring,Classic,Shades,Bare head,Balloon
2242,Party Panda #2242,A looping cartoon party-panda PFP with real panda markings. Minted on Base.,2242.gif,Rooftop Glow,Sparkle Burst,Peach,Sleepy,Bare head,None
2243,Party Panda #2243,A looping cartoon party-panda PFP with real panda markings. Minted on Base.,2243.gif,Neon Club,No glow,Tuxedo,Shades,Party Hat,Cocktail
2244,Party Panda #2244,A looping cartoon party-panda PFP with real panda markings. Minted on Base.,2244.gif,Rooftop Glow,Laser Sweep,Classic,Blink,Lei,Sparkler
2245,Party Panda #2245,A looping cartoon party-panda PFP with real panda markings. Minted on Base.,2245.gif,Disco Night,No glow,Chubby,Shades,Lei,Cocktail
2246,Party Panda #2246,A looping cartoon party-panda PFP with real panda markings. Minted on Base.,2246.gif,Rooftop Glow,No glow,Tuxedo,Sleepy,Party Hat,Cocktail
2247,Party Panda #2247,A looping cartoon party-panda PFP with real panda markings. Minted on Base.,2247.gif,Disco Night,Disco Pulse,Chubby,Wink,Bare head,Cocktail
2248,Party Panda #2248,A looping cartoon party-panda PFP with real panda markings. Minted on Base.,2248.gif,Disco Night,No glow,Dancer,Shades,Lei,None
2249,Party Panda #2249,A looping cartoon party-panda PFP with real panda markings. Minted on Base.,2249.gif,Neon Club,Champagne Haze,Dancer,Heart,Lei,Balloon
2250,Party Panda #2250,A looping cartoon party-panda PFP with real panda markings. Minted on Base.,2250.gif,Moonlight,Disco Pulse,Tuxedo,Shades,Lei,Confetti
2251,Party Panda #2251,A looping cartoon party-panda PFP with real panda markings. Minted on Base.,2251.gif,Confetti Hall,Disco Pulse,Chubby,Wink,Headphones,Sparkler
2252,Party Panda #2252,A looping cartoon party-panda PFP with real panda markings. Minted on Base.,2252.gif,Disco Night,Sparkle Burst,Dancer,Spark,Party Hat,None
2253,Party Panda #2253,A looping cartoon party-panda PFP with real panda markings. Minted on Base.,2253.gif,Neon Club,Disco Pulse,Classic,Wink,Headphones,Boombox
2254,Party Panda #2254,A looping cartoon party-panda PFP with real panda markings. Minted on Base.,2254.gif,Rooftop Glow,No glow,Tuxedo,Sleepy,Tiny Crown,Balloon
2255,Party Panda #2255,A looping cartoon party-panda PFP with real panda markings. Minted on Base.,2255.gif,Neon Club,Disco Pulse,Cub,Blink,Party Hat,Cocktail
2256,Party Panda #2256,A looping cartoon party-panda PFP with real panda markings. Minted on Base.,2256.gif,Neon Club,No glow,Chubby,Heart,Bare head,None
2257,Party Panda #2257,A looping cartoon party-panda PFP with real panda markings. Minted on Base.,2257.gif,Confetti Hall,Neon Ring,Cub,Shades,Headphones,Sparkler
2258,Party Panda #2258,A looping cartoon party-panda PFP with real panda markings. Minted on Base.,2258.gif,Candy Rave,Laser Sweep,Tuxedo,Shades,Party Hat,Boombox
2259,Party Panda #2259,A looping cartoon party-panda PFP with real panda markings. Minted on Base.,2259.gif,Disco Night,Laser Sweep,Cub,Sleepy,Tiny Crown,Confetti
2260,Party Panda #2260,A looping cartoon party-panda PFP with real panda markings. Minted on Base.,2260.gif,Bamboo Lounge,No glow,Dancer,Shades,Headphones,Sparkler
2261,Party Panda #2261,A looping cartoon party-panda PFP with real panda markings. Minted on Base.,2261.gif,Moonlight,Sparkle Burst,Peach,Wink,Headphones,Sparkler
2262,Party Panda #2262,A looping cartoon party-panda PFP with real panda markings. Minted on Base.,2262.gif,Candy Rave,Neon Ring,Classic,Sleepy,Tiny Crown,Sparkler
2263,Party Panda #2263,A looping cartoon party-panda PFP with real panda markings. Minted on Base.,2263.gif,Candy Rave,No glow,Peach,Heart,Tiny Crown,Boombox
2264,Party Panda #2264,A looping cartoon party-panda PFP with real panda markings. Minted on Base.,2264.gif,Neon Club,Laser Sweep,Cub,Blink,Lei,Confetti
2265,Party Panda #2265,A looping cartoon party-panda PFP with real panda markings. Minted on Base.,2265.gif,Moonlight,No glow,Chubby,Shades,Lei,Sparkler
2266,Party Panda #2266,A looping cartoon party-panda PFP with real panda markings. Minted on Base.,2266.gif,Bamboo Lounge,Disco Pulse,Classic,Spark,Bare head,Boombox
2267,Party Panda #2267,A looping cartoon party-panda PFP with real panda markings. Minted on Base.,2267.gif,Garden Party,Neon Ring,Classic,Spark,Lei,Sparkler
2268,Party Panda #2268,A looping cartoon party-panda PFP with real panda markings. Minted on Base.,2268.gif,Garden Party,Champagne Haze,Chubby,Heart,Party Hat,None
2269,Party Panda #2269,A looping cartoon party-panda PFP with real panda markings. Minted on Base.,2269.gif,Rooftop Glow,Laser Sweep,Classic,Shades,Lei,None
2270,Party Panda #2270,A looping cartoon party-panda PFP with real panda markings. Minted on Base.,2270.gif,Garden Party,Sparkle Burst,Chubby,Blink,Party Hat,Confetti
2271,Party Panda #2271,A looping cartoon party-panda PFP with real panda markings. Minted on Base.,2271.gif,Disco Night,No glow,Tuxedo,Heart,Headphones,Confetti
2272,Party Panda #2272,A looping cartoon party-panda PFP with real panda markings. Minted on Base.,2272.gif,Disco Night,Disco Pulse,Peach,Shades,Party Hat,None
2273,Party Panda #2273,A looping cartoon party-panda PFP with real panda markings. Minted on Base.,2273.gif,Bamboo Lounge,Disco Pulse,Peach,Spark,Tiny Crown,Sparkler
2274,Party Panda #2274,A looping cartoon party-panda PFP with real panda markings. Minted on Base.,2274.gif,Candy Rave,Disco Pulse,Cub,Shades,Lei,Boombox
2275,Party Panda #2275,A looping cartoon party-panda PFP with real panda markings. Minted on Base.,2275.gif,Bamboo Lounge,Laser Sweep,Peach,Heart,Lei,None
2276,Party Panda #2276,A looping cartoon party-panda PFP with real panda markings. Minted on Base.,2276.gif,Disco Night,Sparkle Burst,Peach,Heart,Lei,Sparkler
2277,Party Panda #2277,A looping cartoon party-panda PFP with real panda markings. Minted on Base.,2277.gif,Confetti Hall,Disco Pulse,Classic,Wink,Bare head,Balloon
2278,Party Panda #2278,A looping cartoon party-panda PFP with real panda markings. Minted on Base.,2278.gif,Garden Party,Champagne Haze,Classic,Blink,Bowtie,Sparkler
2279,Party Panda #2279,A looping cartoon party-panda PFP with real panda markings. Minted on Base.,2279.gif,Moonlight,Neon Ring,Classic,Sleepy,Tiny Crown,Boombox
2280,Party Panda #2280,A looping cartoon party-panda PFP with real panda markings. Minted on Base.,2280.gif,Garden Party,Disco Pulse,Tuxedo,Spark,Headphones,Confetti
2281,Party Panda #2281,A looping cartoon party-panda PFP with real panda markings. Minted on Base.,2281.gif,Disco Night,Neon Ring,Dancer,Shades,Bare head,Confetti
2282,Party Panda #2282,A looping cartoon party-panda PFP with real panda markings. Minted on Base.,2282.gif,Moonlight,Neon Ring,Cub,Heart,Headphones,Boombox
2283,Party Panda #2283,A looping cartoon party-panda PFP with real panda markings. Minted on Base.,2283.gif,Bamboo Lounge,Sparkle Burst,Tuxedo,Shades,Tiny Crown,Balloon
2284,Party Panda #2284,A looping cartoon party-panda PFP with real panda markings. Minted on Base.,2284.gif,Neon Club,Disco Pulse,Chubby,Wink,Disco Afro,None
2285,Party Panda #2285,A looping cartoon party-panda PFP with real panda markings. Minted on Base.,2285.gif,Moonlight,Neon Ring,Classic,Wink,Lei,None
2286,Party Panda #2286,A looping cartoon party-panda PFP with real panda markings. Minted on Base.,2286.gif,Moonlight,No glow,Cub,Wink,Headphones,Boombox
2287,Party Panda #2287,A looping cartoon party-panda PFP with real panda markings. Minted on Base.,2287.gif,Rooftop Glow,Sparkle Burst,Chubby,Shades,Headphones,Boombox
2288,Party Panda #2288,A looping cartoon party-panda PFP with real panda markings. Minted on Base.,2288.gif,Disco Night,Laser Sweep,Chubby,Blink,Party Hat,Balloon
2289,Party Panda #2289,A looping cartoon party-panda PFP with real panda markings. Minted on Base.,2289.gif,Moonlight,Sparkle Burst,Chubby,Wink,Bare head,None
2290,Party Panda #2290,A looping cartoon party-panda PFP with real panda markings. Minted on Base.,2290.gif,Candy Rave,Disco Pulse,Cub,Blink,Bare head,None
2291,Party Panda #2291,A looping cartoon party-panda PFP with real panda markings. Minted on Base.,2291.gif,Neon Club,Disco Pulse,Classic,Wink,Disco Afro,None
2292,Party Panda #2292,A looping cartoon party-panda PFP with real panda markings. Minted on Base.,2292.gif,Neon Club,Disco Pulse,Tuxedo,Wink,Bare head,Balloon
2293,Party Panda #2293,A looping cartoon party-panda PFP with real panda markings. Minted on Base.,2293.gif,Confetti Hall,No glow,Tuxedo,Heart,Tiny Crown,None
2294,Party Panda #2294,A looping cartoon party-panda PFP with real panda markings. Minted on Base.,2294.gif,Moonlight,Disco Pulse,Peach,Heart,Party Hat,Confetti
2295,Party Panda #2295,A looping cartoon party-panda PFP with real panda markings. Minted on Base.,2295.gif,Disco Night,Champagne Haze,Cub,Sleepy,Disco Afro,Boombox
2296,Party Panda #2296,A looping cartoon party-panda PFP with real panda markings. Minted on Base.,2296.gif,Neon Club,Disco Pulse,Dancer,Spark,Party Hat,None
2297,Party Panda #2297,A looping cartoon party-panda PFP with real panda markings. Minted on Base.,2297.gif,Bamboo Lounge,Disco Pulse,Chubby,Blink,Disco Afro,Balloon
2298,Party Panda #2298,A looping cartoon party-panda PFP with real panda markings. Minted on Base.,2298.gif,Neon Club,Sparkle Burst,Dancer,Wink,Headphones,Balloon
2299,Party Panda #2299,A looping cartoon party-panda PFP with real panda markings. Minted on Base.,2299.gif,Garden Party,Sparkle Burst,Chubby,Blink,Party Hat,Sparkler
2300,Party Panda #2300,A looping cartoon party-panda PFP with real panda markings. Minted on Base.,2300.gif,Candy Rave,Disco Pulse,Classic,Blink,Party Hat,None
2301,Party Panda #2301,A looping cartoon party-panda PFP with real panda markings. Minted on Base.,2301.gif,Rooftop Glow,No glow,Classic,Wink,Party Hat,Balloon
2302,Party Panda #2302,A looping cartoon party-panda PFP with real panda markings. Minted on Base.,2302.gif,Candy Rave,No glow,Chubby,Spark,Bare head,Confetti
2303,Party Panda #2303,A looping cartoon party-panda PFP with real panda markings. Minted on Base.,2303.gif,Neon Club,No glow,Classic,Sleepy,Party Hat,None
2304,Party Panda #2304,A looping cartoon party-panda PFP with real panda markings. Minted on Base.,2304.gif,Candy Rave,Sparkle Burst,Peach,Blink,Bowtie,Confetti
2305,Party Panda #2305,A looping cartoon party-panda PFP with real panda markings. Minted on Base.,2305.gif,Neon Club,Disco Pulse,Tuxedo,Blink,Headphones,None
2306,Party Panda #2306,A looping cartoon party-panda PFP with real panda markings. Minted on Base.,2306.gif,Confetti Hall,No glow,Classic,Blink,Bare head,Balloon
2307,Party Panda #2307,A looping cartoon party-panda PFP with real panda markings. Minted on Base.,2307.gif,Disco Night,Champagne Haze,Cub,Blink,Party Hat,Sparkler
2308,Party Panda #2308,A looping cartoon party-panda PFP with real panda markings. Minted on Base.,2308.gif,Bamboo Lounge,No glow,Tuxedo,Blink,Bowtie,Boombox
2309,Party Panda #2309,A looping cartoon party-panda PFP with real panda markings. Minted on Base.,2309.gif,Confetti Hall,No glow,Dancer,Sleepy,Lei,Boombox
2310,Party Panda #2310,A looping cartoon party-panda PFP with real panda markings. Minted on Base.,2310.gif,Rooftop Glow,No glow,Tuxedo,Shades,Party Hat,None
2311,Party Panda #2311,A looping cartoon party-panda PFP with real panda markings. Minted on Base.,2311.gif,Confetti Hall,Champagne Haze,Peach,Blink,Bare head,Cocktail
2312,Party Panda #2312,A looping cartoon party-panda PFP with real panda markings. Minted on Base.,2312.gif,Disco Night,No glow,Classic,Shades,Tiny Crown,Cocktail
2313,Party Panda #2313,A looping cartoon party-panda PFP with real panda markings. Minted on Base.,2313.gif,Neon Club,No glow,Chubby,Wink,Bowtie,Cocktail
2314,Party Panda #2314,A looping cartoon party-panda PFP with real panda markings. Minted on Base.,2314.gif,Bamboo Lounge,Sparkle Burst,Classic,Heart,Bowtie,Balloon
2315,Party Panda #2315,A looping cartoon party-panda PFP with real panda markings. Minted on Base.,2315.gif,Bamboo Lounge,Neon Ring,Classic,Wink,Lei,None
2316,Party Panda #2316,A looping cartoon party-panda PFP with real panda markings. Minted on Base.,2316.gif,Candy Rave,Champagne Haze,Peach,Shades,Bowtie,Boombox
2317,Party Panda #2317,A looping cartoon party-panda PFP with real panda markings. Minted on Base.,2317.gif,Confetti Hall,Champagne Haze,Peach,Heart,Lei,Boombox
2318,Party Panda #2318,A looping cartoon party-panda PFP with real panda markings. Minted on Base.,2318.gif,Rooftop Glow,Champagne Haze,Cub,Blink,Headphones,Sparkler
2319,Party Panda #2319,A looping cartoon party-panda PFP with real panda markings. Minted on Base.,2319.gif,Neon Club,Sparkle Burst,Peach,Wink,Headphones,Cocktail
2320,Party Panda #2320,A looping cartoon party-panda PFP with real panda markings. Minted on Base.,2320.gif,Neon Club,Laser Sweep,Chubby,Heart,Disco Afro,Balloon
2321,Party Panda #2321,A looping cartoon party-panda PFP with real panda markings. Minted on Base.,2321.gif,Confetti Hall,Sparkle Burst,Chubby,Wink,Bare head,Sparkler
2322,Party Panda #2322,A looping cartoon party-panda PFP with real panda markings. Minted on Base.,2322.gif,Neon Club,Disco Pulse,Classic,Blink,Tiny Crown,None
2323,Party Panda #2323,A looping cartoon party-panda PFP with real panda markings. Minted on Base.,2323.gif,Disco Night,Laser Sweep,Dancer,Blink,Lei,None
2324,Party Panda #2324,A looping cartoon party-panda PFP with real panda markings. Minted on Base.,2324.gif,Neon Club,Laser Sweep,Cub,Sleepy,Party Hat,None
2325,Party Panda #2325,A looping cartoon party-panda PFP with real panda markings. Minted on Base.,2325.gif,Candy Rave,No glow,Classic,Shades,Tiny Crown,Boombox
2326,Party Panda #2326,A looping cartoon party-panda PFP with real panda markings. Minted on Base.,2326.gif,Neon Club,No glow,Dancer,Sleepy,Bowtie,Confetti
2327,Party Panda #2327,A looping cartoon party-panda PFP with real panda markings. Minted on Base.,2327.gif,Disco Night,Champagne Haze,Classic,Heart,Lei,Cocktail
2328,Party Panda #2328,A looping cartoon party-panda PFP with real panda markings. Minted on Base.,2328.gif,Confetti Hall,Champagne Haze,Cub,Blink,Bare head,Sparkler
2329,Party Panda #2329,A looping cartoon party-panda PFP with real panda markings. Minted on Base.,2329.gif,Disco Night,Champagne Haze,Dancer,Heart,Bare head,Confetti
2330,Party Panda #2330,A looping cartoon party-panda PFP with real panda markings. Minted on Base.,2330.gif,Disco Night,Disco Pulse,Tuxedo,Blink,Lei,None
2331,Party Panda #2331,A looping cartoon party-panda PFP with real panda markings. Minted on Base.,2331.gif,Confetti Hall,Champagne Haze,Cub,Blink,Tiny Crown,Confetti
2332,Party Panda #2332,A looping cartoon party-panda PFP with real panda markings. Minted on Base.,2332.gif,Moonlight,Neon Ring,Dancer,Shades,Headphones,Cocktail
2333,Party Panda #2333,A looping cartoon party-panda PFP with real panda markings. Minted on Base.,2333.gif,Candy Rave,No glow,Dancer,Spark,Bowtie,None
2334,Party Panda #2334,A looping cartoon party-panda PFP with real panda markings. Minted on Base.,2334.gif,Disco Night,Disco Pulse,Tuxedo,Spark,Headphones,Cocktail
2335,Party Panda #2335,A looping cartoon party-panda PFP with real panda markings. Minted on Base.,2335.gif,Rooftop Glow,Neon Ring,Chubby,Heart,Lei,Confetti
2336,Party Panda #2336,A looping cartoon party-panda PFP with real panda markings. Minted on Base.,2336.gif,Confetti Hall,Neon Ring,Classic,Heart,Party Hat,Cocktail
2337,Party Panda #2337,A looping cartoon party-panda PFP with real panda markings. Minted on Base.,2337.gif,Neon Club,Sparkle Burst,Dancer,Spark,Bowtie,Confetti
2338,Party Panda #2338,A looping cartoon party-panda PFP with real panda markings. Minted on Base.,2338.gif,Confetti Hall,Champagne Haze,Peach,Blink,Party Hat,None
2339,Party Panda #2339,A looping cartoon party-panda PFP with real panda markings. Minted on Base.,2339.gif,Disco Night,Sparkle Burst,Cub,Blink,Bare head,Confetti
2340,Party Panda #2340,A looping cartoon party-panda PFP with real panda markings. Minted on Base.,2340.gif,Neon Club,Sparkle Burst,Dancer,Blink,Party Hat,Confetti
2341,Party Panda #2341,A looping cartoon party-panda PFP with real panda markings. Minted on Base.,2341.gif,Moonlight,No glow,Peach,Blink,Bare head,Boombox
2342,Party Panda #2342,A looping cartoon party-panda PFP with real panda markings. Minted on Base.,2342.gif,Bamboo Lounge,Laser Sweep,Dancer,Sleepy,Bare head,Confetti
2343,Party Panda #2343,A looping cartoon party-panda PFP with real panda markings. Minted on Base.,2343.gif,Bamboo Lounge,Disco Pulse,Peach,Shades,Tiny Crown,Balloon
2344,Party Panda #2344,A looping cartoon party-panda PFP with real panda markings. Minted on Base.,2344.gif,Rooftop Glow,No glow,Classic,Wink,Party Hat,Sparkler
2345,Party Panda #2345,A looping cartoon party-panda PFP with real panda markings. Minted on Base.,2345.gif,Confetti Hall,No glow,Dancer,Wink,Bowtie,Cocktail
2346,Party Panda #2346,A looping cartoon party-panda PFP with real panda markings. Minted on Base.,2346.gif,Rooftop Glow,Disco Pulse,Peach,Blink,Headphones,None
2347,Party Panda #2347,A looping cartoon party-panda PFP with real panda markings. Minted on Base.,2347.gif,Bamboo Lounge,Disco Pulse,Dancer,Spark,Bowtie,Cocktail
2348,Party Panda #2348,A looping cartoon party-panda PFP with real panda markings. Minted on Base.,2348.gif,Bamboo Lounge,No glow,Tuxedo,Sleepy,Headphones,Boombox
2349,Party Panda #2349,A looping cartoon party-panda PFP with real panda markings. Minted on Base.,2349.gif,Disco Night,Champagne Haze,Chubby,Heart,Tiny Crown,None
2350,Party Panda #2350,A looping cartoon party-panda PFP with real panda markings. Minted on Base.,2350.gif,Moonlight,No glow,Chubby,Spark,Disco Afro,Cocktail
2351,Party Panda #2351,A looping cartoon party-panda PFP with real panda markings. Minted on Base.,2351.gif,Neon Club,Champagne Haze,Chubby,Blink,Tiny Crown,Confetti
2352,Party Panda #2352,A looping cartoon party-panda PFP with real panda markings. Minted on Base.,2352.gif,Bamboo Lounge,Champagne Haze,Classic,Blink,Tiny Crown,Boombox
2353,Party Panda #2353,A looping cartoon party-panda PFP with real panda markings. Minted on Base.,2353.gif,Confetti Hall,Disco Pulse,Tuxedo,Blink,Bowtie,Confetti
2354,Party Panda #2354,A looping cartoon party-panda PFP with real panda markings. Minted on Base.,2354.gif,Rooftop Glow,Disco Pulse,Tuxedo,Blink,Lei,Confetti
2355,Party Panda #2355,A looping cartoon party-panda PFP with real panda markings. Minted on Base.,2355.gif,Neon Club,Disco Pulse,Dancer,Wink,Bowtie,Cocktail
2356,Party Panda #2356,A looping cartoon party-panda PFP with real panda markings. Minted on Base.,2356.gif,Neon Club,Disco Pulse,Tuxedo,Shades,Bare head,Boombox
2357,Party Panda #2357,A looping cartoon party-panda PFP with real panda markings. Minted on Base.,2357.gif,Rooftop Glow,Disco Pulse,Cub,Sleepy,Bowtie,Confetti
2358,Party Panda #2358,A looping cartoon party-panda PFP with real panda markings. Minted on Base.,2358.gif,Rooftop Glow,No glow,Peach,Heart,Tiny Crown,Confetti
2359,Party Panda #2359,A looping cartoon party-panda PFP with real panda markings. Minted on Base.,2359.gif,Disco Night,Champagne Haze,Dancer,Blink,Disco Afro,None
2360,Party Panda #2360,A looping cartoon party-panda PFP with real panda markings. Minted on Base.,2360.gif,Neon Club,Sparkle Burst,Classic,Heart,Headphones,None
2361,Party Panda #2361,A looping cartoon party-panda PFP with real panda markings. Minted on Base.,2361.gif,Confetti Hall,No glow,Peach,Blink,Party Hat,Cocktail
2362,Party Panda #2362,A looping cartoon party-panda PFP with real panda markings. Minted on Base.,2362.gif,Confetti Hall,Disco Pulse,Peach,Shades,Bare head,Balloon
2363,Party Panda #2363,A looping cartoon party-panda PFP with real panda markings. Minted on Base.,2363.gif,Moonlight,Neon Ring,Cub,Wink,Bare head,None
2364,Party Panda #2364,A looping cartoon party-panda PFP with real panda markings. Minted on Base.,2364.gif,Neon Club,Champagne Haze,Peach,Blink,Party Hat,Balloon
2365,Party Panda #2365,A looping cartoon party-panda PFP with real panda markings. Minted on Base.,2365.gif,Bamboo Lounge,Sparkle Burst,Cub,Shades,Disco Afro,Cocktail
2366,Party Panda #2366,A looping cartoon party-panda PFP with real panda markings. Minted on Base.,2366.gif,Garden Party,Sparkle Burst,Tuxedo,Heart,Bowtie,Boombox
2367,Party Panda #2367,A looping cartoon party-panda PFP with real panda markings. Minted on Base.,2367.gif,Neon Club,Laser Sweep,Chubby,Wink,Bowtie,Sparkler
2368,Party Panda #2368,A looping cartoon party-panda PFP with real panda markings. Minted on Base.,2368.gif,Rooftop Glow,Disco Pulse,Peach,Spark,Party Hat,Cocktail
2369,Party Panda #2369,A looping cartoon party-panda PFP with real panda markings. Minted on Base.,2369.gif,Rooftop Glow,Champagne Haze,Cub,Shades,Disco Afro,Sparkler
2370,Party Panda #2370,A looping cartoon party-panda PFP with real panda markings. Minted on Base.,2370.gif,Garden Party,Sparkle Burst,Dancer,Sleepy,Bowtie,None
2371,Party Panda #2371,A looping cartoon party-panda PFP with real panda markings. Minted on Base.,2371.gif,Moonlight,Neon Ring,Classic,Blink,Bare head,Confetti
2372,Party Panda #2372,A looping cartoon party-panda PFP with real panda markings. Minted on Base.,2372.gif,Bamboo Lounge,Laser Sweep,Tuxedo,Heart,Headphones,None
2373,Party Panda #2373,A looping cartoon party-panda PFP with real panda markings. Minted on Base.,2373.gif,Disco Night,Disco Pulse,Chubby,Blink,Disco Afro,Confetti
2374,Party Panda #2374,A looping cartoon party-panda PFP with real panda markings. Minted on Base.,2374.gif,Candy Rave,No glow,Classic,Blink,Bare head,Confetti
2375,Party Panda #2375,A looping cartoon party-panda PFP with real panda markings. Minted on Base.,2375.gif,Garden Party,Laser Sweep,Classic,Sleepy,Party Hat,Balloon
2376,Party Panda #2376,A looping cartoon party-panda PFP with real panda markings. Minted on Base.,2376.gif,Garden Party,Disco Pulse,Classic,Spark,Headphones,Sparkler
2377,Party Panda #2377,A looping cartoon party-panda PFP with real panda markings. Minted on Base.,2377.gif,Garden Party,Sparkle Burst,Dancer,Wink,Bowtie,Sparkler
2378,Party Panda #2378,A looping cartoon party-panda PFP with real panda markings. Minted on Base.,2378.gif,Bamboo Lounge,Disco Pulse,Dancer,Shades,Bowtie,Cocktail
2379,Party Panda #2379,A looping cartoon party-panda PFP with real panda markings. Minted on Base.,2379.gif,Candy Rave,Laser Sweep,Tuxedo,Shades,Party Hat,Sparkler
2380,Party Panda #2380,A looping cartoon party-panda PFP with real panda markings. Minted on Base.,2380.gif,Moonlight,Sparkle Burst,Cub,Wink,Headphones,None
2381,Party Panda #2381,A looping cartoon party-panda PFP with real panda markings. Minted on Base.,2381.gif,Neon Club,Disco Pulse,Dancer,Blink,Party Hat,Confetti
2382,Party Panda #2382,A looping cartoon party-panda PFP with real panda markings. Minted on Base.,2382.gif,Candy Rave,Champagne Haze,Peach,Blink,Tiny Crown,None
2383,Party Panda #2383,A looping cartoon party-panda PFP with real panda markings. Minted on Base.,2383.gif,Rooftop Glow,Laser Sweep,Peach,Shades,Lei,Balloon
2384,Party Panda #2384,A looping cartoon party-panda PFP with real panda markings. Minted on Base.,2384.gif,Neon Club,No glow,Tuxedo,Spark,Headphones,None
2385,Party Panda #2385,A looping cartoon party-panda PFP with real panda markings. Minted on Base.,2385.gif,Neon Club,Champagne Haze,Tuxedo,Heart,Bare head,None
2386,Party Panda #2386,A looping cartoon party-panda PFP with real panda markings. Minted on Base.,2386.gif,Disco Night,Champagne Haze,Dancer,Spark,Disco Afro,Sparkler
2387,Party Panda #2387,A looping cartoon party-panda PFP with real panda markings. Minted on Base.,2387.gif,Moonlight,Neon Ring,Classic,Blink,Tiny Crown,Cocktail
2388,Party Panda #2388,A looping cartoon party-panda PFP with real panda markings. Minted on Base.,2388.gif,Moonlight,Champagne Haze,Dancer,Blink,Bare head,None
2389,Party Panda #2389,A looping cartoon party-panda PFP with real panda markings. Minted on Base.,2389.gif,Disco Night,No glow,Peach,Blink,Headphones,Balloon
2390,Party Panda #2390,A looping cartoon party-panda PFP with real panda markings. Minted on Base.,2390.gif,Bamboo Lounge,Disco Pulse,Chubby,Sleepy,Headphones,Cocktail
2391,Party Panda #2391,A looping cartoon party-panda PFP with real panda markings. Minted on Base.,2391.gif,Rooftop Glow,Neon Ring,Peach,Blink,Bare head,None
2392,Party Panda #2392,A looping cartoon party-panda PFP with real panda markings. Minted on Base.,2392.gif,Garden Party,Champagne Haze,Classic,Spark,Bowtie,None
2393,Party Panda #2393,A looping cartoon party-panda PFP with real panda markings. Minted on Base.,2393.gif,Disco Night,Sparkle Burst,Peach,Blink,Bare head,None
2394,Party Panda #2394,A looping cartoon party-panda PFP with real panda markings. Minted on Base.,2394.gif,Disco Night,Disco Pulse,Dancer,Shades,Bare head,Balloon
2395,Party Panda #2395,A looping cartoon party-panda PFP with real panda markings. Minted on Base.,2395.gif,Confetti Hall,Neon Ring,Dancer,Blink,Tiny Crown,Cocktail
2396,Party Panda #2396,A looping cartoon party-panda PFP with real panda markings. Minted on Base.,2396.gif,Rooftop Glow,Disco Pulse,Cub,Sleepy,Bowtie,None
2397,Party Panda #2397,A looping cartoon party-panda PFP with real panda markings. Minted on Base.,2397.gif,Candy Rave,Sparkle Burst,Peach,Shades,Headphones,Confetti
2398,Party Panda #2398,A looping cartoon party-panda PFP with real panda markings. Minted on Base.,2398.gif,Rooftop Glow,Sparkle Burst,Classic,Blink,Tiny Crown,Cocktail
2399,Party Panda #2399,A looping cartoon party-panda PFP with real panda markings. Minted on Base.,2399.gif,Moonlight,Sparkle Burst,Peach,Blink,Bare head,Boombox
2400,Party Panda #2400,A looping cartoon party-panda PFP with real panda markings. Minted on Base.,2400.gif,Rooftop Glow,Laser Sweep,Peach,Wink,Disco Afro,None
2401,Party Panda #2401,A looping cartoon party-panda PFP with real panda markings. Minted on Base.,2401.gif,Candy Rave,No glow,Classic,Wink,Tiny Crown,Cocktail
2402,Party Panda #2402,A looping cartoon party-panda PFP with real panda markings. Minted on Base.,2402.gif,Disco Night,Disco Pulse,Cub,Wink,Party Hat,Balloon
2403,Party Panda #2403,A looping cartoon party-panda PFP with real panda markings. Minted on Base.,2403.gif,Garden Party,Disco Pulse,Peach,Sleepy,Bowtie,Confetti
2404,Party Panda #2404,A looping cartoon party-panda PFP with real panda markings. Minted on Base.,2404.gif,Disco Night,Champagne Haze,Dancer,Wink,Bowtie,Cocktail
2405,Party Panda #2405,A looping cartoon party-panda PFP with real panda markings. Minted on Base.,2405.gif,Bamboo Lounge,Laser Sweep,Cub,Spark,Tiny Crown,Cocktail
2406,Party Panda #2406,A looping cartoon party-panda PFP with real panda markings. Minted on Base.,2406.gif,Confetti Hall,Sparkle Burst,Chubby,Wink,Lei,Sparkler
2407,Party Panda #2407,A looping cartoon party-panda PFP with real panda markings. Minted on Base.,2407.gif,Neon Club,No glow,Classic,Wink,Lei,Balloon
2408,Party Panda #2408,A looping cartoon party-panda PFP with real panda markings. Minted on Base.,2408.gif,Moonlight,No glow,Cub,Shades,Bare head,Sparkler
2409,Party Panda #2409,A looping cartoon party-panda PFP with real panda markings. Minted on Base.,2409.gif,Moonlight,Disco Pulse,Classic,Shades,Lei,Boombox
2410,Party Panda #2410,A looping cartoon party-panda PFP with real panda markings. Minted on Base.,2410.gif,Garden Party,Neon Ring,Cub,Wink,Bare head,Confetti
2411,Party Panda #2411,A looping cartoon party-panda PFP with real panda markings. Minted on Base.,2411.gif,Disco Night,Disco Pulse,Cub,Heart,Lei,None
2412,Party Panda #2412,A looping cartoon party-panda PFP with real panda markings. Minted on Base.,2412.gif,Neon Club,No glow,Tuxedo,Spark,Bare head,Boombox
2413,Party Panda #2413,A looping cartoon party-panda PFP with real panda markings. Minted on Base.,2413.gif,Garden Party,Neon Ring,Classic,Sleepy,Lei,Sparkler
2414,Party Panda #2414,A looping cartoon party-panda PFP with real panda markings. Minted on Base.,2414.gif,Disco Night,Champagne Haze,Peach,Shades,Headphones,Boombox
2415,Party Panda #2415,A looping cartoon party-panda PFP with real panda markings. Minted on Base.,2415.gif,Candy Rave,Champagne Haze,Dancer,Blink,Bare head,Boombox
2416,Party Panda #2416,A looping cartoon party-panda PFP with real panda markings. Minted on Base.,2416.gif,Neon Club,Neon Ring,Tuxedo,Spark,Tiny Crown,Balloon
2417,Party Panda #2417,A looping cartoon party-panda PFP with real panda markings. Minted on Base.,2417.gif,Moonlight,No glow,Tuxedo,Blink,Lei,Sparkler
2418,Party Panda #2418,A looping cartoon party-panda PFP with real panda markings. Minted on Base.,2418.gif,Disco Night,Champagne Haze,Peach,Blink,Headphones,Confetti
2419,Party Panda #2419,A looping cartoon party-panda PFP with real panda markings. Minted on Base.,2419.gif,Bamboo Lounge,Neon Ring,Classic,Wink,Party Hat,Confetti
2420,Party Panda #2420,A looping cartoon party-panda PFP with real panda markings. Minted on Base.,2420.gif,Rooftop Glow,Neon Ring,Peach,Heart,Party Hat,Cocktail
2421,Party Panda #2421,A looping cartoon party-panda PFP with real panda markings. Minted on Base.,2421.gif,Bamboo Lounge,Champagne Haze,Chubby,Heart,Bare head,Cocktail
2422,Party Panda #2422,A looping cartoon party-panda PFP with real panda markings. Minted on Base.,2422.gif,Candy Rave,Champagne Haze,Tuxedo,Spark,Lei,None
2423,Party Panda #2423,A looping cartoon party-panda PFP with real panda markings. Minted on Base.,2423.gif,Moonlight,Sparkle Burst,Dancer,Heart,Lei,Confetti
2424,Party Panda #2424,A looping cartoon party-panda PFP with real panda markings. Minted on Base.,2424.gif,Rooftop Glow,No glow,Classic,Shades,Bare head,Confetti
2425,Party Panda #2425,A looping cartoon party-panda PFP with real panda markings. Minted on Base.,2425.gif,Bamboo Lounge,No glow,Classic,Blink,Lei,Boombox
2426,Party Panda #2426,A looping cartoon party-panda PFP with real panda markings. Minted on Base.,2426.gif,Garden Party,Champagne Haze,Dancer,Wink,Bare head,None
2427,Party Panda #2427,A looping cartoon party-panda PFP with real panda markings. Minted on Base.,2427.gif,Candy Rave,Sparkle Burst,Cub,Blink,Bare head,Sparkler
2428,Party Panda #2428,A looping cartoon party-panda PFP with real panda markings. Minted on Base.,2428.gif,Candy Rave,Disco Pulse,Tuxedo,Wink,Bare head,Confetti
2429,Party Panda #2429,A looping cartoon party-panda PFP with real panda markings. Minted on Base.,2429.gif,Bamboo Lounge,Laser Sweep,Cub,Blink,Party Hat,None
2430,Party Panda #2430,A looping cartoon party-panda PFP with real panda markings. Minted on Base.,2430.gif,Rooftop Glow,Sparkle Burst,Chubby,Wink,Party Hat,Boombox
2431,Party Panda #2431,A looping cartoon party-panda PFP with real panda markings. Minted on Base.,2431.gif,Neon Club,Disco Pulse,Chubby,Wink,Lei,Sparkler
2432,Party Panda #2432,A looping cartoon party-panda PFP with real panda markings. Minted on Base.,2432.gif,Candy Rave,Neon Ring,Classic,Blink,Lei,Balloon
2433,Party Panda #2433,A looping cartoon party-panda PFP with real panda markings. Minted on Base.,2433.gif,Neon Club,Disco Pulse,Peach,Sleepy,Bowtie,Confetti
2434,Party Panda #2434,A looping cartoon party-panda PFP with real panda markings. Minted on Base.,2434.gif,Garden Party,Sparkle Burst,Tuxedo,Shades,Party Hat,Balloon
2435,Party Panda #2435,A looping cartoon party-panda PFP with real panda markings. Minted on Base.,2435.gif,Confetti Hall,Champagne Haze,Classic,Wink,Disco Afro,Cocktail
2436,Party Panda #2436,A looping cartoon party-panda PFP with real panda markings. Minted on Base.,2436.gif,Garden Party,Disco Pulse,Dancer,Spark,Party Hat,Boombox
2437,Party Panda #2437,A looping cartoon party-panda PFP with real panda markings. Minted on Base.,2437.gif,Garden Party,Laser Sweep,Dancer,Spark,Bare head,Balloon
2438,Party Panda #2438,A looping cartoon party-panda PFP with real panda markings. Minted on Base.,2438.gif,Rooftop Glow,Laser Sweep,Dancer,Wink,Bare head,Cocktail
2439,Party Panda #2439,A looping cartoon party-panda PFP with real panda markings. Minted on Base.,2439.gif,Rooftop Glow,No glow,Dancer,Wink,Party Hat,None
2440,Party Panda #2440,A looping cartoon party-panda PFP with real panda markings. Minted on Base.,2440.gif,Candy Rave,Disco Pulse,Peach,Wink,Bowtie,Confetti
2441,Party Panda #2441,A looping cartoon party-panda PFP with real panda markings. Minted on Base.,2441.gif,Bamboo Lounge,No glow,Classic,Sleepy,Disco Afro,None
2442,Party Panda #2442,A looping cartoon party-panda PFP with real panda markings. Minted on Base.,2442.gif,Neon Club,Neon Ring,Dancer,Wink,Tiny Crown,Cocktail
2443,Party Panda #2443,A looping cartoon party-panda PFP with real panda markings. Minted on Base.,2443.gif,Bamboo Lounge,Sparkle Burst,Dancer,Spark,Bare head,Boombox
2444,Party Panda #2444,A looping cartoon party-panda PFP with real panda markings. Minted on Base.,2444.gif,Bamboo Lounge,No glow,Tuxedo,Shades,Bare head,Cocktail
2445,Party Panda #2445,A looping cartoon party-panda PFP with real panda markings. Minted on Base.,2445.gif,Confetti Hall,Champagne Haze,Classic,Blink,Lei,Confetti
2446,Party Panda #2446,A looping cartoon party-panda PFP with real panda markings. Minted on Base.,2446.gif,Bamboo Lounge,Champagne Haze,Cub,Wink,Bare head,None
2447,Party Panda #2447,A looping cartoon party-panda PFP with real panda markings. Minted on Base.,2447.gif,Moonlight,Laser Sweep,Classic,Sleepy,Headphones,Balloon
2448,Party Panda #2448,A looping cartoon party-panda PFP with real panda markings. Minted on Base.,2448.gif,Bamboo Lounge,Laser Sweep,Peach,Blink,Bare head,Balloon
2449,Party Panda #2449,A looping cartoon party-panda PFP with real panda markings. Minted on Base.,2449.gif,Neon Club,No glow,Tuxedo,Sleepy,Disco Afro,Cocktail
2450,Party Panda #2450,A looping cartoon party-panda PFP with real panda markings. Minted on Base.,2450.gif,Rooftop Glow,Champagne Haze,Cub,Wink,Bare head,Cocktail
2451,Party Panda #2451,A looping cartoon party-panda PFP with real panda markings. Minted on Base.,2451.gif,Confetti Hall,Laser Sweep,Chubby,Blink,Bare head,None
2452,Party Panda #2452,A looping cartoon party-panda PFP with real panda markings. Minted on Base.,2452.gif,Rooftop Glow,Disco Pulse,Dancer,Sleepy,Disco Afro,None
2453,Party Panda #2453,A looping cartoon party-panda PFP with real panda markings. Minted on Base.,2453.gif,Confetti Hall,Sparkle Burst,Cub,Heart,Party Hat,None
2454,Party Panda #2454,A looping cartoon party-panda PFP with real panda markings. Minted on Base.,2454.gif,Rooftop Glow,No glow,Classic,Spark,Bare head,Confetti
2455,Party Panda #2455,A looping cartoon party-panda PFP with real panda markings. Minted on Base.,2455.gif,Bamboo Lounge,Sparkle Burst,Chubby,Spark,Bare head,Confetti
2456,Party Panda #2456,A looping cartoon party-panda PFP with real panda markings. Minted on Base.,2456.gif,Candy Rave,No glow,Tuxedo,Blink,Tiny Crown,Confetti
2457,Party Panda #2457,A looping cartoon party-panda PFP with real panda markings. Minted on Base.,2457.gif,Bamboo Lounge,Disco Pulse,Tuxedo,Spark,Bare head,None
2458,Party Panda #2458,A looping cartoon party-panda PFP with real panda markings. Minted on Base.,2458.gif,Confetti Hall,No glow,Classic,Sleepy,Party Hat,Confetti
2459,Party Panda #2459,A looping cartoon party-panda PFP with real panda markings. Minted on Base.,2459.gif,Garden Party,No glow,Cub,Wink,Lei,Cocktail
2460,Party Panda #2460,A looping cartoon party-panda PFP with real panda markings. Minted on Base.,2460.gif,Moonlight,Disco Pulse,Tuxedo,Wink,Bare head,Cocktail
2461,Party Panda #2461,A looping cartoon party-panda PFP with real panda markings. Minted on Base.,2461.gif,Moonlight,No glow,Tuxedo,Shades,Tiny Crown,Confetti
2462,Party Panda #2462,A looping cartoon party-panda PFP with real panda markings. Minted on Base.,2462.gif,Neon Club,Champagne Haze,Dancer,Sleepy,Bare head,Balloon
2463,Party Panda #2463,A looping cartoon party-panda PFP with real panda markings. Minted on Base.,2463.gif,Bamboo Lounge,No glow,Dancer,Wink,Bare head,Boombox
2464,Party Panda #2464,A looping cartoon party-panda PFP with real panda markings. Minted on Base.,2464.gif,Bamboo Lounge,No glow,Tuxedo,Blink,Tiny Crown,Boombox
2465,Party Panda #2465,A looping cartoon party-panda PFP with real panda markings. Minted on Base.,2465.gif,Bamboo Lounge,No glow,Peach,Sleepy,Bare head,Sparkler
2466,Party Panda #2466,A looping cartoon party-panda PFP with real panda markings. Minted on Base.,2466.gif,Garden Party,Disco Pulse,Tuxedo,Shades,Tiny Crown,Confetti
2467,Party Panda #2467,A looping cartoon party-panda PFP with real panda markings. Minted on Base.,2467.gif,Rooftop Glow,Laser Sweep,Tuxedo,Wink,Lei,Sparkler
2468,Party Panda #2468,A looping cartoon party-panda PFP with real panda markings. Minted on Base.,2468.gif,Bamboo Lounge,No glow,Peach,Sleepy,Bare head,Balloon
2469,Party Panda #2469,A looping cartoon party-panda PFP with real panda markings. Minted on Base.,2469.gif,Neon Club,Laser Sweep,Chubby,Heart,Disco Afro,Boombox
2470,Party Panda #2470,A looping cartoon party-panda PFP with real panda markings. Minted on Base.,2470.gif,Bamboo Lounge,Laser Sweep,Chubby,Blink,Disco Afro,None
2471,Party Panda #2471,A looping cartoon party-panda PFP with real panda markings. Minted on Base.,2471.gif,Disco Night,Neon Ring,Classic,Heart,Bare head,Confetti
2472,Party Panda #2472,A looping cartoon party-panda PFP with real panda markings. Minted on Base.,2472.gif,Neon Club,No glow,Dancer,Blink,Tiny Crown,Boombox
2473,Party Panda #2473,A looping cartoon party-panda PFP with real panda markings. Minted on Base.,2473.gif,Candy Rave,Champagne Haze,Peach,Shades,Bare head,Sparkler
2474,Party Panda #2474,A looping cartoon party-panda PFP with real panda markings. Minted on Base.,2474.gif,Candy Rave,Laser Sweep,Chubby,Shades,Bowtie,Sparkler
2475,Party Panda #2475,A looping cartoon party-panda PFP with real panda markings. Minted on Base.,2475.gif,Candy Rave,Laser Sweep,Chubby,Wink,Bowtie,None
2476,Party Panda #2476,A looping cartoon party-panda PFP with real panda markings. Minted on Base.,2476.gif,Rooftop Glow,Sparkle Burst,Dancer,Heart,Lei,Cocktail
2477,Party Panda #2477,A looping cartoon party-panda PFP with real panda markings. Minted on Base.,2477.gif,Rooftop Glow,No glow,Dancer,Blink,Bare head,None
2478,Party Panda #2478,A looping cartoon party-panda PFP with real panda markings. Minted on Base.,2478.gif,Bamboo Lounge,No glow,Chubby,Heart,Headphones,Boombox
2479,Party Panda #2479,A looping cartoon party-panda PFP with real panda markings. Minted on Base.,2479.gif,Garden Party,Laser Sweep,Chubby,Heart,Disco Afro,Cocktail
2480,Party Panda #2480,A looping cartoon party-panda PFP with real panda markings. Minted on Base.,2480.gif,Neon Club,Sparkle Burst,Chubby,Blink,Party Hat,Cocktail
2481,Party Panda #2481,A looping cartoon party-panda PFP with real panda markings. Minted on Base.,2481.gif,Moonlight,Sparkle Burst,Peach,Blink,Bare head,None
2482,Party Panda #2482,A looping cartoon party-panda PFP with real panda markings. Minted on Base.,2482.gif,Disco Night,No glow,Classic,Shades,Party Hat,Cocktail
2483,Party Panda #2483,A looping cartoon party-panda PFP with real panda markings. Minted on Base.,2483.gif,Moonlight,Sparkle Burst,Peach,Spark,Party Hat,None
2484,Party Panda #2484,A looping cartoon party-panda PFP with real panda markings. Minted on Base.,2484.gif,Garden Party,Laser Sweep,Cub,Heart,Headphones,Confetti
2485,Party Panda #2485,A looping cartoon party-panda PFP with real panda markings. Minted on Base.,2485.gif,Disco Night,No glow,Tuxedo,Shades,Lei,Confetti
2486,Party Panda #2486,A looping cartoon party-panda PFP with real panda markings. Minted on Base.,2486.gif,Candy Rave,Sparkle Burst,Tuxedo,Blink,Disco Afro,Sparkler
2487,Party Panda #2487,A looping cartoon party-panda PFP with real panda markings. Minted on Base.,2487.gif,Garden Party,Laser Sweep,Peach,Sleepy,Bare head,Cocktail
2488,Party Panda #2488,A looping cartoon party-panda PFP with real panda markings. Minted on Base.,2488.gif,Confetti Hall,No glow,Dancer,Spark,Party Hat,None
2489,Party Panda #2489,A looping cartoon party-panda PFP with real panda markings. Minted on Base.,2489.gif,Neon Club,No glow,Classic,Sleepy,Bare head,Confetti
2490,Party Panda #2490,A looping cartoon party-panda PFP with real panda markings. Minted on Base.,2490.gif,Disco Night,Sparkle Burst,Classic,Shades,Disco Afro,Cocktail
2491,Party Panda #2491,A looping cartoon party-panda PFP with real panda markings. Minted on Base.,2491.gif,Bamboo Lounge,Laser Sweep,Cub,Heart,Bare head,None
2492,Party Panda #2492,A looping cartoon party-panda PFP with real panda markings. Minted on Base.,2492.gif,Bamboo Lounge,No glow,Dancer,Blink,Bowtie,Boombox
2493,Party Panda #2493,A looping cartoon party-panda PFP with real panda markings. Minted on Base.,2493.gif,Bamboo Lounge,No glow,Chubby,Wink,Tiny Crown,Confetti
2494,Party Panda #2494,A looping cartoon party-panda PFP with real panda markings. Minted on Base.,2494.gif,Candy Rave,Disco Pulse,Classic,Sleepy,Tiny Crown,Cocktail
2495,Party Panda #2495,A looping cartoon party-panda PFP with real panda markings. Minted on Base.,2495.gif,Confetti Hall,Sparkle Burst,Chubby,Heart,Lei,Confetti
2496,Party Panda #2496,A looping cartoon party-panda PFP with real panda markings. Minted on Base.,2496.gif,Garden Party,Disco Pulse,Peach,Blink,Disco Afro,None
2497,Party Panda #2497,A looping cartoon party-panda PFP with real panda markings. Minted on Base.,2497.gif,Disco Night,Disco Pulse,Tuxedo,Wink,Bowtie,Sparkler
2498,Party Panda #2498,A looping cartoon party-panda PFP with real panda markings. Minted on Base.,2498.gif,Candy Rave,No glow,Classic,Spark,Bare head,Balloon
2499,Party Panda #2499,A looping cartoon party-panda PFP with real panda markings. Minted on Base.,2499.gif,Moonlight,No glow,Classic,Spark,Party Hat,Boombox
2500,Party Panda #2500,A looping cartoon party-panda PFP with real panda markings. Minted on Base.,2500.gif,Bamboo Lounge,Neon Ring,Classic,Wink,Bare head,None
2501,Party Panda #2501,A looping cartoon party-panda PFP with real panda markings. Minted on Base.,2501.gif,Garden Party,Sparkle Burst,Peach,Sleepy,Party Hat,Confetti
2502,Party Panda #2502,A looping cartoon party-panda PFP with real panda markings. Minted on Base.,2502.gif,Moonlight,Disco Pulse,Peach,Wink,Bare head,None
2503,Party Panda #2503,A looping cartoon party-panda PFP with real panda markings. Minted on Base.,2503.gif,Neon Club,No glow,Chubby,Sleepy,Headphones,None
2504,Party Panda #2504,A looping cartoon party-panda PFP with real panda markings. Minted on Base.,2504.gif,Garden Party,Sparkle Burst,Tuxedo,Heart,Bare head,None
2505,Party Panda #2505,A looping cartoon party-panda PFP with real panda markings. Minted on Base.,2505.gif,Garden Party,Champagne Haze,Cub,Sleepy,Lei,Boombox
2506,Party Panda #2506,A looping cartoon party-panda PFP with real panda markings. Minted on Base.,2506.gif,Garden Party,No glow,Classic,Heart,Bowtie,None
2507,Party Panda #2507,A looping cartoon party-panda PFP with real panda markings. Minted on Base.,2507.gif,Garden Party,No glow,Cub,Heart,Tiny Crown,None
2508,Party Panda #2508,A looping cartoon party-panda PFP with real panda markings. Minted on Base.,2508.gif,Bamboo Lounge,Champagne Haze,Classic,Heart,Bare head,Cocktail
2509,Party Panda #2509,A looping cartoon party-panda PFP with real panda markings. Minted on Base.,2509.gif,Candy Rave,Sparkle Burst,Chubby,Heart,Disco Afro,Confetti
2510,Party Panda #2510,A looping cartoon party-panda PFP with real panda markings. Minted on Base.,2510.gif,Rooftop Glow,Disco Pulse,Classic,Blink,Party Hat,None
2511,Party Panda #2511,A looping cartoon party-panda PFP with real panda markings. Minted on Base.,2511.gif,Disco Night,No glow,Classic,Shades,Tiny Crown,Sparkler
2512,Party Panda #2512,A looping cartoon party-panda PFP with real panda markings. Minted on Base.,2512.gif,Disco Night,No glow,Classic,Spark,Lei,None
2513,Party Panda #2513,A looping cartoon party-panda PFP with real panda markings. Minted on Base.,2513.gif,Garden Party,Laser Sweep,Peach,Blink,Bowtie,Confetti
2514,Party Panda #2514,A looping cartoon party-panda PFP with real panda markings. Minted on Base.,2514.gif,Neon Club,Champagne Haze,Tuxedo,Heart,Disco Afro,None
2515,Party Panda #2515,A looping cartoon party-panda PFP with real panda markings. Minted on Base.,2515.gif,Confetti Hall,Sparkle Burst,Cub,Spark,Disco Afro,Boombox
2516,Party Panda #2516,A looping cartoon party-panda PFP with real panda markings. Minted on Base.,2516.gif,Neon Club,Laser Sweep,Dancer,Heart,Disco Afro,Sparkler
2517,Party Panda #2517,A looping cartoon party-panda PFP with real panda markings. Minted on Base.,2517.gif,Bamboo Lounge,Disco Pulse,Chubby,Sleepy,Disco Afro,None
2518,Party Panda #2518,A looping cartoon party-panda PFP with real panda markings. Minted on Base.,2518.gif,Rooftop Glow,No glow,Cub,Blink,Lei,Boombox
2519,Party Panda #2519,A looping cartoon party-panda PFP with real panda markings. Minted on Base.,2519.gif,Disco Night,No glow,Classic,Wink,Bare head,None
2520,Party Panda #2520,A looping cartoon party-panda PFP with real panda markings. Minted on Base.,2520.gif,Confetti Hall,Sparkle Burst,Chubby,Shades,Headphones,Cocktail
2521,Party Panda #2521,A looping cartoon party-panda PFP with real panda markings. Minted on Base.,2521.gif,Confetti Hall,Neon Ring,Tuxedo,Blink,Bowtie,Boombox
2522,Party Panda #2522,A looping cartoon party-panda PFP with real panda markings. Minted on Base.,2522.gif,Candy Rave,Sparkle Burst,Classic,Blink,Bowtie,Sparkler
2523,Party Panda #2523,A looping cartoon party-panda PFP with real panda markings. Minted on Base.,2523.gif,Disco Night,Laser Sweep,Classic,Blink,Bowtie,Balloon
2524,Party Panda #2524,A looping cartoon party-panda PFP with real panda markings. Minted on Base.,2524.gif,Garden Party,Laser Sweep,Chubby,Spark,Party Hat,Balloon
2525,Party Panda #2525,A looping cartoon party-panda PFP with real panda markings. Minted on Base.,2525.gif,Confetti Hall,Champagne Haze,Cub,Wink,Bowtie,None
2526,Party Panda #2526,A looping cartoon party-panda PFP with real panda markings. Minted on Base.,2526.gif,Disco Night,Neon Ring,Classic,Blink,Bare head,Boombox
2527,Party Panda #2527,A looping cartoon party-panda PFP with real panda markings. Minted on Base.,2527.gif,Rooftop Glow,Champagne Haze,Dancer,Spark,Lei,Confetti
2528,Party Panda #2528,A looping cartoon party-panda PFP with real panda markings. Minted on Base.,2528.gif,Rooftop Glow,Disco Pulse,Chubby,Sleepy,Party Hat,Balloon
2529,Party Panda #2529,A looping cartoon party-panda PFP with real panda markings. Minted on Base.,2529.gif,Bamboo Lounge,No glow,Tuxedo,Heart,Headphones,None
2530,Party Panda #2530,A looping cartoon party-panda PFP with real panda markings. Minted on Base.,2530.gif,Moonlight,Sparkle Burst,Chubby,Heart,Lei,Cocktail
2531,Party Panda #2531,A looping cartoon party-panda PFP with real panda markings. Minted on Base.,2531.gif,Moonlight,No glow,Tuxedo,Shades,Lei,None
2532,Party Panda #2532,A looping cartoon party-panda PFP with real panda markings. Minted on Base.,2532.gif,Bamboo Lounge,Laser Sweep,Tuxedo,Sleepy,Tiny Crown,Sparkler
2533,Party Panda #2533,A looping cartoon party-panda PFP with real panda markings. Minted on Base.,2533.gif,Moonlight,No glow,Dancer,Heart,Bowtie,Balloon
2534,Party Panda #2534,A looping cartoon party-panda PFP with real panda markings. Minted on Base.,2534.gif,Candy Rave,Champagne Haze,Tuxedo,Shades,Tiny Crown,Balloon
2535,Party Panda #2535,A looping cartoon party-panda PFP with real panda markings. Minted on Base.,2535.gif,Candy Rave,Champagne Haze,Cub,Blink,Lei,Boombox
2536,Party Panda #2536,A looping cartoon party-panda PFP with real panda markings. Minted on Base.,2536.gif,Moonlight,Sparkle Burst,Chubby,Wink,Party Hat,None
2537,Party Panda #2537,A looping cartoon party-panda PFP with real panda markings. Minted on Base.,2537.gif,Rooftop Glow,Laser Sweep,Peach,Wink,Party Hat,None
2538,Party Panda #2538,A looping cartoon party-panda PFP with real panda markings. Minted on Base.,2538.gif,Moonlight,Laser Sweep,Classic,Wink,Party Hat,Confetti
2539,Party Panda #2539,A looping cartoon party-panda PFP with real panda markings. Minted on Base.,2539.gif,Rooftop Glow,No glow,Classic,Heart,Lei,Balloon
2540,Party Panda #2540,A looping cartoon party-panda PFP with real panda markings. Minted on Base.,2540.gif,Bamboo Lounge,Champagne Haze,Dancer,Wink,Bare head,Cocktail
2541,Party Panda #2541,A looping cartoon party-panda PFP with real panda markings. Minted on Base.,2541.gif,Confetti Hall,No glow,Classic,Blink,Headphones,None
2542,Party Panda #2542,A looping cartoon party-panda PFP with real panda markings. Minted on Base.,2542.gif,Rooftop Glow,Sparkle Burst,Peach,Sleepy,Headphones,Balloon
2543,Party Panda #2543,A looping cartoon party-panda PFP with real panda markings. Minted on Base.,2543.gif,Confetti Hall,Neon Ring,Chubby,Blink,Party Hat,Cocktail
2544,Party Panda #2544,A looping cartoon party-panda PFP with real panda markings. Minted on Base.,2544.gif,Bamboo Lounge,Sparkle Burst,Peach,Blink,Headphones,None
2545,Party Panda #2545,A looping cartoon party-panda PFP with real panda markings. Minted on Base.,2545.gif,Bamboo Lounge,No glow,Tuxedo,Blink,Lei,Boombox
2546,Party Panda #2546,A looping cartoon party-panda PFP with real panda markings. Minted on Base.,2546.gif,Moonlight,No glow,Cub,Blink,Disco Afro,None
2547,Party Panda #2547,A looping cartoon party-panda PFP with real panda markings. Minted on Base.,2547.gif,Neon Club,No glow,Chubby,Blink,Party Hat,Confetti
2548,Party Panda #2548,A looping cartoon party-panda PFP with real panda markings. Minted on Base.,2548.gif,Confetti Hall,No glow,Dancer,Wink,Bare head,None
2549,Party Panda #2549,A looping cartoon party-panda PFP with real panda markings. Minted on Base.,2549.gif,Moonlight,Sparkle Burst,Peach,Shades,Bare head,Cocktail
2550,Party Panda #2550,A looping cartoon party-panda PFP with real panda markings. Minted on Base.,2550.gif,Rooftop Glow,Neon Ring,Classic,Blink,Bare head,Cocktail
2551,Party Panda #2551,A looping cartoon party-panda PFP with real panda markings. Minted on Base.,2551.gif,Disco Night,Sparkle Burst,Tuxedo,Blink,Bowtie,Boombox
2552,Party Panda #2552,A looping cartoon party-panda PFP with real panda markings. Minted on Base.,2552.gif,Disco Night,Laser Sweep,Classic,Shades,Bare head,Balloon
2553,Party Panda #2553,A looping cartoon party-panda PFP with real panda markings. Minted on Base.,2553.gif,Disco Night,No glow,Tuxedo,Heart,Lei,Balloon
2554,Party Panda #2554,A looping cartoon party-panda PFP with real panda markings. Minted on Base.,2554.gif,Garden Party,Disco Pulse,Classic,Blink,Headphones,Boombox
2555,Party Panda #2555,A looping cartoon party-panda PFP with real panda markings. Minted on Base.,2555.gif,Rooftop Glow,Neon Ring,Classic,Spark,Party Hat,Sparkler
2556,Party Panda #2556,A looping cartoon party-panda PFP with real panda markings. Minted on Base.,2556.gif,Disco Night,No glow,Tuxedo,Sleepy,Bare head,None
2557,Party Panda #2557,A looping cartoon party-panda PFP with real panda markings. Minted on Base.,2557.gif,Neon Club,No glow,Classic,Blink,Bowtie,None
2558,Party Panda #2558,A looping cartoon party-panda PFP with real panda markings. Minted on Base.,2558.gif,Bamboo Lounge,Laser Sweep,Dancer,Shades,Party Hat,Confetti
2559,Party Panda #2559,A looping cartoon party-panda PFP with real panda markings. Minted on Base.,2559.gif,Candy Rave,Sparkle Burst,Cub,Spark,Bowtie,Cocktail
2560,Party Panda #2560,A looping cartoon party-panda PFP with real panda markings. Minted on Base.,2560.gif,Neon Club,Sparkle Burst,Tuxedo,Heart,Lei,Sparkler
2561,Party Panda #2561,A looping cartoon party-panda PFP with real panda markings. Minted on Base.,2561.gif,Rooftop Glow,No glow,Cub,Wink,Disco Afro,Cocktail
2562,Party Panda #2562,A looping cartoon party-panda PFP with real panda markings. Minted on Base.,2562.gif,Neon Club,Champagne Haze,Classic,Spark,Lei,Confetti
2563,Party Panda #2563,A looping cartoon party-panda PFP with real panda markings. Minted on Base.,2563.gif,Disco Night,Laser Sweep,Tuxedo,Spark,Headphones,Cocktail
2564,Party Panda #2564,A looping cartoon party-panda PFP with real panda markings. Minted on Base.,2564.gif,Candy Rave,No glow,Tuxedo,Wink,Bowtie,Cocktail
2565,Party Panda #2565,A looping cartoon party-panda PFP with real panda markings. Minted on Base.,2565.gif,Neon Club,Sparkle Burst,Chubby,Shades,Bare head,Boombox
2566,Party Panda #2566,A looping cartoon party-panda PFP with real panda markings. Minted on Base.,2566.gif,Candy Rave,No glow,Cub,Spark,Bowtie,None
2567,Party Panda #2567,A looping cartoon party-panda PFP with real panda markings. Minted on Base.,2567.gif,Neon Club,Sparkle Burst,Chubby,Spark,Bare head,Balloon
2568,Party Panda #2568,A looping cartoon party-panda PFP with real panda markings. Minted on Base.,2568.gif,Disco Night,Champagne Haze,Peach,Blink,Bare head,Confetti
2569,Party Panda #2569,A looping cartoon party-panda PFP with real panda markings. Minted on Base.,2569.gif,Confetti Hall,No glow,Tuxedo,Spark,Party Hat,Sparkler
2570,Party Panda #2570,A looping cartoon party-panda PFP with real panda markings. Minted on Base.,2570.gif,Candy Rave,Champagne Haze,Peach,Heart,Headphones,Balloon
2571,Party Panda #2571,A looping cartoon party-panda PFP with real panda markings. Minted on Base.,2571.gif,Candy Rave,Champagne Haze,Dancer,Heart,Lei,Sparkler
2572,Party Panda #2572,A looping cartoon party-panda PFP with real panda markings. Minted on Base.,2572.gif,Garden Party,Disco Pulse,Peach,Wink,Party Hat,Balloon
2573,Party Panda #2573,A looping cartoon party-panda PFP with real panda markings. Minted on Base.,2573.gif,Bamboo Lounge,Disco Pulse,Cub,Wink,Party Hat,None
2574,Party Panda #2574,A looping cartoon party-panda PFP with real panda markings. Minted on Base.,2574.gif,Bamboo Lounge,Laser Sweep,Tuxedo,Spark,Disco Afro,None
2575,Party Panda #2575,A looping cartoon party-panda PFP with real panda markings. Minted on Base.,2575.gif,Disco Night,Champagne Haze,Chubby,Blink,Tiny Crown,None
2576,Party Panda #2576,A looping cartoon party-panda PFP with real panda markings. Minted on Base.,2576.gif,Bamboo Lounge,Laser Sweep,Peach,Shades,Bare head,Cocktail
2577,Party Panda #2577,A looping cartoon party-panda PFP with real panda markings. Minted on Base.,2577.gif,Bamboo Lounge,Laser Sweep,Classic,Sleepy,Bare head,None
2578,Party Panda #2578,A looping cartoon party-panda PFP with real panda markings. Minted on Base.,2578.gif,Candy Rave,Disco Pulse,Classic,Heart,Bare head,Balloon
2579,Party Panda #2579,A looping cartoon party-panda PFP with real panda markings. Minted on Base.,2579.gif,Bamboo Lounge,No glow,Cub,Spark,Tiny Crown,Confetti
2580,Party Panda #2580,A looping cartoon party-panda PFP with real panda markings. Minted on Base.,2580.gif,Garden Party,Disco Pulse,Chubby,Heart,Lei,Confetti
2581,Party Panda #2581,A looping cartoon party-panda PFP with real panda markings. Minted on Base.,2581.gif,Moonlight,No glow,Cub,Heart,Bare head,None
2582,Party Panda #2582,A looping cartoon party-panda PFP with real panda markings. Minted on Base.,2582.gif,Confetti Hall,Disco Pulse,Chubby,Wink,Bare head,Cocktail
2583,Party Panda #2583,A looping cartoon party-panda PFP with real panda markings. Minted on Base.,2583.gif,Disco Night,No glow,Peach,Heart,Tiny Crown,None
2584,Party Panda #2584,A looping cartoon party-panda PFP with real panda markings. Minted on Base.,2584.gif,Confetti Hall,Disco Pulse,Cub,Shades,Disco Afro,None
2585,Party Panda #2585,A looping cartoon party-panda PFP with real panda markings. Minted on Base.,2585.gif,Bamboo Lounge,Neon Ring,Cub,Sleepy,Tiny Crown,None
2586,Party Panda #2586,A looping cartoon party-panda PFP with real panda markings. Minted on Base.,2586.gif,Rooftop Glow,No glow,Chubby,Sleepy,Bowtie,None
2587,Party Panda #2587,A looping cartoon party-panda PFP with real panda markings. Minted on Base.,2587.gif,Garden Party,No glow,Dancer,Sleepy,Bowtie,Boombox
2588,Party Panda #2588,A looping cartoon party-panda PFP with real panda markings. Minted on Base.,2588.gif,Rooftop Glow,Disco Pulse,Classic,Wink,Disco Afro,Confetti
2589,Party Panda #2589,A looping cartoon party-panda PFP with real panda markings. Minted on Base.,2589.gif,Confetti Hall,Neon Ring,Tuxedo,Shades,Tiny Crown,None
2590,Party Panda #2590,A looping cartoon party-panda PFP with real panda markings. Minted on Base.,2590.gif,Candy Rave,Laser Sweep,Peach,Heart,Party Hat,Cocktail
2591,Party Panda #2591,A looping cartoon party-panda PFP with real panda markings. Minted on Base.,2591.gif,Confetti Hall,Disco Pulse,Cub,Blink,Tiny Crown,Balloon
2592,Party Panda #2592,A looping cartoon party-panda PFP with real panda markings. Minted on Base.,2592.gif,Confetti Hall,No glow,Cub,Heart,Lei,Balloon
2593,Party Panda #2593,A looping cartoon party-panda PFP with real panda markings. Minted on Base.,2593.gif,Garden Party,No glow,Dancer,Sleepy,Bare head,Boombox
2594,Party Panda #2594,A looping cartoon party-panda PFP with real panda markings. Minted on Base.,2594.gif,Moonlight,No glow,Classic,Heart,Bare head,Confetti
2595,Party Panda #2595,A looping cartoon party-panda PFP with real panda markings. Minted on Base.,2595.gif,Neon Club,No glow,Peach,Heart,Party Hat,None
2596,Party Panda #2596,A looping cartoon party-panda PFP with real panda markings. Minted on Base.,2596.gif,Garden Party,Laser Sweep,Classic,Sleepy,Bowtie,Cocktail
2597,Party Panda #2597,A looping cartoon party-panda PFP with real panda markings. Minted on Base.,2597.gif,Candy Rave,Champagne Haze,Cub,Blink,Tiny Crown,None
2598,Party Panda #2598,A looping cartoon party-panda PFP with real panda markings. Minted on Base.,2598.gif,Neon Club,Disco Pulse,Tuxedo,Blink,Party Hat,Confetti
2599,Party Panda #2599,A looping cartoon party-panda PFP with real panda markings. Minted on Base.,2599.gif,Bamboo Lounge,No glow,Classic,Wink,Disco Afro,Cocktail
2600,Party Panda #2600,A looping cartoon party-panda PFP with real panda markings. Minted on Base.,2600.gif,Candy Rave,Laser Sweep,Chubby,Sleepy,Bowtie,Cocktail
2601,Party Panda #2601,A looping cartoon party-panda PFP with real panda markings. Minted on Base.,2601.gif,Disco Night,Neon Ring,Tuxedo,Sleepy,Headphones,Cocktail
2602,Party Panda #2602,A looping cartoon party-panda PFP with real panda markings. Minted on Base.,2602.gif,Confetti Hall,Champagne Haze,Peach,Heart,Tiny Crown,Confetti
2603,Party Panda #2603,A looping cartoon party-panda PFP with real panda markings. Minted on Base.,2603.gif,Disco Night,Laser Sweep,Dancer,Heart,Bowtie,Boombox
2604,Party Panda #2604,A looping cartoon party-panda PFP with real panda markings. Minted on Base.,2604.gif,Bamboo Lounge,Disco Pulse,Cub,Sleepy,Disco Afro,Cocktail
2605,Party Panda #2605,A looping cartoon party-panda PFP with real panda markings. Minted on Base.,2605.gif,Candy Rave,No glow,Dancer,Spark,Headphones,Boombox
2606,Party Panda #2606,A looping cartoon party-panda PFP with real panda markings. Minted on Base.,2606.gif,Neon Club,Disco Pulse,Classic,Wink,Tiny Crown,Cocktail
2607,Party Panda #2607,A looping cartoon party-panda PFP with real panda markings. Minted on Base.,2607.gif,Rooftop Glow,Disco Pulse,Classic,Blink,Party Hat,Boombox
2608,Party Panda #2608,A looping cartoon party-panda PFP with real panda markings. Minted on Base.,2608.gif,Neon Club,Laser Sweep,Peach,Sleepy,Bare head,Sparkler
2609,Party Panda #2609,A looping cartoon party-panda PFP with real panda markings. Minted on Base.,2609.gif,Disco Night,Champagne Haze,Tuxedo,Heart,Lei,Boombox
2610,Party Panda #2610,A looping cartoon party-panda PFP with real panda markings. Minted on Base.,2610.gif,Garden Party,No glow,Dancer,Blink,Tiny Crown,Cocktail
2611,Party Panda #2611,A looping cartoon party-panda PFP with real panda markings. Minted on Base.,2611.gif,Garden Party,Sparkle Burst,Cub,Wink,Lei,Balloon
2612,Party Panda #2612,A looping cartoon party-panda PFP with real panda markings. Minted on Base.,2612.gif,Garden Party,Champagne Haze,Peach,Shades,Party Hat,Confetti
2613,Party Panda #2613,A looping cartoon party-panda PFP with real panda markings. Minted on Base.,2613.gif,Confetti Hall,No glow,Classic,Heart,Disco Afro,Cocktail
2614,Party Panda #2614,A looping cartoon party-panda PFP with real panda markings. Minted on Base.,2614.gif,Rooftop Glow,No glow,Classic,Spark,Bowtie,Boombox
2615,Party Panda #2615,A looping cartoon party-panda PFP with real panda markings. Minted on Base.,2615.gif,Candy Rave,Neon Ring,Chubby,Heart,Headphones,Cocktail
2616,Party Panda #2616,A looping cartoon party-panda PFP with real panda markings. Minted on Base.,2616.gif,Moonlight,No glow,Cub,Blink,Headphones,None
2617,Party Panda #2617,A looping cartoon party-panda PFP with real panda markings. Minted on Base.,2617.gif,Candy Rave,Laser Sweep,Classic,Spark,Lei,None
2618,Party Panda #2618,A looping cartoon party-panda PFP with real panda markings. Minted on Base.,2618.gif,Candy Rave,No glow,Cub,Heart,Tiny Crown,Cocktail
2619,Party Panda #2619,A looping cartoon party-panda PFP with real panda markings. Minted on Base.,2619.gif,Disco Night,Disco Pulse,Chubby,Wink,Bare head,None
2620,Party Panda #2620,A looping cartoon party-panda PFP with real panda markings. Minted on Base.,2620.gif,Moonlight,Neon Ring,Chubby,Blink,Disco Afro,Confetti
2621,Party Panda #2621,A looping cartoon party-panda PFP with real panda markings. Minted on Base.,2621.gif,Garden Party,Disco Pulse,Peach,Shades,Bare head,None
2622,Party Panda #2622,A looping cartoon party-panda PFP with real panda markings. Minted on Base.,2622.gif,Rooftop Glow,No glow,Cub,Heart,Bare head,Cocktail
2623,Party Panda #2623,A looping cartoon party-panda PFP with real panda markings. Minted on Base.,2623.gif,Candy Rave,No glow,Dancer,Blink,Headphones,Balloon
2624,Party Panda #2624,A looping cartoon party-panda PFP with real panda markings. Minted on Base.,2624.gif,Confetti Hall,Sparkle Burst,Tuxedo,Blink,Bowtie,None
2625,Party Panda #2625,A looping cartoon party-panda PFP with real panda markings. Minted on Base.,2625.gif,Moonlight,Neon Ring,Dancer,Blink,Lei,Cocktail
2626,Party Panda #2626,A looping cartoon party-panda PFP with real panda markings. Minted on Base.,2626.gif,Confetti Hall,No glow,Tuxedo,Blink,Bare head,Sparkler
2627,Party Panda #2627,A looping cartoon party-panda PFP with real panda markings. Minted on Base.,2627.gif,Disco Night,No glow,Cub,Wink,Disco Afro,Sparkler
2628,Party Panda #2628,A looping cartoon party-panda PFP with real panda markings. Minted on Base.,2628.gif,Disco Night,No glow,Chubby,Blink,Disco Afro,Cocktail
2629,Party Panda #2629,A looping cartoon party-panda PFP with real panda markings. Minted on Base.,2629.gif,Bamboo Lounge,No glow,Classic,Sleepy,Bare head,Cocktail
2630,Party Panda #2630,A looping cartoon party-panda PFP with real panda markings. Minted on Base.,2630.gif,Rooftop Glow,Champagne Haze,Classic,Sleepy,Bare head,None
2631,Party Panda #2631,A looping cartoon party-panda PFP with real panda markings. Minted on Base.,2631.gif,Bamboo Lounge,No glow,Tuxedo,Heart,Headphones,Boombox
2632,Party Panda #2632,A looping cartoon party-panda PFP with real panda markings. Minted on Base.,2632.gif,Candy Rave,Sparkle Burst,Tuxedo,Blink,Tiny Crown,Sparkler
2633,Party Panda #2633,A looping cartoon party-panda PFP with real panda markings. Minted on Base.,2633.gif,Neon Club,Disco Pulse,Tuxedo,Shades,Party Hat,None
2634,Party Panda #2634,A looping cartoon party-panda PFP with real panda markings. Minted on Base.,2634.gif,Confetti Hall,Sparkle Burst,Chubby,Sleepy,Party Hat,None
2635,Party Panda #2635,A looping cartoon party-panda PFP with real panda markings. Minted on Base.,2635.gif,Rooftop Glow,Champagne Haze,Cub,Heart,Party Hat,Cocktail
2636,Party Panda #2636,A looping cartoon party-panda PFP with real panda markings. Minted on Base.,2636.gif,Moonlight,Neon Ring,Dancer,Shades,Headphones,Balloon
2637,Party Panda #2637,A looping cartoon party-panda PFP with real panda markings. Minted on Base.,2637.gif,Candy Rave,Laser Sweep,Chubby,Blink,Lei,Confetti
2638,Party Panda #2638,A looping cartoon party-panda PFP with real panda markings. Minted on Base.,2638.gif,Confetti Hall,Sparkle Burst,Peach,Wink,Headphones,None
2639,Party Panda #2639,A looping cartoon party-panda PFP with real panda markings. Minted on Base.,2639.gif,Candy Rave,Laser Sweep,Peach,Shades,Bare head,Boombox
2640,Party Panda #2640,A looping cartoon party-panda PFP with real panda markings. Minted on Base.,2640.gif,Garden Party,Disco Pulse,Dancer,Spark,Bare head,Boombox
2641,Party Panda #2641,A looping cartoon party-panda PFP with real panda markings. Minted on Base.,2641.gif,Candy Rave,Neon Ring,Tuxedo,Spark,Lei,Cocktail
2642,Party Panda #2642,A looping cartoon party-panda PFP with real panda markings. Minted on Base.,2642.gif,Bamboo Lounge,Sparkle Burst,Classic,Wink,Bare head,Cocktail
2643,Party Panda #2643,A looping cartoon party-panda PFP with real panda markings. Minted on Base.,2643.gif,Moonlight,Disco Pulse,Chubby,Spark,Bare head,Sparkler
2644,Party Panda #2644,A looping cartoon party-panda PFP with real panda markings. Minted on Base.,2644.gif,Neon Club,Disco Pulse,Classic,Sleepy,Tiny Crown,Sparkler
2645,Party Panda #2645,A looping cartoon party-panda PFP with real panda markings. Minted on Base.,2645.gif,Bamboo Lounge,Sparkle Burst,Tuxedo,Sleepy,Bare head,None
2646,Party Panda #2646,A looping cartoon party-panda PFP with real panda markings. Minted on Base.,2646.gif,Garden Party,No glow,Classic,Wink,Bare head,None
2647,Party Panda #2647,A looping cartoon party-panda PFP with real panda markings. Minted on Base.,2647.gif,Bamboo Lounge,Sparkle Burst,Chubby,Heart,Party Hat,Balloon
2648,Party Panda #2648,A looping cartoon party-panda PFP with real panda markings. Minted on Base.,2648.gif,Disco Night,Neon Ring,Classic,Wink,Headphones,Balloon
2649,Party Panda #2649,A looping cartoon party-panda PFP with real panda markings. Minted on Base.,2649.gif,Disco Night,Disco Pulse,Dancer,Blink,Headphones,Boombox
2650,Party Panda #2650,A looping cartoon party-panda PFP with real panda markings. Minted on Base.,2650.gif,Bamboo Lounge,Sparkle Burst,Chubby,Blink,Bare head,Confetti
2651,Party Panda #2651,A looping cartoon party-panda PFP with real panda markings. Minted on Base.,2651.gif,Disco Night,Champagne Haze,Tuxedo,Spark,Lei,Balloon
2652,Party Panda #2652,A looping cartoon party-panda PFP with real panda markings. Minted on Base.,2652.gif,Rooftop Glow,No glow,Cub,Sleepy,Bare head,Cocktail
2653,Party Panda #2653,A looping cartoon party-panda PFP with real panda markings. Minted on Base.,2653.gif,Disco Night,Disco Pulse,Dancer,Shades,Party Hat,None
2654,Party Panda #2654,A looping cartoon party-panda PFP with real panda markings. Minted on Base.,2654.gif,Rooftop Glow,Laser Sweep,Chubby,Sleepy,Bare head,Balloon
2655,Party Panda #2655,A looping cartoon party-panda PFP with real panda markings. Minted on Base.,2655.gif,Candy Rave,No glow,Dancer,Blink,Headphones,None
2656,Party Panda #2656,A looping cartoon party-panda PFP with real panda markings. Minted on Base.,2656.gif,Candy Rave,Champagne Haze,Cub,Wink,Headphones,Confetti
2657,Party Panda #2657,A looping cartoon party-panda PFP with real panda markings. Minted on Base.,2657.gif,Bamboo Lounge,No glow,Tuxedo,Shades,Bare head,Sparkler
2658,Party Panda #2658,A looping cartoon party-panda PFP with real panda markings. Minted on Base.,2658.gif,Rooftop Glow,Disco Pulse,Chubby,Spark,Lei,Balloon
2659,Party Panda #2659,A looping cartoon party-panda PFP with real panda markings. Minted on Base.,2659.gif,Neon Club,No glow,Cub,Spark,Bowtie,None
2660,Party Panda #2660,A looping cartoon party-panda PFP with real panda markings. Minted on Base.,2660.gif,Confetti Hall,Champagne Haze,Classic,Heart,Lei,Cocktail
2661,Party Panda #2661,A looping cartoon party-panda PFP with real panda markings. Minted on Base.,2661.gif,Confetti Hall,Sparkle Burst,Dancer,Heart,Disco Afro,Balloon
2662,Party Panda #2662,A looping cartoon party-panda PFP with real panda markings. Minted on Base.,2662.gif,Candy Rave,Disco Pulse,Dancer,Sleepy,Lei,None
2663,Party Panda #2663,A looping cartoon party-panda PFP with real panda markings. Minted on Base.,2663.gif,Garden Party,No glow,Dancer,Sleepy,Lei,None
2664,Party Panda #2664,A looping cartoon party-panda PFP with real panda markings. Minted on Base.,2664.gif,Garden Party,Champagne Haze,Chubby,Shades,Party Hat,None
2665,Party Panda #2665,A looping cartoon party-panda PFP with real panda markings. Minted on Base.,2665.gif,Moonlight,Champagne Haze,Peach,Blink,Bowtie,None
2666,Party Panda #2666,A looping cartoon party-panda PFP with real panda markings. Minted on Base.,2666.gif,Bamboo Lounge,Neon Ring,Peach,Shades,Lei,Confetti
2667,Party Panda #2667,A looping cartoon party-panda PFP with real panda markings. Minted on Base.,2667.gif,Confetti Hall,No glow,Classic,Wink,Lei,Cocktail
2668,Party Panda #2668,A looping cartoon party-panda PFP with real panda markings. Minted on Base.,2668.gif,Neon Club,Sparkle Burst,Chubby,Blink,Lei,Confetti
2669,Party Panda #2669,A looping cartoon party-panda PFP with real panda markings. Minted on Base.,2669.gif,Moonlight,No glow,Dancer,Heart,Lei,Confetti
2670,Party Panda #2670,A looping cartoon party-panda PFP with real panda markings. Minted on Base.,2670.gif,Neon Club,Laser Sweep,Cub,Spark,Bare head,None
2671,Party Panda #2671,A looping cartoon party-panda PFP with real panda markings. Minted on Base.,2671.gif,Rooftop Glow,Laser Sweep,Cub,Shades,Bowtie,Cocktail
2672,Party Panda #2672,A looping cartoon party-panda PFP with real panda markings. Minted on Base.,2672.gif,Moonlight,No glow,Tuxedo,Blink,Bare head,Balloon
2673,Party Panda #2673,A looping cartoon party-panda PFP with real panda markings. Minted on Base.,2673.gif,Garden Party,Sparkle Burst,Tuxedo,Blink,Tiny Crown,Boombox
2674,Party Panda #2674,A looping cartoon party-panda PFP with real panda markings. Minted on Base.,2674.gif,Neon Club,Sparkle Burst,Cub,Wink,Party Hat,Confetti
2675,Party Panda #2675,A looping cartoon party-panda PFP with real panda markings. Minted on Base.,2675.gif,Moonlight,No glow,Peach,Wink,Lei,Sparkler
2676,Party Panda #2676,A looping cartoon party-panda PFP with real panda markings. Minted on Base.,2676.gif,Candy Rave,No glow,Chubby,Blink,Bare head,Sparkler
2677,Party Panda #2677,A looping cartoon party-panda PFP with real panda markings. Minted on Base.,2677.gif,Candy Rave,No glow,Classic,Wink,Party Hat,None
2678,Party Panda #2678,A looping cartoon party-panda PFP with real panda markings. Minted on Base.,2678.gif,Disco Night,Sparkle Burst,Classic,Wink,Tiny Crown,Cocktail
2679,Party Panda #2679,A looping cartoon party-panda PFP with real panda markings. Minted on Base.,2679.gif,Bamboo Lounge,Sparkle Burst,Cub,Blink,Bare head,None
2680,Party Panda #2680,A looping cartoon party-panda PFP with real panda markings. Minted on Base.,2680.gif,Confetti Hall,No glow,Classic,Shades,Disco Afro,Cocktail
2681,Party Panda #2681,A looping cartoon party-panda PFP with real panda markings. Minted on Base.,2681.gif,Moonlight,Disco Pulse,Tuxedo,Heart,Party Hat,Confetti
2682,Party Panda #2682,A looping cartoon party-panda PFP with real panda markings. Minted on Base.,2682.gif,Moonlight,Laser Sweep,Peach,Wink,Lei,Cocktail
2683,Party Panda #2683,A looping cartoon party-panda PFP with real panda markings. Minted on Base.,2683.gif,Garden Party,No glow,Classic,Blink,Headphones,Boombox
2684,Party Panda #2684,A looping cartoon party-panda PFP with real panda markings. Minted on Base.,2684.gif,Moonlight,Laser Sweep,Tuxedo,Wink,Disco Afro,Sparkler
2685,Party Panda #2685,A looping cartoon party-panda PFP with real panda markings. Minted on Base.,2685.gif,Candy Rave,Sparkle Burst,Cub,Wink,Bare head,Balloon
2686,Party Panda #2686,A looping cartoon party-panda PFP with real panda markings. Minted on Base.,2686.gif,Confetti Hall,Disco Pulse,Cub,Wink,Party Hat,Balloon
2687,Party Panda #2687,A looping cartoon party-panda PFP with real panda markings. Minted on Base.,2687.gif,Confetti Hall,No glow,Cub,Wink,Party Hat,Cocktail
2688,Party Panda #2688,A looping cartoon party-panda PFP with real panda markings. Minted on Base.,2688.gif,Neon Club,Sparkle Burst,Tuxedo,Shades,Headphones,Cocktail
2689,Party Panda #2689,A looping cartoon party-panda PFP with real panda markings. Minted on Base.,2689.gif,Neon Club,Laser Sweep,Peach,Wink,Bare head,None
2690,Party Panda #2690,A looping cartoon party-panda PFP with real panda markings. Minted on Base.,2690.gif,Candy Rave,Sparkle Burst,Peach,Heart,Bare head,Cocktail
2691,Party Panda #2691,A looping cartoon party-panda PFP with real panda markings. Minted on Base.,2691.gif,Candy Rave,Neon Ring,Tuxedo,Heart,Tiny Crown,Balloon
2692,Party Panda #2692,A looping cartoon party-panda PFP with real panda markings. Minted on Base.,2692.gif,Disco Night,Neon Ring,Dancer,Blink,Bare head,Confetti
2693,Party Panda #2693,A looping cartoon party-panda PFP with real panda markings. Minted on Base.,2693.gif,Neon Club,Champagne Haze,Cub,Sleepy,Headphones,Confetti
2694,Party Panda #2694,A looping cartoon party-panda PFP with real panda markings. Minted on Base.,2694.gif,Rooftop Glow,Neon Ring,Peach,Wink,Bare head,None
2695,Party Panda #2695,A looping cartoon party-panda PFP with real panda markings. Minted on Base.,2695.gif,Confetti Hall,Disco Pulse,Dancer,Heart,Bowtie,Sparkler
2696,Party Panda #2696,A looping cartoon party-panda PFP with real panda markings. Minted on Base.,2696.gif,Disco Night,Champagne Haze,Cub,Heart,Bare head,Sparkler
2697,Party Panda #2697,A looping cartoon party-panda PFP with real panda markings. Minted on Base.,2697.gif,Rooftop Glow,No glow,Tuxedo,Shades,Disco Afro,None
2698,Party Panda #2698,A looping cartoon party-panda PFP with real panda markings. Minted on Base.,2698.gif,Moonlight,Neon Ring,Classic,Shades,Headphones,Sparkler
2699,Party Panda #2699,A looping cartoon party-panda PFP with real panda markings. Minted on Base.,2699.gif,Candy Rave,Neon Ring,Classic,Wink,Disco Afro,None
2700,Party Panda #2700,A looping cartoon party-panda PFP with real panda markings. Minted on Base.,2700.gif,Bamboo Lounge,No glow,Dancer,Shades,Bare head,Sparkler
2701,Party Panda #2701,A looping cartoon party-panda PFP with real panda markings. Minted on Base.,2701.gif,Disco Night,No glow,Chubby,Wink,Party Hat,Boombox
2702,Party Panda #2702,A looping cartoon party-panda PFP with real panda markings. Minted on Base.,2702.gif,Confetti Hall,Champagne Haze,Chubby,Heart,Bare head,Confetti
2703,Party Panda #2703,A looping cartoon party-panda PFP with real panda markings. Minted on Base.,2703.gif,Disco Night,No glow,Chubby,Spark,Disco Afro,Confetti
2704,Party Panda #2704,A looping cartoon party-panda PFP with real panda markings. Minted on Base.,2704.gif,Disco Night,No glow,Classic,Blink,Disco Afro,Boombox
2705,Party Panda #2705,A looping cartoon party-panda PFP with real panda markings. Minted on Base.,2705.gif,Rooftop Glow,Laser Sweep,Dancer,Sleepy,Headphones,Sparkler
2706,Party Panda #2706,A looping cartoon party-panda PFP with real panda markings. Minted on Base.,2706.gif,Neon Club,No glow,Tuxedo,Wink,Disco Afro,Balloon
2707,Party Panda #2707,A looping cartoon party-panda PFP with real panda markings. Minted on Base.,2707.gif,Garden Party,Sparkle Burst,Classic,Shades,Lei,Confetti
2708,Party Panda #2708,A looping cartoon party-panda PFP with real panda markings. Minted on Base.,2708.gif,Bamboo Lounge,Disco Pulse,Dancer,Wink,Bare head,Boombox
2709,Party Panda #2709,A looping cartoon party-panda PFP with real panda markings. Minted on Base.,2709.gif,Bamboo Lounge,No glow,Cub,Heart,Tiny Crown,Confetti
2710,Party Panda #2710,A looping cartoon party-panda PFP with real panda markings. Minted on Base.,2710.gif,Neon Club,Sparkle Burst,Classic,Blink,Headphones,None
2711,Party Panda #2711,A looping cartoon party-panda PFP with real panda markings. Minted on Base.,2711.gif,Confetti Hall,Champagne Haze,Chubby,Heart,Lei,Sparkler
2712,Party Panda #2712,A looping cartoon party-panda PFP with real panda markings. Minted on Base.,2712.gif,Neon Club,Champagne Haze,Peach,Heart,Party Hat,Cocktail
2713,Party Panda #2713,A looping cartoon party-panda PFP with real panda markings. Minted on Base.,2713.gif,Disco Night,Disco Pulse,Tuxedo,Shades,Lei,Cocktail
2714,Party Panda #2714,A looping cartoon party-panda PFP with real panda markings. Minted on Base.,2714.gif,Disco Night,No glow,Tuxedo,Blink,Disco Afro,Boombox
2715,Party Panda #2715,A looping cartoon party-panda PFP with real panda markings. Minted on Base.,2715.gif,Confetti Hall,No glow,Classic,Sleepy,Lei,Confetti
2716,Party Panda #2716,A looping cartoon party-panda PFP with real panda markings. Minted on Base.,2716.gif,Neon Club,Laser Sweep,Tuxedo,Spark,Headphones,Balloon
2717,Party Panda #2717,A looping cartoon party-panda PFP with real panda markings. Minted on Base.,2717.gif,Bamboo Lounge,Disco Pulse,Chubby,Spark,Headphones,None
2718,Party Panda #2718,A looping cartoon party-panda PFP with real panda markings. Minted on Base.,2718.gif,Bamboo Lounge,Sparkle Burst,Tuxedo,Blink,Tiny Crown,Confetti
2719,Party Panda #2719,A looping cartoon party-panda PFP with real panda markings. Minted on Base.,2719.gif,Neon Club,No glow,Peach,Sleepy,Tiny Crown,Balloon
2720,Party Panda #2720,A looping cartoon party-panda PFP with real panda markings. Minted on Base.,2720.gif,Neon Club,Laser Sweep,Dancer,Spark,Bare head,None
2721,Party Panda #2721,A looping cartoon party-panda PFP with real panda markings. Minted on Base.,2721.gif,Garden Party,Champagne Haze,Chubby,Wink,Lei,Cocktail
2722,Party Panda #2722,A looping cartoon party-panda PFP with real panda markings. Minted on Base.,2722.gif,Rooftop Glow,Disco Pulse,Tuxedo,Wink,Bare head,Confetti
2723,Party Panda #2723,A looping cartoon party-panda PFP with real panda markings. Minted on Base.,2723.gif,Neon Club,Champagne Haze,Chubby,Blink,Tiny Crown,None
2724,Party Panda #2724,A looping cartoon party-panda PFP with real panda markings. Minted on Base.,2724.gif,Disco Night,Laser Sweep,Peach,Wink,Tiny Crown,None
2725,Party Panda #2725,A looping cartoon party-panda PFP with real panda markings. Minted on Base.,2725.gif,Rooftop Glow,Sparkle Burst,Cub,Heart,Headphones,Balloon
2726,Party Panda #2726,A looping cartoon party-panda PFP with real panda markings. Minted on Base.,2726.gif,Neon Club,Neon Ring,Classic,Wink,Headphones,Cocktail
2727,Party Panda #2727,A looping cartoon party-panda PFP with real panda markings. Minted on Base.,2727.gif,Garden Party,Neon Ring,Classic,Spark,Bare head,Confetti
2728,Party Panda #2728,A looping cartoon party-panda PFP with real panda markings. Minted on Base.,2728.gif,Neon Club,Champagne Haze,Tuxedo,Shades,Bare head,None
2729,Party Panda #2729,A looping cartoon party-panda PFP with real panda markings. Minted on Base.,2729.gif,Neon Club,Neon Ring,Chubby,Sleepy,Bowtie,Boombox
2730,Party Panda #2730,A looping cartoon party-panda PFP with real panda markings. Minted on Base.,2730.gif,Garden Party,Disco Pulse,Peach,Shades,Party Hat,Boombox
2731,Party Panda #2731,A looping cartoon party-panda PFP with real panda markings. Minted on Base.,2731.gif,Neon Club,Disco Pulse,Classic,Shades,Bare head,Cocktail
2732,Party Panda #2732,A looping cartoon party-panda PFP with real panda markings. Minted on Base.,2732.gif,Rooftop Glow,Laser Sweep,Chubby,Heart,Bare head,Balloon
2733,Party Panda #2733,A looping cartoon party-panda PFP with real panda markings. Minted on Base.,2733.gif,Rooftop Glow,Laser Sweep,Chubby,Heart,Headphones,Confetti
2734,Party Panda #2734,A looping cartoon party-panda PFP with real panda markings. Minted on Base.,2734.gif,Garden Party,Sparkle Burst,Cub,Shades,Bare head,Boombox
2735,Party Panda #2735,A looping cartoon party-panda PFP with real panda markings. Minted on Base.,2735.gif,Candy Rave,Neon Ring,Dancer,Heart,Party Hat,Sparkler
2736,Party Panda #2736,A looping cartoon party-panda PFP with real panda markings. Minted on Base.,2736.gif,Garden Party,No glow,Chubby,Wink,Disco Afro,Balloon
2737,Party Panda #2737,A looping cartoon party-panda PFP with real panda markings. Minted on Base.,2737.gif,Candy Rave,No glow,Classic,Heart,Bare head,Balloon
2738,Party Panda #2738,A looping cartoon party-panda PFP with real panda markings. Minted on Base.,2738.gif,Confetti Hall,Disco Pulse,Classic,Sleepy,Tiny Crown,Boombox
2739,Party Panda #2739,A looping cartoon party-panda PFP with real panda markings. Minted on Base.,2739.gif,Candy Rave,Disco Pulse,Classic,Wink,Bare head,Balloon
2740,Party Panda #2740,A looping cartoon party-panda PFP with real panda markings. Minted on Base.,2740.gif,Bamboo Lounge,No glow,Dancer,Sleepy,Party Hat,Cocktail
2741,Party Panda #2741,A looping cartoon party-panda PFP with real panda markings. Minted on Base.,2741.gif,Garden Party,Disco Pulse,Dancer,Wink,Headphones,None
2742,Party Panda #2742,A looping cartoon party-panda PFP with real panda markings. Minted on Base.,2742.gif,Rooftop Glow,Champagne Haze,Cub,Blink,Bare head,None
2743,Party Panda #2743,A looping cartoon party-panda PFP with real panda markings. Minted on Base.,2743.gif,Confetti Hall,Champagne Haze,Classic,Spark,Bare head,None
2744,Party Panda #2744,A looping cartoon party-panda PFP with real panda markings. Minted on Base.,2744.gif,Moonlight,Disco Pulse,Classic,Shades,Bowtie,Sparkler
2745,Party Panda #2745,A looping cartoon party-panda PFP with real panda markings. Minted on Base.,2745.gif,Neon Club,Laser Sweep,Chubby,Spark,Party Hat,Confetti
2746,Party Panda #2746,A looping cartoon party-panda PFP with real panda markings. Minted on Base.,2746.gif,Disco Night,Disco Pulse,Classic,Spark,Lei,Confetti
2747,Party Panda #2747,A looping cartoon party-panda PFP with real panda markings. Minted on Base.,2747.gif,Neon Club,Champagne Haze,Cub,Heart,Headphones,None
2748,Party Panda #2748,A looping cartoon party-panda PFP with real panda markings. Minted on Base.,2748.gif,Rooftop Glow,Disco Pulse,Chubby,Sleepy,Tiny Crown,Confetti
2749,Party Panda #2749,A looping cartoon party-panda PFP with real panda markings. Minted on Base.,2749.gif,Disco Night,Neon Ring,Classic,Shades,Bare head,Sparkler
2750,Party Panda #2750,A looping cartoon party-panda PFP with real panda markings. Minted on Base.,2750.gif,Candy Rave,Champagne Haze,Chubby,Heart,Bare head,None
2751,Party Panda #2751,A looping cartoon party-panda PFP with real panda markings. Minted on Base.,2751.gif,Moonlight,Disco Pulse,Classic,Blink,Disco Afro,Confetti
2752,Party Panda #2752,A looping cartoon party-panda PFP with real panda markings. Minted on Base.,2752.gif,Neon Club,Champagne Haze,Dancer,Wink,Bare head,None
2753,Party Panda #2753,A looping cartoon party-panda PFP with real panda markings. Minted on Base.,2753.gif,Bamboo Lounge,No glow,Chubby,Shades,Headphones,Sparkler
2754,Party Panda #2754,A looping cartoon party-panda PFP with real panda markings. Minted on Base.,2754.gif,Moonlight,Neon Ring,Chubby,Blink,Headphones,Boombox
2755,Party Panda #2755,A looping cartoon party-panda PFP with real panda markings. Minted on Base.,2755.gif,Candy Rave,Neon Ring,Dancer,Wink,Headphones,Cocktail
2756,Party Panda #2756,A looping cartoon party-panda PFP with real panda markings. Minted on Base.,2756.gif,Rooftop Glow,Laser Sweep,Classic,Heart,Bare head,Boombox
2757,Party Panda #2757,A looping cartoon party-panda PFP with real panda markings. Minted on Base.,2757.gif,Disco Night,Champagne Haze,Peach,Heart,Disco Afro,Boombox
2758,Party Panda #2758,A looping cartoon party-panda PFP with real panda markings. Minted on Base.,2758.gif,Candy Rave,Disco Pulse,Peach,Blink,Party Hat,Boombox
2759,Party Panda #2759,A looping cartoon party-panda PFP with real panda markings. Minted on Base.,2759.gif,Neon Club,Neon Ring,Classic,Spark,Headphones,None
2760,Party Panda #2760,A looping cartoon party-panda PFP with real panda markings. Minted on Base.,2760.gif,Moonlight,Neon Ring,Tuxedo,Wink,Bowtie,None
2761,Party Panda #2761,A looping cartoon party-panda PFP with real panda markings. Minted on Base.,2761.gif,Rooftop Glow,Champagne Haze,Tuxedo,Heart,Disco Afro,Sparkler
2762,Party Panda #2762,A looping cartoon party-panda PFP with real panda markings. Minted on Base.,2762.gif,Bamboo Lounge,Champagne Haze,Classic,Shades,Tiny Crown,Balloon
2763,Party Panda #2763,A looping cartoon party-panda PFP with real panda markings. Minted on Base.,2763.gif,Garden Party,Disco Pulse,Tuxedo,Heart,Bowtie,None
2764,Party Panda #2764,A looping cartoon party-panda PFP with real panda markings. Minted on Base.,2764.gif,Neon Club,Sparkle Burst,Dancer,Wink,Bowtie,Cocktail
2765,Party Panda #2765,A looping cartoon party-panda PFP with real panda markings. Minted on Base.,2765.gif,Moonlight,Laser Sweep,Tuxedo,Blink,Party Hat,None
2766,Party Panda #2766,A looping cartoon party-panda PFP with real panda markings. Minted on Base.,2766.gif,Bamboo Lounge,Neon Ring,Cub,Wink,Party Hat,Balloon
2767,Party Panda #2767,A looping cartoon party-panda PFP with real panda markings. Minted on Base.,2767.gif,Confetti Hall,Laser Sweep,Cub,Wink,Bare head,Confetti
2768,Party Panda #2768,A looping cartoon party-panda PFP with real panda markings. Minted on Base.,2768.gif,Rooftop Glow,Champagne Haze,Tuxedo,Wink,Bowtie,None
2769,Party Panda #2769,A looping cartoon party-panda PFP with real panda markings. Minted on Base.,2769.gif,Rooftop Glow,No glow,Peach,Blink,Bare head,Confetti
2770,Party Panda #2770,A looping cartoon party-panda PFP with real panda markings. Minted on Base.,2770.gif,Garden Party,Neon Ring,Peach,Wink,Party Hat,Confetti
2771,Party Panda #2771,A looping cartoon party-panda PFP with real panda markings. Minted on Base.,2771.gif,Bamboo Lounge,Laser Sweep,Peach,Shades,Bowtie,Confetti
2772,Party Panda #2772,A looping cartoon party-panda PFP with real panda markings. Minted on Base.,2772.gif,Garden Party,Champagne Haze,Classic,Heart,Headphones,Balloon
2773,Party Panda #2773,A looping cartoon party-panda PFP with real panda markings. Minted on Base.,2773.gif,Bamboo Lounge,No glow,Chubby,Sleepy,Bowtie,Boombox
2774,Party Panda #2774,A looping cartoon party-panda PFP with real panda markings. Minted on Base.,2774.gif,Disco Night,Disco Pulse,Tuxedo,Heart,Bowtie,Confetti
2775,Party Panda #2775,A looping cartoon party-panda PFP with real panda markings. Minted on Base.,2775.gif,Disco Night,Neon Ring,Peach,Shades,Headphones,Balloon
2776,Party Panda #2776,A looping cartoon party-panda PFP with real panda markings. Minted on Base.,2776.gif,Bamboo Lounge,Neon Ring,Dancer,Sleepy,Party Hat,None
2777,Party Panda #2777,A looping cartoon party-panda PFP with real panda markings. Minted on Base.,2777.gif,Disco Night,Laser Sweep,Chubby,Shades,Bowtie,Boombox
2778,Party Panda #2778,A looping cartoon party-panda PFP with real panda markings. Minted on Base.,2778.gif,Garden Party,Sparkle Burst,Classic,Heart,Disco Afro,Balloon
2779,Party Panda #2779,A looping cartoon party-panda PFP with real panda markings. Minted on Base.,2779.gif,Disco Night,Disco Pulse,Cub,Shades,Lei,Confetti
2780,Party Panda #2780,A looping cartoon party-panda PFP with real panda markings. Minted on Base.,2780.gif,Disco Night,Laser Sweep,Tuxedo,Blink,Bowtie,Confetti
2781,Party Panda #2781,A looping cartoon party-panda PFP with real panda markings. Minted on Base.,2781.gif,Candy Rave,Champagne Haze,Cub,Shades,Bowtie,Balloon
2782,Party Panda #2782,A looping cartoon party-panda PFP with real panda markings. Minted on Base.,2782.gif,Disco Night,Champagne Haze,Tuxedo,Heart,Bowtie,Balloon
2783,Party Panda #2783,A looping cartoon party-panda PFP with real panda markings. Minted on Base.,2783.gif,Bamboo Lounge,Neon Ring,Tuxedo,Spark,Tiny Crown,None
2784,Party Panda #2784,A looping cartoon party-panda PFP with real panda markings. Minted on Base.,2784.gif,Moonlight,No glow,Classic,Wink,Headphones,None
2785,Party Panda #2785,A looping cartoon party-panda PFP with real panda markings. Minted on Base.,2785.gif,Disco Night,Disco Pulse,Tuxedo,Spark,Headphones,None
2786,Party Panda #2786,A looping cartoon party-panda PFP with real panda markings. Minted on Base.,2786.gif,Rooftop Glow,Disco Pulse,Classic,Heart,Lei,Balloon
2787,Party Panda #2787,A looping cartoon party-panda PFP with real panda markings. Minted on Base.,2787.gif,Neon Club,Disco Pulse,Chubby,Heart,Party Hat,Confetti
2788,Party Panda #2788,A looping cartoon party-panda PFP with real panda markings. Minted on Base.,2788.gif,Confetti Hall,Disco Pulse,Dancer,Spark,Party Hat,Confetti
2789,Party Panda #2789,A looping cartoon party-panda PFP with real panda markings. Minted on Base.,2789.gif,Moonlight,Neon Ring,Chubby,Blink,Bare head,None
2790,Party Panda #2790,A looping cartoon party-panda PFP with real panda markings. Minted on Base.,2790.gif,Rooftop Glow,No glow,Tuxedo,Spark,Bare head,Boombox
2791,Party Panda #2791,A looping cartoon party-panda PFP with real panda markings. Minted on Base.,2791.gif,Moonlight,Disco Pulse,Chubby,Spark,Party Hat,Balloon
2792,Party Panda #2792,A looping cartoon party-panda PFP with real panda markings. Minted on Base.,2792.gif,Neon Club,Champagne Haze,Classic,Heart,Lei,Balloon
2793,Party Panda #2793,A looping cartoon party-panda PFP with real panda markings. Minted on Base.,2793.gif,Garden Party,Sparkle Burst,Peach,Shades,Headphones,Confetti
2794,Party Panda #2794,A looping cartoon party-panda PFP with real panda markings. Minted on Base.,2794.gif,Garden Party,No glow,Tuxedo,Heart,Lei,Boombox
2795,Party Panda #2795,A looping cartoon party-panda PFP with real panda markings. Minted on Base.,2795.gif,Garden Party,Champagne Haze,Peach,Sleepy,Bowtie,Cocktail
2796,Party Panda #2796,A looping cartoon party-panda PFP with real panda markings. Minted on Base.,2796.gif,Moonlight,No glow,Peach,Blink,Bare head,None
2797,Party Panda #2797,A looping cartoon party-panda PFP with real panda markings. Minted on Base.,2797.gif,Disco Night,No glow,Classic,Wink,Bowtie,Cocktail
2798,Party Panda #2798,A looping cartoon party-panda PFP with real panda markings. Minted on Base.,2798.gif,Rooftop Glow,Champagne Haze,Classic,Wink,Bowtie,Balloon
2799,Party Panda #2799,A looping cartoon party-panda PFP with real panda markings. Minted on Base.,2799.gif,Moonlight,No glow,Classic,Blink,Disco Afro,Confetti
2800,Party Panda #2800,A looping cartoon party-panda PFP with real panda markings. Minted on Base.,2800.gif,Confetti Hall,Sparkle Burst,Dancer,Blink,Party Hat,Balloon
2801,Party Panda #2801,A looping cartoon party-panda PFP with real panda markings. Minted on Base.,2801.gif,Neon Club,Laser Sweep,Cub,Heart,Bare head,Confetti
2802,Party Panda #2802,A looping cartoon party-panda PFP with real panda markings. Minted on Base.,2802.gif,Neon Club,Sparkle Burst,Classic,Shades,Bare head,None
2803,Party Panda #2803,A looping cartoon party-panda PFP with real panda markings. Minted on Base.,2803.gif,Bamboo Lounge,No glow,Cub,Blink,Disco Afro,Cocktail
2804,Party Panda #2804,A looping cartoon party-panda PFP with real panda markings. Minted on Base.,2804.gif,Rooftop Glow,No glow,Tuxedo,Blink,Tiny Crown,Confetti
2805,Party Panda #2805,A looping cartoon party-panda PFP with real panda markings. Minted on Base.,2805.gif,Neon Club,Laser Sweep,Tuxedo,Blink,Disco Afro,None
2806,Party Panda #2806,A looping cartoon party-panda PFP with real panda markings. Minted on Base.,2806.gif,Bamboo Lounge,No glow,Tuxedo,Shades,Bare head,Confetti
2807,Party Panda #2807,A looping cartoon party-panda PFP with real panda markings. Minted on Base.,2807.gif,Neon Club,Neon Ring,Cub,Shades,Bare head,Sparkler
2808,Party Panda #2808,A looping cartoon party-panda PFP with real panda markings. Minted on Base.,2808.gif,Disco Night,Laser Sweep,Classic,Spark,Headphones,Sparkler
2809,Party Panda #2809,A looping cartoon party-panda PFP with real panda markings. Minted on Base.,2809.gif,Garden Party,Disco Pulse,Cub,Blink,Tiny Crown,None
2810,Party Panda #2810,A looping cartoon party-panda PFP with real panda markings. Minted on Base.,2810.gif,Candy Rave,Laser Sweep,Tuxedo,Wink,Tiny Crown,Balloon
2811,Party Panda #2811,A looping cartoon party-panda PFP with real panda markings. Minted on Base.,2811.gif,Moonlight,No glow,Cub,Heart,Bare head,Boombox
2812,Party Panda #2812,A looping cartoon party-panda PFP with real panda markings. Minted on Base.,2812.gif,Rooftop Glow,Champagne Haze,Tuxedo,Shades,Headphones,Sparkler
2813,Party Panda #2813,A looping cartoon party-panda PFP with real panda markings. Minted on Base.,2813.gif,Moonlight,Laser Sweep,Cub,Spark,Tiny Crown,Confetti
2814,Party Panda #2814,A looping cartoon party-panda PFP with real panda markings. Minted on Base.,2814.gif,Candy Rave,Sparkle Burst,Tuxedo,Heart,Party Hat,Boombox
2815,Party Panda #2815,A looping cartoon party-panda PFP with real panda markings. Minted on Base.,2815.gif,Moonlight,Disco Pulse,Peach,Sleepy,Party Hat,Sparkler
2816,Party Panda #2816,A looping cartoon party-panda PFP with real panda markings. Minted on Base.,2816.gif,Disco Night,Sparkle Burst,Classic,Heart,Party Hat,Sparkler
2817,Party Panda #2817,A looping cartoon party-panda PFP with real panda markings. Minted on Base.,2817.gif,Neon Club,Neon Ring,Classic,Blink,Bare head,Boombox
2818,Party Panda #2818,A looping cartoon party-panda PFP with real panda markings. Minted on Base.,2818.gif,Rooftop Glow,Sparkle Burst,Chubby,Blink,Headphones,Balloon
2819,Party Panda #2819,A looping cartoon party-panda PFP with real panda markings. Minted on Base.,2819.gif,Rooftop Glow,Disco Pulse,Peach,Blink,Tiny Crown,Sparkler
2820,Party Panda #2820,A looping cartoon party-panda PFP with real panda markings. Minted on Base.,2820.gif,Confetti Hall,Disco Pulse,Dancer,Blink,Bare head,Confetti
2821,Party Panda #2821,A looping cartoon party-panda PFP with real panda markings. Minted on Base.,2821.gif,Garden Party,Neon Ring,Tuxedo,Blink,Lei,Cocktail
2822,Party Panda #2822,A looping cartoon party-panda PFP with real panda markings. Minted on Base.,2822.gif,Confetti Hall,Disco Pulse,Dancer,Heart,Party Hat,Boombox
2823,Party Panda #2823,A looping cartoon party-panda PFP with real panda markings. Minted on Base.,2823.gif,Moonlight,Disco Pulse,Tuxedo,Spark,Bare head,Confetti
2824,Party Panda #2824,A looping cartoon party-panda PFP with real panda markings. Minted on Base.,2824.gif,Rooftop Glow,Sparkle Burst,Classic,Spark,Tiny Crown,Sparkler
2825,Party Panda #2825,A looping cartoon party-panda PFP with real panda markings. Minted on Base.,2825.gif,Garden Party,Disco Pulse,Dancer,Heart,Party Hat,Confetti
2826,Party Panda #2826,A looping cartoon party-panda PFP with real panda markings. Minted on Base.,2826.gif,Confetti Hall,No glow,Dancer,Blink,Bowtie,None
2827,Party Panda #2827,A looping cartoon party-panda PFP with real panda markings. Minted on Base.,2827.gif,Neon Club,Laser Sweep,Chubby,Heart,Lei,None
2828,Party Panda #2828,A looping cartoon party-panda PFP with real panda markings. Minted on Base.,2828.gif,Disco Night,Disco Pulse,Cub,Blink,Tiny Crown,Confetti
2829,Party Panda #2829,A looping cartoon party-panda PFP with real panda markings. Minted on Base.,2829.gif,Bamboo Lounge,No glow,Tuxedo,Sleepy,Tiny Crown,Boombox
2830,Party Panda #2830,A looping cartoon party-panda PFP with real panda markings. Minted on Base.,2830.gif,Bamboo Lounge,Sparkle Burst,Peach,Heart,Disco Afro,Boombox
2831,Party Panda #2831,A looping cartoon party-panda PFP with real panda markings. Minted on Base.,2831.gif,Disco Night,No glow,Peach,Blink,Lei,None
2832,Party Panda #2832,A looping cartoon party-panda PFP with real panda markings. Minted on Base.,2832.gif,Confetti Hall,Champagne Haze,Chubby,Wink,Headphones,Confetti
2833,Party Panda #2833,A looping cartoon party-panda PFP with real panda markings. Minted on Base.,2833.gif,Garden Party,Neon Ring,Tuxedo,Blink,Party Hat,Confetti
2834,Party Panda #2834,A looping cartoon party-panda PFP with real panda markings. Minted on Base.,2834.gif,Moonlight,Champagne Haze,Cub,Wink,Tiny Crown,Sparkler
2835,Party Panda #2835,A looping cartoon party-panda PFP with real panda markings. Minted on Base.,2835.gif,Garden Party,No glow,Cub,Shades,Headphones,Confetti
2836,Party Panda #2836,A looping cartoon party-panda PFP with real panda markings. Minted on Base.,2836.gif,Candy Rave,Champagne Haze,Cub,Sleepy,Tiny Crown,Balloon
2837,Party Panda #2837,A looping cartoon party-panda PFP with real panda markings. Minted on Base.,2837.gif,Neon Club,Sparkle Burst,Peach,Wink,Headphones,Boombox
2838,Party Panda #2838,A looping cartoon party-panda PFP with real panda markings. Minted on Base.,2838.gif,Garden Party,Laser Sweep,Tuxedo,Sleepy,Party Hat,Confetti
2839,Party Panda #2839,A looping cartoon party-panda PFP with real panda markings. Minted on Base.,2839.gif,Disco Night,Champagne Haze,Dancer,Blink,Bowtie,None
2840,Party Panda #2840,A looping cartoon party-panda PFP with real panda markings. Minted on Base.,2840.gif,Neon Club,No glow,Peach,Shades,Party Hat,Boombox
2841,Party Panda #2841,A looping cartoon party-panda PFP with real panda markings. Minted on Base.,2841.gif,Garden Party,Champagne Haze,Classic,Blink,Headphones,Sparkler
2842,Party Panda #2842,A looping cartoon party-panda PFP with real panda markings. Minted on Base.,2842.gif,Neon Club,Disco Pulse,Tuxedo,Sleepy,Disco Afro,Balloon
2843,Party Panda #2843,A looping cartoon party-panda PFP with real panda markings. Minted on Base.,2843.gif,Garden Party,Laser Sweep,Classic,Sleepy,Party Hat,Cocktail
2844,Party Panda #2844,A looping cartoon party-panda PFP with real panda markings. Minted on Base.,2844.gif,Moonlight,Disco Pulse,Tuxedo,Blink,Bare head,Cocktail
2845,Party Panda #2845,A looping cartoon party-panda PFP with real panda markings. Minted on Base.,2845.gif,Rooftop Glow,No glow,Classic,Shades,Lei,None
2846,Party Panda #2846,A looping cartoon party-panda PFP with real panda markings. Minted on Base.,2846.gif,Bamboo Lounge,Laser Sweep,Dancer,Blink,Disco Afro,Sparkler
2847,Party Panda #2847,A looping cartoon party-panda PFP with real panda markings. Minted on Base.,2847.gif,Neon Club,Champagne Haze,Dancer,Spark,Bowtie,None
2848,Party Panda #2848,A looping cartoon party-panda PFP with real panda markings. Minted on Base.,2848.gif,Disco Night,Disco Pulse,Tuxedo,Wink,Tiny Crown,Confetti
2849,Party Panda #2849,A looping cartoon party-panda PFP with real panda markings. Minted on Base.,2849.gif,Bamboo Lounge,No glow,Chubby,Shades,Bowtie,None
2850,Party Panda #2850,A looping cartoon party-panda PFP with real panda markings. Minted on Base.,2850.gif,Rooftop Glow,Disco Pulse,Dancer,Blink,Party Hat,Confetti
2851,Party Panda #2851,A looping cartoon party-panda PFP with real panda markings. Minted on Base.,2851.gif,Rooftop Glow,Neon Ring,Tuxedo,Sleepy,Party Hat,None
2852,Party Panda #2852,A looping cartoon party-panda PFP with real panda markings. Minted on Base.,2852.gif,Moonlight,Sparkle Burst,Classic,Shades,Bare head,Cocktail
2853,Party Panda #2853,A looping cartoon party-panda PFP with real panda markings. Minted on Base.,2853.gif,Confetti Hall,Disco Pulse,Peach,Spark,Bowtie,Boombox
2854,Party Panda #2854,A looping cartoon party-panda PFP with real panda markings. Minted on Base.,2854.gif,Bamboo Lounge,Sparkle Burst,Tuxedo,Wink,Lei,None
2855,Party Panda #2855,A looping cartoon party-panda PFP with real panda markings. Minted on Base.,2855.gif,Rooftop Glow,Disco Pulse,Classic,Spark,Bowtie,Confetti
2856,Party Panda #2856,A looping cartoon party-panda PFP with real panda markings. Minted on Base.,2856.gif,Rooftop Glow,Neon Ring,Cub,Heart,Bare head,Cocktail
2857,Party Panda #2857,A looping cartoon party-panda PFP with real panda markings. Minted on Base.,2857.gif,Moonlight,Neon Ring,Classic,Heart,Bare head,Balloon
2858,Party Panda #2858,A looping cartoon party-panda PFP with real panda markings. Minted on Base.,2858.gif,Bamboo Lounge,No glow,Tuxedo,Shades,Bare head,None
2859,Party Panda #2859,A looping cartoon party-panda PFP with real panda markings. Minted on Base.,2859.gif,Bamboo Lounge,No glow,Peach,Shades,Party Hat,None
2860,Party Panda #2860,A looping cartoon party-panda PFP with real panda markings. Minted on Base.,2860.gif,Confetti Hall,Disco Pulse,Classic,Spark,Lei,Balloon
2861,Party Panda #2861,A looping cartoon party-panda PFP with real panda markings. Minted on Base.,2861.gif,Disco Night,Neon Ring,Chubby,Wink,Bare head,Confetti
2862,Party Panda #2862,A looping cartoon party-panda PFP with real panda markings. Minted on Base.,2862.gif,Confetti Hall,Laser Sweep,Tuxedo,Spark,Lei,Boombox
2863,Party Panda #2863,A looping cartoon party-panda PFP with real panda markings. Minted on Base.,2863.gif,Bamboo Lounge,No glow,Cub,Shades,Bare head,Boombox
2864,Party Panda #2864,A looping cartoon party-panda PFP with real panda markings. Minted on Base.,2864.gif,Bamboo Lounge,Neon Ring,Cub,Shades,Disco Afro,Balloon
2865,Party Panda #2865,A looping cartoon party-panda PFP with real panda markings. Minted on Base.,2865.gif,Neon Club,Sparkle Burst,Classic,Heart,Bare head,Balloon
2866,Party Panda #2866,A looping cartoon party-panda PFP with real panda markings. Minted on Base.,2866.gif,Rooftop Glow,Neon Ring,Dancer,Shades,Headphones,Balloon
2867,Party Panda #2867,A looping cartoon party-panda PFP with real panda markings. Minted on Base.,2867.gif,Garden Party,Neon Ring,Cub,Spark,Headphones,Balloon
2868,Party Panda #2868,A looping cartoon party-panda PFP with real panda markings. Minted on Base.,2868.gif,Disco Night,Disco Pulse,Tuxedo,Wink,Headphones,Confetti
2869,Party Panda #2869,A looping cartoon party-panda PFP with real panda markings. Minted on Base.,2869.gif,Rooftop Glow,No glow,Dancer,Heart,Bare head,Confetti
2870,Party Panda #2870,A looping cartoon party-panda PFP with real panda markings. Minted on Base.,2870.gif,Disco Night,Champagne Haze,Peach,Spark,Bowtie,None
2871,Party Panda #2871,A looping cartoon party-panda PFP with real panda markings. Minted on Base.,2871.gif,Candy Rave,Sparkle Burst,Classic,Shades,Party Hat,None
2872,Party Panda #2872,A looping cartoon party-panda PFP with real panda markings. Minted on Base.,2872.gif,Bamboo Lounge,Champagne Haze,Peach,Blink,Bare head,None
2873,Party Panda #2873,A looping cartoon party-panda PFP with real panda markings. Minted on Base.,2873.gif,Neon Club,Champagne Haze,Dancer,Blink,Party Hat,Balloon
2874,Party Panda #2874,A looping cartoon party-panda PFP with real panda markings. Minted on Base.,2874.gif,Confetti Hall,Neon Ring,Cub,Shades,Headphones,Boombox
2875,Party Panda #2875,A looping cartoon party-panda PFP with real panda markings. Minted on Base.,2875.gif,Neon Club,Sparkle Burst,Classic,Spark,Party Hat,None
2876,Party Panda #2876,A looping cartoon party-panda PFP with real panda markings. Minted on Base.,2876.gif,Neon Club,Laser Sweep,Tuxedo,Wink,Lei,Sparkler
2877,Party Panda #2877,A looping cartoon party-panda PFP with real panda markings. Minted on Base.,2877.gif,Moonlight,Champagne Haze,Classic,Blink,Bare head,Balloon
2878,Party Panda #2878,A looping cartoon party-panda PFP with real panda markings. Minted on Base.,2878.gif,Moonlight,Disco Pulse,Dancer,Sleepy,Bowtie,Boombox
2879,Party Panda #2879,A looping cartoon party-panda PFP with real panda markings. Minted on Base.,2879.gif,Candy Rave,Disco Pulse,Classic,Sleepy,Bare head,Cocktail
2880,Party Panda #2880,A looping cartoon party-panda PFP with real panda markings. Minted on Base.,2880.gif,Moonlight,Champagne Haze,Tuxedo,Wink,Bare head,None
2881,Party Panda #2881,A looping cartoon party-panda PFP with real panda markings. Minted on Base.,2881.gif,Confetti Hall,Disco Pulse,Chubby,Wink,Bare head,Sparkler
2882,Party Panda #2882,A looping cartoon party-panda PFP with real panda markings. Minted on Base.,2882.gif,Rooftop Glow,Sparkle Burst,Peach,Sleepy,Headphones,Confetti
2883,Party Panda #2883,A looping cartoon party-panda PFP with real panda markings. Minted on Base.,2883.gif,Garden Party,Laser Sweep,Tuxedo,Heart,Tiny Crown,Cocktail
2884,Party Panda #2884,A looping cartoon party-panda PFP with real panda markings. Minted on Base.,2884.gif,Rooftop Glow,Disco Pulse,Tuxedo,Sleepy,Bowtie,Balloon
2885,Party Panda #2885,A looping cartoon party-panda PFP with real panda markings. Minted on Base.,2885.gif,Disco Night,No glow,Tuxedo,Wink,Bare head,Cocktail
2886,Party Panda #2886,A looping cartoon party-panda PFP with real panda markings. Minted on Base.,2886.gif,Bamboo Lounge,Neon Ring,Cub,Spark,Bare head,Sparkler
2887,Party Panda #2887,A looping cartoon party-panda PFP with real panda markings. Minted on Base.,2887.gif,Neon Club,Laser Sweep,Peach,Spark,Headphones,Sparkler
2888,Party Panda #2888,A looping cartoon party-panda PFP with real panda markings. Minted on Base.,2888.gif,Moonlight,Sparkle Burst,Dancer,Blink,Party Hat,Balloon
2889,Party Panda #2889,A looping cartoon party-panda PFP with real panda markings. Minted on Base.,2889.gif,Garden Party,Laser Sweep,Cub,Blink,Bare head,Confetti
2890,Party Panda #2890,A looping cartoon party-panda PFP with real panda markings. Minted on Base.,2890.gif,Disco Night,Neon Ring,Dancer,Wink,Disco Afro,Confetti
2891,Party Panda #2891,A looping cartoon party-panda PFP with real panda markings. Minted on Base.,2891.gif,Rooftop Glow,Sparkle Burst,Dancer,Shades,Disco Afro,Sparkler
2892,Party Panda #2892,A looping cartoon party-panda PFP with real panda markings. Minted on Base.,2892.gif,Candy Rave,No glow,Cub,Blink,Disco Afro,Sparkler
2893,Party Panda #2893,A looping cartoon party-panda PFP with real panda markings. Minted on Base.,2893.gif,Candy Rave,No glow,Peach,Blink,Bare head,Cocktail
2894,Party Panda #2894,A looping cartoon party-panda PFP with real panda markings. Minted on Base.,2894.gif,Disco Night,No glow,Dancer,Spark,Headphones,Balloon
2895,Party Panda #2895,A looping cartoon party-panda PFP with real panda markings. Minted on Base.,2895.gif,Candy Rave,No glow,Dancer,Heart,Headphones,Confetti
2896,Party Panda #2896,A looping cartoon party-panda PFP with real panda markings. Minted on Base.,2896.gif,Bamboo Lounge,Disco Pulse,Cub,Blink,Headphones,Balloon
2897,Party Panda #2897,A looping cartoon party-panda PFP with real panda markings. Minted on Base.,2897.gif,Moonlight,Disco Pulse,Peach,Heart,Lei,Confetti
2898,Party Panda #2898,A looping cartoon party-panda PFP with real panda markings. Minted on Base.,2898.gif,Rooftop Glow,Champagne Haze,Peach,Wink,Tiny Crown,Confetti
2899,Party Panda #2899,A looping cartoon party-panda PFP with real panda markings. Minted on Base.,2899.gif,Garden Party,Disco Pulse,Classic,Heart,Tiny Crown,Sparkler
2900,Party Panda #2900,A looping cartoon party-panda PFP with real panda markings. Minted on Base.,2900.gif,Moonlight,No glow,Cub,Shades,Lei,None
2901,Party Panda #2901,A looping cartoon party-panda PFP with real panda markings. Minted on Base.,2901.gif,Rooftop Glow,Sparkle Burst,Classic,Shades,Bare head,Boombox
2902,Party Panda #2902,A looping cartoon party-panda PFP with real panda markings. Minted on Base.,2902.gif,Bamboo Lounge,Neon Ring,Peach,Heart,Party Hat,None
2903,Party Panda #2903,A looping cartoon party-panda PFP with real panda markings. Minted on Base.,2903.gif,Garden Party,No glow,Cub,Heart,Party Hat,Confetti
2904,Party Panda #2904,A looping cartoon party-panda PFP with real panda markings. Minted on Base.,2904.gif,Bamboo Lounge,Neon Ring,Classic,Wink,Headphones,Confetti
2905,Party Panda #2905,A looping cartoon party-panda PFP with real panda markings. Minted on Base.,2905.gif,Disco Night,Champagne Haze,Classic,Shades,Tiny Crown,Boombox
2906,Party Panda #2906,A looping cartoon party-panda PFP with real panda markings. Minted on Base.,2906.gif,Confetti Hall,Champagne Haze,Dancer,Blink,Headphones,Confetti
2907,Party Panda #2907,A looping cartoon party-panda PFP with real panda markings. Minted on Base.,2907.gif,Moonlight,No glow,Chubby,Blink,Tiny Crown,Balloon
2908,Party Panda #2908,A looping cartoon party-panda PFP with real panda markings. Minted on Base.,2908.gif,Rooftop Glow,Neon Ring,Tuxedo,Spark,Headphones,Cocktail
2909,Party Panda #2909,A looping cartoon party-panda PFP with real panda markings. Minted on Base.,2909.gif,Candy Rave,Sparkle Burst,Dancer,Wink,Lei,Confetti
2910,Party Panda #2910,A looping cartoon party-panda PFP with real panda markings. Minted on Base.,2910.gif,Moonlight,Sparkle Burst,Peach,Heart,Party Hat,Confetti
2911,Party Panda #2911,A looping cartoon party-panda PFP with real panda markings. Minted on Base.,2911.gif,Moonlight,Sparkle Burst,Tuxedo,Sleepy,Party Hat,Cocktail
2912,Party Panda #2912,A looping cartoon party-panda PFP with real panda markings. Minted on Base.,2912.gif,Bamboo Lounge,Champagne Haze,Cub,Spark,Lei,Balloon
2913,Party Panda #2913,A looping cartoon party-panda PFP with real panda markings. Minted on Base.,2913.gif,Candy Rave,Neon Ring,Chubby,Heart,Disco Afro,Cocktail
2914,Party Panda #2914,A looping cartoon party-panda PFP with real panda markings. Minted on Base.,2914.gif,Candy Rave,No glow,Chubby,Spark,Party Hat,Confetti
2915,Party Panda #2915,A looping cartoon party-panda PFP with real panda markings. Minted on Base.,2915.gif,Rooftop Glow,No glow,Tuxedo,Blink,Tiny Crown,Boombox
2916,Party Panda #2916,A looping cartoon party-panda PFP with real panda markings. Minted on Base.,2916.gif,Disco Night,Disco Pulse,Dancer,Shades,Bowtie,None
2917,Party Panda #2917,A looping cartoon party-panda PFP with real panda markings. Minted on Base.,2917.gif,Bamboo Lounge,Sparkle Burst,Chubby,Shades,Bare head,Balloon
2918,Party Panda #2918,A looping cartoon party-panda PFP with real panda markings. Minted on Base.,2918.gif,Disco Night,No glow,Chubby,Shades,Bowtie,Balloon
2919,Party Panda #2919,A looping cartoon party-panda PFP with real panda markings. Minted on Base.,2919.gif,Confetti Hall,Laser Sweep,Peach,Heart,Tiny Crown,Confetti
2920,Party Panda #2920,A looping cartoon party-panda PFP with real panda markings. Minted on Base.,2920.gif,Neon Club,Champagne Haze,Dancer,Blink,Bowtie,Balloon
2921,Party Panda #2921,A looping cartoon party-panda PFP with real panda markings. Minted on Base.,2921.gif,Rooftop Glow,Sparkle Burst,Dancer,Sleepy,Tiny Crown,Balloon
2922,Party Panda #2922,A looping cartoon party-panda PFP with real panda markings. Minted on Base.,2922.gif,Candy Rave,Disco Pulse,Chubby,Spark,Bowtie,None
2923,Party Panda #2923,A looping cartoon party-panda PFP with real panda markings. Minted on Base.,2923.gif,Rooftop Glow,No glow,Classic,Blink,Bare head,Sparkler
2924,Party Panda #2924,A looping cartoon party-panda PFP with real panda markings. Minted on Base.,2924.gif,Disco Night,No glow,Cub,Wink,Headphones,None
2925,Party Panda #2925,A looping cartoon party-panda PFP with real panda markings. Minted on Base.,2925.gif,Confetti Hall,Neon Ring,Tuxedo,Sleepy,Lei,Cocktail
2926,Party Panda #2926,A looping cartoon party-panda PFP with real panda markings. Minted on Base.,2926.gif,Disco Night,Disco Pulse,Tuxedo,Shades,Disco Afro,Sparkler
2927,Party Panda #2927,A looping cartoon party-panda PFP with real panda markings. Minted on Base.,2927.gif,Neon Club,No glow,Classic,Shades,Tiny Crown,None
2928,Party Panda #2928,A looping cartoon party-panda PFP with real panda markings. Minted on Base.,2928.gif,Moonlight,Laser Sweep,Cub,Wink,Bowtie,None
2929,Party Panda #2929,A looping cartoon party-panda PFP with real panda markings. Minted on Base.,2929.gif,Rooftop Glow,Champagne Haze,Chubby,Shades,Bare head,Balloon
2930,Party Panda #2930,A looping cartoon party-panda PFP with real panda markings. Minted on Base.,2930.gif,Neon Club,Laser Sweep,Chubby,Heart,Party Hat,Balloon
2931,Party Panda #2931,A looping cartoon party-panda PFP with real panda markings. Minted on Base.,2931.gif,Confetti Hall,Champagne Haze,Classic,Blink,Headphones,Confetti
2932,Party Panda #2932,A looping cartoon party-panda PFP with real panda markings. Minted on Base.,2932.gif,Rooftop Glow,Sparkle Burst,Classic,Blink,Disco Afro,Boombox
2933,Party Panda #2933,A looping cartoon party-panda PFP with real panda markings. Minted on Base.,2933.gif,Moonlight,No glow,Peach,Blink,Disco Afro,Boombox
2934,Party Panda #2934,A looping cartoon party-panda PFP with real panda markings. Minted on Base.,2934.gif,Candy Rave,Disco Pulse,Chubby,Sleepy,Bare head,Confetti
2935,Party Panda #2935,A looping cartoon party-panda PFP with real panda markings. Minted on Base.,2935.gif,Candy Rave,Neon Ring,Cub,Blink,Disco Afro,None
2936,Party Panda #2936,A looping cartoon party-panda PFP with real panda markings. Minted on Base.,2936.gif,Candy Rave,No glow,Dancer,Wink,Party Hat,Balloon
2937,Party Panda #2937,A looping cartoon party-panda PFP with real panda markings. Minted on Base.,2937.gif,Bamboo Lounge,Neon Ring,Cub,Spark,Headphones,None
2938,Party Panda #2938,A looping cartoon party-panda PFP with real panda markings. Minted on Base.,2938.gif,Candy Rave,Neon Ring,Cub,Spark,Bare head,Boombox
2939,Party Panda #2939,A looping cartoon party-panda PFP with real panda markings. Minted on Base.,2939.gif,Moonlight,No glow,Classic,Blink,Lei,None
2940,Party Panda #2940,A looping cartoon party-panda PFP with real panda markings. Minted on Base.,2940.gif,Rooftop Glow,Sparkle Burst,Cub,Wink,Bowtie,Confetti
2941,Party Panda #2941,A looping cartoon party-panda PFP with real panda markings. Minted on Base.,2941.gif,Neon Club,Sparkle Burst,Classic,Wink,Bowtie,Boombox
2942,Party Panda #2942,A looping cartoon party-panda PFP with real panda markings. Minted on Base.,2942.gif,Disco Night,Sparkle Burst,Cub,Blink,Lei,Boombox
2943,Party Panda #2943,A looping cartoon party-panda PFP with real panda markings. Minted on Base.,2943.gif,Confetti Hall,Disco Pulse,Dancer,Heart,Headphones,Sparkler
2944,Party Panda #2944,A looping cartoon party-panda PFP with real panda markings. Minted on Base.,2944.gif,Neon Club,No glow,Peach,Wink,Bowtie,Sparkler
2945,Party Panda #2945,A looping cartoon party-panda PFP with real panda markings. Minted on Base.,2945.gif,Neon Club,Laser Sweep,Cub,Sleepy,Bare head,None
2946,Party Panda #2946,A looping cartoon party-panda PFP with real panda markings. Minted on Base.,2946.gif,Confetti Hall,No glow,Dancer,Shades,Bare head,Confetti
2947,Party Panda #2947,A looping cartoon party-panda PFP with real panda markings. Minted on Base.,2947.gif,Neon Club,Laser Sweep,Tuxedo,Shades,Disco Afro,Confetti
2948,Party Panda #2948,A looping cartoon party-panda PFP with real panda markings. Minted on Base.,2948.gif,Confetti Hall,Champagne Haze,Chubby,Shades,Bare head,Sparkler
2949,Party Panda #2949,A looping cartoon party-panda PFP with real panda markings. Minted on Base.,2949.gif,Disco Night,Sparkle Burst,Dancer,Heart,Headphones,Cocktail
2950,Party Panda #2950,A looping cartoon party-panda PFP with real panda markings. Minted on Base.,2950.gif,Rooftop Glow,Sparkle Burst,Cub,Shades,Disco Afro,Cocktail
2951,Party Panda #2951,A looping cartoon party-panda PFP with real panda markings. Minted on Base.,2951.gif,Bamboo Lounge,Champagne Haze,Dancer,Blink,Party Hat,None
2952,Party Panda #2952,A looping cartoon party-panda PFP with real panda markings. Minted on Base.,2952.gif,Garden Party,Laser Sweep,Dancer,Blink,Disco Afro,Sparkler
2953,Party Panda #2953,A looping cartoon party-panda PFP with real panda markings. Minted on Base.,2953.gif,Disco Night,Laser Sweep,Dancer,Heart,Bowtie,None
2954,Party Panda #2954,A looping cartoon party-panda PFP with real panda markings. Minted on Base.,2954.gif,Moonlight,Sparkle Burst,Dancer,Spark,Bare head,Sparkler
2955,Party Panda #2955,A looping cartoon party-panda PFP with real panda markings. Minted on Base.,2955.gif,Disco Night,Laser Sweep,Classic,Sleepy,Bowtie,Balloon
2956,Party Panda #2956,A looping cartoon party-panda PFP with real panda markings. Minted on Base.,2956.gif,Garden Party,Disco Pulse,Dancer,Shades,Bare head,None
2957,Party Panda #2957,A looping cartoon party-panda PFP with real panda markings. Minted on Base.,2957.gif,Bamboo Lounge,No glow,Peach,Spark,Bowtie,None
2958,Party Panda #2958,A looping cartoon party-panda PFP with real panda markings. Minted on Base.,2958.gif,Rooftop Glow,No glow,Chubby,Shades,Disco Afro,Sparkler
2959,Party Panda #2959,A looping cartoon party-panda PFP with real panda markings. Minted on Base.,2959.gif,Moonlight,Neon Ring,Peach,Blink,Headphones,Cocktail
2960,Party Panda #2960,A looping cartoon party-panda PFP with real panda markings. Minted on Base.,2960.gif,Moonlight,Laser Sweep,Classic,Heart,Headphones,None
2961,Party Panda #2961,A looping cartoon party-panda PFP with real panda markings. Minted on Base.,2961.gif,Bamboo Lounge,Laser Sweep,Dancer,Blink,Bare head,Sparkler
2962,Party Panda #2962,A looping cartoon party-panda PFP with real panda markings. Minted on Base.,2962.gif,Moonlight,Sparkle Burst,Chubby,Shades,Party Hat,Cocktail
2963,Party Panda #2963,A looping cartoon party-panda PFP with real panda markings. Minted on Base.,2963.gif,Garden Party,Sparkle Burst,Peach,Sleepy,Lei,None
2964,Party Panda #2964,A looping cartoon party-panda PFP with real panda markings. Minted on Base.,2964.gif,Neon Club,Laser Sweep,Classic,Blink,Party Hat,None
2965,Party Panda #2965,A looping cartoon party-panda PFP with real panda markings. Minted on Base.,2965.gif,Neon Club,No glow,Tuxedo,Shades,Bowtie,None
2966,Party Panda #2966,A looping cartoon party-panda PFP with real panda markings. Minted on Base.,2966.gif,Candy Rave,No glow,Cub,Heart,Headphones,None
2967,Party Panda #2967,A looping cartoon party-panda PFP with real panda markings. Minted on Base.,2967.gif,Garden Party,Disco Pulse,Cub,Blink,Lei,None
2968,Party Panda #2968,A looping cartoon party-panda PFP with real panda markings. Minted on Base.,2968.gif,Bamboo Lounge,Champagne Haze,Dancer,Wink,Disco Afro,Sparkler
2969,Party Panda #2969,A looping cartoon party-panda PFP with real panda markings. Minted on Base.,2969.gif,Confetti Hall,No glow,Cub,Spark,Bare head,Balloon
2970,Party Panda #2970,A looping cartoon party-panda PFP with real panda markings. Minted on Base.,2970.gif,Disco Night,No glow,Classic,Heart,Bare head,Confetti
2971,Party Panda #2971,A looping cartoon party-panda PFP with real panda markings. Minted on Base.,2971.gif,Rooftop Glow,No glow,Tuxedo,Sleepy,Bare head,None
2972,Party Panda #2972,A looping cartoon party-panda PFP with real panda markings. Minted on Base.,2972.gif,Bamboo Lounge,Disco Pulse,Peach,Blink,Tiny Crown,Balloon
2973,Party Panda #2973,A looping cartoon party-panda PFP with real panda markings. Minted on Base.,2973.gif,Disco Night,Champagne Haze,Peach,Spark,Bare head,Cocktail
2974,Party Panda #2974,A looping cartoon party-panda PFP with real panda markings. Minted on Base.,2974.gif,Neon Club,Sparkle Burst,Tuxedo,Shades,Lei,Balloon
2975,Party Panda #2975,A looping cartoon party-panda PFP with real panda markings. Minted on Base.,2975.gif,Disco Night,No glow,Cub,Sleepy,Lei,Cocktail
2976,Party Panda #2976,A looping cartoon party-panda PFP with real panda markings. Minted on Base.,2976.gif,Neon Club,Laser Sweep,Tuxedo,Sleepy,Party Hat,None
2977,Party Panda #2977,A looping cartoon party-panda PFP with real panda markings. Minted on Base.,2977.gif,Confetti Hall,No glow,Peach,Spark,Headphones,None
2978,Party Panda #2978,A looping cartoon party-panda PFP with real panda markings. Minted on Base.,2978.gif,Confetti Hall,No glow,Cub,Blink,Disco Afro,Balloon
2979,Party Panda #2979,A looping cartoon party-panda PFP with real panda markings. Minted on Base.,2979.gif,Candy Rave,Disco Pulse,Chubby,Heart,Party Hat,Balloon
2980,Party Panda #2980,A looping cartoon party-panda PFP with real panda markings. Minted on Base.,2980.gif,Moonlight,Sparkle Burst,Classic,Heart,Headphones,Balloon
2981,Party Panda #2981,A looping cartoon party-panda PFP with real panda markings. Minted on Base.,2981.gif,Candy Rave,No glow,Chubby,Sleepy,Disco Afro,Cocktail
2982,Party Panda #2982,A looping cartoon party-panda PFP with real panda markings. Minted on Base.,2982.gif,Moonlight,No glow,Classic,Shades,Lei,Boombox
2983,Party Panda #2983,A looping cartoon party-panda PFP with real panda markings. Minted on Base.,2983.gif,Garden Party,Laser Sweep,Tuxedo,Spark,Bare head,Cocktail
2984,Party Panda #2984,A looping cartoon party-panda PFP with real panda markings. Minted on Base.,2984.gif,Candy Rave,Laser Sweep,Classic,Spark,Bowtie,None
2985,Party Panda #2985,A looping cartoon party-panda PFP with real panda markings. Minted on Base.,2985.gif,Garden Party,Sparkle Burst,Classic,Shades,Headphones,Balloon
2986,Party Panda #2986,A looping cartoon party-panda PFP with real panda markings. Minted on Base.,2986.gif,Disco Night,No glow,Cub,Spark,Headphones,Cocktail
2987,Party Panda #2987,A looping cartoon party-panda PFP with real panda markings. Minted on Base.,2987.gif,Confetti Hall,Disco Pulse,Classic,Heart,Bare head,Balloon
2988,Party Panda #2988,A looping cartoon party-panda PFP with real panda markings. Minted on Base.,2988.gif,Bamboo Lounge,No glow,Peach,Sleepy,Bare head,Boombox
2989,Party Panda #2989,A looping cartoon party-panda PFP with real panda markings. Minted on Base.,2989.gif,Moonlight,Champagne Haze,Cub,Heart,Lei,Balloon
2990,Party Panda #2990,A looping cartoon party-panda PFP with real panda markings. Minted on Base.,2990.gif,Garden Party,No glow,Tuxedo,Heart,Party Hat,None
2991,Party Panda #2991,A looping cartoon party-panda PFP with real panda markings. Minted on Base.,2991.gif,Bamboo Lounge,No glow,Dancer,Spark,Party Hat,Balloon
2992,Party Panda #2992,A looping cartoon party-panda PFP with real panda markings. Minted on Base.,2992.gif,Rooftop Glow,Disco Pulse,Cub,Sleepy,Bare head,Balloon
2993,Party Panda #2993,A looping cartoon party-panda PFP with real panda markings. Minted on Base.,2993.gif,Garden Party,Champagne Haze,Dancer,Blink,Bare head,Boombox
2994,Party Panda #2994,A looping cartoon party-panda PFP with real panda markings. Minted on Base.,2994.gif,Rooftop Glow,No glow,Classic,Blink,Bare head,Confetti
2995,Party Panda #2995,A looping cartoon party-panda PFP with real panda markings. Minted on Base.,2995.gif,Rooftop Glow,Neon Ring,Cub,Blink,Party Hat,Sparkler
2996,Party Panda #2996,A looping cartoon party-panda PFP with real panda markings. Minted on Base.,2996.gif,Disco Night,Disco Pulse,Cub,Spark,Disco Afro,Balloon
2997,Party Panda #2997,A looping cartoon party-panda PFP with real panda markings. Minted on Base.,2997.gif,Disco Night,Laser Sweep,Dancer,Blink,Party Hat,None
2998,Party Panda #2998,A looping cartoon party-panda PFP with real panda markings. Minted on Base.,2998.gif,Bamboo Lounge,Neon Ring,Peach,Sleepy,Party Hat,Confetti
2999,Party Panda #2999,A looping cartoon party-panda PFP with real panda markings. Minted on Base.,2999.gif,Rooftop Glow,No glow,Peach,Spark,Headphones,Sparkler
3000,Party Panda #3000,A looping cartoon party-panda PFP with real panda markings. Minted on Base.,3000.gif,Rooftop Glow,Laser Sweep,Cub,Shades,Bowtie,Sparkler
3001,Party Panda #3001,A looping cartoon party-panda PFP with real panda markings. Minted on Base.,3001.gif,Bamboo Lounge,No glow,Classic,Blink,Party Hat,None
3002,Party Panda #3002,A looping cartoon party-panda PFP with real panda markings. Minted on Base.,3002.gif,Rooftop Glow,Sparkle Burst,Cub,Shades,Bowtie,None
3003,Party Panda #3003,A looping cartoon party-panda PFP with real panda markings. Minted on Base.,3003.gif,Moonlight,Neon Ring,Peach,Shades,Disco Afro,Boombox
3004,Party Panda #3004,A looping cartoon party-panda PFP with real panda markings. Minted on Base.,3004.gif,Confetti Hall,Sparkle Burst,Classic,Wink,Lei,None
3005,Party Panda #3005,A looping cartoon party-panda PFP with real panda markings. Minted on Base.,3005.gif,Rooftop Glow,Sparkle Burst,Tuxedo,Shades,Bare head,Confetti
3006,Party Panda #3006,A looping cartoon party-panda PFP with real panda markings. Minted on Base.,3006.gif,Confetti Hall,No glow,Tuxedo,Sleepy,Bare head,Confetti
3007,Party Panda #3007,A looping cartoon party-panda PFP with real panda markings. Minted on Base.,3007.gif,Garden Party,No glow,Peach,Spark,Bare head,Boombox
3008,Party Panda #3008,A looping cartoon party-panda PFP with real panda markings. Minted on Base.,3008.gif,Bamboo Lounge,Champagne Haze,Peach,Sleepy,Bare head,Sparkler
3009,Party Panda #3009,A looping cartoon party-panda PFP with real panda markings. Minted on Base.,3009.gif,Disco Night,Laser Sweep,Classic,Heart,Party Hat,Sparkler
3010,Party Panda #3010,A looping cartoon party-panda PFP with real panda markings. Minted on Base.,3010.gif,Rooftop Glow,No glow,Chubby,Heart,Tiny Crown,Balloon
3011,Party Panda #3011,A looping cartoon party-panda PFP with real panda markings. Minted on Base.,3011.gif,Bamboo Lounge,Neon Ring,Cub,Shades,Bare head,Sparkler
3012,Party Panda #3012,A looping cartoon party-panda PFP with real panda markings. Minted on Base.,3012.gif,Neon Club,No glow,Dancer,Blink,Bowtie,Cocktail
3013,Party Panda #3013,A looping cartoon party-panda PFP with real panda markings. Minted on Base.,3013.gif,Neon Club,No glow,Classic,Shades,Disco Afro,Boombox
3014,Party Panda #3014,A looping cartoon party-panda PFP with real panda markings. Minted on Base.,3014.gif,Garden Party,Neon Ring,Peach,Spark,Party Hat,Cocktail
3015,Party Panda #3015,A looping cartoon party-panda PFP with real panda markings. Minted on Base.,3015.gif,Neon Club,No glow,Chubby,Shades,Disco Afro,Cocktail
3016,Party Panda #3016,A looping cartoon party-panda PFP with real panda markings. Minted on Base.,3016.gif,Bamboo Lounge,No glow,Peach,Sleepy,Headphones,None
3017,Party Panda #3017,A looping cartoon party-panda PFP with real panda markings. Minted on Base.,3017.gif,Neon Club,Neon Ring,Cub,Shades,Lei,None
3018,Party Panda #3018,A looping cartoon party-panda PFP with real panda markings. Minted on Base.,3018.gif,Bamboo Lounge,Champagne Haze,Chubby,Sleepy,Party Hat,Sparkler
3019,Party Panda #3019,A looping cartoon party-panda PFP with real panda markings. Minted on Base.,3019.gif,Bamboo Lounge,Laser Sweep,Dancer,Shades,Lei,None
3020,Party Panda #3020,A looping cartoon party-panda PFP with real panda markings. Minted on Base.,3020.gif,Moonlight,Sparkle Burst,Tuxedo,Blink,Bowtie,None
3021,Party Panda #3021,A looping cartoon party-panda PFP with real panda markings. Minted on Base.,3021.gif,Rooftop Glow,Neon Ring,Cub,Sleepy,Headphones,Confetti
3022,Party Panda #3022,A looping cartoon party-panda PFP with real panda markings. Minted on Base.,3022.gif,Disco Night,Sparkle Burst,Classic,Blink,Party Hat,Cocktail
3023,Party Panda #3023,A looping cartoon party-panda PFP with real panda markings. Minted on Base.,3023.gif,Moonlight,Sparkle Burst,Classic,Shades,Bare head,None
3024,Party Panda #3024,A looping cartoon party-panda PFP with real panda markings. Minted on Base.,3024.gif,Moonlight,Laser Sweep,Tuxedo,Sleepy,Headphones,Balloon
3025,Party Panda #3025,A looping cartoon party-panda PFP with real panda markings. Minted on Base.,3025.gif,Rooftop Glow,Disco Pulse,Classic,Spark,Disco Afro,Sparkler
3026,Party Panda #3026,A looping cartoon party-panda PFP with real panda markings. Minted on Base.,3026.gif,Rooftop Glow,No glow,Chubby,Sleepy,Disco Afro,None
3027,Party Panda #3027,A looping cartoon party-panda PFP with real panda markings. Minted on Base.,3027.gif,Neon Club,Laser Sweep,Classic,Spark,Party Hat,Confetti
3028,Party Panda #3028,A looping cartoon party-panda PFP with real panda markings. Minted on Base.,3028.gif,Neon Club,Disco Pulse,Classic,Sleepy,Tiny Crown,Confetti
3029,Party Panda #3029,A looping cartoon party-panda PFP with real panda markings. Minted on Base.,3029.gif,Bamboo Lounge,Neon Ring,Classic,Wink,Bare head,Cocktail
3030,Party Panda #3030,A looping cartoon party-panda PFP with real panda markings. Minted on Base.,3030.gif,Disco Night,Disco Pulse,Dancer,Spark,Bare head,None
3031,Party Panda #3031,A looping cartoon party-panda PFP with real panda markings. Minted on Base.,3031.gif,Confetti Hall,Champagne Haze,Classic,Heart,Party Hat,None
3032,Party Panda #3032,A looping cartoon party-panda PFP with real panda markings. Minted on Base.,3032.gif,Moonlight,Champagne Haze,Tuxedo,Heart,Headphones,Cocktail
3033,Party Panda #3033,A looping cartoon party-panda PFP with real panda markings. Minted on Base.,3033.gif,Confetti Hall,No glow,Classic,Heart,Bare head,Cocktail
3034,Party Panda #3034,A looping cartoon party-panda PFP with real panda markings. Minted on Base.,3034.gif,Confetti Hall,Neon Ring,Tuxedo,Heart,Bare head,None
3035,Party Panda #3035,A looping cartoon party-panda PFP with real panda markings. Minted on Base.,3035.gif,Disco Night,Sparkle Burst,Tuxedo,Blink,Bare head,Boombox
3036,Party Panda #3036,A looping cartoon party-panda PFP with real panda markings. Minted on Base.,3036.gif,Rooftop Glow,Disco Pulse,Dancer,Spark,Bare head,Confetti
3037,Party Panda #3037,A looping cartoon party-panda PFP with real panda markings. Minted on Base.,3037.gif,Confetti Hall,Neon Ring,Chubby,Sleepy,Bare head,Cocktail
3038,Party Panda #3038,A looping cartoon party-panda PFP with real panda markings. Minted on Base.,3038.gif,Neon Club,Sparkle Burst,Tuxedo,Heart,Bare head,Sparkler
3039,Party Panda #3039,A looping cartoon party-panda PFP with real panda markings. Minted on Base.,3039.gif,Neon Club,Disco Pulse,Chubby,Blink,Party Hat,Boombox
3040,Party Panda #3040,A looping cartoon party-panda PFP with real panda markings. Minted on Base.,3040.gif,Rooftop Glow,Laser Sweep,Peach,Spark,Bare head,Cocktail
3041,Party Panda #3041,A looping cartoon party-panda PFP with real panda markings. Minted on Base.,3041.gif,Confetti Hall,No glow,Dancer,Blink,Headphones,Sparkler
3042,Party Panda #3042,A looping cartoon party-panda PFP with real panda markings. Minted on Base.,3042.gif,Rooftop Glow,Champagne Haze,Classic,Heart,Lei,Cocktail
3043,Party Panda #3043,A looping cartoon party-panda PFP with real panda markings. Minted on Base.,3043.gif,Disco Night,Sparkle Burst,Chubby,Sleepy,Headphones,Sparkler
3044,Party Panda #3044,A looping cartoon party-panda PFP with real panda markings. Minted on Base.,3044.gif,Bamboo Lounge,Neon Ring,Classic,Spark,Tiny Crown,Balloon
3045,Party Panda #3045,A looping cartoon party-panda PFP with real panda markings. Minted on Base.,3045.gif,Confetti Hall,No glow,Tuxedo,Sleepy,Bare head,Boombox
3046,Party Panda #3046,A looping cartoon party-panda PFP with real panda markings. Minted on Base.,3046.gif,Moonlight,Neon Ring,Cub,Wink,Tiny Crown,None
3047,Party Panda #3047,A looping cartoon party-panda PFP with real panda markings. Minted on Base.,3047.gif,Moonlight,Sparkle Burst,Peach,Sleepy,Headphones,Confetti
3048,Party Panda #3048,A looping cartoon party-panda PFP with real panda markings. Minted on Base.,3048.gif,Bamboo Lounge,No glow,Classic,Spark,Party Hat,None
3049,Party Panda #3049,A looping cartoon party-panda PFP with real panda markings. Minted on Base.,3049.gif,Neon Club,Disco Pulse,Cub,Heart,Lei,Confetti
3050,Party Panda #3050,A looping cartoon party-panda PFP with real panda markings. Minted on Base.,3050.gif,Neon Club,Disco Pulse,Dancer,Blink,Bowtie,Confetti
3051,Party Panda #3051,A looping cartoon party-panda PFP with real panda markings. Minted on Base.,3051.gif,Confetti Hall,Champagne Haze,Cub,Wink,Bowtie,Boombox
3052,Party Panda #3052,A looping cartoon party-panda PFP with real panda markings. Minted on Base.,3052.gif,Disco Night,Laser Sweep,Chubby,Blink,Disco Afro,Balloon
3053,Party Panda #3053,A looping cartoon party-panda PFP with real panda markings. Minted on Base.,3053.gif,Moonlight,Laser Sweep,Classic,Shades,Bare head,None
3054,Party Panda #3054,A looping cartoon party-panda PFP with real panda markings. Minted on Base.,3054.gif,Bamboo Lounge,Disco Pulse,Tuxedo,Wink,Bare head,Cocktail
3055,Party Panda #3055,A looping cartoon party-panda PFP with real panda markings. Minted on Base.,3055.gif,Disco Night,No glow,Chubby,Shades,Bare head,Balloon
3056,Party Panda #3056,A looping cartoon party-panda PFP with real panda markings. Minted on Base.,3056.gif,Bamboo Lounge,Neon Ring,Cub,Blink,Tiny Crown,Boombox
3057,Party Panda #3057,A looping cartoon party-panda PFP with real panda markings. Minted on Base.,3057.gif,Neon Club,Neon Ring,Chubby,Blink,Bowtie,Cocktail
3058,Party Panda #3058,A looping cartoon party-panda PFP with real panda markings. Minted on Base.,3058.gif,Rooftop Glow,No glow,Chubby,Spark,Lei,None
3059,Party Panda #3059,A looping cartoon party-panda PFP with real panda markings. Minted on Base.,3059.gif,Moonlight,Laser Sweep,Classic,Spark,Bowtie,Cocktail
3060,Party Panda #3060,A looping cartoon party-panda PFP with real panda markings. Minted on Base.,3060.gif,Disco Night,Sparkle Burst,Cub,Spark,Bare head,Confetti
3061,Party Panda #3061,A looping cartoon party-panda PFP with real panda markings. Minted on Base.,3061.gif,Rooftop Glow,Disco Pulse,Chubby,Shades,Headphones,Balloon
3062,Party Panda #3062,A looping cartoon party-panda PFP with real panda markings. Minted on Base.,3062.gif,Candy Rave,Sparkle Burst,Chubby,Spark,Lei,None
3063,Party Panda #3063,A looping cartoon party-panda PFP with real panda markings. Minted on Base.,3063.gif,Disco Night,No glow,Dancer,Shades,Headphones,Cocktail
3064,Party Panda #3064,A looping cartoon party-panda PFP with real panda markings. Minted on Base.,3064.gif,Garden Party,No glow,Classic,Heart,Party Hat,Boombox
3065,Party Panda #3065,A looping cartoon party-panda PFP with real panda markings. Minted on Base.,3065.gif,Candy Rave,Champagne Haze,Dancer,Wink,Bowtie,Cocktail
3066,Party Panda #3066,A looping cartoon party-panda PFP with real panda markings. Minted on Base.,3066.gif,Moonlight,Disco Pulse,Dancer,Shades,Lei,Balloon
3067,Party Panda #3067,A looping cartoon party-panda PFP with real panda markings. Minted on Base.,3067.gif,Rooftop Glow,No glow,Tuxedo,Sleepy,Tiny Crown,None
3068,Party Panda #3068,A looping cartoon party-panda PFP with real panda markings. Minted on Base.,3068.gif,Disco Night,Sparkle Burst,Classic,Shades,Disco Afro,Boombox
3069,Party Panda #3069,A looping cartoon party-panda PFP with real panda markings. Minted on Base.,3069.gif,Confetti Hall,Laser Sweep,Classic,Heart,Headphones,Sparkler
3070,Party Panda #3070,A looping cartoon party-panda PFP with real panda markings. Minted on Base.,3070.gif,Moonlight,No glow,Classic,Shades,Disco Afro,Sparkler
3071,Party Panda #3071,A looping cartoon party-panda PFP with real panda markings. Minted on Base.,3071.gif,Neon Club,Neon Ring,Dancer,Spark,Bowtie,Cocktail
3072,Party Panda #3072,A looping cartoon party-panda PFP with real panda markings. Minted on Base.,3072.gif,Candy Rave,Disco Pulse,Classic,Heart,Party Hat,None
3073,Party Panda #3073,A looping cartoon party-panda PFP with real panda markings. Minted on Base.,3073.gif,Moonlight,Champagne Haze,Cub,Heart,Lei,None
3074,Party Panda #3074,A looping cartoon party-panda PFP with real panda markings. Minted on Base.,3074.gif,Rooftop Glow,Disco Pulse,Classic,Shades,Bare head,Confetti
3075,Party Panda #3075,A looping cartoon party-panda PFP with real panda markings. Minted on Base.,3075.gif,Rooftop Glow,Champagne Haze,Peach,Blink,Tiny Crown,Sparkler
3076,Party Panda #3076,A looping cartoon party-panda PFP with real panda markings. Minted on Base.,3076.gif,Neon Club,Sparkle Burst,Chubby,Blink,Disco Afro,Confetti
3077,Party Panda #3077,A looping cartoon party-panda PFP with real panda markings. Minted on Base.,3077.gif,Bamboo Lounge,No glow,Peach,Wink,Bare head,Balloon
3078,Party Panda #3078,A looping cartoon party-panda PFP with real panda markings. Minted on Base.,3078.gif,Candy Rave,Disco Pulse,Tuxedo,Sleepy,Lei,Boombox
3079,Party Panda #3079,A looping cartoon party-panda PFP with real panda markings. Minted on Base.,3079.gif,Candy Rave,Laser Sweep,Cub,Sleepy,Lei,Balloon
3080,Party Panda #3080,A looping cartoon party-panda PFP with real panda markings. Minted on Base.,3080.gif,Neon Club,No glow,Classic,Heart,Disco Afro,Boombox
3081,Party Panda #3081,A looping cartoon party-panda PFP with real panda markings. Minted on Base.,3081.gif,Bamboo Lounge,Disco Pulse,Tuxedo,Blink,Lei,Balloon
3082,Party Panda #3082,A looping cartoon party-panda PFP with real panda markings. Minted on Base.,3082.gif,Confetti Hall,Champagne Haze,Cub,Shades,Lei,Confetti
3083,Party Panda #3083,A looping cartoon party-panda PFP with real panda markings. Minted on Base.,3083.gif,Neon Club,No glow,Cub,Heart,Bare head,None
3084,Party Panda #3084,A looping cartoon party-panda PFP with real panda markings. Minted on Base.,3084.gif,Rooftop Glow,Laser Sweep,Peach,Blink,Headphones,Cocktail
3085,Party Panda #3085,A looping cartoon party-panda PFP with real panda markings. Minted on Base.,3085.gif,Neon Club,Neon Ring,Dancer,Sleepy,Headphones,Confetti
3086,Party Panda #3086,A looping cartoon party-panda PFP with real panda markings. Minted on Base.,3086.gif,Neon Club,Neon Ring,Dancer,Blink,Lei,Cocktail
3087,Party Panda #3087,A looping cartoon party-panda PFP with real panda markings. Minted on Base.,3087.gif,Disco Night,Sparkle Burst,Chubby,Heart,Headphones,Balloon
3088,Party Panda #3088,A looping cartoon party-panda PFP with real panda markings. Minted on Base.,3088.gif,Garden Party,Laser Sweep,Peach,Shades,Headphones,None
3089,Party Panda #3089,A looping cartoon party-panda PFP with real panda markings. Minted on Base.,3089.gif,Rooftop Glow,Neon Ring,Tuxedo,Heart,Headphones,None
3090,Party Panda #3090,A looping cartoon party-panda PFP with real panda markings. Minted on Base.,3090.gif,Confetti Hall,No glow,Chubby,Wink,Disco Afro,Balloon
3091,Party Panda #3091,A looping cartoon party-panda PFP with real panda markings. Minted on Base.,3091.gif,Confetti Hall,Laser Sweep,Peach,Shades,Bare head,None
3092,Party Panda #3092,A looping cartoon party-panda PFP with real panda markings. Minted on Base.,3092.gif,Moonlight,Champagne Haze,Tuxedo,Sleepy,Bare head,None
3093,Party Panda #3093,A looping cartoon party-panda PFP with real panda markings. Minted on Base.,3093.gif,Disco Night,No glow,Chubby,Blink,Tiny Crown,Sparkler
3094,Party Panda #3094,A looping cartoon party-panda PFP with real panda markings. Minted on Base.,3094.gif,Candy Rave,Disco Pulse,Tuxedo,Wink,Tiny Crown,None
3095,Party Panda #3095,A looping cartoon party-panda PFP with real panda markings. Minted on Base.,3095.gif,Bamboo Lounge,Disco Pulse,Dancer,Heart,Headphones,Cocktail
3096,Party Panda #3096,A looping cartoon party-panda PFP with real panda markings. Minted on Base.,3096.gif,Moonlight,Laser Sweep,Dancer,Blink,Tiny Crown,None
3097,Party Panda #3097,A looping cartoon party-panda PFP with real panda markings. Minted on Base.,3097.gif,Candy Rave,No glow,Dancer,Shades,Bare head,Balloon
3098,Party Panda #3098,A looping cartoon party-panda PFP with real panda markings. Minted on Base.,3098.gif,Candy Rave,Disco Pulse,Dancer,Sleepy,Tiny Crown,Balloon
3099,Party Panda #3099,A looping cartoon party-panda PFP with real panda markings. Minted on Base.,3099.gif,Candy Rave,Sparkle Burst,Dancer,Blink,Tiny Crown,Balloon
3100,Party Panda #3100,A looping cartoon party-panda PFP with real panda markings. Minted on Base.,3100.gif,Neon Club,Disco Pulse,Dancer,Shades,Bowtie,None
3101,Party Panda #3101,A looping cartoon party-panda PFP with real panda markings. Minted on Base.,3101.gif,Rooftop Glow,Sparkle Burst,Cub,Wink,Party Hat,Sparkler
3102,Party Panda #3102,A looping cartoon party-panda PFP with real panda markings. Minted on Base.,3102.gif,Confetti Hall,Disco Pulse,Classic,Wink,Tiny Crown,None
3103,Party Panda #3103,A looping cartoon party-panda PFP with real panda markings. Minted on Base.,3103.gif,Garden Party,Neon Ring,Cub,Shades,Bare head,None
3104,Party Panda #3104,A looping cartoon party-panda PFP with real panda markings. Minted on Base.,3104.gif,Moonlight,Champagne Haze,Peach,Wink,Party Hat,None
3105,Party Panda #3105,A looping cartoon party-panda PFP with real panda markings. Minted on Base.,3105.gif,Disco Night,Disco Pulse,Tuxedo,Blink,Disco Afro,None
3106,Party Panda #3106,A looping cartoon party-panda PFP with real panda markings. Minted on Base.,3106.gif,Garden Party,Champagne Haze,Dancer,Blink,Lei,Balloon
3107,Party Panda #3107,A looping cartoon party-panda PFP with real panda markings. Minted on Base.,3107.gif,Rooftop Glow,Sparkle Burst,Classic,Wink,Party Hat,None
3108,Party Panda #3108,A looping cartoon party-panda PFP with real panda markings. Minted on Base.,3108.gif,Disco Night,Disco Pulse,Dancer,Heart,Headphones,Boombox
3109,Party Panda #3109,A looping cartoon party-panda PFP with real panda markings. Minted on Base.,3109.gif,Disco Night,No glow,Tuxedo,Blink,Bowtie,Balloon
3110,Party Panda #3110,A looping cartoon party-panda PFP with real panda markings. Minted on Base.,3110.gif,Disco Night,Laser Sweep,Cub,Blink,Tiny Crown,Boombox
3111,Party Panda #3111,A looping cartoon party-panda PFP with real panda markings. Minted on Base.,3111.gif,Disco Night,Disco Pulse,Cub,Heart,Lei,Confetti
3112,Party Panda #3112,A looping cartoon party-panda PFP with real panda markings. Minted on Base.,3112.gif,Candy Rave,Disco Pulse,Chubby,Blink,Bowtie,Confetti
3113,Party Panda #3113,A looping cartoon party-panda PFP with real panda markings. Minted on Base.,3113.gif,Rooftop Glow,Laser Sweep,Peach,Blink,Lei,Confetti
3114,Party Panda #3114,A looping cartoon party-panda PFP with real panda markings. Minted on Base.,3114.gif,Rooftop Glow,Sparkle Burst,Peach,Sleepy,Bare head,Confetti
3115,Party Panda #3115,A looping cartoon party-panda PFP with real panda markings. Minted on Base.,3115.gif,Bamboo Lounge,No glow,Dancer,Spark,Lei,Cocktail
3116,Party Panda #3116,A looping cartoon party-panda PFP with real panda markings. Minted on Base.,3116.gif,Candy Rave,Neon Ring,Cub,Heart,Bare head,None
3117,Party Panda #3117,A looping cartoon party-panda PFP with real panda markings. Minted on Base.,3117.gif,Bamboo Lounge,Laser Sweep,Tuxedo,Wink,Party Hat,None
3118,Party Panda #3118,A looping cartoon party-panda PFP with real panda markings. Minted on Base.,3118.gif,Candy Rave,No glow,Chubby,Shades,Bowtie,Balloon
3119,Party Panda #3119,A looping cartoon party-panda PFP with real panda markings. Minted on Base.,3119.gif,Bamboo Lounge,No glow,Dancer,Heart,Tiny Crown,Confetti
3120,Party Panda #3120,A looping cartoon party-panda PFP with real panda markings. Minted on Base.,3120.gif,Garden Party,Disco Pulse,Peach,Sleepy,Bare head,Boombox
3121,Party Panda #3121,A looping cartoon party-panda PFP with real panda markings. Minted on Base.,3121.gif,Garden Party,No glow,Classic,Wink,Bare head,Sparkler
3122,Party Panda #3122,A looping cartoon party-panda PFP with real panda markings. Minted on Base.,3122.gif,Neon Club,No glow,Classic,Heart,Lei,Boombox
3123,Party Panda #3123,A looping cartoon party-panda PFP with real panda markings. Minted on Base.,3123.gif,Candy Rave,Disco Pulse,Dancer,Sleepy,Headphones,Sparkler
3124,Party Panda #3124,A looping cartoon party-panda PFP with real panda markings. Minted on Base.,3124.gif,Bamboo Lounge,Champagne Haze,Classic,Shades,Tiny Crown,Boombox
3125,Party Panda #3125,A looping cartoon party-panda PFP with real panda markings. Minted on Base.,3125.gif,Confetti Hall,Champagne Haze,Tuxedo,Wink,Disco Afro,Confetti
3126,Party Panda #3126,A looping cartoon party-panda PFP with real panda markings. Minted on Base.,3126.gif,Bamboo Lounge,Sparkle Burst,Tuxedo,Heart,Tiny Crown,Balloon
3127,Party Panda #3127,A looping cartoon party-panda PFP with real panda markings. Minted on Base.,3127.gif,Confetti Hall,Neon Ring,Tuxedo,Spark,Bare head,Balloon
3128,Party Panda #3128,A looping cartoon party-panda PFP with real panda markings. Minted on Base.,3128.gif,Bamboo Lounge,Disco Pulse,Cub,Spark,Tiny Crown,None
3129,Party Panda #3129,A looping cartoon party-panda PFP with real panda markings. Minted on Base.,3129.gif,Disco Night,No glow,Dancer,Blink,Bowtie,Confetti
3130,Party Panda #3130,A looping cartoon party-panda PFP with real panda markings. Minted on Base.,3130.gif,Neon Club,Disco Pulse,Tuxedo,Shades,Tiny Crown,Balloon
3131,Party Panda #3131,A looping cartoon party-panda PFP with real panda markings. Minted on Base.,3131.gif,Disco Night,Disco Pulse,Peach,Blink,Lei,Balloon
3132,Party Panda #3132,A looping cartoon party-panda PFP with real panda markings. Minted on Base.,3132.gif,Candy Rave,Sparkle Burst,Cub,Shades,Lei,None
3133,Party Panda #3133,A looping cartoon party-panda PFP with real panda markings. Minted on Base.,3133.gif,Garden Party,Disco Pulse,Peach,Sleepy,Headphones,Balloon
3134,Party Panda #3134,A looping cartoon party-panda PFP with real panda markings. Minted on Base.,3134.gif,Confetti Hall,Disco Pulse,Cub,Blink,Bowtie,Sparkler
3135,Party Panda #3135,A looping cartoon party-panda PFP with real panda markings. Minted on Base.,3135.gif,Confetti Hall,No glow,Cub,Shades,Headphones,Confetti
3136,Party Panda #3136,A looping cartoon party-panda PFP with real panda markings. Minted on Base.,3136.gif,Disco Night,Disco Pulse,Cub,Heart,Bare head,Confetti
3137,Party Panda #3137,A looping cartoon party-panda PFP with real panda markings. Minted on Base.,3137.gif,Bamboo Lounge,No glow,Peach,Blink,Party Hat,Cocktail
3138,Party Panda #3138,A looping cartoon party-panda PFP with real panda markings. Minted on Base.,3138.gif,Candy Rave,Disco Pulse,Dancer,Spark,Bowtie,Balloon
3139,Party Panda #3139,A looping cartoon party-panda PFP with real panda markings. Minted on Base.,3139.gif,Bamboo Lounge,No glow,Dancer,Shades,Party Hat,Sparkler
3140,Party Panda #3140,A looping cartoon party-panda PFP with real panda markings. Minted on Base.,3140.gif,Bamboo Lounge,Disco Pulse,Classic,Wink,Bowtie,Confetti
3141,Party Panda #3141,A looping cartoon party-panda PFP with real panda markings. Minted on Base.,3141.gif,Rooftop Glow,Laser Sweep,Chubby,Shades,Lei,Confetti
3142,Party Panda #3142,A looping cartoon party-panda PFP with real panda markings. Minted on Base.,3142.gif,Disco Night,Neon Ring,Dancer,Heart,Headphones,Sparkler
3143,Party Panda #3143,A looping cartoon party-panda PFP with real panda markings. Minted on Base.,3143.gif,Confetti Hall,No glow,Dancer,Blink,Disco Afro,None
3144,Party Panda #3144,A looping cartoon party-panda PFP with real panda markings. Minted on Base.,3144.gif,Bamboo Lounge,Neon Ring,Classic,Blink,Disco Afro,None
3145,Party Panda #3145,A looping cartoon party-panda PFP with real panda markings. Minted on Base.,3145.gif,Neon Club,Champagne Haze,Classic,Shades,Disco Afro,Confetti
3146,Party Panda #3146,A looping cartoon party-panda PFP with real panda markings. Minted on Base.,3146.gif,Neon Club,Sparkle Burst,Dancer,Shades,Lei,None
3147,Party Panda #3147,A looping cartoon party-panda PFP with real panda markings. Minted on Base.,3147.gif,Candy Rave,Laser Sweep,Classic,Heart,Party Hat,Confetti
3148,Party Panda #3148,A looping cartoon party-panda PFP with real panda markings. Minted on Base.,3148.gif,Rooftop Glow,No glow,Chubby,Sleepy,Lei,Sparkler
3149,Party Panda #3149,A looping cartoon party-panda PFP with real panda markings. Minted on Base.,3149.gif,Moonlight,Laser Sweep,Chubby,Shades,Lei,Confetti
3150,Party Panda #3150,A looping cartoon party-panda PFP with real panda markings. Minted on Base.,3150.gif,Garden Party,Disco Pulse,Chubby,Spark,Lei,Cocktail
3151,Party Panda #3151,A looping cartoon party-panda PFP with real panda markings. Minted on Base.,3151.gif,Rooftop Glow,No glow,Cub,Spark,Party Hat,Confetti
3152,Party Panda #3152,A looping cartoon party-panda PFP with real panda markings. Minted on Base.,3152.gif,Neon Club,Laser Sweep,Chubby,Wink,Disco Afro,Boombox
3153,Party Panda #3153,A looping cartoon party-panda PFP with real panda markings. Minted on Base.,3153.gif,Garden Party,Disco Pulse,Peach,Sleepy,Bare head,Confetti
3154,Party Panda #3154,A looping cartoon party-panda PFP with real panda markings. Minted on Base.,3154.gif,Rooftop Glow,No glow,Classic,Heart,Headphones,Cocktail
3155,Party Panda #3155,A looping cartoon party-panda PFP with real panda markings. Minted on Base.,3155.gif,Rooftop Glow,Champagne Haze,Classic,Heart,Bowtie,Balloon
3156,Party Panda #3156,A looping cartoon party-panda PFP with real panda markings. Minted on Base.,3156.gif,Garden Party,Champagne Haze,Cub,Heart,Bowtie,None
3157,Party Panda #3157,A looping cartoon party-panda PFP with real panda markings. Minted on Base.,3157.gif,Candy Rave,Sparkle Burst,Dancer,Spark,Bare head,Boombox
3158,Party Panda #3158,A looping cartoon party-panda PFP with real panda markings. Minted on Base.,3158.gif,Candy Rave,Disco Pulse,Cub,Spark,Bowtie,Cocktail
3159,Party Panda #3159,A looping cartoon party-panda PFP with real panda markings. Minted on Base.,3159.gif,Rooftop Glow,Laser Sweep,Classic,Wink,Bowtie,Cocktail
3160,Party Panda #3160,A looping cartoon party-panda PFP with real panda markings. Minted on Base.,3160.gif,Rooftop Glow,Laser Sweep,Dancer,Shades,Party Hat,Boombox
3161,Party Panda #3161,A looping cartoon party-panda PFP with real panda markings. Minted on Base.,3161.gif,Confetti Hall,No glow,Cub,Spark,Party Hat,Cocktail
3162,Party Panda #3162,A looping cartoon party-panda PFP with real panda markings. Minted on Base.,3162.gif,Confetti Hall,Sparkle Burst,Chubby,Sleepy,Headphones,None
3163,Party Panda #3163,A looping cartoon party-panda PFP with real panda markings. Minted on Base.,3163.gif,Candy Rave,Laser Sweep,Tuxedo,Sleepy,Tiny Crown,Boombox
3164,Party Panda #3164,A looping cartoon party-panda PFP with real panda markings. Minted on Base.,3164.gif,Rooftop Glow,Neon Ring,Peach,Shades,Bare head,Cocktail
3165,Party Panda #3165,A looping cartoon party-panda PFP with real panda markings. Minted on Base.,3165.gif,Rooftop Glow,Champagne Haze,Classic,Wink,Disco Afro,Confetti
3166,Party Panda #3166,A looping cartoon party-panda PFP with real panda markings. Minted on Base.,3166.gif,Disco Night,Neon Ring,Tuxedo,Blink,Tiny Crown,Sparkler
3167,Party Panda #3167,A looping cartoon party-panda PFP with real panda markings. Minted on Base.,3167.gif,Neon Club,Disco Pulse,Peach,Spark,Headphones,Confetti
3168,Party Panda #3168,A looping cartoon party-panda PFP with real panda markings. Minted on Base.,3168.gif,Neon Club,Sparkle Burst,Dancer,Blink,Disco Afro,Boombox
3169,Party Panda #3169,A looping cartoon party-panda PFP with real panda markings. Minted on Base.,3169.gif,Neon Club,Disco Pulse,Cub,Wink,Party Hat,Confetti
3170,Party Panda #3170,A looping cartoon party-panda PFP with real panda markings. Minted on Base.,3170.gif,Moonlight,Sparkle Burst,Chubby,Sleepy,Bare head,Cocktail
3171,Party Panda #3171,A looping cartoon party-panda PFP with real panda markings. Minted on Base.,3171.gif,Rooftop Glow,No glow,Tuxedo,Sleepy,Bare head,Sparkler
3172,Party Panda #3172,A looping cartoon party-panda PFP with real panda markings. Minted on Base.,3172.gif,Disco Night,Disco Pulse,Classic,Sleepy,Tiny Crown,Boombox
3173,Party Panda #3173,A looping cartoon party-panda PFP with real panda markings. Minted on Base.,3173.gif,Rooftop Glow,Disco Pulse,Dancer,Sleepy,Party Hat,Boombox
3174,Party Panda #3174,A looping cartoon party-panda PFP with real panda markings. Minted on Base.,3174.gif,Bamboo Lounge,Disco Pulse,Peach,Shades,Party Hat,Confetti
3175,Party Panda #3175,A looping cartoon party-panda PFP with real panda markings. Minted on Base.,3175.gif,Rooftop Glow,No glow,Tuxedo,Heart,Party Hat,Cocktail
3176,Party Panda #3176,A looping cartoon party-panda PFP with real panda markings. Minted on Base.,3176.gif,Rooftop Glow,Disco Pulse,Classic,Blink,Tiny Crown,None
3177,Party Panda #3177,A looping cartoon party-panda PFP with real panda markings. Minted on Base.,3177.gif,Rooftop Glow,Neon Ring,Peach,Shades,Tiny Crown,None
3178,Party Panda #3178,A looping cartoon party-panda PFP with real panda markings. Minted on Base.,3178.gif,Confetti Hall,No glow,Classic,Spark,Tiny Crown,Boombox
3179,Party Panda #3179,A looping cartoon party-panda PFP with real panda markings. Minted on Base.,3179.gif,Neon Club,Champagne Haze,Classic,Spark,Disco Afro,Boombox
3180,Party Panda #3180,A looping cartoon party-panda PFP with real panda markings. Minted on Base.,3180.gif,Neon Club,No glow,Cub,Shades,Headphones,Balloon
3181,Party Panda #3181,A looping cartoon party-panda PFP with real panda markings. Minted on Base.,3181.gif,Moonlight,No glow,Cub,Wink,Bare head,Sparkler
3182,Party Panda #3182,A looping cartoon party-panda PFP with real panda markings. Minted on Base.,3182.gif,Garden Party,Laser Sweep,Dancer,Shades,Bare head,None
3183,Party Panda #3183,A looping cartoon party-panda PFP with real panda markings. Minted on Base.,3183.gif,Confetti Hall,Champagne Haze,Cub,Shades,Headphones,Sparkler
3184,Party Panda #3184,A looping cartoon party-panda PFP with real panda markings. Minted on Base.,3184.gif,Rooftop Glow,Neon Ring,Chubby,Spark,Party Hat,Balloon
3185,Party Panda #3185,A looping cartoon party-panda PFP with real panda markings. Minted on Base.,3185.gif,Rooftop Glow,No glow,Peach,Heart,Bowtie,None
3186,Party Panda #3186,A looping cartoon party-panda PFP with real panda markings. Minted on Base.,3186.gif,Rooftop Glow,Champagne Haze,Tuxedo,Blink,Bowtie,Confetti
3187,Party Panda #3187,A looping cartoon party-panda PFP with real panda markings. Minted on Base.,3187.gif,Garden Party,No glow,Tuxedo,Wink,Tiny Crown,Boombox
3188,Party Panda #3188,A looping cartoon party-panda PFP with real panda markings. Minted on Base.,3188.gif,Rooftop Glow,Disco Pulse,Cub,Blink,Headphones,Cocktail
3189,Party Panda #3189,A looping cartoon party-panda PFP with real panda markings. Minted on Base.,3189.gif,Bamboo Lounge,Disco Pulse,Classic,Sleepy,Headphones,Sparkler
3190,Party Panda #3190,A looping cartoon party-panda PFP with real panda markings. Minted on Base.,3190.gif,Candy Rave,Neon Ring,Tuxedo,Spark,Disco Afro,Confetti
3191,Party Panda #3191,A looping cartoon party-panda PFP with real panda markings. Minted on Base.,3191.gif,Garden Party,Neon Ring,Chubby,Shades,Bare head,None
3192,Party Panda #3192,A looping cartoon party-panda PFP with real panda markings. Minted on Base.,3192.gif,Moonlight,Sparkle Burst,Dancer,Shades,Party Hat,Confetti
3193,Party Panda #3193,A looping cartoon party-panda PFP with real panda markings. Minted on Base.,3193.gif,Disco Night,Champagne Haze,Classic,Spark,Lei,Boombox
3194,Party Panda #3194,A looping cartoon party-panda PFP with real panda markings. Minted on Base.,3194.gif,Neon Club,No glow,Chubby,Blink,Bowtie,Confetti
3195,Party Panda #3195,A looping cartoon party-panda PFP with real panda markings. Minted on Base.,3195.gif,Candy Rave,Laser Sweep,Classic,Blink,Lei,Balloon
3196,Party Panda #3196,A looping cartoon party-panda PFP with real panda markings. Minted on Base.,3196.gif,Garden Party,Sparkle Burst,Cub,Wink,Bowtie,Sparkler
3197,Party Panda #3197,A looping cartoon party-panda PFP with real panda markings. Minted on Base.,3197.gif,Disco Night,Neon Ring,Classic,Wink,Bowtie,Cocktail
3198,Party Panda #3198,A looping cartoon party-panda PFP with real panda markings. Minted on Base.,3198.gif,Disco Night,Sparkle Burst,Peach,Spark,Lei,Sparkler
3199,Party Panda #3199,A looping cartoon party-panda PFP with real panda markings. Minted on Base.,3199.gif,Bamboo Lounge,No glow,Peach,Blink,Tiny Crown,Sparkler
3200,Party Panda #3200,A looping cartoon party-panda PFP with real panda markings. Minted on Base.,3200.gif,Neon Club,Champagne Haze,Chubby,Sleepy,Headphones,Sparkler
3201,Party Panda #3201,A looping cartoon party-panda PFP with real panda markings. Minted on Base.,3201.gif,Candy Rave,Disco Pulse,Tuxedo,Shades,Bare head,None
3202,Party Panda #3202,A looping cartoon party-panda PFP with real panda markings. Minted on Base.,3202.gif,Moonlight,Sparkle Burst,Cub,Heart,Party Hat,Sparkler
3203,Party Panda #3203,A looping cartoon party-panda PFP with real panda markings. Minted on Base.,3203.gif,Moonlight,Champagne Haze,Dancer,Blink,Headphones,Confetti
3204,Party Panda #3204,A looping cartoon party-panda PFP with real panda markings. Minted on Base.,3204.gif,Confetti Hall,No glow,Peach,Blink,Party Hat,Confetti
3205,Party Panda #3205,A looping cartoon party-panda PFP with real panda markings. Minted on Base.,3205.gif,Moonlight,Neon Ring,Chubby,Sleepy,Lei,Cocktail
3206,Party Panda #3206,A looping cartoon party-panda PFP with real panda markings. Minted on Base.,3206.gif,Bamboo Lounge,Champagne Haze,Chubby,Shades,Bowtie,Cocktail
3207,Party Panda #3207,A looping cartoon party-panda PFP with real panda markings. Minted on Base.,3207.gif,Rooftop Glow,Disco Pulse,Dancer,Spark,Tiny Crown,Boombox
3208,Party Panda #3208,A looping cartoon party-panda PFP with real panda markings. Minted on Base.,3208.gif,Rooftop Glow,Laser Sweep,Dancer,Blink,Disco Afro,Confetti
3209,Party Panda #3209,A looping cartoon party-panda PFP with real panda markings. Minted on Base.,3209.gif,Neon Club,Disco Pulse,Classic,Heart,Party Hat,Confetti
3210,Party Panda #3210,A looping cartoon party-panda PFP with real panda markings. Minted on Base.,3210.gif,Disco Night,Laser Sweep,Cub,Blink,Tiny Crown,Balloon
3211,Party Panda #3211,A looping cartoon party-panda PFP with real panda markings. Minted on Base.,3211.gif,Neon Club,Sparkle Burst,Cub,Spark,Disco Afro,Cocktail
3212,Party Panda #3212,A looping cartoon party-panda PFP with real panda markings. Minted on Base.,3212.gif,Neon Club,Laser Sweep,Cub,Heart,Party Hat,Boombox
3213,Party Panda #3213,A looping cartoon party-panda PFP with real panda markings. Minted on Base.,3213.gif,Disco Night,Sparkle Burst,Dancer,Sleepy,Bare head,Sparkler
3214,Party Panda #3214,A looping cartoon party-panda PFP with real panda markings. Minted on Base.,3214.gif,Neon Club,Laser Sweep,Classic,Blink,Disco Afro,Balloon
3215,Party Panda #3215,A looping cartoon party-panda PFP with real panda markings. Minted on Base.,3215.gif,Rooftop Glow,No glow,Tuxedo,Wink,Bare head,Cocktail
3216,Party Panda #3216,A looping cartoon party-panda PFP with real panda markings. Minted on Base.,3216.gif,Disco Night,No glow,Tuxedo,Spark,Lei,Balloon
3217,Party Panda #3217,A looping cartoon party-panda PFP with real panda markings. Minted on Base.,3217.gif,Candy Rave,Disco Pulse,Dancer,Spark,Bare head,Cocktail
3218,Party Panda #3218,A looping cartoon party-panda PFP with real panda markings. Minted on Base.,3218.gif,Garden Party,Neon Ring,Classic,Spark,Bare head,Balloon
3219,Party Panda #3219,A looping cartoon party-panda PFP with real panda markings. Minted on Base.,3219.gif,Rooftop Glow,Sparkle Burst,Tuxedo,Sleepy,Tiny Crown,Cocktail
3220,Party Panda #3220,A looping cartoon party-panda PFP with real panda markings. Minted on Base.,3220.gif,Disco Night,Neon Ring,Classic,Shades,Lei,Sparkler
3221,Party Panda #3221,A looping cartoon party-panda PFP with real panda markings. Minted on Base.,3221.gif,Rooftop Glow,Laser Sweep,Dancer,Spark,Tiny Crown,Cocktail
3222,Party Panda #3222,A looping cartoon party-panda PFP with real panda markings. Minted on Base.,3222.gif,Rooftop Glow,Laser Sweep,Classic,Blink,Headphones,None
3223,Party Panda #3223,A looping cartoon party-panda PFP with real panda markings. Minted on Base.,3223.gif,Rooftop Glow,Disco Pulse,Peach,Wink,Disco Afro,Balloon
3224,Party Panda #3224,A looping cartoon party-panda PFP with real panda markings. Minted on Base.,3224.gif,Disco Night,Champagne Haze,Chubby,Wink,Bowtie,Balloon
3225,Party Panda #3225,A looping cartoon party-panda PFP with real panda markings. Minted on Base.,3225.gif,Confetti Hall,No glow,Tuxedo,Blink,Tiny Crown,None
3226,Party Panda #3226,A looping cartoon party-panda PFP with real panda markings. Minted on Base.,3226.gif,Garden Party,Neon Ring,Peach,Wink,Bowtie,Boombox
3227,Party Panda #3227,A looping cartoon party-panda PFP with real panda markings. Minted on Base.,3227.gif,Bamboo Lounge,Neon Ring,Chubby,Spark,Bowtie,Sparkler
3228,Party Panda #3228,A looping cartoon party-panda PFP with real panda markings. Minted on Base.,3228.gif,Moonlight,Champagne Haze,Peach,Shades,Headphones,Confetti
3229,Party Panda #3229,A looping cartoon party-panda PFP with real panda markings. Minted on Base.,3229.gif,Bamboo Lounge,No glow,Cub,Sleepy,Bowtie,None
3230,Party Panda #3230,A looping cartoon party-panda PFP with real panda markings. Minted on Base.,3230.gif,Confetti Hall,Neon Ring,Peach,Blink,Tiny Crown,Confetti
3231,Party Panda #3231,A looping cartoon party-panda PFP with real panda markings. Minted on Base.,3231.gif,Neon Club,Sparkle Burst,Classic,Heart,Headphones,Balloon
3232,Party Panda #3232,A looping cartoon party-panda PFP with real panda markings. Minted on Base.,3232.gif,Bamboo Lounge,Laser Sweep,Classic,Wink,Party Hat,None
3233,Party Panda #3233,A looping cartoon party-panda PFP with real panda markings. Minted on Base.,3233.gif,Candy Rave,Laser Sweep,Chubby,Blink,Bare head,Boombox
3234,Party Panda #3234,A looping cartoon party-panda PFP with real panda markings. Minted on Base.,3234.gif,Moonlight,No glow,Classic,Blink,Headphones,Cocktail
3235,Party Panda #3235,A looping cartoon party-panda PFP with real panda markings. Minted on Base.,3235.gif,Bamboo Lounge,No glow,Classic,Wink,Bare head,Cocktail
3236,Party Panda #3236,A looping cartoon party-panda PFP with real panda markings. Minted on Base.,3236.gif,Neon Club,Champagne Haze,Chubby,Shades,Party Hat,None
3237,Party Panda #3237,A looping cartoon party-panda PFP with real panda markings. Minted on Base.,3237.gif,Bamboo Lounge,Disco Pulse,Cub,Spark,Party Hat,Confetti
3238,Party Panda #3238,A looping cartoon party-panda PFP with real panda markings. Minted on Base.,3238.gif,Confetti Hall,Laser Sweep,Chubby,Heart,Bowtie,Sparkler
3239,Party Panda #3239,A looping cartoon party-panda PFP with real panda markings. Minted on Base.,3239.gif,Neon Club,Disco Pulse,Peach,Shades,Disco Afro,Balloon
3240,Party Panda #3240,A looping cartoon party-panda PFP with real panda markings. Minted on Base.,3240.gif,Rooftop Glow,Sparkle Burst,Tuxedo,Blink,Bowtie,None
3241,Party Panda #3241,A looping cartoon party-panda PFP with real panda markings. Minted on Base.,3241.gif,Neon Club,Disco Pulse,Peach,Spark,Tiny Crown,Balloon
3242,Party Panda #3242,A looping cartoon party-panda PFP with real panda markings. Minted on Base.,3242.gif,Garden Party,No glow,Dancer,Wink,Headphones,Sparkler
3243,Party Panda #3243,A looping cartoon party-panda PFP with real panda markings. Minted on Base.,3243.gif,Confetti Hall,Laser Sweep,Peach,Shades,Bowtie,Cocktail
3244,Party Panda #3244,A looping cartoon party-panda PFP with real panda markings. Minted on Base.,3244.gif,Confetti Hall,Sparkle Burst,Chubby,Blink,Bare head,Confetti
3245,Party Panda #3245,A looping cartoon party-panda PFP with real panda markings. Minted on Base.,3245.gif,Moonlight,No glow,Chubby,Heart,Bare head,Confetti
3246,Party Panda #3246,A looping cartoon party-panda PFP with real panda markings. Minted on Base.,3246.gif,Candy Rave,Champagne Haze,Chubby,Wink,Party Hat,Cocktail
3247,Party Panda #3247,A looping cartoon party-panda PFP with real panda markings. Minted on Base.,3247.gif,Candy Rave,Laser Sweep,Classic,Shades,Bowtie,Sparkler
3248,Party Panda #3248,A looping cartoon party-panda PFP with real panda markings. Minted on Base.,3248.gif,Rooftop Glow,Neon Ring,Dancer,Heart,Bare head,Balloon
3249,Party Panda #3249,A looping cartoon party-panda PFP with real panda markings. Minted on Base.,3249.gif,Moonlight,No glow,Dancer,Wink,Tiny Crown,Balloon
3250,Party Panda #3250,A looping cartoon party-panda PFP with real panda markings. Minted on Base.,3250.gif,Disco Night,Laser Sweep,Chubby,Shades,Bowtie,None
3251,Party Panda #3251,A looping cartoon party-panda PFP with real panda markings. Minted on Base.,3251.gif,Rooftop Glow,No glow,Chubby,Blink,Lei,Cocktail
3252,Party Panda #3252,A looping cartoon party-panda PFP with real panda markings. Minted on Base.,3252.gif,Moonlight,No glow,Peach,Spark,Headphones,Balloon
3253,Party Panda #3253,A looping cartoon party-panda PFP with real panda markings. Minted on Base.,3253.gif,Garden Party,No glow,Classic,Spark,Bare head,Confetti
3254,Party Panda #3254,A looping cartoon party-panda PFP with real panda markings. Minted on Base.,3254.gif,Neon Club,Laser Sweep,Peach,Shades,Bare head,None
3255,Party Panda #3255,A looping cartoon party-panda PFP with real panda markings. Minted on Base.,3255.gif,Moonlight,Laser Sweep,Cub,Wink,Headphones,None
3256,Party Panda #3256,A looping cartoon party-panda PFP with real panda markings. Minted on Base.,3256.gif,Disco Night,Sparkle Burst,Peach,Wink,Tiny Crown,Confetti
3257,Party Panda #3257,A looping cartoon party-panda PFP with real panda markings. Minted on Base.,3257.gif,Candy Rave,No glow,Chubby,Blink,Bare head,Cocktail
3258,Party Panda #3258,A looping cartoon party-panda PFP with real panda markings. Minted on Base.,3258.gif,Rooftop Glow,Laser Sweep,Dancer,Wink,Party Hat,Cocktail
3259,Party Panda #3259,A looping cartoon party-panda PFP with real panda markings. Minted on Base.,3259.gif,Moonlight,Sparkle Burst,Cub,Wink,Lei,None
3260,Party Panda #3260,A looping cartoon party-panda PFP with real panda markings. Minted on Base.,3260.gif,Moonlight,Sparkle Burst,Dancer,Wink,Lei,None
3261,Party Panda #3261,A looping cartoon party-panda PFP with real panda markings. Minted on Base.,3261.gif,Garden Party,No glow,Chubby,Spark,Headphones,Confetti
3262,Party Panda #3262,A looping cartoon party-panda PFP with real panda markings. Minted on Base.,3262.gif,Bamboo Lounge,Disco Pulse,Dancer,Heart,Headphones,Confetti
3263,Party Panda #3263,A looping cartoon party-panda PFP with real panda markings. Minted on Base.,3263.gif,Rooftop Glow,No glow,Classic,Wink,Bare head,Confetti
3264,Party Panda #3264,A looping cartoon party-panda PFP with real panda markings. Minted on Base.,3264.gif,Neon Club,No glow,Chubby,Blink,Bare head,Confetti
3265,Party Panda #3265,A looping cartoon party-panda PFP with real panda markings. Minted on Base.,3265.gif,Disco Night,Neon Ring,Cub,Spark,Bare head,Balloon
3266,Party Panda #3266,A looping cartoon party-panda PFP with real panda markings. Minted on Base.,3266.gif,Moonlight,Disco Pulse,Dancer,Heart,Bare head,Balloon
3267,Party Panda #3267,A looping cartoon party-panda PFP with real panda markings. Minted on Base.,3267.gif,Disco Night,Sparkle Burst,Chubby,Blink,Party Hat,Sparkler
3268,Party Panda #3268,A looping cartoon party-panda PFP with real panda markings. Minted on Base.,3268.gif,Neon Club,Sparkle Burst,Peach,Shades,Bowtie,Boombox
3269,Party Panda #3269,A looping cartoon party-panda PFP with real panda markings. Minted on Base.,3269.gif,Confetti Hall,Neon Ring,Chubby,Wink,Bowtie,Cocktail
3270,Party Panda #3270,A looping cartoon party-panda PFP with real panda markings. Minted on Base.,3270.gif,Candy Rave,Sparkle Burst,Chubby,Wink,Headphones,None
3271,Party Panda #3271,A looping cartoon party-panda PFP with real panda markings. Minted on Base.,3271.gif,Rooftop Glow,Laser Sweep,Peach,Heart,Disco Afro,Sparkler
3272,Party Panda #3272,A looping cartoon party-panda PFP with real panda markings. Minted on Base.,3272.gif,Moonlight,Neon Ring,Peach,Wink,Lei,Sparkler
3273,Party Panda #3273,A looping cartoon party-panda PFP with real panda markings. Minted on Base.,3273.gif,Neon Club,Laser Sweep,Chubby,Spark,Headphones,Confetti
3274,Party Panda #3274,A looping cartoon party-panda PFP with real panda markings. Minted on Base.,3274.gif,Bamboo Lounge,Laser Sweep,Tuxedo,Wink,Tiny Crown,None
3275,Party Panda #3275,A looping cartoon party-panda PFP with real panda markings. Minted on Base.,3275.gif,Confetti Hall,Sparkle Burst,Classic,Shades,Bare head,Boombox
3276,Party Panda #3276,A looping cartoon party-panda PFP with real panda markings. Minted on Base.,3276.gif,Disco Night,No glow,Cub,Blink,Bowtie,Cocktail
3277,Party Panda #3277,A looping cartoon party-panda PFP with real panda markings. Minted on Base.,3277.gif,Garden Party,No glow,Classic,Heart,Headphones,None
3278,Party Panda #3278,A looping cartoon party-panda PFP with real panda markings. Minted on Base.,3278.gif,Neon Club,Laser Sweep,Cub,Heart,Party Hat,None
3279,Party Panda #3279,A looping cartoon party-panda PFP with real panda markings. Minted on Base.,3279.gif,Bamboo Lounge,Sparkle Burst,Dancer,Shades,Bowtie,None
3280,Party Panda #3280,A looping cartoon party-panda PFP with real panda markings. Minted on Base.,3280.gif,Moonlight,Laser Sweep,Peach,Blink,Tiny Crown,Balloon
3281,Party Panda #3281,A looping cartoon party-panda PFP with real panda markings. Minted on Base.,3281.gif,Moonlight,Laser Sweep,Tuxedo,Heart,Bare head,Cocktail
3282,Party Panda #3282,A looping cartoon party-panda PFP with real panda markings. Minted on Base.,3282.gif,Bamboo Lounge,No glow,Tuxedo,Blink,Party Hat,Boombox
3283,Party Panda #3283,A looping cartoon party-panda PFP with real panda markings. Minted on Base.,3283.gif,Confetti Hall,Laser Sweep,Chubby,Sleepy,Lei,Confetti
3284,Party Panda #3284,A looping cartoon party-panda PFP with real panda markings. Minted on Base.,3284.gif,Neon Club,Disco Pulse,Chubby,Blink,Bare head,Balloon
3285,Party Panda #3285,A looping cartoon party-panda PFP with real panda markings. Minted on Base.,3285.gif,Disco Night,No glow,Cub,Sleepy,Party Hat,None
3286,Party Panda #3286,A looping cartoon party-panda PFP with real panda markings. Minted on Base.,3286.gif,Bamboo Lounge,Neon Ring,Dancer,Wink,Tiny Crown,Cocktail
3287,Party Panda #3287,A looping cartoon party-panda PFP with real panda markings. Minted on Base.,3287.gif,Rooftop Glow,Disco Pulse,Dancer,Shades,Lei,Boombox
3288,Party Panda #3288,A looping cartoon party-panda PFP with real panda markings. Minted on Base.,3288.gif,Rooftop Glow,Neon Ring,Peach,Heart,Tiny Crown,Sparkler
3289,Party Panda #3289,A looping cartoon party-panda PFP with real panda markings. Minted on Base.,3289.gif,Candy Rave,Champagne Haze,Classic,Blink,Headphones,Balloon
3290,Party Panda #3290,A looping cartoon party-panda PFP with real panda markings. Minted on Base.,3290.gif,Neon Club,Sparkle Burst,Chubby,Shades,Party Hat,None
3291,Party Panda #3291,A looping cartoon party-panda PFP with real panda markings. Minted on Base.,3291.gif,Candy Rave,Disco Pulse,Dancer,Blink,Tiny Crown,Cocktail
3292,Party Panda #3292,A looping cartoon party-panda PFP with real panda markings. Minted on Base.,3292.gif,Garden Party,Laser Sweep,Classic,Heart,Tiny Crown,Sparkler
3293,Party Panda #3293,A looping cartoon party-panda PFP with real panda markings. Minted on Base.,3293.gif,Disco Night,No glow,Classic,Sleepy,Tiny Crown,Balloon
3294,Party Panda #3294,A looping cartoon party-panda PFP with real panda markings. Minted on Base.,3294.gif,Bamboo Lounge,Neon Ring,Chubby,Heart,Bare head,Boombox
3295,Party Panda #3295,A looping cartoon party-panda PFP with real panda markings. Minted on Base.,3295.gif,Disco Night,Disco Pulse,Tuxedo,Heart,Party Hat,Balloon
3296,Party Panda #3296,A looping cartoon party-panda PFP with real panda markings. Minted on Base.,3296.gif,Bamboo Lounge,Neon Ring,Peach,Blink,Lei,Sparkler
3297,Party Panda #3297,A looping cartoon party-panda PFP with real panda markings. Minted on Base.,3297.gif,Moonlight,Laser Sweep,Classic,Sleepy,Party Hat,Balloon
3298,Party Panda #3298,A looping cartoon party-panda PFP with real panda markings. Minted on Base.,3298.gif,Neon Club,Sparkle Burst,Tuxedo,Shades,Bowtie,Boombox
3299,Party Panda #3299,A looping cartoon party-panda PFP with real panda markings. Minted on Base.,3299.gif,Bamboo Lounge,Laser Sweep,Classic,Blink,Disco Afro,Confetti
3300,Party Panda #3300,A looping cartoon party-panda PFP with real panda markings. Minted on Base.,3300.gif,Moonlight,Laser Sweep,Chubby,Heart,Disco Afro,Cocktail
3301,Party Panda #3301,A looping cartoon party-panda PFP with real panda markings. Minted on Base.,3301.gif,Moonlight,Neon Ring,Tuxedo,Heart,Headphones,Confetti
3302,Party Panda #3302,A looping cartoon party-panda PFP with real panda markings. Minted on Base.,3302.gif,Bamboo Lounge,Champagne Haze,Chubby,Sleepy,Party Hat,Cocktail
3303,Party Panda #3303,A looping cartoon party-panda PFP with real panda markings. Minted on Base.,3303.gif,Disco Night,Champagne Haze,Cub,Sleepy,Disco Afro,Confetti
3304,Party Panda #3304,A looping cartoon party-panda PFP with real panda markings. Minted on Base.,3304.gif,Bamboo Lounge,Laser Sweep,Peach,Blink,Lei,Confetti
3305,Party Panda #3305,A looping cartoon party-panda PFP with real panda markings. Minted on Base.,3305.gif,Garden Party,Disco Pulse,Peach,Shades,Bare head,Cocktail
3306,Party Panda #3306,A looping cartoon party-panda PFP with real panda markings. Minted on Base.,3306.gif,Moonlight,No glow,Classic,Wink,Lei,Balloon
3307,Party Panda #3307,A looping cartoon party-panda PFP with real panda markings. Minted on Base.,3307.gif,Candy Rave,Laser Sweep,Cub,Sleepy,Tiny Crown,Confetti
3308,Party Panda #3308,A looping cartoon party-panda PFP with real panda markings. Minted on Base.,3308.gif,Rooftop Glow,No glow,Peach,Shades,Lei,Sparkler
3309,Party Panda #3309,A looping cartoon party-panda PFP with real panda markings. Minted on Base.,3309.gif,Neon Club,Disco Pulse,Chubby,Shades,Disco Afro,None
3310,Party Panda #3310,A looping cartoon party-panda PFP with real panda markings. Minted on Base.,3310.gif,Candy Rave,No glow,Chubby,Heart,Bare head,Balloon
3311,Party Panda #3311,A looping cartoon party-panda PFP with real panda markings. Minted on Base.,3311.gif,Bamboo Lounge,Disco Pulse,Cub,Shades,Lei,Balloon
3312,Party Panda #3312,A looping cartoon party-panda PFP with real panda markings. Minted on Base.,3312.gif,Neon Club,Sparkle Burst,Cub,Sleepy,Tiny Crown,Boombox
3313,Party Panda #3313,A looping cartoon party-panda PFP with real panda markings. Minted on Base.,3313.gif,Candy Rave,No glow,Tuxedo,Spark,Lei,Confetti
3314,Party Panda #3314,A looping cartoon party-panda PFP with real panda markings. Minted on Base.,3314.gif,Moonlight,No glow,Classic,Sleepy,Party Hat,Boombox
3315,Party Panda #3315,A looping cartoon party-panda PFP with real panda markings. Minted on Base.,3315.gif,Disco Night,Champagne Haze,Dancer,Wink,Disco Afro,Balloon
3316,Party Panda #3316,A looping cartoon party-panda PFP with real panda markings. Minted on Base.,3316.gif,Bamboo Lounge,Disco Pulse,Tuxedo,Heart,Tiny Crown,Confetti
3317,Party Panda #3317,A looping cartoon party-panda PFP with real panda markings. Minted on Base.,3317.gif,Candy Rave,No glow,Dancer,Blink,Lei,Sparkler
3318,Party Panda #3318,A looping cartoon party-panda PFP with real panda markings. Minted on Base.,3318.gif,Bamboo Lounge,Champagne Haze,Peach,Wink,Bowtie,Cocktail
3319,Party Panda #3319,A looping cartoon party-panda PFP with real panda markings. Minted on Base.,3319.gif,Neon Club,Neon Ring,Dancer,Wink,Party Hat,Cocktail
3320,Party Panda #3320,A looping cartoon party-panda PFP with real panda markings. Minted on Base.,3320.gif,Candy Rave,Sparkle Burst,Classic,Shades,Tiny Crown,Balloon
3321,Party Panda #3321,A looping cartoon party-panda PFP with real panda markings. Minted on Base.,3321.gif,Confetti Hall,Champagne Haze,Classic,Sleepy,Headphones,Confetti
3322,Party Panda #3322,A looping cartoon party-panda PFP with real panda markings. Minted on Base.,3322.gif,Garden Party,No glow,Classic,Sleepy,Party Hat,Confetti
3323,Party Panda #3323,A looping cartoon party-panda PFP with real panda markings. Minted on Base.,3323.gif,Rooftop Glow,No glow,Cub,Blink,Tiny Crown,Confetti
3324,Party Panda #3324,A looping cartoon party-panda PFP with real panda markings. Minted on Base.,3324.gif,Garden Party,Neon Ring,Cub,Heart,Disco Afro,Cocktail
3325,Party Panda #3325,A looping cartoon party-panda PFP with real panda markings. Minted on Base.,3325.gif,Bamboo Lounge,Sparkle Burst,Tuxedo,Heart,Headphones,None
3326,Party Panda #3326,A looping cartoon party-panda PFP with real panda markings. Minted on Base.,3326.gif,Bamboo Lounge,No glow,Peach,Blink,Lei,Sparkler
3327,Party Panda #3327,A looping cartoon party-panda PFP with real panda markings. Minted on Base.,3327.gif,Garden Party,Sparkle Burst,Peach,Heart,Headphones,None
3328,Party Panda #3328,A looping cartoon party-panda PFP with real panda markings. Minted on Base.,3328.gif,Moonlight,Laser Sweep,Cub,Sleepy,Tiny Crown,Confetti
3329,Party Panda #3329,A looping cartoon party-panda PFP with real panda markings. Minted on Base.,3329.gif,Disco Night,Sparkle Burst,Chubby,Blink,Party Hat,Confetti
3330,Party Panda #3330,A looping cartoon party-panda PFP with real panda markings. Minted on Base.,3330.gif,Confetti Hall,No glow,Classic,Spark,Disco Afro,Confetti
3331,Party Panda #3331,A looping cartoon party-panda PFP with real panda markings. Minted on Base.,3331.gif,Garden Party,No glow,Peach,Shades,Bowtie,None
3332,Party Panda #3332,A looping cartoon party-panda PFP with real panda markings. Minted on Base.,3332.gif,Confetti Hall,Neon Ring,Classic,Sleepy,Tiny Crown,Boombox
3333,Party Panda #3333,A looping cartoon party-panda PFP with real panda markings. Minted on Base.,3333.gif,Disco Night,No glow,Dancer,Spark,Party Hat,Boombox
3334,Party Panda #3334,A looping cartoon party-panda PFP with real panda markings. Minted on Base.,3334.gif,Garden Party,Neon Ring,Chubby,Blink,Disco Afro,Confetti
3335,Party Panda #3335,A looping cartoon party-panda PFP with real panda markings. Minted on Base.,3335.gif,Bamboo Lounge,Neon Ring,Dancer,Blink,Bare head,Sparkler
3336,Party Panda #3336,A looping cartoon party-panda PFP with real panda markings. Minted on Base.,3336.gif,Moonlight,Neon Ring,Classic,Spark,Disco Afro,None
3337,Party Panda #3337,A looping cartoon party-panda PFP with real panda markings. Minted on Base.,3337.gif,Rooftop Glow,Laser Sweep,Dancer,Shades,Tiny Crown,None
3338,Party Panda #3338,A looping cartoon party-panda PFP with real panda markings. Minted on Base.,3338.gif,Neon Club,Neon Ring,Peach,Wink,Disco Afro,Sparkler
3339,Party Panda #3339,A looping cartoon party-panda PFP with real panda markings. Minted on Base.,3339.gif,Rooftop Glow,Champagne Haze,Classic,Shades,Party Hat,Confetti
3340,Party Panda #3340,A looping cartoon party-panda PFP with real panda markings. Minted on Base.,3340.gif,Candy Rave,Laser Sweep,Dancer,Wink,Bowtie,Boombox
3341,Party Panda #3341,A looping cartoon party-panda PFP with real panda markings. Minted on Base.,3341.gif,Bamboo Lounge,Disco Pulse,Tuxedo,Wink,Tiny Crown,None
3342,Party Panda #3342,A looping cartoon party-panda PFP with real panda markings. Minted on Base.,3342.gif,Bamboo Lounge,No glow,Classic,Heart,Bowtie,Sparkler
3343,Party Panda #3343,A looping cartoon party-panda PFP with real panda markings. Minted on Base.,3343.gif,Neon Club,Neon Ring,Chubby,Blink,Bowtie,Balloon
3344,Party Panda #3344,A looping cartoon party-panda PFP with real panda markings. Minted on Base.,3344.gif,Moonlight,Laser Sweep,Tuxedo,Blink,Lei,Confetti
3345,Party Panda #3345,A looping cartoon party-panda PFP with real panda markings. Minted on Base.,3345.gif,Candy Rave,No glow,Classic,Spark,Party Hat,Sparkler
3346,Party Panda #3346,A looping cartoon party-panda PFP with real panda markings. Minted on Base.,3346.gif,Confetti Hall,Champagne Haze,Tuxedo,Blink,Disco Afro,None
3347,Party Panda #3347,A looping cartoon party-panda PFP with real panda markings. Minted on Base.,3347.gif,Neon Club,Sparkle Burst,Chubby,Spark,Headphones,Cocktail
3348,Party Panda #3348,A looping cartoon party-panda PFP with real panda markings. Minted on Base.,3348.gif,Candy Rave,Champagne Haze,Peach,Wink,Bowtie,Sparkler
3349,Party Panda #3349,A looping cartoon party-panda PFP with real panda markings. Minted on Base.,3349.gif,Moonlight,No glow,Dancer,Sleepy,Headphones,Cocktail
3350,Party Panda #3350,A looping cartoon party-panda PFP with real panda markings. Minted on Base.,3350.gif,Garden Party,Champagne Haze,Cub,Shades,Bare head,Confetti
3351,Party Panda #3351,A looping cartoon party-panda PFP with real panda markings. Minted on Base.,3351.gif,Rooftop Glow,Neon Ring,Dancer,Wink,Lei,Confetti
3352,Party Panda #3352,A looping cartoon party-panda PFP with real panda markings. Minted on Base.,3352.gif,Confetti Hall,Disco Pulse,Classic,Wink,Bowtie,Boombox
3353,Party Panda #3353,A looping cartoon party-panda PFP with real panda markings. Minted on Base.,3353.gif,Moonlight,Neon Ring,Chubby,Sleepy,Bowtie,Boombox
3354,Party Panda #3354,A looping cartoon party-panda PFP with real panda markings. Minted on Base.,3354.gif,Bamboo Lounge,Neon Ring,Peach,Blink,Bare head,Confetti
3355,Party Panda #3355,A looping cartoon party-panda PFP with real panda markings. Minted on Base.,3355.gif,Rooftop Glow,No glow,Chubby,Sleepy,Bare head,Confetti
3356,Party Panda #3356,A looping cartoon party-panda PFP with real panda markings. Minted on Base.,3356.gif,Candy Rave,No glow,Cub,Sleepy,Party Hat,Confetti
3357,Party Panda #3357,A looping cartoon party-panda PFP with real panda markings. Minted on Base.,3357.gif,Candy Rave,Sparkle Burst,Classic,Heart,Headphones,Cocktail
3358,Party Panda #3358,A looping cartoon party-panda PFP with real panda markings. Minted on Base.,3358.gif,Moonlight,Laser Sweep,Cub,Wink,Lei,None
3359,Party Panda #3359,A looping cartoon party-panda PFP with real panda markings. Minted on Base.,3359.gif,Disco Night,Neon Ring,Dancer,Shades,Headphones,Boombox
3360,Party Panda #3360,A looping cartoon party-panda PFP with real panda markings. Minted on Base.,3360.gif,Moonlight,Neon Ring,Peach,Spark,Bare head,Balloon
3361,Party Panda #3361,A looping cartoon party-panda PFP with real panda markings. Minted on Base.,3361.gif,Disco Night,Neon Ring,Classic,Heart,Party Hat,Balloon
3362,Party Panda #3362,A looping cartoon party-panda PFP with real panda markings. Minted on Base.,3362.gif,Rooftop Glow,Neon Ring,Classic,Blink,Tiny Crown,None
3363,Party Panda #3363,A looping cartoon party-panda PFP with real panda markings. Minted on Base.,3363.gif,Bamboo Lounge,Laser Sweep,Cub,Sleepy,Tiny Crown,Cocktail
3364,Party Panda #3364,A looping cartoon party-panda PFP with real panda markings. Minted on Base.,3364.gif,Neon Club,Neon Ring,Classic,Heart,Bowtie,Confetti
3365,Party Panda #3365,A looping cartoon party-panda PFP with real panda markings. Minted on Base.,3365.gif,Neon Club,Champagne Haze,Peach,Spark,Disco Afro,Cocktail
3366,Party Panda #3366,A looping cartoon party-panda PFP with real panda markings. Minted on Base.,3366.gif,Bamboo Lounge,Disco Pulse,Chubby,Wink,Tiny Crown,None
3367,Party Panda #3367,A looping cartoon party-panda PFP with real panda markings. Minted on Base.,3367.gif,Confetti Hall,Sparkle Burst,Cub,Blink,Disco Afro,Confetti
3368,Party Panda #3368,A looping cartoon party-panda PFP with real panda markings. Minted on Base.,3368.gif,Candy Rave,Champagne Haze,Tuxedo,Shades,Bare head,Sparkler
3369,Party Panda #3369,A looping cartoon party-panda PFP with real panda markings. Minted on Base.,3369.gif,Neon Club,Champagne Haze,Classic,Blink,Tiny Crown,None
3370,Party Panda #3370,A looping cartoon party-panda PFP with real panda markings. Minted on Base.,3370.gif,Rooftop Glow,No glow,Dancer,Wink,Bare head,Confetti
3371,Party Panda #3371,A looping cartoon party-panda PFP with real panda markings. Minted on Base.,3371.gif,Neon Club,No glow,Cub,Sleepy,Bare head,None
3372,Party Panda #3372,A looping cartoon party-panda PFP with real panda markings. Minted on Base.,3372.gif,Neon Club,Sparkle Burst,Chubby,Blink,Disco Afro,Balloon
3373,Party Panda #3373,A looping cartoon party-panda PFP with real panda markings. Minted on Base.,3373.gif,Bamboo Lounge,Laser Sweep,Chubby,Shades,Lei,None
3374,Party Panda #3374,A looping cartoon party-panda PFP with real panda markings. Minted on Base.,3374.gif,Candy Rave,Sparkle Burst,Tuxedo,Blink,Bowtie,None
3375,Party Panda #3375,A looping cartoon party-panda PFP with real panda markings. Minted on Base.,3375.gif,Rooftop Glow,No glow,Dancer,Heart,Party Hat,Confetti
3376,Party Panda #3376,A looping cartoon party-panda PFP with real panda markings. Minted on Base.,3376.gif,Neon Club,No glow,Peach,Blink,Headphones,Confetti
3377,Party Panda #3377,A looping cartoon party-panda PFP with real panda markings. Minted on Base.,3377.gif,Rooftop Glow,No glow,Peach,Heart,Lei,None
3378,Party Panda #3378,A looping cartoon party-panda PFP with real panda markings. Minted on Base.,3378.gif,Disco Night,Neon Ring,Classic,Blink,Bare head,Balloon
3379,Party Panda #3379,A looping cartoon party-panda PFP with real panda markings. Minted on Base.,3379.gif,Moonlight,Champagne Haze,Cub,Wink,Party Hat,None
3380,Party Panda #3380,A looping cartoon party-panda PFP with real panda markings. Minted on Base.,3380.gif,Garden Party,Laser Sweep,Classic,Heart,Party Hat,Boombox
3381,Party Panda #3381,A looping cartoon party-panda PFP with real panda markings. Minted on Base.,3381.gif,Rooftop Glow,Disco Pulse,Chubby,Sleepy,Party Hat,Cocktail
3382,Party Panda #3382,A looping cartoon party-panda PFP with real panda markings. Minted on Base.,3382.gif,Candy Rave,Sparkle Burst,Classic,Wink,Bowtie,Confetti
3383,Party Panda #3383,A looping cartoon party-panda PFP with real panda markings. Minted on Base.,3383.gif,Confetti Hall,Neon Ring,Dancer,Wink,Bowtie,Confetti
3384,Party Panda #3384,A looping cartoon party-panda PFP with real panda markings. Minted on Base.,3384.gif,Moonlight,No glow,Chubby,Sleepy,Party Hat,Cocktail
3385,Party Panda #3385,A looping cartoon party-panda PFP with real panda markings. Minted on Base.,3385.gif,Confetti Hall,No glow,Classic,Sleepy,Bare head,Confetti
3386,Party Panda #3386,A looping cartoon party-panda PFP with real panda markings. Minted on Base.,3386.gif,Bamboo Lounge,Sparkle Burst,Chubby,Blink,Tiny Crown,Sparkler
3387,Party Panda #3387,A looping cartoon party-panda PFP with real panda markings. Minted on Base.,3387.gif,Disco Night,Champagne Haze,Tuxedo,Spark,Tiny Crown,None
3388,Party Panda #3388,A looping cartoon party-panda PFP with real panda markings. Minted on Base.,3388.gif,Disco Night,Laser Sweep,Chubby,Wink,Lei,Sparkler
3389,Party Panda #3389,A looping cartoon party-panda PFP with real panda markings. Minted on Base.,3389.gif,Neon Club,Disco Pulse,Peach,Wink,Party Hat,Balloon
3390,Party Panda #3390,A looping cartoon party-panda PFP with real panda markings. Minted on Base.,3390.gif,Confetti Hall,Sparkle Burst,Cub,Sleepy,Tiny Crown,Balloon
3391,Party Panda #3391,A looping cartoon party-panda PFP with real panda markings. Minted on Base.,3391.gif,Rooftop Glow,Sparkle Burst,Dancer,Wink,Headphones,None
3392,Party Panda #3392,A looping cartoon party-panda PFP with real panda markings. Minted on Base.,3392.gif,Candy Rave,Disco Pulse,Tuxedo,Blink,Disco Afro,Cocktail
3393,Party Panda #3393,A looping cartoon party-panda PFP with real panda markings. Minted on Base.,3393.gif,Neon Club,Disco Pulse,Classic,Spark,Tiny Crown,Confetti
3394,Party Panda #3394,A looping cartoon party-panda PFP with real panda markings. Minted on Base.,3394.gif,Confetti Hall,Champagne Haze,Classic,Blink,Disco Afro,Balloon
3395,Party Panda #3395,A looping cartoon party-panda PFP with real panda markings. Minted on Base.,3395.gif,Garden Party,Sparkle Burst,Tuxedo,Shades,Bowtie,Sparkler
3396,Party Panda #3396,A looping cartoon party-panda PFP with real panda markings. Minted on Base.,3396.gif,Disco Night,Sparkle Burst,Classic,Spark,Party Hat,Sparkler
3397,Party Panda #3397,A looping cartoon party-panda PFP with real panda markings. Minted on Base.,3397.gif,Garden Party,Champagne Haze,Cub,Blink,Headphones,Confetti
3398,Party Panda #3398,A looping cartoon party-panda PFP with real panda markings. Minted on Base.,3398.gif,Garden Party,Sparkle Burst,Tuxedo,Wink,Headphones,Confetti
3399,Party Panda #3399,A looping cartoon party-panda PFP with real panda markings. Minted on Base.,3399.gif,Bamboo Lounge,No glow,Peach,Shades,Bare head,Confetti
3400,Party Panda #3400,A looping cartoon party-panda PFP with real panda markings. Minted on Base.,3400.gif,Bamboo Lounge,Sparkle Burst,Classic,Heart,Party Hat,Sparkler
3401,Party Panda #3401,A looping cartoon party-panda PFP with real panda markings. Minted on Base.,3401.gif,Bamboo Lounge,Neon Ring,Peach,Sleepy,Bowtie,Boombox
3402,Party Panda #3402,A looping cartoon party-panda PFP with real panda markings. Minted on Base.,3402.gif,Bamboo Lounge,Laser Sweep,Dancer,Spark,Bare head,Balloon
3403,Party Panda #3403,A looping cartoon party-panda PFP with real panda markings. Minted on Base.,3403.gif,Moonlight,Disco Pulse,Chubby,Wink,Bare head,Balloon
3404,Party Panda #3404,A looping cartoon party-panda PFP with real panda markings. Minted on Base.,3404.gif,Confetti Hall,Champagne Haze,Classic,Shades,Bowtie,Balloon
3405,Party Panda #3405,A looping cartoon party-panda PFP with real panda markings. Minted on Base.,3405.gif,Disco Night,Disco Pulse,Dancer,Wink,Lei,Confetti
3406,Party Panda #3406,A looping cartoon party-panda PFP with real panda markings. Minted on Base.,3406.gif,Bamboo Lounge,Laser Sweep,Tuxedo,Shades,Bare head,Balloon
3407,Party Panda #3407,A looping cartoon party-panda PFP with real panda markings. Minted on Base.,3407.gif,Rooftop Glow,Neon Ring,Tuxedo,Sleepy,Bare head,Sparkler
3408,Party Panda #3408,A looping cartoon party-panda PFP with real panda markings. Minted on Base.,3408.gif,Garden Party,Disco Pulse,Dancer,Wink,Bowtie,None
3409,Party Panda #3409,A looping cartoon party-panda PFP with real panda markings. Minted on Base.,3409.gif,Bamboo Lounge,No glow,Classic,Wink,Bowtie,Sparkler
3410,Party Panda #3410,A looping cartoon party-panda PFP with real panda markings. Minted on Base.,3410.gif,Confetti Hall,Champagne Haze,Tuxedo,Wink,Lei,Cocktail
3411,Party Panda #3411,A looping cartoon party-panda PFP with real panda markings. Minted on Base.,3411.gif,Disco Night,No glow,Chubby,Blink,Lei,Confetti
3412,Party Panda #3412,A looping cartoon party-panda PFP with real panda markings. Minted on Base.,3412.gif,Candy Rave,Disco Pulse,Tuxedo,Blink,Bowtie,Balloon
3413,Party Panda #3413,A looping cartoon party-panda PFP with real panda markings. Minted on Base.,3413.gif,Candy Rave,Neon Ring,Cub,Sleepy,Tiny Crown,Balloon
3414,Party Panda #3414,A looping cartoon party-panda PFP with real panda markings. Minted on Base.,3414.gif,Garden Party,No glow,Cub,Blink,Bowtie,Balloon
3415,Party Panda #3415,A looping cartoon party-panda PFP with real panda markings. Minted on Base.,3415.gif,Bamboo Lounge,Sparkle Burst,Chubby,Spark,Disco Afro,Cocktail
3416,Party Panda #3416,A looping cartoon party-panda PFP with real panda markings. Minted on Base.,3416.gif,Bamboo Lounge,Neon Ring,Tuxedo,Sleepy,Bare head,Cocktail
3417,Party Panda #3417,A looping cartoon party-panda PFP with real panda markings. Minted on Base.,3417.gif,Bamboo Lounge,Disco Pulse,Chubby,Wink,Bare head,Balloon
3418,Party Panda #3418,A looping cartoon party-panda PFP with real panda markings. Minted on Base.,3418.gif,Garden Party,Laser Sweep,Cub,Blink,Tiny Crown,Balloon
3419,Party Panda #3419,A looping cartoon party-panda PFP with real panda markings. Minted on Base.,3419.gif,Disco Night,Neon Ring,Tuxedo,Sleepy,Lei,Sparkler
3420,Party Panda #3420,A looping cartoon party-panda PFP with real panda markings. Minted on Base.,3420.gif,Rooftop Glow,Champagne Haze,Tuxedo,Spark,Bowtie,None
3421,Party Panda #3421,A looping cartoon party-panda PFP with real panda markings. Minted on Base.,3421.gif,Candy Rave,Laser Sweep,Peach,Wink,Headphones,None
3422,Party Panda #3422,A looping cartoon party-panda PFP with real panda markings. Minted on Base.,3422.gif,Rooftop Glow,Sparkle Burst,Peach,Spark,Lei,Cocktail
3423,Party Panda #3423,A looping cartoon party-panda PFP with real panda markings. Minted on Base.,3423.gif,Confetti Hall,Sparkle Burst,Tuxedo,Shades,Party Hat,Boombox
3424,Party Panda #3424,A looping cartoon party-panda PFP with real panda markings. Minted on Base.,3424.gif,Garden Party,Neon Ring,Cub,Spark,Bare head,Confetti
3425,Party Panda #3425,A looping cartoon party-panda PFP with real panda markings. Minted on Base.,3425.gif,Garden Party,Disco Pulse,Classic,Sleepy,Headphones,Confetti
3426,Party Panda #3426,A looping cartoon party-panda PFP with real panda markings. Minted on Base.,3426.gif,Candy Rave,Laser Sweep,Peach,Sleepy,Disco Afro,Confetti
3427,Party Panda #3427,A looping cartoon party-panda PFP with real panda markings. Minted on Base.,3427.gif,Bamboo Lounge,Disco Pulse,Chubby,Wink,Bowtie,Confetti
3428,Party Panda #3428,A looping cartoon party-panda PFP with real panda markings. Minted on Base.,3428.gif,Candy Rave,Neon Ring,Peach,Spark,Headphones,Cocktail
3429,Party Panda #3429,A looping cartoon party-panda PFP with real panda markings. Minted on Base.,3429.gif,Disco Night,Sparkle Burst,Chubby,Heart,Bare head,Confetti
3430,Party Panda #3430,A looping cartoon party-panda PFP with real panda markings. Minted on Base.,3430.gif,Neon Club,Sparkle Burst,Cub,Sleepy,Bowtie,Balloon
3431,Party Panda #3431,A looping cartoon party-panda PFP with real panda markings. Minted on Base.,3431.gif,Candy Rave,Champagne Haze,Peach,Wink,Lei,Cocktail
3432,Party Panda #3432,A looping cartoon party-panda PFP with real panda markings. Minted on Base.,3432.gif,Bamboo Lounge,Sparkle Burst,Peach,Wink,Tiny Crown,Sparkler
3433,Party Panda #3433,A looping cartoon party-panda PFP with real panda markings. Minted on Base.,3433.gif,Disco Night,Champagne Haze,Classic,Spark,Tiny Crown,Balloon
3434,Party Panda #3434,A looping cartoon party-panda PFP with real panda markings. Minted on Base.,3434.gif,Neon Club,Sparkle Burst,Tuxedo,Wink,Disco Afro,Boombox
3435,Party Panda #3435,A looping cartoon party-panda PFP with real panda markings. Minted on Base.,3435.gif,Bamboo Lounge,Disco Pulse,Dancer,Blink,Headphones,Confetti
3436,Party Panda #3436,A looping cartoon party-panda PFP with real panda markings. Minted on Base.,3436.gif,Confetti Hall,Neon Ring,Dancer,Shades,Tiny Crown,Cocktail
3437,Party Panda #3437,A looping cartoon party-panda PFP with real panda markings. Minted on Base.,3437.gif,Disco Night,Sparkle Burst,Classic,Heart,Tiny Crown,Sparkler
3438,Party Panda #3438,A looping cartoon party-panda PFP with real panda markings. Minted on Base.,3438.gif,Rooftop Glow,Disco Pulse,Cub,Sleepy,Disco Afro,None
3439,Party Panda #3439,A looping cartoon party-panda PFP with real panda markings. Minted on Base.,3439.gif,Rooftop Glow,Disco Pulse,Cub,Blink,Party Hat,Confetti
3440,Party Panda #3440,A looping cartoon party-panda PFP with real panda markings. Minted on Base.,3440.gif,Disco Night,Disco Pulse,Classic,Blink,Bare head,None
3441,Party Panda #3441,A looping cartoon party-panda PFP with real panda markings. Minted on Base.,3441.gif,Bamboo Lounge,Disco Pulse,Dancer,Blink,Bare head,Boombox
3442,Party Panda #3442,A looping cartoon party-panda PFP with real panda markings. Minted on Base.,3442.gif,Neon Club,Laser Sweep,Dancer,Spark,Bowtie,Boombox
3443,Party Panda #3443,A looping cartoon party-panda PFP with real panda markings. Minted on Base.,3443.gif,Moonlight,Laser Sweep,Chubby,Spark,Bowtie,None
3444,Party Panda #3444,A looping cartoon party-panda PFP with real panda markings. Minted on Base.,3444.gif,Rooftop Glow,No glow,Tuxedo,Spark,Disco Afro,None
3445,Party Panda #3445,A looping cartoon party-panda PFP with real panda markings. Minted on Base.,3445.gif,Candy Rave,Neon Ring,Tuxedo,Blink,Bare head,None
3446,Party Panda #3446,A looping cartoon party-panda PFP with real panda markings. Minted on Base.,3446.gif,Disco Night,Champagne Haze,Chubby,Shades,Headphones,Boombox
3447,Party Panda #3447,A looping cartoon party-panda PFP with real panda markings. Minted on Base.,3447.gif,Rooftop Glow,No glow,Cub,Sleepy,Bare head,None
3448,Party Panda #3448,A looping cartoon party-panda PFP with real panda markings. Minted on Base.,3448.gif,Candy Rave,Champagne Haze,Peach,Blink,Headphones,Boombox
3449,Party Panda #3449,A looping cartoon party-panda PFP with real panda markings. Minted on Base.,3449.gif,Candy Rave,No glow,Classic,Heart,Lei,Sparkler
3450,Party Panda #3450,A looping cartoon party-panda PFP with real panda markings. Minted on Base.,3450.gif,Neon Club,Disco Pulse,Classic,Sleepy,Lei,Balloon
3451,Party Panda #3451,A looping cartoon party-panda PFP with real panda markings. Minted on Base.,3451.gif,Confetti Hall,Champagne Haze,Tuxedo,Blink,Party Hat,Sparkler
3452,Party Panda #3452,A looping cartoon party-panda PFP with real panda markings. Minted on Base.,3452.gif,Rooftop Glow,Laser Sweep,Dancer,Heart,Lei,None
3453,Party Panda #3453,A looping cartoon party-panda PFP with real panda markings. Minted on Base.,3453.gif,Disco Night,Disco Pulse,Dancer,Heart,Bare head,Confetti
3454,Party Panda #3454,A looping cartoon party-panda PFP with real panda markings. Minted on Base.,3454.gif,Candy Rave,Neon Ring,Cub,Shades,Tiny Crown,Balloon
3455,Party Panda #3455,A looping cartoon party-panda PFP with real panda markings. Minted on Base.,3455.gif,Confetti Hall,Sparkle Burst,Cub,Wink,Lei,Cocktail
3456,Party Panda #3456,A looping cartoon party-panda PFP with real panda markings. Minted on Base.,3456.gif,Moonlight,Sparkle Burst,Peach,Shades,Bowtie,Balloon
3457,Party Panda #3457,A looping cartoon party-panda PFP with real panda markings. Minted on Base.,3457.gif,Neon Club,Champagne Haze,Chubby,Blink,Disco Afro,None
3458,Party Panda #3458,A looping cartoon party-panda PFP with real panda markings. Minted on Base.,3458.gif,Neon Club,Disco Pulse,Peach,Shades,Headphones,None
3459,Party Panda #3459,A looping cartoon party-panda PFP with real panda markings. Minted on Base.,3459.gif,Garden Party,Neon Ring,Chubby,Blink,Headphones,Balloon
3460,Party Panda #3460,A looping cartoon party-panda PFP with real panda markings. Minted on Base.,3460.gif,Garden Party,No glow,Chubby,Sleepy,Lei,Boombox
3461,Party Panda #3461,A looping cartoon party-panda PFP with real panda markings. Minted on Base.,3461.gif,Garden Party,Disco Pulse,Chubby,Spark,Bare head,Confetti
3462,Party Panda #3462,A looping cartoon party-panda PFP with real panda markings. Minted on Base.,3462.gif,Neon Club,Neon Ring,Cub,Spark,Bare head,Cocktail
3463,Party Panda #3463,A looping cartoon party-panda PFP with real panda markings. Minted on Base.,3463.gif,Candy Rave,Sparkle Burst,Classic,Wink,Bare head,None
3464,Party Panda #3464,A looping cartoon party-panda PFP with real panda markings. Minted on Base.,3464.gif,Bamboo Lounge,Champagne Haze,Dancer,Sleepy,Headphones,None
3465,Party Panda #3465,A looping cartoon party-panda PFP with real panda markings. Minted on Base.,3465.gif,Moonlight,Sparkle Burst,Chubby,Shades,Bowtie,Cocktail
3466,Party Panda #3466,A looping cartoon party-panda PFP with real panda markings. Minted on Base.,3466.gif,Bamboo Lounge,Neon Ring,Chubby,Spark,Bare head,Boombox
3467,Party Panda #3467,A looping cartoon party-panda PFP with real panda markings. Minted on Base.,3467.gif,Moonlight,No glow,Chubby,Shades,Bare head,None
3468,Party Panda #3468,A looping cartoon party-panda PFP with real panda markings. Minted on Base.,3468.gif,Disco Night,Neon Ring,Classic,Spark,Tiny Crown,None
3469,Party Panda #3469,A looping cartoon party-panda PFP with real panda markings. Minted on Base.,3469.gif,Disco Night,Neon Ring,Classic,Sleepy,Lei,Boombox
3470,Party Panda #3470,A looping cartoon party-panda PFP with real panda markings. Minted on Base.,3470.gif,Bamboo Lounge,Laser Sweep,Peach,Wink,Tiny Crown,Sparkler
3471,Party Panda #3471,A looping cartoon party-panda PFP with real panda markings. Minted on Base.,3471.gif,Bamboo Lounge,Laser Sweep,Tuxedo,Shades,Headphones,Boombox
3472,Party Panda #3472,A looping cartoon party-panda PFP with real panda markings. Minted on Base.,3472.gif,Disco Night,Sparkle Burst,Chubby,Shades,Party Hat,Boombox
3473,Party Panda #3473,A looping cartoon party-panda PFP with real panda markings. Minted on Base.,3473.gif,Disco Night,No glow,Dancer,Sleepy,Bare head,Cocktail
3474,Party Panda #3474,A looping cartoon party-panda PFP with real panda markings. Minted on Base.,3474.gif,Confetti Hall,Champagne Haze,Cub,Blink,Bare head,Boombox
3475,Party Panda #3475,A looping cartoon party-panda PFP with real panda markings. Minted on Base.,3475.gif,Bamboo Lounge,Neon Ring,Classic,Sleepy,Lei,None
3476,Party Panda #3476,A looping cartoon party-panda PFP with real panda markings. Minted on Base.,3476.gif,Bamboo Lounge,No glow,Chubby,Heart,Bowtie,Cocktail
3477,Party Panda #3477,A looping cartoon party-panda PFP with real panda markings. Minted on Base.,3477.gif,Moonlight,Disco Pulse,Chubby,Spark,Bowtie,Boombox
3478,Party Panda #3478,A looping cartoon party-panda PFP with real panda markings. Minted on Base.,3478.gif,Garden Party,Disco Pulse,Classic,Blink,Bowtie,Confetti
3479,Party Panda #3479,A looping cartoon party-panda PFP with real panda markings. Minted on Base.,3479.gif,Candy Rave,Laser Sweep,Classic,Blink,Headphones,Sparkler
3480,Party Panda #3480,A looping cartoon party-panda PFP with real panda markings. Minted on Base.,3480.gif,Garden Party,Disco Pulse,Peach,Heart,Disco Afro,Cocktail
3481,Party Panda #3481,A looping cartoon party-panda PFP with real panda markings. Minted on Base.,3481.gif,Disco Night,No glow,Chubby,Spark,Bare head,Sparkler
3482,Party Panda #3482,A looping cartoon party-panda PFP with real panda markings. Minted on Base.,3482.gif,Bamboo Lounge,Neon Ring,Chubby,Wink,Headphones,Cocktail
3483,Party Panda #3483,A looping cartoon party-panda PFP with real panda markings. Minted on Base.,3483.gif,Confetti Hall,Disco Pulse,Chubby,Sleepy,Headphones,Boombox
3484,Party Panda #3484,A looping cartoon party-panda PFP with real panda markings. Minted on Base.,3484.gif,Bamboo Lounge,No glow,Tuxedo,Blink,Bare head,Confetti
3485,Party Panda #3485,A looping cartoon party-panda PFP with real panda markings. Minted on Base.,3485.gif,Bamboo Lounge,Neon Ring,Dancer,Blink,Party Hat,Confetti
3486,Party Panda #3486,A looping cartoon party-panda PFP with real panda markings. Minted on Base.,3486.gif,Neon Club,Neon Ring,Classic,Sleepy,Party Hat,Boombox
3487,Party Panda #3487,A looping cartoon party-panda PFP with real panda markings. Minted on Base.,3487.gif,Candy Rave,Champagne Haze,Chubby,Spark,Bowtie,Balloon
3488,Party Panda #3488,A looping cartoon party-panda PFP with real panda markings. Minted on Base.,3488.gif,Bamboo Lounge,Disco Pulse,Dancer,Spark,Bare head,None
3489,Party Panda #3489,A looping cartoon party-panda PFP with real panda markings. Minted on Base.,3489.gif,Neon Club,No glow,Cub,Heart,Bowtie,Balloon
3490,Party Panda #3490,A looping cartoon party-panda PFP with real panda markings. Minted on Base.,3490.gif,Bamboo Lounge,Sparkle Burst,Chubby,Shades,Party Hat,Boombox
3491,Party Panda #3491,A looping cartoon party-panda PFP with real panda markings. Minted on Base.,3491.gif,Rooftop Glow,No glow,Classic,Blink,Tiny Crown,Confetti
3492,Party Panda #3492,A looping cartoon party-panda PFP with real panda markings. Minted on Base.,3492.gif,Disco Night,Laser Sweep,Peach,Sleepy,Party Hat,Sparkler
3493,Party Panda #3493,A looping cartoon party-panda PFP with real panda markings. Minted on Base.,3493.gif,Confetti Hall,Disco Pulse,Classic,Wink,Headphones,Balloon
3494,Party Panda #3494,A looping cartoon party-panda PFP with real panda markings. Minted on Base.,3494.gif,Disco Night,No glow,Chubby,Spark,Party Hat,Confetti
3495,Party Panda #3495,A looping cartoon party-panda PFP with real panda markings. Minted on Base.,3495.gif,Candy Rave,Laser Sweep,Cub,Blink,Party Hat,Confetti
3496,Party Panda #3496,A looping cartoon party-panda PFP with real panda markings. Minted on Base.,3496.gif,Neon Club,No glow,Cub,Blink,Party Hat,Balloon
3497,Party Panda #3497,A looping cartoon party-panda PFP with real panda markings. Minted on Base.,3497.gif,Garden Party,Champagne Haze,Dancer,Shades,Disco Afro,Cocktail
3498,Party Panda #3498,A looping cartoon party-panda PFP with real panda markings. Minted on Base.,3498.gif,Garden Party,No glow,Classic,Blink,Tiny Crown,Balloon
3499,Party Panda #3499,A looping cartoon party-panda PFP with real panda markings. Minted on Base.,3499.gif,Rooftop Glow,No glow,Classic,Spark,Lei,None
3500,Party Panda #3500,A looping cartoon party-panda PFP with real panda markings. Minted on Base.,3500.gif,Confetti Hall,Laser Sweep,Dancer,Wink,Tiny Crown,None
3501,Party Panda #3501,A looping cartoon party-panda PFP with real panda markings. Minted on Base.,3501.gif,Disco Night,Neon Ring,Tuxedo,Sleepy,Lei,Cocktail
3502,Party Panda #3502,A looping cartoon party-panda PFP with real panda markings. Minted on Base.,3502.gif,Bamboo Lounge,Laser Sweep,Chubby,Sleepy,Party Hat,Confetti
3503,Party Panda #3503,A looping cartoon party-panda PFP with real panda markings. Minted on Base.,3503.gif,Confetti Hall,No glow,Chubby,Blink,Disco Afro,Balloon
3504,Party Panda #3504,A looping cartoon party-panda PFP with real panda markings. Minted on Base.,3504.gif,Garden Party,Sparkle Burst,Tuxedo,Spark,Lei,Balloon
3505,Party Panda #3505,A looping cartoon party-panda PFP with real panda markings. Minted on Base.,3505.gif,Neon Club,Neon Ring,Dancer,Sleepy,Bare head,Balloon
3506,Party Panda #3506,A looping cartoon party-panda PFP with real panda markings. Minted on Base.,3506.gif,Disco Night,Disco Pulse,Chubby,Blink,Party Hat,Boombox
3507,Party Panda #3507,A looping cartoon party-panda PFP with real panda markings. Minted on Base.,3507.gif,Rooftop Glow,No glow,Classic,Blink,Disco Afro,Confetti
3508,Party Panda #3508,A looping cartoon party-panda PFP with real panda markings. Minted on Base.,3508.gif,Bamboo Lounge,Neon Ring,Tuxedo,Blink,Tiny Crown,Balloon
3509,Party Panda #3509,A looping cartoon party-panda PFP with real panda markings. Minted on Base.,3509.gif,Disco Night,Sparkle Burst,Peach,Blink,Tiny Crown,Sparkler
3510,Party Panda #3510,A looping cartoon party-panda PFP with real panda markings. Minted on Base.,3510.gif,Confetti Hall,No glow,Dancer,Wink,Bare head,Balloon
3511,Party Panda #3511,A looping cartoon party-panda PFP with real panda markings. Minted on Base.,3511.gif,Disco Night,Disco Pulse,Tuxedo,Shades,Bare head,Sparkler
3512,Party Panda #3512,A looping cartoon party-panda PFP with real panda markings. Minted on Base.,3512.gif,Rooftop Glow,Sparkle Burst,Tuxedo,Shades,Headphones,None
3513,Party Panda #3513,A looping cartoon party-panda PFP with real panda markings. Minted on Base.,3513.gif,Bamboo Lounge,Laser Sweep,Cub,Wink,Bare head,Balloon
3514,Party Panda #3514,A looping cartoon party-panda PFP with real panda markings. Minted on Base.,3514.gif,Confetti Hall,Sparkle Burst,Cub,Wink,Bowtie,Cocktail
3515,Party Panda #3515,A looping cartoon party-panda PFP with real panda markings. Minted on Base.,3515.gif,Neon Club,Laser Sweep,Dancer,Sleepy,Party Hat,Cocktail
3516,Party Panda #3516,A looping cartoon party-panda PFP with real panda markings. Minted on Base.,3516.gif,Confetti Hall,No glow,Classic,Wink,Bowtie,Boombox
3517,Party Panda #3517,A looping cartoon party-panda PFP with real panda markings. Minted on Base.,3517.gif,Moonlight,Champagne Haze,Dancer,Spark,Bare head,None
3518,Party Panda #3518,A looping cartoon party-panda PFP with real panda markings. Minted on Base.,3518.gif,Candy Rave,No glow,Dancer,Shades,Headphones,Sparkler
3519,Party Panda #3519,A looping cartoon party-panda PFP with real panda markings. Minted on Base.,3519.gif,Rooftop Glow,Laser Sweep,Cub,Wink,Disco Afro,Balloon
3520,Party Panda #3520,A looping cartoon party-panda PFP with real panda markings. Minted on Base.,3520.gif,Disco Night,No glow,Peach,Heart,Headphones,Sparkler
3521,Party Panda #3521,A looping cartoon party-panda PFP with real panda markings. Minted on Base.,3521.gif,Rooftop Glow,No glow,Classic,Wink,Disco Afro,None
3522,Party Panda #3522,A looping cartoon party-panda PFP with real panda markings. Minted on Base.,3522.gif,Rooftop Glow,Laser Sweep,Classic,Blink,Party Hat,Boombox
3523,Party Panda #3523,A looping cartoon party-panda PFP with real panda markings. Minted on Base.,3523.gif,Confetti Hall,No glow,Classic,Blink,Party Hat,None
3524,Party Panda #3524,A looping cartoon party-panda PFP with real panda markings. Minted on Base.,3524.gif,Disco Night,Neon Ring,Dancer,Blink,Party Hat,Confetti
3525,Party Panda #3525,A looping cartoon party-panda PFP with real panda markings. Minted on Base.,3525.gif,Moonlight,Laser Sweep,Chubby,Shades,Bare head,Sparkler
3526,Party Panda #3526,A looping cartoon party-panda PFP with real panda markings. Minted on Base.,3526.gif,Confetti Hall,Disco Pulse,Tuxedo,Wink,Disco Afro,Confetti
3527,Party Panda #3527,A looping cartoon party-panda PFP with real panda markings. Minted on Base.,3527.gif,Rooftop Glow,Sparkle Burst,Cub,Sleepy,Party Hat,Confetti
3528,Party Panda #3528,A looping cartoon party-panda PFP with real panda markings. Minted on Base.,3528.gif,Garden Party,Neon Ring,Classic,Heart,Bowtie,Confetti
3529,Party Panda #3529,A looping cartoon party-panda PFP with real panda markings. Minted on Base.,3529.gif,Disco Night,Champagne Haze,Classic,Sleepy,Party Hat,Balloon
3530,Party Panda #3530,A looping cartoon party-panda PFP with real panda markings. Minted on Base.,3530.gif,Neon Club,Disco Pulse,Peach,Heart,Tiny Crown,Sparkler
3531,Party Panda #3531,A looping cartoon party-panda PFP with real panda markings. Minted on Base.,3531.gif,Disco Night,Disco Pulse,Dancer,Blink,Bare head,Balloon
3532,Party Panda #3532,A looping cartoon party-panda PFP with real panda markings. Minted on Base.,3532.gif,Disco Night,No glow,Classic,Blink,Lei,None
3533,Party Panda #3533,A looping cartoon party-panda PFP with real panda markings. Minted on Base.,3533.gif,Garden Party,No glow,Tuxedo,Spark,Tiny Crown,Confetti
3534,Party Panda #3534,A looping cartoon party-panda PFP with real panda markings. Minted on Base.,3534.gif,Disco Night,Neon Ring,Tuxedo,Wink,Party Hat,None
3535,Party Panda #3535,A looping cartoon party-panda PFP with real panda markings. Minted on Base.,3535.gif,Bamboo Lounge,Laser Sweep,Tuxedo,Shades,Lei,Boombox
3536,Party Panda #3536,A looping cartoon party-panda PFP with real panda markings. Minted on Base.,3536.gif,Bamboo Lounge,Disco Pulse,Chubby,Sleepy,Lei,Balloon
3537,Party Panda #3537,A looping cartoon party-panda PFP with real panda markings. Minted on Base.,3537.gif,Neon Club,Disco Pulse,Cub,Shades,Bare head,Confetti
3538,Party Panda #3538,A looping cartoon party-panda PFP with real panda markings. Minted on Base.,3538.gif,Confetti Hall,Champagne Haze,Dancer,Shades,Headphones,Boombox
3539,Party Panda #3539,A looping cartoon party-panda PFP with real panda markings. Minted on Base.,3539.gif,Bamboo Lounge,Champagne Haze,Tuxedo,Blink,Bowtie,Sparkler
3540,Party Panda #3540,A looping cartoon party-panda PFP with real panda markings. Minted on Base.,3540.gif,Neon Club,Laser Sweep,Tuxedo,Sleepy,Tiny Crown,Boombox
3541,Party Panda #3541,A looping cartoon party-panda PFP with real panda markings. Minted on Base.,3541.gif,Rooftop Glow,No glow,Dancer,Heart,Bare head,None
3542,Party Panda #3542,A looping cartoon party-panda PFP with real panda markings. Minted on Base.,3542.gif,Disco Night,Sparkle Burst,Tuxedo,Wink,Lei,Confetti
3543,Party Panda #3543,A looping cartoon party-panda PFP with real panda markings. Minted on Base.,3543.gif,Bamboo Lounge,Sparkle Burst,Classic,Shades,Bowtie,Confetti
3544,Party Panda #3544,A looping cartoon party-panda PFP with real panda markings. Minted on Base.,3544.gif,Moonlight,Disco Pulse,Classic,Shades,Bowtie,Confetti
3545,Party Panda #3545,A looping cartoon party-panda PFP with real panda markings. Minted on Base.,3545.gif,Bamboo Lounge,Champagne Haze,Tuxedo,Spark,Bare head,Confetti
3546,Party Panda #3546,A looping cartoon party-panda PFP with real panda markings. Minted on Base.,3546.gif,Disco Night,Champagne Haze,Tuxedo,Sleepy,Lei,Sparkler
3547,Party Panda #3547,A looping cartoon party-panda PFP with real panda markings. Minted on Base.,3547.gif,Garden Party,Neon Ring,Classic,Shades,Bowtie,Cocktail
3548,Party Panda #3548,A looping cartoon party-panda PFP with real panda markings. Minted on Base.,3548.gif,Disco Night,No glow,Classic,Heart,Tiny Crown,None
3549,Party Panda #3549,A looping cartoon party-panda PFP with real panda markings. Minted on Base.,3549.gif,Garden Party,Champagne Haze,Chubby,Wink,Tiny Crown,Balloon
3550,Party Panda #3550,A looping cartoon party-panda PFP with real panda markings. Minted on Base.,3550.gif,Moonlight,No glow,Dancer,Wink,Lei,Cocktail
3551,Party Panda #3551,A looping cartoon party-panda PFP with real panda markings. Minted on Base.,3551.gif,Rooftop Glow,Disco Pulse,Tuxedo,Heart,Headphones,None
3552,Party Panda #3552,A looping cartoon party-panda PFP with real panda markings. Minted on Base.,3552.gif,Candy Rave,Neon Ring,Classic,Wink,Bowtie,Balloon
3553,Party Panda #3553,A looping cartoon party-panda PFP with real panda markings. Minted on Base.,3553.gif,Garden Party,Disco Pulse,Tuxedo,Heart,Lei,None
3554,Party Panda #3554,A looping cartoon party-panda PFP with real panda markings. Minted on Base.,3554.gif,Moonlight,Disco Pulse,Chubby,Wink,Tiny Crown,Confetti
3555,Party Panda #3555,A looping cartoon party-panda PFP with real panda markings. Minted on Base.,3555.gif,Garden Party,Champagne Haze,Tuxedo,Sleepy,Bare head,None
3556,Party Panda #3556,A looping cartoon party-panda PFP with real panda markings. Minted on Base.,3556.gif,Confetti Hall,Disco Pulse,Cub,Sleepy,Bowtie,None
3557,Party Panda #3557,A looping cartoon party-panda PFP with real panda markings. Minted on Base.,3557.gif,Disco Night,Laser Sweep,Cub,Shades,Party Hat,Sparkler
3558,Party Panda #3558,A looping cartoon party-panda PFP with real panda markings. Minted on Base.,3558.gif,Rooftop Glow,Laser Sweep,Tuxedo,Spark,Party Hat,Confetti
3559,Party Panda #3559,A looping cartoon party-panda PFP with real panda markings. Minted on Base.,3559.gif,Disco Night,Laser Sweep,Classic,Shades,Bowtie,Boombox
3560,Party Panda #3560,A looping cartoon party-panda PFP with real panda markings. Minted on Base.,3560.gif,Neon Club,No glow,Dancer,Blink,Party Hat,Confetti
3561,Party Panda #3561,A looping cartoon party-panda PFP with real panda markings. Minted on Base.,3561.gif,Candy Rave,No glow,Chubby,Wink,Headphones,None
3562,Party Panda #3562,A looping cartoon party-panda PFP with real panda markings. Minted on Base.,3562.gif,Garden Party,Sparkle Burst,Tuxedo,Sleepy,Bowtie,None
3563,Party Panda #3563,A looping cartoon party-panda PFP with real panda markings. Minted on Base.,3563.gif,Neon Club,No glow,Chubby,Blink,Lei,Confetti
3564,Party Panda #3564,A looping cartoon party-panda PFP with real panda markings. Minted on Base.,3564.gif,Neon Club,Neon Ring,Tuxedo,Blink,Bare head,None
3565,Party Panda #3565,A looping cartoon party-panda PFP with real panda markings. Minted on Base.,3565.gif,Moonlight,Disco Pulse,Tuxedo,Wink,Bare head,None
3566,Party Panda #3566,A looping cartoon party-panda PFP with real panda markings. Minted on Base.,3566.gif,Garden Party,Laser Sweep,Peach,Blink,Bare head,Balloon
3567,Party Panda #3567,A looping cartoon party-panda PFP with real panda markings. Minted on Base.,3567.gif,Disco Night,Sparkle Burst,Cub,Spark,Lei,Confetti
3568,Party Panda #3568,A looping cartoon party-panda PFP with real panda markings. Minted on Base.,3568.gif,Garden Party,Laser Sweep,Dancer,Wink,Headphones,Sparkler
3569,Party Panda #3569,A looping cartoon party-panda PFP with real panda markings. Minted on Base.,3569.gif,Confetti Hall,Disco Pulse,Dancer,Spark,Disco Afro,None
3570,Party Panda #3570,A looping cartoon party-panda PFP with real panda markings. Minted on Base.,3570.gif,Rooftop Glow,Champagne Haze,Chubby,Wink,Tiny Crown,None
3571,Party Panda #3571,A looping cartoon party-panda PFP with real panda markings. Minted on Base.,3571.gif,Neon Club,Sparkle Burst,Peach,Wink,Headphones,Sparkler
3572,Party Panda #3572,A looping cartoon party-panda PFP with real panda markings. Minted on Base.,3572.gif,Disco Night,Champagne Haze,Cub,Shades,Bowtie,None
3573,Party Panda #3573,A looping cartoon party-panda PFP with real panda markings. Minted on Base.,3573.gif,Confetti Hall,No glow,Chubby,Blink,Headphones,Boombox
3574,Party Panda #3574,A looping cartoon party-panda PFP with real panda markings. Minted on Base.,3574.gif,Garden Party,Disco Pulse,Peach,Shades,Tiny Crown,Sparkler
3575,Party Panda #3575,A looping cartoon party-panda PFP with real panda markings. Minted on Base.,3575.gif,Candy Rave,Laser Sweep,Classic,Blink,Party Hat,Boombox
3576,Party Panda #3576,A looping cartoon party-panda PFP with real panda markings. Minted on Base.,3576.gif,Garden Party,Disco Pulse,Chubby,Wink,Bare head,Sparkler
3577,Party Panda #3577,A looping cartoon party-panda PFP with real panda markings. Minted on Base.,3577.gif,Bamboo Lounge,Disco Pulse,Classic,Shades,Bare head,Boombox
3578,Party Panda #3578,A looping cartoon party-panda PFP with real panda markings. Minted on Base.,3578.gif,Bamboo Lounge,Laser Sweep,Chubby,Sleepy,Bowtie,Boombox
3579,Party Panda #3579,A looping cartoon party-panda PFP with real panda markings. Minted on Base.,3579.gif,Neon Club,Sparkle Burst,Cub,Heart,Headphones,Sparkler
3580,Party Panda #3580,A looping cartoon party-panda PFP with real panda markings. Minted on Base.,3580.gif,Bamboo Lounge,Disco Pulse,Classic,Spark,Bare head,None
3581,Party Panda #3581,A looping cartoon party-panda PFP with real panda markings. Minted on Base.,3581.gif,Rooftop Glow,Champagne Haze,Peach,Wink,Lei,Confetti
3582,Party Panda #3582,A looping cartoon party-panda PFP with real panda markings. Minted on Base.,3582.gif,Rooftop Glow,Sparkle Burst,Classic,Shades,Bare head,None
3583,Party Panda #3583,A looping cartoon party-panda PFP with real panda markings. Minted on Base.,3583.gif,Disco Night,No glow,Peach,Shades,Bowtie,None
3584,Party Panda #3584,A looping cartoon party-panda PFP with real panda markings. Minted on Base.,3584.gif,Disco Night,No glow,Dancer,Blink,Bare head,None
3585,Party Panda #3585,A looping cartoon party-panda PFP with real panda markings. Minted on Base.,3585.gif,Bamboo Lounge,No glow,Peach,Shades,Headphones,Boombox
3586,Party Panda #3586,A looping cartoon party-panda PFP with real panda markings. Minted on Base.,3586.gif,Disco Night,Champagne Haze,Chubby,Blink,Bare head,None
3587,Party Panda #3587,A looping cartoon party-panda PFP with real panda markings. Minted on Base.,3587.gif,Confetti Hall,Champagne Haze,Classic,Spark,Disco Afro,Boombox
3588,Party Panda #3588,A looping cartoon party-panda PFP with real panda markings. Minted on Base.,3588.gif,Bamboo Lounge,Champagne Haze,Classic,Heart,Headphones,None
3589,Party Panda #3589,A looping cartoon party-panda PFP with real panda markings. Minted on Base.,3589.gif,Neon Club,Sparkle Burst,Classic,Sleepy,Party Hat,Cocktail
3590,Party Panda #3590,A looping cartoon party-panda PFP with real panda markings. Minted on Base.,3590.gif,Candy Rave,No glow,Peach,Shades,Bowtie,Cocktail
3591,Party Panda #3591,A looping cartoon party-panda PFP with real panda markings. Minted on Base.,3591.gif,Neon Club,No glow,Chubby,Sleepy,Party Hat,Cocktail
3592,Party Panda #3592,A looping cartoon party-panda PFP with real panda markings. Minted on Base.,3592.gif,Rooftop Glow,Disco Pulse,Dancer,Sleepy,Tiny Crown,Boombox
3593,Party Panda #3593,A looping cartoon party-panda PFP with real panda markings. Minted on Base.,3593.gif,Rooftop Glow,Sparkle Burst,Cub,Wink,Lei,None
3594,Party Panda #3594,A looping cartoon party-panda PFP with real panda markings. Minted on Base.,3594.gif,Disco Night,Laser Sweep,Chubby,Spark,Bare head,Sparkler
3595,Party Panda #3595,A looping cartoon party-panda PFP with real panda markings. Minted on Base.,3595.gif,Neon Club,No glow,Dancer,Blink,Bare head,Confetti
3596,Party Panda #3596,A looping cartoon party-panda PFP with real panda markings. Minted on Base.,3596.gif,Moonlight,No glow,Chubby,Shades,Disco Afro,Balloon
3597,Party Panda #3597,A looping cartoon party-panda PFP with real panda markings. Minted on Base.,3597.gif,Moonlight,Neon Ring,Dancer,Wink,Lei,Confetti
3598,Party Panda #3598,A looping cartoon party-panda PFP with real panda markings. Minted on Base.,3598.gif,Candy Rave,Neon Ring,Peach,Blink,Headphones,Confetti
3599,Party Panda #3599,A looping cartoon party-panda PFP with real panda markings. Minted on Base.,3599.gif,Neon Club,Sparkle Burst,Chubby,Shades,Bare head,Sparkler
3600,Party Panda #3600,A looping cartoon party-panda PFP with real panda markings. Minted on Base.,3600.gif,Garden Party,No glow,Cub,Shades,Bare head,Sparkler
3601,Party Panda #3601,A looping cartoon party-panda PFP with real panda markings. Minted on Base.,3601.gif,Bamboo Lounge,Champagne Haze,Classic,Spark,Bare head,Balloon
3602,Party Panda #3602,A looping cartoon party-panda PFP with real panda markings. Minted on Base.,3602.gif,Disco Night,Laser Sweep,Classic,Blink,Bare head,None
3603,Party Panda #3603,A looping cartoon party-panda PFP with real panda markings. Minted on Base.,3603.gif,Moonlight,Disco Pulse,Cub,Wink,Lei,Balloon
3604,Party Panda #3604,A looping cartoon party-panda PFP with real panda markings. Minted on Base.,3604.gif,Confetti Hall,Disco Pulse,Cub,Wink,Headphones,Sparkler
3605,Party Panda #3605,A looping cartoon party-panda PFP with real panda markings. Minted on Base.,3605.gif,Rooftop Glow,Champagne Haze,Tuxedo,Heart,Bare head,Confetti
3606,Party Panda #3606,A looping cartoon party-panda PFP with real panda markings. Minted on Base.,3606.gif,Garden Party,Laser Sweep,Classic,Sleepy,Headphones,Confetti
3607,Party Panda #3607,A looping cartoon party-panda PFP with real panda markings. Minted on Base.,3607.gif,Bamboo Lounge,Disco Pulse,Classic,Heart,Bowtie,Confetti
3608,Party Panda #3608,A looping cartoon party-panda PFP with real panda markings. Minted on Base.,3608.gif,Disco Night,Champagne Haze,Classic,Shades,Tiny Crown,Sparkler
3609,Party Panda #3609,A looping cartoon party-panda PFP with real panda markings. Minted on Base.,3609.gif,Neon Club,Neon Ring,Peach,Blink,Tiny Crown,Confetti
3610,Party Panda #3610,A looping cartoon party-panda PFP with real panda markings. Minted on Base.,3610.gif,Candy Rave,Laser Sweep,Dancer,Spark,Bowtie,None
3611,Party Panda #3611,A looping cartoon party-panda PFP with real panda markings. Minted on Base.,3611.gif,Garden Party,Disco Pulse,Chubby,Wink,Tiny Crown,None
3612,Party Panda #3612,A looping cartoon party-panda PFP with real panda markings. Minted on Base.,3612.gif,Bamboo Lounge,No glow,Chubby,Spark,Bare head,Sparkler
3613,Party Panda #3613,A looping cartoon party-panda PFP with real panda markings. Minted on Base.,3613.gif,Disco Night,Champagne Haze,Chubby,Sleepy,Headphones,Balloon
3614,Party Panda #3614,A looping cartoon party-panda PFP with real panda markings. Minted on Base.,3614.gif,Bamboo Lounge,No glow,Chubby,Blink,Bare head,None
3615,Party Panda #3615,A looping cartoon party-panda PFP with real panda markings. Minted on Base.,3615.gif,Neon Club,Disco Pulse,Tuxedo,Wink,Tiny Crown,Boombox
3616,Party Panda #3616,A looping cartoon party-panda PFP with real panda markings. Minted on Base.,3616.gif,Disco Night,No glow,Cub,Wink,Disco Afro,None
3617,Party Panda #3617,A looping cartoon party-panda PFP with real panda markings. Minted on Base.,3617.gif,Bamboo Lounge,Neon Ring,Classic,Shades,Bare head,Cocktail
3618,Party Panda #3618,A looping cartoon party-panda PFP with real panda markings. Minted on Base.,3618.gif,Candy Rave,Sparkle Burst,Cub,Blink,Headphones,None
3619,Party Panda #3619,A looping cartoon party-panda PFP with real panda markings. Minted on Base.,3619.gif,Rooftop Glow,Neon Ring,Cub,Shades,Headphones,Boombox
3620,Party Panda #3620,A looping cartoon party-panda PFP with real panda markings. Minted on Base.,3620.gif,Moonlight,No glow,Classic,Wink,Bowtie,Cocktail
3621,Party Panda #3621,A looping cartoon party-panda PFP with real panda markings. Minted on Base.,3621.gif,Disco Night,Laser Sweep,Cub,Spark,Bowtie,Sparkler
3622,Party Panda #3622,A looping cartoon party-panda PFP with real panda markings. Minted on Base.,3622.gif,Moonlight,Laser Sweep,Cub,Wink,Bare head,None
3623,Party Panda #3623,A looping cartoon party-panda PFP with real panda markings. Minted on Base.,3623.gif,Garden Party,Neon Ring,Cub,Wink,Tiny Crown,Boombox
3624,Party Panda #3624,A looping cartoon party-panda PFP with real panda markings. Minted on Base.,3624.gif,Garden Party,No glow,Peach,Spark,Tiny Crown,Confetti
3625,Party Panda #3625,A looping cartoon party-panda PFP with real panda markings. Minted on Base.,3625.gif,Garden Party,Champagne Haze,Cub,Sleepy,Bare head,None
3626,Party Panda #3626,A looping cartoon party-panda PFP with real panda markings. Minted on Base.,3626.gif,Neon Club,Laser Sweep,Dancer,Wink,Bare head,Cocktail
3627,Party Panda #3627,A looping cartoon party-panda PFP with real panda markings. Minted on Base.,3627.gif,Neon Club,Disco Pulse,Tuxedo,Shades,Tiny Crown,Sparkler
3628,Party Panda #3628,A looping cartoon party-panda PFP with real panda markings. Minted on Base.,3628.gif,Garden Party,Disco Pulse,Chubby,Shades,Party Hat,Cocktail
3629,Party Panda #3629,A looping cartoon party-panda PFP with real panda markings. Minted on Base.,3629.gif,Disco Night,Champagne Haze,Peach,Shades,Party Hat,None
3630,Party Panda #3630,A looping cartoon party-panda PFP with real panda markings. Minted on Base.,3630.gif,Candy Rave,Sparkle Burst,Dancer,Shades,Disco Afro,None
3631,Party Panda #3631,A looping cartoon party-panda PFP with real panda markings. Minted on Base.,3631.gif,Candy Rave,Laser Sweep,Tuxedo,Wink,Bowtie,Cocktail
3632,Party Panda #3632,A looping cartoon party-panda PFP with real panda markings. Minted on Base.,3632.gif,Neon Club,Neon Ring,Chubby,Blink,Disco Afro,None
3633,Party Panda #3633,A looping cartoon party-panda PFP with real panda markings. Minted on Base.,3633.gif,Rooftop Glow,Champagne Haze,Cub,Wink,Disco Afro,None
3634,Party Panda #3634,A looping cartoon party-panda PFP with real panda markings. Minted on Base.,3634.gif,Neon Club,Champagne Haze,Chubby,Shades,Headphones,Cocktail
3635,Party Panda #3635,A looping cartoon party-panda PFP with real panda markings. Minted on Base.,3635.gif,Candy Rave,Laser Sweep,Cub,Sleepy,Disco Afro,None
3636,Party Panda #3636,A looping cartoon party-panda PFP with real panda markings. Minted on Base.,3636.gif,Rooftop Glow,Neon Ring,Classic,Wink,Bare head,Confetti
3637,Party Panda #3637,A looping cartoon party-panda PFP with real panda markings. Minted on Base.,3637.gif,Disco Night,Disco Pulse,Classic,Blink,Headphones,Balloon
3638,Party Panda #3638,A looping cartoon party-panda PFP with real panda markings. Minted on Base.,3638.gif,Moonlight,Disco Pulse,Peach,Wink,Party Hat,Confetti
3639,Party Panda #3639,A looping cartoon party-panda PFP with real panda markings. Minted on Base.,3639.gif,Garden Party,Laser Sweep,Classic,Blink,Party Hat,Confetti
3640,Party Panda #3640,A looping cartoon party-panda PFP with real panda markings. Minted on Base.,3640.gif,Disco Night,Neon Ring,Chubby,Sleepy,Bowtie,None
3641,Party Panda #3641,A looping cartoon party-panda PFP with real panda markings. Minted on Base.,3641.gif,Candy Rave,Neon Ring,Peach,Wink,Headphones,None
3642,Party Panda #3642,A looping cartoon party-panda PFP with real panda markings. Minted on Base.,3642.gif,Bamboo Lounge,Disco Pulse,Classic,Shades,Bare head,Cocktail
3643,Party Panda #3643,A looping cartoon party-panda PFP with real panda markings. Minted on Base.,3643.gif,Confetti Hall,No glow,Classic,Sleepy,Bowtie,Confetti
3644,Party Panda #3644,A looping cartoon party-panda PFP with real panda markings. Minted on Base.,3644.gif,Candy Rave,No glow,Chubby,Blink,Party Hat,None
3645,Party Panda #3645,A looping cartoon party-panda PFP with real panda markings. Minted on Base.,3645.gif,Bamboo Lounge,Champagne Haze,Classic,Sleepy,Bare head,Confetti
3646,Party Panda #3646,A looping cartoon party-panda PFP with real panda markings. Minted on Base.,3646.gif,Rooftop Glow,Laser Sweep,Peach,Spark,Tiny Crown,Balloon
3647,Party Panda #3647,A looping cartoon party-panda PFP with real panda markings. Minted on Base.,3647.gif,Confetti Hall,Laser Sweep,Chubby,Shades,Headphones,Confetti
3648,Party Panda #3648,A looping cartoon party-panda PFP with real panda markings. Minted on Base.,3648.gif,Neon Club,Neon Ring,Tuxedo,Sleepy,Party Hat,Balloon
3649,Party Panda #3649,A looping cartoon party-panda PFP with real panda markings. Minted on Base.,3649.gif,Candy Rave,Champagne Haze,Cub,Spark,Bare head,Sparkler
3650,Party Panda #3650,A looping cartoon party-panda PFP with real panda markings. Minted on Base.,3650.gif,Disco Night,Disco Pulse,Peach,Shades,Headphones,Confetti
3651,Party Panda #3651,A looping cartoon party-panda PFP with real panda markings. Minted on Base.,3651.gif,Neon Club,Disco Pulse,Dancer,Wink,Headphones,None
3652,Party Panda #3652,A looping cartoon party-panda PFP with real panda markings. Minted on Base.,3652.gif,Bamboo Lounge,Sparkle Burst,Dancer,Spark,Party Hat,None
3653,Party Panda #3653,A looping cartoon party-panda PFP with real panda markings. Minted on Base.,3653.gif,Neon Club,Disco Pulse,Chubby,Heart,Bowtie,None
3654,Party Panda #3654,A looping cartoon party-panda PFP with real panda markings. Minted on Base.,3654.gif,Rooftop Glow,Neon Ring,Peach,Blink,Disco Afro,Sparkler
3655,Party Panda #3655,A looping cartoon party-panda PFP with real panda markings. Minted on Base.,3655.gif,Rooftop Glow,Champagne Haze,Cub,Spark,Bare head,Confetti
3656,Party Panda #3656,A looping cartoon party-panda PFP with real panda markings. Minted on Base.,3656.gif,Neon Club,No glow,Cub,Blink,Party Hat,Boombox
3657,Party Panda #3657,A looping cartoon party-panda PFP with real panda markings. Minted on Base.,3657.gif,Moonlight,Laser Sweep,Cub,Blink,Bare head,None
3658,Party Panda #3658,A looping cartoon party-panda PFP with real panda markings. Minted on Base.,3658.gif,Bamboo Lounge,No glow,Classic,Blink,Bowtie,Balloon
3659,Party Panda #3659,A looping cartoon party-panda PFP with real panda markings. Minted on Base.,3659.gif,Candy Rave,Sparkle Burst,Cub,Heart,Tiny Crown,Balloon
3660,Party Panda #3660,A looping cartoon party-panda PFP with real panda markings. Minted on Base.,3660.gif,Disco Night,Neon Ring,Classic,Spark,Party Hat,Cocktail
3661,Party Panda #3661,A looping cartoon party-panda PFP with real panda markings. Minted on Base.,3661.gif,Confetti Hall,Neon Ring,Chubby,Wink,Tiny Crown,Sparkler
3662,Party Panda #3662,A looping cartoon party-panda PFP with real panda markings. Minted on Base.,3662.gif,Neon Club,Sparkle Burst,Chubby,Heart,Tiny Crown,Confetti
3663,Party Panda #3663,A looping cartoon party-panda PFP with real panda markings. Minted on Base.,3663.gif,Bamboo Lounge,Disco Pulse,Tuxedo,Heart,Headphones,Balloon
3664,Party Panda #3664,A looping cartoon party-panda PFP with real panda markings. Minted on Base.,3664.gif,Candy Rave,Sparkle Burst,Chubby,Shades,Bowtie,Sparkler
3665,Party Panda #3665,A looping cartoon party-panda PFP with real panda markings. Minted on Base.,3665.gif,Confetti Hall,Disco Pulse,Chubby,Heart,Lei,None
3666,Party Panda #3666,A looping cartoon party-panda PFP with real panda markings. Minted on Base.,3666.gif,Moonlight,Neon Ring,Classic,Spark,Headphones,None
3667,Party Panda #3667,A looping cartoon party-panda PFP with real panda markings. Minted on Base.,3667.gif,Rooftop Glow,Laser Sweep,Classic,Blink,Bare head,Cocktail
3668,Party Panda #3668,A looping cartoon party-panda PFP with real panda markings. Minted on Base.,3668.gif,Rooftop Glow,No glow,Peach,Wink,Tiny Crown,Sparkler
3669,Party Panda #3669,A looping cartoon party-panda PFP with real panda markings. Minted on Base.,3669.gif,Moonlight,Neon Ring,Chubby,Blink,Tiny Crown,Sparkler
3670,Party Panda #3670,A looping cartoon party-panda PFP with real panda markings. Minted on Base.,3670.gif,Rooftop Glow,Disco Pulse,Tuxedo,Shades,Headphones,Cocktail
3671,Party Panda #3671,A looping cartoon party-panda PFP with real panda markings. Minted on Base.,3671.gif,Garden Party,Champagne Haze,Peach,Blink,Bare head,Balloon
3672,Party Panda #3672,A looping cartoon party-panda PFP with real panda markings. Minted on Base.,3672.gif,Rooftop Glow,Disco Pulse,Classic,Shades,Tiny Crown,None
3673,Party Panda #3673,A looping cartoon party-panda PFP with real panda markings. Minted on Base.,3673.gif,Rooftop Glow,No glow,Dancer,Sleepy,Bare head,Cocktail
3674,Party Panda #3674,A looping cartoon party-panda PFP with real panda markings. Minted on Base.,3674.gif,Disco Night,Disco Pulse,Classic,Sleepy,Bare head,Cocktail
3675,Party Panda #3675,A looping cartoon party-panda PFP with real panda markings. Minted on Base.,3675.gif,Bamboo Lounge,Laser Sweep,Classic,Heart,Headphones,Balloon
3676,Party Panda #3676,A looping cartoon party-panda PFP with real panda markings. Minted on Base.,3676.gif,Garden Party,Neon Ring,Cub,Wink,Headphones,Cocktail
3677,Party Panda #3677,A looping cartoon party-panda PFP with real panda markings. Minted on Base.,3677.gif,Candy Rave,No glow,Classic,Spark,Party Hat,Balloon
3678,Party Panda #3678,A looping cartoon party-panda PFP with real panda markings. Minted on Base.,3678.gif,Bamboo Lounge,Sparkle Burst,Classic,Shades,Lei,Cocktail
3679,Party Panda #3679,A looping cartoon party-panda PFP with real panda markings. Minted on Base.,3679.gif,Garden Party,No glow,Tuxedo,Wink,Headphones,Boombox
3680,Party Panda #3680,A looping cartoon party-panda PFP with real panda markings. Minted on Base.,3680.gif,Confetti Hall,No glow,Peach,Heart,Bare head,Confetti
3681,Party Panda #3681,A looping cartoon party-panda PFP with real panda markings. Minted on Base.,3681.gif,Moonlight,Disco Pulse,Tuxedo,Heart,Bare head,Confetti
3682,Party Panda #3682,A looping cartoon party-panda PFP with real panda markings. Minted on Base.,3682.gif,Candy Rave,Laser Sweep,Tuxedo,Spark,Party Hat,Confetti
3683,Party Panda #3683,A looping cartoon party-panda PFP with real panda markings. Minted on Base.,3683.gif,Garden Party,Laser Sweep,Cub,Heart,Bowtie,None
3684,Party Panda #3684,A looping cartoon party-panda PFP with real panda markings. Minted on Base.,3684.gif,Disco Night,Laser Sweep,Chubby,Heart,Headphones,None
3685,Party Panda #3685,A looping cartoon party-panda PFP with real panda markings. Minted on Base.,3685.gif,Disco Night,Sparkle Burst,Peach,Spark,Bare head,Balloon
3686,Party Panda #3686,A looping cartoon party-panda PFP with real panda markings. Minted on Base.,3686.gif,Garden Party,Laser Sweep,Chubby,Spark,Disco Afro,Boombox
3687,Party Panda #3687,A looping cartoon party-panda PFP with real panda markings. Minted on Base.,3687.gif,Rooftop Glow,Sparkle Burst,Dancer,Spark,Lei,Sparkler
3688,Party Panda #3688,A looping cartoon party-panda PFP with real panda markings. Minted on Base.,3688.gif,Disco Night,Sparkle Burst,Dancer,Heart,Bare head,Boombox
3689,Party Panda #3689,A looping cartoon party-panda PFP with real panda markings. Minted on Base.,3689.gif,Disco Night,Neon Ring,Classic,Heart,Tiny Crown,Confetti
3690,Party Panda #3690,A looping cartoon party-panda PFP with real panda markings. Minted on Base.,3690.gif,Candy Rave,Sparkle Burst,Cub,Heart,Bare head,Sparkler
3691,Party Panda #3691,A looping cartoon party-panda PFP with real panda markings. Minted on Base.,3691.gif,Candy Rave,No glow,Classic,Heart,Party Hat,Boombox
3692,Party Panda #3692,A looping cartoon party-panda PFP with real panda markings. Minted on Base.,3692.gif,Confetti Hall,Champagne Haze,Cub,Blink,Party Hat,Cocktail
3693,Party Panda #3693,A looping cartoon party-panda PFP with real panda markings. Minted on Base.,3693.gif,Garden Party,Disco Pulse,Tuxedo,Heart,Bowtie,Sparkler
3694,Party Panda #3694,A looping cartoon party-panda PFP with real panda markings. Minted on Base.,3694.gif,Rooftop Glow,Sparkle Burst,Cub,Spark,Bare head,Boombox
3695,Party Panda #3695,A looping cartoon party-panda PFP with real panda markings. Minted on Base.,3695.gif,Neon Club,Disco Pulse,Chubby,Heart,Party Hat,Boombox
3696,Party Panda #3696,A looping cartoon party-panda PFP with real panda markings. Minted on Base.,3696.gif,Disco Night,Disco Pulse,Classic,Wink,Bowtie,Confetti
3697,Party Panda #3697,A looping cartoon party-panda PFP with real panda markings. Minted on Base.,3697.gif,Garden Party,Disco Pulse,Classic,Wink,Lei,Balloon
3698,Party Panda #3698,A looping cartoon party-panda PFP with real panda markings. Minted on Base.,3698.gif,Candy Rave,No glow,Classic,Shades,Headphones,Cocktail
3699,Party Panda #3699,A looping cartoon party-panda PFP with real panda markings. Minted on Base.,3699.gif,Rooftop Glow,Sparkle Burst,Cub,Spark,Bare head,Cocktail
3700,Party Panda #3700,A looping cartoon party-panda PFP with real panda markings. Minted on Base.,3700.gif,Moonlight,Champagne Haze,Tuxedo,Heart,Lei,Sparkler
3701,Party Panda #3701,A looping cartoon party-panda PFP with real panda markings. Minted on Base.,3701.gif,Neon Club,Neon Ring,Classic,Blink,Bowtie,None
3702,Party Panda #3702,A looping cartoon party-panda PFP with real panda markings. Minted on Base.,3702.gif,Moonlight,Disco Pulse,Classic,Blink,Bare head,Cocktail
3703,Party Panda #3703,A looping cartoon party-panda PFP with real panda markings. Minted on Base.,3703.gif,Neon Club,No glow,Peach,Blink,Bowtie,Cocktail
3704,Party Panda #3704,A looping cartoon party-panda PFP with real panda markings. Minted on Base.,3704.gif,Rooftop Glow,Neon Ring,Chubby,Sleepy,Party Hat,Sparkler
3705,Party Panda #3705,A looping cartoon party-panda PFP with real panda markings. Minted on Base.,3705.gif,Rooftop Glow,Sparkle Burst,Dancer,Spark,Bowtie,Boombox
3706,Party Panda #3706,A looping cartoon party-panda PFP with real panda markings. Minted on Base.,3706.gif,Confetti Hall,No glow,Peach,Blink,Lei,Boombox
3707,Party Panda #3707,A looping cartoon party-panda PFP with real panda markings. Minted on Base.,3707.gif,Neon Club,Laser Sweep,Cub,Wink,Disco Afro,None
3708,Party Panda #3708,A looping cartoon party-panda PFP with real panda markings. Minted on Base.,3708.gif,Confetti Hall,Disco Pulse,Chubby,Wink,Party Hat,Sparkler
3709,Party Panda #3709,A looping cartoon party-panda PFP with real panda markings. Minted on Base.,3709.gif,Disco Night,Champagne Haze,Dancer,Heart,Tiny Crown,Sparkler
3710,Party Panda #3710,A looping cartoon party-panda PFP with real panda markings. Minted on Base.,3710.gif,Candy Rave,Laser Sweep,Chubby,Wink,Party Hat,Confetti
3711,Party Panda #3711,A looping cartoon party-panda PFP with real panda markings. Minted on Base.,3711.gif,Moonlight,Neon Ring,Classic,Blink,Bowtie,Cocktail
3712,Party Panda #3712,A looping cartoon party-panda PFP with real panda markings. Minted on Base.,3712.gif,Bamboo Lounge,Laser Sweep,Peach,Spark,Disco Afro,Cocktail
3713,Party Panda #3713,A looping cartoon party-panda PFP with real panda markings. Minted on Base.,3713.gif,Garden Party,Champagne Haze,Tuxedo,Spark,Disco Afro,Sparkler
3714,Party Panda #3714,A looping cartoon party-panda PFP with real panda markings. Minted on Base.,3714.gif,Candy Rave,No glow,Dancer,Spark,Bowtie,Confetti
3715,Party Panda #3715,A looping cartoon party-panda PFP with real panda markings. Minted on Base.,3715.gif,Garden Party,Neon Ring,Chubby,Heart,Disco Afro,Sparkler
3716,Party Panda #3716,A looping cartoon party-panda PFP with real panda markings. Minted on Base.,3716.gif,Neon Club,Disco Pulse,Chubby,Blink,Party Hat,Sparkler
3717,Party Panda #3717,A looping cartoon party-panda PFP with real panda markings. Minted on Base.,3717.gif,Disco Night,No glow,Classic,Blink,Headphones,None
3718,Party Panda #3718,A looping cartoon party-panda PFP with real panda markings. Minted on Base.,3718.gif,Rooftop Glow,No glow,Classic,Sleepy,Disco Afro,Confetti
3719,Party Panda #3719,A looping cartoon party-panda PFP with real panda markings. Minted on Base.,3719.gif,Neon Club,No glow,Dancer,Wink,Headphones,Confetti
3720,Party Panda #3720,A looping cartoon party-panda PFP with real panda markings. Minted on Base.,3720.gif,Garden Party,No glow,Classic,Blink,Bare head,Cocktail
3721,Party Panda #3721,A looping cartoon party-panda PFP with real panda markings. Minted on Base.,3721.gif,Neon Club,Laser Sweep,Tuxedo,Heart,Bowtie,Boombox
3722,Party Panda #3722,A looping cartoon party-panda PFP with real panda markings. Minted on Base.,3722.gif,Bamboo Lounge,Sparkle Burst,Classic,Sleepy,Headphones,Balloon
3723,Party Panda #3723,A looping cartoon party-panda PFP with real panda markings. Minted on Base.,3723.gif,Garden Party,No glow,Cub,Blink,Bowtie,Cocktail
3724,Party Panda #3724,A looping cartoon party-panda PFP with real panda markings. Minted on Base.,3724.gif,Confetti Hall,Disco Pulse,Tuxedo,Shades,Disco Afro,Confetti
3725,Party Panda #3725,A looping cartoon party-panda PFP with real panda markings. Minted on Base.,3725.gif,Garden Party,No glow,Cub,Sleepy,Party Hat,Confetti
3726,Party Panda #3726,A looping cartoon party-panda PFP with real panda markings. Minted on Base.,3726.gif,Confetti Hall,No glow,Chubby,Sleepy,Headphones,None
3727,Party Panda #3727,A looping cartoon party-panda PFP with real panda markings. Minted on Base.,3727.gif,Rooftop Glow,Sparkle Burst,Cub,Spark,Party Hat,Cocktail
3728,Party Panda #3728,A looping cartoon party-panda PFP with real panda markings. Minted on Base.,3728.gif,Garden Party,Champagne Haze,Dancer,Shades,Headphones,Confetti
3729,Party Panda #3729,A looping cartoon party-panda PFP with real panda markings. Minted on Base.,3729.gif,Moonlight,Champagne Haze,Tuxedo,Blink,Bowtie,Cocktail
3730,Party Panda #3730,A looping cartoon party-panda PFP with real panda markings. Minted on Base.,3730.gif,Rooftop Glow,No glow,Tuxedo,Wink,Bare head,None
3731,Party Panda #3731,A looping cartoon party-panda PFP with real panda markings. Minted on Base.,3731.gif,Disco Night,Disco Pulse,Peach,Wink,Tiny Crown,Boombox
3732,Party Panda #3732,A looping cartoon party-panda PFP with real panda markings. Minted on Base.,3732.gif,Disco Night,Neon Ring,Classic,Wink,Tiny Crown,Cocktail
3733,Party Panda #3733,A looping cartoon party-panda PFP with real panda markings. Minted on Base.,3733.gif,Bamboo Lounge,No glow,Tuxedo,Shades,Tiny Crown,Confetti
3734,Party Panda #3734,A looping cartoon party-panda PFP with real panda markings. Minted on Base.,3734.gif,Disco Night,Disco Pulse,Dancer,Sleepy,Headphones,Balloon
3735,Party Panda #3735,A looping cartoon party-panda PFP with real panda markings. Minted on Base.,3735.gif,Candy Rave,Champagne Haze,Tuxedo,Heart,Party Hat,Cocktail
3736,Party Panda #3736,A looping cartoon party-panda PFP with real panda markings. Minted on Base.,3736.gif,Disco Night,Disco Pulse,Dancer,Wink,Bare head,Sparkler
3737,Party Panda #3737,A looping cartoon party-panda PFP with real panda markings. Minted on Base.,3737.gif,Rooftop Glow,No glow,Peach,Sleepy,Party Hat,Confetti
3738,Party Panda #3738,A looping cartoon party-panda PFP with real panda markings. Minted on Base.,3738.gif,Garden Party,Laser Sweep,Tuxedo,Wink,Bare head,Confetti
3739,Party Panda #3739,A looping cartoon party-panda PFP with real panda markings. Minted on Base.,3739.gif,Confetti Hall,Neon Ring,Cub,Shades,Disco Afro,Confetti
3740,Party Panda #3740,A looping cartoon party-panda PFP with real panda markings. Minted on Base.,3740.gif,Rooftop Glow,Sparkle Burst,Cub,Sleepy,Disco Afro,Cocktail
3741,Party Panda #3741,A looping cartoon party-panda PFP with real panda markings. Minted on Base.,3741.gif,Neon Club,Champagne Haze,Tuxedo,Wink,Headphones,None
3742,Party Panda #3742,A looping cartoon party-panda PFP with real panda markings. Minted on Base.,3742.gif,Garden Party,Champagne Haze,Peach,Heart,Disco Afro,Boombox
3743,Party Panda #3743,A looping cartoon party-panda PFP with real panda markings. Minted on Base.,3743.gif,Rooftop Glow,Disco Pulse,Chubby,Shades,Disco Afro,Balloon
3744,Party Panda #3744,A looping cartoon party-panda PFP with real panda markings. Minted on Base.,3744.gif,Confetti Hall,Sparkle Burst,Peach,Blink,Tiny Crown,Confetti
3745,Party Panda #3745,A looping cartoon party-panda PFP with real panda markings. Minted on Base.,3745.gif,Candy Rave,Disco Pulse,Classic,Spark,Lei,Cocktail
3746,Party Panda #3746,A looping cartoon party-panda PFP with real panda markings. Minted on Base.,3746.gif,Neon Club,No glow,Peach,Shades,Party Hat,Confetti
3747,Party Panda #3747,A looping cartoon party-panda PFP with real panda markings. Minted on Base.,3747.gif,Confetti Hall,Disco Pulse,Cub,Shades,Lei,None
3748,Party Panda #3748,A looping cartoon party-panda PFP with real panda markings. Minted on Base.,3748.gif,Disco Night,No glow,Classic,Blink,Bowtie,Balloon
3749,Party Panda #3749,A looping cartoon party-panda PFP with real panda markings. Minted on Base.,3749.gif,Disco Night,Laser Sweep,Dancer,Spark,Bare head,Cocktail
3750,Party Panda #3750,A looping cartoon party-panda PFP with real panda markings. Minted on Base.,3750.gif,Neon Club,No glow,Tuxedo,Wink,Party Hat,None
3751,Party Panda #3751,A looping cartoon party-panda PFP with real panda markings. Minted on Base.,3751.gif,Neon Club,Neon Ring,Dancer,Spark,Lei,Sparkler
3752,Party Panda #3752,A looping cartoon party-panda PFP with real panda markings. Minted on Base.,3752.gif,Moonlight,Disco Pulse,Chubby,Heart,Disco Afro,Cocktail
3753,Party Panda #3753,A looping cartoon party-panda PFP with real panda markings. Minted on Base.,3753.gif,Disco Night,No glow,Chubby,Sleepy,Headphones,None
3754,Party Panda #3754,A looping cartoon party-panda PFP with real panda markings. Minted on Base.,3754.gif,Bamboo Lounge,Sparkle Burst,Cub,Shades,Party Hat,Confetti
3755,Party Panda #3755,A looping cartoon party-panda PFP with real panda markings. Minted on Base.,3755.gif,Moonlight,Neon Ring,Tuxedo,Heart,Headphones,Balloon
3756,Party Panda #3756,A looping cartoon party-panda PFP with real panda markings. Minted on Base.,3756.gif,Disco Night,Disco Pulse,Peach,Spark,Bowtie,Sparkler
3757,Party Panda #3757,A looping cartoon party-panda PFP with real panda markings. Minted on Base.,3757.gif,Neon Club,Champagne Haze,Chubby,Wink,Lei,Balloon
3758,Party Panda #3758,A looping cartoon party-panda PFP with real panda markings. Minted on Base.,3758.gif,Confetti Hall,Sparkle Burst,Chubby,Heart,Disco Afro,Boombox
3759,Party Panda #3759,A looping cartoon party-panda PFP with real panda markings. Minted on Base.,3759.gif,Candy Rave,Disco Pulse,Cub,Shades,Tiny Crown,Cocktail
3760,Party Panda #3760,A looping cartoon party-panda PFP with real panda markings. Minted on Base.,3760.gif,Rooftop Glow,Sparkle Burst,Classic,Blink,Party Hat,Confetti
3761,Party Panda #3761,A looping cartoon party-panda PFP with real panda markings. Minted on Base.,3761.gif,Neon Club,Disco Pulse,Classic,Sleepy,Lei,Sparkler
3762,Party Panda #3762,A looping cartoon party-panda PFP with real panda markings. Minted on Base.,3762.gif,Neon Club,Disco Pulse,Cub,Wink,Bowtie,Sparkler
3763,Party Panda #3763,A looping cartoon party-panda PFP with real panda markings. Minted on Base.,3763.gif,Neon Club,No glow,Peach,Sleepy,Tiny Crown,Confetti
3764,Party Panda #3764,A looping cartoon party-panda PFP with real panda markings. Minted on Base.,3764.gif,Garden Party,Laser Sweep,Chubby,Wink,Tiny Crown,None
3765,Party Panda #3765,A looping cartoon party-panda PFP with real panda markings. Minted on Base.,3765.gif,Rooftop Glow,Disco Pulse,Classic,Spark,Tiny Crown,Confetti
3766,Party Panda #3766,A looping cartoon party-panda PFP with real panda markings. Minted on Base.,3766.gif,Disco Night,Disco Pulse,Dancer,Heart,Bare head,Cocktail
3767,Party Panda #3767,A looping cartoon party-panda PFP with real panda markings. Minted on Base.,3767.gif,Garden Party,Disco Pulse,Classic,Wink,Bare head,Confetti
3768,Party Panda #3768,A looping cartoon party-panda PFP with real panda markings. Minted on Base.,3768.gif,Moonlight,Neon Ring,Cub,Sleepy,Bare head,Balloon
3769,Party Panda #3769,A looping cartoon party-panda PFP with real panda markings. Minted on Base.,3769.gif,Rooftop Glow,Laser Sweep,Classic,Wink,Bare head,Boombox
3770,Party Panda #3770,A looping cartoon party-panda PFP with real panda markings. Minted on Base.,3770.gif,Bamboo Lounge,No glow,Tuxedo,Spark,Bare head,None
3771,Party Panda #3771,A looping cartoon party-panda PFP with real panda markings. Minted on Base.,3771.gif,Confetti Hall,Neon Ring,Peach,Shades,Bowtie,Balloon
3772,Party Panda #3772,A looping cartoon party-panda PFP with real panda markings. Minted on Base.,3772.gif,Rooftop Glow,No glow,Tuxedo,Spark,Disco Afro,Balloon
3773,Party Panda #3773,A looping cartoon party-panda PFP with real panda markings. Minted on Base.,3773.gif,Bamboo Lounge,Neon Ring,Chubby,Wink,Bare head,Boombox
3774,Party Panda #3774,A looping cartoon party-panda PFP with real panda markings. Minted on Base.,3774.gif,Bamboo Lounge,Disco Pulse,Peach,Sleepy,Bare head,Cocktail
3775,Party Panda #3775,A looping cartoon party-panda PFP with real panda markings. Minted on Base.,3775.gif,Bamboo Lounge,Neon Ring,Chubby,Blink,Party Hat,Confetti
3776,Party Panda #3776,A looping cartoon party-panda PFP with real panda markings. Minted on Base.,3776.gif,Bamboo Lounge,Champagne Haze,Dancer,Blink,Headphones,None
3777,Party Panda #3777,A looping cartoon party-panda PFP with real panda markings. Minted on Base.,3777.gif,Bamboo Lounge,Champagne Haze,Dancer,Spark,Bowtie,None
3778,Party Panda #3778,A looping cartoon party-panda PFP with real panda markings. Minted on Base.,3778.gif,Confetti Hall,Sparkle Burst,Cub,Shades,Headphones,Cocktail
3779,Party Panda #3779,A looping cartoon party-panda PFP with real panda markings. Minted on Base.,3779.gif,Neon Club,No glow,Peach,Blink,Party Hat,Confetti
3780,Party Panda #3780,A looping cartoon party-panda PFP with real panda markings. Minted on Base.,3780.gif,Candy Rave,Champagne Haze,Classic,Shades,Bowtie,Balloon
3781,Party Panda #3781,A looping cartoon party-panda PFP with real panda markings. Minted on Base.,3781.gif,Bamboo Lounge,Sparkle Burst,Dancer,Wink,Lei,None
3782,Party Panda #3782,A looping cartoon party-panda PFP with real panda markings. Minted on Base.,3782.gif,Bamboo Lounge,No glow,Cub,Shades,Lei,Confetti
3783,Party Panda #3783,A looping cartoon party-panda PFP with real panda markings. Minted on Base.,3783.gif,Moonlight,Sparkle Burst,Peach,Wink,Lei,Balloon
3784,Party Panda #3784,A looping cartoon party-panda PFP with real panda markings. Minted on Base.,3784.gif,Garden Party,Champagne Haze,Dancer,Spark,Bare head,Cocktail
3785,Party Panda #3785,A looping cartoon party-panda PFP with real panda markings. Minted on Base.,3785.gif,Disco Night,No glow,Cub,Spark,Disco Afro,Confetti
3786,Party Panda #3786,A looping cartoon party-panda PFP with real panda markings. Minted on Base.,3786.gif,Bamboo Lounge,Disco Pulse,Peach,Sleepy,Tiny Crown,Sparkler
3787,Party Panda #3787,A looping cartoon party-panda PFP with real panda markings. Minted on Base.,3787.gif,Neon Club,Laser Sweep,Chubby,Sleepy,Lei,Boombox
3788,Party Panda #3788,A looping cartoon party-panda PFP with real panda markings. Minted on Base.,3788.gif,Disco Night,No glow,Dancer,Blink,Headphones,Balloon
3789,Party Panda #3789,A looping cartoon party-panda PFP with real panda markings. Minted on Base.,3789.gif,Disco Night,Disco Pulse,Cub,Shades,Lei,Sparkler
3790,Party Panda #3790,A looping cartoon party-panda PFP with real panda markings. Minted on Base.,3790.gif,Neon Club,Sparkle Burst,Tuxedo,Sleepy,Bowtie,Balloon
3791,Party Panda #3791,A looping cartoon party-panda PFP with real panda markings. Minted on Base.,3791.gif,Rooftop Glow,Champagne Haze,Dancer,Blink,Bare head,None
3792,Party Panda #3792,A looping cartoon party-panda PFP with real panda markings. Minted on Base.,3792.gif,Candy Rave,Champagne Haze,Dancer,Wink,Bare head,None
3793,Party Panda #3793,A looping cartoon party-panda PFP with real panda markings. Minted on Base.,3793.gif,Garden Party,Disco Pulse,Classic,Blink,Headphones,None
3794,Party Panda #3794,A looping cartoon party-panda PFP with real panda markings. Minted on Base.,3794.gif,Candy Rave,Champagne Haze,Classic,Heart,Headphones,Boombox
3795,Party Panda #3795,A looping cartoon party-panda PFP with real panda markings. Minted on Base.,3795.gif,Garden Party,No glow,Dancer,Wink,Tiny Crown,Cocktail
3796,Party Panda #3796,A looping cartoon party-panda PFP with real panda markings. Minted on Base.,3796.gif,Candy Rave,No glow,Dancer,Wink,Bare head,Balloon
3797,Party Panda #3797,A looping cartoon party-panda PFP with real panda markings. Minted on Base.,3797.gif,Garden Party,Disco Pulse,Tuxedo,Spark,Party Hat,Cocktail
3798,Party Panda #3798,A looping cartoon party-panda PFP with real panda markings. Minted on Base.,3798.gif,Rooftop Glow,Laser Sweep,Cub,Spark,Lei,Confetti
3799,Party Panda #3799,A looping cartoon party-panda PFP with real panda markings. Minted on Base.,3799.gif,Rooftop Glow,Sparkle Burst,Chubby,Sleepy,Lei,Boombox
3800,Party Panda #3800,A looping cartoon party-panda PFP with real panda markings. Minted on Base.,3800.gif,Moonlight,Champagne Haze,Dancer,Sleepy,Party Hat,Confetti
3801,Party Panda #3801,A looping cartoon party-panda PFP with real panda markings. Minted on Base.,3801.gif,Moonlight,Champagne Haze,Cub,Spark,Lei,Boombox
3802,Party Panda #3802,A looping cartoon party-panda PFP with real panda markings. Minted on Base.,3802.gif,Neon Club,Champagne Haze,Dancer,Blink,Bare head,Confetti
3803,Party Panda #3803,A looping cartoon party-panda PFP with real panda markings. Minted on Base.,3803.gif,Garden Party,Disco Pulse,Chubby,Shades,Party Hat,Sparkler
3804,Party Panda #3804,A looping cartoon party-panda PFP with real panda markings. Minted on Base.,3804.gif,Neon Club,No glow,Peach,Heart,Bare head,Confetti
3805,Party Panda #3805,A looping cartoon party-panda PFP with real panda markings. Minted on Base.,3805.gif,Candy Rave,No glow,Peach,Heart,Party Hat,Boombox
3806,Party Panda #3806,A looping cartoon party-panda PFP with real panda markings. Minted on Base.,3806.gif,Disco Night,No glow,Classic,Blink,Bowtie,Cocktail
3807,Party Panda #3807,A looping cartoon party-panda PFP with real panda markings. Minted on Base.,3807.gif,Moonlight,Champagne Haze,Classic,Blink,Headphones,Confetti
3808,Party Panda #3808,A looping cartoon party-panda PFP with real panda markings. Minted on Base.,3808.gif,Confetti Hall,Champagne Haze,Dancer,Heart,Tiny Crown,None
3809,Party Panda #3809,A looping cartoon party-panda PFP with real panda markings. Minted on Base.,3809.gif,Rooftop Glow,Disco Pulse,Cub,Heart,Bare head,Cocktail
3810,Party Panda #3810,A looping cartoon party-panda PFP with real panda markings. Minted on Base.,3810.gif,Candy Rave,No glow,Chubby,Sleepy,Bowtie,Sparkler
3811,Party Panda #3811,A looping cartoon party-panda PFP with real panda markings. Minted on Base.,3811.gif,Moonlight,Laser Sweep,Dancer,Sleepy,Bare head,Sparkler
3812,Party Panda #3812,A looping cartoon party-panda PFP with real panda markings. Minted on Base.,3812.gif,Confetti Hall,No glow,Chubby,Shades,Headphones,Confetti
3813,Party Panda #3813,A looping cartoon party-panda PFP with real panda markings. Minted on Base.,3813.gif,Rooftop Glow,Neon Ring,Chubby,Blink,Lei,None
3814,Party Panda #3814,A looping cartoon party-panda PFP with real panda markings. Minted on Base.,3814.gif,Bamboo Lounge,Champagne Haze,Cub,Heart,Headphones,Balloon
3815,Party Panda #3815,A looping cartoon party-panda PFP with real panda markings. Minted on Base.,3815.gif,Candy Rave,Disco Pulse,Cub,Blink,Bare head,Cocktail
3816,Party Panda #3816,A looping cartoon party-panda PFP with real panda markings. Minted on Base.,3816.gif,Moonlight,Laser Sweep,Chubby,Spark,Bowtie,Balloon
3817,Party Panda #3817,A looping cartoon party-panda PFP with real panda markings. Minted on Base.,3817.gif,Bamboo Lounge,Neon Ring,Tuxedo,Shades,Tiny Crown,Cocktail
3818,Party Panda #3818,A looping cartoon party-panda PFP with real panda markings. Minted on Base.,3818.gif,Moonlight,Neon Ring,Classic,Spark,Bare head,Balloon
3819,Party Panda #3819,A looping cartoon party-panda PFP with real panda markings. Minted on Base.,3819.gif,Confetti Hall,Champagne Haze,Cub,Blink,Tiny Crown,None
3820,Party Panda #3820,A looping cartoon party-panda PFP with real panda markings. Minted on Base.,3820.gif,Disco Night,Sparkle Burst,Classic,Heart,Bowtie,Balloon
3821,Party Panda #3821,A looping cartoon party-panda PFP with real panda markings. Minted on Base.,3821.gif,Bamboo Lounge,Neon Ring,Chubby,Shades,Party Hat,None
3822,Party Panda #3822,A looping cartoon party-panda PFP with real panda markings. Minted on Base.,3822.gif,Confetti Hall,Champagne Haze,Cub,Shades,Bare head,Confetti
3823,Party Panda #3823,A looping cartoon party-panda PFP with real panda markings. Minted on Base.,3823.gif,Bamboo Lounge,Disco Pulse,Classic,Shades,Lei,Confetti
3824,Party Panda #3824,A looping cartoon party-panda PFP with real panda markings. Minted on Base.,3824.gif,Bamboo Lounge,Laser Sweep,Dancer,Blink,Lei,Cocktail
3825,Party Panda #3825,A looping cartoon party-panda PFP with real panda markings. Minted on Base.,3825.gif,Bamboo Lounge,Laser Sweep,Dancer,Heart,Tiny Crown,Sparkler
3826,Party Panda #3826,A looping cartoon party-panda PFP with real panda markings. Minted on Base.,3826.gif,Neon Club,Neon Ring,Classic,Wink,Party Hat,Sparkler
3827,Party Panda #3827,A looping cartoon party-panda PFP with real panda markings. Minted on Base.,3827.gif,Candy Rave,Sparkle Burst,Chubby,Wink,Tiny Crown,Confetti
3828,Party Panda #3828,A looping cartoon party-panda PFP with real panda markings. Minted on Base.,3828.gif,Candy Rave,No glow,Chubby,Sleepy,Bowtie,Cocktail
3829,Party Panda #3829,A looping cartoon party-panda PFP with real panda markings. Minted on Base.,3829.gif,Neon Club,No glow,Peach,Heart,Bare head,None
3830,Party Panda #3830,A looping cartoon party-panda PFP with real panda markings. Minted on Base.,3830.gif,Rooftop Glow,Neon Ring,Tuxedo,Shades,Headphones,Sparkler
3831,Party Panda #3831,A looping cartoon party-panda PFP with real panda markings. Minted on Base.,3831.gif,Disco Night,Champagne Haze,Tuxedo,Sleepy,Tiny Crown,Sparkler
3832,Party Panda #3832,A looping cartoon party-panda PFP with real panda markings. Minted on Base.,3832.gif,Moonlight,Laser Sweep,Tuxedo,Sleepy,Bare head,Confetti
3833,Party Panda #3833,A looping cartoon party-panda PFP with real panda markings. Minted on Base.,3833.gif,Candy Rave,Laser Sweep,Chubby,Sleepy,Bare head,Balloon
3834,Party Panda #3834,A looping cartoon party-panda PFP with real panda markings. Minted on Base.,3834.gif,Disco Night,Champagne Haze,Classic,Spark,Disco Afro,Cocktail
3835,Party Panda #3835,A looping cartoon party-panda PFP with real panda markings. Minted on Base.,3835.gif,Rooftop Glow,Champagne Haze,Dancer,Spark,Bowtie,None
3836,Party Panda #3836,A looping cartoon party-panda PFP with real panda markings. Minted on Base.,3836.gif,Disco Night,Neon Ring,Chubby,Sleepy,Headphones,None
3837,Party Panda #3837,A looping cartoon party-panda PFP with real panda markings. Minted on Base.,3837.gif,Disco Night,Laser Sweep,Tuxedo,Blink,Bare head,Sparkler
3838,Party Panda #3838,A looping cartoon party-panda PFP with real panda markings. Minted on Base.,3838.gif,Candy Rave,Neon Ring,Classic,Shades,Tiny Crown,Balloon
3839,Party Panda #3839,A looping cartoon party-panda PFP with real panda markings. Minted on Base.,3839.gif,Candy Rave,Disco Pulse,Classic,Sleepy,Lei,None
3840,Party Panda #3840,A looping cartoon party-panda PFP with real panda markings. Minted on Base.,3840.gif,Disco Night,Sparkle Burst,Tuxedo,Wink,Tiny Crown,Balloon
3841,Party Panda #3841,A looping cartoon party-panda PFP with real panda markings. Minted on Base.,3841.gif,Moonlight,Disco Pulse,Peach,Blink,Bowtie,Sparkler
3842,Party Panda #3842,A looping cartoon party-panda PFP with real panda markings. Minted on Base.,3842.gif,Rooftop Glow,Sparkle Burst,Cub,Blink,Headphones,Cocktail
3843,Party Panda #3843,A looping cartoon party-panda PFP with real panda markings. Minted on Base.,3843.gif,Moonlight,Sparkle Burst,Classic,Wink,Tiny Crown,Sparkler
3844,Party Panda #3844,A looping cartoon party-panda PFP with real panda markings. Minted on Base.,3844.gif,Moonlight,Disco Pulse,Dancer,Heart,Lei,Boombox
3845,Party Panda #3845,A looping cartoon party-panda PFP with real panda markings. Minted on Base.,3845.gif,Moonlight,No glow,Peach,Heart,Lei,Cocktail
3846,Party Panda #3846,A looping cartoon party-panda PFP with real panda markings. Minted on Base.,3846.gif,Rooftop Glow,Disco Pulse,Dancer,Spark,Headphones,None
3847,Party Panda #3847,A looping cartoon party-panda PFP with real panda markings. Minted on Base.,3847.gif,Confetti Hall,Laser Sweep,Classic,Blink,Bowtie,Sparkler
3848,Party Panda #3848,A looping cartoon party-panda PFP with real panda markings. Minted on Base.,3848.gif,Moonlight,Neon Ring,Peach,Sleepy,Disco Afro,Confetti
3849,Party Panda #3849,A looping cartoon party-panda PFP with real panda markings. Minted on Base.,3849.gif,Disco Night,No glow,Classic,Wink,Lei,Balloon
3850,Party Panda #3850,A looping cartoon party-panda PFP with real panda markings. Minted on Base.,3850.gif,Garden Party,No glow,Cub,Wink,Tiny Crown,Sparkler
3851,Party Panda #3851,A looping cartoon party-panda PFP with real panda markings. Minted on Base.,3851.gif,Moonlight,Neon Ring,Cub,Spark,Party Hat,Cocktail
3852,Party Panda #3852,A looping cartoon party-panda PFP with real panda markings. Minted on Base.,3852.gif,Disco Night,Neon Ring,Classic,Blink,Headphones,Confetti
3853,Party Panda #3853,A looping cartoon party-panda PFP with real panda markings. Minted on Base.,3853.gif,Disco Night,Champagne Haze,Classic,Spark,Tiny Crown,None
3854,Party Panda #3854,A looping cartoon party-panda PFP with real panda markings. Minted on Base.,3854.gif,Candy Rave,Laser Sweep,Classic,Spark,Bowtie,Sparkler
3855,Party Panda #3855,A looping cartoon party-panda PFP with real panda markings. Minted on Base.,3855.gif,Neon Club,Disco Pulse,Cub,Blink,Bowtie,Boombox
3856,Party Panda #3856,A looping cartoon party-panda PFP with real panda markings. Minted on Base.,3856.gif,Candy Rave,Disco Pulse,Cub,Sleepy,Bowtie,Cocktail
3857,Party Panda #3857,A looping cartoon party-panda PFP with real panda markings. Minted on Base.,3857.gif,Candy Rave,No glow,Cub,Sleepy,Headphones,Sparkler
3858,Party Panda #3858,A looping cartoon party-panda PFP with real panda markings. Minted on Base.,3858.gif,Garden Party,Sparkle Burst,Chubby,Sleepy,Party Hat,Balloon
3859,Party Panda #3859,A looping cartoon party-panda PFP with real panda markings. Minted on Base.,3859.gif,Candy Rave,Neon Ring,Peach,Spark,Bare head,Sparkler
3860,Party Panda #3860,A looping cartoon party-panda PFP with real panda markings. Minted on Base.,3860.gif,Confetti Hall,Sparkle Burst,Cub,Shades,Lei,None
3861,Party Panda #3861,A looping cartoon party-panda PFP with real panda markings. Minted on Base.,3861.gif,Moonlight,Neon Ring,Tuxedo,Heart,Party Hat,Confetti
3862,Party Panda #3862,A looping cartoon party-panda PFP with real panda markings. Minted on Base.,3862.gif,Candy Rave,Laser Sweep,Chubby,Blink,Party Hat,Sparkler
3863,Party Panda #3863,A looping cartoon party-panda PFP with real panda markings. Minted on Base.,3863.gif,Bamboo Lounge,Champagne Haze,Classic,Shades,Bare head,Cocktail
3864,Party Panda #3864,A looping cartoon party-panda PFP with real panda markings. Minted on Base.,3864.gif,Bamboo Lounge,Laser Sweep,Dancer,Blink,Disco Afro,Cocktail
3865,Party Panda #3865,A looping cartoon party-panda PFP with real panda markings. Minted on Base.,3865.gif,Disco Night,Disco Pulse,Chubby,Wink,Bowtie,Boombox
3866,Party Panda #3866,A looping cartoon party-panda PFP with real panda markings. Minted on Base.,3866.gif,Garden Party,Champagne Haze,Dancer,Sleepy,Bowtie,Sparkler
3867,Party Panda #3867,A looping cartoon party-panda PFP with real panda markings. Minted on Base.,3867.gif,Candy Rave,No glow,Dancer,Sleepy,Disco Afro,Cocktail
3868,Party Panda #3868,A looping cartoon party-panda PFP with real panda markings. Minted on Base.,3868.gif,Candy Rave,Champagne Haze,Chubby,Blink,Lei,Sparkler
3869,Party Panda #3869,A looping cartoon party-panda PFP with real panda markings. Minted on Base.,3869.gif,Confetti Hall,Laser Sweep,Cub,Spark,Bare head,Confetti
3870,Party Panda #3870,A looping cartoon party-panda PFP with real panda markings. Minted on Base.,3870.gif,Confetti Hall,Disco Pulse,Peach,Sleepy,Disco Afro,Boombox
3871,Party Panda #3871,A looping cartoon party-panda PFP with real panda markings. Minted on Base.,3871.gif,Moonlight,Disco Pulse,Chubby,Sleepy,Bare head,None
3872,Party Panda #3872,A looping cartoon party-panda PFP with real panda markings. Minted on Base.,3872.gif,Moonlight,Champagne Haze,Peach,Heart,Bare head,Balloon
3873,Party Panda #3873,A looping cartoon party-panda PFP with real panda markings. Minted on Base.,3873.gif,Candy Rave,Champagne Haze,Classic,Heart,Lei,None
3874,Party Panda #3874,A looping cartoon party-panda PFP with real panda markings. Minted on Base.,3874.gif,Rooftop Glow,Sparkle Burst,Cub,Shades,Party Hat,None
3875,Party Panda #3875,A looping cartoon party-panda PFP with real panda markings. Minted on Base.,3875.gif,Candy Rave,No glow,Dancer,Wink,Lei,None
3876,Party Panda #3876,A looping cartoon party-panda PFP with real panda markings. Minted on Base.,3876.gif,Moonlight,No glow,Cub,Wink,Bowtie,Cocktail
3877,Party Panda #3877,A looping cartoon party-panda PFP with real panda markings. Minted on Base.,3877.gif,Disco Night,Neon Ring,Tuxedo,Sleepy,Headphones,Confetti
3878,Party Panda #3878,A looping cartoon party-panda PFP with real panda markings. Minted on Base.,3878.gif,Garden Party,Laser Sweep,Dancer,Heart,Bare head,None
3879,Party Panda #3879,A looping cartoon party-panda PFP with real panda markings. Minted on Base.,3879.gif,Moonlight,Sparkle Burst,Chubby,Blink,Disco Afro,Confetti
3880,Party Panda #3880,A looping cartoon party-panda PFP with real panda markings. Minted on Base.,3880.gif,Bamboo Lounge,Laser Sweep,Cub,Spark,Party Hat,None
3881,Party Panda #3881,A looping cartoon party-panda PFP with real panda markings. Minted on Base.,3881.gif,Neon Club,Laser Sweep,Classic,Blink,Bowtie,Sparkler
3882,Party Panda #3882,A looping cartoon party-panda PFP with real panda markings. Minted on Base.,3882.gif,Disco Night,No glow,Chubby,Spark,Headphones,Confetti
3883,Party Panda #3883,A looping cartoon party-panda PFP with real panda markings. Minted on Base.,3883.gif,Bamboo Lounge,Laser Sweep,Chubby,Shades,Disco Afro,None
3884,Party Panda #3884,A looping cartoon party-panda PFP with real panda markings. Minted on Base.,3884.gif,Rooftop Glow,No glow,Peach,Shades,Headphones,Boombox
3885,Party Panda #3885,A looping cartoon party-panda PFP with real panda markings. Minted on Base.,3885.gif,Moonlight,No glow,Classic,Spark,Party Hat,Cocktail
3886,Party Panda #3886,A looping cartoon party-panda PFP with real panda markings. Minted on Base.,3886.gif,Disco Night,Champagne Haze,Classic,Spark,Disco Afro,Confetti
3887,Party Panda #3887,A looping cartoon party-panda PFP with real panda markings. Minted on Base.,3887.gif,Bamboo Lounge,Laser Sweep,Cub,Shades,Bowtie,Boombox
3888,Party Panda #3888,A looping cartoon party-panda PFP with real panda markings. Minted on Base.,3888.gif,Rooftop Glow,Sparkle Burst,Tuxedo,Spark,Headphones,Cocktail
3889,Party Panda #3889,A looping cartoon party-panda PFP with real panda markings. Minted on Base.,3889.gif,Confetti Hall,No glow,Classic,Shades,Party Hat,Confetti
3890,Party Panda #3890,A looping cartoon party-panda PFP with real panda markings. Minted on Base.,3890.gif,Rooftop Glow,Champagne Haze,Cub,Wink,Bare head,Confetti
3891,Party Panda #3891,A looping cartoon party-panda PFP with real panda markings. Minted on Base.,3891.gif,Bamboo Lounge,Laser Sweep,Tuxedo,Wink,Lei,Confetti
3892,Party Panda #3892,A looping cartoon party-panda PFP with real panda markings. Minted on Base.,3892.gif,Neon Club,Laser Sweep,Chubby,Heart,Tiny Crown,None
3893,Party Panda #3893,A looping cartoon party-panda PFP with real panda markings. Minted on Base.,3893.gif,Bamboo Lounge,Disco Pulse,Chubby,Sleepy,Bowtie,Sparkler
3894,Party Panda #3894,A looping cartoon party-panda PFP with real panda markings. Minted on Base.,3894.gif,Rooftop Glow,Sparkle Burst,Tuxedo,Spark,Disco Afro,Cocktail
3895,Party Panda #3895,A looping cartoon party-panda PFP with real panda markings. Minted on Base.,3895.gif,Bamboo Lounge,No glow,Dancer,Blink,Disco Afro,Balloon
3896,Party Panda #3896,A looping cartoon party-panda PFP with real panda markings. Minted on Base.,3896.gif,Disco Night,Disco Pulse,Cub,Blink,Bare head,Cocktail
3897,Party Panda #3897,A looping cartoon party-panda PFP with real panda markings. Minted on Base.,3897.gif,Moonlight,No glow,Dancer,Wink,Bowtie,None
3898,Party Panda #3898,A looping cartoon party-panda PFP with real panda markings. Minted on Base.,3898.gif,Garden Party,Disco Pulse,Chubby,Wink,Party Hat,Sparkler
3899,Party Panda #3899,A looping cartoon party-panda PFP with real panda markings. Minted on Base.,3899.gif,Rooftop Glow,Laser Sweep,Classic,Spark,Bare head,Confetti
3900,Party Panda #3900,A looping cartoon party-panda PFP with real panda markings. Minted on Base.,3900.gif,Disco Night,Neon Ring,Tuxedo,Blink,Party Hat,Boombox
3901,Party Panda #3901,A looping cartoon party-panda PFP with real panda markings. Minted on Base.,3901.gif,Disco Night,Laser Sweep,Dancer,Shades,Lei,Confetti
3902,Party Panda #3902,A looping cartoon party-panda PFP with real panda markings. Minted on Base.,3902.gif,Bamboo Lounge,Sparkle Burst,Chubby,Wink,Headphones,None
3903,Party Panda #3903,A looping cartoon party-panda PFP with real panda markings. Minted on Base.,3903.gif,Bamboo Lounge,Champagne Haze,Dancer,Wink,Bare head,None
3904,Party Panda #3904,A looping cartoon party-panda PFP with real panda markings. Minted on Base.,3904.gif,Candy Rave,Champagne Haze,Cub,Heart,Party Hat,Sparkler
3905,Party Panda #3905,A looping cartoon party-panda PFP with real panda markings. Minted on Base.,3905.gif,Disco Night,Neon Ring,Cub,Shades,Headphones,Confetti
3906,Party Panda #3906,A looping cartoon party-panda PFP with real panda markings. Minted on Base.,3906.gif,Garden Party,Disco Pulse,Cub,Spark,Party Hat,Sparkler
3907,Party Panda #3907,A looping cartoon party-panda PFP with real panda markings. Minted on Base.,3907.gif,Garden Party,Sparkle Burst,Dancer,Heart,Bare head,Confetti
3908,Party Panda #3908,A looping cartoon party-panda PFP with real panda markings. Minted on Base.,3908.gif,Garden Party,Champagne Haze,Peach,Sleepy,Bowtie,Boombox
3909,Party Panda #3909,A looping cartoon party-panda PFP with real panda markings. Minted on Base.,3909.gif,Bamboo Lounge,Disco Pulse,Peach,Shades,Bare head,Balloon
3910,Party Panda #3910,A looping cartoon party-panda PFP with real panda markings. Minted on Base.,3910.gif,Moonlight,Laser Sweep,Cub,Wink,Lei,Confetti
3911,Party Panda #3911,A looping cartoon party-panda PFP with real panda markings. Minted on Base.,3911.gif,Bamboo Lounge,Laser Sweep,Peach,Blink,Lei,Cocktail
3912,Party Panda #3912,A looping cartoon party-panda PFP with real panda markings. Minted on Base.,3912.gif,Confetti Hall,Laser Sweep,Tuxedo,Sleepy,Disco Afro,Cocktail
3913,Party Panda #3913,A looping cartoon party-panda PFP with real panda markings. Minted on Base.,3913.gif,Candy Rave,No glow,Cub,Shades,Party Hat,Confetti
3914,Party Panda #3914,A looping cartoon party-panda PFP with real panda markings. Minted on Base.,3914.gif,Bamboo Lounge,Neon Ring,Cub,Shades,Headphones,Cocktail
3915,Party Panda #3915,A looping cartoon party-panda PFP with real panda markings. Minted on Base.,3915.gif,Rooftop Glow,Champagne Haze,Dancer,Wink,Headphones,Boombox
3916,Party Panda #3916,A looping cartoon party-panda PFP with real panda markings. Minted on Base.,3916.gif,Disco Night,Sparkle Burst,Classic,Heart,Tiny Crown,Confetti
3917,Party Panda #3917,A looping cartoon party-panda PFP with real panda markings. Minted on Base.,3917.gif,Rooftop Glow,Champagne Haze,Cub,Shades,Tiny Crown,Balloon
3918,Party Panda #3918,A looping cartoon party-panda PFP with real panda markings. Minted on Base.,3918.gif,Candy Rave,Laser Sweep,Tuxedo,Sleepy,Bowtie,None
3919,Party Panda #3919,A looping cartoon party-panda PFP with real panda markings. Minted on Base.,3919.gif,Rooftop Glow,Disco Pulse,Peach,Blink,Bowtie,Sparkler
3920,Party Panda #3920,A looping cartoon party-panda PFP with real panda markings. Minted on Base.,3920.gif,Garden Party,No glow,Classic,Wink,Party Hat,Confetti
3921,Party Panda #3921,A looping cartoon party-panda PFP with real panda markings. Minted on Base.,3921.gif,Garden Party,No glow,Tuxedo,Blink,Bowtie,None
3922,Party Panda #3922,A looping cartoon party-panda PFP with real panda markings. Minted on Base.,3922.gif,Candy Rave,Disco Pulse,Dancer,Blink,Headphones,Balloon
3923,Party Panda #3923,A looping cartoon party-panda PFP with real panda markings. Minted on Base.,3923.gif,Disco Night,Neon Ring,Cub,Wink,Headphones,Balloon
3924,Party Panda #3924,A looping cartoon party-panda PFP with real panda markings. Minted on Base.,3924.gif,Confetti Hall,Neon Ring,Cub,Blink,Headphones,Confetti
3925,Party Panda #3925,A looping cartoon party-panda PFP with real panda markings. Minted on Base.,3925.gif,Bamboo Lounge,No glow,Tuxedo,Heart,Bare head,Confetti
3926,Party Panda #3926,A looping cartoon party-panda PFP with real panda markings. Minted on Base.,3926.gif,Moonlight,Disco Pulse,Cub,Spark,Lei,None
3927,Party Panda #3927,A looping cartoon party-panda PFP with real panda markings. Minted on Base.,3927.gif,Disco Night,Sparkle Burst,Classic,Heart,Headphones,None
3928,Party Panda #3928,A looping cartoon party-panda PFP with real panda markings. Minted on Base.,3928.gif,Candy Rave,Disco Pulse,Tuxedo,Sleepy,Party Hat,Balloon
3929,Party Panda #3929,A looping cartoon party-panda PFP with real panda markings. Minted on Base.,3929.gif,Disco Night,No glow,Chubby,Sleepy,Lei,Confetti
3930,Party Panda #3930,A looping cartoon party-panda PFP with real panda markings. Minted on Base.,3930.gif,Moonlight,No glow,Tuxedo,Wink,Tiny Crown,Confetti
3931,Party Panda #3931,A looping cartoon party-panda PFP with real panda markings. Minted on Base.,3931.gif,Rooftop Glow,Disco Pulse,Chubby,Spark,Bowtie,Boombox
3932,Party Panda #3932,A looping cartoon party-panda PFP with real panda markings. Minted on Base.,3932.gif,Bamboo Lounge,Champagne Haze,Classic,Spark,Disco Afro,Boombox
3933,Party Panda #3933,A looping cartoon party-panda PFP with real panda markings. Minted on Base.,3933.gif,Moonlight,Neon Ring,Peach,Shades,Bare head,None
3934,Party Panda #3934,A looping cartoon party-panda PFP with real panda markings. Minted on Base.,3934.gif,Candy Rave,No glow,Tuxedo,Heart,Bare head,Confetti
3935,Party Panda #3935,A looping cartoon party-panda PFP with real panda markings. Minted on Base.,3935.gif,Garden Party,Sparkle Burst,Tuxedo,Blink,Bowtie,Cocktail
3936,Party Panda #3936,A looping cartoon party-panda PFP with real panda markings. Minted on Base.,3936.gif,Rooftop Glow,Sparkle Burst,Peach,Spark,Bare head,Balloon
3937,Party Panda #3937,A looping cartoon party-panda PFP with real panda markings. Minted on Base.,3937.gif,Bamboo Lounge,Laser Sweep,Dancer,Wink,Disco Afro,Confetti
3938,Party Panda #3938,A looping cartoon party-panda PFP with real panda markings. Minted on Base.,3938.gif,Garden Party,Laser Sweep,Classic,Heart,Bowtie,Confetti
3939,Party Panda #3939,A looping cartoon party-panda PFP with real panda markings. Minted on Base.,3939.gif,Garden Party,Neon Ring,Classic,Sleepy,Headphones,Confetti
3940,Party Panda #3940,A looping cartoon party-panda PFP with real panda markings. Minted on Base.,3940.gif,Bamboo Lounge,Disco Pulse,Chubby,Shades,Party Hat,Sparkler
3941,Party Panda #3941,A looping cartoon party-panda PFP with real panda markings. Minted on Base.,3941.gif,Rooftop Glow,Champagne Haze,Cub,Blink,Bowtie,None
3942,Party Panda #3942,A looping cartoon party-panda PFP with real panda markings. Minted on Base.,3942.gif,Rooftop Glow,Disco Pulse,Cub,Wink,Headphones,None
3943,Party Panda #3943,A looping cartoon party-panda PFP with real panda markings. Minted on Base.,3943.gif,Confetti Hall,Champagne Haze,Peach,Wink,Lei,None
3944,Party Panda #3944,A looping cartoon party-panda PFP with real panda markings. Minted on Base.,3944.gif,Rooftop Glow,Sparkle Burst,Dancer,Heart,Tiny Crown,Sparkler
3945,Party Panda #3945,A looping cartoon party-panda PFP with real panda markings. Minted on Base.,3945.gif,Bamboo Lounge,Disco Pulse,Dancer,Wink,Lei,Confetti
3946,Party Panda #3946,A looping cartoon party-panda PFP with real panda markings. Minted on Base.,3946.gif,Moonlight,Sparkle Burst,Tuxedo,Blink,Party Hat,Sparkler
3947,Party Panda #3947,A looping cartoon party-panda PFP with real panda markings. Minted on Base.,3947.gif,Bamboo Lounge,No glow,Chubby,Blink,Party Hat,Confetti
3948,Party Panda #3948,A looping cartoon party-panda PFP with real panda markings. Minted on Base.,3948.gif,Candy Rave,Laser Sweep,Peach,Spark,Headphones,Balloon
3949,Party Panda #3949,A looping cartoon party-panda PFP with real panda markings. Minted on Base.,3949.gif,Confetti Hall,Laser Sweep,Peach,Shades,Party Hat,None
3950,Party Panda #3950,A looping cartoon party-panda PFP with real panda markings. Minted on Base.,3950.gif,Rooftop Glow,Laser Sweep,Cub,Shades,Bare head,Boombox
3951,Party Panda #3951,A looping cartoon party-panda PFP with real panda markings. Minted on Base.,3951.gif,Bamboo Lounge,Champagne Haze,Dancer,Spark,Lei,None
3952,Party Panda #3952,A looping cartoon party-panda PFP with real panda markings. Minted on Base.,3952.gif,Disco Night,No glow,Tuxedo,Shades,Tiny Crown,Confetti
3953,Party Panda #3953,A looping cartoon party-panda PFP with real panda markings. Minted on Base.,3953.gif,Candy Rave,No glow,Tuxedo,Shades,Tiny Crown,None
3954,Party Panda #3954,A looping cartoon party-panda PFP with real panda markings. Minted on Base.,3954.gif,Disco Night,Disco Pulse,Chubby,Blink,Bowtie,Balloon
3955,Party Panda #3955,A looping cartoon party-panda PFP with real panda markings. Minted on Base.,3955.gif,Bamboo Lounge,Disco Pulse,Chubby,Blink,Headphones,None
3956,Party Panda #3956,A looping cartoon party-panda PFP with real panda markings. Minted on Base.,3956.gif,Rooftop Glow,Sparkle Burst,Classic,Wink,Bowtie,Balloon
3957,Party Panda #3957,A looping cartoon party-panda PFP with real panda markings. Minted on Base.,3957.gif,Moonlight,No glow,Cub,Heart,Bare head,Cocktail
3958,Party Panda #3958,A looping cartoon party-panda PFP with real panda markings. Minted on Base.,3958.gif,Confetti Hall,No glow,Cub,Blink,Bare head,Cocktail
3959,Party Panda #3959,A looping cartoon party-panda PFP with real panda markings. Minted on Base.,3959.gif,Disco Night,Sparkle Burst,Chubby,Blink,Bare head,None
3960,Party Panda #3960,A looping cartoon party-panda PFP with real panda markings. Minted on Base.,3960.gif,Bamboo Lounge,No glow,Dancer,Shades,Tiny Crown,Balloon
3961,Party Panda #3961,A looping cartoon party-panda PFP with real panda markings. Minted on Base.,3961.gif,Rooftop Glow,No glow,Dancer,Heart,Bare head,Sparkler
3962,Party Panda #3962,A looping cartoon party-panda PFP with real panda markings. Minted on Base.,3962.gif,Moonlight,Laser Sweep,Peach,Heart,Headphones,Boombox
3963,Party Panda #3963,A looping cartoon party-panda PFP with real panda markings. Minted on Base.,3963.gif,Bamboo Lounge,No glow,Classic,Sleepy,Tiny Crown,None
3964,Party Panda #3964,A looping cartoon party-panda PFP with real panda markings. Minted on Base.,3964.gif,Confetti Hall,No glow,Tuxedo,Sleepy,Bare head,Balloon
3965,Party Panda #3965,A looping cartoon party-panda PFP with real panda markings. Minted on Base.,3965.gif,Neon Club,Disco Pulse,Classic,Wink,Party Hat,Cocktail
3966,Party Panda #3966,A looping cartoon party-panda PFP with real panda markings. Minted on Base.,3966.gif,Rooftop Glow,No glow,Tuxedo,Heart,Bowtie,Boombox
3967,Party Panda #3967,A looping cartoon party-panda PFP with real panda markings. Minted on Base.,3967.gif,Neon Club,Neon Ring,Chubby,Heart,Tiny Crown,None
3968,Party Panda #3968,A looping cartoon party-panda PFP with real panda markings. Minted on Base.,3968.gif,Garden Party,Disco Pulse,Cub,Shades,Bare head,Boombox
3969,Party Panda #3969,A looping cartoon party-panda PFP with real panda markings. Minted on Base.,3969.gif,Bamboo Lounge,No glow,Tuxedo,Shades,Lei,None
3970,Party Panda #3970,A looping cartoon party-panda PFP with real panda markings. Minted on Base.,3970.gif,Moonlight,Laser Sweep,Dancer,Blink,Headphones,Sparkler
3971,Party Panda #3971,A looping cartoon party-panda PFP with real panda markings. Minted on Base.,3971.gif,Moonlight,Disco Pulse,Cub,Heart,Tiny Crown,Cocktail
3972,Party Panda #3972,A looping cartoon party-panda PFP with real panda markings. Minted on Base.,3972.gif,Confetti Hall,No glow,Classic,Sleepy,Party Hat,Sparkler
3973,Party Panda #3973,A looping cartoon party-panda PFP with real panda markings. Minted on Base.,3973.gif,Rooftop Glow,No glow,Chubby,Wink,Disco Afro,Cocktail
3974,Party Panda #3974,A looping cartoon party-panda PFP with real panda markings. Minted on Base.,3974.gif,Confetti Hall,Neon Ring,Tuxedo,Sleepy,Tiny Crown,None
3975,Party Panda #3975,A looping cartoon party-panda PFP with real panda markings. Minted on Base.,3975.gif,Disco Night,No glow,Peach,Blink,Disco Afro,Boombox
3976,Party Panda #3976,A looping cartoon party-panda PFP with real panda markings. Minted on Base.,3976.gif,Confetti Hall,Disco Pulse,Peach,Spark,Bowtie,Balloon
3977,Party Panda #3977,A looping cartoon party-panda PFP with real panda markings. Minted on Base.,3977.gif,Bamboo Lounge,Laser Sweep,Classic,Blink,Bowtie,Sparkler
3978,Party Panda #3978,A looping cartoon party-panda PFP with real panda markings. Minted on Base.,3978.gif,Candy Rave,Champagne Haze,Classic,Heart,Bowtie,None
3979,Party Panda #3979,A looping cartoon party-panda PFP with real panda markings. Minted on Base.,3979.gif,Confetti Hall,Disco Pulse,Chubby,Sleepy,Lei,Confetti
3980,Party Panda #3980,A looping cartoon party-panda PFP with real panda markings. Minted on Base.,3980.gif,Rooftop Glow,Neon Ring,Peach,Blink,Disco Afro,Confetti
3981,Party Panda #3981,A looping cartoon party-panda PFP with real panda markings. Minted on Base.,3981.gif,Neon Club,Champagne Haze,Classic,Sleepy,Bare head,Confetti
3982,Party Panda #3982,A looping cartoon party-panda PFP with real panda markings. Minted on Base.,3982.gif,Moonlight,Disco Pulse,Tuxedo,Spark,Tiny Crown,Confetti
3983,Party Panda #3983,A looping cartoon party-panda PFP with real panda markings. Minted on Base.,3983.gif,Candy Rave,Disco Pulse,Tuxedo,Blink,Bare head,Cocktail
3984,Party Panda #3984,A looping cartoon party-panda PFP with real panda markings. Minted on Base.,3984.gif,Bamboo Lounge,No glow,Dancer,Wink,Bare head,Balloon
3985,Party Panda #3985,A looping cartoon party-panda PFP with real panda markings. Minted on Base.,3985.gif,Bamboo Lounge,Sparkle Burst,Chubby,Wink,Lei,Balloon
3986,Party Panda #3986,A looping cartoon party-panda PFP with real panda markings. Minted on Base.,3986.gif,Disco Night,Disco Pulse,Dancer,Wink,Lei,None
3987,Party Panda #3987,A looping cartoon party-panda PFP with real panda markings. Minted on Base.,3987.gif,Garden Party,Neon Ring,Classic,Wink,Party Hat,Sparkler
3988,Party Panda #3988,A looping cartoon party-panda PFP with real panda markings. Minted on Base.,3988.gif,Neon Club,Laser Sweep,Classic,Heart,Headphones,None
3989,Party Panda #3989,A looping cartoon party-panda PFP with real panda markings. Minted on Base.,3989.gif,Disco Night,Disco Pulse,Classic,Heart,Party Hat,Cocktail
3990,Party Panda #3990,A looping cartoon party-panda PFP with real panda markings. Minted on Base.,3990.gif,Neon Club,Laser Sweep,Classic,Heart,Lei,Confetti
3991,Party Panda #3991,A looping cartoon party-panda PFP with real panda markings. Minted on Base.,3991.gif,Moonlight,Disco Pulse,Tuxedo,Spark,Headphones,Balloon
3992,Party Panda #3992,A looping cartoon party-panda PFP with real panda markings. Minted on Base.,3992.gif,Candy Rave,Neon Ring,Classic,Blink,Bare head,Confetti
3993,Party Panda #3993,A looping cartoon party-panda PFP with real panda markings. Minted on Base.,3993.gif,Bamboo Lounge,No glow,Tuxedo,Heart,Party Hat,Balloon
3994,Party Panda #3994,A looping cartoon party-panda PFP with real panda markings. Minted on Base.,3994.gif,Confetti Hall,No glow,Cub,Heart,Bare head,None
3995,Party Panda #3995,A looping cartoon party-panda PFP with real panda markings. Minted on Base.,3995.gif,Bamboo Lounge,Laser Sweep,Classic,Shades,Bowtie,Confetti
3996,Party Panda #3996,A looping cartoon party-panda PFP with real panda markings. Minted on Base.,3996.gif,Disco Night,Disco Pulse,Dancer,Blink,Bare head,Cocktail
3997,Party Panda #3997,A looping cartoon party-panda PFP with real panda markings. Minted on Base.,3997.gif,Candy Rave,Laser Sweep,Dancer,Heart,Bare head,None
3998,Party Panda #3998,A looping cartoon party-panda PFP with real panda markings. Minted on Base.,3998.gif,Neon Club,Disco Pulse,Peach,Blink,Bare head,Boombox
3999,Party Panda #3999,A looping cartoon party-panda PFP with real panda markings. Minted on Base.,3999.gif,Moonlight,Champagne Haze,Chubby,Heart,Tiny Crown,Cocktail
4000,Party Panda #4000,A looping cartoon party-panda PFP with real panda markings. Minted on Base.,4000.gif,Neon Club,Laser Sweep,Dancer,Sleepy,Bowtie,None
4001,Party Panda #4001,A looping cartoon party-panda PFP with real panda markings. Minted on Base.,4001.gif,Bamboo Lounge,Sparkle Burst,Dancer,Blink,Party Hat,Balloon
4002,Party Panda #4002,A looping cartoon party-panda PFP with real panda markings. Minted on Base.,4002.gif,Moonlight,Sparkle Burst,Classic,Blink,Tiny Crown,Cocktail
4003,Party Panda #4003,A looping cartoon party-panda PFP with real panda markings. Minted on Base.,4003.gif,Neon Club,Neon Ring,Dancer,Heart,Lei,None
4004,Party Panda #4004,A looping cartoon party-panda PFP with real panda markings. Minted on Base.,4004.gif,Candy Rave,No glow,Dancer,Spark,Party Hat,Balloon
4005,Party Panda #4005,A looping cartoon party-panda PFP with real panda markings. Minted on Base.,4005.gif,Bamboo Lounge,Laser Sweep,Cub,Sleepy,Tiny Crown,Boombox
4006,Party Panda #4006,A looping cartoon party-panda PFP with real panda markings. Minted on Base.,4006.gif,Moonlight,No glow,Classic,Spark,Disco Afro,Confetti
4007,Party Panda #4007,A looping cartoon party-panda PFP with real panda markings. Minted on Base.,4007.gif,Moonlight,Sparkle Burst,Chubby,Heart,Bare head,Confetti
4008,Party Panda #4008,A looping cartoon party-panda PFP with real panda markings. Minted on Base.,4008.gif,Moonlight,No glow,Chubby,Wink,Tiny Crown,Cocktail
4009,Party Panda #4009,A looping cartoon party-panda PFP with real panda markings. Minted on Base.,4009.gif,Garden Party,No glow,Chubby,Blink,Lei,Confetti
4010,Party Panda #4010,A looping cartoon party-panda PFP with real panda markings. Minted on Base.,4010.gif,Confetti Hall,Champagne Haze,Dancer,Heart,Bowtie,Confetti
4011,Party Panda #4011,A looping cartoon party-panda PFP with real panda markings. Minted on Base.,4011.gif,Disco Night,Disco Pulse,Classic,Heart,Lei,Boombox
4012,Party Panda #4012,A looping cartoon party-panda PFP with real panda markings. Minted on Base.,4012.gif,Moonlight,Laser Sweep,Chubby,Blink,Bowtie,Cocktail
4013,Party Panda #4013,A looping cartoon party-panda PFP with real panda markings. Minted on Base.,4013.gif,Moonlight,Champagne Haze,Peach,Spark,Bare head,Confetti
4014,Party Panda #4014,A looping cartoon party-panda PFP with real panda markings. Minted on Base.,4014.gif,Garden Party,Laser Sweep,Chubby,Spark,Lei,Balloon
4015,Party Panda #4015,A looping cartoon party-panda PFP with real panda markings. Minted on Base.,4015.gif,Candy Rave,Laser Sweep,Dancer,Spark,Headphones,Sparkler
4016,Party Panda #4016,A looping cartoon party-panda PFP with real panda markings. Minted on Base.,4016.gif,Rooftop Glow,Disco Pulse,Tuxedo,Heart,Bare head,None
4017,Party Panda #4017,A looping cartoon party-panda PFP with real panda markings. Minted on Base.,4017.gif,Disco Night,Champagne Haze,Tuxedo,Sleepy,Bowtie,None
4018,Party Panda #4018,A looping cartoon party-panda PFP with real panda markings. Minted on Base.,4018.gif,Disco Night,Neon Ring,Peach,Spark,Tiny Crown,Cocktail
4019,Party Panda #4019,A looping cartoon party-panda PFP with real panda markings. Minted on Base.,4019.gif,Rooftop Glow,Champagne Haze,Cub,Blink,Disco Afro,Sparkler
4020,Party Panda #4020,A looping cartoon party-panda PFP with real panda markings. Minted on Base.,4020.gif,Disco Night,Sparkle Burst,Chubby,Shades,Disco Afro,None
4021,Party Panda #4021,A looping cartoon party-panda PFP with real panda markings. Minted on Base.,4021.gif,Rooftop Glow,Disco Pulse,Cub,Heart,Party Hat,None
4022,Party Panda #4022,A looping cartoon party-panda PFP with real panda markings. Minted on Base.,4022.gif,Disco Night,No glow,Chubby,Wink,Bare head,Sparkler
4023,Party Panda #4023,A looping cartoon party-panda PFP with real panda markings. Minted on Base.,4023.gif,Neon Club,Sparkle Burst,Tuxedo,Sleepy,Headphones,Confetti
4024,Party Panda #4024,A looping cartoon party-panda PFP with real panda markings. Minted on Base.,4024.gif,Rooftop Glow,Laser Sweep,Classic,Wink,Headphones,Sparkler
4025,Party Panda #4025,A looping cartoon party-panda PFP with real panda markings. Minted on Base.,4025.gif,Moonlight,No glow,Classic,Shades,Tiny Crown,None
4026,Party Panda #4026,A looping cartoon party-panda PFP with real panda markings. Minted on Base.,4026.gif,Bamboo Lounge,Sparkle Burst,Tuxedo,Spark,Headphones,Sparkler
4027,Party Panda #4027,A looping cartoon party-panda PFP with real panda markings. Minted on Base.,4027.gif,Neon Club,No glow,Classic,Sleepy,Party Hat,Confetti
4028,Party Panda #4028,A looping cartoon party-panda PFP with real panda markings. Minted on Base.,4028.gif,Neon Club,Neon Ring,Dancer,Sleepy,Bare head,Confetti
4029,Party Panda #4029,A looping cartoon party-panda PFP with real panda markings. Minted on Base.,4029.gif,Bamboo Lounge,Disco Pulse,Chubby,Shades,Bare head,Cocktail
4030,Party Panda #4030,A looping cartoon party-panda PFP with real panda markings. Minted on Base.,4030.gif,Neon Club,Sparkle Burst,Peach,Sleepy,Disco Afro,Sparkler
4031,Party Panda #4031,A looping cartoon party-panda PFP with real panda markings. Minted on Base.,4031.gif,Candy Rave,Disco Pulse,Chubby,Spark,Headphones,Confetti
4032,Party Panda #4032,A looping cartoon party-panda PFP with real panda markings. Minted on Base.,4032.gif,Confetti Hall,No glow,Tuxedo,Blink,Bowtie,Cocktail
4033,Party Panda #4033,A looping cartoon party-panda PFP with real panda markings. Minted on Base.,4033.gif,Bamboo Lounge,Champagne Haze,Chubby,Wink,Bare head,Boombox
4034,Party Panda #4034,A looping cartoon party-panda PFP with real panda markings. Minted on Base.,4034.gif,Candy Rave,Laser Sweep,Classic,Wink,Lei,Cocktail
4035,Party Panda #4035,A looping cartoon party-panda PFP with real panda markings. Minted on Base.,4035.gif,Garden Party,Laser Sweep,Peach,Spark,Tiny Crown,None
4036,Party Panda #4036,A looping cartoon party-panda PFP with real panda markings. Minted on Base.,4036.gif,Moonlight,Champagne Haze,Chubby,Blink,Tiny Crown,Confetti
4037,Party Panda #4037,A looping cartoon party-panda PFP with real panda markings. Minted on Base.,4037.gif,Rooftop Glow,No glow,Classic,Blink,Disco Afro,Sparkler
4038,Party Panda #4038,A looping cartoon party-panda PFP with real panda markings. Minted on Base.,4038.gif,Confetti Hall,Disco Pulse,Classic,Blink,Headphones,Sparkler
4039,Party Panda #4039,A looping cartoon party-panda PFP with real panda markings. Minted on Base.,4039.gif,Garden Party,Neon Ring,Classic,Blink,Disco Afro,Sparkler
4040,Party Panda #4040,A looping cartoon party-panda PFP with real panda markings. Minted on Base.,4040.gif,Neon Club,Laser Sweep,Cub,Blink,Headphones,Confetti
4041,Party Panda #4041,A looping cartoon party-panda PFP with real panda markings. Minted on Base.,4041.gif,Disco Night,Champagne Haze,Tuxedo,Shades,Party Hat,None
4042,Party Panda #4042,A looping cartoon party-panda PFP with real panda markings. Minted on Base.,4042.gif,Moonlight,Laser Sweep,Classic,Sleepy,Bowtie,Confetti
4043,Party Panda #4043,A looping cartoon party-panda PFP with real panda markings. Minted on Base.,4043.gif,Confetti Hall,Disco Pulse,Tuxedo,Wink,Lei,Cocktail
4044,Party Panda #4044,A looping cartoon party-panda PFP with real panda markings. Minted on Base.,4044.gif,Moonlight,No glow,Tuxedo,Heart,Lei,Confetti
4045,Party Panda #4045,A looping cartoon party-panda PFP with real panda markings. Minted on Base.,4045.gif,Rooftop Glow,No glow,Chubby,Shades,Bare head,None
4046,Party Panda #4046,A looping cartoon party-panda PFP with real panda markings. Minted on Base.,4046.gif,Candy Rave,No glow,Dancer,Heart,Headphones,Cocktail
4047,Party Panda #4047,A looping cartoon party-panda PFP with real panda markings. Minted on Base.,4047.gif,Confetti Hall,Champagne Haze,Dancer,Sleepy,Party Hat,None
4048,Party Panda #4048,A looping cartoon party-panda PFP with real panda markings. Minted on Base.,4048.gif,Moonlight,Neon Ring,Peach,Heart,Bare head,Boombox
4049,Party Panda #4049,A looping cartoon party-panda PFP with real panda markings. Minted on Base.,4049.gif,Moonlight,Neon Ring,Chubby,Blink,Headphones,Sparkler
4050,Party Panda #4050,A looping cartoon party-panda PFP with real panda markings. Minted on Base.,4050.gif,Rooftop Glow,No glow,Chubby,Blink,Party Hat,Cocktail
4051,Party Panda #4051,A looping cartoon party-panda PFP with real panda markings. Minted on Base.,4051.gif,Disco Night,No glow,Classic,Spark,Tiny Crown,None
4052,Party Panda #4052,A looping cartoon party-panda PFP with real panda markings. Minted on Base.,4052.gif,Rooftop Glow,Champagne Haze,Cub,Sleepy,Bare head,None
4053,Party Panda #4053,A looping cartoon party-panda PFP with real panda markings. Minted on Base.,4053.gif,Moonlight,Sparkle Burst,Peach,Heart,Bare head,Boombox
4054,Party Panda #4054,A looping cartoon party-panda PFP with real panda markings. Minted on Base.,4054.gif,Rooftop Glow,Disco Pulse,Cub,Spark,Bowtie,None
4055,Party Panda #4055,A looping cartoon party-panda PFP with real panda markings. Minted on Base.,4055.gif,Bamboo Lounge,Laser Sweep,Peach,Sleepy,Party Hat,Confetti
4056,Party Panda #4056,A looping cartoon party-panda PFP with real panda markings. Minted on Base.,4056.gif,Moonlight,Laser Sweep,Dancer,Heart,Lei,None
4057,Party Panda #4057,A looping cartoon party-panda PFP with real panda markings. Minted on Base.,4057.gif,Confetti Hall,No glow,Classic,Heart,Bare head,None
4058,Party Panda #4058,A looping cartoon party-panda PFP with real panda markings. Minted on Base.,4058.gif,Candy Rave,No glow,Peach,Blink,Bare head,None
4059,Party Panda #4059,A looping cartoon party-panda PFP with real panda markings. Minted on Base.,4059.gif,Bamboo Lounge,Sparkle Burst,Peach,Shades,Lei,None
4060,Party Panda #4060,A looping cartoon party-panda PFP with real panda markings. Minted on Base.,4060.gif,Confetti Hall,Laser Sweep,Tuxedo,Shades,Headphones,Cocktail
4061,Party Panda #4061,A looping cartoon party-panda PFP with real panda markings. Minted on Base.,4061.gif,Bamboo Lounge,Neon Ring,Tuxedo,Wink,Party Hat,Sparkler
4062,Party Panda #4062,A looping cartoon party-panda PFP with real panda markings. Minted on Base.,4062.gif,Neon Club,No glow,Tuxedo,Blink,Disco Afro,Balloon
4063,Party Panda #4063,A looping cartoon party-panda PFP with real panda markings. Minted on Base.,4063.gif,Bamboo Lounge,Champagne Haze,Peach,Blink,Disco Afro,Confetti
4064,Party Panda #4064,A looping cartoon party-panda PFP with real panda markings. Minted on Base.,4064.gif,Neon Club,Disco Pulse,Dancer,Blink,Tiny Crown,Boombox
4065,Party Panda #4065,A looping cartoon party-panda PFP with real panda markings. Minted on Base.,4065.gif,Neon Club,Sparkle Burst,Peach,Heart,Headphones,Cocktail
4066,Party Panda #4066,A looping cartoon party-panda PFP with real panda markings. Minted on Base.,4066.gif,Candy Rave,No glow,Classic,Heart,Headphones,Cocktail
4067,Party Panda #4067,A looping cartoon party-panda PFP with real panda markings. Minted on Base.,4067.gif,Rooftop Glow,Disco Pulse,Classic,Wink,Headphones,Cocktail
4068,Party Panda #4068,A looping cartoon party-panda PFP with real panda markings. Minted on Base.,4068.gif,Disco Night,Laser Sweep,Dancer,Heart,Bare head,Cocktail
4069,Party Panda #4069,A looping cartoon party-panda PFP with real panda markings. Minted on Base.,4069.gif,Moonlight,Sparkle Burst,Tuxedo,Heart,Bare head,Balloon
4070,Party Panda #4070,A looping cartoon party-panda PFP with real panda markings. Minted on Base.,4070.gif,Moonlight,Champagne Haze,Chubby,Blink,Tiny Crown,None
4071,Party Panda #4071,A looping cartoon party-panda PFP with real panda markings. Minted on Base.,4071.gif,Bamboo Lounge,No glow,Peach,Shades,Party Hat,Sparkler
4072,Party Panda #4072,A looping cartoon party-panda PFP with real panda markings. Minted on Base.,4072.gif,Rooftop Glow,Disco Pulse,Classic,Wink,Bare head,None
4073,Party Panda #4073,A looping cartoon party-panda PFP with real panda markings. Minted on Base.,4073.gif,Moonlight,Champagne Haze,Classic,Shades,Tiny Crown,Confetti
4074,Party Panda #4074,A looping cartoon party-panda PFP with real panda markings. Minted on Base.,4074.gif,Moonlight,No glow,Chubby,Spark,Headphones,Confetti
4075,Party Panda #4075,A looping cartoon party-panda PFP with real panda markings. Minted on Base.,4075.gif,Rooftop Glow,Laser Sweep,Dancer,Wink,Lei,Confetti
4076,Party Panda #4076,A looping cartoon party-panda PFP with real panda markings. Minted on Base.,4076.gif,Confetti Hall,Disco Pulse,Tuxedo,Shades,Tiny Crown,Boombox
4077,Party Panda #4077,A looping cartoon party-panda PFP with real panda markings. Minted on Base.,4077.gif,Candy Rave,Disco Pulse,Cub,Spark,Disco Afro,Balloon
4078,Party Panda #4078,A looping cartoon party-panda PFP with real panda markings. Minted on Base.,4078.gif,Garden Party,No glow,Classic,Sleepy,Bare head,Boombox
4079,Party Panda #4079,A looping cartoon party-panda PFP with real panda markings. Minted on Base.,4079.gif,Moonlight,Disco Pulse,Chubby,Blink,Bare head,Boombox
4080,Party Panda #4080,A looping cartoon party-panda PFP with real panda markings. Minted on Base.,4080.gif,Moonlight,Laser Sweep,Classic,Blink,Bowtie,Sparkler
4081,Party Panda #4081,A looping cartoon party-panda PFP with real panda markings. Minted on Base.,4081.gif,Confetti Hall,No glow,Peach,Blink,Bare head,Confetti
4082,Party Panda #4082,A looping cartoon party-panda PFP with real panda markings. Minted on Base.,4082.gif,Garden Party,Neon Ring,Chubby,Wink,Lei,Balloon
4083,Party Panda #4083,A looping cartoon party-panda PFP with real panda markings. Minted on Base.,4083.gif,Moonlight,Sparkle Burst,Classic,Blink,Disco Afro,Boombox
4084,Party Panda #4084,A looping cartoon party-panda PFP with real panda markings. Minted on Base.,4084.gif,Confetti Hall,Neon Ring,Tuxedo,Heart,Tiny Crown,Confetti
4085,Party Panda #4085,A looping cartoon party-panda PFP with real panda markings. Minted on Base.,4085.gif,Neon Club,Neon Ring,Dancer,Spark,Party Hat,Boombox
4086,Party Panda #4086,A looping cartoon party-panda PFP with real panda markings. Minted on Base.,4086.gif,Bamboo Lounge,Disco Pulse,Classic,Wink,Lei,None
4087,Party Panda #4087,A looping cartoon party-panda PFP with real panda markings. Minted on Base.,4087.gif,Candy Rave,Disco Pulse,Classic,Wink,Party Hat,Cocktail
4088,Party Panda #4088,A looping cartoon party-panda PFP with real panda markings. Minted on Base.,4088.gif,Bamboo Lounge,Champagne Haze,Cub,Heart,Bare head,Sparkler
4089,Party Panda #4089,A looping cartoon party-panda PFP with real panda markings. Minted on Base.,4089.gif,Garden Party,Neon Ring,Classic,Sleepy,Lei,None
4090,Party Panda #4090,A looping cartoon party-panda PFP with real panda markings. Minted on Base.,4090.gif,Garden Party,Sparkle Burst,Classic,Shades,Bowtie,Sparkler
4091,Party Panda #4091,A looping cartoon party-panda PFP with real panda markings. Minted on Base.,4091.gif,Neon Club,No glow,Tuxedo,Wink,Party Hat,Sparkler
4092,Party Panda #4092,A looping cartoon party-panda PFP with real panda markings. Minted on Base.,4092.gif,Candy Rave,Neon Ring,Tuxedo,Blink,Headphones,None
4093,Party Panda #4093,A looping cartoon party-panda PFP with real panda markings. Minted on Base.,4093.gif,Candy Rave,Disco Pulse,Dancer,Sleepy,Party Hat,None
4094,Party Panda #4094,A looping cartoon party-panda PFP with real panda markings. Minted on Base.,4094.gif,Rooftop Glow,Laser Sweep,Dancer,Sleepy,Lei,Boombox
4095,Party Panda #4095,A looping cartoon party-panda PFP with real panda markings. Minted on Base.,4095.gif,Bamboo Lounge,Laser Sweep,Classic,Sleepy,Tiny Crown,Cocktail
4096,Party Panda #4096,A looping cartoon party-panda PFP with real panda markings. Minted on Base.,4096.gif,Bamboo Lounge,Disco Pulse,Dancer,Heart,Bare head,Confetti
4097,Party Panda #4097,A looping cartoon party-panda PFP with real panda markings. Minted on Base.,4097.gif,Confetti Hall,Laser Sweep,Classic,Blink,Lei,Cocktail
4098,Party Panda #4098,A looping cartoon party-panda PFP with real panda markings. Minted on Base.,4098.gif,Bamboo Lounge,Disco Pulse,Chubby,Wink,Bare head,None
4099,Party Panda #4099,A looping cartoon party-panda PFP with real panda markings. Minted on Base.,4099.gif,Neon Club,Laser Sweep,Dancer,Blink,Bowtie,None
4100,Party Panda #4100,A looping cartoon party-panda PFP with real panda markings. Minted on Base.,4100.gif,Confetti Hall,No glow,Classic,Wink,Tiny Crown,Confetti
4101,Party Panda #4101,A looping cartoon party-panda PFP with real panda markings. Minted on Base.,4101.gif,Bamboo Lounge,Disco Pulse,Classic,Blink,Bare head,Sparkler
4102,Party Panda #4102,A looping cartoon party-panda PFP with real panda markings. Minted on Base.,4102.gif,Disco Night,No glow,Chubby,Spark,Headphones,None
4103,Party Panda #4103,A looping cartoon party-panda PFP with real panda markings. Minted on Base.,4103.gif,Neon Club,Disco Pulse,Classic,Blink,Bare head,Cocktail
4104,Party Panda #4104,A looping cartoon party-panda PFP with real panda markings. Minted on Base.,4104.gif,Confetti Hall,No glow,Peach,Spark,Disco Afro,Confetti
4105,Party Panda #4105,A looping cartoon party-panda PFP with real panda markings. Minted on Base.,4105.gif,Confetti Hall,No glow,Tuxedo,Sleepy,Tiny Crown,Balloon
4106,Party Panda #4106,A looping cartoon party-panda PFP with real panda markings. Minted on Base.,4106.gif,Rooftop Glow,Disco Pulse,Cub,Shades,Bare head,None
4107,Party Panda #4107,A looping cartoon party-panda PFP with real panda markings. Minted on Base.,4107.gif,Disco Night,Laser Sweep,Chubby,Blink,Bowtie,Sparkler
4108,Party Panda #4108,A looping cartoon party-panda PFP with real panda markings. Minted on Base.,4108.gif,Garden Party,No glow,Cub,Shades,Bare head,Boombox
4109,Party Panda #4109,A looping cartoon party-panda PFP with real panda markings. Minted on Base.,4109.gif,Candy Rave,Champagne Haze,Classic,Blink,Headphones,Sparkler
4110,Party Panda #4110,A looping cartoon party-panda PFP with real panda markings. Minted on Base.,4110.gif,Disco Night,Laser Sweep,Dancer,Shades,Bowtie,Sparkler
4111,Party Panda #4111,A looping cartoon party-panda PFP with real panda markings. Minted on Base.,4111.gif,Bamboo Lounge,Sparkle Burst,Classic,Heart,Headphones,Cocktail
4112,Party Panda #4112,A looping cartoon party-panda PFP with real panda markings. Minted on Base.,4112.gif,Moonlight,Laser Sweep,Peach,Shades,Disco Afro,None
4113,Party Panda #4113,A looping cartoon party-panda PFP with real panda markings. Minted on Base.,4113.gif,Confetti Hall,Neon Ring,Peach,Heart,Headphones,None
4114,Party Panda #4114,A looping cartoon party-panda PFP with real panda markings. Minted on Base.,4114.gif,Bamboo Lounge,Sparkle Burst,Classic,Spark,Tiny Crown,Balloon
4115,Party Panda #4115,A looping cartoon party-panda PFP with real panda markings. Minted on Base.,4115.gif,Bamboo Lounge,No glow,Chubby,Wink,Tiny Crown,Cocktail
4116,Party Panda #4116,A looping cartoon party-panda PFP with real panda markings. Minted on Base.,4116.gif,Garden Party,Laser Sweep,Classic,Heart,Bare head,None
4117,Party Panda #4117,A looping cartoon party-panda PFP with real panda markings. Minted on Base.,4117.gif,Disco Night,Champagne Haze,Chubby,Heart,Bare head,Confetti
4118,Party Panda #4118,A looping cartoon party-panda PFP with real panda markings. Minted on Base.,4118.gif,Confetti Hall,Disco Pulse,Dancer,Heart,Disco Afro,Balloon
4119,Party Panda #4119,A looping cartoon party-panda PFP with real panda markings. Minted on Base.,4119.gif,Bamboo Lounge,Disco Pulse,Dancer,Blink,Tiny Crown,Sparkler
4120,Party Panda #4120,A looping cartoon party-panda PFP with real panda markings. Minted on Base.,4120.gif,Moonlight,Neon Ring,Classic,Wink,Tiny Crown,Cocktail
4121,Party Panda #4121,A looping cartoon party-panda PFP with real panda markings. Minted on Base.,4121.gif,Disco Night,No glow,Dancer,Heart,Bare head,Confetti
4122,Party Panda #4122,A looping cartoon party-panda PFP with real panda markings. Minted on Base.,4122.gif,Confetti Hall,Champagne Haze,Tuxedo,Heart,Bowtie,Confetti
4123,Party Panda #4123,A looping cartoon party-panda PFP with real panda markings. Minted on Base.,4123.gif,Rooftop Glow,Neon Ring,Dancer,Spark,Headphones,None
4124,Party Panda #4124,A looping cartoon party-panda PFP with real panda markings. Minted on Base.,4124.gif,Confetti Hall,Disco Pulse,Classic,Heart,Disco Afro,Confetti
4125,Party Panda #4125,A looping cartoon party-panda PFP with real panda markings. Minted on Base.,4125.gif,Bamboo Lounge,Disco Pulse,Tuxedo,Shades,Disco Afro,Cocktail
4126,Party Panda #4126,A looping cartoon party-panda PFP with real panda markings. Minted on Base.,4126.gif,Confetti Hall,No glow,Chubby,Blink,Bowtie,None
4127,Party Panda #4127,A looping cartoon party-panda PFP with real panda markings. Minted on Base.,4127.gif,Disco Night,No glow,Dancer,Blink,Tiny Crown,None
4128,Party Panda #4128,A looping cartoon party-panda PFP with real panda markings. Minted on Base.,4128.gif,Disco Night,No glow,Dancer,Shades,Bowtie,None
4129,Party Panda #4129,A looping cartoon party-panda PFP with real panda markings. Minted on Base.,4129.gif,Rooftop Glow,Neon Ring,Cub,Heart,Bowtie,None
4130,Party Panda #4130,A looping cartoon party-panda PFP with real panda markings. Minted on Base.,4130.gif,Rooftop Glow,Disco Pulse,Tuxedo,Heart,Bowtie,Confetti
4131,Party Panda #4131,A looping cartoon party-panda PFP with real panda markings. Minted on Base.,4131.gif,Garden Party,Laser Sweep,Cub,Spark,Bare head,None
4132,Party Panda #4132,A looping cartoon party-panda PFP with real panda markings. Minted on Base.,4132.gif,Rooftop Glow,Laser Sweep,Chubby,Wink,Lei,Balloon
4133,Party Panda #4133,A looping cartoon party-panda PFP with real panda markings. Minted on Base.,4133.gif,Confetti Hall,Sparkle Burst,Peach,Heart,Lei,Sparkler
4134,Party Panda #4134,A looping cartoon party-panda PFP with real panda markings. Minted on Base.,4134.gif,Bamboo Lounge,No glow,Cub,Wink,Party Hat,Boombox
4135,Party Panda #4135,A looping cartoon party-panda PFP with real panda markings. Minted on Base.,4135.gif,Rooftop Glow,No glow,Peach,Spark,Party Hat,Sparkler
4136,Party Panda #4136,A looping cartoon party-panda PFP with real panda markings. Minted on Base.,4136.gif,Candy Rave,No glow,Cub,Wink,Tiny Crown,Confetti
4137,Party Panda #4137,A looping cartoon party-panda PFP with real panda markings. Minted on Base.,4137.gif,Bamboo Lounge,No glow,Dancer,Wink,Bare head,None
4138,Party Panda #4138,A looping cartoon party-panda PFP with real panda markings. Minted on Base.,4138.gif,Neon Club,No glow,Cub,Spark,Bare head,Boombox
4139,Party Panda #4139,A looping cartoon party-panda PFP with real panda markings. Minted on Base.,4139.gif,Bamboo Lounge,Sparkle Burst,Dancer,Spark,Party Hat,Boombox
4140,Party Panda #4140,A looping cartoon party-panda PFP with real panda markings. Minted on Base.,4140.gif,Garden Party,Disco Pulse,Classic,Heart,Lei,None
4141,Party Panda #4141,A looping cartoon party-panda PFP with real panda markings. Minted on Base.,4141.gif,Garden Party,Laser Sweep,Classic,Blink,Bare head,None
4142,Party Panda #4142,A looping cartoon party-panda PFP with real panda markings. Minted on Base.,4142.gif,Rooftop Glow,Sparkle Burst,Dancer,Blink,Bare head,Confetti
4143,Party Panda #4143,A looping cartoon party-panda PFP with real panda markings. Minted on Base.,4143.gif,Garden Party,Champagne Haze,Tuxedo,Shades,Lei,Balloon
4144,Party Panda #4144,A looping cartoon party-panda PFP with real panda markings. Minted on Base.,4144.gif,Neon Club,No glow,Chubby,Spark,Tiny Crown,None
4145,Party Panda #4145,A looping cartoon party-panda PFP with real panda markings. Minted on Base.,4145.gif,Confetti Hall,No glow,Peach,Heart,Bowtie,None
4146,Party Panda #4146,A looping cartoon party-panda PFP with real panda markings. Minted on Base.,4146.gif,Garden Party,Disco Pulse,Chubby,Heart,Disco Afro,Sparkler
4147,Party Panda #4147,A looping cartoon party-panda PFP with real panda markings. Minted on Base.,4147.gif,Garden Party,Champagne Haze,Cub,Blink,Bare head,Sparkler
4148,Party Panda #4148,A looping cartoon party-panda PFP with real panda markings. Minted on Base.,4148.gif,Candy Rave,Laser Sweep,Classic,Heart,Party Hat,Boombox
4149,Party Panda #4149,A looping cartoon party-panda PFP with real panda markings. Minted on Base.,4149.gif,Confetti Hall,Sparkle Burst,Chubby,Heart,Bare head,Balloon
4150,Party Panda #4150,A looping cartoon party-panda PFP with real panda markings. Minted on Base.,4150.gif,Neon Club,Disco Pulse,Cub,Wink,Bare head,None
4151,Party Panda #4151,A looping cartoon party-panda PFP with real panda markings. Minted on Base.,4151.gif,Neon Club,Neon Ring,Tuxedo,Blink,Bowtie,None
4152,Party Panda #4152,A looping cartoon party-panda PFP with real panda markings. Minted on Base.,4152.gif,Moonlight,Neon Ring,Classic,Spark,Bare head,None
4153,Party Panda #4153,A looping cartoon party-panda PFP with real panda markings. Minted on Base.,4153.gif,Garden Party,Champagne Haze,Tuxedo,Shades,Disco Afro,None
4154,Party Panda #4154,A looping cartoon party-panda PFP with real panda markings. Minted on Base.,4154.gif,Neon Club,No glow,Cub,Blink,Bare head,Balloon
4155,Party Panda #4155,A looping cartoon party-panda PFP with real panda markings. Minted on Base.,4155.gif,Neon Club,Neon Ring,Classic,Shades,Headphones,Boombox
4156,Party Panda #4156,A looping cartoon party-panda PFP with real panda markings. Minted on Base.,4156.gif,Neon Club,No glow,Tuxedo,Shades,Disco Afro,Cocktail
4157,Party Panda #4157,A looping cartoon party-panda PFP with real panda markings. Minted on Base.,4157.gif,Candy Rave,Sparkle Burst,Cub,Blink,Bowtie,Balloon
4158,Party Panda #4158,A looping cartoon party-panda PFP with real panda markings. Minted on Base.,4158.gif,Rooftop Glow,Champagne Haze,Cub,Wink,Headphones,Cocktail
4159,Party Panda #4159,A looping cartoon party-panda PFP with real panda markings. Minted on Base.,4159.gif,Bamboo Lounge,Disco Pulse,Tuxedo,Shades,Bare head,Confetti
4160,Party Panda #4160,A looping cartoon party-panda PFP with real panda markings. Minted on Base.,4160.gif,Candy Rave,Sparkle Burst,Chubby,Heart,Headphones,Confetti
4161,Party Panda #4161,A looping cartoon party-panda PFP with real panda markings. Minted on Base.,4161.gif,Candy Rave,Disco Pulse,Classic,Wink,Bowtie,None
4162,Party Panda #4162,A looping cartoon party-panda PFP with real panda markings. Minted on Base.,4162.gif,Bamboo Lounge,Neon Ring,Peach,Wink,Bowtie,Confetti
4163,Party Panda #4163,A looping cartoon party-panda PFP with real panda markings. Minted on Base.,4163.gif,Candy Rave,Laser Sweep,Classic,Heart,Bowtie,Sparkler
4164,Party Panda #4164,A looping cartoon party-panda PFP with real panda markings. Minted on Base.,4164.gif,Bamboo Lounge,Disco Pulse,Cub,Spark,Bare head,Balloon
4165,Party Panda #4165,A looping cartoon party-panda PFP with real panda markings. Minted on Base.,4165.gif,Bamboo Lounge,Neon Ring,Cub,Wink,Party Hat,None
4166,Party Panda #4166,A looping cartoon party-panda PFP with real panda markings. Minted on Base.,4166.gif,Rooftop Glow,Laser Sweep,Tuxedo,Blink,Disco Afro,Cocktail
4167,Party Panda #4167,A looping cartoon party-panda PFP with real panda markings. Minted on Base.,4167.gif,Moonlight,Disco Pulse,Cub,Blink,Tiny Crown,Sparkler
4168,Party Panda #4168,A looping cartoon party-panda PFP with real panda markings. Minted on Base.,4168.gif,Disco Night,No glow,Classic,Spark,Bare head,Balloon
4169,Party Panda #4169,A looping cartoon party-panda PFP with real panda markings. Minted on Base.,4169.gif,Bamboo Lounge,Laser Sweep,Classic,Blink,Bowtie,None
4170,Party Panda #4170,A looping cartoon party-panda PFP with real panda markings. Minted on Base.,4170.gif,Bamboo Lounge,Neon Ring,Classic,Spark,Party Hat,Sparkler
4171,Party Panda #4171,A looping cartoon party-panda PFP with real panda markings. Minted on Base.,4171.gif,Disco Night,No glow,Chubby,Wink,Disco Afro,Cocktail
4172,Party Panda #4172,A looping cartoon party-panda PFP with real panda markings. Minted on Base.,4172.gif,Bamboo Lounge,Sparkle Burst,Chubby,Sleepy,Tiny Crown,None
4173,Party Panda #4173,A looping cartoon party-panda PFP with real panda markings. Minted on Base.,4173.gif,Disco Night,No glow,Classic,Sleepy,Tiny Crown,Confetti
4174,Party Panda #4174,A looping cartoon party-panda PFP with real panda markings. Minted on Base.,4174.gif,Neon Club,Disco Pulse,Dancer,Shades,Bare head,Balloon
4175,Party Panda #4175,A looping cartoon party-panda PFP with real panda markings. Minted on Base.,4175.gif,Disco Night,No glow,Classic,Heart,Lei,Confetti
4176,Party Panda #4176,A looping cartoon party-panda PFP with real panda markings. Minted on Base.,4176.gif,Bamboo Lounge,Champagne Haze,Cub,Blink,Headphones,Cocktail
4177,Party Panda #4177,A looping cartoon party-panda PFP with real panda markings. Minted on Base.,4177.gif,Confetti Hall,Disco Pulse,Classic,Heart,Tiny Crown,Cocktail
4178,Party Panda #4178,A looping cartoon party-panda PFP with real panda markings. Minted on Base.,4178.gif,Candy Rave,No glow,Tuxedo,Wink,Bare head,Confetti
4179,Party Panda #4179,A looping cartoon party-panda PFP with real panda markings. Minted on Base.,4179.gif,Moonlight,Disco Pulse,Tuxedo,Blink,Headphones,None
4180,Party Panda #4180,A looping cartoon party-panda PFP with real panda markings. Minted on Base.,4180.gif,Bamboo Lounge,Neon Ring,Cub,Heart,Headphones,Confetti
4181,Party Panda #4181,A looping cartoon party-panda PFP with real panda markings. Minted on Base.,4181.gif,Garden Party,No glow,Tuxedo,Heart,Bare head,Confetti
4182,Party Panda #4182,A looping cartoon party-panda PFP with real panda markings. Minted on Base.,4182.gif,Garden Party,Laser Sweep,Chubby,Wink,Party Hat,Cocktail
4183,Party Panda #4183,A looping cartoon party-panda PFP with real panda markings. Minted on Base.,4183.gif,Garden Party,Laser Sweep,Chubby,Sleepy,Bare head,Cocktail
4184,Party Panda #4184,A looping cartoon party-panda PFP with real panda markings. Minted on Base.,4184.gif,Confetti Hall,Sparkle Burst,Tuxedo,Wink,Bowtie,Boombox
4185,Party Panda #4185,A looping cartoon party-panda PFP with real panda markings. Minted on Base.,4185.gif,Rooftop Glow,Neon Ring,Chubby,Heart,Headphones,None
4186,Party Panda #4186,A looping cartoon party-panda PFP with real panda markings. Minted on Base.,4186.gif,Moonlight,Laser Sweep,Dancer,Blink,Bowtie,Sparkler
4187,Party Panda #4187,A looping cartoon party-panda PFP with real panda markings. Minted on Base.,4187.gif,Candy Rave,No glow,Classic,Spark,Bowtie,Sparkler
4188,Party Panda #4188,A looping cartoon party-panda PFP with real panda markings. Minted on Base.,4188.gif,Disco Night,Sparkle Burst,Peach,Heart,Headphones,Balloon
4189,Party Panda #4189,A looping cartoon party-panda PFP with real panda markings. Minted on Base.,4189.gif,Garden Party,Laser Sweep,Tuxedo,Wink,Party Hat,Boombox
4190,Party Panda #4190,A looping cartoon party-panda PFP with real panda markings. Minted on Base.,4190.gif,Bamboo Lounge,Neon Ring,Cub,Heart,Bowtie,None
4191,Party Panda #4191,A looping cartoon party-panda PFP with real panda markings. Minted on Base.,4191.gif,Candy Rave,Laser Sweep,Classic,Sleepy,Headphones,Confetti
4192,Party Panda #4192,A looping cartoon party-panda PFP with real panda markings. Minted on Base.,4192.gif,Candy Rave,Laser Sweep,Tuxedo,Blink,Bare head,Boombox
4193,Party Panda #4193,A looping cartoon party-panda PFP with real panda markings. Minted on Base.,4193.gif,Candy Rave,Disco Pulse,Peach,Blink,Bare head,Boombox
4194,Party Panda #4194,A looping cartoon party-panda PFP with real panda markings. Minted on Base.,4194.gif,Neon Club,Neon Ring,Cub,Wink,Bare head,Cocktail
4195,Party Panda #4195,A looping cartoon party-panda PFP with real panda markings. Minted on Base.,4195.gif,Disco Night,Disco Pulse,Tuxedo,Wink,Disco Afro,Balloon
4196,Party Panda #4196,A looping cartoon party-panda PFP with real panda markings. Minted on Base.,4196.gif,Disco Night,Champagne Haze,Peach,Blink,Disco Afro,Cocktail
4197,Party Panda #4197,A looping cartoon party-panda PFP with real panda markings. Minted on Base.,4197.gif,Bamboo Lounge,Sparkle Burst,Classic,Blink,Bare head,Sparkler
4198,Party Panda #4198,A looping cartoon party-panda PFP with real panda markings. Minted on Base.,4198.gif,Rooftop Glow,Sparkle Burst,Cub,Shades,Bare head,Balloon
4199,Party Panda #4199,A looping cartoon party-panda PFP with real panda markings. Minted on Base.,4199.gif,Neon Club,Neon Ring,Cub,Sleepy,Bowtie,Confetti
4200,Party Panda #4200,A looping cartoon party-panda PFP with real panda markings. Minted on Base.,4200.gif,Neon Club,Disco Pulse,Chubby,Blink,Headphones,None
4201,Party Panda #4201,A looping cartoon party-panda PFP with real panda markings. Minted on Base.,4201.gif,Neon Club,Laser Sweep,Dancer,Blink,Headphones,Confetti
4202,Party Panda #4202,A looping cartoon party-panda PFP with real panda markings. Minted on Base.,4202.gif,Moonlight,Champagne Haze,Tuxedo,Blink,Party Hat,None
4203,Party Panda #4203,A looping cartoon party-panda PFP with real panda markings. Minted on Base.,4203.gif,Neon Club,Laser Sweep,Peach,Blink,Disco Afro,Sparkler
4204,Party Panda #4204,A looping cartoon party-panda PFP with real panda markings. Minted on Base.,4204.gif,Neon Club,Laser Sweep,Chubby,Shades,Party Hat,Sparkler
4205,Party Panda #4205,A looping cartoon party-panda PFP with real panda markings. Minted on Base.,4205.gif,Garden Party,Disco Pulse,Chubby,Wink,Bare head,None
4206,Party Panda #4206,A looping cartoon party-panda PFP with real panda markings. Minted on Base.,4206.gif,Garden Party,No glow,Peach,Sleepy,Bowtie,Balloon
4207,Party Panda #4207,A looping cartoon party-panda PFP with real panda markings. Minted on Base.,4207.gif,Neon Club,Disco Pulse,Classic,Blink,Party Hat,Boombox
4208,Party Panda #4208,A looping cartoon party-panda PFP with real panda markings. Minted on Base.,4208.gif,Confetti Hall,Laser Sweep,Chubby,Heart,Lei,None
4209,Party Panda #4209,A looping cartoon party-panda PFP with real panda markings. Minted on Base.,4209.gif,Bamboo Lounge,Laser Sweep,Peach,Wink,Bowtie,Cocktail
4210,Party Panda #4210,A looping cartoon party-panda PFP with real panda markings. Minted on Base.,4210.gif,Bamboo Lounge,Disco Pulse,Cub,Wink,Party Hat,Confetti
4211,Party Panda #4211,A looping cartoon party-panda PFP with real panda markings. Minted on Base.,4211.gif,Neon Club,Disco Pulse,Classic,Wink,Bare head,Confetti
4212,Party Panda #4212,A looping cartoon party-panda PFP with real panda markings. Minted on Base.,4212.gif,Confetti Hall,Neon Ring,Peach,Blink,Headphones,Sparkler
4213,Party Panda #4213,A looping cartoon party-panda PFP with real panda markings. Minted on Base.,4213.gif,Moonlight,No glow,Cub,Blink,Party Hat,Cocktail
4214,Party Panda #4214,A looping cartoon party-panda PFP with real panda markings. Minted on Base.,4214.gif,Moonlight,No glow,Tuxedo,Sleepy,Disco Afro,Cocktail
4215,Party Panda #4215,A looping cartoon party-panda PFP with real panda markings. Minted on Base.,4215.gif,Bamboo Lounge,No glow,Cub,Blink,Bare head,Confetti
4216,Party Panda #4216,A looping cartoon party-panda PFP with real panda markings. Minted on Base.,4216.gif,Disco Night,Champagne Haze,Peach,Wink,Disco Afro,Balloon
4217,Party Panda #4217,A looping cartoon party-panda PFP with real panda markings. Minted on Base.,4217.gif,Rooftop Glow,No glow,Chubby,Blink,Bare head,Confetti
4218,Party Panda #4218,A looping cartoon party-panda PFP with real panda markings. Minted on Base.,4218.gif,Rooftop Glow,No glow,Dancer,Blink,Bare head,Confetti
4219,Party Panda #4219,A looping cartoon party-panda PFP with real panda markings. Minted on Base.,4219.gif,Bamboo Lounge,Neon Ring,Classic,Blink,Bowtie,Sparkler
4220,Party Panda #4220,A looping cartoon party-panda PFP with real panda markings. Minted on Base.,4220.gif,Garden Party,Laser Sweep,Cub,Sleepy,Disco Afro,Cocktail
4221,Party Panda #4221,A looping cartoon party-panda PFP with real panda markings. Minted on Base.,4221.gif,Disco Night,Disco Pulse,Cub,Heart,Bare head,Sparkler
4222,Party Panda #4222,A looping cartoon party-panda PFP with real panda markings. Minted on Base.,4222.gif,Moonlight,Champagne Haze,Classic,Heart,Headphones,Boombox
4223,Party Panda #4223,A looping cartoon party-panda PFP with real panda markings. Minted on Base.,4223.gif,Confetti Hall,Champagne Haze,Tuxedo,Spark,Bare head,Cocktail
4224,Party Panda #4224,A looping cartoon party-panda PFP with real panda markings. Minted on Base.,4224.gif,Rooftop Glow,Neon Ring,Tuxedo,Blink,Tiny Crown,Boombox
4225,Party Panda #4225,A looping cartoon party-panda PFP with real panda markings. Minted on Base.,4225.gif,Rooftop Glow,Disco Pulse,Dancer,Shades,Party Hat,None
4226,Party Panda #4226,A looping cartoon party-panda PFP with real panda markings. Minted on Base.,4226.gif,Neon Club,Laser Sweep,Tuxedo,Spark,Headphones,Boombox
4227,Party Panda #4227,A looping cartoon party-panda PFP with real panda markings. Minted on Base.,4227.gif,Candy Rave,Neon Ring,Peach,Sleepy,Bare head,Boombox
4228,Party Panda #4228,A looping cartoon party-panda PFP with real panda markings. Minted on Base.,4228.gif,Disco Night,Champagne Haze,Peach,Blink,Party Hat,Sparkler
4229,Party Panda #4229,A looping cartoon party-panda PFP with real panda markings. Minted on Base.,4229.gif,Candy Rave,No glow,Peach,Heart,Headphones,None
4230,Party Panda #4230,A looping cartoon party-panda PFP with real panda markings. Minted on Base.,4230.gif,Garden Party,Disco Pulse,Peach,Wink,Bare head,None
4231,Party Panda #4231,A looping cartoon party-panda PFP with real panda markings. Minted on Base.,4231.gif,Rooftop Glow,Champagne Haze,Tuxedo,Blink,Headphones,Confetti
4232,Party Panda #4232,A looping cartoon party-panda PFP with real panda markings. Minted on Base.,4232.gif,Disco Night,No glow,Dancer,Wink,Party Hat,Boombox
4233,Party Panda #4233,A looping cartoon party-panda PFP with real panda markings. Minted on Base.,4233.gif,Disco Night,Neon Ring,Classic,Blink,Headphones,Boombox
4234,Party Panda #4234,A looping cartoon party-panda PFP with real panda markings. Minted on Base.,4234.gif,Bamboo Lounge,Neon Ring,Dancer,Blink,Party Hat,None
4235,Party Panda #4235,A looping cartoon party-panda PFP with real panda markings. Minted on Base.,4235.gif,Rooftop Glow,Champagne Haze,Classic,Blink,Lei,Cocktail
4236,Party Panda #4236,A looping cartoon party-panda PFP with real panda markings. Minted on Base.,4236.gif,Neon Club,No glow,Cub,Wink,Disco Afro,Confetti
4237,Party Panda #4237,A looping cartoon party-panda PFP with real panda markings. Minted on Base.,4237.gif,Confetti Hall,Champagne Haze,Chubby,Sleepy,Lei,Boombox
4238,Party Panda #4238,A looping cartoon party-panda PFP with real panda markings. Minted on Base.,4238.gif,Bamboo Lounge,Neon Ring,Chubby,Wink,Lei,Balloon
4239,Party Panda #4239,A looping cartoon party-panda PFP with real panda markings. Minted on Base.,4239.gif,Bamboo Lounge,Disco Pulse,Classic,Spark,Bare head,Cocktail
4240,Party Panda #4240,A looping cartoon party-panda PFP with real panda markings. Minted on Base.,4240.gif,Moonlight,No glow,Classic,Blink,Bare head,Cocktail
4241,Party Panda #4241,A looping cartoon party-panda PFP with real panda markings. Minted on Base.,4241.gif,Confetti Hall,Laser Sweep,Chubby,Spark,Bare head,None
4242,Party Panda #4242,A looping cartoon party-panda PFP with real panda markings. Minted on Base.,4242.gif,Disco Night,No glow,Cub,Spark,Lei,Balloon
4243,Party Panda #4243,A looping cartoon party-panda PFP with real panda markings. Minted on Base.,4243.gif,Moonlight,Neon Ring,Cub,Shades,Tiny Crown,Sparkler
4244,Party Panda #4244,A looping cartoon party-panda PFP with real panda markings. Minted on Base.,4244.gif,Moonlight,Champagne Haze,Cub,Shades,Lei,None
4245,Party Panda #4245,A looping cartoon party-panda PFP with real panda markings. Minted on Base.,4245.gif,Neon Club,No glow,Chubby,Wink,Headphones,None
4246,Party Panda #4246,A looping cartoon party-panda PFP with real panda markings. Minted on Base.,4246.gif,Rooftop Glow,No glow,Cub,Heart,Headphones,None
4247,Party Panda #4247,A looping cartoon party-panda PFP with real panda markings. Minted on Base.,4247.gif,Neon Club,No glow,Dancer,Blink,Disco Afro,Boombox
4248,Party Panda #4248,A looping cartoon party-panda PFP with real panda markings. Minted on Base.,4248.gif,Bamboo Lounge,Laser Sweep,Chubby,Heart,Disco Afro,Confetti
4249,Party Panda #4249,A looping cartoon party-panda PFP with real panda markings. Minted on Base.,4249.gif,Garden Party,Neon Ring,Chubby,Wink,Bowtie,Balloon
4250,Party Panda #4250,A looping cartoon party-panda PFP with real panda markings. Minted on Base.,4250.gif,Garden Party,No glow,Classic,Heart,Bare head,None
4251,Party Panda #4251,A looping cartoon party-panda PFP with real panda markings. Minted on Base.,4251.gif,Neon Club,Sparkle Burst,Cub,Wink,Bowtie,None
4252,Party Panda #4252,A looping cartoon party-panda PFP with real panda markings. Minted on Base.,4252.gif,Candy Rave,Sparkle Burst,Classic,Sleepy,Tiny Crown,None
4253,Party Panda #4253,A looping cartoon party-panda PFP with real panda markings. Minted on Base.,4253.gif,Candy Rave,Champagne Haze,Tuxedo,Blink,Party Hat,Sparkler
4254,Party Panda #4254,A looping cartoon party-panda PFP with real panda markings. Minted on Base.,4254.gif,Neon Club,No glow,Classic,Blink,Bowtie,Balloon
4255,Party Panda #4255,A looping cartoon party-panda PFP with real panda markings. Minted on Base.,4255.gif,Garden Party,Laser Sweep,Dancer,Heart,Bare head,Sparkler
4256,Party Panda #4256,A looping cartoon party-panda PFP with real panda markings. Minted on Base.,4256.gif,Moonlight,Disco Pulse,Tuxedo,Spark,Disco Afro,Confetti
4257,Party Panda #4257,A looping cartoon party-panda PFP with real panda markings. Minted on Base.,4257.gif,Neon Club,Disco Pulse,Classic,Heart,Party Hat,Sparkler
4258,Party Panda #4258,A looping cartoon party-panda PFP with real panda markings. Minted on Base.,4258.gif,Disco Night,Champagne Haze,Chubby,Blink,Bowtie,None
4259,Party Panda #4259,A looping cartoon party-panda PFP with real panda markings. Minted on Base.,4259.gif,Neon Club,No glow,Classic,Sleepy,Bare head,Sparkler
4260,Party Panda #4260,A looping cartoon party-panda PFP with real panda markings. Minted on Base.,4260.gif,Confetti Hall,Disco Pulse,Cub,Blink,Bare head,Sparkler
4261,Party Panda #4261,A looping cartoon party-panda PFP with real panda markings. Minted on Base.,4261.gif,Candy Rave,Disco Pulse,Chubby,Shades,Lei,Confetti
4262,Party Panda #4262,A looping cartoon party-panda PFP with real panda markings. Minted on Base.,4262.gif,Garden Party,Neon Ring,Peach,Wink,Party Hat,None
4263,Party Panda #4263,A looping cartoon party-panda PFP with real panda markings. Minted on Base.,4263.gif,Bamboo Lounge,Champagne Haze,Dancer,Shades,Bowtie,Balloon
4264,Party Panda #4264,A looping cartoon party-panda PFP with real panda markings. Minted on Base.,4264.gif,Disco Night,No glow,Cub,Sleepy,Lei,Confetti
4265,Party Panda #4265,A looping cartoon party-panda PFP with real panda markings. Minted on Base.,4265.gif,Neon Club,Sparkle Burst,Tuxedo,Wink,Tiny Crown,Boombox
4266,Party Panda #4266,A looping cartoon party-panda PFP with real panda markings. Minted on Base.,4266.gif,Disco Night,No glow,Dancer,Wink,Bowtie,Sparkler
4267,Party Panda #4267,A looping cartoon party-panda PFP with real panda markings. Minted on Base.,4267.gif,Bamboo Lounge,No glow,Cub,Sleepy,Bare head,Cocktail
4268,Party Panda #4268,A looping cartoon party-panda PFP with real panda markings. Minted on Base.,4268.gif,Neon Club,No glow,Dancer,Heart,Party Hat,Cocktail
4269,Party Panda #4269,A looping cartoon party-panda PFP with real panda markings. Minted on Base.,4269.gif,Candy Rave,Champagne Haze,Classic,Blink,Party Hat,Confetti
4270,Party Panda #4270,A looping cartoon party-panda PFP with real panda markings. Minted on Base.,4270.gif,Candy Rave,Neon Ring,Tuxedo,Spark,Tiny Crown,Boombox
4271,Party Panda #4271,A looping cartoon party-panda PFP with real panda markings. Minted on Base.,4271.gif,Garden Party,Champagne Haze,Classic,Sleepy,Bowtie,Confetti
4272,Party Panda #4272,A looping cartoon party-panda PFP with real panda markings. Minted on Base.,4272.gif,Moonlight,Neon Ring,Peach,Sleepy,Bare head,Sparkler
4273,Party Panda #4273,A looping cartoon party-panda PFP with real panda markings. Minted on Base.,4273.gif,Bamboo Lounge,Champagne Haze,Classic,Shades,Bare head,Confetti
4274,Party Panda #4274,A looping cartoon party-panda PFP with real panda markings. Minted on Base.,4274.gif,Confetti Hall,Champagne Haze,Tuxedo,Shades,Party Hat,Sparkler
4275,Party Panda #4275,A looping cartoon party-panda PFP with real panda markings. Minted on Base.,4275.gif,Moonlight,Champagne Haze,Tuxedo,Wink,Lei,Boombox
4276,Party Panda #4276,A looping cartoon party-panda PFP with real panda markings. Minted on Base.,4276.gif,Candy Rave,No glow,Peach,Heart,Party Hat,Sparkler
4277,Party Panda #4277,A looping cartoon party-panda PFP with real panda markings. Minted on Base.,4277.gif,Candy Rave,Disco Pulse,Classic,Sleepy,Party Hat,Balloon
4278,Party Panda #4278,A looping cartoon party-panda PFP with real panda markings. Minted on Base.,4278.gif,Confetti Hall,Laser Sweep,Cub,Blink,Bowtie,Sparkler
4279,Party Panda #4279,A looping cartoon party-panda PFP with real panda markings. Minted on Base.,4279.gif,Rooftop Glow,No glow,Peach,Sleepy,Party Hat,None
4280,Party Panda #4280,A looping cartoon party-panda PFP with real panda markings. Minted on Base.,4280.gif,Disco Night,Neon Ring,Chubby,Blink,Bowtie,Boombox
4281,Party Panda #4281,A looping cartoon party-panda PFP with real panda markings. Minted on Base.,4281.gif,Candy Rave,No glow,Cub,Wink,Headphones,Sparkler
4282,Party Panda #4282,A looping cartoon party-panda PFP with real panda markings. Minted on Base.,4282.gif,Moonlight,Disco Pulse,Cub,Blink,Bowtie,Boombox
4283,Party Panda #4283,A looping cartoon party-panda PFP with real panda markings. Minted on Base.,4283.gif,Disco Night,Laser Sweep,Tuxedo,Wink,Party Hat,Boombox
4284,Party Panda #4284,A looping cartoon party-panda PFP with real panda markings. Minted on Base.,4284.gif,Moonlight,Disco Pulse,Chubby,Spark,Bowtie,Sparkler
4285,Party Panda #4285,A looping cartoon party-panda PFP with real panda markings. Minted on Base.,4285.gif,Moonlight,Disco Pulse,Chubby,Sleepy,Lei,Confetti
4286,Party Panda #4286,A looping cartoon party-panda PFP with real panda markings. Minted on Base.,4286.gif,Disco Night,No glow,Peach,Sleepy,Party Hat,Sparkler
4287,Party Panda #4287,A looping cartoon party-panda PFP with real panda markings. Minted on Base.,4287.gif,Moonlight,Disco Pulse,Dancer,Blink,Bowtie,None
4288,Party Panda #4288,A looping cartoon party-panda PFP with real panda markings. Minted on Base.,4288.gif,Moonlight,Disco Pulse,Classic,Spark,Tiny Crown,None
4289,Party Panda #4289,A looping cartoon party-panda PFP with real panda markings. Minted on Base.,4289.gif,Moonlight,No glow,Cub,Sleepy,Lei,None
4290,Party Panda #4290,A looping cartoon party-panda PFP with real panda markings. Minted on Base.,4290.gif,Confetti Hall,Laser Sweep,Cub,Sleepy,Tiny Crown,Cocktail
4291,Party Panda #4291,A looping cartoon party-panda PFP with real panda markings. Minted on Base.,4291.gif,Bamboo Lounge,No glow,Tuxedo,Spark,Party Hat,Cocktail
4292,Party Panda #4292,A looping cartoon party-panda PFP with real panda markings. Minted on Base.,4292.gif,Garden Party,No glow,Peach,Blink,Headphones,None
4293,Party Panda #4293,A looping cartoon party-panda PFP with real panda markings. Minted on Base.,4293.gif,Rooftop Glow,Neon Ring,Peach,Wink,Disco Afro,Confetti
4294,Party Panda #4294,A looping cartoon party-panda PFP with real panda markings. Minted on Base.,4294.gif,Disco Night,Neon Ring,Chubby,Spark,Party Hat,None
4295,Party Panda #4295,A looping cartoon party-panda PFP with real panda markings. Minted on Base.,4295.gif,Rooftop Glow,No glow,Classic,Blink,Lei,None
4296,Party Panda #4296,A looping cartoon party-panda PFP with real panda markings. Minted on Base.,4296.gif,Neon Club,Sparkle Burst,Peach,Blink,Lei,None
4297,Party Panda #4297,A looping cartoon party-panda PFP with real panda markings. Minted on Base.,4297.gif,Rooftop Glow,Neon Ring,Peach,Sleepy,Tiny Crown,Sparkler
4298,Party Panda #4298,A looping cartoon party-panda PFP with real panda markings. Minted on Base.,4298.gif,Moonlight,Disco Pulse,Dancer,Wink,Bowtie,Sparkler
4299,Party Panda #4299,A looping cartoon party-panda PFP with real panda markings. Minted on Base.,4299.gif,Confetti Hall,No glow,Chubby,Heart,Headphones,Balloon
4300,Party Panda #4300,A looping cartoon party-panda PFP with real panda markings. Minted on Base.,4300.gif,Moonlight,No glow,Peach,Shades,Disco Afro,None
4301,Party Panda #4301,A looping cartoon party-panda PFP with real panda markings. Minted on Base.,4301.gif,Neon Club,Disco Pulse,Peach,Heart,Disco Afro,Sparkler
4302,Party Panda #4302,A looping cartoon party-panda PFP with real panda markings. Minted on Base.,4302.gif,Neon Club,Disco Pulse,Classic,Sleepy,Bare head,None
4303,Party Panda #4303,A looping cartoon party-panda PFP with real panda markings. Minted on Base.,4303.gif,Garden Party,Sparkle Burst,Classic,Blink,Bowtie,Cocktail
4304,Party Panda #4304,A looping cartoon party-panda PFP with real panda markings. Minted on Base.,4304.gif,Disco Night,Sparkle Burst,Peach,Heart,Bowtie,None
4305,Party Panda #4305,A looping cartoon party-panda PFP with real panda markings. Minted on Base.,4305.gif,Disco Night,No glow,Cub,Blink,Bare head,None
4306,Party Panda #4306,A looping cartoon party-panda PFP with real panda markings. Minted on Base.,4306.gif,Rooftop Glow,Laser Sweep,Cub,Spark,Tiny Crown,Boombox
4307,Party Panda #4307,A looping cartoon party-panda PFP with real panda markings. Minted on Base.,4307.gif,Neon Club,No glow,Peach,Spark,Party Hat,None
4308,Party Panda #4308,A looping cartoon party-panda PFP with real panda markings. Minted on Base.,4308.gif,Bamboo Lounge,Champagne Haze,Dancer,Wink,Bare head,Sparkler
4309,Party Panda #4309,A looping cartoon party-panda PFP with real panda markings. Minted on Base.,4309.gif,Bamboo Lounge,Champagne Haze,Chubby,Wink,Bare head,Balloon
4310,Party Panda #4310,A looping cartoon party-panda PFP with real panda markings. Minted on Base.,4310.gif,Rooftop Glow,Laser Sweep,Chubby,Spark,Tiny Crown,Boombox
4311,Party Panda #4311,A looping cartoon party-panda PFP with real panda markings. Minted on Base.,4311.gif,Garden Party,No glow,Chubby,Sleepy,Disco Afro,None
4312,Party Panda #4312,A looping cartoon party-panda PFP with real panda markings. Minted on Base.,4312.gif,Disco Night,Neon Ring,Cub,Wink,Party Hat,Confetti
4313,Party Panda #4313,A looping cartoon party-panda PFP with real panda markings. Minted on Base.,4313.gif,Confetti Hall,No glow,Cub,Shades,Tiny Crown,Balloon
4314,Party Panda #4314,A looping cartoon party-panda PFP with real panda markings. Minted on Base.,4314.gif,Garden Party,Laser Sweep,Peach,Shades,Bowtie,Balloon
4315,Party Panda #4315,A looping cartoon party-panda PFP with real panda markings. Minted on Base.,4315.gif,Disco Night,Neon Ring,Tuxedo,Blink,Headphones,None
4316,Party Panda #4316,A looping cartoon party-panda PFP with real panda markings. Minted on Base.,4316.gif,Garden Party,Champagne Haze,Tuxedo,Wink,Tiny Crown,Cocktail
4317,Party Panda #4317,A looping cartoon party-panda PFP with real panda markings. Minted on Base.,4317.gif,Neon Club,Disco Pulse,Cub,Heart,Bare head,Balloon
4318,Party Panda #4318,A looping cartoon party-panda PFP with real panda markings. Minted on Base.,4318.gif,Bamboo Lounge,Disco Pulse,Chubby,Shades,Bowtie,Boombox
4319,Party Panda #4319,A looping cartoon party-panda PFP with real panda markings. Minted on Base.,4319.gif,Bamboo Lounge,No glow,Cub,Heart,Disco Afro,Cocktail
4320,Party Panda #4320,A looping cartoon party-panda PFP with real panda markings. Minted on Base.,4320.gif,Disco Night,Champagne Haze,Dancer,Spark,Party Hat,Confetti
4321,Party Panda #4321,A looping cartoon party-panda PFP with real panda markings. Minted on Base.,4321.gif,Candy Rave,Neon Ring,Classic,Wink,Headphones,Balloon
4322,Party Panda #4322,A looping cartoon party-panda PFP with real panda markings. Minted on Base.,4322.gif,Bamboo Lounge,No glow,Dancer,Heart,Bare head,Balloon
4323,Party Panda #4323,A looping cartoon party-panda PFP with real panda markings. Minted on Base.,4323.gif,Neon Club,Champagne Haze,Cub,Blink,Party Hat,None
4324,Party Panda #4324,A looping cartoon party-panda PFP with real panda markings. Minted on Base.,4324.gif,Neon Club,No glow,Dancer,Shades,Bare head,Cocktail
4325,Party Panda #4325,A looping cartoon party-panda PFP with real panda markings. Minted on Base.,4325.gif,Bamboo Lounge,Neon Ring,Peach,Blink,Disco Afro,Cocktail
4326,Party Panda #4326,A looping cartoon party-panda PFP with real panda markings. Minted on Base.,4326.gif,Candy Rave,No glow,Tuxedo,Wink,Tiny Crown,None
4327,Party Panda #4327,A looping cartoon party-panda PFP with real panda markings. Minted on Base.,4327.gif,Garden Party,Laser Sweep,Chubby,Heart,Disco Afro,Confetti
4328,Party Panda #4328,A looping cartoon party-panda PFP with real panda markings. Minted on Base.,4328.gif,Disco Night,No glow,Cub,Blink,Headphones,Boombox
4329,Party Panda #4329,A looping cartoon party-panda PFP with real panda markings. Minted on Base.,4329.gif,Neon Club,No glow,Chubby,Shades,Tiny Crown,Sparkler
4330,Party Panda #4330,A looping cartoon party-panda PFP with real panda markings. Minted on Base.,4330.gif,Candy Rave,Disco Pulse,Tuxedo,Wink,Bare head,Boombox
4331,Party Panda #4331,A looping cartoon party-panda PFP with real panda markings. Minted on Base.,4331.gif,Disco Night,Disco Pulse,Dancer,Blink,Bowtie,Confetti
4332,Party Panda #4332,A looping cartoon party-panda PFP with real panda markings. Minted on Base.,4332.gif,Disco Night,No glow,Tuxedo,Spark,Bowtie,None
4333,Party Panda #4333,A looping cartoon party-panda PFP with real panda markings. Minted on Base.,4333.gif,Rooftop Glow,Neon Ring,Tuxedo,Wink,Party Hat,Boombox
4334,Party Panda #4334,A looping cartoon party-panda PFP with real panda markings. Minted on Base.,4334.gif,Bamboo Lounge,Champagne Haze,Cub,Spark,Party Hat,None
4335,Party Panda #4335,A looping cartoon party-panda PFP with real panda markings. Minted on Base.,4335.gif,Bamboo Lounge,Champagne Haze,Cub,Spark,Lei,Sparkler
4336,Party Panda #4336,A looping cartoon party-panda PFP with real panda markings. Minted on Base.,4336.gif,Confetti Hall,No glow,Peach,Shades,Disco Afro,Boombox
4337,Party Panda #4337,A looping cartoon party-panda PFP with real panda markings. Minted on Base.,4337.gif,Rooftop Glow,Disco Pulse,Chubby,Shades,Headphones,Boombox
4338,Party Panda #4338,A looping cartoon party-panda PFP with real panda markings. Minted on Base.,4338.gif,Disco Night,No glow,Cub,Shades,Headphones,Balloon
4339,Party Panda #4339,A looping cartoon party-panda PFP with real panda markings. Minted on Base.,4339.gif,Disco Night,Disco Pulse,Peach,Blink,Lei,Boombox
4340,Party Panda #4340,A looping cartoon party-panda PFP with real panda markings. Minted on Base.,4340.gif,Rooftop Glow,Laser Sweep,Peach,Heart,Bowtie,None
4341,Party Panda #4341,A looping cartoon party-panda PFP with real panda markings. Minted on Base.,4341.gif,Confetti Hall,Champagne Haze,Classic,Spark,Tiny Crown,Confetti
4342,Party Panda #4342,A looping cartoon party-panda PFP with real panda markings. Minted on Base.,4342.gif,Bamboo Lounge,No glow,Chubby,Blink,Party Hat,Cocktail
4343,Party Panda #4343,A looping cartoon party-panda PFP with real panda markings. Minted on Base.,4343.gif,Bamboo Lounge,Champagne Haze,Classic,Shades,Lei,None
4344,Party Panda #4344,A looping cartoon party-panda PFP with real panda markings. Minted on Base.,4344.gif,Garden Party,Neon Ring,Chubby,Heart,Tiny Crown,Balloon
4345,Party Panda #4345,A looping cartoon party-panda PFP with real panda markings. Minted on Base.,4345.gif,Candy Rave,No glow,Chubby,Shades,Bowtie,Sparkler
4346,Party Panda #4346,A looping cartoon party-panda PFP with real panda markings. Minted on Base.,4346.gif,Moonlight,Sparkle Burst,Classic,Heart,Bowtie,None
4347,Party Panda #4347,A looping cartoon party-panda PFP with real panda markings. Minted on Base.,4347.gif,Bamboo Lounge,Disco Pulse,Peach,Spark,Lei,None
4348,Party Panda #4348,A looping cartoon party-panda PFP with real panda markings. Minted on Base.,4348.gif,Rooftop Glow,Champagne Haze,Chubby,Wink,Party Hat,None
4349,Party Panda #4349,A looping cartoon party-panda PFP with real panda markings. Minted on Base.,4349.gif,Garden Party,Disco Pulse,Dancer,Wink,Party Hat,Boombox
4350,Party Panda #4350,A looping cartoon party-panda PFP with real panda markings. Minted on Base.,4350.gif,Confetti Hall,Sparkle Burst,Dancer,Shades,Bare head,Sparkler
4351,Party Panda #4351,A looping cartoon party-panda PFP with real panda markings. Minted on Base.,4351.gif,Garden Party,No glow,Classic,Blink,Bare head,None
4352,Party Panda #4352,A looping cartoon party-panda PFP with real panda markings. Minted on Base.,4352.gif,Confetti Hall,Laser Sweep,Tuxedo,Spark,Headphones,Boombox
4353,Party Panda #4353,A looping cartoon party-panda PFP with real panda markings. Minted on Base.,4353.gif,Candy Rave,Disco Pulse,Classic,Blink,Party Hat,Cocktail
4354,Party Panda #4354,A looping cartoon party-panda PFP with real panda markings. Minted on Base.,4354.gif,Candy Rave,Disco Pulse,Tuxedo,Blink,Tiny Crown,Cocktail
4355,Party Panda #4355,A looping cartoon party-panda PFP with real panda markings. Minted on Base.,4355.gif,Confetti Hall,Disco Pulse,Peach,Blink,Bare head,Cocktail
4356,Party Panda #4356,A looping cartoon party-panda PFP with real panda markings. Minted on Base.,4356.gif,Disco Night,No glow,Chubby,Sleepy,Tiny Crown,Confetti
4357,Party Panda #4357,A looping cartoon party-panda PFP with real panda markings. Minted on Base.,4357.gif,Candy Rave,Champagne Haze,Tuxedo,Sleepy,Tiny Crown,Balloon
4358,Party Panda #4358,A looping cartoon party-panda PFP with real panda markings. Minted on Base.,4358.gif,Candy Rave,Laser Sweep,Classic,Blink,Bare head,Sparkler
4359,Party Panda #4359,A looping cartoon party-panda PFP with real panda markings. Minted on Base.,4359.gif,Disco Night,Champagne Haze,Classic,Wink,Tiny Crown,None
4360,Party Panda #4360,A looping cartoon party-panda PFP with real panda markings. Minted on Base.,4360.gif,Disco Night,Laser Sweep,Chubby,Blink,Bare head,Sparkler
4361,Party Panda #4361,A looping cartoon party-panda PFP with real panda markings. Minted on Base.,4361.gif,Bamboo Lounge,Sparkle Burst,Peach,Wink,Bare head,None
4362,Party Panda #4362,A looping cartoon party-panda PFP with real panda markings. Minted on Base.,4362.gif,Moonlight,Disco Pulse,Classic,Blink,Party Hat,None
4363,Party Panda #4363,A looping cartoon party-panda PFP with real panda markings. Minted on Base.,4363.gif,Bamboo Lounge,Sparkle Burst,Peach,Blink,Disco Afro,Boombox
4364,Party Panda #4364,A looping cartoon party-panda PFP with real panda markings. Minted on Base.,4364.gif,Moonlight,No glow,Chubby,Shades,Bowtie,Boombox
4365,Party Panda #4365,A looping cartoon party-panda PFP with real panda markings. Minted on Base.,4365.gif,Candy Rave,Neon Ring,Tuxedo,Blink,Bare head,Cocktail
4366,Party Panda #4366,A looping cartoon party-panda PFP with real panda markings. Minted on Base.,4366.gif,Moonlight,Laser Sweep,Chubby,Sleepy,Disco Afro,Balloon
4367,Party Panda #4367,A looping cartoon party-panda PFP with real panda markings. Minted on Base.,4367.gif,Disco Night,Neon Ring,Chubby,Sleepy,Party Hat,Sparkler
4368,Party Panda #4368,A looping cartoon party-panda PFP with real panda markings. Minted on Base.,4368.gif,Disco Night,Sparkle Burst,Chubby,Spark,Party Hat,Confetti
4369,Party Panda #4369,A looping cartoon party-panda PFP with real panda markings. Minted on Base.,4369.gif,Neon Club,Laser Sweep,Classic,Spark,Bare head,Cocktail
4370,Party Panda #4370,A looping cartoon party-panda PFP with real panda markings. Minted on Base.,4370.gif,Confetti Hall,Sparkle Burst,Chubby,Spark,Bare head,None
4371,Party Panda #4371,A looping cartoon party-panda PFP with real panda markings. Minted on Base.,4371.gif,Candy Rave,No glow,Tuxedo,Shades,Headphones,Cocktail
4372,Party Panda #4372,A looping cartoon party-panda PFP with real panda markings. Minted on Base.,4372.gif,Disco Night,No glow,Chubby,Sleepy,Tiny Crown,Boombox
4373,Party Panda #4373,A looping cartoon party-panda PFP with real panda markings. Minted on Base.,4373.gif,Moonlight,No glow,Cub,Spark,Lei,None
4374,Party Panda #4374,A looping cartoon party-panda PFP with real panda markings. Minted on Base.,4374.gif,Disco Night,Sparkle Burst,Cub,Spark,Bowtie,Balloon
4375,Party Panda #4375,A looping cartoon party-panda PFP with real panda markings. Minted on Base.,4375.gif,Disco Night,Neon Ring,Chubby,Spark,Headphones,Sparkler
4376,Party Panda #4376,A looping cartoon party-panda PFP with real panda markings. Minted on Base.,4376.gif,Confetti Hall,Disco Pulse,Dancer,Wink,Party Hat,Balloon
4377,Party Panda #4377,A looping cartoon party-panda PFP with real panda markings. Minted on Base.,4377.gif,Confetti Hall,No glow,Chubby,Shades,Bare head,Cocktail
4378,Party Panda #4378,A looping cartoon party-panda PFP with real panda markings. Minted on Base.,4378.gif,Neon Club,Neon Ring,Chubby,Sleepy,Tiny Crown,None
4379,Party Panda #4379,A looping cartoon party-panda PFP with real panda markings. Minted on Base.,4379.gif,Disco Night,Neon Ring,Classic,Heart,Disco Afro,Sparkler
4380,Party Panda #4380,A looping cartoon party-panda PFP with real panda markings. Minted on Base.,4380.gif,Bamboo Lounge,No glow,Classic,Wink,Headphones,None
4381,Party Panda #4381,A looping cartoon party-panda PFP with real panda markings. Minted on Base.,4381.gif,Disco Night,Disco Pulse,Cub,Blink,Bowtie,Boombox
4382,Party Panda #4382,A looping cartoon party-panda PFP with real panda markings. Minted on Base.,4382.gif,Confetti Hall,Neon Ring,Chubby,Wink,Tiny Crown,None
4383,Party Panda #4383,A looping cartoon party-panda PFP with real panda markings. Minted on Base.,4383.gif,Garden Party,Laser Sweep,Chubby,Heart,Lei,Boombox
4384,Party Panda #4384,A looping cartoon party-panda PFP with real panda markings. Minted on Base.,4384.gif,Confetti Hall,Laser Sweep,Tuxedo,Shades,Headphones,None
4385,Party Panda #4385,A looping cartoon party-panda PFP with real panda markings. Minted on Base.,4385.gif,Rooftop Glow,Champagne Haze,Tuxedo,Heart,Party Hat,None
4386,Party Panda #4386,A looping cartoon party-panda PFP with real panda markings. Minted on Base.,4386.gif,Disco Night,Laser Sweep,Tuxedo,Wink,Party Hat,Cocktail
4387,Party Panda #4387,A looping cartoon party-panda PFP with real panda markings. Minted on Base.,4387.gif,Rooftop Glow,Laser Sweep,Tuxedo,Blink,Bare head,Cocktail
4388,Party Panda #4388,A looping cartoon party-panda PFP with real panda markings. Minted on Base.,4388.gif,Moonlight,Sparkle Burst,Chubby,Blink,Headphones,None
4389,Party Panda #4389,A looping cartoon party-panda PFP with real panda markings. Minted on Base.,4389.gif,Candy Rave,Sparkle Burst,Classic,Heart,Party Hat,Balloon
4390,Party Panda #4390,A looping cartoon party-panda PFP with real panda markings. Minted on Base.,4390.gif,Moonlight,Laser Sweep,Tuxedo,Blink,Tiny Crown,Cocktail
4391,Party Panda #4391,A looping cartoon party-panda PFP with real panda markings. Minted on Base.,4391.gif,Moonlight,Disco Pulse,Dancer,Heart,Headphones,Confetti
4392,Party Panda #4392,A looping cartoon party-panda PFP with real panda markings. Minted on Base.,4392.gif,Neon Club,No glow,Dancer,Wink,Disco Afro,Balloon
4393,Party Panda #4393,A looping cartoon party-panda PFP with real panda markings. Minted on Base.,4393.gif,Disco Night,Champagne Haze,Chubby,Wink,Disco Afro,Balloon
4394,Party Panda #4394,A looping cartoon party-panda PFP with real panda markings. Minted on Base.,4394.gif,Bamboo Lounge,Disco Pulse,Peach,Shades,Bare head,None
4395,Party Panda #4395,A looping cartoon party-panda PFP with real panda markings. Minted on Base.,4395.gif,Neon Club,Laser Sweep,Tuxedo,Wink,Party Hat,Confetti
4396,Party Panda #4396,A looping cartoon party-panda PFP with real panda markings. Minted on Base.,4396.gif,Disco Night,Laser Sweep,Tuxedo,Spark,Disco Afro,None
4397,Party Panda #4397,A looping cartoon party-panda PFP with real panda markings. Minted on Base.,4397.gif,Disco Night,Sparkle Burst,Classic,Sleepy,Party Hat,Cocktail
4398,Party Panda #4398,A looping cartoon party-panda PFP with real panda markings. Minted on Base.,4398.gif,Neon Club,No glow,Chubby,Wink,Disco Afro,Sparkler
4399,Party Panda #4399,A looping cartoon party-panda PFP with real panda markings. Minted on Base.,4399.gif,Rooftop Glow,No glow,Dancer,Sleepy,Tiny Crown,Confetti
4400,Party Panda #4400,A looping cartoon party-panda PFP with real panda markings. Minted on Base.,4400.gif,Confetti Hall,Neon Ring,Classic,Blink,Headphones,Balloon
4401,Party Panda #4401,A looping cartoon party-panda PFP with real panda markings. Minted on Base.,4401.gif,Neon Club,Sparkle Burst,Tuxedo,Shades,Lei,Cocktail
4402,Party Panda #4402,A looping cartoon party-panda PFP with real panda markings. Minted on Base.,4402.gif,Disco Night,Laser Sweep,Peach,Spark,Bowtie,Confetti
4403,Party Panda #4403,A looping cartoon party-panda PFP with real panda markings. Minted on Base.,4403.gif,Disco Night,Disco Pulse,Tuxedo,Shades,Lei,Boombox
4404,Party Panda #4404,A looping cartoon party-panda PFP with real panda markings. Minted on Base.,4404.gif,Bamboo Lounge,No glow,Cub,Wink,Lei,Cocktail
4405,Party Panda #4405,A looping cartoon party-panda PFP with real panda markings. Minted on Base.,4405.gif,Bamboo Lounge,Sparkle Burst,Cub,Heart,Disco Afro,Balloon
4406,Party Panda #4406,A looping cartoon party-panda PFP with real panda markings. Minted on Base.,4406.gif,Disco Night,Sparkle Burst,Classic,Shades,Party Hat,Boombox
4407,Party Panda #4407,A looping cartoon party-panda PFP with real panda markings. Minted on Base.,4407.gif,Rooftop Glow,No glow,Classic,Heart,Bare head,Boombox
4408,Party Panda #4408,A looping cartoon party-panda PFP with real panda markings. Minted on Base.,4408.gif,Neon Club,Champagne Haze,Tuxedo,Heart,Lei,Confetti
4409,Party Panda #4409,A looping cartoon party-panda PFP with real panda markings. Minted on Base.,4409.gif,Neon Club,No glow,Tuxedo,Heart,Bowtie,Boombox
4410,Party Panda #4410,A looping cartoon party-panda PFP with real panda markings. Minted on Base.,4410.gif,Neon Club,Champagne Haze,Cub,Spark,Party Hat,Confetti
4411,Party Panda #4411,A looping cartoon party-panda PFP with real panda markings. Minted on Base.,4411.gif,Neon Club,No glow,Classic,Spark,Disco Afro,Balloon
4412,Party Panda #4412,A looping cartoon party-panda PFP with real panda markings. Minted on Base.,4412.gif,Rooftop Glow,No glow,Chubby,Heart,Bare head,Cocktail
4413,Party Panda #4413,A looping cartoon party-panda PFP with real panda markings. Minted on Base.,4413.gif,Disco Night,Neon Ring,Tuxedo,Sleepy,Lei,Confetti
4414,Party Panda #4414,A looping cartoon party-panda PFP with real panda markings. Minted on Base.,4414.gif,Bamboo Lounge,Champagne Haze,Classic,Spark,Tiny Crown,None
4415,Party Panda #4415,A looping cartoon party-panda PFP with real panda markings. Minted on Base.,4415.gif,Disco Night,Laser Sweep,Chubby,Heart,Lei,None
4416,Party Panda #4416,A looping cartoon party-panda PFP with real panda markings. Minted on Base.,4416.gif,Confetti Hall,Champagne Haze,Classic,Heart,Disco Afro,Balloon
4417,Party Panda #4417,A looping cartoon party-panda PFP with real panda markings. Minted on Base.,4417.gif,Confetti Hall,Sparkle Burst,Dancer,Shades,Party Hat,Balloon
4418,Party Panda #4418,A looping cartoon party-panda PFP with real panda markings. Minted on Base.,4418.gif,Candy Rave,Champagne Haze,Chubby,Heart,Tiny Crown,Cocktail
4419,Party Panda #4419,A looping cartoon party-panda PFP with real panda markings. Minted on Base.,4419.gif,Garden Party,Neon Ring,Dancer,Spark,Party Hat,Balloon
4420,Party Panda #4420,A looping cartoon party-panda PFP with real panda markings. Minted on Base.,4420.gif,Moonlight,Champagne Haze,Dancer,Wink,Headphones,Confetti
4421,Party Panda #4421,A looping cartoon party-panda PFP with real panda markings. Minted on Base.,4421.gif,Neon Club,Laser Sweep,Tuxedo,Heart,Party Hat,Confetti
4422,Party Panda #4422,A looping cartoon party-panda PFP with real panda markings. Minted on Base.,4422.gif,Garden Party,Laser Sweep,Peach,Blink,Bowtie,Balloon
4423,Party Panda #4423,A looping cartoon party-panda PFP with real panda markings. Minted on Base.,4423.gif,Bamboo Lounge,Champagne Haze,Dancer,Wink,Tiny Crown,Cocktail
4424,Party Panda #4424,A looping cartoon party-panda PFP with real panda markings. Minted on Base.,4424.gif,Disco Night,Disco Pulse,Dancer,Heart,Bowtie,None
4425,Party Panda #4425,A looping cartoon party-panda PFP with real panda markings. Minted on Base.,4425.gif,Neon Club,No glow,Classic,Heart,Bowtie,None
4426,Party Panda #4426,A looping cartoon party-panda PFP with real panda markings. Minted on Base.,4426.gif,Neon Club,Disco Pulse,Chubby,Heart,Bowtie,Cocktail
4427,Party Panda #4427,A looping cartoon party-panda PFP with real panda markings. Minted on Base.,4427.gif,Confetti Hall,No glow,Peach,Wink,Tiny Crown,Balloon
4428,Party Panda #4428,A looping cartoon party-panda PFP with real panda markings. Minted on Base.,4428.gif,Rooftop Glow,Laser Sweep,Cub,Heart,Bare head,Confetti
4429,Party Panda #4429,A looping cartoon party-panda PFP with real panda markings. Minted on Base.,4429.gif,Neon Club,No glow,Peach,Wink,Bare head,Sparkler
4430,Party Panda #4430,A looping cartoon party-panda PFP with real panda markings. Minted on Base.,4430.gif,Confetti Hall,Sparkle Burst,Chubby,Wink,Headphones,Cocktail
4431,Party Panda #4431,A looping cartoon party-panda PFP with real panda markings. Minted on Base.,4431.gif,Moonlight,Laser Sweep,Classic,Blink,Headphones,Boombox
4432,Party Panda #4432,A looping cartoon party-panda PFP with real panda markings. Minted on Base.,4432.gif,Rooftop Glow,Neon Ring,Cub,Blink,Lei,None
4433,Party Panda #4433,A looping cartoon party-panda PFP with real panda markings. Minted on Base.,4433.gif,Bamboo Lounge,Sparkle Burst,Tuxedo,Sleepy,Disco Afro,Balloon
4434,Party Panda #4434,A looping cartoon party-panda PFP with real panda markings. Minted on Base.,4434.gif,Candy Rave,Disco Pulse,Chubby,Wink,Disco Afro,Confetti
4435,Party Panda #4435,A looping cartoon party-panda PFP with real panda markings. Minted on Base.,4435.gif,Garden Party,Laser Sweep,Cub,Blink,Party Hat,Boombox
4436,Party Panda #4436,A looping cartoon party-panda PFP with real panda markings. Minted on Base.,4436.gif,Neon Club,Laser Sweep,Classic,Blink,Bowtie,None
4437,Party Panda #4437,A looping cartoon party-panda PFP with real panda markings. Minted on Base.,4437.gif,Neon Club,No glow,Dancer,Wink,Disco Afro,Cocktail
4438,Party Panda #4438,A looping cartoon party-panda PFP with real panda markings. Minted on Base.,4438.gif,Moonlight,Champagne Haze,Cub,Wink,Bowtie,Balloon
4439,Party Panda #4439,A looping cartoon party-panda PFP with real panda markings. Minted on Base.,4439.gif,Disco Night,Neon Ring,Tuxedo,Wink,Bare head,Boombox
4440,Party Panda #4440,A looping cartoon party-panda PFP with real panda markings. Minted on Base.,4440.gif,Disco Night,No glow,Cub,Heart,Tiny Crown,Balloon
4441,Party Panda #4441,A looping cartoon party-panda PFP with real panda markings. Minted on Base.,4441.gif,Disco Night,Sparkle Burst,Tuxedo,Sleepy,Disco Afro,None
4442,Party Panda #4442,A looping cartoon party-panda PFP with real panda markings. Minted on Base.,4442.gif,Candy Rave,Laser Sweep,Classic,Sleepy,Headphones,Cocktail
4443,Party Panda #4443,A looping cartoon party-panda PFP with real panda markings. Minted on Base.,4443.gif,Rooftop Glow,Laser Sweep,Cub,Blink,Bare head,None
4444,Party Panda #4444,A looping cartoon party-panda PFP with real panda markings. Minted on Base.,4444.gif,Garden Party,Champagne Haze,Peach,Heart,Headphones,Balloon
