tokenID,name,description,file_name,attributes[Night],attributes[Sheet],attributes[Mug],attributes[Hat],attributes[Wrap],attributes[Charm]
1,Shook'um #1,A looping sheet ghost from Halloween Shook'ums. Three bodies. One skeleton. One clock. Minted on Abstract.,1.gif,Parchment,Classic,Normal,None,None,None
2,Shook'um #2,A looping sheet ghost from Halloween Shook'ums. Three bodies. One skeleton. One clock. Minted on Abstract.,2.gif,Pumpkin,Blush,Heart,Bow,Chain,None
3,Shook'um #3,A looping sheet ghost from Halloween Shook'ums. Three bodies. One skeleton. One clock. Minted on Abstract.,3.gif,Midnight,Classic,Spooked,Witch,None,Pumpkin
4,Shook'um #4,A looping sheet ghost from Halloween Shook'ums. Three bodies. One skeleton. One clock. Minted on Abstract.,4.gif,Candy,Blush,Sparkly,Flower,Scarf,Candy
5,Shook'um #5,A looping sheet ghost from Halloween Shook'ums. Three bodies. One skeleton. One clock. Minted on Abstract.,5.gif,Dusk,Void,Starry,Halo,None,Bat
6,Shook'um #6,A looping sheet ghost from Halloween Shook'ums. Three bodies. One skeleton. One clock. Minted on Abstract.,6.gif,Fog,Classic,Sleepy,None,Pearls,None
7,Shook'um #7,A looping sheet ghost from Halloween Shook'ums. Three bodies. One skeleton. One clock. Minted on Abstract.,7.gif,Blood Moon,Void,Wink,Pumpkin,Chain,Broom
8,Shook'um #8,A looping sheet ghost from Halloween Shook'ums. Three bodies. One skeleton. One clock. Minted on Abstract.,8.gif,Graveyard,Classic,Blep,Cat Ears,Bowtie,Candy Corn
9,Shook'um #9,A looping sheet ghost from Halloween Shook'ums. Three bodies. One skeleton. One clock. Minted on Abstract.,9.gif,Void,Void,Angry,Wizard,Cape,Moon
10,Shook'um #10,A looping sheet ghost from Halloween Shook'ums. Three bodies. One skeleton. One clock. Minted on Abstract.,10.gif,Blush,Blush,Normal,Party,None,Potion
11,Shook'um #11,A looping sheet ghost from Halloween Shook'ums. Three bodies. One skeleton. One clock. Minted on Abstract.,11.gif,Parchment,Classic,Sad,Crown,Collar,None
12,Shook'um #12,A looping sheet ghost from Halloween Shook'ums. Three bodies. One skeleton. One clock. Minted on Abstract.,12.gif,Pumpkin,Classic,Sparkly,Witch,Scarf,Bat
13,Shook'um #13,A looping sheet ghost from Halloween Shook'ums. Three bodies. One skeleton. One clock. Minted on Abstract.,13.gif,Candy,Blush,Wink,Bow,Pearls,Candy
14,Shook'um #14,A looping sheet ghost from Halloween Shook'ums. Three bodies. One skeleton. One clock. Minted on Abstract.,14.gif,Midnight,Void,Spooked,Cat Ears,Chain,Pumpkin
15,Shook'um #15,A looping sheet ghost from Halloween Shook'ums. Three bodies. One skeleton. One clock. Minted on Abstract.,15.gif,Dusk,Classic,Heart,Flower,None,Moon
16,Shook'um #16,A looping sheet ghost from Halloween Shook'ums. Three bodies. One skeleton. One clock. Minted on Abstract.,16.gif,Blood Moon,Blush,Blep,Pumpkin,Cape,Broom
17,Shook'um #17,A looping sheet ghost from Halloween Shook'ums. Three bodies. One skeleton. One clock. Minted on Abstract.,17.gif,Parchment,Classic,Blep,Party,Cape,Broom
18,Shook'um #18,A looping sheet ghost from Halloween Shook'ums. Three bodies. One skeleton. One clock. Minted on Abstract.,18.gif,Candy,Blush,Spooked,Party,Collar,Pumpkin
19,Shook'um #19,A looping sheet ghost from Halloween Shook'ums. Three bodies. One skeleton. One clock. Minted on Abstract.,19.gif,Midnight,Classic,Normal,Pumpkin,None,Candy
20,Shook'um #20,A looping sheet ghost from Halloween Shook'ums. Three bodies. One skeleton. One clock. Minted on Abstract.,20.gif,Fog,Classic,Starry,Halo,Collar,Candy
21,Shook'um #21,A looping sheet ghost from Halloween Shook'ums. Three bodies. One skeleton. One clock. Minted on Abstract.,21.gif,Void,Classic,Blep,Flower,Chain,Potion
22,Shook'um #22,A looping sheet ghost from Halloween Shook'ums. Three bodies. One skeleton. One clock. Minted on Abstract.,22.gif,Blood Moon,Classic,Spooked,Cat Ears,Collar,Candy
23,Shook'um #23,A looping sheet ghost from Halloween Shook'ums. Three bodies. One skeleton. One clock. Minted on Abstract.,23.gif,Pumpkin,Void,Spooked,None,Cape,None
24,Shook'um #24,A looping sheet ghost from Halloween Shook'ums. Three bodies. One skeleton. One clock. Minted on Abstract.,24.gif,Pumpkin,Blush,Starry,Party,Scarf,Broom
25,Shook'um #25,A looping sheet ghost from Halloween Shook'ums. Three bodies. One skeleton. One clock. Minted on Abstract.,25.gif,Blush,Classic,Starry,Crown,None,Candy Corn
26,Shook'um #26,A looping sheet ghost from Halloween Shook'ums. Three bodies. One skeleton. One clock. Minted on Abstract.,26.gif,Dusk,Classic,Blep,Flower,None,None
27,Shook'um #27,A looping sheet ghost from Halloween Shook'ums. Three bodies. One skeleton. One clock. Minted on Abstract.,27.gif,Pumpkin,Classic,Sleepy,Cat Ears,Chain,Potion
28,Shook'um #28,A looping sheet ghost from Halloween Shook'ums. Three bodies. One skeleton. One clock. Minted on Abstract.,28.gif,Candy,Classic,Wink,Halo,Chain,None
29,Shook'um #29,A looping sheet ghost from Halloween Shook'ums. Three bodies. One skeleton. One clock. Minted on Abstract.,29.gif,Dusk,Classic,Wink,None,None,Potion
30,Shook'um #30,A looping sheet ghost from Halloween Shook'ums. Three bodies. One skeleton. One clock. Minted on Abstract.,30.gif,Pumpkin,Blush,Normal,None,Chain,Pumpkin
31,Shook'um #31,A looping sheet ghost from Halloween Shook'ums. Three bodies. One skeleton. One clock. Minted on Abstract.,31.gif,Pumpkin,Void,Sad,None,Scarf,Moon
32,Shook'um #32,A looping sheet ghost from Halloween Shook'ums. Three bodies. One skeleton. One clock. Minted on Abstract.,32.gif,Blush,Blush,Spooked,Pumpkin,Bowtie,None
33,Shook'um #33,A looping sheet ghost from Halloween Shook'ums. Three bodies. One skeleton. One clock. Minted on Abstract.,33.gif,Blush,Blush,Spooked,Flower,Chain,Candy
34,Shook'um #34,A looping sheet ghost from Halloween Shook'ums. Three bodies. One skeleton. One clock. Minted on Abstract.,34.gif,Dusk,Blush,Angry,None,None,None
35,Shook'um #35,A looping sheet ghost from Halloween Shook'ums. Three bodies. One skeleton. One clock. Minted on Abstract.,35.gif,Candy,Classic,Wink,Cat Ears,None,Potion
36,Shook'um #36,A looping sheet ghost from Halloween Shook'ums. Three bodies. One skeleton. One clock. Minted on Abstract.,36.gif,Midnight,Void,Sleepy,Party,Bowtie,None
37,Shook'um #37,A looping sheet ghost from Halloween Shook'ums. Three bodies. One skeleton. One clock. Minted on Abstract.,37.gif,Graveyard,Classic,Normal,None,None,Pumpkin
38,Shook'um #38,A looping sheet ghost from Halloween Shook'ums. Three bodies. One skeleton. One clock. Minted on Abstract.,38.gif,Void,Void,Sad,Cat Ears,None,Moon
39,Shook'um #39,A looping sheet ghost from Halloween Shook'ums. Three bodies. One skeleton. One clock. Minted on Abstract.,39.gif,Fog,Classic,Spooked,Bow,Bowtie,Pumpkin
40,Shook'um #40,A looping sheet ghost from Halloween Shook'ums. Three bodies. One skeleton. One clock. Minted on Abstract.,40.gif,Blush,Void,Normal,Flower,Chain,None
41,Shook'um #41,A looping sheet ghost from Halloween Shook'ums. Three bodies. One skeleton. One clock. Minted on Abstract.,41.gif,Candy,Classic,Sleepy,Flower,Pearls,None
42,Shook'um #42,A looping sheet ghost from Halloween Shook'ums. Three bodies. One skeleton. One clock. Minted on Abstract.,42.gif,Dusk,Void,Wink,Halo,None,Pumpkin
43,Shook'um #43,A looping sheet ghost from Halloween Shook'ums. Three bodies. One skeleton. One clock. Minted on Abstract.,43.gif,Candy,Classic,Spooked,Flower,None,Potion
44,Shook'um #44,A looping sheet ghost from Halloween Shook'ums. Three bodies. One skeleton. One clock. Minted on Abstract.,44.gif,Candy,Blush,Sleepy,None,Collar,Potion
45,Shook'um #45,A looping sheet ghost from Halloween Shook'ums. Three bodies. One skeleton. One clock. Minted on Abstract.,45.gif,Blush,Void,Angry,None,Bowtie,Pumpkin
46,Shook'um #46,A looping sheet ghost from Halloween Shook'ums. Three bodies. One skeleton. One clock. Minted on Abstract.,46.gif,Void,Classic,Blep,Bow,None,Candy Corn
47,Shook'um #47,A looping sheet ghost from Halloween Shook'ums. Three bodies. One skeleton. One clock. Minted on Abstract.,47.gif,Blood Moon,Void,Blep,Cat Ears,Cape,Potion
48,Shook'um #48,A looping sheet ghost from Halloween Shook'ums. Three bodies. One skeleton. One clock. Minted on Abstract.,48.gif,Graveyard,Blush,Sad,None,Bowtie,Pumpkin
49,Shook'um #49,A looping sheet ghost from Halloween Shook'ums. Three bodies. One skeleton. One clock. Minted on Abstract.,49.gif,Midnight,Void,Sleepy,Pumpkin,Chain,Candy Corn
50,Shook'um #50,A looping sheet ghost from Halloween Shook'ums. Three bodies. One skeleton. One clock. Minted on Abstract.,50.gif,Blush,Classic,Blep,Party,Cape,Bat
51,Shook'um #51,A looping sheet ghost from Halloween Shook'ums. Three bodies. One skeleton. One clock. Minted on Abstract.,51.gif,Midnight,Void,Blep,None,Chain,None
52,Shook'um #52,A looping sheet ghost from Halloween Shook'ums. Three bodies. One skeleton. One clock. Minted on Abstract.,52.gif,Dusk,Classic,Sleepy,Halo,Scarf,Candy
53,Shook'um #53,A looping sheet ghost from Halloween Shook'ums. Three bodies. One skeleton. One clock. Minted on Abstract.,53.gif,Blush,Classic,Blep,None,Scarf,Candy Corn
54,Shook'um #54,A looping sheet ghost from Halloween Shook'ums. Three bodies. One skeleton. One clock. Minted on Abstract.,54.gif,Blush,Blush,Starry,Witch,Bowtie,Pumpkin
55,Shook'um #55,A looping sheet ghost from Halloween Shook'ums. Three bodies. One skeleton. One clock. Minted on Abstract.,55.gif,Midnight,Blush,Sleepy,Pumpkin,Chain,Potion
56,Shook'um #56,A looping sheet ghost from Halloween Shook'ums. Three bodies. One skeleton. One clock. Minted on Abstract.,56.gif,Parchment,Classic,Normal,Flower,None,None
57,Shook'um #57,A looping sheet ghost from Halloween Shook'ums. Three bodies. One skeleton. One clock. Minted on Abstract.,57.gif,Dusk,Classic,Starry,None,Chain,Potion
58,Shook'um #58,A looping sheet ghost from Halloween Shook'ums. Three bodies. One skeleton. One clock. Minted on Abstract.,58.gif,Pumpkin,Blush,Blep,Pumpkin,None,Broom
59,Shook'um #59,A looping sheet ghost from Halloween Shook'ums. Three bodies. One skeleton. One clock. Minted on Abstract.,59.gif,Midnight,Blush,Angry,None,None,Bat
60,Shook'um #60,A looping sheet ghost from Halloween Shook'ums. Three bodies. One skeleton. One clock. Minted on Abstract.,60.gif,Graveyard,Classic,Normal,None,Bowtie,None
61,Shook'um #61,A looping sheet ghost from Halloween Shook'ums. Three bodies. One skeleton. One clock. Minted on Abstract.,61.gif,Parchment,Classic,Angry,Bow,Chain,Potion
62,Shook'um #62,A looping sheet ghost from Halloween Shook'ums. Three bodies. One skeleton. One clock. Minted on Abstract.,62.gif,Parchment,Void,Normal,None,None,None
63,Shook'um #63,A looping sheet ghost from Halloween Shook'ums. Three bodies. One skeleton. One clock. Minted on Abstract.,63.gif,Blush,Classic,Sparkly,None,None,None
64,Shook'um #64,A looping sheet ghost from Halloween Shook'ums. Three bodies. One skeleton. One clock. Minted on Abstract.,64.gif,Fog,Classic,Wink,None,Bowtie,None
65,Shook'um #65,A looping sheet ghost from Halloween Shook'ums. Three bodies. One skeleton. One clock. Minted on Abstract.,65.gif,Dusk,Classic,Normal,None,None,None
66,Shook'um #66,A looping sheet ghost from Halloween Shook'ums. Three bodies. One skeleton. One clock. Minted on Abstract.,66.gif,Pumpkin,Classic,Blep,None,Bowtie,Candy Corn
67,Shook'um #67,A looping sheet ghost from Halloween Shook'ums. Three bodies. One skeleton. One clock. Minted on Abstract.,67.gif,Blood Moon,Classic,Spooked,None,Scarf,Candy Corn
68,Shook'um #68,A looping sheet ghost from Halloween Shook'ums. Three bodies. One skeleton. One clock. Minted on Abstract.,68.gif,Dusk,Blush,Heart,Bow,Chain,Potion
69,Shook'um #69,A looping sheet ghost from Halloween Shook'ums. Three bodies. One skeleton. One clock. Minted on Abstract.,69.gif,Blush,Classic,Normal,Witch,None,Pumpkin
70,Shook'um #70,A looping sheet ghost from Halloween Shook'ums. Three bodies. One skeleton. One clock. Minted on Abstract.,70.gif,Pumpkin,Blush,Normal,Halo,None,Pumpkin
71,Shook'um #71,A looping sheet ghost from Halloween Shook'ums. Three bodies. One skeleton. One clock. Minted on Abstract.,71.gif,Blush,Classic,Spooked,Witch,Scarf,None
72,Shook'um #72,A looping sheet ghost from Halloween Shook'ums. Three bodies. One skeleton. One clock. Minted on Abstract.,72.gif,Midnight,Blush,Sparkly,Bow,Chain,Pumpkin
73,Shook'um #73,A looping sheet ghost from Halloween Shook'ums. Three bodies. One skeleton. One clock. Minted on Abstract.,73.gif,Blush,Classic,Blep,Pumpkin,None,Candy
74,Shook'um #74,A looping sheet ghost from Halloween Shook'ums. Three bodies. One skeleton. One clock. Minted on Abstract.,74.gif,Blood Moon,Classic,Normal,Bow,Bowtie,Bat
75,Shook'um #75,A looping sheet ghost from Halloween Shook'ums. Three bodies. One skeleton. One clock. Minted on Abstract.,75.gif,Graveyard,Classic,Normal,None,None,Bat
76,Shook'um #76,A looping sheet ghost from Halloween Shook'ums. Three bodies. One skeleton. One clock. Minted on Abstract.,76.gif,Candy,Classic,Sleepy,Halo,Collar,None
77,Shook'um #77,A looping sheet ghost from Halloween Shook'ums. Three bodies. One skeleton. One clock. Minted on Abstract.,77.gif,Dusk,Void,Angry,Wizard,Scarf,None
78,Shook'um #78,A looping sheet ghost from Halloween Shook'ums. Three bodies. One skeleton. One clock. Minted on Abstract.,78.gif,Midnight,Classic,Wink,Pumpkin,Chain,Pumpkin
79,Shook'um #79,A looping sheet ghost from Halloween Shook'ums. Three bodies. One skeleton. One clock. Minted on Abstract.,79.gif,Pumpkin,Classic,Sleepy,None,None,Bat
80,Shook'um #80,A looping sheet ghost from Halloween Shook'ums. Three bodies. One skeleton. One clock. Minted on Abstract.,80.gif,Parchment,Classic,Normal,None,Bowtie,Candy
81,Shook'um #81,A looping sheet ghost from Halloween Shook'ums. Three bodies. One skeleton. One clock. Minted on Abstract.,81.gif,Parchment,Classic,Angry,Bow,Collar,None
82,Shook'um #82,A looping sheet ghost from Halloween Shook'ums. Three bodies. One skeleton. One clock. Minted on Abstract.,82.gif,Dusk,Classic,Spooked,None,Bowtie,Bat
83,Shook'um #83,A looping sheet ghost from Halloween Shook'ums. Three bodies. One skeleton. One clock. Minted on Abstract.,83.gif,Candy,Void,Wink,Party,None,Moon
84,Shook'um #84,A looping sheet ghost from Halloween Shook'ums. Three bodies. One skeleton. One clock. Minted on Abstract.,84.gif,Fog,Blush,Wink,Halo,Scarf,Pumpkin
85,Shook'um #85,A looping sheet ghost from Halloween Shook'ums. Three bodies. One skeleton. One clock. Minted on Abstract.,85.gif,Pumpkin,Classic,Spooked,Cat Ears,Bowtie,Candy
86,Shook'um #86,A looping sheet ghost from Halloween Shook'ums. Three bodies. One skeleton. One clock. Minted on Abstract.,86.gif,Parchment,Blush,Normal,None,None,Bat
87,Shook'um #87,A looping sheet ghost from Halloween Shook'ums. Three bodies. One skeleton. One clock. Minted on Abstract.,87.gif,Blush,Blush,Starry,None,None,Pumpkin
88,Shook'um #88,A looping sheet ghost from Halloween Shook'ums. Three bodies. One skeleton. One clock. Minted on Abstract.,88.gif,Fog,Blush,Wink,Pumpkin,Scarf,Bat
89,Shook'um #89,A looping sheet ghost from Halloween Shook'ums. Three bodies. One skeleton. One clock. Minted on Abstract.,89.gif,Blood Moon,Classic,Starry,Flower,Bowtie,Candy
90,Shook'um #90,A looping sheet ghost from Halloween Shook'ums. Three bodies. One skeleton. One clock. Minted on Abstract.,90.gif,Fog,Blush,Sleepy,Cat Ears,None,Candy
91,Shook'um #91,A looping sheet ghost from Halloween Shook'ums. Three bodies. One skeleton. One clock. Minted on Abstract.,91.gif,Blush,Classic,Blep,Bow,None,Broom
92,Shook'um #92,A looping sheet ghost from Halloween Shook'ums. Three bodies. One skeleton. One clock. Minted on Abstract.,92.gif,Fog,Classic,Starry,Bow,Bowtie,Broom
93,Shook'um #93,A looping sheet ghost from Halloween Shook'ums. Three bodies. One skeleton. One clock. Minted on Abstract.,93.gif,Blood Moon,Classic,Sleepy,Halo,Collar,Candy
94,Shook'um #94,A looping sheet ghost from Halloween Shook'ums. Three bodies. One skeleton. One clock. Minted on Abstract.,94.gif,Blush,Blush,Wink,None,Collar,Potion
95,Shook'um #95,A looping sheet ghost from Halloween Shook'ums. Three bodies. One skeleton. One clock. Minted on Abstract.,95.gif,Fog,Void,Spooked,None,Collar,None
96,Shook'um #96,A looping sheet ghost from Halloween Shook'ums. Three bodies. One skeleton. One clock. Minted on Abstract.,96.gif,Blood Moon,Blush,Blep,Crown,Cape,Candy
97,Shook'um #97,A looping sheet ghost from Halloween Shook'ums. Three bodies. One skeleton. One clock. Minted on Abstract.,97.gif,Candy,Classic,Angry,None,None,Bat
98,Shook'um #98,A looping sheet ghost from Halloween Shook'ums. Three bodies. One skeleton. One clock. Minted on Abstract.,98.gif,Blush,Classic,Sad,Witch,None,Bat
99,Shook'um #99,A looping sheet ghost from Halloween Shook'ums. Three bodies. One skeleton. One clock. Minted on Abstract.,99.gif,Midnight,Classic,Sleepy,None,Chain,Potion
100,Shook'um #100,A looping sheet ghost from Halloween Shook'ums. Three bodies. One skeleton. One clock. Minted on Abstract.,100.gif,Pumpkin,Classic,Heart,None,Chain,Candy Corn
101,Shook'um #101,A looping sheet ghost from Halloween Shook'ums. Three bodies. One skeleton. One clock. Minted on Abstract.,101.gif,Fog,Blush,Spooked,Bow,Chain,Pumpkin
102,Shook'um #102,A looping sheet ghost from Halloween Shook'ums. Three bodies. One skeleton. One clock. Minted on Abstract.,102.gif,Fog,Blush,Spooked,Witch,Chain,None
103,Shook'um #103,A looping sheet ghost from Halloween Shook'ums. Three bodies. One skeleton. One clock. Minted on Abstract.,103.gif,Parchment,Void,Blep,Witch,Bowtie,None
104,Shook'um #104,A looping sheet ghost from Halloween Shook'ums. Three bodies. One skeleton. One clock. Minted on Abstract.,104.gif,Fog,Classic,Sad,Flower,Pearls,Bat
105,Shook'um #105,A looping sheet ghost from Halloween Shook'ums. Three bodies. One skeleton. One clock. Minted on Abstract.,105.gif,Candy,Void,Sad,Witch,Scarf,Potion
106,Shook'um #106,A looping sheet ghost from Halloween Shook'ums. Three bodies. One skeleton. One clock. Minted on Abstract.,106.gif,Graveyard,Classic,Spooked,None,None,Bat
107,Shook'um #107,A looping sheet ghost from Halloween Shook'ums. Three bodies. One skeleton. One clock. Minted on Abstract.,107.gif,Graveyard,Classic,Spooked,Wizard,Chain,None
108,Shook'um #108,A looping sheet ghost from Halloween Shook'ums. Three bodies. One skeleton. One clock. Minted on Abstract.,108.gif,Fog,Classic,Angry,None,None,Candy Corn
109,Shook'um #109,A looping sheet ghost from Halloween Shook'ums. Three bodies. One skeleton. One clock. Minted on Abstract.,109.gif,Parchment,Classic,Blep,Witch,Collar,Bat
110,Shook'um #110,A looping sheet ghost from Halloween Shook'ums. Three bodies. One skeleton. One clock. Minted on Abstract.,110.gif,Candy,Void,Sleepy,None,Collar,Potion
111,Shook'um #111,A looping sheet ghost from Halloween Shook'ums. Three bodies. One skeleton. One clock. Minted on Abstract.,111.gif,Graveyard,Classic,Blep,Bow,None,None
112,Shook'um #112,A looping sheet ghost from Halloween Shook'ums. Three bodies. One skeleton. One clock. Minted on Abstract.,112.gif,Fog,Blush,Angry,Bow,Scarf,None
113,Shook'um #113,A looping sheet ghost from Halloween Shook'ums. Three bodies. One skeleton. One clock. Minted on Abstract.,113.gif,Parchment,Classic,Blep,Party,None,None
114,Shook'um #114,A looping sheet ghost from Halloween Shook'ums. Three bodies. One skeleton. One clock. Minted on Abstract.,114.gif,Parchment,Void,Spooked,None,Chain,None
115,Shook'um #115,A looping sheet ghost from Halloween Shook'ums. Three bodies. One skeleton. One clock. Minted on Abstract.,115.gif,Midnight,Blush,Angry,Bow,Chain,None
116,Shook'um #116,A looping sheet ghost from Halloween Shook'ums. Three bodies. One skeleton. One clock. Minted on Abstract.,116.gif,Parchment,Blush,Blep,None,Pearls,Potion
117,Shook'um #117,A looping sheet ghost from Halloween Shook'ums. Three bodies. One skeleton. One clock. Minted on Abstract.,117.gif,Midnight,Classic,Wink,Pumpkin,Pearls,Broom
118,Shook'um #118,A looping sheet ghost from Halloween Shook'ums. Three bodies. One skeleton. One clock. Minted on Abstract.,118.gif,Pumpkin,Classic,Sleepy,None,None,None
119,Shook'um #119,A looping sheet ghost from Halloween Shook'ums. Three bodies. One skeleton. One clock. Minted on Abstract.,119.gif,Blush,Blush,Wink,Crown,Bowtie,None
120,Shook'um #120,A looping sheet ghost from Halloween Shook'ums. Three bodies. One skeleton. One clock. Minted on Abstract.,120.gif,Dusk,Classic,Wink,Cat Ears,Scarf,Broom
121,Shook'um #121,A looping sheet ghost from Halloween Shook'ums. Three bodies. One skeleton. One clock. Minted on Abstract.,121.gif,Pumpkin,Void,Normal,None,Scarf,Potion
122,Shook'um #122,A looping sheet ghost from Halloween Shook'ums. Three bodies. One skeleton. One clock. Minted on Abstract.,122.gif,Blush,Classic,Sad,Cat Ears,Scarf,Bat
123,Shook'um #123,A looping sheet ghost from Halloween Shook'ums. Three bodies. One skeleton. One clock. Minted on Abstract.,123.gif,Blush,Void,Blep,None,None,None
124,Shook'um #124,A looping sheet ghost from Halloween Shook'ums. Three bodies. One skeleton. One clock. Minted on Abstract.,124.gif,Candy,Blush,Sad,Cat Ears,Bowtie,None
125,Shook'um #125,A looping sheet ghost from Halloween Shook'ums. Three bodies. One skeleton. One clock. Minted on Abstract.,125.gif,Parchment,Classic,Blep,Cat Ears,None,Candy Corn
126,Shook'um #126,A looping sheet ghost from Halloween Shook'ums. Three bodies. One skeleton. One clock. Minted on Abstract.,126.gif,Parchment,Blush,Wink,None,None,Potion
127,Shook'um #127,A looping sheet ghost from Halloween Shook'ums. Three bodies. One skeleton. One clock. Minted on Abstract.,127.gif,Pumpkin,Blush,Sparkly,None,Chain,Bat
128,Shook'um #128,A looping sheet ghost from Halloween Shook'ums. Three bodies. One skeleton. One clock. Minted on Abstract.,128.gif,Parchment,Classic,Normal,None,Pearls,Pumpkin
129,Shook'um #129,A looping sheet ghost from Halloween Shook'ums. Three bodies. One skeleton. One clock. Minted on Abstract.,129.gif,Candy,Blush,Sleepy,None,Pearls,None
130,Shook'um #130,A looping sheet ghost from Halloween Shook'ums. Three bodies. One skeleton. One clock. Minted on Abstract.,130.gif,Blush,Blush,Heart,Bow,None,None
131,Shook'um #131,A looping sheet ghost from Halloween Shook'ums. Three bodies. One skeleton. One clock. Minted on Abstract.,131.gif,Pumpkin,Blush,Sparkly,Cat Ears,None,Candy
132,Shook'um #132,A looping sheet ghost from Halloween Shook'ums. Three bodies. One skeleton. One clock. Minted on Abstract.,132.gif,Graveyard,Void,Sleepy,Flower,Chain,None
133,Shook'um #133,A looping sheet ghost from Halloween Shook'ums. Three bodies. One skeleton. One clock. Minted on Abstract.,133.gif,Blush,Blush,Wink,Wizard,Scarf,Candy Corn
134,Shook'um #134,A looping sheet ghost from Halloween Shook'ums. Three bodies. One skeleton. One clock. Minted on Abstract.,134.gif,Candy,Classic,Sparkly,Flower,None,Broom
135,Shook'um #135,A looping sheet ghost from Halloween Shook'ums. Three bodies. One skeleton. One clock. Minted on Abstract.,135.gif,Candy,Classic,Normal,Cat Ears,None,None
136,Shook'um #136,A looping sheet ghost from Halloween Shook'ums. Three bodies. One skeleton. One clock. Minted on Abstract.,136.gif,Pumpkin,Blush,Sparkly,Bow,Collar,Pumpkin
137,Shook'um #137,A looping sheet ghost from Halloween Shook'ums. Three bodies. One skeleton. One clock. Minted on Abstract.,137.gif,Graveyard,Void,Spooked,Halo,Pearls,Pumpkin
138,Shook'um #138,A looping sheet ghost from Halloween Shook'ums. Three bodies. One skeleton. One clock. Minted on Abstract.,138.gif,Candy,Classic,Normal,Wizard,None,None
139,Shook'um #139,A looping sheet ghost from Halloween Shook'ums. Three bodies. One skeleton. One clock. Minted on Abstract.,139.gif,Void,Classic,Spooked,Bow,Cape,Candy Corn
140,Shook'um #140,A looping sheet ghost from Halloween Shook'ums. Three bodies. One skeleton. One clock. Minted on Abstract.,140.gif,Midnight,Classic,Spooked,Bow,Cape,None
141,Shook'um #141,A looping sheet ghost from Halloween Shook'ums. Three bodies. One skeleton. One clock. Minted on Abstract.,141.gif,Dusk,Classic,Heart,None,None,Candy Corn
142,Shook'um #142,A looping sheet ghost from Halloween Shook'ums. Three bodies. One skeleton. One clock. Minted on Abstract.,142.gif,Parchment,Blush,Angry,Cat Ears,None,Candy
143,Shook'um #143,A looping sheet ghost from Halloween Shook'ums. Three bodies. One skeleton. One clock. Minted on Abstract.,143.gif,Graveyard,Blush,Blep,Wizard,None,None
144,Shook'um #144,A looping sheet ghost from Halloween Shook'ums. Three bodies. One skeleton. One clock. Minted on Abstract.,144.gif,Parchment,Classic,Angry,Party,Bowtie,None
145,Shook'um #145,A looping sheet ghost from Halloween Shook'ums. Three bodies. One skeleton. One clock. Minted on Abstract.,145.gif,Parchment,Blush,Sleepy,Flower,Chain,Potion
146,Shook'um #146,A looping sheet ghost from Halloween Shook'ums. Three bodies. One skeleton. One clock. Minted on Abstract.,146.gif,Fog,Classic,Normal,Party,Pearls,Potion
147,Shook'um #147,A looping sheet ghost from Halloween Shook'ums. Three bodies. One skeleton. One clock. Minted on Abstract.,147.gif,Pumpkin,Classic,Spooked,None,Chain,Bat
148,Shook'um #148,A looping sheet ghost from Halloween Shook'ums. Three bodies. One skeleton. One clock. Minted on Abstract.,148.gif,Fog,Blush,Starry,Pumpkin,Collar,None
149,Shook'um #149,A looping sheet ghost from Halloween Shook'ums. Three bodies. One skeleton. One clock. Minted on Abstract.,149.gif,Void,Void,Sparkly,Cat Ears,Pearls,Bat
150,Shook'um #150,A looping sheet ghost from Halloween Shook'ums. Three bodies. One skeleton. One clock. Minted on Abstract.,150.gif,Pumpkin,Classic,Normal,Party,None,None
151,Shook'um #151,A looping sheet ghost from Halloween Shook'ums. Three bodies. One skeleton. One clock. Minted on Abstract.,151.gif,Blush,Classic,Sad,None,Bowtie,None
152,Shook'um #152,A looping sheet ghost from Halloween Shook'ums. Three bodies. One skeleton. One clock. Minted on Abstract.,152.gif,Candy,Classic,Sleepy,Witch,Scarf,Pumpkin
153,Shook'um #153,A looping sheet ghost from Halloween Shook'ums. Three bodies. One skeleton. One clock. Minted on Abstract.,153.gif,Fog,Void,Sad,Crown,Pearls,Moon
154,Shook'um #154,A looping sheet ghost from Halloween Shook'ums. Three bodies. One skeleton. One clock. Minted on Abstract.,154.gif,Fog,Classic,Sad,None,Cape,Broom
155,Shook'um #155,A looping sheet ghost from Halloween Shook'ums. Three bodies. One skeleton. One clock. Minted on Abstract.,155.gif,Fog,Classic,Wink,Witch,None,Broom
156,Shook'um #156,A looping sheet ghost from Halloween Shook'ums. Three bodies. One skeleton. One clock. Minted on Abstract.,156.gif,Parchment,Classic,Sparkly,None,Chain,Pumpkin
157,Shook'um #157,A looping sheet ghost from Halloween Shook'ums. Three bodies. One skeleton. One clock. Minted on Abstract.,157.gif,Pumpkin,Void,Spooked,Wizard,None,Pumpkin
158,Shook'um #158,A looping sheet ghost from Halloween Shook'ums. Three bodies. One skeleton. One clock. Minted on Abstract.,158.gif,Parchment,Classic,Wink,Pumpkin,Bowtie,Potion
159,Shook'um #159,A looping sheet ghost from Halloween Shook'ums. Three bodies. One skeleton. One clock. Minted on Abstract.,159.gif,Pumpkin,Classic,Angry,None,None,None
160,Shook'um #160,A looping sheet ghost from Halloween Shook'ums. Three bodies. One skeleton. One clock. Minted on Abstract.,160.gif,Parchment,Blush,Wink,None,None,Moon
161,Shook'um #161,A looping sheet ghost from Halloween Shook'ums. Three bodies. One skeleton. One clock. Minted on Abstract.,161.gif,Blush,Classic,Wink,None,Scarf,Candy Corn
162,Shook'um #162,A looping sheet ghost from Halloween Shook'ums. Three bodies. One skeleton. One clock. Minted on Abstract.,162.gif,Graveyard,Classic,Sleepy,Witch,Cape,None
163,Shook'um #163,A looping sheet ghost from Halloween Shook'ums. Three bodies. One skeleton. One clock. Minted on Abstract.,163.gif,Dusk,Classic,Angry,None,None,Pumpkin
164,Shook'um #164,A looping sheet ghost from Halloween Shook'ums. Three bodies. One skeleton. One clock. Minted on Abstract.,164.gif,Fog,Classic,Sad,Witch,Chain,Candy
165,Shook'um #165,A looping sheet ghost from Halloween Shook'ums. Three bodies. One skeleton. One clock. Minted on Abstract.,165.gif,Pumpkin,Blush,Sad,Pumpkin,None,Moon
166,Shook'um #166,A looping sheet ghost from Halloween Shook'ums. Three bodies. One skeleton. One clock. Minted on Abstract.,166.gif,Blush,Classic,Normal,Pumpkin,Chain,Candy
167,Shook'um #167,A looping sheet ghost from Halloween Shook'ums. Three bodies. One skeleton. One clock. Minted on Abstract.,167.gif,Fog,Classic,Wink,None,Chain,Pumpkin
168,Shook'um #168,A looping sheet ghost from Halloween Shook'ums. Three bodies. One skeleton. One clock. Minted on Abstract.,168.gif,Dusk,Blush,Starry,None,Pearls,None
169,Shook'um #169,A looping sheet ghost from Halloween Shook'ums. Three bodies. One skeleton. One clock. Minted on Abstract.,169.gif,Pumpkin,Classic,Blep,Halo,Chain,Broom
170,Shook'um #170,A looping sheet ghost from Halloween Shook'ums. Three bodies. One skeleton. One clock. Minted on Abstract.,170.gif,Parchment,Classic,Sleepy,Cat Ears,Scarf,Candy
171,Shook'um #171,A looping sheet ghost from Halloween Shook'ums. Three bodies. One skeleton. One clock. Minted on Abstract.,171.gif,Pumpkin,Void,Sad,Witch,Chain,Moon
172,Shook'um #172,A looping sheet ghost from Halloween Shook'ums. Three bodies. One skeleton. One clock. Minted on Abstract.,172.gif,Blood Moon,Classic,Heart,Pumpkin,Collar,Pumpkin
173,Shook'um #173,A looping sheet ghost from Halloween Shook'ums. Three bodies. One skeleton. One clock. Minted on Abstract.,173.gif,Candy,Classic,Spooked,Flower,None,Broom
174,Shook'um #174,A looping sheet ghost from Halloween Shook'ums. Three bodies. One skeleton. One clock. Minted on Abstract.,174.gif,Parchment,Blush,Sleepy,Witch,Chain,None
175,Shook'um #175,A looping sheet ghost from Halloween Shook'ums. Three bodies. One skeleton. One clock. Minted on Abstract.,175.gif,Blush,Classic,Angry,Bow,None,Pumpkin
176,Shook'um #176,A looping sheet ghost from Halloween Shook'ums. Three bodies. One skeleton. One clock. Minted on Abstract.,176.gif,Midnight,Classic,Blep,Bow,None,Moon
177,Shook'um #177,A looping sheet ghost from Halloween Shook'ums. Three bodies. One skeleton. One clock. Minted on Abstract.,177.gif,Pumpkin,Void,Normal,Bow,None,None
178,Shook'um #178,A looping sheet ghost from Halloween Shook'ums. Three bodies. One skeleton. One clock. Minted on Abstract.,178.gif,Parchment,Classic,Spooked,None,Cape,Candy
179,Shook'um #179,A looping sheet ghost from Halloween Shook'ums. Three bodies. One skeleton. One clock. Minted on Abstract.,179.gif,Parchment,Classic,Starry,Crown,None,Potion
180,Shook'um #180,A looping sheet ghost from Halloween Shook'ums. Three bodies. One skeleton. One clock. Minted on Abstract.,180.gif,Blush,Void,Spooked,Pumpkin,None,Potion
181,Shook'um #181,A looping sheet ghost from Halloween Shook'ums. Three bodies. One skeleton. One clock. Minted on Abstract.,181.gif,Fog,Blush,Normal,Party,Pearls,Moon
182,Shook'um #182,A looping sheet ghost from Halloween Shook'ums. Three bodies. One skeleton. One clock. Minted on Abstract.,182.gif,Graveyard,Blush,Normal,Wizard,Cape,None
183,Shook'um #183,A looping sheet ghost from Halloween Shook'ums. Three bodies. One skeleton. One clock. Minted on Abstract.,183.gif,Dusk,Void,Spooked,Halo,None,Potion
184,Shook'um #184,A looping sheet ghost from Halloween Shook'ums. Three bodies. One skeleton. One clock. Minted on Abstract.,184.gif,Blush,Classic,Sad,Party,None,Candy Corn
185,Shook'um #185,A looping sheet ghost from Halloween Shook'ums. Three bodies. One skeleton. One clock. Minted on Abstract.,185.gif,Pumpkin,Classic,Heart,Bow,None,Broom
186,Shook'um #186,A looping sheet ghost from Halloween Shook'ums. Three bodies. One skeleton. One clock. Minted on Abstract.,186.gif,Fog,Blush,Sleepy,None,Collar,None
187,Shook'um #187,A looping sheet ghost from Halloween Shook'ums. Three bodies. One skeleton. One clock. Minted on Abstract.,187.gif,Graveyard,Classic,Normal,Wizard,None,Pumpkin
188,Shook'um #188,A looping sheet ghost from Halloween Shook'ums. Three bodies. One skeleton. One clock. Minted on Abstract.,188.gif,Blush,Classic,Blep,Cat Ears,Collar,Bat
189,Shook'um #189,A looping sheet ghost from Halloween Shook'ums. Three bodies. One skeleton. One clock. Minted on Abstract.,189.gif,Blush,Void,Wink,Party,Collar,Candy
190,Shook'um #190,A looping sheet ghost from Halloween Shook'ums. Three bodies. One skeleton. One clock. Minted on Abstract.,190.gif,Blood Moon,Classic,Spooked,Crown,None,Candy Corn
191,Shook'um #191,A looping sheet ghost from Halloween Shook'ums. Three bodies. One skeleton. One clock. Minted on Abstract.,191.gif,Graveyard,Classic,Sad,Cat Ears,Collar,Broom
192,Shook'um #192,A looping sheet ghost from Halloween Shook'ums. Three bodies. One skeleton. One clock. Minted on Abstract.,192.gif,Graveyard,Classic,Spooked,Pumpkin,Chain,Candy
193,Shook'um #193,A looping sheet ghost from Halloween Shook'ums. Three bodies. One skeleton. One clock. Minted on Abstract.,193.gif,Fog,Blush,Sad,None,Chain,None
194,Shook'um #194,A looping sheet ghost from Halloween Shook'ums. Three bodies. One skeleton. One clock. Minted on Abstract.,194.gif,Dusk,Classic,Sleepy,Bow,None,Candy Corn
195,Shook'um #195,A looping sheet ghost from Halloween Shook'ums. Three bodies. One skeleton. One clock. Minted on Abstract.,195.gif,Midnight,Classic,Wink,Witch,Scarf,Candy
196,Shook'um #196,A looping sheet ghost from Halloween Shook'ums. Three bodies. One skeleton. One clock. Minted on Abstract.,196.gif,Blush,Classic,Sparkly,Flower,None,Broom
197,Shook'um #197,A looping sheet ghost from Halloween Shook'ums. Three bodies. One skeleton. One clock. Minted on Abstract.,197.gif,Parchment,Void,Angry,Bow,Pearls,None
198,Shook'um #198,A looping sheet ghost from Halloween Shook'ums. Three bodies. One skeleton. One clock. Minted on Abstract.,198.gif,Candy,Void,Sleepy,None,None,None
199,Shook'um #199,A looping sheet ghost from Halloween Shook'ums. Three bodies. One skeleton. One clock. Minted on Abstract.,199.gif,Parchment,Void,Normal,None,Scarf,Candy
200,Shook'um #200,A looping sheet ghost from Halloween Shook'ums. Three bodies. One skeleton. One clock. Minted on Abstract.,200.gif,Midnight,Classic,Blep,Party,Collar,Potion
201,Shook'um #201,A looping sheet ghost from Halloween Shook'ums. Three bodies. One skeleton. One clock. Minted on Abstract.,201.gif,Midnight,Void,Normal,Pumpkin,Collar,Candy Corn
202,Shook'um #202,A looping sheet ghost from Halloween Shook'ums. Three bodies. One skeleton. One clock. Minted on Abstract.,202.gif,Parchment,Classic,Angry,None,None,Bat
203,Shook'um #203,A looping sheet ghost from Halloween Shook'ums. Three bodies. One skeleton. One clock. Minted on Abstract.,203.gif,Parchment,Classic,Sleepy,Pumpkin,None,None
204,Shook'um #204,A looping sheet ghost from Halloween Shook'ums. Three bodies. One skeleton. One clock. Minted on Abstract.,204.gif,Midnight,Blush,Normal,Halo,None,None
205,Shook'um #205,A looping sheet ghost from Halloween Shook'ums. Three bodies. One skeleton. One clock. Minted on Abstract.,205.gif,Candy,Classic,Normal,Witch,Chain,Pumpkin
206,Shook'um #206,A looping sheet ghost from Halloween Shook'ums. Three bodies. One skeleton. One clock. Minted on Abstract.,206.gif,Fog,Classic,Blep,None,None,Potion
207,Shook'um #207,A looping sheet ghost from Halloween Shook'ums. Three bodies. One skeleton. One clock. Minted on Abstract.,207.gif,Pumpkin,Classic,Normal,Pumpkin,None,Potion
208,Shook'um #208,A looping sheet ghost from Halloween Shook'ums. Three bodies. One skeleton. One clock. Minted on Abstract.,208.gif,Dusk,Classic,Sleepy,None,Collar,Candy Corn
209,Shook'um #209,A looping sheet ghost from Halloween Shook'ums. Three bodies. One skeleton. One clock. Minted on Abstract.,209.gif,Parchment,Void,Starry,None,None,Candy Corn
210,Shook'um #210,A looping sheet ghost from Halloween Shook'ums. Three bodies. One skeleton. One clock. Minted on Abstract.,210.gif,Candy,Blush,Spooked,Halo,Scarf,Candy
211,Shook'um #211,A looping sheet ghost from Halloween Shook'ums. Three bodies. One skeleton. One clock. Minted on Abstract.,211.gif,Parchment,Blush,Starry,None,None,Pumpkin
212,Shook'um #212,A looping sheet ghost from Halloween Shook'ums. Three bodies. One skeleton. One clock. Minted on Abstract.,212.gif,Candy,Void,Blep,None,Bowtie,Candy Corn
213,Shook'um #213,A looping sheet ghost from Halloween Shook'ums. Three bodies. One skeleton. One clock. Minted on Abstract.,213.gif,Fog,Blush,Blep,Halo,Scarf,Potion
214,Shook'um #214,A looping sheet ghost from Halloween Shook'ums. Three bodies. One skeleton. One clock. Minted on Abstract.,214.gif,Blush,Blush,Sad,None,Bowtie,Candy
215,Shook'um #215,A looping sheet ghost from Halloween Shook'ums. Three bodies. One skeleton. One clock. Minted on Abstract.,215.gif,Blush,Classic,Sleepy,Flower,Chain,None
216,Shook'um #216,A looping sheet ghost from Halloween Shook'ums. Three bodies. One skeleton. One clock. Minted on Abstract.,216.gif,Parchment,Classic,Spooked,None,Bowtie,Candy Corn
217,Shook'um #217,A looping sheet ghost from Halloween Shook'ums. Three bodies. One skeleton. One clock. Minted on Abstract.,217.gif,Fog,Classic,Normal,None,Scarf,Bat
218,Shook'um #218,A looping sheet ghost from Halloween Shook'ums. Three bodies. One skeleton. One clock. Minted on Abstract.,218.gif,Blush,Classic,Sleepy,Bow,Scarf,Candy Corn
219,Shook'um #219,A looping sheet ghost from Halloween Shook'ums. Three bodies. One skeleton. One clock. Minted on Abstract.,219.gif,Blood Moon,Classic,Angry,None,Cape,None
220,Shook'um #220,A looping sheet ghost from Halloween Shook'ums. Three bodies. One skeleton. One clock. Minted on Abstract.,220.gif,Parchment,Classic,Spooked,None,None,Pumpkin
221,Shook'um #221,A looping sheet ghost from Halloween Shook'ums. Three bodies. One skeleton. One clock. Minted on Abstract.,221.gif,Midnight,Blush,Angry,Pumpkin,Chain,Candy Corn
222,Shook'um #222,A looping sheet ghost from Halloween Shook'ums. Three bodies. One skeleton. One clock. Minted on Abstract.,222.gif,Parchment,Void,Sparkly,None,Pearls,Moon
223,Shook'um #223,A looping sheet ghost from Halloween Shook'ums. Three bodies. One skeleton. One clock. Minted on Abstract.,223.gif,Parchment,Classic,Spooked,Flower,Chain,Potion
224,Shook'um #224,A looping sheet ghost from Halloween Shook'ums. Three bodies. One skeleton. One clock. Minted on Abstract.,224.gif,Dusk,Classic,Normal,Wizard,Chain,None
225,Shook'um #225,A looping sheet ghost from Halloween Shook'ums. Three bodies. One skeleton. One clock. Minted on Abstract.,225.gif,Midnight,Blush,Sad,Pumpkin,Collar,Broom
226,Shook'um #226,A looping sheet ghost from Halloween Shook'ums. Three bodies. One skeleton. One clock. Minted on Abstract.,226.gif,Pumpkin,Blush,Spooked,None,None,None
227,Shook'um #227,A looping sheet ghost from Halloween Shook'ums. Three bodies. One skeleton. One clock. Minted on Abstract.,227.gif,Candy,Void,Sleepy,Cat Ears,None,Pumpkin
228,Shook'um #228,A looping sheet ghost from Halloween Shook'ums. Three bodies. One skeleton. One clock. Minted on Abstract.,228.gif,Dusk,Classic,Wink,None,None,None
229,Shook'um #229,A looping sheet ghost from Halloween Shook'ums. Three bodies. One skeleton. One clock. Minted on Abstract.,229.gif,Parchment,Blush,Spooked,None,None,None
230,Shook'um #230,A looping sheet ghost from Halloween Shook'ums. Three bodies. One skeleton. One clock. Minted on Abstract.,230.gif,Parchment,Void,Spooked,Crown,None,Bat
231,Shook'um #231,A looping sheet ghost from Halloween Shook'ums. Three bodies. One skeleton. One clock. Minted on Abstract.,231.gif,Blood Moon,Classic,Angry,Bow,Pearls,Bat
232,Shook'um #232,A looping sheet ghost from Halloween Shook'ums. Three bodies. One skeleton. One clock. Minted on Abstract.,232.gif,Graveyard,Classic,Sad,Bow,Pearls,Candy Corn
233,Shook'um #233,A looping sheet ghost from Halloween Shook'ums. Three bodies. One skeleton. One clock. Minted on Abstract.,233.gif,Void,Classic,Angry,Pumpkin,None,None
234,Shook'um #234,A looping sheet ghost from Halloween Shook'ums. Three bodies. One skeleton. One clock. Minted on Abstract.,234.gif,Fog,Blush,Spooked,Party,Scarf,None
235,Shook'um #235,A looping sheet ghost from Halloween Shook'ums. Three bodies. One skeleton. One clock. Minted on Abstract.,235.gif,Candy,Classic,Normal,Wizard,Pearls,None
236,Shook'um #236,A looping sheet ghost from Halloween Shook'ums. Three bodies. One skeleton. One clock. Minted on Abstract.,236.gif,Dusk,Classic,Spooked,Wizard,Bowtie,None
237,Shook'um #237,A looping sheet ghost from Halloween Shook'ums. Three bodies. One skeleton. One clock. Minted on Abstract.,237.gif,Blush,Blush,Blep,Flower,Chain,None
238,Shook'um #238,A looping sheet ghost from Halloween Shook'ums. Three bodies. One skeleton. One clock. Minted on Abstract.,238.gif,Dusk,Blush,Sad,Cat Ears,Chain,Pumpkin
239,Shook'um #239,A looping sheet ghost from Halloween Shook'ums. Three bodies. One skeleton. One clock. Minted on Abstract.,239.gif,Parchment,Blush,Wink,Bow,Scarf,Candy
240,Shook'um #240,A looping sheet ghost from Halloween Shook'ums. Three bodies. One skeleton. One clock. Minted on Abstract.,240.gif,Graveyard,Classic,Normal,None,Collar,Candy Corn
241,Shook'um #241,A looping sheet ghost from Halloween Shook'ums. Three bodies. One skeleton. One clock. Minted on Abstract.,241.gif,Parchment,Classic,Wink,Cat Ears,Scarf,Candy
242,Shook'um #242,A looping sheet ghost from Halloween Shook'ums. Three bodies. One skeleton. One clock. Minted on Abstract.,242.gif,Parchment,Classic,Spooked,Witch,Scarf,Candy
243,Shook'um #243,A looping sheet ghost from Halloween Shook'ums. Three bodies. One skeleton. One clock. Minted on Abstract.,243.gif,Candy,Classic,Angry,Bow,None,None
244,Shook'um #244,A looping sheet ghost from Halloween Shook'ums. Three bodies. One skeleton. One clock. Minted on Abstract.,244.gif,Pumpkin,Blush,Blep,None,None,Potion
245,Shook'um #245,A looping sheet ghost from Halloween Shook'ums. Three bodies. One skeleton. One clock. Minted on Abstract.,245.gif,Fog,Classic,Wink,Cat Ears,None,None
246,Shook'um #246,A looping sheet ghost from Halloween Shook'ums. Three bodies. One skeleton. One clock. Minted on Abstract.,246.gif,Pumpkin,Blush,Sparkly,Witch,Scarf,Potion
247,Shook'um #247,A looping sheet ghost from Halloween Shook'ums. Three bodies. One skeleton. One clock. Minted on Abstract.,247.gif,Graveyard,Classic,Sleepy,Pumpkin,None,None
248,Shook'um #248,A looping sheet ghost from Halloween Shook'ums. Three bodies. One skeleton. One clock. Minted on Abstract.,248.gif,Candy,Blush,Sleepy,None,Chain,Pumpkin
249,Shook'um #249,A looping sheet ghost from Halloween Shook'ums. Three bodies. One skeleton. One clock. Minted on Abstract.,249.gif,Parchment,Classic,Spooked,None,Chain,Pumpkin
250,Shook'um #250,A looping sheet ghost from Halloween Shook'ums. Three bodies. One skeleton. One clock. Minted on Abstract.,250.gif,Candy,Classic,Heart,Witch,Cape,Moon
251,Shook'um #251,A looping sheet ghost from Halloween Shook'ums. Three bodies. One skeleton. One clock. Minted on Abstract.,251.gif,Dusk,Classic,Sparkly,Cat Ears,Pearls,Bat
252,Shook'um #252,A looping sheet ghost from Halloween Shook'ums. Three bodies. One skeleton. One clock. Minted on Abstract.,252.gif,Parchment,Void,Spooked,Bow,Scarf,None
253,Shook'um #253,A looping sheet ghost from Halloween Shook'ums. Three bodies. One skeleton. One clock. Minted on Abstract.,253.gif,Candy,Classic,Spooked,None,Chain,None
254,Shook'um #254,A looping sheet ghost from Halloween Shook'ums. Three bodies. One skeleton. One clock. Minted on Abstract.,254.gif,Candy,Blush,Blep,Pumpkin,Scarf,Potion
255,Shook'um #255,A looping sheet ghost from Halloween Shook'ums. Three bodies. One skeleton. One clock. Minted on Abstract.,255.gif,Blush,Classic,Sparkly,Wizard,None,None
256,Shook'um #256,A looping sheet ghost from Halloween Shook'ums. Three bodies. One skeleton. One clock. Minted on Abstract.,256.gif,Midnight,Classic,Angry,Flower,Collar,Pumpkin
257,Shook'um #257,A looping sheet ghost from Halloween Shook'ums. Three bodies. One skeleton. One clock. Minted on Abstract.,257.gif,Graveyard,Classic,Angry,Cat Ears,None,Candy
258,Shook'um #258,A looping sheet ghost from Halloween Shook'ums. Three bodies. One skeleton. One clock. Minted on Abstract.,258.gif,Midnight,Void,Wink,None,None,None
259,Shook'um #259,A looping sheet ghost from Halloween Shook'ums. Three bodies. One skeleton. One clock. Minted on Abstract.,259.gif,Pumpkin,Classic,Wink,Pumpkin,None,None
260,Shook'um #260,A looping sheet ghost from Halloween Shook'ums. Three bodies. One skeleton. One clock. Minted on Abstract.,260.gif,Parchment,Classic,Normal,Witch,Bowtie,None
261,Shook'um #261,A looping sheet ghost from Halloween Shook'ums. Three bodies. One skeleton. One clock. Minted on Abstract.,261.gif,Candy,Classic,Spooked,Cat Ears,Pearls,Moon
262,Shook'um #262,A looping sheet ghost from Halloween Shook'ums. Three bodies. One skeleton. One clock. Minted on Abstract.,262.gif,Pumpkin,Classic,Normal,Bow,None,None
263,Shook'um #263,A looping sheet ghost from Halloween Shook'ums. Three bodies. One skeleton. One clock. Minted on Abstract.,263.gif,Graveyard,Classic,Angry,None,None,Pumpkin
264,Shook'um #264,A looping sheet ghost from Halloween Shook'ums. Three bodies. One skeleton. One clock. Minted on Abstract.,264.gif,Parchment,Classic,Wink,Witch,Pearls,Candy
265,Shook'um #265,A looping sheet ghost from Halloween Shook'ums. Three bodies. One skeleton. One clock. Minted on Abstract.,265.gif,Fog,Classic,Sleepy,None,Pearls,Bat
266,Shook'um #266,A looping sheet ghost from Halloween Shook'ums. Three bodies. One skeleton. One clock. Minted on Abstract.,266.gif,Midnight,Classic,Spooked,Bow,None,Candy Corn
267,Shook'um #267,A looping sheet ghost from Halloween Shook'ums. Three bodies. One skeleton. One clock. Minted on Abstract.,267.gif,Blush,Classic,Angry,None,None,Candy
268,Shook'um #268,A looping sheet ghost from Halloween Shook'ums. Three bodies. One skeleton. One clock. Minted on Abstract.,268.gif,Pumpkin,Void,Wink,None,Bowtie,Pumpkin
269,Shook'um #269,A looping sheet ghost from Halloween Shook'ums. Three bodies. One skeleton. One clock. Minted on Abstract.,269.gif,Pumpkin,Blush,Normal,Party,Collar,Bat
270,Shook'um #270,A looping sheet ghost from Halloween Shook'ums. Three bodies. One skeleton. One clock. Minted on Abstract.,270.gif,Candy,Classic,Sparkly,None,None,Candy
271,Shook'um #271,A looping sheet ghost from Halloween Shook'ums. Three bodies. One skeleton. One clock. Minted on Abstract.,271.gif,Pumpkin,Blush,Normal,None,Collar,Candy Corn
272,Shook'um #272,A looping sheet ghost from Halloween Shook'ums. Three bodies. One skeleton. One clock. Minted on Abstract.,272.gif,Blood Moon,Classic,Blep,Witch,None,Moon
273,Shook'um #273,A looping sheet ghost from Halloween Shook'ums. Three bodies. One skeleton. One clock. Minted on Abstract.,273.gif,Fog,Blush,Sparkly,None,Pearls,None
274,Shook'um #274,A looping sheet ghost from Halloween Shook'ums. Three bodies. One skeleton. One clock. Minted on Abstract.,274.gif,Blush,Classic,Sparkly,Halo,Bowtie,Potion
275,Shook'um #275,A looping sheet ghost from Halloween Shook'ums. Three bodies. One skeleton. One clock. Minted on Abstract.,275.gif,Candy,Classic,Heart,Halo,None,Candy
276,Shook'um #276,A looping sheet ghost from Halloween Shook'ums. Three bodies. One skeleton. One clock. Minted on Abstract.,276.gif,Candy,Classic,Wink,None,Collar,None
277,Shook'um #277,A looping sheet ghost from Halloween Shook'ums. Three bodies. One skeleton. One clock. Minted on Abstract.,277.gif,Fog,Classic,Wink,Halo,Pearls,None
278,Shook'um #278,A looping sheet ghost from Halloween Shook'ums. Three bodies. One skeleton. One clock. Minted on Abstract.,278.gif,Parchment,Classic,Wink,Pumpkin,Pearls,Bat
279,Shook'um #279,A looping sheet ghost from Halloween Shook'ums. Three bodies. One skeleton. One clock. Minted on Abstract.,279.gif,Graveyard,Classic,Blep,Bow,None,Candy Corn
280,Shook'um #280,A looping sheet ghost from Halloween Shook'ums. Three bodies. One skeleton. One clock. Minted on Abstract.,280.gif,Candy,Void,Sleepy,Party,Pearls,Pumpkin
281,Shook'um #281,A looping sheet ghost from Halloween Shook'ums. Three bodies. One skeleton. One clock. Minted on Abstract.,281.gif,Graveyard,Blush,Normal,None,Chain,Broom
282,Shook'um #282,A looping sheet ghost from Halloween Shook'ums. Three bodies. One skeleton. One clock. Minted on Abstract.,282.gif,Void,Classic,Spooked,Halo,None,None
283,Shook'um #283,A looping sheet ghost from Halloween Shook'ums. Three bodies. One skeleton. One clock. Minted on Abstract.,283.gif,Blush,Blush,Sparkly,Witch,Scarf,Moon
284,Shook'um #284,A looping sheet ghost from Halloween Shook'ums. Three bodies. One skeleton. One clock. Minted on Abstract.,284.gif,Candy,Classic,Sparkly,None,Bowtie,None
285,Shook'um #285,A looping sheet ghost from Halloween Shook'ums. Three bodies. One skeleton. One clock. Minted on Abstract.,285.gif,Pumpkin,Void,Spooked,Bow,Pearls,None
286,Shook'um #286,A looping sheet ghost from Halloween Shook'ums. Three bodies. One skeleton. One clock. Minted on Abstract.,286.gif,Blood Moon,Classic,Sad,Witch,Collar,Bat
287,Shook'um #287,A looping sheet ghost from Halloween Shook'ums. Three bodies. One skeleton. One clock. Minted on Abstract.,287.gif,Blood Moon,Void,Wink,Flower,Scarf,None
288,Shook'um #288,A looping sheet ghost from Halloween Shook'ums. Three bodies. One skeleton. One clock. Minted on Abstract.,288.gif,Midnight,Void,Sleepy,Flower,None,None
289,Shook'um #289,A looping sheet ghost from Halloween Shook'ums. Three bodies. One skeleton. One clock. Minted on Abstract.,289.gif,Pumpkin,Blush,Angry,Pumpkin,None,None
290,Shook'um #290,A looping sheet ghost from Halloween Shook'ums. Three bodies. One skeleton. One clock. Minted on Abstract.,290.gif,Pumpkin,Classic,Sleepy,Pumpkin,Bowtie,Candy Corn
291,Shook'um #291,A looping sheet ghost from Halloween Shook'ums. Three bodies. One skeleton. One clock. Minted on Abstract.,291.gif,Blush,Blush,Spooked,None,Pearls,Bat
292,Shook'um #292,A looping sheet ghost from Halloween Shook'ums. Three bodies. One skeleton. One clock. Minted on Abstract.,292.gif,Parchment,Classic,Normal,Crown,Chain,Bat
293,Shook'um #293,A looping sheet ghost from Halloween Shook'ums. Three bodies. One skeleton. One clock. Minted on Abstract.,293.gif,Fog,Blush,Sparkly,None,None,Potion
294,Shook'um #294,A looping sheet ghost from Halloween Shook'ums. Three bodies. One skeleton. One clock. Minted on Abstract.,294.gif,Candy,Classic,Starry,Pumpkin,Collar,Pumpkin
295,Shook'um #295,A looping sheet ghost from Halloween Shook'ums. Three bodies. One skeleton. One clock. Minted on Abstract.,295.gif,Blood Moon,Blush,Normal,Witch,None,None
296,Shook'um #296,A looping sheet ghost from Halloween Shook'ums. Three bodies. One skeleton. One clock. Minted on Abstract.,296.gif,Midnight,Classic,Spooked,Flower,Cape,Candy
297,Shook'um #297,A looping sheet ghost from Halloween Shook'ums. Three bodies. One skeleton. One clock. Minted on Abstract.,297.gif,Blush,Classic,Spooked,Halo,None,Pumpkin
298,Shook'um #298,A looping sheet ghost from Halloween Shook'ums. Three bodies. One skeleton. One clock. Minted on Abstract.,298.gif,Midnight,Void,Starry,None,None,Pumpkin
299,Shook'um #299,A looping sheet ghost from Halloween Shook'ums. Three bodies. One skeleton. One clock. Minted on Abstract.,299.gif,Blush,Blush,Normal,Party,Bowtie,Candy Corn
300,Shook'um #300,A looping sheet ghost from Halloween Shook'ums. Three bodies. One skeleton. One clock. Minted on Abstract.,300.gif,Graveyard,Void,Blep,None,None,Bat
301,Shook'um #301,A looping sheet ghost from Halloween Shook'ums. Three bodies. One skeleton. One clock. Minted on Abstract.,301.gif,Void,Classic,Normal,Flower,None,Potion
302,Shook'um #302,A looping sheet ghost from Halloween Shook'ums. Three bodies. One skeleton. One clock. Minted on Abstract.,302.gif,Blood Moon,Void,Spooked,Pumpkin,Scarf,None
303,Shook'um #303,A looping sheet ghost from Halloween Shook'ums. Three bodies. One skeleton. One clock. Minted on Abstract.,303.gif,Pumpkin,Classic,Normal,None,None,Candy Corn
304,Shook'um #304,A looping sheet ghost from Halloween Shook'ums. Three bodies. One skeleton. One clock. Minted on Abstract.,304.gif,Midnight,Classic,Normal,None,None,None
305,Shook'um #305,A looping sheet ghost from Halloween Shook'ums. Three bodies. One skeleton. One clock. Minted on Abstract.,305.gif,Blush,Classic,Normal,None,Scarf,None
306,Shook'um #306,A looping sheet ghost from Halloween Shook'ums. Three bodies. One skeleton. One clock. Minted on Abstract.,306.gif,Parchment,Classic,Spooked,Party,None,None
307,Shook'um #307,A looping sheet ghost from Halloween Shook'ums. Three bodies. One skeleton. One clock. Minted on Abstract.,307.gif,Midnight,Void,Wink,None,Scarf,Pumpkin
308,Shook'um #308,A looping sheet ghost from Halloween Shook'ums. Three bodies. One skeleton. One clock. Minted on Abstract.,308.gif,Parchment,Classic,Spooked,None,Scarf,Candy Corn
309,Shook'um #309,A looping sheet ghost from Halloween Shook'ums. Three bodies. One skeleton. One clock. Minted on Abstract.,309.gif,Dusk,Blush,Sparkly,None,Scarf,None
310,Shook'um #310,A looping sheet ghost from Halloween Shook'ums. Three bodies. One skeleton. One clock. Minted on Abstract.,310.gif,Candy,Classic,Sparkly,Crown,Chain,Candy
311,Shook'um #311,A looping sheet ghost from Halloween Shook'ums. Three bodies. One skeleton. One clock. Minted on Abstract.,311.gif,Parchment,Classic,Wink,None,None,None
312,Shook'um #312,A looping sheet ghost from Halloween Shook'ums. Three bodies. One skeleton. One clock. Minted on Abstract.,312.gif,Dusk,Classic,Sleepy,None,Bowtie,Candy
313,Shook'um #313,A looping sheet ghost from Halloween Shook'ums. Three bodies. One skeleton. One clock. Minted on Abstract.,313.gif,Blush,Classic,Sleepy,Cat Ears,None,Pumpkin
314,Shook'um #314,A looping sheet ghost from Halloween Shook'ums. Three bodies. One skeleton. One clock. Minted on Abstract.,314.gif,Blush,Blush,Blep,Flower,None,None
315,Shook'um #315,A looping sheet ghost from Halloween Shook'ums. Three bodies. One skeleton. One clock. Minted on Abstract.,315.gif,Blush,Classic,Normal,Pumpkin,None,Potion
316,Shook'um #316,A looping sheet ghost from Halloween Shook'ums. Three bodies. One skeleton. One clock. Minted on Abstract.,316.gif,Pumpkin,Classic,Sleepy,None,Pearls,Candy
317,Shook'um #317,A looping sheet ghost from Halloween Shook'ums. Three bodies. One skeleton. One clock. Minted on Abstract.,317.gif,Pumpkin,Classic,Spooked,Party,Chain,Pumpkin
318,Shook'um #318,A looping sheet ghost from Halloween Shook'ums. Three bodies. One skeleton. One clock. Minted on Abstract.,318.gif,Fog,Void,Sleepy,Witch,Collar,None
319,Shook'um #319,A looping sheet ghost from Halloween Shook'ums. Three bodies. One skeleton. One clock. Minted on Abstract.,319.gif,Parchment,Classic,Sparkly,Halo,None,None
320,Shook'um #320,A looping sheet ghost from Halloween Shook'ums. Three bodies. One skeleton. One clock. Minted on Abstract.,320.gif,Blush,Blush,Wink,Witch,Chain,Bat
321,Shook'um #321,A looping sheet ghost from Halloween Shook'ums. Three bodies. One skeleton. One clock. Minted on Abstract.,321.gif,Graveyard,Blush,Sad,Cat Ears,None,None
322,Shook'um #322,A looping sheet ghost from Halloween Shook'ums. Three bodies. One skeleton. One clock. Minted on Abstract.,322.gif,Fog,Void,Wink,Cat Ears,None,Potion
323,Shook'um #323,A looping sheet ghost from Halloween Shook'ums. Three bodies. One skeleton. One clock. Minted on Abstract.,323.gif,Midnight,Classic,Angry,Party,Chain,None
324,Shook'um #324,A looping sheet ghost from Halloween Shook'ums. Three bodies. One skeleton. One clock. Minted on Abstract.,324.gif,Dusk,Blush,Spooked,Bow,Collar,None
325,Shook'um #325,A looping sheet ghost from Halloween Shook'ums. Three bodies. One skeleton. One clock. Minted on Abstract.,325.gif,Void,Classic,Sad,Witch,None,Candy
326,Shook'um #326,A looping sheet ghost from Halloween Shook'ums. Three bodies. One skeleton. One clock. Minted on Abstract.,326.gif,Pumpkin,Blush,Spooked,None,Bowtie,None
327,Shook'um #327,A looping sheet ghost from Halloween Shook'ums. Three bodies. One skeleton. One clock. Minted on Abstract.,327.gif,Candy,Void,Wink,Pumpkin,Chain,Broom
328,Shook'um #328,A looping sheet ghost from Halloween Shook'ums. Three bodies. One skeleton. One clock. Minted on Abstract.,328.gif,Blood Moon,Classic,Wink,None,Pearls,None
329,Shook'um #329,A looping sheet ghost from Halloween Shook'ums. Three bodies. One skeleton. One clock. Minted on Abstract.,329.gif,Blood Moon,Blush,Sparkly,Flower,Scarf,Candy
330,Shook'um #330,A looping sheet ghost from Halloween Shook'ums. Three bodies. One skeleton. One clock. Minted on Abstract.,330.gif,Candy,Classic,Sleepy,Crown,Cape,Candy
331,Shook'um #331,A looping sheet ghost from Halloween Shook'ums. Three bodies. One skeleton. One clock. Minted on Abstract.,331.gif,Blush,Classic,Spooked,Cat Ears,Chain,Candy Corn
332,Shook'um #332,A looping sheet ghost from Halloween Shook'ums. Three bodies. One skeleton. One clock. Minted on Abstract.,332.gif,Fog,Classic,Heart,Bow,Pearls,Candy
333,Shook'um #333,A looping sheet ghost from Halloween Shook'ums. Three bodies. One skeleton. One clock. Minted on Abstract.,333.gif,Fog,Classic,Wink,None,None,None
334,Shook'um #334,A looping sheet ghost from Halloween Shook'ums. Three bodies. One skeleton. One clock. Minted on Abstract.,334.gif,Midnight,Classic,Normal,Flower,Cape,Candy Corn
335,Shook'um #335,A looping sheet ghost from Halloween Shook'ums. Three bodies. One skeleton. One clock. Minted on Abstract.,335.gif,Midnight,Classic,Normal,Crown,Bowtie,None
336,Shook'um #336,A looping sheet ghost from Halloween Shook'ums. Three bodies. One skeleton. One clock. Minted on Abstract.,336.gif,Midnight,Classic,Sleepy,None,None,None
337,Shook'um #337,A looping sheet ghost from Halloween Shook'ums. Three bodies. One skeleton. One clock. Minted on Abstract.,337.gif,Midnight,Classic,Sleepy,Cat Ears,None,None
338,Shook'um #338,A looping sheet ghost from Halloween Shook'ums. Three bodies. One skeleton. One clock. Minted on Abstract.,338.gif,Parchment,Classic,Heart,Cat Ears,Collar,None
339,Shook'um #339,A looping sheet ghost from Halloween Shook'ums. Three bodies. One skeleton. One clock. Minted on Abstract.,339.gif,Pumpkin,Blush,Blep,Party,Pearls,Candy Corn
340,Shook'um #340,A looping sheet ghost from Halloween Shook'ums. Three bodies. One skeleton. One clock. Minted on Abstract.,340.gif,Graveyard,Classic,Normal,Party,Chain,Potion
341,Shook'um #341,A looping sheet ghost from Halloween Shook'ums. Three bodies. One skeleton. One clock. Minted on Abstract.,341.gif,Blush,Classic,Blep,Flower,Pearls,None
342,Shook'um #342,A looping sheet ghost from Halloween Shook'ums. Three bodies. One skeleton. One clock. Minted on Abstract.,342.gif,Midnight,Blush,Normal,None,Scarf,Broom
343,Shook'um #343,A looping sheet ghost from Halloween Shook'ums. Three bodies. One skeleton. One clock. Minted on Abstract.,343.gif,Candy,Classic,Wink,Witch,None,Candy
344,Shook'um #344,A looping sheet ghost from Halloween Shook'ums. Three bodies. One skeleton. One clock. Minted on Abstract.,344.gif,Candy,Classic,Wink,Witch,None,Candy Corn
345,Shook'um #345,A looping sheet ghost from Halloween Shook'ums. Three bodies. One skeleton. One clock. Minted on Abstract.,345.gif,Fog,Classic,Angry,Cat Ears,Bowtie,None
346,Shook'um #346,A looping sheet ghost from Halloween Shook'ums. Three bodies. One skeleton. One clock. Minted on Abstract.,346.gif,Blush,Blush,Spooked,None,Chain,Broom
347,Shook'um #347,A looping sheet ghost from Halloween Shook'ums. Three bodies. One skeleton. One clock. Minted on Abstract.,347.gif,Fog,Void,Normal,Cat Ears,Chain,Candy Corn
348,Shook'um #348,A looping sheet ghost from Halloween Shook'ums. Three bodies. One skeleton. One clock. Minted on Abstract.,348.gif,Graveyard,Classic,Sleepy,None,Chain,None
349,Shook'um #349,A looping sheet ghost from Halloween Shook'ums. Three bodies. One skeleton. One clock. Minted on Abstract.,349.gif,Midnight,Classic,Sparkly,Wizard,Collar,Pumpkin
350,Shook'um #350,A looping sheet ghost from Halloween Shook'ums. Three bodies. One skeleton. One clock. Minted on Abstract.,350.gif,Midnight,Void,Blep,None,Pearls,Pumpkin
351,Shook'um #351,A looping sheet ghost from Halloween Shook'ums. Three bodies. One skeleton. One clock. Minted on Abstract.,351.gif,Midnight,Blush,Spooked,Flower,Cape,Moon
352,Shook'um #352,A looping sheet ghost from Halloween Shook'ums. Three bodies. One skeleton. One clock. Minted on Abstract.,352.gif,Void,Classic,Normal,Witch,Pearls,Pumpkin
353,Shook'um #353,A looping sheet ghost from Halloween Shook'ums. Three bodies. One skeleton. One clock. Minted on Abstract.,353.gif,Graveyard,Classic,Normal,None,Bowtie,Candy
354,Shook'um #354,A looping sheet ghost from Halloween Shook'ums. Three bodies. One skeleton. One clock. Minted on Abstract.,354.gif,Pumpkin,Blush,Sleepy,Witch,Chain,Pumpkin
355,Shook'um #355,A looping sheet ghost from Halloween Shook'ums. Three bodies. One skeleton. One clock. Minted on Abstract.,355.gif,Blush,Blush,Sparkly,None,Pearls,Broom
356,Shook'um #356,A looping sheet ghost from Halloween Shook'ums. Three bodies. One skeleton. One clock. Minted on Abstract.,356.gif,Blush,Classic,Normal,Bow,Chain,Candy
357,Shook'um #357,A looping sheet ghost from Halloween Shook'ums. Three bodies. One skeleton. One clock. Minted on Abstract.,357.gif,Midnight,Blush,Sleepy,Wizard,Bowtie,Candy Corn
358,Shook'um #358,A looping sheet ghost from Halloween Shook'ums. Three bodies. One skeleton. One clock. Minted on Abstract.,358.gif,Fog,Void,Normal,Cat Ears,Bowtie,Broom
359,Shook'um #359,A looping sheet ghost from Halloween Shook'ums. Three bodies. One skeleton. One clock. Minted on Abstract.,359.gif,Blood Moon,Classic,Heart,None,Chain,Pumpkin
360,Shook'um #360,A looping sheet ghost from Halloween Shook'ums. Three bodies. One skeleton. One clock. Minted on Abstract.,360.gif,Blush,Classic,Normal,Bow,Collar,None
361,Shook'um #361,A looping sheet ghost from Halloween Shook'ums. Three bodies. One skeleton. One clock. Minted on Abstract.,361.gif,Pumpkin,Void,Normal,None,None,Candy
362,Shook'um #362,A looping sheet ghost from Halloween Shook'ums. Three bodies. One skeleton. One clock. Minted on Abstract.,362.gif,Dusk,Classic,Sad,Crown,None,Broom
363,Shook'um #363,A looping sheet ghost from Halloween Shook'ums. Three bodies. One skeleton. One clock. Minted on Abstract.,363.gif,Pumpkin,Classic,Spooked,Wizard,None,Moon
364,Shook'um #364,A looping sheet ghost from Halloween Shook'ums. Three bodies. One skeleton. One clock. Minted on Abstract.,364.gif,Fog,Blush,Sparkly,Wizard,Cape,Pumpkin
365,Shook'um #365,A looping sheet ghost from Halloween Shook'ums. Three bodies. One skeleton. One clock. Minted on Abstract.,365.gif,Dusk,Classic,Wink,Witch,Scarf,Moon
366,Shook'um #366,A looping sheet ghost from Halloween Shook'ums. Three bodies. One skeleton. One clock. Minted on Abstract.,366.gif,Blood Moon,Classic,Heart,None,None,Candy Corn
367,Shook'um #367,A looping sheet ghost from Halloween Shook'ums. Three bodies. One skeleton. One clock. Minted on Abstract.,367.gif,Graveyard,Classic,Blep,None,Chain,Broom
368,Shook'um #368,A looping sheet ghost from Halloween Shook'ums. Three bodies. One skeleton. One clock. Minted on Abstract.,368.gif,Pumpkin,Classic,Normal,None,None,Bat
369,Shook'um #369,A looping sheet ghost from Halloween Shook'ums. Three bodies. One skeleton. One clock. Minted on Abstract.,369.gif,Fog,Blush,Blep,Cat Ears,Pearls,Candy Corn
370,Shook'um #370,A looping sheet ghost from Halloween Shook'ums. Three bodies. One skeleton. One clock. Minted on Abstract.,370.gif,Fog,Void,Wink,Pumpkin,None,Potion
371,Shook'um #371,A looping sheet ghost from Halloween Shook'ums. Three bodies. One skeleton. One clock. Minted on Abstract.,371.gif,Parchment,Classic,Normal,Wizard,None,None
372,Shook'um #372,A looping sheet ghost from Halloween Shook'ums. Three bodies. One skeleton. One clock. Minted on Abstract.,372.gif,Candy,Classic,Normal,Flower,None,None
373,Shook'um #373,A looping sheet ghost from Halloween Shook'ums. Three bodies. One skeleton. One clock. Minted on Abstract.,373.gif,Void,Classic,Sleepy,None,Collar,Broom
374,Shook'um #374,A looping sheet ghost from Halloween Shook'ums. Three bodies. One skeleton. One clock. Minted on Abstract.,374.gif,Blood Moon,Classic,Blep,None,Chain,Potion
375,Shook'um #375,A looping sheet ghost from Halloween Shook'ums. Three bodies. One skeleton. One clock. Minted on Abstract.,375.gif,Blush,Blush,Angry,None,None,Bat
376,Shook'um #376,A looping sheet ghost from Halloween Shook'ums. Three bodies. One skeleton. One clock. Minted on Abstract.,376.gif,Blush,Classic,Normal,Flower,None,Broom
377,Shook'um #377,A looping sheet ghost from Halloween Shook'ums. Three bodies. One skeleton. One clock. Minted on Abstract.,377.gif,Midnight,Blush,Blep,Witch,Cape,Pumpkin
378,Shook'um #378,A looping sheet ghost from Halloween Shook'ums. Three bodies. One skeleton. One clock. Minted on Abstract.,378.gif,Parchment,Blush,Normal,Witch,Collar,None
379,Shook'um #379,A looping sheet ghost from Halloween Shook'ums. Three bodies. One skeleton. One clock. Minted on Abstract.,379.gif,Fog,Classic,Normal,Witch,Scarf,None
380,Shook'um #380,A looping sheet ghost from Halloween Shook'ums. Three bodies. One skeleton. One clock. Minted on Abstract.,380.gif,Graveyard,Void,Sleepy,Party,Scarf,Pumpkin
381,Shook'um #381,A looping sheet ghost from Halloween Shook'ums. Three bodies. One skeleton. One clock. Minted on Abstract.,381.gif,Parchment,Void,Sleepy,None,Bowtie,None
382,Shook'um #382,A looping sheet ghost from Halloween Shook'ums. Three bodies. One skeleton. One clock. Minted on Abstract.,382.gif,Dusk,Blush,Spooked,Witch,Scarf,None
383,Shook'um #383,A looping sheet ghost from Halloween Shook'ums. Three bodies. One skeleton. One clock. Minted on Abstract.,383.gif,Pumpkin,Void,Wink,Pumpkin,None,Broom
384,Shook'um #384,A looping sheet ghost from Halloween Shook'ums. Three bodies. One skeleton. One clock. Minted on Abstract.,384.gif,Parchment,Classic,Blep,Halo,None,Candy Corn
385,Shook'um #385,A looping sheet ghost from Halloween Shook'ums. Three bodies. One skeleton. One clock. Minted on Abstract.,385.gif,Pumpkin,Classic,Sparkly,Witch,Pearls,None
386,Shook'um #386,A looping sheet ghost from Halloween Shook'ums. Three bodies. One skeleton. One clock. Minted on Abstract.,386.gif,Candy,Blush,Sparkly,Witch,Bowtie,Candy
387,Shook'um #387,A looping sheet ghost from Halloween Shook'ums. Three bodies. One skeleton. One clock. Minted on Abstract.,387.gif,Fog,Blush,Normal,Cat Ears,Chain,None
388,Shook'um #388,A looping sheet ghost from Halloween Shook'ums. Three bodies. One skeleton. One clock. Minted on Abstract.,388.gif,Blood Moon,Classic,Blep,None,Pearls,Moon
389,Shook'um #389,A looping sheet ghost from Halloween Shook'ums. Three bodies. One skeleton. One clock. Minted on Abstract.,389.gif,Graveyard,Classic,Sad,Witch,Chain,Candy
390,Shook'um #390,A looping sheet ghost from Halloween Shook'ums. Three bodies. One skeleton. One clock. Minted on Abstract.,390.gif,Dusk,Void,Sparkly,Bow,Scarf,Moon
391,Shook'um #391,A looping sheet ghost from Halloween Shook'ums. Three bodies. One skeleton. One clock. Minted on Abstract.,391.gif,Midnight,Blush,Normal,Witch,Pearls,Broom
392,Shook'um #392,A looping sheet ghost from Halloween Shook'ums. Three bodies. One skeleton. One clock. Minted on Abstract.,392.gif,Blood Moon,Void,Sparkly,Cat Ears,Scarf,Candy
393,Shook'um #393,A looping sheet ghost from Halloween Shook'ums. Three bodies. One skeleton. One clock. Minted on Abstract.,393.gif,Pumpkin,Classic,Blep,Pumpkin,Cape,None
394,Shook'um #394,A looping sheet ghost from Halloween Shook'ums. Three bodies. One skeleton. One clock. Minted on Abstract.,394.gif,Midnight,Void,Sleepy,None,None,Candy
395,Shook'um #395,A looping sheet ghost from Halloween Shook'ums. Three bodies. One skeleton. One clock. Minted on Abstract.,395.gif,Midnight,Void,Sad,None,Bowtie,None
396,Shook'um #396,A looping sheet ghost from Halloween Shook'ums. Three bodies. One skeleton. One clock. Minted on Abstract.,396.gif,Parchment,Blush,Normal,None,Collar,Candy Corn
397,Shook'um #397,A looping sheet ghost from Halloween Shook'ums. Three bodies. One skeleton. One clock. Minted on Abstract.,397.gif,Dusk,Classic,Sparkly,Halo,None,None
398,Shook'um #398,A looping sheet ghost from Halloween Shook'ums. Three bodies. One skeleton. One clock. Minted on Abstract.,398.gif,Midnight,Blush,Wink,Wizard,None,None
399,Shook'um #399,A looping sheet ghost from Halloween Shook'ums. Three bodies. One skeleton. One clock. Minted on Abstract.,399.gif,Graveyard,Classic,Spooked,None,None,Potion
400,Shook'um #400,A looping sheet ghost from Halloween Shook'ums. Three bodies. One skeleton. One clock. Minted on Abstract.,400.gif,Dusk,Classic,Starry,Halo,Pearls,Pumpkin
401,Shook'um #401,A looping sheet ghost from Halloween Shook'ums. Three bodies. One skeleton. One clock. Minted on Abstract.,401.gif,Parchment,Blush,Spooked,Flower,None,None
402,Shook'um #402,A looping sheet ghost from Halloween Shook'ums. Three bodies. One skeleton. One clock. Minted on Abstract.,402.gif,Midnight,Classic,Spooked,Bow,None,None
403,Shook'um #403,A looping sheet ghost from Halloween Shook'ums. Three bodies. One skeleton. One clock. Minted on Abstract.,403.gif,Blood Moon,Classic,Spooked,None,Collar,Candy Corn
404,Shook'um #404,A looping sheet ghost from Halloween Shook'ums. Three bodies. One skeleton. One clock. Minted on Abstract.,404.gif,Midnight,Classic,Spooked,None,Collar,None
405,Shook'um #405,A looping sheet ghost from Halloween Shook'ums. Three bodies. One skeleton. One clock. Minted on Abstract.,405.gif,Midnight,Void,Spooked,Witch,None,Candy
406,Shook'um #406,A looping sheet ghost from Halloween Shook'ums. Three bodies. One skeleton. One clock. Minted on Abstract.,406.gif,Candy,Blush,Starry,Flower,None,Candy Corn
407,Shook'um #407,A looping sheet ghost from Halloween Shook'ums. Three bodies. One skeleton. One clock. Minted on Abstract.,407.gif,Midnight,Classic,Spooked,None,Pearls,Pumpkin
408,Shook'um #408,A looping sheet ghost from Halloween Shook'ums. Three bodies. One skeleton. One clock. Minted on Abstract.,408.gif,Fog,Classic,Starry,None,Cape,Moon
409,Shook'um #409,A looping sheet ghost from Halloween Shook'ums. Three bodies. One skeleton. One clock. Minted on Abstract.,409.gif,Void,Classic,Blep,None,None,Candy Corn
410,Shook'um #410,A looping sheet ghost from Halloween Shook'ums. Three bodies. One skeleton. One clock. Minted on Abstract.,410.gif,Dusk,Blush,Sleepy,None,None,Broom
411,Shook'um #411,A looping sheet ghost from Halloween Shook'ums. Three bodies. One skeleton. One clock. Minted on Abstract.,411.gif,Blush,Classic,Sleepy,Bow,None,Bat
412,Shook'um #412,A looping sheet ghost from Halloween Shook'ums. Three bodies. One skeleton. One clock. Minted on Abstract.,412.gif,Parchment,Blush,Starry,Cat Ears,Scarf,Pumpkin
413,Shook'um #413,A looping sheet ghost from Halloween Shook'ums. Three bodies. One skeleton. One clock. Minted on Abstract.,413.gif,Graveyard,Classic,Wink,Pumpkin,None,Candy
414,Shook'um #414,A looping sheet ghost from Halloween Shook'ums. Three bodies. One skeleton. One clock. Minted on Abstract.,414.gif,Blood Moon,Blush,Normal,None,Scarf,Broom
415,Shook'um #415,A looping sheet ghost from Halloween Shook'ums. Three bodies. One skeleton. One clock. Minted on Abstract.,415.gif,Void,Classic,Spooked,Party,Chain,None
416,Shook'um #416,A looping sheet ghost from Halloween Shook'ums. Three bodies. One skeleton. One clock. Minted on Abstract.,416.gif,Dusk,Void,Spooked,Party,None,Bat
417,Shook'um #417,A looping sheet ghost from Halloween Shook'ums. Three bodies. One skeleton. One clock. Minted on Abstract.,417.gif,Parchment,Blush,Starry,Bow,Bowtie,Candy
418,Shook'um #418,A looping sheet ghost from Halloween Shook'ums. Three bodies. One skeleton. One clock. Minted on Abstract.,418.gif,Midnight,Classic,Spooked,None,Scarf,Bat
419,Shook'um #419,A looping sheet ghost from Halloween Shook'ums. Three bodies. One skeleton. One clock. Minted on Abstract.,419.gif,Void,Classic,Wink,Bow,Collar,Moon
420,Shook'um #420,A looping sheet ghost from Halloween Shook'ums. Three bodies. One skeleton. One clock. Minted on Abstract.,420.gif,Blood Moon,Void,Wink,Cat Ears,Chain,Broom
421,Shook'um #421,A looping sheet ghost from Halloween Shook'ums. Three bodies. One skeleton. One clock. Minted on Abstract.,421.gif,Midnight,Classic,Spooked,Pumpkin,Chain,None
422,Shook'um #422,A looping sheet ghost from Halloween Shook'ums. Three bodies. One skeleton. One clock. Minted on Abstract.,422.gif,Midnight,Classic,Sparkly,Bow,Pearls,None
423,Shook'um #423,A looping sheet ghost from Halloween Shook'ums. Three bodies. One skeleton. One clock. Minted on Abstract.,423.gif,Blush,Classic,Wink,Bow,None,Candy
424,Shook'um #424,A looping sheet ghost from Halloween Shook'ums. Three bodies. One skeleton. One clock. Minted on Abstract.,424.gif,Void,Void,Wink,Party,Pearls,Potion
425,Shook'um #425,A looping sheet ghost from Halloween Shook'ums. Three bodies. One skeleton. One clock. Minted on Abstract.,425.gif,Fog,Classic,Blep,Witch,Bowtie,Moon
426,Shook'um #426,A looping sheet ghost from Halloween Shook'ums. Three bodies. One skeleton. One clock. Minted on Abstract.,426.gif,Blood Moon,Blush,Spooked,Pumpkin,Scarf,Bat
427,Shook'um #427,A looping sheet ghost from Halloween Shook'ums. Three bodies. One skeleton. One clock. Minted on Abstract.,427.gif,Parchment,Classic,Spooked,Party,Cape,Pumpkin
428,Shook'um #428,A looping sheet ghost from Halloween Shook'ums. Three bodies. One skeleton. One clock. Minted on Abstract.,428.gif,Parchment,Classic,Sleepy,Bow,Collar,Broom
429,Shook'um #429,A looping sheet ghost from Halloween Shook'ums. Three bodies. One skeleton. One clock. Minted on Abstract.,429.gif,Midnight,Classic,Wink,Crown,Chain,Candy
430,Shook'um #430,A looping sheet ghost from Halloween Shook'ums. Three bodies. One skeleton. One clock. Minted on Abstract.,430.gif,Fog,Classic,Heart,Pumpkin,Scarf,Pumpkin
431,Shook'um #431,A looping sheet ghost from Halloween Shook'ums. Three bodies. One skeleton. One clock. Minted on Abstract.,431.gif,Graveyard,Classic,Spooked,None,Scarf,Candy
432,Shook'um #432,A looping sheet ghost from Halloween Shook'ums. Three bodies. One skeleton. One clock. Minted on Abstract.,432.gif,Midnight,Classic,Spooked,Bow,None,Bat
433,Shook'um #433,A looping sheet ghost from Halloween Shook'ums. Three bodies. One skeleton. One clock. Minted on Abstract.,433.gif,Midnight,Classic,Wink,Halo,Chain,Candy
434,Shook'um #434,A looping sheet ghost from Halloween Shook'ums. Three bodies. One skeleton. One clock. Minted on Abstract.,434.gif,Fog,Blush,Normal,None,Bowtie,Candy
435,Shook'um #435,A looping sheet ghost from Halloween Shook'ums. Three bodies. One skeleton. One clock. Minted on Abstract.,435.gif,Midnight,Classic,Sleepy,Bow,Pearls,Moon
436,Shook'um #436,A looping sheet ghost from Halloween Shook'ums. Three bodies. One skeleton. One clock. Minted on Abstract.,436.gif,Blush,Blush,Sleepy,Cat Ears,Chain,Candy
437,Shook'um #437,A looping sheet ghost from Halloween Shook'ums. Three bodies. One skeleton. One clock. Minted on Abstract.,437.gif,Pumpkin,Blush,Angry,Cat Ears,None,Pumpkin
438,Shook'um #438,A looping sheet ghost from Halloween Shook'ums. Three bodies. One skeleton. One clock. Minted on Abstract.,438.gif,Graveyard,Blush,Sleepy,Party,None,None
439,Shook'um #439,A looping sheet ghost from Halloween Shook'ums. Three bodies. One skeleton. One clock. Minted on Abstract.,439.gif,Fog,Classic,Wink,Wizard,Cape,Bat
440,Shook'um #440,A looping sheet ghost from Halloween Shook'ums. Three bodies. One skeleton. One clock. Minted on Abstract.,440.gif,Blush,Void,Sleepy,None,None,Pumpkin
441,Shook'um #441,A looping sheet ghost from Halloween Shook'ums. Three bodies. One skeleton. One clock. Minted on Abstract.,441.gif,Parchment,Void,Sleepy,Witch,None,None
442,Shook'um #442,A looping sheet ghost from Halloween Shook'ums. Three bodies. One skeleton. One clock. Minted on Abstract.,442.gif,Pumpkin,Blush,Spooked,Bow,None,Pumpkin
443,Shook'um #443,A looping sheet ghost from Halloween Shook'ums. Three bodies. One skeleton. One clock. Minted on Abstract.,443.gif,Candy,Classic,Normal,None,Chain,None
444,Shook'um #444,A looping sheet ghost from Halloween Shook'ums. Three bodies. One skeleton. One clock. Minted on Abstract.,444.gif,Midnight,Classic,Starry,None,Collar,Candy
445,Shook'um #445,A looping sheet ghost from Halloween Shook'ums. Three bodies. One skeleton. One clock. Minted on Abstract.,445.gif,Candy,Classic,Spooked,Pumpkin,Scarf,None
446,Shook'um #446,A looping sheet ghost from Halloween Shook'ums. Three bodies. One skeleton. One clock. Minted on Abstract.,446.gif,Midnight,Classic,Starry,Cat Ears,None,Bat
447,Shook'um #447,A looping sheet ghost from Halloween Shook'ums. Three bodies. One skeleton. One clock. Minted on Abstract.,447.gif,Graveyard,Blush,Sleepy,None,None,None
448,Shook'um #448,A looping sheet ghost from Halloween Shook'ums. Three bodies. One skeleton. One clock. Minted on Abstract.,448.gif,Fog,Void,Heart,Pumpkin,Collar,Pumpkin
449,Shook'um #449,A looping sheet ghost from Halloween Shook'ums. Three bodies. One skeleton. One clock. Minted on Abstract.,449.gif,Graveyard,Classic,Wink,None,None,None
450,Shook'um #450,A looping sheet ghost from Halloween Shook'ums. Three bodies. One skeleton. One clock. Minted on Abstract.,450.gif,Dusk,Classic,Heart,Flower,Collar,Broom
451,Shook'um #451,A looping sheet ghost from Halloween Shook'ums. Three bodies. One skeleton. One clock. Minted on Abstract.,451.gif,Void,Classic,Sparkly,Witch,Chain,Broom
452,Shook'um #452,A looping sheet ghost from Halloween Shook'ums. Three bodies. One skeleton. One clock. Minted on Abstract.,452.gif,Parchment,Void,Blep,Party,Bowtie,None
453,Shook'um #453,A looping sheet ghost from Halloween Shook'ums. Three bodies. One skeleton. One clock. Minted on Abstract.,453.gif,Pumpkin,Classic,Heart,None,Cape,Pumpkin
454,Shook'um #454,A looping sheet ghost from Halloween Shook'ums. Three bodies. One skeleton. One clock. Minted on Abstract.,454.gif,Blush,Blush,Angry,Flower,Scarf,None
455,Shook'um #455,A looping sheet ghost from Halloween Shook'ums. Three bodies. One skeleton. One clock. Minted on Abstract.,455.gif,Blood Moon,Classic,Heart,Witch,Scarf,Pumpkin
456,Shook'um #456,A looping sheet ghost from Halloween Shook'ums. Three bodies. One skeleton. One clock. Minted on Abstract.,456.gif,Parchment,Blush,Angry,Party,Collar,None
457,Shook'um #457,A looping sheet ghost from Halloween Shook'ums. Three bodies. One skeleton. One clock. Minted on Abstract.,457.gif,Blush,Classic,Angry,Cat Ears,Bowtie,None
458,Shook'um #458,A looping sheet ghost from Halloween Shook'ums. Three bodies. One skeleton. One clock. Minted on Abstract.,458.gif,Candy,Classic,Sad,Flower,Cape,Bat
459,Shook'um #459,A looping sheet ghost from Halloween Shook'ums. Three bodies. One skeleton. One clock. Minted on Abstract.,459.gif,Blush,Classic,Normal,Wizard,None,Candy Corn
460,Shook'um #460,A looping sheet ghost from Halloween Shook'ums. Three bodies. One skeleton. One clock. Minted on Abstract.,460.gif,Midnight,Classic,Angry,Witch,Scarf,None
461,Shook'um #461,A looping sheet ghost from Halloween Shook'ums. Three bodies. One skeleton. One clock. Minted on Abstract.,461.gif,Fog,Classic,Blep,Flower,Scarf,Bat
462,Shook'um #462,A looping sheet ghost from Halloween Shook'ums. Three bodies. One skeleton. One clock. Minted on Abstract.,462.gif,Midnight,Classic,Blep,Witch,Pearls,Bat
463,Shook'um #463,A looping sheet ghost from Halloween Shook'ums. Three bodies. One skeleton. One clock. Minted on Abstract.,463.gif,Fog,Void,Normal,Flower,Bowtie,Potion
464,Shook'um #464,A looping sheet ghost from Halloween Shook'ums. Three bodies. One skeleton. One clock. Minted on Abstract.,464.gif,Graveyard,Classic,Wink,Witch,Chain,Bat
465,Shook'um #465,A looping sheet ghost from Halloween Shook'ums. Three bodies. One skeleton. One clock. Minted on Abstract.,465.gif,Pumpkin,Void,Sleepy,Witch,Pearls,Broom
466,Shook'um #466,A looping sheet ghost from Halloween Shook'ums. Three bodies. One skeleton. One clock. Minted on Abstract.,466.gif,Candy,Classic,Sad,Flower,None,Broom
467,Shook'um #467,A looping sheet ghost from Halloween Shook'ums. Three bodies. One skeleton. One clock. Minted on Abstract.,467.gif,Midnight,Void,Normal,Bow,Bowtie,Moon
468,Shook'um #468,A looping sheet ghost from Halloween Shook'ums. Three bodies. One skeleton. One clock. Minted on Abstract.,468.gif,Pumpkin,Blush,Normal,Wizard,None,Moon
469,Shook'um #469,A looping sheet ghost from Halloween Shook'ums. Three bodies. One skeleton. One clock. Minted on Abstract.,469.gif,Parchment,Blush,Normal,Wizard,Bowtie,Pumpkin
470,Shook'um #470,A looping sheet ghost from Halloween Shook'ums. Three bodies. One skeleton. One clock. Minted on Abstract.,470.gif,Fog,Void,Spooked,None,Pearls,None
471,Shook'um #471,A looping sheet ghost from Halloween Shook'ums. Three bodies. One skeleton. One clock. Minted on Abstract.,471.gif,Fog,Blush,Angry,Flower,Pearls,None
472,Shook'um #472,A looping sheet ghost from Halloween Shook'ums. Three bodies. One skeleton. One clock. Minted on Abstract.,472.gif,Pumpkin,Classic,Normal,Cat Ears,Scarf,Moon
473,Shook'um #473,A looping sheet ghost from Halloween Shook'ums. Three bodies. One skeleton. One clock. Minted on Abstract.,473.gif,Fog,Classic,Sparkly,Flower,Collar,Potion
474,Shook'um #474,A looping sheet ghost from Halloween Shook'ums. Three bodies. One skeleton. One clock. Minted on Abstract.,474.gif,Fog,Classic,Spooked,Cat Ears,Scarf,Candy
475,Shook'um #475,A looping sheet ghost from Halloween Shook'ums. Three bodies. One skeleton. One clock. Minted on Abstract.,475.gif,Blood Moon,Blush,Normal,Cat Ears,None,Pumpkin
476,Shook'um #476,A looping sheet ghost from Halloween Shook'ums. Three bodies. One skeleton. One clock. Minted on Abstract.,476.gif,Dusk,Classic,Spooked,Flower,Bowtie,Moon
477,Shook'um #477,A looping sheet ghost from Halloween Shook'ums. Three bodies. One skeleton. One clock. Minted on Abstract.,477.gif,Blood Moon,Classic,Angry,None,Chain,Moon
478,Shook'um #478,A looping sheet ghost from Halloween Shook'ums. Three bodies. One skeleton. One clock. Minted on Abstract.,478.gif,Parchment,Classic,Angry,Halo,Cape,Candy
479,Shook'um #479,A looping sheet ghost from Halloween Shook'ums. Three bodies. One skeleton. One clock. Minted on Abstract.,479.gif,Graveyard,Blush,Sparkly,None,None,Broom
480,Shook'um #480,A looping sheet ghost from Halloween Shook'ums. Three bodies. One skeleton. One clock. Minted on Abstract.,480.gif,Fog,Void,Spooked,None,None,None
481,Shook'um #481,A looping sheet ghost from Halloween Shook'ums. Three bodies. One skeleton. One clock. Minted on Abstract.,481.gif,Midnight,Classic,Wink,Pumpkin,Chain,Broom
482,Shook'um #482,A looping sheet ghost from Halloween Shook'ums. Three bodies. One skeleton. One clock. Minted on Abstract.,482.gif,Midnight,Classic,Wink,Cat Ears,Scarf,Candy
483,Shook'um #483,A looping sheet ghost from Halloween Shook'ums. Three bodies. One skeleton. One clock. Minted on Abstract.,483.gif,Pumpkin,Classic,Spooked,None,Pearls,None
484,Shook'um #484,A looping sheet ghost from Halloween Shook'ums. Three bodies. One skeleton. One clock. Minted on Abstract.,484.gif,Parchment,Classic,Wink,Wizard,Pearls,Potion
485,Shook'um #485,A looping sheet ghost from Halloween Shook'ums. Three bodies. One skeleton. One clock. Minted on Abstract.,485.gif,Candy,Classic,Normal,Bow,Collar,Potion
486,Shook'um #486,A looping sheet ghost from Halloween Shook'ums. Three bodies. One skeleton. One clock. Minted on Abstract.,486.gif,Pumpkin,Blush,Spooked,Pumpkin,None,None
487,Shook'um #487,A looping sheet ghost from Halloween Shook'ums. Three bodies. One skeleton. One clock. Minted on Abstract.,487.gif,Dusk,Blush,Sleepy,Party,None,Potion
488,Shook'um #488,A looping sheet ghost from Halloween Shook'ums. Three bodies. One skeleton. One clock. Minted on Abstract.,488.gif,Pumpkin,Void,Spooked,None,None,None
489,Shook'um #489,A looping sheet ghost from Halloween Shook'ums. Three bodies. One skeleton. One clock. Minted on Abstract.,489.gif,Fog,Blush,Angry,None,Scarf,None
490,Shook'um #490,A looping sheet ghost from Halloween Shook'ums. Three bodies. One skeleton. One clock. Minted on Abstract.,490.gif,Midnight,Classic,Sleepy,Cat Ears,None,Pumpkin
491,Shook'um #491,A looping sheet ghost from Halloween Shook'ums. Three bodies. One skeleton. One clock. Minted on Abstract.,491.gif,Parchment,Void,Sparkly,Wizard,Chain,Pumpkin
492,Shook'um #492,A looping sheet ghost from Halloween Shook'ums. Three bodies. One skeleton. One clock. Minted on Abstract.,492.gif,Midnight,Classic,Sparkly,Bow,Bowtie,Bat
493,Shook'um #493,A looping sheet ghost from Halloween Shook'ums. Three bodies. One skeleton. One clock. Minted on Abstract.,493.gif,Pumpkin,Classic,Angry,Crown,Bowtie,Bat
494,Shook'um #494,A looping sheet ghost from Halloween Shook'ums. Three bodies. One skeleton. One clock. Minted on Abstract.,494.gif,Blush,Void,Wink,Cat Ears,None,Pumpkin
495,Shook'um #495,A looping sheet ghost from Halloween Shook'ums. Three bodies. One skeleton. One clock. Minted on Abstract.,495.gif,Blush,Void,Normal,Witch,Scarf,Candy
496,Shook'um #496,A looping sheet ghost from Halloween Shook'ums. Three bodies. One skeleton. One clock. Minted on Abstract.,496.gif,Pumpkin,Classic,Sleepy,Party,Collar,None
497,Shook'um #497,A looping sheet ghost from Halloween Shook'ums. Three bodies. One skeleton. One clock. Minted on Abstract.,497.gif,Blush,Void,Spooked,Pumpkin,Cape,None
498,Shook'um #498,A looping sheet ghost from Halloween Shook'ums. Three bodies. One skeleton. One clock. Minted on Abstract.,498.gif,Blush,Void,Wink,Cat Ears,None,None
499,Shook'um #499,A looping sheet ghost from Halloween Shook'ums. Three bodies. One skeleton. One clock. Minted on Abstract.,499.gif,Fog,Classic,Spooked,None,Pearls,Bat
500,Shook'um #500,A looping sheet ghost from Halloween Shook'ums. Three bodies. One skeleton. One clock. Minted on Abstract.,500.gif,Pumpkin,Void,Sad,None,Scarf,Bat
501,Shook'um #501,A looping sheet ghost from Halloween Shook'ums. Three bodies. One skeleton. One clock. Minted on Abstract.,501.gif,Dusk,Classic,Normal,Cat Ears,Bowtie,Pumpkin
502,Shook'um #502,A looping sheet ghost from Halloween Shook'ums. Three bodies. One skeleton. One clock. Minted on Abstract.,502.gif,Blush,Classic,Normal,Halo,Cape,Candy Corn
503,Shook'um #503,A looping sheet ghost from Halloween Shook'ums. Three bodies. One skeleton. One clock. Minted on Abstract.,503.gif,Void,Classic,Sparkly,Cat Ears,Collar,Moon
504,Shook'um #504,A looping sheet ghost from Halloween Shook'ums. Three bodies. One skeleton. One clock. Minted on Abstract.,504.gif,Blush,Blush,Sparkly,Cat Ears,None,None
505,Shook'um #505,A looping sheet ghost from Halloween Shook'ums. Three bodies. One skeleton. One clock. Minted on Abstract.,505.gif,Graveyard,Classic,Normal,Halo,Scarf,Candy
506,Shook'um #506,A looping sheet ghost from Halloween Shook'ums. Three bodies. One skeleton. One clock. Minted on Abstract.,506.gif,Parchment,Classic,Spooked,Bow,Chain,Bat
507,Shook'um #507,A looping sheet ghost from Halloween Shook'ums. Three bodies. One skeleton. One clock. Minted on Abstract.,507.gif,Pumpkin,Void,Sparkly,None,None,Pumpkin
508,Shook'um #508,A looping sheet ghost from Halloween Shook'ums. Three bodies. One skeleton. One clock. Minted on Abstract.,508.gif,Pumpkin,Classic,Wink,Crown,Chain,Pumpkin
509,Shook'um #509,A looping sheet ghost from Halloween Shook'ums. Three bodies. One skeleton. One clock. Minted on Abstract.,509.gif,Blush,Classic,Normal,Crown,Bowtie,Broom
510,Shook'um #510,A looping sheet ghost from Halloween Shook'ums. Three bodies. One skeleton. One clock. Minted on Abstract.,510.gif,Parchment,Blush,Sleepy,Wizard,Pearls,Pumpkin
511,Shook'um #511,A looping sheet ghost from Halloween Shook'ums. Three bodies. One skeleton. One clock. Minted on Abstract.,511.gif,Midnight,Classic,Normal,Pumpkin,Pearls,Pumpkin
512,Shook'um #512,A looping sheet ghost from Halloween Shook'ums. Three bodies. One skeleton. One clock. Minted on Abstract.,512.gif,Graveyard,Void,Normal,Witch,None,Pumpkin
513,Shook'um #513,A looping sheet ghost from Halloween Shook'ums. Three bodies. One skeleton. One clock. Minted on Abstract.,513.gif,Blush,Blush,Normal,Witch,None,None
514,Shook'um #514,A looping sheet ghost from Halloween Shook'ums. Three bodies. One skeleton. One clock. Minted on Abstract.,514.gif,Dusk,Classic,Wink,Bow,Chain,Candy
515,Shook'um #515,A looping sheet ghost from Halloween Shook'ums. Three bodies. One skeleton. One clock. Minted on Abstract.,515.gif,Pumpkin,Classic,Wink,Flower,Cape,None
516,Shook'um #516,A looping sheet ghost from Halloween Shook'ums. Three bodies. One skeleton. One clock. Minted on Abstract.,516.gif,Pumpkin,Void,Normal,Bow,None,Moon
517,Shook'um #517,A looping sheet ghost from Halloween Shook'ums. Three bodies. One skeleton. One clock. Minted on Abstract.,517.gif,Pumpkin,Classic,Heart,Flower,Cape,Broom
518,Shook'um #518,A looping sheet ghost from Halloween Shook'ums. Three bodies. One skeleton. One clock. Minted on Abstract.,518.gif,Pumpkin,Blush,Wink,Flower,Scarf,None
519,Shook'um #519,A looping sheet ghost from Halloween Shook'ums. Three bodies. One skeleton. One clock. Minted on Abstract.,519.gif,Blush,Classic,Wink,Witch,Scarf,Broom
520,Shook'um #520,A looping sheet ghost from Halloween Shook'ums. Three bodies. One skeleton. One clock. Minted on Abstract.,520.gif,Pumpkin,Blush,Heart,None,None,Candy Corn
521,Shook'um #521,A looping sheet ghost from Halloween Shook'ums. Three bodies. One skeleton. One clock. Minted on Abstract.,521.gif,Pumpkin,Blush,Sleepy,Halo,Cape,Pumpkin
522,Shook'um #522,A looping sheet ghost from Halloween Shook'ums. Three bodies. One skeleton. One clock. Minted on Abstract.,522.gif,Midnight,Blush,Sparkly,Halo,Bowtie,Pumpkin
523,Shook'um #523,A looping sheet ghost from Halloween Shook'ums. Three bodies. One skeleton. One clock. Minted on Abstract.,523.gif,Pumpkin,Blush,Normal,None,Chain,Candy
524,Shook'um #524,A looping sheet ghost from Halloween Shook'ums. Three bodies. One skeleton. One clock. Minted on Abstract.,524.gif,Pumpkin,Blush,Angry,None,Cape,Potion
525,Shook'um #525,A looping sheet ghost from Halloween Shook'ums. Three bodies. One skeleton. One clock. Minted on Abstract.,525.gif,Candy,Blush,Angry,Pumpkin,Bowtie,None
526,Shook'um #526,A looping sheet ghost from Halloween Shook'ums. Three bodies. One skeleton. One clock. Minted on Abstract.,526.gif,Pumpkin,Blush,Normal,Pumpkin,Bowtie,Pumpkin
527,Shook'um #527,A looping sheet ghost from Halloween Shook'ums. Three bodies. One skeleton. One clock. Minted on Abstract.,527.gif,Void,Classic,Spooked,Pumpkin,Scarf,Candy Corn
528,Shook'um #528,A looping sheet ghost from Halloween Shook'ums. Three bodies. One skeleton. One clock. Minted on Abstract.,528.gif,Parchment,Classic,Blep,Witch,None,None
529,Shook'um #529,A looping sheet ghost from Halloween Shook'ums. Three bodies. One skeleton. One clock. Minted on Abstract.,529.gif,Fog,Classic,Angry,None,Scarf,Pumpkin
530,Shook'um #530,A looping sheet ghost from Halloween Shook'ums. Three bodies. One skeleton. One clock. Minted on Abstract.,530.gif,Blood Moon,Classic,Spooked,None,Bowtie,None
531,Shook'um #531,A looping sheet ghost from Halloween Shook'ums. Three bodies. One skeleton. One clock. Minted on Abstract.,531.gif,Blood Moon,Classic,Heart,Wizard,None,None
532,Shook'um #532,A looping sheet ghost from Halloween Shook'ums. Three bodies. One skeleton. One clock. Minted on Abstract.,532.gif,Candy,Blush,Normal,Witch,Bowtie,Moon
533,Shook'um #533,A looping sheet ghost from Halloween Shook'ums. Three bodies. One skeleton. One clock. Minted on Abstract.,533.gif,Midnight,Blush,Wink,Crown,Chain,Pumpkin
534,Shook'um #534,A looping sheet ghost from Halloween Shook'ums. Three bodies. One skeleton. One clock. Minted on Abstract.,534.gif,Candy,Classic,Sad,Bow,Scarf,None
535,Shook'um #535,A looping sheet ghost from Halloween Shook'ums. Three bodies. One skeleton. One clock. Minted on Abstract.,535.gif,Graveyard,Classic,Heart,Crown,Chain,None
536,Shook'um #536,A looping sheet ghost from Halloween Shook'ums. Three bodies. One skeleton. One clock. Minted on Abstract.,536.gif,Blush,Blush,Sleepy,Wizard,Pearls,Candy Corn
537,Shook'um #537,A looping sheet ghost from Halloween Shook'ums. Three bodies. One skeleton. One clock. Minted on Abstract.,537.gif,Midnight,Void,Sleepy,None,Scarf,None
538,Shook'um #538,A looping sheet ghost from Halloween Shook'ums. Three bodies. One skeleton. One clock. Minted on Abstract.,538.gif,Pumpkin,Classic,Normal,Pumpkin,Cape,Potion
539,Shook'um #539,A looping sheet ghost from Halloween Shook'ums. Three bodies. One skeleton. One clock. Minted on Abstract.,539.gif,Pumpkin,Classic,Spooked,Bow,None,Bat
540,Shook'um #540,A looping sheet ghost from Halloween Shook'ums. Three bodies. One skeleton. One clock. Minted on Abstract.,540.gif,Parchment,Blush,Angry,Halo,Bowtie,Moon
541,Shook'um #541,A looping sheet ghost from Halloween Shook'ums. Three bodies. One skeleton. One clock. Minted on Abstract.,541.gif,Void,Classic,Angry,Cat Ears,Scarf,None
542,Shook'um #542,A looping sheet ghost from Halloween Shook'ums. Three bodies. One skeleton. One clock. Minted on Abstract.,542.gif,Parchment,Void,Sleepy,Pumpkin,None,None
543,Shook'um #543,A looping sheet ghost from Halloween Shook'ums. Three bodies. One skeleton. One clock. Minted on Abstract.,543.gif,Midnight,Blush,Normal,Bow,Scarf,Potion
544,Shook'um #544,A looping sheet ghost from Halloween Shook'ums. Three bodies. One skeleton. One clock. Minted on Abstract.,544.gif,Pumpkin,Classic,Spooked,Wizard,Bowtie,Candy Corn
545,Shook'um #545,A looping sheet ghost from Halloween Shook'ums. Three bodies. One skeleton. One clock. Minted on Abstract.,545.gif,Blush,Classic,Blep,None,None,Candy Corn
546,Shook'um #546,A looping sheet ghost from Halloween Shook'ums. Three bodies. One skeleton. One clock. Minted on Abstract.,546.gif,Parchment,Classic,Blep,Witch,None,Moon
547,Shook'um #547,A looping sheet ghost from Halloween Shook'ums. Three bodies. One skeleton. One clock. Minted on Abstract.,547.gif,Parchment,Classic,Spooked,Wizard,None,Pumpkin
548,Shook'um #548,A looping sheet ghost from Halloween Shook'ums. Three bodies. One skeleton. One clock. Minted on Abstract.,548.gif,Parchment,Blush,Normal,Flower,None,Bat
549,Shook'um #549,A looping sheet ghost from Halloween Shook'ums. Three bodies. One skeleton. One clock. Minted on Abstract.,549.gif,Parchment,Void,Normal,Party,Scarf,None
550,Shook'um #550,A looping sheet ghost from Halloween Shook'ums. Three bodies. One skeleton. One clock. Minted on Abstract.,550.gif,Pumpkin,Classic,Starry,None,Scarf,Bat
551,Shook'um #551,A looping sheet ghost from Halloween Shook'ums. Three bodies. One skeleton. One clock. Minted on Abstract.,551.gif,Graveyard,Classic,Blep,Wizard,None,Moon
552,Shook'um #552,A looping sheet ghost from Halloween Shook'ums. Three bodies. One skeleton. One clock. Minted on Abstract.,552.gif,Void,Blush,Sparkly,None,Pearls,Pumpkin
553,Shook'um #553,A looping sheet ghost from Halloween Shook'ums. Three bodies. One skeleton. One clock. Minted on Abstract.,553.gif,Fog,Blush,Wink,Party,Chain,None
554,Shook'um #554,A looping sheet ghost from Halloween Shook'ums. Three bodies. One skeleton. One clock. Minted on Abstract.,554.gif,Parchment,Void,Sleepy,Bow,Pearls,None
555,Shook'um #555,A looping sheet ghost from Halloween Shook'ums. Three bodies. One skeleton. One clock. Minted on Abstract.,555.gif,Candy,Classic,Sleepy,Flower,None,None
556,Shook'um #556,A looping sheet ghost from Halloween Shook'ums. Three bodies. One skeleton. One clock. Minted on Abstract.,556.gif,Candy,Classic,Starry,Witch,Pearls,Pumpkin
557,Shook'um #557,A looping sheet ghost from Halloween Shook'ums. Three bodies. One skeleton. One clock. Minted on Abstract.,557.gif,Fog,Classic,Starry,None,Cape,None
558,Shook'um #558,A looping sheet ghost from Halloween Shook'ums. Three bodies. One skeleton. One clock. Minted on Abstract.,558.gif,Pumpkin,Classic,Sleepy,Bow,Bowtie,Bat
559,Shook'um #559,A looping sheet ghost from Halloween Shook'ums. Three bodies. One skeleton. One clock. Minted on Abstract.,559.gif,Candy,Void,Sleepy,None,Chain,Candy
560,Shook'um #560,A looping sheet ghost from Halloween Shook'ums. Three bodies. One skeleton. One clock. Minted on Abstract.,560.gif,Parchment,Classic,Angry,None,None,None
561,Shook'um #561,A looping sheet ghost from Halloween Shook'ums. Three bodies. One skeleton. One clock. Minted on Abstract.,561.gif,Parchment,Void,Sparkly,Party,Scarf,None
562,Shook'um #562,A looping sheet ghost from Halloween Shook'ums. Three bodies. One skeleton. One clock. Minted on Abstract.,562.gif,Blush,Classic,Sleepy,Crown,Collar,Candy Corn
563,Shook'um #563,A looping sheet ghost from Halloween Shook'ums. Three bodies. One skeleton. One clock. Minted on Abstract.,563.gif,Pumpkin,Void,Sleepy,None,Collar,Potion
564,Shook'um #564,A looping sheet ghost from Halloween Shook'ums. Three bodies. One skeleton. One clock. Minted on Abstract.,564.gif,Void,Classic,Spooked,Pumpkin,None,Pumpkin
565,Shook'um #565,A looping sheet ghost from Halloween Shook'ums. Three bodies. One skeleton. One clock. Minted on Abstract.,565.gif,Graveyard,Classic,Angry,Witch,None,None
566,Shook'um #566,A looping sheet ghost from Halloween Shook'ums. Three bodies. One skeleton. One clock. Minted on Abstract.,566.gif,Fog,Classic,Sleepy,None,Scarf,Pumpkin
567,Shook'um #567,A looping sheet ghost from Halloween Shook'ums. Three bodies. One skeleton. One clock. Minted on Abstract.,567.gif,Dusk,Classic,Sleepy,Crown,Pearls,Pumpkin
568,Shook'um #568,A looping sheet ghost from Halloween Shook'ums. Three bodies. One skeleton. One clock. Minted on Abstract.,568.gif,Parchment,Void,Spooked,Wizard,None,None
569,Shook'um #569,A looping sheet ghost from Halloween Shook'ums. Three bodies. One skeleton. One clock. Minted on Abstract.,569.gif,Blood Moon,Blush,Wink,Crown,Scarf,None
570,Shook'um #570,A looping sheet ghost from Halloween Shook'ums. Three bodies. One skeleton. One clock. Minted on Abstract.,570.gif,Fog,Classic,Normal,Party,Bowtie,Potion
571,Shook'um #571,A looping sheet ghost from Halloween Shook'ums. Three bodies. One skeleton. One clock. Minted on Abstract.,571.gif,Candy,Classic,Angry,Halo,Chain,Bat
572,Shook'um #572,A looping sheet ghost from Halloween Shook'ums. Three bodies. One skeleton. One clock. Minted on Abstract.,572.gif,Graveyard,Classic,Spooked,Bow,Chain,Candy Corn
573,Shook'um #573,A looping sheet ghost from Halloween Shook'ums. Three bodies. One skeleton. One clock. Minted on Abstract.,573.gif,Midnight,Classic,Sparkly,Crown,None,Broom
574,Shook'um #574,A looping sheet ghost from Halloween Shook'ums. Three bodies. One skeleton. One clock. Minted on Abstract.,574.gif,Pumpkin,Classic,Wink,None,Pearls,Bat
575,Shook'um #575,A looping sheet ghost from Halloween Shook'ums. Three bodies. One skeleton. One clock. Minted on Abstract.,575.gif,Candy,Blush,Spooked,Bow,None,Candy
576,Shook'um #576,A looping sheet ghost from Halloween Shook'ums. Three bodies. One skeleton. One clock. Minted on Abstract.,576.gif,Candy,Classic,Blep,Witch,Cape,Bat
577,Shook'um #577,A looping sheet ghost from Halloween Shook'ums. Three bodies. One skeleton. One clock. Minted on Abstract.,577.gif,Pumpkin,Classic,Starry,Wizard,Scarf,Broom
578,Shook'um #578,A looping sheet ghost from Halloween Shook'ums. Three bodies. One skeleton. One clock. Minted on Abstract.,578.gif,Candy,Classic,Angry,Cat Ears,Scarf,None
579,Shook'um #579,A looping sheet ghost from Halloween Shook'ums. Three bodies. One skeleton. One clock. Minted on Abstract.,579.gif,Dusk,Blush,Spooked,Halo,Bowtie,None
580,Shook'um #580,A looping sheet ghost from Halloween Shook'ums. Three bodies. One skeleton. One clock. Minted on Abstract.,580.gif,Pumpkin,Classic,Sparkly,Bow,Bowtie,None
581,Shook'um #581,A looping sheet ghost from Halloween Shook'ums. Three bodies. One skeleton. One clock. Minted on Abstract.,581.gif,Dusk,Blush,Sleepy,Bow,None,Candy
582,Shook'um #582,A looping sheet ghost from Halloween Shook'ums. Three bodies. One skeleton. One clock. Minted on Abstract.,582.gif,Pumpkin,Blush,Sleepy,None,Pearls,Broom
583,Shook'um #583,A looping sheet ghost from Halloween Shook'ums. Three bodies. One skeleton. One clock. Minted on Abstract.,583.gif,Fog,Classic,Spooked,Wizard,Scarf,None
584,Shook'um #584,A looping sheet ghost from Halloween Shook'ums. Three bodies. One skeleton. One clock. Minted on Abstract.,584.gif,Dusk,Void,Sparkly,None,Cape,None
585,Shook'um #585,A looping sheet ghost from Halloween Shook'ums. Three bodies. One skeleton. One clock. Minted on Abstract.,585.gif,Blood Moon,Blush,Angry,Bow,Pearls,Pumpkin
586,Shook'um #586,A looping sheet ghost from Halloween Shook'ums. Three bodies. One skeleton. One clock. Minted on Abstract.,586.gif,Fog,Void,Starry,None,Chain,None
587,Shook'um #587,A looping sheet ghost from Halloween Shook'ums. Three bodies. One skeleton. One clock. Minted on Abstract.,587.gif,Pumpkin,Classic,Sleepy,Wizard,Bowtie,None
588,Shook'um #588,A looping sheet ghost from Halloween Shook'ums. Three bodies. One skeleton. One clock. Minted on Abstract.,588.gif,Candy,Void,Normal,Cat Ears,Bowtie,Broom
589,Shook'um #589,A looping sheet ghost from Halloween Shook'ums. Three bodies. One skeleton. One clock. Minted on Abstract.,589.gif,Graveyard,Blush,Spooked,None,None,Candy
590,Shook'um #590,A looping sheet ghost from Halloween Shook'ums. Three bodies. One skeleton. One clock. Minted on Abstract.,590.gif,Candy,Blush,Wink,Witch,Bowtie,Bat
591,Shook'um #591,A looping sheet ghost from Halloween Shook'ums. Three bodies. One skeleton. One clock. Minted on Abstract.,591.gif,Pumpkin,Blush,Spooked,Bow,Collar,Candy
592,Shook'um #592,A looping sheet ghost from Halloween Shook'ums. Three bodies. One skeleton. One clock. Minted on Abstract.,592.gif,Midnight,Void,Sleepy,None,Chain,Bat
593,Shook'um #593,A looping sheet ghost from Halloween Shook'ums. Three bodies. One skeleton. One clock. Minted on Abstract.,593.gif,Fog,Blush,Wink,None,Bowtie,Candy Corn
594,Shook'um #594,A looping sheet ghost from Halloween Shook'ums. Three bodies. One skeleton. One clock. Minted on Abstract.,594.gif,Blush,Blush,Blep,Halo,None,Potion
595,Shook'um #595,A looping sheet ghost from Halloween Shook'ums. Three bodies. One skeleton. One clock. Minted on Abstract.,595.gif,Parchment,Classic,Blep,None,Bowtie,None
596,Shook'um #596,A looping sheet ghost from Halloween Shook'ums. Three bodies. One skeleton. One clock. Minted on Abstract.,596.gif,Parchment,Blush,Spooked,Witch,Scarf,Candy
597,Shook'um #597,A looping sheet ghost from Halloween Shook'ums. Three bodies. One skeleton. One clock. Minted on Abstract.,597.gif,Parchment,Classic,Normal,Bow,None,None
598,Shook'um #598,A looping sheet ghost from Halloween Shook'ums. Three bodies. One skeleton. One clock. Minted on Abstract.,598.gif,Midnight,Blush,Starry,Witch,Bowtie,None
599,Shook'um #599,A looping sheet ghost from Halloween Shook'ums. Three bodies. One skeleton. One clock. Minted on Abstract.,599.gif,Parchment,Classic,Spooked,Witch,None,Candy
600,Shook'um #600,A looping sheet ghost from Halloween Shook'ums. Three bodies. One skeleton. One clock. Minted on Abstract.,600.gif,Midnight,Blush,Spooked,Witch,None,None
601,Shook'um #601,A looping sheet ghost from Halloween Shook'ums. Three bodies. One skeleton. One clock. Minted on Abstract.,601.gif,Midnight,Blush,Spooked,Witch,Collar,None
602,Shook'um #602,A looping sheet ghost from Halloween Shook'ums. Three bodies. One skeleton. One clock. Minted on Abstract.,602.gif,Pumpkin,Classic,Starry,None,Pearls,None
603,Shook'um #603,A looping sheet ghost from Halloween Shook'ums. Three bodies. One skeleton. One clock. Minted on Abstract.,603.gif,Midnight,Classic,Blep,None,Bowtie,Potion
604,Shook'um #604,A looping sheet ghost from Halloween Shook'ums. Three bodies. One skeleton. One clock. Minted on Abstract.,604.gif,Blood Moon,Classic,Blep,Bow,Pearls,Candy Corn
605,Shook'um #605,A looping sheet ghost from Halloween Shook'ums. Three bodies. One skeleton. One clock. Minted on Abstract.,605.gif,Pumpkin,Void,Normal,Cat Ears,None,Broom
606,Shook'um #606,A looping sheet ghost from Halloween Shook'ums. Three bodies. One skeleton. One clock. Minted on Abstract.,606.gif,Pumpkin,Blush,Wink,Flower,Bowtie,None
607,Shook'um #607,A looping sheet ghost from Halloween Shook'ums. Three bodies. One skeleton. One clock. Minted on Abstract.,607.gif,Dusk,Classic,Normal,Halo,None,Candy Corn
608,Shook'um #608,A looping sheet ghost from Halloween Shook'ums. Three bodies. One skeleton. One clock. Minted on Abstract.,608.gif,Graveyard,Void,Sparkly,None,Chain,None
609,Shook'um #609,A looping sheet ghost from Halloween Shook'ums. Three bodies. One skeleton. One clock. Minted on Abstract.,609.gif,Graveyard,Void,Blep,Witch,Pearls,Candy
610,Shook'um #610,A looping sheet ghost from Halloween Shook'ums. Three bodies. One skeleton. One clock. Minted on Abstract.,610.gif,Blush,Classic,Normal,None,None,Candy Corn
611,Shook'um #611,A looping sheet ghost from Halloween Shook'ums. Three bodies. One skeleton. One clock. Minted on Abstract.,611.gif,Graveyard,Classic,Spooked,Bow,Cape,Broom
612,Shook'um #612,A looping sheet ghost from Halloween Shook'ums. Three bodies. One skeleton. One clock. Minted on Abstract.,612.gif,Candy,Classic,Sparkly,None,Pearls,None
613,Shook'um #613,A looping sheet ghost from Halloween Shook'ums. Three bodies. One skeleton. One clock. Minted on Abstract.,613.gif,Pumpkin,Classic,Sparkly,Flower,None,Bat
614,Shook'um #614,A looping sheet ghost from Halloween Shook'ums. Three bodies. One skeleton. One clock. Minted on Abstract.,614.gif,Dusk,Void,Sparkly,None,Chain,Bat
615,Shook'um #615,A looping sheet ghost from Halloween Shook'ums. Three bodies. One skeleton. One clock. Minted on Abstract.,615.gif,Midnight,Blush,Spooked,Witch,Pearls,None
616,Shook'um #616,A looping sheet ghost from Halloween Shook'ums. Three bodies. One skeleton. One clock. Minted on Abstract.,616.gif,Dusk,Classic,Wink,None,None,Broom
617,Shook'um #617,A looping sheet ghost from Halloween Shook'ums. Three bodies. One skeleton. One clock. Minted on Abstract.,617.gif,Candy,Classic,Sad,None,Cape,Candy
618,Shook'um #618,A looping sheet ghost from Halloween Shook'ums. Three bodies. One skeleton. One clock. Minted on Abstract.,618.gif,Pumpkin,Classic,Starry,Cat Ears,Bowtie,None
619,Shook'um #619,A looping sheet ghost from Halloween Shook'ums. Three bodies. One skeleton. One clock. Minted on Abstract.,619.gif,Parchment,Classic,Normal,Pumpkin,None,None
620,Shook'um #620,A looping sheet ghost from Halloween Shook'ums. Three bodies. One skeleton. One clock. Minted on Abstract.,620.gif,Parchment,Void,Spooked,Bow,Chain,None
621,Shook'um #621,A looping sheet ghost from Halloween Shook'ums. Three bodies. One skeleton. One clock. Minted on Abstract.,621.gif,Candy,Blush,Sparkly,None,Cape,Broom
622,Shook'um #622,A looping sheet ghost from Halloween Shook'ums. Three bodies. One skeleton. One clock. Minted on Abstract.,622.gif,Candy,Void,Sleepy,None,Cape,None
623,Shook'um #623,A looping sheet ghost from Halloween Shook'ums. Three bodies. One skeleton. One clock. Minted on Abstract.,623.gif,Midnight,Void,Normal,Cat Ears,Cape,Broom
624,Shook'um #624,A looping sheet ghost from Halloween Shook'ums. Three bodies. One skeleton. One clock. Minted on Abstract.,624.gif,Blush,Void,Blep,Witch,Chain,Moon
625,Shook'um #625,A looping sheet ghost from Halloween Shook'ums. Three bodies. One skeleton. One clock. Minted on Abstract.,625.gif,Parchment,Blush,Blep,None,None,Pumpkin
626,Shook'um #626,A looping sheet ghost from Halloween Shook'ums. Three bodies. One skeleton. One clock. Minted on Abstract.,626.gif,Dusk,Classic,Spooked,Wizard,None,None
627,Shook'um #627,A looping sheet ghost from Halloween Shook'ums. Three bodies. One skeleton. One clock. Minted on Abstract.,627.gif,Parchment,Classic,Sleepy,Bow,Scarf,None
628,Shook'um #628,A looping sheet ghost from Halloween Shook'ums. Three bodies. One skeleton. One clock. Minted on Abstract.,628.gif,Candy,Blush,Spooked,Bow,Bowtie,None
629,Shook'um #629,A looping sheet ghost from Halloween Shook'ums. Three bodies. One skeleton. One clock. Minted on Abstract.,629.gif,Parchment,Classic,Spooked,Pumpkin,Pearls,None
630,Shook'um #630,A looping sheet ghost from Halloween Shook'ums. Three bodies. One skeleton. One clock. Minted on Abstract.,630.gif,Blush,Blush,Normal,None,Collar,Pumpkin
631,Shook'um #631,A looping sheet ghost from Halloween Shook'ums. Three bodies. One skeleton. One clock. Minted on Abstract.,631.gif,Parchment,Void,Wink,Bow,Chain,Broom
632,Shook'um #632,A looping sheet ghost from Halloween Shook'ums. Three bodies. One skeleton. One clock. Minted on Abstract.,632.gif,Pumpkin,Classic,Blep,Bow,None,Broom
633,Shook'um #633,A looping sheet ghost from Halloween Shook'ums. Three bodies. One skeleton. One clock. Minted on Abstract.,633.gif,Graveyard,Classic,Spooked,None,Pearls,None
634,Shook'um #634,A looping sheet ghost from Halloween Shook'ums. Three bodies. One skeleton. One clock. Minted on Abstract.,634.gif,Candy,Classic,Heart,Bow,Chain,Candy Corn
635,Shook'um #635,A looping sheet ghost from Halloween Shook'ums. Three bodies. One skeleton. One clock. Minted on Abstract.,635.gif,Parchment,Void,Blep,None,Scarf,Moon
636,Shook'um #636,A looping sheet ghost from Halloween Shook'ums. Three bodies. One skeleton. One clock. Minted on Abstract.,636.gif,Midnight,Classic,Spooked,None,Bowtie,None
637,Shook'um #637,A looping sheet ghost from Halloween Shook'ums. Three bodies. One skeleton. One clock. Minted on Abstract.,637.gif,Parchment,Blush,Angry,Cat Ears,None,Pumpkin
638,Shook'um #638,A looping sheet ghost from Halloween Shook'ums. Three bodies. One skeleton. One clock. Minted on Abstract.,638.gif,Graveyard,Blush,Sparkly,Flower,Collar,None
639,Shook'um #639,A looping sheet ghost from Halloween Shook'ums. Three bodies. One skeleton. One clock. Minted on Abstract.,639.gif,Blood Moon,Classic,Sleepy,Party,None,Pumpkin
640,Shook'um #640,A looping sheet ghost from Halloween Shook'ums. Three bodies. One skeleton. One clock. Minted on Abstract.,640.gif,Dusk,Void,Spooked,Halo,Cape,Pumpkin
641,Shook'um #641,A looping sheet ghost from Halloween Shook'ums. Three bodies. One skeleton. One clock. Minted on Abstract.,641.gif,Graveyard,Void,Blep,Party,Collar,Candy Corn
642,Shook'um #642,A looping sheet ghost from Halloween Shook'ums. Three bodies. One skeleton. One clock. Minted on Abstract.,642.gif,Dusk,Classic,Spooked,Witch,Scarf,None
643,Shook'um #643,A looping sheet ghost from Halloween Shook'ums. Three bodies. One skeleton. One clock. Minted on Abstract.,643.gif,Void,Classic,Wink,Pumpkin,Scarf,Pumpkin
644,Shook'um #644,A looping sheet ghost from Halloween Shook'ums. Three bodies. One skeleton. One clock. Minted on Abstract.,644.gif,Blush,Void,Heart,Witch,Collar,None
645,Shook'um #645,A looping sheet ghost from Halloween Shook'ums. Three bodies. One skeleton. One clock. Minted on Abstract.,645.gif,Dusk,Classic,Sleepy,None,Pearls,None
646,Shook'um #646,A looping sheet ghost from Halloween Shook'ums. Three bodies. One skeleton. One clock. Minted on Abstract.,646.gif,Pumpkin,Classic,Sparkly,Pumpkin,Scarf,None
647,Shook'um #647,A looping sheet ghost from Halloween Shook'ums. Three bodies. One skeleton. One clock. Minted on Abstract.,647.gif,Void,Classic,Spooked,None,Pearls,Candy
648,Shook'um #648,A looping sheet ghost from Halloween Shook'ums. Three bodies. One skeleton. One clock. Minted on Abstract.,648.gif,Pumpkin,Blush,Starry,Pumpkin,Pearls,Candy Corn
649,Shook'um #649,A looping sheet ghost from Halloween Shook'ums. Three bodies. One skeleton. One clock. Minted on Abstract.,649.gif,Fog,Blush,Blep,Witch,None,None
650,Shook'um #650,A looping sheet ghost from Halloween Shook'ums. Three bodies. One skeleton. One clock. Minted on Abstract.,650.gif,Parchment,Blush,Sleepy,Witch,Scarf,Candy
651,Shook'um #651,A looping sheet ghost from Halloween Shook'ums. Three bodies. One skeleton. One clock. Minted on Abstract.,651.gif,Blush,Void,Spooked,None,Chain,Broom
652,Shook'um #652,A looping sheet ghost from Halloween Shook'ums. Three bodies. One skeleton. One clock. Minted on Abstract.,652.gif,Parchment,Void,Normal,Wizard,Collar,Candy Corn
653,Shook'um #653,A looping sheet ghost from Halloween Shook'ums. Three bodies. One skeleton. One clock. Minted on Abstract.,653.gif,Parchment,Void,Starry,Cat Ears,Chain,Moon
654,Shook'um #654,A looping sheet ghost from Halloween Shook'ums. Three bodies. One skeleton. One clock. Minted on Abstract.,654.gif,Void,Void,Starry,None,Scarf,Potion
655,Shook'um #655,A looping sheet ghost from Halloween Shook'ums. Three bodies. One skeleton. One clock. Minted on Abstract.,655.gif,Graveyard,Classic,Normal,None,Bowtie,Moon
656,Shook'um #656,A looping sheet ghost from Halloween Shook'ums. Three bodies. One skeleton. One clock. Minted on Abstract.,656.gif,Dusk,Void,Sleepy,Witch,Collar,None
657,Shook'um #657,A looping sheet ghost from Halloween Shook'ums. Three bodies. One skeleton. One clock. Minted on Abstract.,657.gif,Blush,Classic,Blep,None,Scarf,Potion
658,Shook'um #658,A looping sheet ghost from Halloween Shook'ums. Three bodies. One skeleton. One clock. Minted on Abstract.,658.gif,Candy,Void,Normal,Flower,None,Candy Corn
659,Shook'um #659,A looping sheet ghost from Halloween Shook'ums. Three bodies. One skeleton. One clock. Minted on Abstract.,659.gif,Fog,Blush,Sleepy,Crown,Collar,Candy
660,Shook'um #660,A looping sheet ghost from Halloween Shook'ums. Three bodies. One skeleton. One clock. Minted on Abstract.,660.gif,Midnight,Blush,Sad,None,None,None
661,Shook'um #661,A looping sheet ghost from Halloween Shook'ums. Three bodies. One skeleton. One clock. Minted on Abstract.,661.gif,Midnight,Classic,Sleepy,None,Chain,None
662,Shook'um #662,A looping sheet ghost from Halloween Shook'ums. Three bodies. One skeleton. One clock. Minted on Abstract.,662.gif,Graveyard,Void,Normal,Wizard,Cape,Broom
663,Shook'um #663,A looping sheet ghost from Halloween Shook'ums. Three bodies. One skeleton. One clock. Minted on Abstract.,663.gif,Void,Blush,Spooked,None,Collar,Pumpkin
664,Shook'um #664,A looping sheet ghost from Halloween Shook'ums. Three bodies. One skeleton. One clock. Minted on Abstract.,664.gif,Midnight,Blush,Wink,Bow,Chain,Candy
665,Shook'um #665,A looping sheet ghost from Halloween Shook'ums. Three bodies. One skeleton. One clock. Minted on Abstract.,665.gif,Graveyard,Classic,Starry,None,Scarf,Candy
666,Shook'um #666,A looping sheet ghost from Halloween Shook'ums. Three bodies. One skeleton. One clock. Minted on Abstract.,666.gif,Midnight,Classic,Wink,Pumpkin,None,Broom
667,Shook'um #667,A looping sheet ghost from Halloween Shook'ums. Three bodies. One skeleton. One clock. Minted on Abstract.,667.gif,Blood Moon,Void,Sad,Witch,Chain,Broom
668,Shook'um #668,A looping sheet ghost from Halloween Shook'ums. Three bodies. One skeleton. One clock. Minted on Abstract.,668.gif,Candy,Blush,Sad,Flower,None,Pumpkin
669,Shook'um #669,A looping sheet ghost from Halloween Shook'ums. Three bodies. One skeleton. One clock. Minted on Abstract.,669.gif,Parchment,Classic,Sparkly,Cat Ears,Pearls,Moon
670,Shook'um #670,A looping sheet ghost from Halloween Shook'ums. Three bodies. One skeleton. One clock. Minted on Abstract.,670.gif,Pumpkin,Classic,Sad,Witch,None,Candy
671,Shook'um #671,A looping sheet ghost from Halloween Shook'ums. Three bodies. One skeleton. One clock. Minted on Abstract.,671.gif,Fog,Void,Sparkly,None,Scarf,Candy
672,Shook'um #672,A looping sheet ghost from Halloween Shook'ums. Three bodies. One skeleton. One clock. Minted on Abstract.,672.gif,Midnight,Blush,Blep,None,None,Pumpkin
673,Shook'um #673,A looping sheet ghost from Halloween Shook'ums. Three bodies. One skeleton. One clock. Minted on Abstract.,673.gif,Parchment,Classic,Sparkly,None,None,None
674,Shook'um #674,A looping sheet ghost from Halloween Shook'ums. Three bodies. One skeleton. One clock. Minted on Abstract.,674.gif,Blush,Classic,Sparkly,Party,Pearls,Candy Corn
675,Shook'um #675,A looping sheet ghost from Halloween Shook'ums. Three bodies. One skeleton. One clock. Minted on Abstract.,675.gif,Blood Moon,Classic,Spooked,Witch,None,Candy Corn
676,Shook'um #676,A looping sheet ghost from Halloween Shook'ums. Three bodies. One skeleton. One clock. Minted on Abstract.,676.gif,Graveyard,Classic,Spooked,Witch,Collar,Candy Corn
677,Shook'um #677,A looping sheet ghost from Halloween Shook'ums. Three bodies. One skeleton. One clock. Minted on Abstract.,677.gif,Candy,Classic,Normal,Halo,None,None
678,Shook'um #678,A looping sheet ghost from Halloween Shook'ums. Three bodies. One skeleton. One clock. Minted on Abstract.,678.gif,Pumpkin,Classic,Sad,Halo,Pearls,None
679,Shook'um #679,A looping sheet ghost from Halloween Shook'ums. Three bodies. One skeleton. One clock. Minted on Abstract.,679.gif,Dusk,Classic,Normal,Witch,Chain,None
680,Shook'um #680,A looping sheet ghost from Halloween Shook'ums. Three bodies. One skeleton. One clock. Minted on Abstract.,680.gif,Blush,Classic,Normal,Bow,Scarf,None
681,Shook'um #681,A looping sheet ghost from Halloween Shook'ums. Three bodies. One skeleton. One clock. Minted on Abstract.,681.gif,Parchment,Classic,Spooked,Bow,None,None
682,Shook'um #682,A looping sheet ghost from Halloween Shook'ums. Three bodies. One skeleton. One clock. Minted on Abstract.,682.gif,Blood Moon,Blush,Angry,Cat Ears,None,None
683,Shook'um #683,A looping sheet ghost from Halloween Shook'ums. Three bodies. One skeleton. One clock. Minted on Abstract.,683.gif,Fog,Classic,Sleepy,Wizard,Chain,Pumpkin
684,Shook'um #684,A looping sheet ghost from Halloween Shook'ums. Three bodies. One skeleton. One clock. Minted on Abstract.,684.gif,Dusk,Blush,Spooked,Wizard,None,Candy
685,Shook'um #685,A looping sheet ghost from Halloween Shook'ums. Three bodies. One skeleton. One clock. Minted on Abstract.,685.gif,Pumpkin,Classic,Blep,None,None,None
686,Shook'um #686,A looping sheet ghost from Halloween Shook'ums. Three bodies. One skeleton. One clock. Minted on Abstract.,686.gif,Blood Moon,Classic,Sad,Crown,Scarf,Candy
687,Shook'um #687,A looping sheet ghost from Halloween Shook'ums. Three bodies. One skeleton. One clock. Minted on Abstract.,687.gif,Void,Classic,Blep,None,Chain,None
688,Shook'um #688,A looping sheet ghost from Halloween Shook'ums. Three bodies. One skeleton. One clock. Minted on Abstract.,688.gif,Candy,Void,Spooked,Witch,Collar,Pumpkin
689,Shook'um #689,A looping sheet ghost from Halloween Shook'ums. Three bodies. One skeleton. One clock. Minted on Abstract.,689.gif,Parchment,Void,Spooked,None,Scarf,Bat
690,Shook'um #690,A looping sheet ghost from Halloween Shook'ums. Three bodies. One skeleton. One clock. Minted on Abstract.,690.gif,Fog,Classic,Wink,Pumpkin,Chain,Pumpkin
691,Shook'um #691,A looping sheet ghost from Halloween Shook'ums. Three bodies. One skeleton. One clock. Minted on Abstract.,691.gif,Fog,Blush,Normal,None,Chain,None
692,Shook'um #692,A looping sheet ghost from Halloween Shook'ums. Three bodies. One skeleton. One clock. Minted on Abstract.,692.gif,Pumpkin,Classic,Wink,Witch,None,None
693,Shook'um #693,A looping sheet ghost from Halloween Shook'ums. Three bodies. One skeleton. One clock. Minted on Abstract.,693.gif,Candy,Blush,Sleepy,Flower,Scarf,Pumpkin
694,Shook'um #694,A looping sheet ghost from Halloween Shook'ums. Three bodies. One skeleton. One clock. Minted on Abstract.,694.gif,Blood Moon,Classic,Normal,Crown,Scarf,None
695,Shook'um #695,A looping sheet ghost from Halloween Shook'ums. Three bodies. One skeleton. One clock. Minted on Abstract.,695.gif,Blood Moon,Classic,Sleepy,Flower,Pearls,Pumpkin
696,Shook'um #696,A looping sheet ghost from Halloween Shook'ums. Three bodies. One skeleton. One clock. Minted on Abstract.,696.gif,Parchment,Classic,Sad,Halo,Scarf,Candy Corn
697,Shook'um #697,A looping sheet ghost from Halloween Shook'ums. Three bodies. One skeleton. One clock. Minted on Abstract.,697.gif,Graveyard,Void,Starry,Pumpkin,Scarf,Candy Corn
698,Shook'um #698,A looping sheet ghost from Halloween Shook'ums. Three bodies. One skeleton. One clock. Minted on Abstract.,698.gif,Dusk,Void,Normal,None,None,Moon
699,Shook'um #699,A looping sheet ghost from Halloween Shook'ums. Three bodies. One skeleton. One clock. Minted on Abstract.,699.gif,Midnight,Void,Blep,None,Scarf,Candy Corn
700,Shook'um #700,A looping sheet ghost from Halloween Shook'ums. Three bodies. One skeleton. One clock. Minted on Abstract.,700.gif,Blush,Classic,Wink,None,Collar,Pumpkin
701,Shook'um #701,A looping sheet ghost from Halloween Shook'ums. Three bodies. One skeleton. One clock. Minted on Abstract.,701.gif,Blush,Blush,Blep,Crown,None,Bat
702,Shook'um #702,A looping sheet ghost from Halloween Shook'ums. Three bodies. One skeleton. One clock. Minted on Abstract.,702.gif,Pumpkin,Blush,Blep,None,None,Pumpkin
703,Shook'um #703,A looping sheet ghost from Halloween Shook'ums. Three bodies. One skeleton. One clock. Minted on Abstract.,703.gif,Candy,Classic,Wink,Crown,Scarf,Bat
704,Shook'um #704,A looping sheet ghost from Halloween Shook'ums. Three bodies. One skeleton. One clock. Minted on Abstract.,704.gif,Midnight,Blush,Angry,Wizard,Chain,Potion
705,Shook'um #705,A looping sheet ghost from Halloween Shook'ums. Three bodies. One skeleton. One clock. Minted on Abstract.,705.gif,Blush,Classic,Sad,Pumpkin,Pearls,Pumpkin
706,Shook'um #706,A looping sheet ghost from Halloween Shook'ums. Three bodies. One skeleton. One clock. Minted on Abstract.,706.gif,Blood Moon,Classic,Sad,Witch,None,Pumpkin
707,Shook'um #707,A looping sheet ghost from Halloween Shook'ums. Three bodies. One skeleton. One clock. Minted on Abstract.,707.gif,Graveyard,Classic,Sleepy,None,None,Candy Corn
708,Shook'um #708,A looping sheet ghost from Halloween Shook'ums. Three bodies. One skeleton. One clock. Minted on Abstract.,708.gif,Void,Classic,Angry,Witch,Collar,Pumpkin
709,Shook'um #709,A looping sheet ghost from Halloween Shook'ums. Three bodies. One skeleton. One clock. Minted on Abstract.,709.gif,Candy,Classic,Starry,Bow,None,Potion
710,Shook'um #710,A looping sheet ghost from Halloween Shook'ums. Three bodies. One skeleton. One clock. Minted on Abstract.,710.gif,Pumpkin,Classic,Spooked,Witch,None,None
711,Shook'um #711,A looping sheet ghost from Halloween Shook'ums. Three bodies. One skeleton. One clock. Minted on Abstract.,711.gif,Blush,Blush,Normal,Witch,Collar,Pumpkin
712,Shook'um #712,A looping sheet ghost from Halloween Shook'ums. Three bodies. One skeleton. One clock. Minted on Abstract.,712.gif,Dusk,Blush,Starry,None,None,Candy
713,Shook'um #713,A looping sheet ghost from Halloween Shook'ums. Three bodies. One skeleton. One clock. Minted on Abstract.,713.gif,Graveyard,Void,Blep,Witch,None,None
714,Shook'um #714,A looping sheet ghost from Halloween Shook'ums. Three bodies. One skeleton. One clock. Minted on Abstract.,714.gif,Pumpkin,Classic,Starry,Pumpkin,Pearls,Pumpkin
715,Shook'um #715,A looping sheet ghost from Halloween Shook'ums. Three bodies. One skeleton. One clock. Minted on Abstract.,715.gif,Blush,Blush,Blep,Bow,Bowtie,Broom
716,Shook'um #716,A looping sheet ghost from Halloween Shook'ums. Three bodies. One skeleton. One clock. Minted on Abstract.,716.gif,Blush,Void,Sleepy,None,Collar,Moon
717,Shook'um #717,A looping sheet ghost from Halloween Shook'ums. Three bodies. One skeleton. One clock. Minted on Abstract.,717.gif,Blush,Classic,Sleepy,None,None,Candy
718,Shook'um #718,A looping sheet ghost from Halloween Shook'ums. Three bodies. One skeleton. One clock. Minted on Abstract.,718.gif,Fog,Classic,Normal,Halo,Pearls,Broom
719,Shook'um #719,A looping sheet ghost from Halloween Shook'ums. Three bodies. One skeleton. One clock. Minted on Abstract.,719.gif,Parchment,Classic,Spooked,None,None,None
720,Shook'um #720,A looping sheet ghost from Halloween Shook'ums. Three bodies. One skeleton. One clock. Minted on Abstract.,720.gif,Dusk,Void,Heart,Pumpkin,Pearls,Candy
721,Shook'um #721,A looping sheet ghost from Halloween Shook'ums. Three bodies. One skeleton. One clock. Minted on Abstract.,721.gif,Pumpkin,Classic,Starry,None,Bowtie,Candy
722,Shook'um #722,A looping sheet ghost from Halloween Shook'ums. Three bodies. One skeleton. One clock. Minted on Abstract.,722.gif,Pumpkin,Void,Heart,Witch,None,Candy Corn
723,Shook'um #723,A looping sheet ghost from Halloween Shook'ums. Three bodies. One skeleton. One clock. Minted on Abstract.,723.gif,Candy,Void,Normal,Bow,None,Potion
724,Shook'um #724,A looping sheet ghost from Halloween Shook'ums. Three bodies. One skeleton. One clock. Minted on Abstract.,724.gif,Parchment,Blush,Sparkly,Flower,Scarf,Moon
725,Shook'um #725,A looping sheet ghost from Halloween Shook'ums. Three bodies. One skeleton. One clock. Minted on Abstract.,725.gif,Blush,Classic,Normal,Pumpkin,None,Pumpkin
726,Shook'um #726,A looping sheet ghost from Halloween Shook'ums. Three bodies. One skeleton. One clock. Minted on Abstract.,726.gif,Graveyard,Void,Blep,None,Collar,Moon
727,Shook'um #727,A looping sheet ghost from Halloween Shook'ums. Three bodies. One skeleton. One clock. Minted on Abstract.,727.gif,Parchment,Classic,Spooked,None,Chain,Moon
728,Shook'um #728,A looping sheet ghost from Halloween Shook'ums. Three bodies. One skeleton. One clock. Minted on Abstract.,728.gif,Candy,Blush,Spooked,Crown,None,Broom
729,Shook'um #729,A looping sheet ghost from Halloween Shook'ums. Three bodies. One skeleton. One clock. Minted on Abstract.,729.gif,Midnight,Void,Sparkly,Witch,Chain,None
730,Shook'um #730,A looping sheet ghost from Halloween Shook'ums. Three bodies. One skeleton. One clock. Minted on Abstract.,730.gif,Pumpkin,Void,Blep,Bow,None,Potion
731,Shook'um #731,A looping sheet ghost from Halloween Shook'ums. Three bodies. One skeleton. One clock. Minted on Abstract.,731.gif,Midnight,Classic,Normal,Witch,Chain,Potion
732,Shook'um #732,A looping sheet ghost from Halloween Shook'ums. Three bodies. One skeleton. One clock. Minted on Abstract.,732.gif,Graveyard,Classic,Normal,Wizard,Bowtie,Potion
733,Shook'um #733,A looping sheet ghost from Halloween Shook'ums. Three bodies. One skeleton. One clock. Minted on Abstract.,733.gif,Graveyard,Classic,Normal,Pumpkin,Pearls,Candy Corn
734,Shook'um #734,A looping sheet ghost from Halloween Shook'ums. Three bodies. One skeleton. One clock. Minted on Abstract.,734.gif,Graveyard,Void,Normal,Witch,None,Candy Corn
735,Shook'um #735,A looping sheet ghost from Halloween Shook'ums. Three bodies. One skeleton. One clock. Minted on Abstract.,735.gif,Parchment,Blush,Normal,Bow,None,Candy Corn
736,Shook'um #736,A looping sheet ghost from Halloween Shook'ums. Three bodies. One skeleton. One clock. Minted on Abstract.,736.gif,Pumpkin,Classic,Spooked,Crown,Cape,Pumpkin
737,Shook'um #737,A looping sheet ghost from Halloween Shook'ums. Three bodies. One skeleton. One clock. Minted on Abstract.,737.gif,Midnight,Blush,Sleepy,None,Bowtie,None
738,Shook'um #738,A looping sheet ghost from Halloween Shook'ums. Three bodies. One skeleton. One clock. Minted on Abstract.,738.gif,Blood Moon,Classic,Wink,Flower,None,None
739,Shook'um #739,A looping sheet ghost from Halloween Shook'ums. Three bodies. One skeleton. One clock. Minted on Abstract.,739.gif,Candy,Void,Wink,Wizard,Collar,Candy Corn
740,Shook'um #740,A looping sheet ghost from Halloween Shook'ums. Three bodies. One skeleton. One clock. Minted on Abstract.,740.gif,Candy,Blush,Sad,None,None,None
741,Shook'um #741,A looping sheet ghost from Halloween Shook'ums. Three bodies. One skeleton. One clock. Minted on Abstract.,741.gif,Candy,Classic,Blep,Pumpkin,None,Candy Corn
742,Shook'um #742,A looping sheet ghost from Halloween Shook'ums. Three bodies. One skeleton. One clock. Minted on Abstract.,742.gif,Parchment,Blush,Normal,Pumpkin,Cape,Candy
743,Shook'um #743,A looping sheet ghost from Halloween Shook'ums. Three bodies. One skeleton. One clock. Minted on Abstract.,743.gif,Parchment,Blush,Blep,None,None,None
744,Shook'um #744,A looping sheet ghost from Halloween Shook'ums. Three bodies. One skeleton. One clock. Minted on Abstract.,744.gif,Fog,Classic,Angry,Bow,None,Candy Corn
745,Shook'um #745,A looping sheet ghost from Halloween Shook'ums. Three bodies. One skeleton. One clock. Minted on Abstract.,745.gif,Void,Classic,Sad,None,Chain,None
746,Shook'um #746,A looping sheet ghost from Halloween Shook'ums. Three bodies. One skeleton. One clock. Minted on Abstract.,746.gif,Blush,Classic,Blep,Bow,Scarf,None
747,Shook'um #747,A looping sheet ghost from Halloween Shook'ums. Three bodies. One skeleton. One clock. Minted on Abstract.,747.gif,Pumpkin,Blush,Sleepy,Cat Ears,Scarf,None
748,Shook'um #748,A looping sheet ghost from Halloween Shook'ums. Three bodies. One skeleton. One clock. Minted on Abstract.,748.gif,Candy,Blush,Spooked,Party,None,None
749,Shook'um #749,A looping sheet ghost from Halloween Shook'ums. Three bodies. One skeleton. One clock. Minted on Abstract.,749.gif,Pumpkin,Classic,Sleepy,Cat Ears,Bowtie,Potion
750,Shook'um #750,A looping sheet ghost from Halloween Shook'ums. Three bodies. One skeleton. One clock. Minted on Abstract.,750.gif,Blood Moon,Classic,Sleepy,Bow,Pearls,Bat
751,Shook'um #751,A looping sheet ghost from Halloween Shook'ums. Three bodies. One skeleton. One clock. Minted on Abstract.,751.gif,Blood Moon,Classic,Blep,Halo,None,Pumpkin
752,Shook'um #752,A looping sheet ghost from Halloween Shook'ums. Three bodies. One skeleton. One clock. Minted on Abstract.,752.gif,Midnight,Void,Blep,Pumpkin,Chain,Broom
753,Shook'um #753,A looping sheet ghost from Halloween Shook'ums. Three bodies. One skeleton. One clock. Minted on Abstract.,753.gif,Pumpkin,Void,Sleepy,Cat Ears,Bowtie,Bat
754,Shook'um #754,A looping sheet ghost from Halloween Shook'ums. Three bodies. One skeleton. One clock. Minted on Abstract.,754.gif,Fog,Classic,Wink,Witch,Scarf,Potion
755,Shook'um #755,A looping sheet ghost from Halloween Shook'ums. Three bodies. One skeleton. One clock. Minted on Abstract.,755.gif,Blood Moon,Classic,Starry,Halo,None,Bat
756,Shook'um #756,A looping sheet ghost from Halloween Shook'ums. Three bodies. One skeleton. One clock. Minted on Abstract.,756.gif,Blood Moon,Blush,Starry,None,Bowtie,None
757,Shook'um #757,A looping sheet ghost from Halloween Shook'ums. Three bodies. One skeleton. One clock. Minted on Abstract.,757.gif,Midnight,Classic,Normal,Party,Bowtie,Broom
758,Shook'um #758,A looping sheet ghost from Halloween Shook'ums. Three bodies. One skeleton. One clock. Minted on Abstract.,758.gif,Midnight,Classic,Starry,None,None,Bat
759,Shook'um #759,A looping sheet ghost from Halloween Shook'ums. Three bodies. One skeleton. One clock. Minted on Abstract.,759.gif,Blush,Void,Sad,Cat Ears,None,Bat
760,Shook'um #760,A looping sheet ghost from Halloween Shook'ums. Three bodies. One skeleton. One clock. Minted on Abstract.,760.gif,Dusk,Classic,Spooked,Party,Cape,None
761,Shook'um #761,A looping sheet ghost from Halloween Shook'ums. Three bodies. One skeleton. One clock. Minted on Abstract.,761.gif,Midnight,Classic,Angry,None,Chain,Candy
762,Shook'um #762,A looping sheet ghost from Halloween Shook'ums. Three bodies. One skeleton. One clock. Minted on Abstract.,762.gif,Midnight,Void,Spooked,Pumpkin,Bowtie,None
763,Shook'um #763,A looping sheet ghost from Halloween Shook'ums. Three bodies. One skeleton. One clock. Minted on Abstract.,763.gif,Fog,Blush,Heart,Crown,Chain,Candy
764,Shook'um #764,A looping sheet ghost from Halloween Shook'ums. Three bodies. One skeleton. One clock. Minted on Abstract.,764.gif,Graveyard,Blush,Sad,Witch,None,None
765,Shook'um #765,A looping sheet ghost from Halloween Shook'ums. Three bodies. One skeleton. One clock. Minted on Abstract.,765.gif,Blood Moon,Void,Normal,None,Pearls,Bat
766,Shook'um #766,A looping sheet ghost from Halloween Shook'ums. Three bodies. One skeleton. One clock. Minted on Abstract.,766.gif,Pumpkin,Classic,Normal,Cat Ears,Chain,Moon
767,Shook'um #767,A looping sheet ghost from Halloween Shook'ums. Three bodies. One skeleton. One clock. Minted on Abstract.,767.gif,Parchment,Classic,Wink,Cat Ears,None,Pumpkin
768,Shook'um #768,A looping sheet ghost from Halloween Shook'ums. Three bodies. One skeleton. One clock. Minted on Abstract.,768.gif,Candy,Blush,Starry,Bow,Chain,Broom
769,Shook'um #769,A looping sheet ghost from Halloween Shook'ums. Three bodies. One skeleton. One clock. Minted on Abstract.,769.gif,Parchment,Void,Angry,None,None,Pumpkin
770,Shook'um #770,A looping sheet ghost from Halloween Shook'ums. Three bodies. One skeleton. One clock. Minted on Abstract.,770.gif,Midnight,Classic,Normal,Bow,Chain,Candy Corn
771,Shook'um #771,A looping sheet ghost from Halloween Shook'ums. Three bodies. One skeleton. One clock. Minted on Abstract.,771.gif,Graveyard,Void,Sleepy,None,Chain,None
772,Shook'um #772,A looping sheet ghost from Halloween Shook'ums. Three bodies. One skeleton. One clock. Minted on Abstract.,772.gif,Pumpkin,Classic,Angry,Witch,Pearls,Broom
773,Shook'um #773,A looping sheet ghost from Halloween Shook'ums. Three bodies. One skeleton. One clock. Minted on Abstract.,773.gif,Dusk,Blush,Normal,Pumpkin,Pearls,Pumpkin
774,Shook'um #774,A looping sheet ghost from Halloween Shook'ums. Three bodies. One skeleton. One clock. Minted on Abstract.,774.gif,Blush,Blush,Sleepy,Party,Collar,None
775,Shook'um #775,A looping sheet ghost from Halloween Shook'ums. Three bodies. One skeleton. One clock. Minted on Abstract.,775.gif,Midnight,Blush,Sparkly,None,None,Bat
776,Shook'um #776,A looping sheet ghost from Halloween Shook'ums. Three bodies. One skeleton. One clock. Minted on Abstract.,776.gif,Parchment,Blush,Spooked,Pumpkin,Collar,None
777,Shook'um #777,A looping sheet ghost from Halloween Shook'ums. Three bodies. One skeleton. One clock. Minted on Abstract.,777.gif,Midnight,Classic,Spooked,Pumpkin,None,Pumpkin
778,Shook'um #778,A looping sheet ghost from Halloween Shook'ums. Three bodies. One skeleton. One clock. Minted on Abstract.,778.gif,Dusk,Blush,Normal,Party,None,None
779,Shook'um #779,A looping sheet ghost from Halloween Shook'ums. Three bodies. One skeleton. One clock. Minted on Abstract.,779.gif,Parchment,Classic,Spooked,None,Pearls,Bat
780,Shook'um #780,A looping sheet ghost from Halloween Shook'ums. Three bodies. One skeleton. One clock. Minted on Abstract.,780.gif,Graveyard,Classic,Normal,Crown,None,None
781,Shook'um #781,A looping sheet ghost from Halloween Shook'ums. Three bodies. One skeleton. One clock. Minted on Abstract.,781.gif,Parchment,Classic,Normal,None,Chain,Bat
782,Shook'um #782,A looping sheet ghost from Halloween Shook'ums. Three bodies. One skeleton. One clock. Minted on Abstract.,782.gif,Blush,Classic,Normal,Flower,Pearls,Candy
783,Shook'um #783,A looping sheet ghost from Halloween Shook'ums. Three bodies. One skeleton. One clock. Minted on Abstract.,783.gif,Blush,Void,Normal,Halo,Chain,None
784,Shook'um #784,A looping sheet ghost from Halloween Shook'ums. Three bodies. One skeleton. One clock. Minted on Abstract.,784.gif,Fog,Void,Spooked,Cat Ears,None,Pumpkin
785,Shook'um #785,A looping sheet ghost from Halloween Shook'ums. Three bodies. One skeleton. One clock. Minted on Abstract.,785.gif,Blood Moon,Classic,Spooked,Witch,Scarf,Bat
786,Shook'um #786,A looping sheet ghost from Halloween Shook'ums. Three bodies. One skeleton. One clock. Minted on Abstract.,786.gif,Fog,Void,Blep,None,Chain,Moon
787,Shook'um #787,A looping sheet ghost from Halloween Shook'ums. Three bodies. One skeleton. One clock. Minted on Abstract.,787.gif,Void,Void,Spooked,Bow,Bowtie,None
788,Shook'um #788,A looping sheet ghost from Halloween Shook'ums. Three bodies. One skeleton. One clock. Minted on Abstract.,788.gif,Pumpkin,Classic,Sparkly,None,None,Bat
789,Shook'um #789,A looping sheet ghost from Halloween Shook'ums. Three bodies. One skeleton. One clock. Minted on Abstract.,789.gif,Midnight,Void,Blep,None,None,Pumpkin
790,Shook'um #790,A looping sheet ghost from Halloween Shook'ums. Three bodies. One skeleton. One clock. Minted on Abstract.,790.gif,Parchment,Classic,Angry,None,Collar,Candy
791,Shook'um #791,A looping sheet ghost from Halloween Shook'ums. Three bodies. One skeleton. One clock. Minted on Abstract.,791.gif,Blood Moon,Blush,Heart,None,Scarf,Candy
792,Shook'um #792,A looping sheet ghost from Halloween Shook'ums. Three bodies. One skeleton. One clock. Minted on Abstract.,792.gif,Blood Moon,Classic,Spooked,Party,Collar,None
793,Shook'um #793,A looping sheet ghost from Halloween Shook'ums. Three bodies. One skeleton. One clock. Minted on Abstract.,793.gif,Candy,Void,Spooked,Bow,Pearls,None
794,Shook'um #794,A looping sheet ghost from Halloween Shook'ums. Three bodies. One skeleton. One clock. Minted on Abstract.,794.gif,Blush,Classic,Angry,Crown,None,Candy
795,Shook'um #795,A looping sheet ghost from Halloween Shook'ums. Three bodies. One skeleton. One clock. Minted on Abstract.,795.gif,Midnight,Classic,Normal,None,Collar,Candy Corn
796,Shook'um #796,A looping sheet ghost from Halloween Shook'ums. Three bodies. One skeleton. One clock. Minted on Abstract.,796.gif,Pumpkin,Classic,Normal,Witch,Chain,Pumpkin
797,Shook'um #797,A looping sheet ghost from Halloween Shook'ums. Three bodies. One skeleton. One clock. Minted on Abstract.,797.gif,Candy,Classic,Spooked,None,None,Pumpkin
798,Shook'um #798,A looping sheet ghost from Halloween Shook'ums. Three bodies. One skeleton. One clock. Minted on Abstract.,798.gif,Parchment,Classic,Normal,Pumpkin,Bowtie,None
799,Shook'um #799,A looping sheet ghost from Halloween Shook'ums. Three bodies. One skeleton. One clock. Minted on Abstract.,799.gif,Graveyard,Blush,Blep,None,Chain,None
800,Shook'um #800,A looping sheet ghost from Halloween Shook'ums. Three bodies. One skeleton. One clock. Minted on Abstract.,800.gif,Fog,Classic,Spooked,None,None,Candy Corn
801,Shook'um #801,A looping sheet ghost from Halloween Shook'ums. Three bodies. One skeleton. One clock. Minted on Abstract.,801.gif,Graveyard,Classic,Spooked,Party,None,Potion
802,Shook'um #802,A looping sheet ghost from Halloween Shook'ums. Three bodies. One skeleton. One clock. Minted on Abstract.,802.gif,Blush,Classic,Starry,None,Chain,Potion
803,Shook'um #803,A looping sheet ghost from Halloween Shook'ums. Three bodies. One skeleton. One clock. Minted on Abstract.,803.gif,Parchment,Blush,Spooked,Crown,None,None
804,Shook'um #804,A looping sheet ghost from Halloween Shook'ums. Three bodies. One skeleton. One clock. Minted on Abstract.,804.gif,Candy,Void,Spooked,None,Chain,Broom
805,Shook'um #805,A looping sheet ghost from Halloween Shook'ums. Three bodies. One skeleton. One clock. Minted on Abstract.,805.gif,Dusk,Classic,Sleepy,Party,None,None
806,Shook'um #806,A looping sheet ghost from Halloween Shook'ums. Three bodies. One skeleton. One clock. Minted on Abstract.,806.gif,Pumpkin,Classic,Wink,Witch,Chain,Candy Corn
807,Shook'um #807,A looping sheet ghost from Halloween Shook'ums. Three bodies. One skeleton. One clock. Minted on Abstract.,807.gif,Fog,Classic,Sleepy,Halo,None,Pumpkin
808,Shook'um #808,A looping sheet ghost from Halloween Shook'ums. Three bodies. One skeleton. One clock. Minted on Abstract.,808.gif,Graveyard,Blush,Sparkly,None,Bowtie,Moon
809,Shook'um #809,A looping sheet ghost from Halloween Shook'ums. Three bodies. One skeleton. One clock. Minted on Abstract.,809.gif,Dusk,Classic,Wink,Pumpkin,None,Bat
810,Shook'um #810,A looping sheet ghost from Halloween Shook'ums. Three bodies. One skeleton. One clock. Minted on Abstract.,810.gif,Candy,Blush,Spooked,None,Chain,Broom
811,Shook'um #811,A looping sheet ghost from Halloween Shook'ums. Three bodies. One skeleton. One clock. Minted on Abstract.,811.gif,Blush,Void,Normal,None,Collar,Moon
812,Shook'um #812,A looping sheet ghost from Halloween Shook'ums. Three bodies. One skeleton. One clock. Minted on Abstract.,812.gif,Pumpkin,Classic,Spooked,Flower,None,Pumpkin
813,Shook'um #813,A looping sheet ghost from Halloween Shook'ums. Three bodies. One skeleton. One clock. Minted on Abstract.,813.gif,Fog,Void,Spooked,Pumpkin,Pearls,None
814,Shook'um #814,A looping sheet ghost from Halloween Shook'ums. Three bodies. One skeleton. One clock. Minted on Abstract.,814.gif,Midnight,Classic,Normal,Party,None,Candy Corn
815,Shook'um #815,A looping sheet ghost from Halloween Shook'ums. Three bodies. One skeleton. One clock. Minted on Abstract.,815.gif,Candy,Classic,Sparkly,Crown,Cape,Broom
816,Shook'um #816,A looping sheet ghost from Halloween Shook'ums. Three bodies. One skeleton. One clock. Minted on Abstract.,816.gif,Fog,Blush,Blep,Pumpkin,Chain,Broom
817,Shook'um #817,A looping sheet ghost from Halloween Shook'ums. Three bodies. One skeleton. One clock. Minted on Abstract.,817.gif,Dusk,Classic,Sleepy,None,Chain,Candy Corn
818,Shook'um #818,A looping sheet ghost from Halloween Shook'ums. Three bodies. One skeleton. One clock. Minted on Abstract.,818.gif,Pumpkin,Blush,Blep,Pumpkin,Cape,Moon
819,Shook'um #819,A looping sheet ghost from Halloween Shook'ums. Three bodies. One skeleton. One clock. Minted on Abstract.,819.gif,Dusk,Classic,Sleepy,None,Bowtie,None
820,Shook'um #820,A looping sheet ghost from Halloween Shook'ums. Three bodies. One skeleton. One clock. Minted on Abstract.,820.gif,Blush,Blush,Sad,Wizard,Collar,Candy Corn
821,Shook'um #821,A looping sheet ghost from Halloween Shook'ums. Three bodies. One skeleton. One clock. Minted on Abstract.,821.gif,Dusk,Classic,Sleepy,Bow,Chain,Pumpkin
822,Shook'um #822,A looping sheet ghost from Halloween Shook'ums. Three bodies. One skeleton. One clock. Minted on Abstract.,822.gif,Blush,Classic,Starry,Bow,None,None
823,Shook'um #823,A looping sheet ghost from Halloween Shook'ums. Three bodies. One skeleton. One clock. Minted on Abstract.,823.gif,Pumpkin,Void,Spooked,Flower,Scarf,Candy Corn
824,Shook'um #824,A looping sheet ghost from Halloween Shook'ums. Three bodies. One skeleton. One clock. Minted on Abstract.,824.gif,Pumpkin,Blush,Blep,Halo,Collar,None
825,Shook'um #825,A looping sheet ghost from Halloween Shook'ums. Three bodies. One skeleton. One clock. Minted on Abstract.,825.gif,Fog,Classic,Normal,Crown,Scarf,Potion
826,Shook'um #826,A looping sheet ghost from Halloween Shook'ums. Three bodies. One skeleton. One clock. Minted on Abstract.,826.gif,Candy,Classic,Wink,Halo,Scarf,Candy
827,Shook'um #827,A looping sheet ghost from Halloween Shook'ums. Three bodies. One skeleton. One clock. Minted on Abstract.,827.gif,Graveyard,Void,Angry,Witch,None,Candy Corn
828,Shook'um #828,A looping sheet ghost from Halloween Shook'ums. Three bodies. One skeleton. One clock. Minted on Abstract.,828.gif,Parchment,Void,Spooked,Pumpkin,None,Pumpkin
829,Shook'um #829,A looping sheet ghost from Halloween Shook'ums. Three bodies. One skeleton. One clock. Minted on Abstract.,829.gif,Graveyard,Void,Spooked,Bow,Bowtie,Candy
830,Shook'um #830,A looping sheet ghost from Halloween Shook'ums. Three bodies. One skeleton. One clock. Minted on Abstract.,830.gif,Pumpkin,Classic,Sparkly,Wizard,Bowtie,Broom
831,Shook'um #831,A looping sheet ghost from Halloween Shook'ums. Three bodies. One skeleton. One clock. Minted on Abstract.,831.gif,Dusk,Classic,Sleepy,Halo,None,None
832,Shook'um #832,A looping sheet ghost from Halloween Shook'ums. Three bodies. One skeleton. One clock. Minted on Abstract.,832.gif,Fog,Blush,Spooked,Party,Scarf,Bat
833,Shook'um #833,A looping sheet ghost from Halloween Shook'ums. Three bodies. One skeleton. One clock. Minted on Abstract.,833.gif,Candy,Void,Normal,None,Collar,None
834,Shook'um #834,A looping sheet ghost from Halloween Shook'ums. Three bodies. One skeleton. One clock. Minted on Abstract.,834.gif,Blood Moon,Classic,Normal,Bow,Chain,None
835,Shook'um #835,A looping sheet ghost from Halloween Shook'ums. Three bodies. One skeleton. One clock. Minted on Abstract.,835.gif,Void,Blush,Blep,Flower,Scarf,Candy
836,Shook'um #836,A looping sheet ghost from Halloween Shook'ums. Three bodies. One skeleton. One clock. Minted on Abstract.,836.gif,Pumpkin,Blush,Wink,Witch,Collar,Potion
837,Shook'um #837,A looping sheet ghost from Halloween Shook'ums. Three bodies. One skeleton. One clock. Minted on Abstract.,837.gif,Parchment,Blush,Normal,None,Collar,None
838,Shook'um #838,A looping sheet ghost from Halloween Shook'ums. Three bodies. One skeleton. One clock. Minted on Abstract.,838.gif,Fog,Classic,Starry,None,Bowtie,Candy
839,Shook'um #839,A looping sheet ghost from Halloween Shook'ums. Three bodies. One skeleton. One clock. Minted on Abstract.,839.gif,Blush,Classic,Sleepy,Party,None,None
840,Shook'um #840,A looping sheet ghost from Halloween Shook'ums. Three bodies. One skeleton. One clock. Minted on Abstract.,840.gif,Candy,Classic,Spooked,Witch,None,Candy
841,Shook'um #841,A looping sheet ghost from Halloween Shook'ums. Three bodies. One skeleton. One clock. Minted on Abstract.,841.gif,Blood Moon,Classic,Sleepy,None,Pearls,None
842,Shook'um #842,A looping sheet ghost from Halloween Shook'ums. Three bodies. One skeleton. One clock. Minted on Abstract.,842.gif,Midnight,Blush,Wink,Cat Ears,None,Broom
843,Shook'um #843,A looping sheet ghost from Halloween Shook'ums. Three bodies. One skeleton. One clock. Minted on Abstract.,843.gif,Blush,Void,Wink,Wizard,Bowtie,None
844,Shook'um #844,A looping sheet ghost from Halloween Shook'ums. Three bodies. One skeleton. One clock. Minted on Abstract.,844.gif,Pumpkin,Void,Normal,None,Chain,Pumpkin
845,Shook'um #845,A looping sheet ghost from Halloween Shook'ums. Three bodies. One skeleton. One clock. Minted on Abstract.,845.gif,Graveyard,Blush,Normal,Witch,Scarf,None
846,Shook'um #846,A looping sheet ghost from Halloween Shook'ums. Three bodies. One skeleton. One clock. Minted on Abstract.,846.gif,Candy,Void,Normal,Halo,Chain,Pumpkin
847,Shook'um #847,A looping sheet ghost from Halloween Shook'ums. Three bodies. One skeleton. One clock. Minted on Abstract.,847.gif,Pumpkin,Void,Angry,None,Chain,Broom
848,Shook'um #848,A looping sheet ghost from Halloween Shook'ums. Three bodies. One skeleton. One clock. Minted on Abstract.,848.gif,Midnight,Classic,Sad,Witch,None,Broom
849,Shook'um #849,A looping sheet ghost from Halloween Shook'ums. Three bodies. One skeleton. One clock. Minted on Abstract.,849.gif,Candy,Blush,Sparkly,Flower,Bowtie,None
850,Shook'um #850,A looping sheet ghost from Halloween Shook'ums. Three bodies. One skeleton. One clock. Minted on Abstract.,850.gif,Blood Moon,Blush,Normal,Witch,Collar,None
851,Shook'um #851,A looping sheet ghost from Halloween Shook'ums. Three bodies. One skeleton. One clock. Minted on Abstract.,851.gif,Fog,Classic,Blep,Flower,None,None
852,Shook'um #852,A looping sheet ghost from Halloween Shook'ums. Three bodies. One skeleton. One clock. Minted on Abstract.,852.gif,Fog,Classic,Normal,Crown,Bowtie,Pumpkin
853,Shook'um #853,A looping sheet ghost from Halloween Shook'ums. Three bodies. One skeleton. One clock. Minted on Abstract.,853.gif,Midnight,Classic,Wink,Party,None,Candy
854,Shook'um #854,A looping sheet ghost from Halloween Shook'ums. Three bodies. One skeleton. One clock. Minted on Abstract.,854.gif,Parchment,Classic,Spooked,Halo,None,None
855,Shook'um #855,A looping sheet ghost from Halloween Shook'ums. Three bodies. One skeleton. One clock. Minted on Abstract.,855.gif,Midnight,Blush,Normal,Cat Ears,Pearls,None
856,Shook'um #856,A looping sheet ghost from Halloween Shook'ums. Three bodies. One skeleton. One clock. Minted on Abstract.,856.gif,Graveyard,Blush,Normal,Witch,Bowtie,Bat
857,Shook'um #857,A looping sheet ghost from Halloween Shook'ums. Three bodies. One skeleton. One clock. Minted on Abstract.,857.gif,Blush,Blush,Wink,Cat Ears,Cape,Pumpkin
858,Shook'um #858,A looping sheet ghost from Halloween Shook'ums. Three bodies. One skeleton. One clock. Minted on Abstract.,858.gif,Fog,Classic,Sleepy,Pumpkin,None,Candy
859,Shook'um #859,A looping sheet ghost from Halloween Shook'ums. Three bodies. One skeleton. One clock. Minted on Abstract.,859.gif,Midnight,Classic,Normal,Flower,Pearls,Candy
860,Shook'um #860,A looping sheet ghost from Halloween Shook'ums. Three bodies. One skeleton. One clock. Minted on Abstract.,860.gif,Blood Moon,Blush,Normal,Flower,Cape,Candy Corn
861,Shook'um #861,A looping sheet ghost from Halloween Shook'ums. Three bodies. One skeleton. One clock. Minted on Abstract.,861.gif,Blush,Blush,Normal,None,None,Broom
862,Shook'um #862,A looping sheet ghost from Halloween Shook'ums. Three bodies. One skeleton. One clock. Minted on Abstract.,862.gif,Dusk,Void,Blep,Halo,None,Pumpkin
863,Shook'um #863,A looping sheet ghost from Halloween Shook'ums. Three bodies. One skeleton. One clock. Minted on Abstract.,863.gif,Blush,Void,Blep,Flower,None,Candy
864,Shook'um #864,A looping sheet ghost from Halloween Shook'ums. Three bodies. One skeleton. One clock. Minted on Abstract.,864.gif,Candy,Classic,Sad,Cat Ears,None,None
865,Shook'um #865,A looping sheet ghost from Halloween Shook'ums. Three bodies. One skeleton. One clock. Minted on Abstract.,865.gif,Midnight,Classic,Normal,Halo,None,Candy
866,Shook'um #866,A looping sheet ghost from Halloween Shook'ums. Three bodies. One skeleton. One clock. Minted on Abstract.,866.gif,Fog,Classic,Sleepy,Witch,Collar,Candy Corn
867,Shook'um #867,A looping sheet ghost from Halloween Shook'ums. Three bodies. One skeleton. One clock. Minted on Abstract.,867.gif,Midnight,Blush,Spooked,Crown,None,None
868,Shook'um #868,A looping sheet ghost from Halloween Shook'ums. Three bodies. One skeleton. One clock. Minted on Abstract.,868.gif,Pumpkin,Classic,Spooked,Halo,None,None
869,Shook'um #869,A looping sheet ghost from Halloween Shook'ums. Three bodies. One skeleton. One clock. Minted on Abstract.,869.gif,Parchment,Void,Blep,Halo,None,Broom
870,Shook'um #870,A looping sheet ghost from Halloween Shook'ums. Three bodies. One skeleton. One clock. Minted on Abstract.,870.gif,Parchment,Classic,Angry,Halo,Chain,Pumpkin
871,Shook'um #871,A looping sheet ghost from Halloween Shook'ums. Three bodies. One skeleton. One clock. Minted on Abstract.,871.gif,Midnight,Blush,Spooked,Wizard,Chain,Candy
872,Shook'um #872,A looping sheet ghost from Halloween Shook'ums. Three bodies. One skeleton. One clock. Minted on Abstract.,872.gif,Parchment,Classic,Angry,Pumpkin,Bowtie,Bat
873,Shook'um #873,A looping sheet ghost from Halloween Shook'ums. Three bodies. One skeleton. One clock. Minted on Abstract.,873.gif,Midnight,Void,Spooked,Pumpkin,Bowtie,Bat
874,Shook'um #874,A looping sheet ghost from Halloween Shook'ums. Three bodies. One skeleton. One clock. Minted on Abstract.,874.gif,Parchment,Void,Sparkly,Witch,Scarf,Candy
875,Shook'um #875,A looping sheet ghost from Halloween Shook'ums. Three bodies. One skeleton. One clock. Minted on Abstract.,875.gif,Midnight,Classic,Normal,None,Bowtie,Candy Corn
876,Shook'um #876,A looping sheet ghost from Halloween Shook'ums. Three bodies. One skeleton. One clock. Minted on Abstract.,876.gif,Dusk,Void,Sparkly,None,Scarf,Broom
877,Shook'um #877,A looping sheet ghost from Halloween Shook'ums. Three bodies. One skeleton. One clock. Minted on Abstract.,877.gif,Blush,Blush,Spooked,Bow,Bowtie,Broom
878,Shook'um #878,A looping sheet ghost from Halloween Shook'ums. Three bodies. One skeleton. One clock. Minted on Abstract.,878.gif,Void,Blush,Sparkly,Cat Ears,None,Bat
879,Shook'um #879,A looping sheet ghost from Halloween Shook'ums. Three bodies. One skeleton. One clock. Minted on Abstract.,879.gif,Dusk,Classic,Blep,Flower,None,Moon
880,Shook'um #880,A looping sheet ghost from Halloween Shook'ums. Three bodies. One skeleton. One clock. Minted on Abstract.,880.gif,Fog,Classic,Normal,Pumpkin,Pearls,None
881,Shook'um #881,A looping sheet ghost from Halloween Shook'ums. Three bodies. One skeleton. One clock. Minted on Abstract.,881.gif,Pumpkin,Blush,Blep,Witch,None,Bat
882,Shook'um #882,A looping sheet ghost from Halloween Shook'ums. Three bodies. One skeleton. One clock. Minted on Abstract.,882.gif,Parchment,Void,Blep,Witch,Pearls,Bat
883,Shook'um #883,A looping sheet ghost from Halloween Shook'ums. Three bodies. One skeleton. One clock. Minted on Abstract.,883.gif,Dusk,Blush,Sad,Halo,Chain,Moon
884,Shook'um #884,A looping sheet ghost from Halloween Shook'ums. Three bodies. One skeleton. One clock. Minted on Abstract.,884.gif,Midnight,Classic,Normal,Party,Pearls,None
885,Shook'um #885,A looping sheet ghost from Halloween Shook'ums. Three bodies. One skeleton. One clock. Minted on Abstract.,885.gif,Dusk,Classic,Sparkly,Flower,Pearls,Moon
886,Shook'um #886,A looping sheet ghost from Halloween Shook'ums. Three bodies. One skeleton. One clock. Minted on Abstract.,886.gif,Midnight,Blush,Sparkly,None,None,Candy Corn
887,Shook'um #887,A looping sheet ghost from Halloween Shook'ums. Three bodies. One skeleton. One clock. Minted on Abstract.,887.gif,Midnight,Classic,Sparkly,Pumpkin,None,Broom
888,Shook'um #888,A looping sheet ghost from Halloween Shook'ums. Three bodies. One skeleton. One clock. Minted on Abstract.,888.gif,Void,Blush,Starry,Bow,Bowtie,Candy Corn
889,Shook'um #889,A looping sheet ghost from Halloween Shook'ums. Three bodies. One skeleton. One clock. Minted on Abstract.,889.gif,Midnight,Classic,Normal,Bow,Bowtie,Moon
890,Shook'um #890,A looping sheet ghost from Halloween Shook'ums. Three bodies. One skeleton. One clock. Minted on Abstract.,890.gif,Fog,Blush,Blep,Crown,Pearls,None
891,Shook'um #891,A looping sheet ghost from Halloween Shook'ums. Three bodies. One skeleton. One clock. Minted on Abstract.,891.gif,Fog,Classic,Starry,None,Scarf,None
892,Shook'um #892,A looping sheet ghost from Halloween Shook'ums. Three bodies. One skeleton. One clock. Minted on Abstract.,892.gif,Blush,Classic,Normal,Bow,None,Potion
893,Shook'um #893,A looping sheet ghost from Halloween Shook'ums. Three bodies. One skeleton. One clock. Minted on Abstract.,893.gif,Blood Moon,Classic,Sleepy,None,Chain,None
894,Shook'um #894,A looping sheet ghost from Halloween Shook'ums. Three bodies. One skeleton. One clock. Minted on Abstract.,894.gif,Candy,Classic,Sleepy,Bow,Scarf,Broom
895,Shook'um #895,A looping sheet ghost from Halloween Shook'ums. Three bodies. One skeleton. One clock. Minted on Abstract.,895.gif,Candy,Classic,Normal,Bow,Chain,Broom
896,Shook'um #896,A looping sheet ghost from Halloween Shook'ums. Three bodies. One skeleton. One clock. Minted on Abstract.,896.gif,Midnight,Blush,Normal,None,Chain,Candy
897,Shook'um #897,A looping sheet ghost from Halloween Shook'ums. Three bodies. One skeleton. One clock. Minted on Abstract.,897.gif,Parchment,Classic,Sleepy,None,None,None
898,Shook'um #898,A looping sheet ghost from Halloween Shook'ums. Three bodies. One skeleton. One clock. Minted on Abstract.,898.gif,Blush,Void,Spooked,Pumpkin,None,None
899,Shook'um #899,A looping sheet ghost from Halloween Shook'ums. Three bodies. One skeleton. One clock. Minted on Abstract.,899.gif,Fog,Blush,Sad,Halo,None,Potion
900,Shook'um #900,A looping sheet ghost from Halloween Shook'ums. Three bodies. One skeleton. One clock. Minted on Abstract.,900.gif,Candy,Classic,Starry,Bow,None,Candy Corn
901,Shook'um #901,A looping sheet ghost from Halloween Shook'ums. Three bodies. One skeleton. One clock. Minted on Abstract.,901.gif,Blush,Blush,Blep,None,Pearls,None
902,Shook'um #902,A looping sheet ghost from Halloween Shook'ums. Three bodies. One skeleton. One clock. Minted on Abstract.,902.gif,Pumpkin,Classic,Sparkly,Party,None,Broom
903,Shook'um #903,A looping sheet ghost from Halloween Shook'ums. Three bodies. One skeleton. One clock. Minted on Abstract.,903.gif,Graveyard,Classic,Sad,Witch,Bowtie,Broom
904,Shook'um #904,A looping sheet ghost from Halloween Shook'ums. Three bodies. One skeleton. One clock. Minted on Abstract.,904.gif,Candy,Classic,Blep,None,None,Potion
905,Shook'um #905,A looping sheet ghost from Halloween Shook'ums. Three bodies. One skeleton. One clock. Minted on Abstract.,905.gif,Blush,Classic,Normal,None,None,Broom
906,Shook'um #906,A looping sheet ghost from Halloween Shook'ums. Three bodies. One skeleton. One clock. Minted on Abstract.,906.gif,Parchment,Classic,Spooked,Cat Ears,Chain,Pumpkin
907,Shook'um #907,A looping sheet ghost from Halloween Shook'ums. Three bodies. One skeleton. One clock. Minted on Abstract.,907.gif,Blush,Blush,Normal,Cat Ears,Cape,Broom
908,Shook'um #908,A looping sheet ghost from Halloween Shook'ums. Three bodies. One skeleton. One clock. Minted on Abstract.,908.gif,Fog,Classic,Sparkly,Wizard,None,Moon
909,Shook'um #909,A looping sheet ghost from Halloween Shook'ums. Three bodies. One skeleton. One clock. Minted on Abstract.,909.gif,Dusk,Blush,Blep,None,None,Bat
910,Shook'um #910,A looping sheet ghost from Halloween Shook'ums. Three bodies. One skeleton. One clock. Minted on Abstract.,910.gif,Fog,Void,Normal,Cat Ears,Chain,Candy
911,Shook'um #911,A looping sheet ghost from Halloween Shook'ums. Three bodies. One skeleton. One clock. Minted on Abstract.,911.gif,Fog,Classic,Normal,Party,None,Pumpkin
912,Shook'um #912,A looping sheet ghost from Halloween Shook'ums. Three bodies. One skeleton. One clock. Minted on Abstract.,912.gif,Graveyard,Blush,Spooked,Halo,Pearls,Pumpkin
913,Shook'um #913,A looping sheet ghost from Halloween Shook'ums. Three bodies. One skeleton. One clock. Minted on Abstract.,913.gif,Parchment,Classic,Spooked,Party,None,Candy
914,Shook'um #914,A looping sheet ghost from Halloween Shook'ums. Three bodies. One skeleton. One clock. Minted on Abstract.,914.gif,Blush,Classic,Starry,Witch,Pearls,Pumpkin
915,Shook'um #915,A looping sheet ghost from Halloween Shook'ums. Three bodies. One skeleton. One clock. Minted on Abstract.,915.gif,Graveyard,Classic,Spooked,Witch,None,None
916,Shook'um #916,A looping sheet ghost from Halloween Shook'ums. Three bodies. One skeleton. One clock. Minted on Abstract.,916.gif,Candy,Blush,Sparkly,Witch,Bowtie,Bat
917,Shook'um #917,A looping sheet ghost from Halloween Shook'ums. Three bodies. One skeleton. One clock. Minted on Abstract.,917.gif,Parchment,Classic,Starry,Wizard,Chain,Pumpkin
918,Shook'um #918,A looping sheet ghost from Halloween Shook'ums. Three bodies. One skeleton. One clock. Minted on Abstract.,918.gif,Parchment,Void,Normal,None,Pearls,Pumpkin
919,Shook'um #919,A looping sheet ghost from Halloween Shook'ums. Three bodies. One skeleton. One clock. Minted on Abstract.,919.gif,Pumpkin,Classic,Sad,Party,Bowtie,None
920,Shook'um #920,A looping sheet ghost from Halloween Shook'ums. Three bodies. One skeleton. One clock. Minted on Abstract.,920.gif,Pumpkin,Blush,Spooked,Pumpkin,Cape,Candy
921,Shook'um #921,A looping sheet ghost from Halloween Shook'ums. Three bodies. One skeleton. One clock. Minted on Abstract.,921.gif,Pumpkin,Classic,Wink,Bow,Collar,Candy Corn
922,Shook'um #922,A looping sheet ghost from Halloween Shook'ums. Three bodies. One skeleton. One clock. Minted on Abstract.,922.gif,Parchment,Classic,Sparkly,Bow,Pearls,Candy Corn
923,Shook'um #923,A looping sheet ghost from Halloween Shook'ums. Three bodies. One skeleton. One clock. Minted on Abstract.,923.gif,Fog,Void,Spooked,Witch,Pearls,Pumpkin
924,Shook'um #924,A looping sheet ghost from Halloween Shook'ums. Three bodies. One skeleton. One clock. Minted on Abstract.,924.gif,Pumpkin,Blush,Wink,Pumpkin,None,Candy Corn
925,Shook'um #925,A looping sheet ghost from Halloween Shook'ums. Three bodies. One skeleton. One clock. Minted on Abstract.,925.gif,Pumpkin,Classic,Spooked,Flower,None,Bat
926,Shook'um #926,A looping sheet ghost from Halloween Shook'ums. Three bodies. One skeleton. One clock. Minted on Abstract.,926.gif,Blush,Classic,Sparkly,Cat Ears,Pearls,None
927,Shook'um #927,A looping sheet ghost from Halloween Shook'ums. Three bodies. One skeleton. One clock. Minted on Abstract.,927.gif,Midnight,Void,Spooked,Flower,Bowtie,None
928,Shook'um #928,A looping sheet ghost from Halloween Shook'ums. Three bodies. One skeleton. One clock. Minted on Abstract.,928.gif,Pumpkin,Classic,Spooked,Wizard,Cape,Pumpkin
929,Shook'um #929,A looping sheet ghost from Halloween Shook'ums. Three bodies. One skeleton. One clock. Minted on Abstract.,929.gif,Candy,Blush,Wink,None,None,Broom
930,Shook'um #930,A looping sheet ghost from Halloween Shook'ums. Three bodies. One skeleton. One clock. Minted on Abstract.,930.gif,Midnight,Blush,Sparkly,None,None,Pumpkin
931,Shook'um #931,A looping sheet ghost from Halloween Shook'ums. Three bodies. One skeleton. One clock. Minted on Abstract.,931.gif,Void,Void,Heart,Bow,Scarf,None
932,Shook'um #932,A looping sheet ghost from Halloween Shook'ums. Three bodies. One skeleton. One clock. Minted on Abstract.,932.gif,Graveyard,Blush,Normal,Pumpkin,Bowtie,Moon
933,Shook'um #933,A looping sheet ghost from Halloween Shook'ums. Three bodies. One skeleton. One clock. Minted on Abstract.,933.gif,Candy,Void,Normal,None,None,Moon
934,Shook'um #934,A looping sheet ghost from Halloween Shook'ums. Three bodies. One skeleton. One clock. Minted on Abstract.,934.gif,Blood Moon,Blush,Angry,Flower,None,Pumpkin
935,Shook'um #935,A looping sheet ghost from Halloween Shook'ums. Three bodies. One skeleton. One clock. Minted on Abstract.,935.gif,Midnight,Classic,Sparkly,None,Chain,Candy
936,Shook'um #936,A looping sheet ghost from Halloween Shook'ums. Three bodies. One skeleton. One clock. Minted on Abstract.,936.gif,Blood Moon,Classic,Sparkly,Bow,Cape,None
937,Shook'um #937,A looping sheet ghost from Halloween Shook'ums. Three bodies. One skeleton. One clock. Minted on Abstract.,937.gif,Fog,Classic,Starry,Cat Ears,None,Candy
938,Shook'um #938,A looping sheet ghost from Halloween Shook'ums. Three bodies. One skeleton. One clock. Minted on Abstract.,938.gif,Fog,Blush,Blep,Wizard,Pearls,None
939,Shook'um #939,A looping sheet ghost from Halloween Shook'ums. Three bodies. One skeleton. One clock. Minted on Abstract.,939.gif,Void,Classic,Blep,Flower,None,Candy Corn
940,Shook'um #940,A looping sheet ghost from Halloween Shook'ums. Three bodies. One skeleton. One clock. Minted on Abstract.,940.gif,Midnight,Classic,Sparkly,Witch,Scarf,Candy
941,Shook'um #941,A looping sheet ghost from Halloween Shook'ums. Three bodies. One skeleton. One clock. Minted on Abstract.,941.gif,Fog,Classic,Angry,Bow,Chain,Broom
942,Shook'um #942,A looping sheet ghost from Halloween Shook'ums. Three bodies. One skeleton. One clock. Minted on Abstract.,942.gif,Candy,Classic,Wink,Bow,Cape,None
943,Shook'um #943,A looping sheet ghost from Halloween Shook'ums. Three bodies. One skeleton. One clock. Minted on Abstract.,943.gif,Pumpkin,Classic,Sparkly,Witch,Cape,Potion
944,Shook'um #944,A looping sheet ghost from Halloween Shook'ums. Three bodies. One skeleton. One clock. Minted on Abstract.,944.gif,Void,Blush,Spooked,Flower,Bowtie,None
945,Shook'um #945,A looping sheet ghost from Halloween Shook'ums. Three bodies. One skeleton. One clock. Minted on Abstract.,945.gif,Parchment,Classic,Normal,Witch,None,Moon
946,Shook'um #946,A looping sheet ghost from Halloween Shook'ums. Three bodies. One skeleton. One clock. Minted on Abstract.,946.gif,Blush,Classic,Wink,Witch,Collar,Moon
947,Shook'um #947,A looping sheet ghost from Halloween Shook'ums. Three bodies. One skeleton. One clock. Minted on Abstract.,947.gif,Parchment,Classic,Normal,Halo,None,None
948,Shook'um #948,A looping sheet ghost from Halloween Shook'ums. Three bodies. One skeleton. One clock. Minted on Abstract.,948.gif,Midnight,Classic,Spooked,Bow,Chain,Broom
949,Shook'um #949,A looping sheet ghost from Halloween Shook'ums. Three bodies. One skeleton. One clock. Minted on Abstract.,949.gif,Fog,Blush,Normal,Pumpkin,Scarf,Potion
950,Shook'um #950,A looping sheet ghost from Halloween Shook'ums. Three bodies. One skeleton. One clock. Minted on Abstract.,950.gif,Pumpkin,Classic,Starry,Pumpkin,None,Potion
951,Shook'um #951,A looping sheet ghost from Halloween Shook'ums. Three bodies. One skeleton. One clock. Minted on Abstract.,951.gif,Graveyard,Void,Spooked,None,Scarf,Bat
952,Shook'um #952,A looping sheet ghost from Halloween Shook'ums. Three bodies. One skeleton. One clock. Minted on Abstract.,952.gif,Pumpkin,Classic,Starry,Cat Ears,Scarf,Potion
953,Shook'um #953,A looping sheet ghost from Halloween Shook'ums. Three bodies. One skeleton. One clock. Minted on Abstract.,953.gif,Parchment,Classic,Starry,Party,Collar,Candy Corn
954,Shook'um #954,A looping sheet ghost from Halloween Shook'ums. Three bodies. One skeleton. One clock. Minted on Abstract.,954.gif,Candy,Classic,Wink,None,None,Candy Corn
955,Shook'um #955,A looping sheet ghost from Halloween Shook'ums. Three bodies. One skeleton. One clock. Minted on Abstract.,955.gif,Pumpkin,Classic,Angry,Flower,Scarf,Potion
956,Shook'um #956,A looping sheet ghost from Halloween Shook'ums. Three bodies. One skeleton. One clock. Minted on Abstract.,956.gif,Midnight,Blush,Normal,Bow,Scarf,None
957,Shook'um #957,A looping sheet ghost from Halloween Shook'ums. Three bodies. One skeleton. One clock. Minted on Abstract.,957.gif,Blush,Blush,Wink,Cat Ears,Cape,Bat
958,Shook'um #958,A looping sheet ghost from Halloween Shook'ums. Three bodies. One skeleton. One clock. Minted on Abstract.,958.gif,Blush,Classic,Blep,None,None,Candy
959,Shook'um #959,A looping sheet ghost from Halloween Shook'ums. Three bodies. One skeleton. One clock. Minted on Abstract.,959.gif,Midnight,Void,Sparkly,None,None,None
960,Shook'um #960,A looping sheet ghost from Halloween Shook'ums. Three bodies. One skeleton. One clock. Minted on Abstract.,960.gif,Candy,Blush,Wink,Witch,None,Candy
961,Shook'um #961,A looping sheet ghost from Halloween Shook'ums. Three bodies. One skeleton. One clock. Minted on Abstract.,961.gif,Candy,Void,Blep,Halo,Chain,Candy Corn
962,Shook'um #962,A looping sheet ghost from Halloween Shook'ums. Three bodies. One skeleton. One clock. Minted on Abstract.,962.gif,Parchment,Blush,Normal,None,Bowtie,Pumpkin
963,Shook'um #963,A looping sheet ghost from Halloween Shook'ums. Three bodies. One skeleton. One clock. Minted on Abstract.,963.gif,Midnight,Classic,Normal,Cat Ears,Scarf,None
964,Shook'um #964,A looping sheet ghost from Halloween Shook'ums. Three bodies. One skeleton. One clock. Minted on Abstract.,964.gif,Pumpkin,Void,Spooked,Halo,None,None
965,Shook'um #965,A looping sheet ghost from Halloween Shook'ums. Three bodies. One skeleton. One clock. Minted on Abstract.,965.gif,Dusk,Classic,Normal,None,None,Candy
966,Shook'um #966,A looping sheet ghost from Halloween Shook'ums. Three bodies. One skeleton. One clock. Minted on Abstract.,966.gif,Graveyard,Classic,Normal,Bow,Collar,Potion
967,Shook'um #967,A looping sheet ghost from Halloween Shook'ums. Three bodies. One skeleton. One clock. Minted on Abstract.,967.gif,Fog,Void,Heart,None,Chain,Potion
968,Shook'um #968,A looping sheet ghost from Halloween Shook'ums. Three bodies. One skeleton. One clock. Minted on Abstract.,968.gif,Pumpkin,Classic,Heart,Bow,Cape,Pumpkin
969,Shook'um #969,A looping sheet ghost from Halloween Shook'ums. Three bodies. One skeleton. One clock. Minted on Abstract.,969.gif,Midnight,Blush,Normal,Cat Ears,Chain,Potion
970,Shook'um #970,A looping sheet ghost from Halloween Shook'ums. Three bodies. One skeleton. One clock. Minted on Abstract.,970.gif,Midnight,Classic,Starry,Bow,None,Candy Corn
971,Shook'um #971,A looping sheet ghost from Halloween Shook'ums. Three bodies. One skeleton. One clock. Minted on Abstract.,971.gif,Fog,Void,Angry,Witch,Chain,Candy
972,Shook'um #972,A looping sheet ghost from Halloween Shook'ums. Three bodies. One skeleton. One clock. Minted on Abstract.,972.gif,Fog,Classic,Normal,Crown,Pearls,Pumpkin
973,Shook'um #973,A looping sheet ghost from Halloween Shook'ums. Three bodies. One skeleton. One clock. Minted on Abstract.,973.gif,Midnight,Classic,Sleepy,Party,Pearls,None
974,Shook'um #974,A looping sheet ghost from Halloween Shook'ums. Three bodies. One skeleton. One clock. Minted on Abstract.,974.gif,Candy,Blush,Normal,Pumpkin,None,Potion
975,Shook'um #975,A looping sheet ghost from Halloween Shook'ums. Three bodies. One skeleton. One clock. Minted on Abstract.,975.gif,Candy,Classic,Blep,None,Chain,Pumpkin
976,Shook'um #976,A looping sheet ghost from Halloween Shook'ums. Three bodies. One skeleton. One clock. Minted on Abstract.,976.gif,Dusk,Classic,Wink,Pumpkin,Cape,Candy Corn
977,Shook'um #977,A looping sheet ghost from Halloween Shook'ums. Three bodies. One skeleton. One clock. Minted on Abstract.,977.gif,Candy,Blush,Spooked,None,None,None
978,Shook'um #978,A looping sheet ghost from Halloween Shook'ums. Three bodies. One skeleton. One clock. Minted on Abstract.,978.gif,Void,Blush,Blep,None,Scarf,None
979,Shook'um #979,A looping sheet ghost from Halloween Shook'ums. Three bodies. One skeleton. One clock. Minted on Abstract.,979.gif,Graveyard,Blush,Spooked,Cat Ears,Chain,Pumpkin
980,Shook'um #980,A looping sheet ghost from Halloween Shook'ums. Three bodies. One skeleton. One clock. Minted on Abstract.,980.gif,Pumpkin,Void,Heart,Witch,Pearls,None
981,Shook'um #981,A looping sheet ghost from Halloween Shook'ums. Three bodies. One skeleton. One clock. Minted on Abstract.,981.gif,Blush,Classic,Sleepy,Crown,Scarf,Bat
982,Shook'um #982,A looping sheet ghost from Halloween Shook'ums. Three bodies. One skeleton. One clock. Minted on Abstract.,982.gif,Graveyard,Classic,Sparkly,Wizard,Bowtie,None
983,Shook'um #983,A looping sheet ghost from Halloween Shook'ums. Three bodies. One skeleton. One clock. Minted on Abstract.,983.gif,Midnight,Classic,Normal,Pumpkin,Scarf,None
984,Shook'um #984,A looping sheet ghost from Halloween Shook'ums. Three bodies. One skeleton. One clock. Minted on Abstract.,984.gif,Candy,Blush,Normal,Bow,Chain,None
985,Shook'um #985,A looping sheet ghost from Halloween Shook'ums. Three bodies. One skeleton. One clock. Minted on Abstract.,985.gif,Candy,Blush,Sleepy,Cat Ears,Chain,Pumpkin
986,Shook'um #986,A looping sheet ghost from Halloween Shook'ums. Three bodies. One skeleton. One clock. Minted on Abstract.,986.gif,Graveyard,Blush,Spooked,Party,Bowtie,None
987,Shook'um #987,A looping sheet ghost from Halloween Shook'ums. Three bodies. One skeleton. One clock. Minted on Abstract.,987.gif,Candy,Void,Spooked,None,None,Broom
988,Shook'um #988,A looping sheet ghost from Halloween Shook'ums. Three bodies. One skeleton. One clock. Minted on Abstract.,988.gif,Candy,Blush,Wink,Witch,Collar,Candy Corn
989,Shook'um #989,A looping sheet ghost from Halloween Shook'ums. Three bodies. One skeleton. One clock. Minted on Abstract.,989.gif,Parchment,Classic,Sleepy,Pumpkin,Bowtie,Potion
990,Shook'um #990,A looping sheet ghost from Halloween Shook'ums. Three bodies. One skeleton. One clock. Minted on Abstract.,990.gif,Parchment,Classic,Angry,None,Cape,Potion
991,Shook'um #991,A looping sheet ghost from Halloween Shook'ums. Three bodies. One skeleton. One clock. Minted on Abstract.,991.gif,Pumpkin,Classic,Spooked,Witch,Chain,Candy Corn
992,Shook'um #992,A looping sheet ghost from Halloween Shook'ums. Three bodies. One skeleton. One clock. Minted on Abstract.,992.gif,Parchment,Blush,Sleepy,None,Cape,Candy Corn
993,Shook'um #993,A looping sheet ghost from Halloween Shook'ums. Three bodies. One skeleton. One clock. Minted on Abstract.,993.gif,Graveyard,Classic,Sleepy,Bow,Collar,Candy Corn
994,Shook'um #994,A looping sheet ghost from Halloween Shook'ums. Three bodies. One skeleton. One clock. Minted on Abstract.,994.gif,Blush,Classic,Wink,Halo,Bowtie,Broom
995,Shook'um #995,A looping sheet ghost from Halloween Shook'ums. Three bodies. One skeleton. One clock. Minted on Abstract.,995.gif,Blood Moon,Classic,Sleepy,Witch,None,Pumpkin
996,Shook'um #996,A looping sheet ghost from Halloween Shook'ums. Three bodies. One skeleton. One clock. Minted on Abstract.,996.gif,Graveyard,Blush,Sleepy,Crown,Pearls,Pumpkin
997,Shook'um #997,A looping sheet ghost from Halloween Shook'ums. Three bodies. One skeleton. One clock. Minted on Abstract.,997.gif,Fog,Blush,Spooked,Bow,None,Potion
998,Shook'um #998,A looping sheet ghost from Halloween Shook'ums. Three bodies. One skeleton. One clock. Minted on Abstract.,998.gif,Pumpkin,Classic,Sleepy,Halo,None,None
999,Shook'um #999,A looping sheet ghost from Halloween Shook'ums. Three bodies. One skeleton. One clock. Minted on Abstract.,999.gif,Candy,Classic,Blep,None,None,Candy
1000,Shook'um #1000,A looping sheet ghost from Halloween Shook'ums. Three bodies. One skeleton. One clock. Minted on Abstract.,1000.gif,Dusk,Blush,Spooked,Crown,Cape,Bat
1001,Shook'um #1001,A looping sheet ghost from Halloween Shook'ums. Three bodies. One skeleton. One clock. Minted on Abstract.,1001.gif,Dusk,Classic,Spooked,Cat Ears,Cape,Bat
1002,Shook'um #1002,A looping sheet ghost from Halloween Shook'ums. Three bodies. One skeleton. One clock. Minted on Abstract.,1002.gif,Midnight,Void,Sparkly,Halo,None,Pumpkin
1003,Shook'um #1003,A looping sheet ghost from Halloween Shook'ums. Three bodies. One skeleton. One clock. Minted on Abstract.,1003.gif,Parchment,Classic,Normal,None,Chain,None
1004,Shook'um #1004,A looping sheet ghost from Halloween Shook'ums. Three bodies. One skeleton. One clock. Minted on Abstract.,1004.gif,Pumpkin,Void,Sleepy,Flower,Scarf,Candy
1005,Shook'um #1005,A looping sheet ghost from Halloween Shook'ums. Three bodies. One skeleton. One clock. Minted on Abstract.,1005.gif,Graveyard,Classic,Normal,Party,None,Bat
1006,Shook'um #1006,A looping sheet ghost from Halloween Shook'ums. Three bodies. One skeleton. One clock. Minted on Abstract.,1006.gif,Fog,Classic,Spooked,None,Scarf,Bat
1007,Shook'um #1007,A looping sheet ghost from Halloween Shook'ums. Three bodies. One skeleton. One clock. Minted on Abstract.,1007.gif,Midnight,Blush,Spooked,Halo,None,Potion
1008,Shook'um #1008,A looping sheet ghost from Halloween Shook'ums. Three bodies. One skeleton. One clock. Minted on Abstract.,1008.gif,Parchment,Void,Normal,Pumpkin,Bowtie,Pumpkin
1009,Shook'um #1009,A looping sheet ghost from Halloween Shook'ums. Three bodies. One skeleton. One clock. Minted on Abstract.,1009.gif,Parchment,Classic,Spooked,None,Chain,Bat
1010,Shook'um #1010,A looping sheet ghost from Halloween Shook'ums. Three bodies. One skeleton. One clock. Minted on Abstract.,1010.gif,Blush,Classic,Spooked,Party,Chain,Broom
1011,Shook'um #1011,A looping sheet ghost from Halloween Shook'ums. Three bodies. One skeleton. One clock. Minted on Abstract.,1011.gif,Fog,Classic,Normal,Witch,Pearls,None
1012,Shook'um #1012,A looping sheet ghost from Halloween Shook'ums. Three bodies. One skeleton. One clock. Minted on Abstract.,1012.gif,Graveyard,Classic,Sleepy,Flower,Collar,Candy Corn
1013,Shook'um #1013,A looping sheet ghost from Halloween Shook'ums. Three bodies. One skeleton. One clock. Minted on Abstract.,1013.gif,Fog,Blush,Sparkly,Bow,Collar,Potion
1014,Shook'um #1014,A looping sheet ghost from Halloween Shook'ums. Three bodies. One skeleton. One clock. Minted on Abstract.,1014.gif,Pumpkin,Blush,Sparkly,Crown,None,None
1015,Shook'um #1015,A looping sheet ghost from Halloween Shook'ums. Three bodies. One skeleton. One clock. Minted on Abstract.,1015.gif,Candy,Blush,Sleepy,Witch,Chain,None
1016,Shook'um #1016,A looping sheet ghost from Halloween Shook'ums. Three bodies. One skeleton. One clock. Minted on Abstract.,1016.gif,Graveyard,Classic,Spooked,Witch,Chain,Candy
1017,Shook'um #1017,A looping sheet ghost from Halloween Shook'ums. Three bodies. One skeleton. One clock. Minted on Abstract.,1017.gif,Pumpkin,Classic,Wink,Witch,Pearls,Candy
1018,Shook'um #1018,A looping sheet ghost from Halloween Shook'ums. Three bodies. One skeleton. One clock. Minted on Abstract.,1018.gif,Pumpkin,Classic,Heart,Flower,None,Candy Corn
1019,Shook'um #1019,A looping sheet ghost from Halloween Shook'ums. Three bodies. One skeleton. One clock. Minted on Abstract.,1019.gif,Blood Moon,Blush,Blep,None,None,Bat
1020,Shook'um #1020,A looping sheet ghost from Halloween Shook'ums. Three bodies. One skeleton. One clock. Minted on Abstract.,1020.gif,Graveyard,Blush,Wink,None,Chain,Moon
1021,Shook'um #1021,A looping sheet ghost from Halloween Shook'ums. Three bodies. One skeleton. One clock. Minted on Abstract.,1021.gif,Graveyard,Void,Normal,None,None,None
1022,Shook'um #1022,A looping sheet ghost from Halloween Shook'ums. Three bodies. One skeleton. One clock. Minted on Abstract.,1022.gif,Pumpkin,Classic,Sad,Bow,Pearls,Moon
1023,Shook'um #1023,A looping sheet ghost from Halloween Shook'ums. Three bodies. One skeleton. One clock. Minted on Abstract.,1023.gif,Candy,Blush,Sad,None,Collar,None
1024,Shook'um #1024,A looping sheet ghost from Halloween Shook'ums. Three bodies. One skeleton. One clock. Minted on Abstract.,1024.gif,Pumpkin,Classic,Sleepy,Crown,None,Bat
1025,Shook'um #1025,A looping sheet ghost from Halloween Shook'ums. Three bodies. One skeleton. One clock. Minted on Abstract.,1025.gif,Parchment,Classic,Blep,Witch,None,Potion
1026,Shook'um #1026,A looping sheet ghost from Halloween Shook'ums. Three bodies. One skeleton. One clock. Minted on Abstract.,1026.gif,Blood Moon,Classic,Normal,Pumpkin,Bowtie,None
1027,Shook'um #1027,A looping sheet ghost from Halloween Shook'ums. Three bodies. One skeleton. One clock. Minted on Abstract.,1027.gif,Midnight,Void,Blep,Cat Ears,Collar,Pumpkin
1028,Shook'um #1028,A looping sheet ghost from Halloween Shook'ums. Three bodies. One skeleton. One clock. Minted on Abstract.,1028.gif,Fog,Classic,Angry,Halo,None,Moon
1029,Shook'um #1029,A looping sheet ghost from Halloween Shook'ums. Three bodies. One skeleton. One clock. Minted on Abstract.,1029.gif,Void,Classic,Blep,Cat Ears,Cape,Broom
1030,Shook'um #1030,A looping sheet ghost from Halloween Shook'ums. Three bodies. One skeleton. One clock. Minted on Abstract.,1030.gif,Dusk,Void,Spooked,Cat Ears,Bowtie,Moon
1031,Shook'um #1031,A looping sheet ghost from Halloween Shook'ums. Three bodies. One skeleton. One clock. Minted on Abstract.,1031.gif,Parchment,Blush,Wink,Witch,Scarf,Candy
1032,Shook'um #1032,A looping sheet ghost from Halloween Shook'ums. Three bodies. One skeleton. One clock. Minted on Abstract.,1032.gif,Graveyard,Classic,Sleepy,Halo,None,None
1033,Shook'um #1033,A looping sheet ghost from Halloween Shook'ums. Three bodies. One skeleton. One clock. Minted on Abstract.,1033.gif,Pumpkin,Blush,Blep,Halo,None,Potion
1034,Shook'um #1034,A looping sheet ghost from Halloween Shook'ums. Three bodies. One skeleton. One clock. Minted on Abstract.,1034.gif,Blush,Classic,Sparkly,None,Scarf,Pumpkin
1035,Shook'um #1035,A looping sheet ghost from Halloween Shook'ums. Three bodies. One skeleton. One clock. Minted on Abstract.,1035.gif,Candy,Void,Starry,None,Bowtie,Candy
1036,Shook'um #1036,A looping sheet ghost from Halloween Shook'ums. Three bodies. One skeleton. One clock. Minted on Abstract.,1036.gif,Candy,Blush,Normal,Cat Ears,Cape,None
1037,Shook'um #1037,A looping sheet ghost from Halloween Shook'ums. Three bodies. One skeleton. One clock. Minted on Abstract.,1037.gif,Pumpkin,Classic,Normal,Pumpkin,None,Bat
1038,Shook'um #1038,A looping sheet ghost from Halloween Shook'ums. Three bodies. One skeleton. One clock. Minted on Abstract.,1038.gif,Pumpkin,Classic,Normal,Halo,Collar,None
1039,Shook'um #1039,A looping sheet ghost from Halloween Shook'ums. Three bodies. One skeleton. One clock. Minted on Abstract.,1039.gif,Pumpkin,Classic,Spooked,Witch,None,Pumpkin
1040,Shook'um #1040,A looping sheet ghost from Halloween Shook'ums. Three bodies. One skeleton. One clock. Minted on Abstract.,1040.gif,Pumpkin,Classic,Normal,None,None,Candy
1041,Shook'um #1041,A looping sheet ghost from Halloween Shook'ums. Three bodies. One skeleton. One clock. Minted on Abstract.,1041.gif,Dusk,Void,Wink,Bow,None,None
1042,Shook'um #1042,A looping sheet ghost from Halloween Shook'ums. Three bodies. One skeleton. One clock. Minted on Abstract.,1042.gif,Void,Blush,Wink,None,Chain,Moon
1043,Shook'um #1043,A looping sheet ghost from Halloween Shook'ums. Three bodies. One skeleton. One clock. Minted on Abstract.,1043.gif,Fog,Classic,Sleepy,None,Chain,Candy
1044,Shook'um #1044,A looping sheet ghost from Halloween Shook'ums. Three bodies. One skeleton. One clock. Minted on Abstract.,1044.gif,Pumpkin,Blush,Spooked,Pumpkin,None,Potion
1045,Shook'um #1045,A looping sheet ghost from Halloween Shook'ums. Three bodies. One skeleton. One clock. Minted on Abstract.,1045.gif,Blood Moon,Blush,Spooked,Halo,None,None
1046,Shook'um #1046,A looping sheet ghost from Halloween Shook'ums. Three bodies. One skeleton. One clock. Minted on Abstract.,1046.gif,Parchment,Classic,Normal,None,Scarf,None
1047,Shook'um #1047,A looping sheet ghost from Halloween Shook'ums. Three bodies. One skeleton. One clock. Minted on Abstract.,1047.gif,Blush,Classic,Spooked,None,Pearls,Candy
1048,Shook'um #1048,A looping sheet ghost from Halloween Shook'ums. Three bodies. One skeleton. One clock. Minted on Abstract.,1048.gif,Graveyard,Classic,Normal,Party,None,Pumpkin
1049,Shook'um #1049,A looping sheet ghost from Halloween Shook'ums. Three bodies. One skeleton. One clock. Minted on Abstract.,1049.gif,Pumpkin,Classic,Spooked,None,Collar,Pumpkin
1050,Shook'um #1050,A looping sheet ghost from Halloween Shook'ums. Three bodies. One skeleton. One clock. Minted on Abstract.,1050.gif,Parchment,Classic,Blep,Witch,Collar,Pumpkin
1051,Shook'um #1051,A looping sheet ghost from Halloween Shook'ums. Three bodies. One skeleton. One clock. Minted on Abstract.,1051.gif,Parchment,Classic,Heart,Pumpkin,Bowtie,None
1052,Shook'um #1052,A looping sheet ghost from Halloween Shook'ums. Three bodies. One skeleton. One clock. Minted on Abstract.,1052.gif,Parchment,Classic,Normal,None,Pearls,Bat
1053,Shook'um #1053,A looping sheet ghost from Halloween Shook'ums. Three bodies. One skeleton. One clock. Minted on Abstract.,1053.gif,Blush,Classic,Spooked,Witch,None,None
1054,Shook'um #1054,A looping sheet ghost from Halloween Shook'ums. Three bodies. One skeleton. One clock. Minted on Abstract.,1054.gif,Parchment,Classic,Spooked,Halo,Chain,Pumpkin
1055,Shook'um #1055,A looping sheet ghost from Halloween Shook'ums. Three bodies. One skeleton. One clock. Minted on Abstract.,1055.gif,Midnight,Blush,Sleepy,Party,None,None
1056,Shook'um #1056,A looping sheet ghost from Halloween Shook'ums. Three bodies. One skeleton. One clock. Minted on Abstract.,1056.gif,Pumpkin,Classic,Starry,Flower,None,None
1057,Shook'um #1057,A looping sheet ghost from Halloween Shook'ums. Three bodies. One skeleton. One clock. Minted on Abstract.,1057.gif,Fog,Classic,Normal,Flower,Scarf,None
1058,Shook'um #1058,A looping sheet ghost from Halloween Shook'ums. Three bodies. One skeleton. One clock. Minted on Abstract.,1058.gif,Candy,Blush,Normal,Witch,Cape,Pumpkin
1059,Shook'um #1059,A looping sheet ghost from Halloween Shook'ums. Three bodies. One skeleton. One clock. Minted on Abstract.,1059.gif,Fog,Classic,Blep,None,None,Moon
1060,Shook'um #1060,A looping sheet ghost from Halloween Shook'ums. Three bodies. One skeleton. One clock. Minted on Abstract.,1060.gif,Pumpkin,Classic,Starry,None,Cape,Broom
1061,Shook'um #1061,A looping sheet ghost from Halloween Shook'ums. Three bodies. One skeleton. One clock. Minted on Abstract.,1061.gif,Graveyard,Classic,Spooked,Halo,None,Potion
1062,Shook'um #1062,A looping sheet ghost from Halloween Shook'ums. Three bodies. One skeleton. One clock. Minted on Abstract.,1062.gif,Parchment,Blush,Spooked,Cat Ears,Chain,None
1063,Shook'um #1063,A looping sheet ghost from Halloween Shook'ums. Three bodies. One skeleton. One clock. Minted on Abstract.,1063.gif,Blood Moon,Blush,Angry,Pumpkin,None,None
1064,Shook'um #1064,A looping sheet ghost from Halloween Shook'ums. Three bodies. One skeleton. One clock. Minted on Abstract.,1064.gif,Dusk,Classic,Normal,Witch,None,None
1065,Shook'um #1065,A looping sheet ghost from Halloween Shook'ums. Three bodies. One skeleton. One clock. Minted on Abstract.,1065.gif,Parchment,Classic,Normal,Pumpkin,Scarf,Broom
1066,Shook'um #1066,A looping sheet ghost from Halloween Shook'ums. Three bodies. One skeleton. One clock. Minted on Abstract.,1066.gif,Graveyard,Void,Sparkly,Flower,Collar,None
1067,Shook'um #1067,A looping sheet ghost from Halloween Shook'ums. Three bodies. One skeleton. One clock. Minted on Abstract.,1067.gif,Midnight,Blush,Sparkly,Crown,Chain,Potion
1068,Shook'um #1068,A looping sheet ghost from Halloween Shook'ums. Three bodies. One skeleton. One clock. Minted on Abstract.,1068.gif,Candy,Classic,Spooked,Bow,None,None
1069,Shook'um #1069,A looping sheet ghost from Halloween Shook'ums. Three bodies. One skeleton. One clock. Minted on Abstract.,1069.gif,Fog,Classic,Blep,Bow,Chain,Candy
1070,Shook'um #1070,A looping sheet ghost from Halloween Shook'ums. Three bodies. One skeleton. One clock. Minted on Abstract.,1070.gif,Parchment,Classic,Wink,None,None,Broom
1071,Shook'um #1071,A looping sheet ghost from Halloween Shook'ums. Three bodies. One skeleton. One clock. Minted on Abstract.,1071.gif,Blood Moon,Classic,Normal,None,Chain,None
1072,Shook'um #1072,A looping sheet ghost from Halloween Shook'ums. Three bodies. One skeleton. One clock. Minted on Abstract.,1072.gif,Pumpkin,Void,Normal,None,None,Bat
1073,Shook'um #1073,A looping sheet ghost from Halloween Shook'ums. Three bodies. One skeleton. One clock. Minted on Abstract.,1073.gif,Graveyard,Classic,Angry,None,Scarf,Candy
1074,Shook'um #1074,A looping sheet ghost from Halloween Shook'ums. Three bodies. One skeleton. One clock. Minted on Abstract.,1074.gif,Blood Moon,Blush,Angry,Halo,None,None
1075,Shook'um #1075,A looping sheet ghost from Halloween Shook'ums. Three bodies. One skeleton. One clock. Minted on Abstract.,1075.gif,Pumpkin,Blush,Sleepy,None,Pearls,Pumpkin
1076,Shook'um #1076,A looping sheet ghost from Halloween Shook'ums. Three bodies. One skeleton. One clock. Minted on Abstract.,1076.gif,Parchment,Blush,Sparkly,Crown,Pearls,Candy
1077,Shook'um #1077,A looping sheet ghost from Halloween Shook'ums. Three bodies. One skeleton. One clock. Minted on Abstract.,1077.gif,Candy,Classic,Wink,Pumpkin,Collar,Bat
1078,Shook'um #1078,A looping sheet ghost from Halloween Shook'ums. Three bodies. One skeleton. One clock. Minted on Abstract.,1078.gif,Dusk,Blush,Blep,Bow,None,Bat
1079,Shook'um #1079,A looping sheet ghost from Halloween Shook'ums. Three bodies. One skeleton. One clock. Minted on Abstract.,1079.gif,Pumpkin,Void,Heart,None,Chain,Broom
1080,Shook'um #1080,A looping sheet ghost from Halloween Shook'ums. Three bodies. One skeleton. One clock. Minted on Abstract.,1080.gif,Midnight,Classic,Sleepy,None,Bowtie,Bat
1081,Shook'um #1081,A looping sheet ghost from Halloween Shook'ums. Three bodies. One skeleton. One clock. Minted on Abstract.,1081.gif,Blood Moon,Classic,Sleepy,Pumpkin,Chain,None
1082,Shook'um #1082,A looping sheet ghost from Halloween Shook'ums. Three bodies. One skeleton. One clock. Minted on Abstract.,1082.gif,Pumpkin,Classic,Sparkly,Halo,Scarf,Candy
1083,Shook'um #1083,A looping sheet ghost from Halloween Shook'ums. Three bodies. One skeleton. One clock. Minted on Abstract.,1083.gif,Dusk,Classic,Wink,None,None,Candy Corn
1084,Shook'um #1084,A looping sheet ghost from Halloween Shook'ums. Three bodies. One skeleton. One clock. Minted on Abstract.,1084.gif,Blush,Blush,Sleepy,Witch,Chain,None
1085,Shook'um #1085,A looping sheet ghost from Halloween Shook'ums. Three bodies. One skeleton. One clock. Minted on Abstract.,1085.gif,Dusk,Void,Normal,Party,Chain,Bat
1086,Shook'um #1086,A looping sheet ghost from Halloween Shook'ums. Three bodies. One skeleton. One clock. Minted on Abstract.,1086.gif,Candy,Classic,Sparkly,None,Chain,Bat
1087,Shook'um #1087,A looping sheet ghost from Halloween Shook'ums. Three bodies. One skeleton. One clock. Minted on Abstract.,1087.gif,Pumpkin,Blush,Sad,Flower,Bowtie,None
1088,Shook'um #1088,A looping sheet ghost from Halloween Shook'ums. Three bodies. One skeleton. One clock. Minted on Abstract.,1088.gif,Blood Moon,Blush,Sleepy,None,None,Potion
1089,Shook'um #1089,A looping sheet ghost from Halloween Shook'ums. Three bodies. One skeleton. One clock. Minted on Abstract.,1089.gif,Pumpkin,Blush,Wink,Cat Ears,Scarf,Candy
1090,Shook'um #1090,A looping sheet ghost from Halloween Shook'ums. Three bodies. One skeleton. One clock. Minted on Abstract.,1090.gif,Candy,Classic,Sparkly,Flower,None,Candy
1091,Shook'um #1091,A looping sheet ghost from Halloween Shook'ums. Three bodies. One skeleton. One clock. Minted on Abstract.,1091.gif,Midnight,Blush,Spooked,Halo,Chain,Pumpkin
1092,Shook'um #1092,A looping sheet ghost from Halloween Shook'ums. Three bodies. One skeleton. One clock. Minted on Abstract.,1092.gif,Dusk,Classic,Normal,Witch,None,Candy
1093,Shook'um #1093,A looping sheet ghost from Halloween Shook'ums. Three bodies. One skeleton. One clock. Minted on Abstract.,1093.gif,Fog,Classic,Heart,Pumpkin,Pearls,Candy
1094,Shook'um #1094,A looping sheet ghost from Halloween Shook'ums. Three bodies. One skeleton. One clock. Minted on Abstract.,1094.gif,Midnight,Void,Angry,None,Cape,None
1095,Shook'um #1095,A looping sheet ghost from Halloween Shook'ums. Three bodies. One skeleton. One clock. Minted on Abstract.,1095.gif,Candy,Blush,Normal,None,Collar,None
1096,Shook'um #1096,A looping sheet ghost from Halloween Shook'ums. Three bodies. One skeleton. One clock. Minted on Abstract.,1096.gif,Fog,Blush,Sleepy,Cat Ears,Bowtie,None
1097,Shook'um #1097,A looping sheet ghost from Halloween Shook'ums. Three bodies. One skeleton. One clock. Minted on Abstract.,1097.gif,Parchment,Classic,Angry,Bow,Scarf,None
1098,Shook'um #1098,A looping sheet ghost from Halloween Shook'ums. Three bodies. One skeleton. One clock. Minted on Abstract.,1098.gif,Midnight,Void,Spooked,Halo,None,None
1099,Shook'um #1099,A looping sheet ghost from Halloween Shook'ums. Three bodies. One skeleton. One clock. Minted on Abstract.,1099.gif,Candy,Classic,Sleepy,None,None,Potion
1100,Shook'um #1100,A looping sheet ghost from Halloween Shook'ums. Three bodies. One skeleton. One clock. Minted on Abstract.,1100.gif,Blush,Blush,Spooked,None,None,None
1101,Shook'um #1101,A looping sheet ghost from Halloween Shook'ums. Three bodies. One skeleton. One clock. Minted on Abstract.,1101.gif,Fog,Classic,Sparkly,Witch,Collar,None
1102,Shook'um #1102,A looping sheet ghost from Halloween Shook'ums. Three bodies. One skeleton. One clock. Minted on Abstract.,1102.gif,Blush,Blush,Sparkly,Pumpkin,None,Pumpkin
1103,Shook'um #1103,A looping sheet ghost from Halloween Shook'ums. Three bodies. One skeleton. One clock. Minted on Abstract.,1103.gif,Fog,Blush,Normal,Bow,Scarf,None
1104,Shook'um #1104,A looping sheet ghost from Halloween Shook'ums. Three bodies. One skeleton. One clock. Minted on Abstract.,1104.gif,Midnight,Blush,Sleepy,None,Scarf,Candy Corn
1105,Shook'um #1105,A looping sheet ghost from Halloween Shook'ums. Three bodies. One skeleton. One clock. Minted on Abstract.,1105.gif,Graveyard,Classic,Sad,Pumpkin,None,None
1106,Shook'um #1106,A looping sheet ghost from Halloween Shook'ums. Three bodies. One skeleton. One clock. Minted on Abstract.,1106.gif,Candy,Void,Sleepy,Party,Cape,Candy Corn
1107,Shook'um #1107,A looping sheet ghost from Halloween Shook'ums. Three bodies. One skeleton. One clock. Minted on Abstract.,1107.gif,Fog,Void,Starry,None,Chain,Pumpkin
1108,Shook'um #1108,A looping sheet ghost from Halloween Shook'ums. Three bodies. One skeleton. One clock. Minted on Abstract.,1108.gif,Candy,Classic,Spooked,None,Chain,Potion
1109,Shook'um #1109,A looping sheet ghost from Halloween Shook'ums. Three bodies. One skeleton. One clock. Minted on Abstract.,1109.gif,Parchment,Blush,Sparkly,Wizard,Bowtie,None
1110,Shook'um #1110,A looping sheet ghost from Halloween Shook'ums. Three bodies. One skeleton. One clock. Minted on Abstract.,1110.gif,Dusk,Blush,Normal,Witch,None,Bat
1111,Shook'um #1111,A looping sheet ghost from Halloween Shook'ums. Three bodies. One skeleton. One clock. Minted on Abstract.,1111.gif,Blood Moon,Blush,Normal,None,Pearls,Candy Corn
1112,Shook'um #1112,A looping sheet ghost from Halloween Shook'ums. Three bodies. One skeleton. One clock. Minted on Abstract.,1112.gif,Graveyard,Classic,Wink,None,Collar,Pumpkin
1113,Shook'um #1113,A looping sheet ghost from Halloween Shook'ums. Three bodies. One skeleton. One clock. Minted on Abstract.,1113.gif,Pumpkin,Blush,Spooked,None,None,Pumpkin
1114,Shook'um #1114,A looping sheet ghost from Halloween Shook'ums. Three bodies. One skeleton. One clock. Minted on Abstract.,1114.gif,Blood Moon,Blush,Sparkly,Bow,Bowtie,None
1115,Shook'um #1115,A looping sheet ghost from Halloween Shook'ums. Three bodies. One skeleton. One clock. Minted on Abstract.,1115.gif,Midnight,Classic,Heart,None,None,Candy
1116,Shook'um #1116,A looping sheet ghost from Halloween Shook'ums. Three bodies. One skeleton. One clock. Minted on Abstract.,1116.gif,Graveyard,Classic,Blep,Crown,None,Pumpkin
1117,Shook'um #1117,A looping sheet ghost from Halloween Shook'ums. Three bodies. One skeleton. One clock. Minted on Abstract.,1117.gif,Midnight,Void,Spooked,Pumpkin,None,None
1118,Shook'um #1118,A looping sheet ghost from Halloween Shook'ums. Three bodies. One skeleton. One clock. Minted on Abstract.,1118.gif,Blush,Classic,Normal,Witch,None,Bat
1119,Shook'um #1119,A looping sheet ghost from Halloween Shook'ums. Three bodies. One skeleton. One clock. Minted on Abstract.,1119.gif,Midnight,Classic,Sparkly,Flower,Pearls,None
1120,Shook'um #1120,A looping sheet ghost from Halloween Shook'ums. Three bodies. One skeleton. One clock. Minted on Abstract.,1120.gif,Void,Classic,Sad,Pumpkin,None,Moon
1121,Shook'um #1121,A looping sheet ghost from Halloween Shook'ums. Three bodies. One skeleton. One clock. Minted on Abstract.,1121.gif,Void,Classic,Starry,Pumpkin,Collar,Bat
1122,Shook'um #1122,A looping sheet ghost from Halloween Shook'ums. Three bodies. One skeleton. One clock. Minted on Abstract.,1122.gif,Graveyard,Blush,Spooked,Flower,None,None
1123,Shook'um #1123,A looping sheet ghost from Halloween Shook'ums. Three bodies. One skeleton. One clock. Minted on Abstract.,1123.gif,Blood Moon,Classic,Normal,Party,Cape,Pumpkin
1124,Shook'um #1124,A looping sheet ghost from Halloween Shook'ums. Three bodies. One skeleton. One clock. Minted on Abstract.,1124.gif,Candy,Classic,Blep,Halo,Chain,Candy
1125,Shook'um #1125,A looping sheet ghost from Halloween Shook'ums. Three bodies. One skeleton. One clock. Minted on Abstract.,1125.gif,Parchment,Blush,Starry,Pumpkin,Chain,None
1126,Shook'um #1126,A looping sheet ghost from Halloween Shook'ums. Three bodies. One skeleton. One clock. Minted on Abstract.,1126.gif,Blood Moon,Void,Blep,Wizard,Pearls,Broom
1127,Shook'um #1127,A looping sheet ghost from Halloween Shook'ums. Three bodies. One skeleton. One clock. Minted on Abstract.,1127.gif,Parchment,Blush,Sparkly,Bow,None,Bat
1128,Shook'um #1128,A looping sheet ghost from Halloween Shook'ums. Three bodies. One skeleton. One clock. Minted on Abstract.,1128.gif,Candy,Void,Spooked,None,Bowtie,Pumpkin
1129,Shook'um #1129,A looping sheet ghost from Halloween Shook'ums. Three bodies. One skeleton. One clock. Minted on Abstract.,1129.gif,Parchment,Void,Blep,Flower,Scarf,Potion
1130,Shook'um #1130,A looping sheet ghost from Halloween Shook'ums. Three bodies. One skeleton. One clock. Minted on Abstract.,1130.gif,Fog,Void,Wink,None,Bowtie,None
1131,Shook'um #1131,A looping sheet ghost from Halloween Shook'ums. Three bodies. One skeleton. One clock. Minted on Abstract.,1131.gif,Fog,Classic,Wink,Wizard,Pearls,Pumpkin
1132,Shook'um #1132,A looping sheet ghost from Halloween Shook'ums. Three bodies. One skeleton. One clock. Minted on Abstract.,1132.gif,Graveyard,Classic,Sad,None,None,Bat
1133,Shook'um #1133,A looping sheet ghost from Halloween Shook'ums. Three bodies. One skeleton. One clock. Minted on Abstract.,1133.gif,Candy,Blush,Blep,None,None,None
1134,Shook'um #1134,A looping sheet ghost from Halloween Shook'ums. Three bodies. One skeleton. One clock. Minted on Abstract.,1134.gif,Pumpkin,Classic,Angry,Witch,Cape,None
1135,Shook'um #1135,A looping sheet ghost from Halloween Shook'ums. Three bodies. One skeleton. One clock. Minted on Abstract.,1135.gif,Fog,Classic,Sleepy,None,Scarf,Candy
1136,Shook'um #1136,A looping sheet ghost from Halloween Shook'ums. Three bodies. One skeleton. One clock. Minted on Abstract.,1136.gif,Midnight,Classic,Spooked,Halo,Cape,Bat
1137,Shook'um #1137,A looping sheet ghost from Halloween Shook'ums. Three bodies. One skeleton. One clock. Minted on Abstract.,1137.gif,Void,Classic,Sleepy,Bow,Cape,Candy Corn
1138,Shook'um #1138,A looping sheet ghost from Halloween Shook'ums. Three bodies. One skeleton. One clock. Minted on Abstract.,1138.gif,Dusk,Classic,Normal,Witch,Bowtie,None
1139,Shook'um #1139,A looping sheet ghost from Halloween Shook'ums. Three bodies. One skeleton. One clock. Minted on Abstract.,1139.gif,Void,Classic,Blep,Pumpkin,Scarf,None
1140,Shook'um #1140,A looping sheet ghost from Halloween Shook'ums. Three bodies. One skeleton. One clock. Minted on Abstract.,1140.gif,Void,Blush,Sad,None,Bowtie,Moon
1141,Shook'um #1141,A looping sheet ghost from Halloween Shook'ums. Three bodies. One skeleton. One clock. Minted on Abstract.,1141.gif,Graveyard,Blush,Blep,Bow,None,Pumpkin
1142,Shook'um #1142,A looping sheet ghost from Halloween Shook'ums. Three bodies. One skeleton. One clock. Minted on Abstract.,1142.gif,Blush,Classic,Wink,Bow,Pearls,Broom
1143,Shook'um #1143,A looping sheet ghost from Halloween Shook'ums. Three bodies. One skeleton. One clock. Minted on Abstract.,1143.gif,Parchment,Blush,Sparkly,Bow,Pearls,Broom
1144,Shook'um #1144,A looping sheet ghost from Halloween Shook'ums. Three bodies. One skeleton. One clock. Minted on Abstract.,1144.gif,Fog,Classic,Normal,Witch,Chain,None
1145,Shook'um #1145,A looping sheet ghost from Halloween Shook'ums. Three bodies. One skeleton. One clock. Minted on Abstract.,1145.gif,Parchment,Void,Blep,Cat Ears,None,Broom
1146,Shook'um #1146,A looping sheet ghost from Halloween Shook'ums. Three bodies. One skeleton. One clock. Minted on Abstract.,1146.gif,Parchment,Classic,Wink,Bow,Pearls,None
1147,Shook'um #1147,A looping sheet ghost from Halloween Shook'ums. Three bodies. One skeleton. One clock. Minted on Abstract.,1147.gif,Void,Classic,Spooked,Halo,None,Pumpkin
1148,Shook'um #1148,A looping sheet ghost from Halloween Shook'ums. Three bodies. One skeleton. One clock. Minted on Abstract.,1148.gif,Blush,Void,Sad,Wizard,Pearls,Bat
1149,Shook'um #1149,A looping sheet ghost from Halloween Shook'ums. Three bodies. One skeleton. One clock. Minted on Abstract.,1149.gif,Pumpkin,Void,Sleepy,Pumpkin,Pearls,None
1150,Shook'um #1150,A looping sheet ghost from Halloween Shook'ums. Three bodies. One skeleton. One clock. Minted on Abstract.,1150.gif,Candy,Classic,Sad,Flower,Collar,Pumpkin
1151,Shook'um #1151,A looping sheet ghost from Halloween Shook'ums. Three bodies. One skeleton. One clock. Minted on Abstract.,1151.gif,Midnight,Classic,Spooked,None,Scarf,Candy
1152,Shook'um #1152,A looping sheet ghost from Halloween Shook'ums. Three bodies. One skeleton. One clock. Minted on Abstract.,1152.gif,Candy,Void,Sparkly,Halo,Pearls,Moon
1153,Shook'um #1153,A looping sheet ghost from Halloween Shook'ums. Three bodies. One skeleton. One clock. Minted on Abstract.,1153.gif,Graveyard,Blush,Sparkly,Witch,Chain,Candy Corn
1154,Shook'um #1154,A looping sheet ghost from Halloween Shook'ums. Three bodies. One skeleton. One clock. Minted on Abstract.,1154.gif,Pumpkin,Void,Wink,Witch,Pearls,Bat
1155,Shook'um #1155,A looping sheet ghost from Halloween Shook'ums. Three bodies. One skeleton. One clock. Minted on Abstract.,1155.gif,Pumpkin,Void,Blep,Pumpkin,None,Broom
1156,Shook'um #1156,A looping sheet ghost from Halloween Shook'ums. Three bodies. One skeleton. One clock. Minted on Abstract.,1156.gif,Midnight,Classic,Spooked,Cat Ears,Scarf,Pumpkin
1157,Shook'um #1157,A looping sheet ghost from Halloween Shook'ums. Three bodies. One skeleton. One clock. Minted on Abstract.,1157.gif,Fog,Classic,Sparkly,None,Scarf,None
1158,Shook'um #1158,A looping sheet ghost from Halloween Shook'ums. Three bodies. One skeleton. One clock. Minted on Abstract.,1158.gif,Pumpkin,Void,Blep,Pumpkin,Bowtie,None
1159,Shook'um #1159,A looping sheet ghost from Halloween Shook'ums. Three bodies. One skeleton. One clock. Minted on Abstract.,1159.gif,Parchment,Blush,Normal,Party,None,Potion
1160,Shook'um #1160,A looping sheet ghost from Halloween Shook'ums. Three bodies. One skeleton. One clock. Minted on Abstract.,1160.gif,Fog,Blush,Sleepy,Pumpkin,None,Candy Corn
1161,Shook'um #1161,A looping sheet ghost from Halloween Shook'ums. Three bodies. One skeleton. One clock. Minted on Abstract.,1161.gif,Graveyard,Classic,Spooked,Party,None,Candy Corn
1162,Shook'um #1162,A looping sheet ghost from Halloween Shook'ums. Three bodies. One skeleton. One clock. Minted on Abstract.,1162.gif,Fog,Classic,Sleepy,Cat Ears,Collar,Pumpkin
1163,Shook'um #1163,A looping sheet ghost from Halloween Shook'ums. Three bodies. One skeleton. One clock. Minted on Abstract.,1163.gif,Parchment,Void,Angry,Bow,Bowtie,Candy
1164,Shook'um #1164,A looping sheet ghost from Halloween Shook'ums. Three bodies. One skeleton. One clock. Minted on Abstract.,1164.gif,Pumpkin,Blush,Spooked,Party,Cape,None
1165,Shook'um #1165,A looping sheet ghost from Halloween Shook'ums. Three bodies. One skeleton. One clock. Minted on Abstract.,1165.gif,Candy,Classic,Normal,None,Scarf,Candy
1166,Shook'um #1166,A looping sheet ghost from Halloween Shook'ums. Three bodies. One skeleton. One clock. Minted on Abstract.,1166.gif,Candy,Blush,Sparkly,None,Pearls,None
1167,Shook'um #1167,A looping sheet ghost from Halloween Shook'ums. Three bodies. One skeleton. One clock. Minted on Abstract.,1167.gif,Graveyard,Classic,Sleepy,Bow,Scarf,None
1168,Shook'um #1168,A looping sheet ghost from Halloween Shook'ums. Three bodies. One skeleton. One clock. Minted on Abstract.,1168.gif,Parchment,Classic,Spooked,Pumpkin,None,Candy
1169,Shook'um #1169,A looping sheet ghost from Halloween Shook'ums. Three bodies. One skeleton. One clock. Minted on Abstract.,1169.gif,Parchment,Classic,Sparkly,Wizard,Cape,Candy Corn
1170,Shook'um #1170,A looping sheet ghost from Halloween Shook'ums. Three bodies. One skeleton. One clock. Minted on Abstract.,1170.gif,Pumpkin,Blush,Blep,Flower,Pearls,Broom
1171,Shook'um #1171,A looping sheet ghost from Halloween Shook'ums. Three bodies. One skeleton. One clock. Minted on Abstract.,1171.gif,Void,Blush,Heart,None,None,Bat
1172,Shook'um #1172,A looping sheet ghost from Halloween Shook'ums. Three bodies. One skeleton. One clock. Minted on Abstract.,1172.gif,Fog,Void,Normal,Pumpkin,Pearls,Moon
1173,Shook'um #1173,A looping sheet ghost from Halloween Shook'ums. Three bodies. One skeleton. One clock. Minted on Abstract.,1173.gif,Blood Moon,Blush,Angry,None,None,None
1174,Shook'um #1174,A looping sheet ghost from Halloween Shook'ums. Three bodies. One skeleton. One clock. Minted on Abstract.,1174.gif,Parchment,Classic,Angry,None,Collar,Pumpkin
1175,Shook'um #1175,A looping sheet ghost from Halloween Shook'ums. Three bodies. One skeleton. One clock. Minted on Abstract.,1175.gif,Midnight,Blush,Sparkly,None,Bowtie,Bat
1176,Shook'um #1176,A looping sheet ghost from Halloween Shook'ums. Three bodies. One skeleton. One clock. Minted on Abstract.,1176.gif,Dusk,Blush,Spooked,Flower,None,Candy Corn
1177,Shook'um #1177,A looping sheet ghost from Halloween Shook'ums. Three bodies. One skeleton. One clock. Minted on Abstract.,1177.gif,Pumpkin,Blush,Blep,Bow,Chain,Candy
1178,Shook'um #1178,A looping sheet ghost from Halloween Shook'ums. Three bodies. One skeleton. One clock. Minted on Abstract.,1178.gif,Blush,Void,Angry,Witch,None,Bat
1179,Shook'um #1179,A looping sheet ghost from Halloween Shook'ums. Three bodies. One skeleton. One clock. Minted on Abstract.,1179.gif,Midnight,Void,Wink,Cat Ears,Chain,None
1180,Shook'um #1180,A looping sheet ghost from Halloween Shook'ums. Three bodies. One skeleton. One clock. Minted on Abstract.,1180.gif,Blush,Classic,Spooked,Cat Ears,Scarf,Bat
1181,Shook'um #1181,A looping sheet ghost from Halloween Shook'ums. Three bodies. One skeleton. One clock. Minted on Abstract.,1181.gif,Candy,Blush,Sad,Witch,None,Bat
1182,Shook'um #1182,A looping sheet ghost from Halloween Shook'ums. Three bodies. One skeleton. One clock. Minted on Abstract.,1182.gif,Blood Moon,Blush,Normal,Bow,Chain,Potion
1183,Shook'um #1183,A looping sheet ghost from Halloween Shook'ums. Three bodies. One skeleton. One clock. Minted on Abstract.,1183.gif,Fog,Classic,Sparkly,Bow,None,Pumpkin
1184,Shook'um #1184,A looping sheet ghost from Halloween Shook'ums. Three bodies. One skeleton. One clock. Minted on Abstract.,1184.gif,Fog,Blush,Wink,Witch,Pearls,None
1185,Shook'um #1185,A looping sheet ghost from Halloween Shook'ums. Three bodies. One skeleton. One clock. Minted on Abstract.,1185.gif,Pumpkin,Classic,Sleepy,Crown,Cape,Moon
1186,Shook'um #1186,A looping sheet ghost from Halloween Shook'ums. Three bodies. One skeleton. One clock. Minted on Abstract.,1186.gif,Pumpkin,Blush,Wink,Flower,None,Bat
1187,Shook'um #1187,A looping sheet ghost from Halloween Shook'ums. Three bodies. One skeleton. One clock. Minted on Abstract.,1187.gif,Candy,Classic,Spooked,Wizard,None,Candy Corn
1188,Shook'um #1188,A looping sheet ghost from Halloween Shook'ums. Three bodies. One skeleton. One clock. Minted on Abstract.,1188.gif,Parchment,Classic,Normal,Cat Ears,Bowtie,Bat
1189,Shook'um #1189,A looping sheet ghost from Halloween Shook'ums. Three bodies. One skeleton. One clock. Minted on Abstract.,1189.gif,Candy,Blush,Blep,None,None,Candy
1190,Shook'um #1190,A looping sheet ghost from Halloween Shook'ums. Three bodies. One skeleton. One clock. Minted on Abstract.,1190.gif,Pumpkin,Void,Wink,Cat Ears,None,Potion
1191,Shook'um #1191,A looping sheet ghost from Halloween Shook'ums. Three bodies. One skeleton. One clock. Minted on Abstract.,1191.gif,Pumpkin,Classic,Wink,Pumpkin,None,Bat
1192,Shook'um #1192,A looping sheet ghost from Halloween Shook'ums. Three bodies. One skeleton. One clock. Minted on Abstract.,1192.gif,Candy,Void,Spooked,Witch,None,Potion
1193,Shook'um #1193,A looping sheet ghost from Halloween Shook'ums. Three bodies. One skeleton. One clock. Minted on Abstract.,1193.gif,Graveyard,Void,Sparkly,Halo,Bowtie,Candy
1194,Shook'um #1194,A looping sheet ghost from Halloween Shook'ums. Three bodies. One skeleton. One clock. Minted on Abstract.,1194.gif,Midnight,Void,Sparkly,Halo,None,Bat
1195,Shook'um #1195,A looping sheet ghost from Halloween Shook'ums. Three bodies. One skeleton. One clock. Minted on Abstract.,1195.gif,Graveyard,Classic,Blep,Witch,Scarf,None
1196,Shook'um #1196,A looping sheet ghost from Halloween Shook'ums. Three bodies. One skeleton. One clock. Minted on Abstract.,1196.gif,Fog,Void,Sparkly,Party,Pearls,Broom
1197,Shook'um #1197,A looping sheet ghost from Halloween Shook'ums. Three bodies. One skeleton. One clock. Minted on Abstract.,1197.gif,Fog,Classic,Wink,Flower,Scarf,Candy
1198,Shook'um #1198,A looping sheet ghost from Halloween Shook'ums. Three bodies. One skeleton. One clock. Minted on Abstract.,1198.gif,Fog,Classic,Starry,Cat Ears,Chain,Candy
1199,Shook'um #1199,A looping sheet ghost from Halloween Shook'ums. Three bodies. One skeleton. One clock. Minted on Abstract.,1199.gif,Parchment,Classic,Sad,Flower,Bowtie,None
1200,Shook'um #1200,A looping sheet ghost from Halloween Shook'ums. Three bodies. One skeleton. One clock. Minted on Abstract.,1200.gif,Blush,Blush,Sparkly,Party,None,Broom
1201,Shook'um #1201,A looping sheet ghost from Halloween Shook'ums. Three bodies. One skeleton. One clock. Minted on Abstract.,1201.gif,Graveyard,Blush,Normal,Halo,Scarf,None
1202,Shook'um #1202,A looping sheet ghost from Halloween Shook'ums. Three bodies. One skeleton. One clock. Minted on Abstract.,1202.gif,Pumpkin,Blush,Wink,Witch,Bowtie,Pumpkin
1203,Shook'um #1203,A looping sheet ghost from Halloween Shook'ums. Three bodies. One skeleton. One clock. Minted on Abstract.,1203.gif,Blood Moon,Blush,Blep,Flower,Scarf,Candy
1204,Shook'um #1204,A looping sheet ghost from Halloween Shook'ums. Three bodies. One skeleton. One clock. Minted on Abstract.,1204.gif,Graveyard,Classic,Normal,Witch,Pearls,Potion
1205,Shook'um #1205,A looping sheet ghost from Halloween Shook'ums. Three bodies. One skeleton. One clock. Minted on Abstract.,1205.gif,Midnight,Classic,Normal,Witch,Pearls,None
1206,Shook'um #1206,A looping sheet ghost from Halloween Shook'ums. Three bodies. One skeleton. One clock. Minted on Abstract.,1206.gif,Parchment,Classic,Normal,Witch,Scarf,None
1207,Shook'um #1207,A looping sheet ghost from Halloween Shook'ums. Three bodies. One skeleton. One clock. Minted on Abstract.,1207.gif,Pumpkin,Classic,Spooked,Bow,Bowtie,Pumpkin
1208,Shook'um #1208,A looping sheet ghost from Halloween Shook'ums. Three bodies. One skeleton. One clock. Minted on Abstract.,1208.gif,Graveyard,Blush,Wink,None,None,Pumpkin
1209,Shook'um #1209,A looping sheet ghost from Halloween Shook'ums. Three bodies. One skeleton. One clock. Minted on Abstract.,1209.gif,Dusk,Blush,Sparkly,None,None,Broom
1210,Shook'um #1210,A looping sheet ghost from Halloween Shook'ums. Three bodies. One skeleton. One clock. Minted on Abstract.,1210.gif,Fog,Classic,Normal,Flower,None,None
1211,Shook'um #1211,A looping sheet ghost from Halloween Shook'ums. Three bodies. One skeleton. One clock. Minted on Abstract.,1211.gif,Blood Moon,Blush,Spooked,Crown,Chain,None
1212,Shook'um #1212,A looping sheet ghost from Halloween Shook'ums. Three bodies. One skeleton. One clock. Minted on Abstract.,1212.gif,Dusk,Blush,Normal,Halo,None,None
1213,Shook'um #1213,A looping sheet ghost from Halloween Shook'ums. Three bodies. One skeleton. One clock. Minted on Abstract.,1213.gif,Candy,Blush,Normal,Witch,Scarf,Pumpkin
1214,Shook'um #1214,A looping sheet ghost from Halloween Shook'ums. Three bodies. One skeleton. One clock. Minted on Abstract.,1214.gif,Blood Moon,Classic,Normal,Witch,Bowtie,Bat
1215,Shook'um #1215,A looping sheet ghost from Halloween Shook'ums. Three bodies. One skeleton. One clock. Minted on Abstract.,1215.gif,Blood Moon,Classic,Sleepy,Flower,None,Broom
1216,Shook'um #1216,A looping sheet ghost from Halloween Shook'ums. Three bodies. One skeleton. One clock. Minted on Abstract.,1216.gif,Candy,Classic,Spooked,Cat Ears,None,Potion
1217,Shook'um #1217,A looping sheet ghost from Halloween Shook'ums. Three bodies. One skeleton. One clock. Minted on Abstract.,1217.gif,Candy,Void,Spooked,None,None,Candy
1218,Shook'um #1218,A looping sheet ghost from Halloween Shook'ums. Three bodies. One skeleton. One clock. Minted on Abstract.,1218.gif,Candy,Blush,Blep,Party,Bowtie,None
1219,Shook'um #1219,A looping sheet ghost from Halloween Shook'ums. Three bodies. One skeleton. One clock. Minted on Abstract.,1219.gif,Blush,Classic,Wink,Flower,Scarf,Pumpkin
1220,Shook'um #1220,A looping sheet ghost from Halloween Shook'ums. Three bodies. One skeleton. One clock. Minted on Abstract.,1220.gif,Blush,Classic,Sleepy,None,Pearls,Moon
1221,Shook'um #1221,A looping sheet ghost from Halloween Shook'ums. Three bodies. One skeleton. One clock. Minted on Abstract.,1221.gif,Blood Moon,Classic,Heart,Wizard,Scarf,Pumpkin
1222,Shook'um #1222,A looping sheet ghost from Halloween Shook'ums. Three bodies. One skeleton. One clock. Minted on Abstract.,1222.gif,Midnight,Blush,Normal,Witch,Bowtie,Candy Corn
1223,Shook'um #1223,A looping sheet ghost from Halloween Shook'ums. Three bodies. One skeleton. One clock. Minted on Abstract.,1223.gif,Pumpkin,Void,Angry,Bow,Bowtie,Pumpkin
1224,Shook'um #1224,A looping sheet ghost from Halloween Shook'ums. Three bodies. One skeleton. One clock. Minted on Abstract.,1224.gif,Pumpkin,Void,Spooked,Bow,Pearls,Candy Corn
1225,Shook'um #1225,A looping sheet ghost from Halloween Shook'ums. Three bodies. One skeleton. One clock. Minted on Abstract.,1225.gif,Candy,Classic,Starry,None,Bowtie,Pumpkin
1226,Shook'um #1226,A looping sheet ghost from Halloween Shook'ums. Three bodies. One skeleton. One clock. Minted on Abstract.,1226.gif,Fog,Classic,Normal,None,Scarf,Broom
1227,Shook'um #1227,A looping sheet ghost from Halloween Shook'ums. Three bodies. One skeleton. One clock. Minted on Abstract.,1227.gif,Blood Moon,Blush,Wink,Witch,None,None
1228,Shook'um #1228,A looping sheet ghost from Halloween Shook'ums. Three bodies. One skeleton. One clock. Minted on Abstract.,1228.gif,Candy,Classic,Normal,None,None,Pumpkin
1229,Shook'um #1229,A looping sheet ghost from Halloween Shook'ums. Three bodies. One skeleton. One clock. Minted on Abstract.,1229.gif,Graveyard,Classic,Angry,Witch,None,Pumpkin
1230,Shook'um #1230,A looping sheet ghost from Halloween Shook'ums. Three bodies. One skeleton. One clock. Minted on Abstract.,1230.gif,Parchment,Classic,Wink,Bow,None,None
1231,Shook'um #1231,A looping sheet ghost from Halloween Shook'ums. Three bodies. One skeleton. One clock. Minted on Abstract.,1231.gif,Dusk,Classic,Sparkly,Flower,None,None
1232,Shook'um #1232,A looping sheet ghost from Halloween Shook'ums. Three bodies. One skeleton. One clock. Minted on Abstract.,1232.gif,Graveyard,Void,Angry,Cat Ears,Bowtie,None
1233,Shook'um #1233,A looping sheet ghost from Halloween Shook'ums. Three bodies. One skeleton. One clock. Minted on Abstract.,1233.gif,Graveyard,Blush,Blep,Witch,Chain,Candy
1234,Shook'um #1234,A looping sheet ghost from Halloween Shook'ums. Three bodies. One skeleton. One clock. Minted on Abstract.,1234.gif,Blush,Classic,Sparkly,Witch,Chain,None
1235,Shook'um #1235,A looping sheet ghost from Halloween Shook'ums. Three bodies. One skeleton. One clock. Minted on Abstract.,1235.gif,Blush,Blush,Sleepy,Cat Ears,None,Pumpkin
1236,Shook'um #1236,A looping sheet ghost from Halloween Shook'ums. Three bodies. One skeleton. One clock. Minted on Abstract.,1236.gif,Graveyard,Blush,Wink,Cat Ears,Chain,None
1237,Shook'um #1237,A looping sheet ghost from Halloween Shook'ums. Three bodies. One skeleton. One clock. Minted on Abstract.,1237.gif,Graveyard,Classic,Sleepy,Flower,Bowtie,Bat
1238,Shook'um #1238,A looping sheet ghost from Halloween Shook'ums. Three bodies. One skeleton. One clock. Minted on Abstract.,1238.gif,Midnight,Classic,Blep,Cat Ears,None,Candy Corn
1239,Shook'um #1239,A looping sheet ghost from Halloween Shook'ums. Three bodies. One skeleton. One clock. Minted on Abstract.,1239.gif,Parchment,Classic,Spooked,Cat Ears,Bowtie,Broom
1240,Shook'um #1240,A looping sheet ghost from Halloween Shook'ums. Three bodies. One skeleton. One clock. Minted on Abstract.,1240.gif,Graveyard,Blush,Angry,None,Pearls,None
1241,Shook'um #1241,A looping sheet ghost from Halloween Shook'ums. Three bodies. One skeleton. One clock. Minted on Abstract.,1241.gif,Pumpkin,Void,Wink,Halo,Scarf,Moon
1242,Shook'um #1242,A looping sheet ghost from Halloween Shook'ums. Three bodies. One skeleton. One clock. Minted on Abstract.,1242.gif,Graveyard,Classic,Starry,Flower,None,Broom
1243,Shook'um #1243,A looping sheet ghost from Halloween Shook'ums. Three bodies. One skeleton. One clock. Minted on Abstract.,1243.gif,Midnight,Blush,Spooked,None,Chain,Bat
1244,Shook'um #1244,A looping sheet ghost from Halloween Shook'ums. Three bodies. One skeleton. One clock. Minted on Abstract.,1244.gif,Graveyard,Void,Angry,None,Scarf,Candy
1245,Shook'um #1245,A looping sheet ghost from Halloween Shook'ums. Three bodies. One skeleton. One clock. Minted on Abstract.,1245.gif,Graveyard,Classic,Sleepy,Cat Ears,Scarf,Bat
1246,Shook'um #1246,A looping sheet ghost from Halloween Shook'ums. Three bodies. One skeleton. One clock. Minted on Abstract.,1246.gif,Midnight,Blush,Wink,Cat Ears,Scarf,None
1247,Shook'um #1247,A looping sheet ghost from Halloween Shook'ums. Three bodies. One skeleton. One clock. Minted on Abstract.,1247.gif,Pumpkin,Classic,Sad,Pumpkin,None,None
1248,Shook'um #1248,A looping sheet ghost from Halloween Shook'ums. Three bodies. One skeleton. One clock. Minted on Abstract.,1248.gif,Blush,Blush,Angry,Wizard,None,Moon
1249,Shook'um #1249,A looping sheet ghost from Halloween Shook'ums. Three bodies. One skeleton. One clock. Minted on Abstract.,1249.gif,Midnight,Classic,Angry,Bow,None,None
1250,Shook'um #1250,A looping sheet ghost from Halloween Shook'ums. Three bodies. One skeleton. One clock. Minted on Abstract.,1250.gif,Fog,Void,Sleepy,Witch,Collar,Pumpkin
1251,Shook'um #1251,A looping sheet ghost from Halloween Shook'ums. Three bodies. One skeleton. One clock. Minted on Abstract.,1251.gif,Midnight,Classic,Normal,Bow,Scarf,Candy Corn
1252,Shook'um #1252,A looping sheet ghost from Halloween Shook'ums. Three bodies. One skeleton. One clock. Minted on Abstract.,1252.gif,Blush,Classic,Normal,Pumpkin,Pearls,Potion
1253,Shook'um #1253,A looping sheet ghost from Halloween Shook'ums. Three bodies. One skeleton. One clock. Minted on Abstract.,1253.gif,Graveyard,Void,Blep,Flower,Cape,None
1254,Shook'um #1254,A looping sheet ghost from Halloween Shook'ums. Three bodies. One skeleton. One clock. Minted on Abstract.,1254.gif,Graveyard,Classic,Sparkly,Flower,Scarf,Candy Corn
1255,Shook'um #1255,A looping sheet ghost from Halloween Shook'ums. Three bodies. One skeleton. One clock. Minted on Abstract.,1255.gif,Dusk,Void,Sleepy,None,Chain,Candy Corn
1256,Shook'um #1256,A looping sheet ghost from Halloween Shook'ums. Three bodies. One skeleton. One clock. Minted on Abstract.,1256.gif,Fog,Classic,Sleepy,None,None,Candy
1257,Shook'um #1257,A looping sheet ghost from Halloween Shook'ums. Three bodies. One skeleton. One clock. Minted on Abstract.,1257.gif,Midnight,Classic,Blep,None,Bowtie,None
1258,Shook'um #1258,A looping sheet ghost from Halloween Shook'ums. Three bodies. One skeleton. One clock. Minted on Abstract.,1258.gif,Fog,Classic,Spooked,Flower,Chain,Pumpkin
1259,Shook'um #1259,A looping sheet ghost from Halloween Shook'ums. Three bodies. One skeleton. One clock. Minted on Abstract.,1259.gif,Graveyard,Blush,Blep,None,None,Candy Corn
1260,Shook'um #1260,A looping sheet ghost from Halloween Shook'ums. Three bodies. One skeleton. One clock. Minted on Abstract.,1260.gif,Parchment,Classic,Normal,Witch,None,Bat
1261,Shook'um #1261,A looping sheet ghost from Halloween Shook'ums. Three bodies. One skeleton. One clock. Minted on Abstract.,1261.gif,Blush,Classic,Blep,Crown,Bowtie,Bat
1262,Shook'um #1262,A looping sheet ghost from Halloween Shook'ums. Three bodies. One skeleton. One clock. Minted on Abstract.,1262.gif,Dusk,Classic,Wink,Bow,Collar,Pumpkin
1263,Shook'um #1263,A looping sheet ghost from Halloween Shook'ums. Three bodies. One skeleton. One clock. Minted on Abstract.,1263.gif,Candy,Void,Spooked,Party,Chain,None
1264,Shook'um #1264,A looping sheet ghost from Halloween Shook'ums. Three bodies. One skeleton. One clock. Minted on Abstract.,1264.gif,Void,Blush,Spooked,None,Collar,None
1265,Shook'um #1265,A looping sheet ghost from Halloween Shook'ums. Three bodies. One skeleton. One clock. Minted on Abstract.,1265.gif,Candy,Classic,Sleepy,Halo,Scarf,Candy
1266,Shook'um #1266,A looping sheet ghost from Halloween Shook'ums. Three bodies. One skeleton. One clock. Minted on Abstract.,1266.gif,Midnight,Classic,Angry,None,Pearls,Potion
1267,Shook'um #1267,A looping sheet ghost from Halloween Shook'ums. Three bodies. One skeleton. One clock. Minted on Abstract.,1267.gif,Fog,Classic,Spooked,Bow,Chain,Pumpkin
1268,Shook'um #1268,A looping sheet ghost from Halloween Shook'ums. Three bodies. One skeleton. One clock. Minted on Abstract.,1268.gif,Pumpkin,Classic,Blep,Bow,Chain,Candy
1269,Shook'um #1269,A looping sheet ghost from Halloween Shook'ums. Three bodies. One skeleton. One clock. Minted on Abstract.,1269.gif,Parchment,Classic,Blep,Wizard,None,Candy Corn
1270,Shook'um #1270,A looping sheet ghost from Halloween Shook'ums. Three bodies. One skeleton. One clock. Minted on Abstract.,1270.gif,Midnight,Classic,Angry,Crown,Bowtie,Candy
1271,Shook'um #1271,A looping sheet ghost from Halloween Shook'ums. Three bodies. One skeleton. One clock. Minted on Abstract.,1271.gif,Blush,Void,Spooked,Party,Bowtie,None
1272,Shook'um #1272,A looping sheet ghost from Halloween Shook'ums. Three bodies. One skeleton. One clock. Minted on Abstract.,1272.gif,Void,Classic,Spooked,None,None,Candy Corn
1273,Shook'um #1273,A looping sheet ghost from Halloween Shook'ums. Three bodies. One skeleton. One clock. Minted on Abstract.,1273.gif,Parchment,Void,Spooked,None,Cape,Candy
1274,Shook'um #1274,A looping sheet ghost from Halloween Shook'ums. Three bodies. One skeleton. One clock. Minted on Abstract.,1274.gif,Midnight,Classic,Angry,Bow,Bowtie,Candy
1275,Shook'um #1275,A looping sheet ghost from Halloween Shook'ums. Three bodies. One skeleton. One clock. Minted on Abstract.,1275.gif,Dusk,Blush,Sleepy,None,Chain,Pumpkin
1276,Shook'um #1276,A looping sheet ghost from Halloween Shook'ums. Three bodies. One skeleton. One clock. Minted on Abstract.,1276.gif,Graveyard,Classic,Heart,Flower,Collar,Pumpkin
1277,Shook'um #1277,A looping sheet ghost from Halloween Shook'ums. Three bodies. One skeleton. One clock. Minted on Abstract.,1277.gif,Blood Moon,Classic,Sleepy,Witch,None,Bat
1278,Shook'um #1278,A looping sheet ghost from Halloween Shook'ums. Three bodies. One skeleton. One clock. Minted on Abstract.,1278.gif,Dusk,Classic,Sad,Cat Ears,None,Candy
1279,Shook'um #1279,A looping sheet ghost from Halloween Shook'ums. Three bodies. One skeleton. One clock. Minted on Abstract.,1279.gif,Blush,Classic,Angry,None,None,None
1280,Shook'um #1280,A looping sheet ghost from Halloween Shook'ums. Three bodies. One skeleton. One clock. Minted on Abstract.,1280.gif,Blush,Classic,Sleepy,None,None,Moon
1281,Shook'um #1281,A looping sheet ghost from Halloween Shook'ums. Three bodies. One skeleton. One clock. Minted on Abstract.,1281.gif,Parchment,Blush,Blep,None,Chain,None
1282,Shook'um #1282,A looping sheet ghost from Halloween Shook'ums. Three bodies. One skeleton. One clock. Minted on Abstract.,1282.gif,Candy,Classic,Wink,Wizard,Bowtie,Pumpkin
1283,Shook'um #1283,A looping sheet ghost from Halloween Shook'ums. Three bodies. One skeleton. One clock. Minted on Abstract.,1283.gif,Dusk,Blush,Blep,Cat Ears,Chain,Moon
1284,Shook'um #1284,A looping sheet ghost from Halloween Shook'ums. Three bodies. One skeleton. One clock. Minted on Abstract.,1284.gif,Blush,Blush,Normal,Witch,Scarf,Bat
1285,Shook'um #1285,A looping sheet ghost from Halloween Shook'ums. Three bodies. One skeleton. One clock. Minted on Abstract.,1285.gif,Blush,Classic,Sleepy,None,Chain,None
1286,Shook'um #1286,A looping sheet ghost from Halloween Shook'ums. Three bodies. One skeleton. One clock. Minted on Abstract.,1286.gif,Fog,Classic,Spooked,None,Cape,Bat
1287,Shook'um #1287,A looping sheet ghost from Halloween Shook'ums. Three bodies. One skeleton. One clock. Minted on Abstract.,1287.gif,Candy,Classic,Spooked,Witch,Pearls,Candy Corn
1288,Shook'um #1288,A looping sheet ghost from Halloween Shook'ums. Three bodies. One skeleton. One clock. Minted on Abstract.,1288.gif,Parchment,Blush,Sad,Crown,Chain,Candy Corn
1289,Shook'um #1289,A looping sheet ghost from Halloween Shook'ums. Three bodies. One skeleton. One clock. Minted on Abstract.,1289.gif,Midnight,Classic,Normal,None,None,Potion
1290,Shook'um #1290,A looping sheet ghost from Halloween Shook'ums. Three bodies. One skeleton. One clock. Minted on Abstract.,1290.gif,Pumpkin,Classic,Starry,Cat Ears,None,None
1291,Shook'um #1291,A looping sheet ghost from Halloween Shook'ums. Three bodies. One skeleton. One clock. Minted on Abstract.,1291.gif,Pumpkin,Blush,Spooked,None,Scarf,Moon
1292,Shook'um #1292,A looping sheet ghost from Halloween Shook'ums. Three bodies. One skeleton. One clock. Minted on Abstract.,1292.gif,Dusk,Classic,Blep,Pumpkin,Chain,None
1293,Shook'um #1293,A looping sheet ghost from Halloween Shook'ums. Three bodies. One skeleton. One clock. Minted on Abstract.,1293.gif,Void,Blush,Sad,Witch,None,None
1294,Shook'um #1294,A looping sheet ghost from Halloween Shook'ums. Three bodies. One skeleton. One clock. Minted on Abstract.,1294.gif,Parchment,Classic,Angry,Witch,Cape,Bat
1295,Shook'um #1295,A looping sheet ghost from Halloween Shook'ums. Three bodies. One skeleton. One clock. Minted on Abstract.,1295.gif,Parchment,Void,Wink,Party,Collar,Pumpkin
1296,Shook'um #1296,A looping sheet ghost from Halloween Shook'ums. Three bodies. One skeleton. One clock. Minted on Abstract.,1296.gif,Dusk,Blush,Normal,Pumpkin,Collar,Bat
1297,Shook'um #1297,A looping sheet ghost from Halloween Shook'ums. Three bodies. One skeleton. One clock. Minted on Abstract.,1297.gif,Pumpkin,Classic,Sad,None,Chain,Pumpkin
1298,Shook'um #1298,A looping sheet ghost from Halloween Shook'ums. Three bodies. One skeleton. One clock. Minted on Abstract.,1298.gif,Pumpkin,Void,Angry,Halo,None,None
1299,Shook'um #1299,A looping sheet ghost from Halloween Shook'ums. Three bodies. One skeleton. One clock. Minted on Abstract.,1299.gif,Dusk,Classic,Normal,None,Collar,None
1300,Shook'um #1300,A looping sheet ghost from Halloween Shook'ums. Three bodies. One skeleton. One clock. Minted on Abstract.,1300.gif,Fog,Classic,Sparkly,Pumpkin,None,None
1301,Shook'um #1301,A looping sheet ghost from Halloween Shook'ums. Three bodies. One skeleton. One clock. Minted on Abstract.,1301.gif,Midnight,Blush,Spooked,Bow,None,Candy
1302,Shook'um #1302,A looping sheet ghost from Halloween Shook'ums. Three bodies. One skeleton. One clock. Minted on Abstract.,1302.gif,Void,Classic,Blep,Crown,None,Bat
1303,Shook'um #1303,A looping sheet ghost from Halloween Shook'ums. Three bodies. One skeleton. One clock. Minted on Abstract.,1303.gif,Dusk,Classic,Sleepy,Party,Pearls,None
1304,Shook'um #1304,A looping sheet ghost from Halloween Shook'ums. Three bodies. One skeleton. One clock. Minted on Abstract.,1304.gif,Midnight,Void,Angry,None,Pearls,Broom
1305,Shook'um #1305,A looping sheet ghost from Halloween Shook'ums. Three bodies. One skeleton. One clock. Minted on Abstract.,1305.gif,Pumpkin,Blush,Sleepy,Flower,None,Candy Corn
1306,Shook'um #1306,A looping sheet ghost from Halloween Shook'ums. Three bodies. One skeleton. One clock. Minted on Abstract.,1306.gif,Candy,Void,Sleepy,Wizard,Chain,Moon
1307,Shook'um #1307,A looping sheet ghost from Halloween Shook'ums. Three bodies. One skeleton. One clock. Minted on Abstract.,1307.gif,Pumpkin,Classic,Sleepy,Bow,Chain,Broom
1308,Shook'um #1308,A looping sheet ghost from Halloween Shook'ums. Three bodies. One skeleton. One clock. Minted on Abstract.,1308.gif,Candy,Blush,Heart,Pumpkin,None,None
1309,Shook'um #1309,A looping sheet ghost from Halloween Shook'ums. Three bodies. One skeleton. One clock. Minted on Abstract.,1309.gif,Dusk,Blush,Wink,Cat Ears,None,None
1310,Shook'um #1310,A looping sheet ghost from Halloween Shook'ums. Three bodies. One skeleton. One clock. Minted on Abstract.,1310.gif,Fog,Classic,Blep,None,Pearls,Bat
1311,Shook'um #1311,A looping sheet ghost from Halloween Shook'ums. Three bodies. One skeleton. One clock. Minted on Abstract.,1311.gif,Fog,Classic,Starry,None,Chain,Bat
1312,Shook'um #1312,A looping sheet ghost from Halloween Shook'ums. Three bodies. One skeleton. One clock. Minted on Abstract.,1312.gif,Pumpkin,Blush,Sleepy,Party,Pearls,Candy
1313,Shook'um #1313,A looping sheet ghost from Halloween Shook'ums. Three bodies. One skeleton. One clock. Minted on Abstract.,1313.gif,Pumpkin,Classic,Normal,Pumpkin,Bowtie,Candy Corn
1314,Shook'um #1314,A looping sheet ghost from Halloween Shook'ums. Three bodies. One skeleton. One clock. Minted on Abstract.,1314.gif,Candy,Blush,Wink,None,None,Candy Corn
1315,Shook'um #1315,A looping sheet ghost from Halloween Shook'ums. Three bodies. One skeleton. One clock. Minted on Abstract.,1315.gif,Blush,Classic,Sleepy,None,Chain,Candy Corn
1316,Shook'um #1316,A looping sheet ghost from Halloween Shook'ums. Three bodies. One skeleton. One clock. Minted on Abstract.,1316.gif,Candy,Classic,Sleepy,Wizard,Scarf,Candy
1317,Shook'um #1317,A looping sheet ghost from Halloween Shook'ums. Three bodies. One skeleton. One clock. Minted on Abstract.,1317.gif,Dusk,Classic,Normal,Crown,Collar,None
1318,Shook'um #1318,A looping sheet ghost from Halloween Shook'ums. Three bodies. One skeleton. One clock. Minted on Abstract.,1318.gif,Midnight,Classic,Sleepy,None,None,Pumpkin
1319,Shook'um #1319,A looping sheet ghost from Halloween Shook'ums. Three bodies. One skeleton. One clock. Minted on Abstract.,1319.gif,Blood Moon,Blush,Wink,Cat Ears,Scarf,Broom
1320,Shook'um #1320,A looping sheet ghost from Halloween Shook'ums. Three bodies. One skeleton. One clock. Minted on Abstract.,1320.gif,Candy,Classic,Spooked,Witch,Chain,Broom
1321,Shook'um #1321,A looping sheet ghost from Halloween Shook'ums. Three bodies. One skeleton. One clock. Minted on Abstract.,1321.gif,Parchment,Classic,Spooked,Pumpkin,Scarf,Bat
1322,Shook'um #1322,A looping sheet ghost from Halloween Shook'ums. Three bodies. One skeleton. One clock. Minted on Abstract.,1322.gif,Blood Moon,Blush,Starry,Cat Ears,Pearls,Bat
1323,Shook'um #1323,A looping sheet ghost from Halloween Shook'ums. Three bodies. One skeleton. One clock. Minted on Abstract.,1323.gif,Midnight,Classic,Blep,Witch,None,None
1324,Shook'um #1324,A looping sheet ghost from Halloween Shook'ums. Three bodies. One skeleton. One clock. Minted on Abstract.,1324.gif,Fog,Classic,Wink,None,Collar,Candy Corn
1325,Shook'um #1325,A looping sheet ghost from Halloween Shook'ums. Three bodies. One skeleton. One clock. Minted on Abstract.,1325.gif,Blush,Classic,Normal,Party,None,Candy
1326,Shook'um #1326,A looping sheet ghost from Halloween Shook'ums. Three bodies. One skeleton. One clock. Minted on Abstract.,1326.gif,Parchment,Blush,Heart,Cat Ears,Scarf,Potion
1327,Shook'um #1327,A looping sheet ghost from Halloween Shook'ums. Three bodies. One skeleton. One clock. Minted on Abstract.,1327.gif,Graveyard,Void,Sparkly,Witch,Scarf,Pumpkin
1328,Shook'um #1328,A looping sheet ghost from Halloween Shook'ums. Three bodies. One skeleton. One clock. Minted on Abstract.,1328.gif,Blood Moon,Classic,Blep,Witch,None,Potion
1329,Shook'um #1329,A looping sheet ghost from Halloween Shook'ums. Three bodies. One skeleton. One clock. Minted on Abstract.,1329.gif,Void,Void,Sleepy,Witch,Collar,None
1330,Shook'um #1330,A looping sheet ghost from Halloween Shook'ums. Three bodies. One skeleton. One clock. Minted on Abstract.,1330.gif,Graveyard,Classic,Normal,Bow,Scarf,Pumpkin
1331,Shook'um #1331,A looping sheet ghost from Halloween Shook'ums. Three bodies. One skeleton. One clock. Minted on Abstract.,1331.gif,Pumpkin,Classic,Sleepy,Pumpkin,Pearls,Candy
1332,Shook'um #1332,A looping sheet ghost from Halloween Shook'ums. Three bodies. One skeleton. One clock. Minted on Abstract.,1332.gif,Midnight,Void,Normal,Halo,None,None
1333,Shook'um #1333,A looping sheet ghost from Halloween Shook'ums. Three bodies. One skeleton. One clock. Minted on Abstract.,1333.gif,Parchment,Blush,Spooked,None,Cape,Pumpkin
1334,Shook'um #1334,A looping sheet ghost from Halloween Shook'ums. Three bodies. One skeleton. One clock. Minted on Abstract.,1334.gif,Pumpkin,Classic,Sad,Bow,None,None
1335,Shook'um #1335,A looping sheet ghost from Halloween Shook'ums. Three bodies. One skeleton. One clock. Minted on Abstract.,1335.gif,Graveyard,Void,Heart,Witch,Chain,None
1336,Shook'um #1336,A looping sheet ghost from Halloween Shook'ums. Three bodies. One skeleton. One clock. Minted on Abstract.,1336.gif,Parchment,Classic,Sparkly,None,Pearls,Moon
1337,Shook'um #1337,A looping sheet ghost from Halloween Shook'ums. Three bodies. One skeleton. One clock. Minted on Abstract.,1337.gif,Pumpkin,Blush,Wink,Wizard,Pearls,None
1338,Shook'um #1338,A looping sheet ghost from Halloween Shook'ums. Three bodies. One skeleton. One clock. Minted on Abstract.,1338.gif,Fog,Classic,Blep,Wizard,None,Pumpkin
1339,Shook'um #1339,A looping sheet ghost from Halloween Shook'ums. Three bodies. One skeleton. One clock. Minted on Abstract.,1339.gif,Graveyard,Classic,Blep,Cat Ears,None,None
1340,Shook'um #1340,A looping sheet ghost from Halloween Shook'ums. Three bodies. One skeleton. One clock. Minted on Abstract.,1340.gif,Midnight,Classic,Angry,Flower,None,Pumpkin
1341,Shook'um #1341,A looping sheet ghost from Halloween Shook'ums. Three bodies. One skeleton. One clock. Minted on Abstract.,1341.gif,Blood Moon,Classic,Sparkly,Witch,Collar,None
1342,Shook'um #1342,A looping sheet ghost from Halloween Shook'ums. Three bodies. One skeleton. One clock. Minted on Abstract.,1342.gif,Graveyard,Blush,Wink,Party,None,Bat
1343,Shook'um #1343,A looping sheet ghost from Halloween Shook'ums. Three bodies. One skeleton. One clock. Minted on Abstract.,1343.gif,Midnight,Classic,Blep,Bow,Scarf,Pumpkin
1344,Shook'um #1344,A looping sheet ghost from Halloween Shook'ums. Three bodies. One skeleton. One clock. Minted on Abstract.,1344.gif,Pumpkin,Blush,Normal,Cat Ears,Collar,Candy
1345,Shook'um #1345,A looping sheet ghost from Halloween Shook'ums. Three bodies. One skeleton. One clock. Minted on Abstract.,1345.gif,Pumpkin,Void,Blep,Pumpkin,None,Pumpkin
1346,Shook'um #1346,A looping sheet ghost from Halloween Shook'ums. Three bodies. One skeleton. One clock. Minted on Abstract.,1346.gif,Midnight,Blush,Sad,Flower,Bowtie,Pumpkin
1347,Shook'um #1347,A looping sheet ghost from Halloween Shook'ums. Three bodies. One skeleton. One clock. Minted on Abstract.,1347.gif,Blood Moon,Blush,Spooked,Party,Cape,None
1348,Shook'um #1348,A looping sheet ghost from Halloween Shook'ums. Three bodies. One skeleton. One clock. Minted on Abstract.,1348.gif,Graveyard,Blush,Normal,None,Collar,Moon
1349,Shook'um #1349,A looping sheet ghost from Halloween Shook'ums. Three bodies. One skeleton. One clock. Minted on Abstract.,1349.gif,Parchment,Classic,Spooked,None,Scarf,Potion
1350,Shook'um #1350,A looping sheet ghost from Halloween Shook'ums. Three bodies. One skeleton. One clock. Minted on Abstract.,1350.gif,Parchment,Classic,Sparkly,Bow,Bowtie,Potion
1351,Shook'um #1351,A looping sheet ghost from Halloween Shook'ums. Three bodies. One skeleton. One clock. Minted on Abstract.,1351.gif,Dusk,Blush,Wink,None,Cape,Candy Corn
1352,Shook'um #1352,A looping sheet ghost from Halloween Shook'ums. Three bodies. One skeleton. One clock. Minted on Abstract.,1352.gif,Parchment,Blush,Starry,None,Pearls,Moon
1353,Shook'um #1353,A looping sheet ghost from Halloween Shook'ums. Three bodies. One skeleton. One clock. Minted on Abstract.,1353.gif,Dusk,Void,Spooked,Flower,None,Candy
1354,Shook'um #1354,A looping sheet ghost from Halloween Shook'ums. Three bodies. One skeleton. One clock. Minted on Abstract.,1354.gif,Graveyard,Classic,Starry,None,None,Potion
1355,Shook'um #1355,A looping sheet ghost from Halloween Shook'ums. Three bodies. One skeleton. One clock. Minted on Abstract.,1355.gif,Midnight,Blush,Spooked,None,Scarf,Moon
1356,Shook'um #1356,A looping sheet ghost from Halloween Shook'ums. Three bodies. One skeleton. One clock. Minted on Abstract.,1356.gif,Fog,Blush,Spooked,None,Chain,Pumpkin
1357,Shook'um #1357,A looping sheet ghost from Halloween Shook'ums. Three bodies. One skeleton. One clock. Minted on Abstract.,1357.gif,Candy,Blush,Sad,Flower,None,Bat
1358,Shook'um #1358,A looping sheet ghost from Halloween Shook'ums. Three bodies. One skeleton. One clock. Minted on Abstract.,1358.gif,Blood Moon,Classic,Normal,Party,None,None
1359,Shook'um #1359,A looping sheet ghost from Halloween Shook'ums. Three bodies. One skeleton. One clock. Minted on Abstract.,1359.gif,Midnight,Blush,Spooked,None,Scarf,Potion
1360,Shook'um #1360,A looping sheet ghost from Halloween Shook'ums. Three bodies. One skeleton. One clock. Minted on Abstract.,1360.gif,Blush,Void,Sparkly,Witch,Scarf,Candy Corn
1361,Shook'um #1361,A looping sheet ghost from Halloween Shook'ums. Three bodies. One skeleton. One clock. Minted on Abstract.,1361.gif,Graveyard,Classic,Spooked,Witch,Cape,None
1362,Shook'um #1362,A looping sheet ghost from Halloween Shook'ums. Three bodies. One skeleton. One clock. Minted on Abstract.,1362.gif,Candy,Classic,Spooked,None,None,Potion
1363,Shook'um #1363,A looping sheet ghost from Halloween Shook'ums. Three bodies. One skeleton. One clock. Minted on Abstract.,1363.gif,Pumpkin,Classic,Angry,Party,None,Potion
1364,Shook'um #1364,A looping sheet ghost from Halloween Shook'ums. Three bodies. One skeleton. One clock. Minted on Abstract.,1364.gif,Fog,Classic,Spooked,Pumpkin,Chain,Moon
1365,Shook'um #1365,A looping sheet ghost from Halloween Shook'ums. Three bodies. One skeleton. One clock. Minted on Abstract.,1365.gif,Void,Classic,Blep,Cat Ears,None,None
1366,Shook'um #1366,A looping sheet ghost from Halloween Shook'ums. Three bodies. One skeleton. One clock. Minted on Abstract.,1366.gif,Blush,Blush,Blep,Cat Ears,Scarf,Candy Corn
1367,Shook'um #1367,A looping sheet ghost from Halloween Shook'ums. Three bodies. One skeleton. One clock. Minted on Abstract.,1367.gif,Fog,Classic,Sleepy,None,Scarf,Broom
1368,Shook'um #1368,A looping sheet ghost from Halloween Shook'ums. Three bodies. One skeleton. One clock. Minted on Abstract.,1368.gif,Graveyard,Void,Sad,Bow,Collar,Bat
1369,Shook'um #1369,A looping sheet ghost from Halloween Shook'ums. Three bodies. One skeleton. One clock. Minted on Abstract.,1369.gif,Graveyard,Classic,Spooked,Flower,Bowtie,None
1370,Shook'um #1370,A looping sheet ghost from Halloween Shook'ums. Three bodies. One skeleton. One clock. Minted on Abstract.,1370.gif,Blush,Classic,Sleepy,None,Chain,Broom
1371,Shook'um #1371,A looping sheet ghost from Halloween Shook'ums. Three bodies. One skeleton. One clock. Minted on Abstract.,1371.gif,Graveyard,Blush,Starry,None,Scarf,Bat
1372,Shook'um #1372,A looping sheet ghost from Halloween Shook'ums. Three bodies. One skeleton. One clock. Minted on Abstract.,1372.gif,Blush,Void,Wink,Pumpkin,Scarf,Pumpkin
1373,Shook'um #1373,A looping sheet ghost from Halloween Shook'ums. Three bodies. One skeleton. One clock. Minted on Abstract.,1373.gif,Candy,Classic,Angry,None,Bowtie,Candy Corn
1374,Shook'um #1374,A looping sheet ghost from Halloween Shook'ums. Three bodies. One skeleton. One clock. Minted on Abstract.,1374.gif,Parchment,Classic,Normal,None,Collar,Pumpkin
1375,Shook'um #1375,A looping sheet ghost from Halloween Shook'ums. Three bodies. One skeleton. One clock. Minted on Abstract.,1375.gif,Midnight,Void,Normal,Bow,Chain,Candy
1376,Shook'um #1376,A looping sheet ghost from Halloween Shook'ums. Three bodies. One skeleton. One clock. Minted on Abstract.,1376.gif,Candy,Classic,Sparkly,Flower,Chain,Pumpkin
1377,Shook'um #1377,A looping sheet ghost from Halloween Shook'ums. Three bodies. One skeleton. One clock. Minted on Abstract.,1377.gif,Fog,Blush,Blep,Witch,Bowtie,Bat
1378,Shook'um #1378,A looping sheet ghost from Halloween Shook'ums. Three bodies. One skeleton. One clock. Minted on Abstract.,1378.gif,Parchment,Classic,Heart,Witch,None,Candy
1379,Shook'um #1379,A looping sheet ghost from Halloween Shook'ums. Three bodies. One skeleton. One clock. Minted on Abstract.,1379.gif,Parchment,Void,Spooked,None,Pearls,None
1380,Shook'um #1380,A looping sheet ghost from Halloween Shook'ums. Three bodies. One skeleton. One clock. Minted on Abstract.,1380.gif,Parchment,Blush,Sleepy,None,Chain,None
1381,Shook'um #1381,A looping sheet ghost from Halloween Shook'ums. Three bodies. One skeleton. One clock. Minted on Abstract.,1381.gif,Graveyard,Classic,Normal,Flower,Bowtie,None
1382,Shook'um #1382,A looping sheet ghost from Halloween Shook'ums. Three bodies. One skeleton. One clock. Minted on Abstract.,1382.gif,Parchment,Classic,Sad,Cat Ears,Scarf,Potion
1383,Shook'um #1383,A looping sheet ghost from Halloween Shook'ums. Three bodies. One skeleton. One clock. Minted on Abstract.,1383.gif,Graveyard,Classic,Blep,None,None,None
1384,Shook'um #1384,A looping sheet ghost from Halloween Shook'ums. Three bodies. One skeleton. One clock. Minted on Abstract.,1384.gif,Parchment,Classic,Sleepy,Bow,Bowtie,None
1385,Shook'um #1385,A looping sheet ghost from Halloween Shook'ums. Three bodies. One skeleton. One clock. Minted on Abstract.,1385.gif,Dusk,Classic,Blep,Witch,Cape,None
1386,Shook'um #1386,A looping sheet ghost from Halloween Shook'ums. Three bodies. One skeleton. One clock. Minted on Abstract.,1386.gif,Candy,Blush,Starry,None,None,Bat
1387,Shook'um #1387,A looping sheet ghost from Halloween Shook'ums. Three bodies. One skeleton. One clock. Minted on Abstract.,1387.gif,Blush,Classic,Normal,None,Collar,None
1388,Shook'um #1388,A looping sheet ghost from Halloween Shook'ums. Three bodies. One skeleton. One clock. Minted on Abstract.,1388.gif,Graveyard,Classic,Spooked,Crown,None,Bat
1389,Shook'um #1389,A looping sheet ghost from Halloween Shook'ums. Three bodies. One skeleton. One clock. Minted on Abstract.,1389.gif,Parchment,Blush,Normal,Halo,Chain,None
1390,Shook'um #1390,A looping sheet ghost from Halloween Shook'ums. Three bodies. One skeleton. One clock. Minted on Abstract.,1390.gif,Fog,Void,Sparkly,Pumpkin,Pearls,Candy Corn
1391,Shook'um #1391,A looping sheet ghost from Halloween Shook'ums. Three bodies. One skeleton. One clock. Minted on Abstract.,1391.gif,Void,Classic,Heart,Party,None,Candy
1392,Shook'um #1392,A looping sheet ghost from Halloween Shook'ums. Three bodies. One skeleton. One clock. Minted on Abstract.,1392.gif,Candy,Blush,Sleepy,Witch,None,None
1393,Shook'um #1393,A looping sheet ghost from Halloween Shook'ums. Three bodies. One skeleton. One clock. Minted on Abstract.,1393.gif,Midnight,Blush,Spooked,None,Cape,None
1394,Shook'um #1394,A looping sheet ghost from Halloween Shook'ums. Three bodies. One skeleton. One clock. Minted on Abstract.,1394.gif,Pumpkin,Classic,Spooked,Halo,Bowtie,Candy
1395,Shook'um #1395,A looping sheet ghost from Halloween Shook'ums. Three bodies. One skeleton. One clock. Minted on Abstract.,1395.gif,Midnight,Void,Sparkly,Flower,None,None
1396,Shook'um #1396,A looping sheet ghost from Halloween Shook'ums. Three bodies. One skeleton. One clock. Minted on Abstract.,1396.gif,Fog,Void,Sparkly,Witch,Chain,None
1397,Shook'um #1397,A looping sheet ghost from Halloween Shook'ums. Three bodies. One skeleton. One clock. Minted on Abstract.,1397.gif,Midnight,Blush,Sparkly,Party,Bowtie,None
1398,Shook'um #1398,A looping sheet ghost from Halloween Shook'ums. Three bodies. One skeleton. One clock. Minted on Abstract.,1398.gif,Fog,Classic,Sparkly,None,Chain,Candy
1399,Shook'um #1399,A looping sheet ghost from Halloween Shook'ums. Three bodies. One skeleton. One clock. Minted on Abstract.,1399.gif,Pumpkin,Void,Normal,Witch,None,Broom
1400,Shook'um #1400,A looping sheet ghost from Halloween Shook'ums. Three bodies. One skeleton. One clock. Minted on Abstract.,1400.gif,Pumpkin,Classic,Blep,None,Collar,None
1401,Shook'um #1401,A looping sheet ghost from Halloween Shook'ums. Three bodies. One skeleton. One clock. Minted on Abstract.,1401.gif,Blush,Classic,Sparkly,Cat Ears,None,Pumpkin
1402,Shook'um #1402,A looping sheet ghost from Halloween Shook'ums. Three bodies. One skeleton. One clock. Minted on Abstract.,1402.gif,Pumpkin,Void,Spooked,None,Collar,Candy
1403,Shook'um #1403,A looping sheet ghost from Halloween Shook'ums. Three bodies. One skeleton. One clock. Minted on Abstract.,1403.gif,Blush,Classic,Angry,Bow,None,Bat
1404,Shook'um #1404,A looping sheet ghost from Halloween Shook'ums. Three bodies. One skeleton. One clock. Minted on Abstract.,1404.gif,Blood Moon,Blush,Sleepy,Cat Ears,None,None
1405,Shook'um #1405,A looping sheet ghost from Halloween Shook'ums. Three bodies. One skeleton. One clock. Minted on Abstract.,1405.gif,Candy,Classic,Sleepy,None,Pearls,None
1406,Shook'um #1406,A looping sheet ghost from Halloween Shook'ums. Three bodies. One skeleton. One clock. Minted on Abstract.,1406.gif,Parchment,Classic,Sleepy,Witch,None,Moon
1407,Shook'um #1407,A looping sheet ghost from Halloween Shook'ums. Three bodies. One skeleton. One clock. Minted on Abstract.,1407.gif,Midnight,Blush,Sad,Bow,Cape,None
1408,Shook'um #1408,A looping sheet ghost from Halloween Shook'ums. Three bodies. One skeleton. One clock. Minted on Abstract.,1408.gif,Void,Classic,Normal,None,None,None
1409,Shook'um #1409,A looping sheet ghost from Halloween Shook'ums. Three bodies. One skeleton. One clock. Minted on Abstract.,1409.gif,Graveyard,Classic,Spooked,Witch,Bowtie,Candy
1410,Shook'um #1410,A looping sheet ghost from Halloween Shook'ums. Three bodies. One skeleton. One clock. Minted on Abstract.,1410.gif,Fog,Blush,Sparkly,Pumpkin,Cape,Bat
1411,Shook'um #1411,A looping sheet ghost from Halloween Shook'ums. Three bodies. One skeleton. One clock. Minted on Abstract.,1411.gif,Blush,Classic,Sad,None,Pearls,Candy
1412,Shook'um #1412,A looping sheet ghost from Halloween Shook'ums. Three bodies. One skeleton. One clock. Minted on Abstract.,1412.gif,Parchment,Classic,Sleepy,None,Cape,None
1413,Shook'um #1413,A looping sheet ghost from Halloween Shook'ums. Three bodies. One skeleton. One clock. Minted on Abstract.,1413.gif,Midnight,Blush,Blep,Pumpkin,Pearls,Pumpkin
1414,Shook'um #1414,A looping sheet ghost from Halloween Shook'ums. Three bodies. One skeleton. One clock. Minted on Abstract.,1414.gif,Midnight,Void,Wink,None,Chain,None
1415,Shook'um #1415,A looping sheet ghost from Halloween Shook'ums. Three bodies. One skeleton. One clock. Minted on Abstract.,1415.gif,Graveyard,Blush,Blep,None,Bowtie,None
1416,Shook'um #1416,A looping sheet ghost from Halloween Shook'ums. Three bodies. One skeleton. One clock. Minted on Abstract.,1416.gif,Blush,Classic,Sleepy,Bow,Bowtie,None
1417,Shook'um #1417,A looping sheet ghost from Halloween Shook'ums. Three bodies. One skeleton. One clock. Minted on Abstract.,1417.gif,Pumpkin,Classic,Wink,Witch,Scarf,None
1418,Shook'um #1418,A looping sheet ghost from Halloween Shook'ums. Three bodies. One skeleton. One clock. Minted on Abstract.,1418.gif,Dusk,Blush,Spooked,None,Pearls,None
1419,Shook'um #1419,A looping sheet ghost from Halloween Shook'ums. Three bodies. One skeleton. One clock. Minted on Abstract.,1419.gif,Blood Moon,Blush,Angry,Witch,Chain,Candy
1420,Shook'um #1420,A looping sheet ghost from Halloween Shook'ums. Three bodies. One skeleton. One clock. Minted on Abstract.,1420.gif,Blood Moon,Classic,Wink,Party,Pearls,None
1421,Shook'um #1421,A looping sheet ghost from Halloween Shook'ums. Three bodies. One skeleton. One clock. Minted on Abstract.,1421.gif,Fog,Classic,Sleepy,None,Cape,None
1422,Shook'um #1422,A looping sheet ghost from Halloween Shook'ums. Three bodies. One skeleton. One clock. Minted on Abstract.,1422.gif,Blush,Classic,Blep,None,None,Moon
1423,Shook'um #1423,A looping sheet ghost from Halloween Shook'ums. Three bodies. One skeleton. One clock. Minted on Abstract.,1423.gif,Blood Moon,Classic,Angry,Bow,None,Bat
1424,Shook'um #1424,A looping sheet ghost from Halloween Shook'ums. Three bodies. One skeleton. One clock. Minted on Abstract.,1424.gif,Midnight,Classic,Sparkly,Halo,Bowtie,Potion
1425,Shook'um #1425,A looping sheet ghost from Halloween Shook'ums. Three bodies. One skeleton. One clock. Minted on Abstract.,1425.gif,Candy,Blush,Spooked,Wizard,Chain,Broom
1426,Shook'um #1426,A looping sheet ghost from Halloween Shook'ums. Three bodies. One skeleton. One clock. Minted on Abstract.,1426.gif,Dusk,Blush,Sparkly,Pumpkin,Chain,Bat
1427,Shook'um #1427,A looping sheet ghost from Halloween Shook'ums. Three bodies. One skeleton. One clock. Minted on Abstract.,1427.gif,Fog,Classic,Heart,Flower,None,Bat
1428,Shook'um #1428,A looping sheet ghost from Halloween Shook'ums. Three bodies. One skeleton. One clock. Minted on Abstract.,1428.gif,Candy,Classic,Angry,Witch,Scarf,Candy Corn
1429,Shook'um #1429,A looping sheet ghost from Halloween Shook'ums. Three bodies. One skeleton. One clock. Minted on Abstract.,1429.gif,Graveyard,Classic,Starry,Bow,Scarf,Bat
1430,Shook'um #1430,A looping sheet ghost from Halloween Shook'ums. Three bodies. One skeleton. One clock. Minted on Abstract.,1430.gif,Parchment,Blush,Normal,None,None,None
1431,Shook'um #1431,A looping sheet ghost from Halloween Shook'ums. Three bodies. One skeleton. One clock. Minted on Abstract.,1431.gif,Fog,Blush,Sleepy,None,Cape,None
1432,Shook'um #1432,A looping sheet ghost from Halloween Shook'ums. Three bodies. One skeleton. One clock. Minted on Abstract.,1432.gif,Candy,Classic,Normal,Bow,None,Pumpkin
1433,Shook'um #1433,A looping sheet ghost from Halloween Shook'ums. Three bodies. One skeleton. One clock. Minted on Abstract.,1433.gif,Fog,Void,Sleepy,Party,Pearls,None
1434,Shook'um #1434,A looping sheet ghost from Halloween Shook'ums. Three bodies. One skeleton. One clock. Minted on Abstract.,1434.gif,Blood Moon,Classic,Blep,Witch,Scarf,Candy Corn
1435,Shook'um #1435,A looping sheet ghost from Halloween Shook'ums. Three bodies. One skeleton. One clock. Minted on Abstract.,1435.gif,Parchment,Classic,Spooked,Crown,Pearls,None
1436,Shook'um #1436,A looping sheet ghost from Halloween Shook'ums. Three bodies. One skeleton. One clock. Minted on Abstract.,1436.gif,Fog,Classic,Blep,None,Pearls,Pumpkin
1437,Shook'um #1437,A looping sheet ghost from Halloween Shook'ums. Three bodies. One skeleton. One clock. Minted on Abstract.,1437.gif,Pumpkin,Classic,Wink,Pumpkin,Scarf,None
1438,Shook'um #1438,A looping sheet ghost from Halloween Shook'ums. Three bodies. One skeleton. One clock. Minted on Abstract.,1438.gif,Pumpkin,Blush,Spooked,Flower,Chain,Candy
1439,Shook'um #1439,A looping sheet ghost from Halloween Shook'ums. Three bodies. One skeleton. One clock. Minted on Abstract.,1439.gif,Blush,Classic,Blep,Cat Ears,Chain,None
1440,Shook'um #1440,A looping sheet ghost from Halloween Shook'ums. Three bodies. One skeleton. One clock. Minted on Abstract.,1440.gif,Pumpkin,Void,Sad,Witch,Bowtie,Candy Corn
1441,Shook'um #1441,A looping sheet ghost from Halloween Shook'ums. Three bodies. One skeleton. One clock. Minted on Abstract.,1441.gif,Fog,Blush,Starry,Cat Ears,Bowtie,Candy
1442,Shook'um #1442,A looping sheet ghost from Halloween Shook'ums. Three bodies. One skeleton. One clock. Minted on Abstract.,1442.gif,Blush,Classic,Blep,Bow,Chain,Potion
1443,Shook'um #1443,A looping sheet ghost from Halloween Shook'ums. Three bodies. One skeleton. One clock. Minted on Abstract.,1443.gif,Blood Moon,Classic,Heart,Halo,None,Potion
1444,Shook'um #1444,A looping sheet ghost from Halloween Shook'ums. Three bodies. One skeleton. One clock. Minted on Abstract.,1444.gif,Blush,Blush,Sad,None,None,Candy
1445,Shook'um #1445,A looping sheet ghost from Halloween Shook'ums. Three bodies. One skeleton. One clock. Minted on Abstract.,1445.gif,Blood Moon,Blush,Sparkly,Cat Ears,None,Pumpkin
1446,Shook'um #1446,A looping sheet ghost from Halloween Shook'ums. Three bodies. One skeleton. One clock. Minted on Abstract.,1446.gif,Parchment,Classic,Blep,Flower,Bowtie,None
1447,Shook'um #1447,A looping sheet ghost from Halloween Shook'ums. Three bodies. One skeleton. One clock. Minted on Abstract.,1447.gif,Parchment,Classic,Spooked,None,Chain,None
1448,Shook'um #1448,A looping sheet ghost from Halloween Shook'ums. Three bodies. One skeleton. One clock. Minted on Abstract.,1448.gif,Void,Classic,Wink,Wizard,None,Bat
1449,Shook'um #1449,A looping sheet ghost from Halloween Shook'ums. Three bodies. One skeleton. One clock. Minted on Abstract.,1449.gif,Graveyard,Blush,Sleepy,Pumpkin,Scarf,None
1450,Shook'um #1450,A looping sheet ghost from Halloween Shook'ums. Three bodies. One skeleton. One clock. Minted on Abstract.,1450.gif,Dusk,Classic,Normal,Witch,Bowtie,Candy Corn
1451,Shook'um #1451,A looping sheet ghost from Halloween Shook'ums. Three bodies. One skeleton. One clock. Minted on Abstract.,1451.gif,Blush,Blush,Starry,Cat Ears,None,Candy Corn
1452,Shook'um #1452,A looping sheet ghost from Halloween Shook'ums. Three bodies. One skeleton. One clock. Minted on Abstract.,1452.gif,Midnight,Void,Sparkly,None,Collar,Pumpkin
1453,Shook'um #1453,A looping sheet ghost from Halloween Shook'ums. Three bodies. One skeleton. One clock. Minted on Abstract.,1453.gif,Graveyard,Classic,Blep,Crown,Collar,Broom
1454,Shook'um #1454,A looping sheet ghost from Halloween Shook'ums. Three bodies. One skeleton. One clock. Minted on Abstract.,1454.gif,Void,Classic,Wink,Pumpkin,None,Pumpkin
1455,Shook'um #1455,A looping sheet ghost from Halloween Shook'ums. Three bodies. One skeleton. One clock. Minted on Abstract.,1455.gif,Parchment,Blush,Spooked,None,Collar,None
1456,Shook'um #1456,A looping sheet ghost from Halloween Shook'ums. Three bodies. One skeleton. One clock. Minted on Abstract.,1456.gif,Blood Moon,Classic,Normal,Pumpkin,None,Pumpkin
1457,Shook'um #1457,A looping sheet ghost from Halloween Shook'ums. Three bodies. One skeleton. One clock. Minted on Abstract.,1457.gif,Fog,Void,Normal,None,None,None
1458,Shook'um #1458,A looping sheet ghost from Halloween Shook'ums. Three bodies. One skeleton. One clock. Minted on Abstract.,1458.gif,Blush,Blush,Angry,Halo,Chain,None
1459,Shook'um #1459,A looping sheet ghost from Halloween Shook'ums. Three bodies. One skeleton. One clock. Minted on Abstract.,1459.gif,Blood Moon,Classic,Sleepy,Cat Ears,Chain,Pumpkin
1460,Shook'um #1460,A looping sheet ghost from Halloween Shook'ums. Three bodies. One skeleton. One clock. Minted on Abstract.,1460.gif,Pumpkin,Classic,Sparkly,Pumpkin,Scarf,Candy
1461,Shook'um #1461,A looping sheet ghost from Halloween Shook'ums. Three bodies. One skeleton. One clock. Minted on Abstract.,1461.gif,Blood Moon,Classic,Blep,None,Cape,Pumpkin
1462,Shook'um #1462,A looping sheet ghost from Halloween Shook'ums. Three bodies. One skeleton. One clock. Minted on Abstract.,1462.gif,Pumpkin,Void,Wink,Pumpkin,Scarf,Potion
1463,Shook'um #1463,A looping sheet ghost from Halloween Shook'ums. Three bodies. One skeleton. One clock. Minted on Abstract.,1463.gif,Candy,Classic,Heart,Halo,None,None
1464,Shook'um #1464,A looping sheet ghost from Halloween Shook'ums. Three bodies. One skeleton. One clock. Minted on Abstract.,1464.gif,Dusk,Classic,Sparkly,Party,Scarf,None
1465,Shook'um #1465,A looping sheet ghost from Halloween Shook'ums. Three bodies. One skeleton. One clock. Minted on Abstract.,1465.gif,Graveyard,Void,Spooked,Witch,Chain,Candy
1466,Shook'um #1466,A looping sheet ghost from Halloween Shook'ums. Three bodies. One skeleton. One clock. Minted on Abstract.,1466.gif,Pumpkin,Classic,Sleepy,None,Chain,Bat
1467,Shook'um #1467,A looping sheet ghost from Halloween Shook'ums. Three bodies. One skeleton. One clock. Minted on Abstract.,1467.gif,Pumpkin,Blush,Spooked,Halo,Pearls,Pumpkin
1468,Shook'um #1468,A looping sheet ghost from Halloween Shook'ums. Three bodies. One skeleton. One clock. Minted on Abstract.,1468.gif,Blush,Blush,Heart,Bow,Chain,Pumpkin
1469,Shook'um #1469,A looping sheet ghost from Halloween Shook'ums. Three bodies. One skeleton. One clock. Minted on Abstract.,1469.gif,Pumpkin,Void,Blep,Crown,Chain,Pumpkin
1470,Shook'um #1470,A looping sheet ghost from Halloween Shook'ums. Three bodies. One skeleton. One clock. Minted on Abstract.,1470.gif,Fog,Classic,Angry,Flower,Pearls,Pumpkin
1471,Shook'um #1471,A looping sheet ghost from Halloween Shook'ums. Three bodies. One skeleton. One clock. Minted on Abstract.,1471.gif,Parchment,Blush,Sleepy,None,None,Pumpkin
1472,Shook'um #1472,A looping sheet ghost from Halloween Shook'ums. Three bodies. One skeleton. One clock. Minted on Abstract.,1472.gif,Pumpkin,Classic,Starry,Flower,Cape,Broom
1473,Shook'um #1473,A looping sheet ghost from Halloween Shook'ums. Three bodies. One skeleton. One clock. Minted on Abstract.,1473.gif,Pumpkin,Void,Normal,Halo,Pearls,Broom
1474,Shook'um #1474,A looping sheet ghost from Halloween Shook'ums. Three bodies. One skeleton. One clock. Minted on Abstract.,1474.gif,Pumpkin,Classic,Sparkly,Pumpkin,Collar,None
1475,Shook'um #1475,A looping sheet ghost from Halloween Shook'ums. Three bodies. One skeleton. One clock. Minted on Abstract.,1475.gif,Candy,Classic,Wink,Pumpkin,Bowtie,None
1476,Shook'um #1476,A looping sheet ghost from Halloween Shook'ums. Three bodies. One skeleton. One clock. Minted on Abstract.,1476.gif,Pumpkin,Classic,Starry,Cat Ears,Pearls,None
1477,Shook'um #1477,A looping sheet ghost from Halloween Shook'ums. Three bodies. One skeleton. One clock. Minted on Abstract.,1477.gif,Blood Moon,Classic,Normal,Bow,Collar,Candy Corn
1478,Shook'um #1478,A looping sheet ghost from Halloween Shook'ums. Three bodies. One skeleton. One clock. Minted on Abstract.,1478.gif,Candy,Classic,Sleepy,Bow,Chain,Candy
1479,Shook'um #1479,A looping sheet ghost from Halloween Shook'ums. Three bodies. One skeleton. One clock. Minted on Abstract.,1479.gif,Graveyard,Classic,Sleepy,Halo,Collar,Candy Corn
1480,Shook'um #1480,A looping sheet ghost from Halloween Shook'ums. Three bodies. One skeleton. One clock. Minted on Abstract.,1480.gif,Midnight,Classic,Wink,Party,Scarf,None
1481,Shook'um #1481,A looping sheet ghost from Halloween Shook'ums. Three bodies. One skeleton. One clock. Minted on Abstract.,1481.gif,Midnight,Classic,Normal,Witch,Scarf,None
1482,Shook'um #1482,A looping sheet ghost from Halloween Shook'ums. Three bodies. One skeleton. One clock. Minted on Abstract.,1482.gif,Fog,Void,Sleepy,Cat Ears,None,None
1483,Shook'um #1483,A looping sheet ghost from Halloween Shook'ums. Three bodies. One skeleton. One clock. Minted on Abstract.,1483.gif,Parchment,Classic,Sad,Witch,None,Broom
1484,Shook'um #1484,A looping sheet ghost from Halloween Shook'ums. Three bodies. One skeleton. One clock. Minted on Abstract.,1484.gif,Blood Moon,Void,Blep,Party,Collar,None
1485,Shook'um #1485,A looping sheet ghost from Halloween Shook'ums. Three bodies. One skeleton. One clock. Minted on Abstract.,1485.gif,Fog,Classic,Sad,Halo,Bowtie,None
1486,Shook'um #1486,A looping sheet ghost from Halloween Shook'ums. Three bodies. One skeleton. One clock. Minted on Abstract.,1486.gif,Fog,Classic,Starry,None,Pearls,None
1487,Shook'um #1487,A looping sheet ghost from Halloween Shook'ums. Three bodies. One skeleton. One clock. Minted on Abstract.,1487.gif,Blood Moon,Classic,Normal,Cat Ears,Collar,Pumpkin
1488,Shook'um #1488,A looping sheet ghost from Halloween Shook'ums. Three bodies. One skeleton. One clock. Minted on Abstract.,1488.gif,Dusk,Blush,Normal,None,None,None
1489,Shook'um #1489,A looping sheet ghost from Halloween Shook'ums. Three bodies. One skeleton. One clock. Minted on Abstract.,1489.gif,Parchment,Blush,Angry,Wizard,Pearls,Bat
1490,Shook'um #1490,A looping sheet ghost from Halloween Shook'ums. Three bodies. One skeleton. One clock. Minted on Abstract.,1490.gif,Blood Moon,Classic,Normal,Flower,Chain,Potion
1491,Shook'um #1491,A looping sheet ghost from Halloween Shook'ums. Three bodies. One skeleton. One clock. Minted on Abstract.,1491.gif,Blush,Classic,Normal,Halo,None,None
1492,Shook'um #1492,A looping sheet ghost from Halloween Shook'ums. Three bodies. One skeleton. One clock. Minted on Abstract.,1492.gif,Parchment,Void,Wink,Party,Scarf,Candy
1493,Shook'um #1493,A looping sheet ghost from Halloween Shook'ums. Three bodies. One skeleton. One clock. Minted on Abstract.,1493.gif,Blush,Void,Angry,None,Pearls,None
1494,Shook'um #1494,A looping sheet ghost from Halloween Shook'ums. Three bodies. One skeleton. One clock. Minted on Abstract.,1494.gif,Candy,Blush,Sleepy,Party,None,Pumpkin
1495,Shook'um #1495,A looping sheet ghost from Halloween Shook'ums. Three bodies. One skeleton. One clock. Minted on Abstract.,1495.gif,Blush,Classic,Sleepy,Cat Ears,Bowtie,Candy
1496,Shook'um #1496,A looping sheet ghost from Halloween Shook'ums. Three bodies. One skeleton. One clock. Minted on Abstract.,1496.gif,Graveyard,Classic,Wink,Pumpkin,Scarf,None
1497,Shook'um #1497,A looping sheet ghost from Halloween Shook'ums. Three bodies. One skeleton. One clock. Minted on Abstract.,1497.gif,Candy,Blush,Sleepy,Party,Chain,Potion
1498,Shook'um #1498,A looping sheet ghost from Halloween Shook'ums. Three bodies. One skeleton. One clock. Minted on Abstract.,1498.gif,Fog,Classic,Blep,None,Scarf,None
1499,Shook'um #1499,A looping sheet ghost from Halloween Shook'ums. Three bodies. One skeleton. One clock. Minted on Abstract.,1499.gif,Candy,Classic,Wink,Cat Ears,Pearls,Candy Corn
1500,Shook'um #1500,A looping sheet ghost from Halloween Shook'ums. Three bodies. One skeleton. One clock. Minted on Abstract.,1500.gif,Parchment,Blush,Normal,Witch,None,None
1501,Shook'um #1501,A looping sheet ghost from Halloween Shook'ums. Three bodies. One skeleton. One clock. Minted on Abstract.,1501.gif,Pumpkin,Void,Blep,Bow,Collar,Candy
1502,Shook'um #1502,A looping sheet ghost from Halloween Shook'ums. Three bodies. One skeleton. One clock. Minted on Abstract.,1502.gif,Midnight,Blush,Spooked,Bow,Pearls,Bat
1503,Shook'um #1503,A looping sheet ghost from Halloween Shook'ums. Three bodies. One skeleton. One clock. Minted on Abstract.,1503.gif,Parchment,Classic,Sad,Halo,None,Candy Corn
1504,Shook'um #1504,A looping sheet ghost from Halloween Shook'ums. Three bodies. One skeleton. One clock. Minted on Abstract.,1504.gif,Candy,Classic,Blep,None,None,Broom
1505,Shook'um #1505,A looping sheet ghost from Halloween Shook'ums. Three bodies. One skeleton. One clock. Minted on Abstract.,1505.gif,Dusk,Classic,Angry,Flower,Pearls,Broom
1506,Shook'um #1506,A looping sheet ghost from Halloween Shook'ums. Three bodies. One skeleton. One clock. Minted on Abstract.,1506.gif,Midnight,Classic,Spooked,Witch,Bowtie,Broom
1507,Shook'um #1507,A looping sheet ghost from Halloween Shook'ums. Three bodies. One skeleton. One clock. Minted on Abstract.,1507.gif,Fog,Void,Sleepy,None,Collar,None
1508,Shook'um #1508,A looping sheet ghost from Halloween Shook'ums. Three bodies. One skeleton. One clock. Minted on Abstract.,1508.gif,Parchment,Void,Sparkly,Halo,None,None
1509,Shook'um #1509,A looping sheet ghost from Halloween Shook'ums. Three bodies. One skeleton. One clock. Minted on Abstract.,1509.gif,Graveyard,Classic,Sleepy,Bow,None,Candy Corn
1510,Shook'um #1510,A looping sheet ghost from Halloween Shook'ums. Three bodies. One skeleton. One clock. Minted on Abstract.,1510.gif,Parchment,Classic,Sleepy,Flower,None,Candy
1511,Shook'um #1511,A looping sheet ghost from Halloween Shook'ums. Three bodies. One skeleton. One clock. Minted on Abstract.,1511.gif,Midnight,Classic,Spooked,Witch,Scarf,None
1512,Shook'um #1512,A looping sheet ghost from Halloween Shook'ums. Three bodies. One skeleton. One clock. Minted on Abstract.,1512.gif,Pumpkin,Void,Spooked,Pumpkin,Collar,Pumpkin
1513,Shook'um #1513,A looping sheet ghost from Halloween Shook'ums. Three bodies. One skeleton. One clock. Minted on Abstract.,1513.gif,Graveyard,Void,Spooked,Halo,None,Potion
1514,Shook'um #1514,A looping sheet ghost from Halloween Shook'ums. Three bodies. One skeleton. One clock. Minted on Abstract.,1514.gif,Parchment,Blush,Blep,Pumpkin,Chain,Moon
1515,Shook'um #1515,A looping sheet ghost from Halloween Shook'ums. Three bodies. One skeleton. One clock. Minted on Abstract.,1515.gif,Candy,Classic,Sparkly,Flower,Chain,Broom
1516,Shook'um #1516,A looping sheet ghost from Halloween Shook'ums. Three bodies. One skeleton. One clock. Minted on Abstract.,1516.gif,Blush,Classic,Normal,Party,Chain,Candy Corn
1517,Shook'um #1517,A looping sheet ghost from Halloween Shook'ums. Three bodies. One skeleton. One clock. Minted on Abstract.,1517.gif,Dusk,Classic,Blep,Bow,None,Candy Corn
1518,Shook'um #1518,A looping sheet ghost from Halloween Shook'ums. Three bodies. One skeleton. One clock. Minted on Abstract.,1518.gif,Void,Classic,Wink,Cat Ears,None,Bat
1519,Shook'um #1519,A looping sheet ghost from Halloween Shook'ums. Three bodies. One skeleton. One clock. Minted on Abstract.,1519.gif,Parchment,Classic,Wink,Bow,Scarf,Candy Corn
1520,Shook'um #1520,A looping sheet ghost from Halloween Shook'ums. Three bodies. One skeleton. One clock. Minted on Abstract.,1520.gif,Dusk,Blush,Sleepy,Witch,Cape,None
1521,Shook'um #1521,A looping sheet ghost from Halloween Shook'ums. Three bodies. One skeleton. One clock. Minted on Abstract.,1521.gif,Fog,Blush,Wink,Cat Ears,Pearls,Pumpkin
1522,Shook'um #1522,A looping sheet ghost from Halloween Shook'ums. Three bodies. One skeleton. One clock. Minted on Abstract.,1522.gif,Dusk,Blush,Normal,Witch,Scarf,None
1523,Shook'um #1523,A looping sheet ghost from Halloween Shook'ums. Three bodies. One skeleton. One clock. Minted on Abstract.,1523.gif,Dusk,Classic,Wink,None,Cape,None
1524,Shook'um #1524,A looping sheet ghost from Halloween Shook'ums. Three bodies. One skeleton. One clock. Minted on Abstract.,1524.gif,Blush,Classic,Normal,Witch,None,Candy
1525,Shook'um #1525,A looping sheet ghost from Halloween Shook'ums. Three bodies. One skeleton. One clock. Minted on Abstract.,1525.gif,Candy,Classic,Sparkly,Cat Ears,None,None
1526,Shook'um #1526,A looping sheet ghost from Halloween Shook'ums. Three bodies. One skeleton. One clock. Minted on Abstract.,1526.gif,Blush,Classic,Wink,Pumpkin,Scarf,Bat
1527,Shook'um #1527,A looping sheet ghost from Halloween Shook'ums. Three bodies. One skeleton. One clock. Minted on Abstract.,1527.gif,Fog,Classic,Heart,Wizard,Chain,Bat
1528,Shook'um #1528,A looping sheet ghost from Halloween Shook'ums. Three bodies. One skeleton. One clock. Minted on Abstract.,1528.gif,Fog,Classic,Wink,Cat Ears,None,Bat
1529,Shook'um #1529,A looping sheet ghost from Halloween Shook'ums. Three bodies. One skeleton. One clock. Minted on Abstract.,1529.gif,Fog,Classic,Normal,Witch,Cape,Pumpkin
1530,Shook'um #1530,A looping sheet ghost from Halloween Shook'ums. Three bodies. One skeleton. One clock. Minted on Abstract.,1530.gif,Dusk,Classic,Blep,Cat Ears,Scarf,Candy
1531,Shook'um #1531,A looping sheet ghost from Halloween Shook'ums. Three bodies. One skeleton. One clock. Minted on Abstract.,1531.gif,Blush,Classic,Normal,Bow,Pearls,Candy
1532,Shook'um #1532,A looping sheet ghost from Halloween Shook'ums. Three bodies. One skeleton. One clock. Minted on Abstract.,1532.gif,Blush,Classic,Normal,Bow,None,None
1533,Shook'um #1533,A looping sheet ghost from Halloween Shook'ums. Three bodies. One skeleton. One clock. Minted on Abstract.,1533.gif,Blush,Blush,Blep,None,Pearls,Candy
1534,Shook'um #1534,A looping sheet ghost from Halloween Shook'ums. Three bodies. One skeleton. One clock. Minted on Abstract.,1534.gif,Midnight,Classic,Wink,Party,None,Bat
1535,Shook'um #1535,A looping sheet ghost from Halloween Shook'ums. Three bodies. One skeleton. One clock. Minted on Abstract.,1535.gif,Parchment,Void,Spooked,Bow,Chain,Bat
1536,Shook'um #1536,A looping sheet ghost from Halloween Shook'ums. Three bodies. One skeleton. One clock. Minted on Abstract.,1536.gif,Parchment,Classic,Spooked,Halo,Pearls,Candy Corn
1537,Shook'um #1537,A looping sheet ghost from Halloween Shook'ums. Three bodies. One skeleton. One clock. Minted on Abstract.,1537.gif,Fog,Classic,Sparkly,Bow,None,Candy Corn
1538,Shook'um #1538,A looping sheet ghost from Halloween Shook'ums. Three bodies. One skeleton. One clock. Minted on Abstract.,1538.gif,Candy,Void,Wink,Party,Pearls,None
1539,Shook'um #1539,A looping sheet ghost from Halloween Shook'ums. Three bodies. One skeleton. One clock. Minted on Abstract.,1539.gif,Parchment,Classic,Blep,Flower,Scarf,None
1540,Shook'um #1540,A looping sheet ghost from Halloween Shook'ums. Three bodies. One skeleton. One clock. Minted on Abstract.,1540.gif,Midnight,Void,Sleepy,Witch,Bowtie,Candy Corn
1541,Shook'um #1541,A looping sheet ghost from Halloween Shook'ums. Three bodies. One skeleton. One clock. Minted on Abstract.,1541.gif,Midnight,Classic,Wink,Wizard,Bowtie,None
1542,Shook'um #1542,A looping sheet ghost from Halloween Shook'ums. Three bodies. One skeleton. One clock. Minted on Abstract.,1542.gif,Midnight,Classic,Sleepy,Cat Ears,None,Bat
1543,Shook'um #1543,A looping sheet ghost from Halloween Shook'ums. Three bodies. One skeleton. One clock. Minted on Abstract.,1543.gif,Parchment,Classic,Normal,Party,None,Bat
1544,Shook'um #1544,A looping sheet ghost from Halloween Shook'ums. Three bodies. One skeleton. One clock. Minted on Abstract.,1544.gif,Graveyard,Blush,Spooked,Bow,Scarf,Candy Corn
1545,Shook'um #1545,A looping sheet ghost from Halloween Shook'ums. Three bodies. One skeleton. One clock. Minted on Abstract.,1545.gif,Pumpkin,Classic,Blep,Witch,None,Moon
1546,Shook'um #1546,A looping sheet ghost from Halloween Shook'ums. Three bodies. One skeleton. One clock. Minted on Abstract.,1546.gif,Dusk,Blush,Sparkly,Pumpkin,None,Candy Corn
1547,Shook'um #1547,A looping sheet ghost from Halloween Shook'ums. Three bodies. One skeleton. One clock. Minted on Abstract.,1547.gif,Pumpkin,Classic,Spooked,Halo,Chain,Bat
1548,Shook'um #1548,A looping sheet ghost from Halloween Shook'ums. Three bodies. One skeleton. One clock. Minted on Abstract.,1548.gif,Dusk,Classic,Sleepy,None,Bowtie,Potion
1549,Shook'um #1549,A looping sheet ghost from Halloween Shook'ums. Three bodies. One skeleton. One clock. Minted on Abstract.,1549.gif,Candy,Classic,Normal,Halo,Chain,Potion
1550,Shook'um #1550,A looping sheet ghost from Halloween Shook'ums. Three bodies. One skeleton. One clock. Minted on Abstract.,1550.gif,Midnight,Classic,Spooked,Cat Ears,None,Pumpkin
1551,Shook'um #1551,A looping sheet ghost from Halloween Shook'ums. Three bodies. One skeleton. One clock. Minted on Abstract.,1551.gif,Blush,Classic,Normal,Flower,None,Moon
1552,Shook'um #1552,A looping sheet ghost from Halloween Shook'ums. Three bodies. One skeleton. One clock. Minted on Abstract.,1552.gif,Candy,Void,Sad,None,Bowtie,None
1553,Shook'um #1553,A looping sheet ghost from Halloween Shook'ums. Three bodies. One skeleton. One clock. Minted on Abstract.,1553.gif,Parchment,Classic,Sad,Pumpkin,None,Bat
1554,Shook'um #1554,A looping sheet ghost from Halloween Shook'ums. Three bodies. One skeleton. One clock. Minted on Abstract.,1554.gif,Pumpkin,Classic,Normal,None,None,Pumpkin
1555,Shook'um #1555,A looping sheet ghost from Halloween Shook'ums. Three bodies. One skeleton. One clock. Minted on Abstract.,1555.gif,Pumpkin,Blush,Sad,Pumpkin,Chain,Bat
1556,Shook'um #1556,A looping sheet ghost from Halloween Shook'ums. Three bodies. One skeleton. One clock. Minted on Abstract.,1556.gif,Pumpkin,Void,Wink,Crown,Chain,Candy Corn
1557,Shook'um #1557,A looping sheet ghost from Halloween Shook'ums. Three bodies. One skeleton. One clock. Minted on Abstract.,1557.gif,Parchment,Blush,Wink,Cat Ears,Cape,None
1558,Shook'um #1558,A looping sheet ghost from Halloween Shook'ums. Three bodies. One skeleton. One clock. Minted on Abstract.,1558.gif,Dusk,Classic,Blep,Flower,Cape,Candy
1559,Shook'um #1559,A looping sheet ghost from Halloween Shook'ums. Three bodies. One skeleton. One clock. Minted on Abstract.,1559.gif,Dusk,Blush,Heart,None,Cape,Candy Corn
1560,Shook'um #1560,A looping sheet ghost from Halloween Shook'ums. Three bodies. One skeleton. One clock. Minted on Abstract.,1560.gif,Dusk,Void,Starry,None,Cape,Candy Corn
1561,Shook'um #1561,A looping sheet ghost from Halloween Shook'ums. Three bodies. One skeleton. One clock. Minted on Abstract.,1561.gif,Candy,Classic,Sparkly,Halo,Bowtie,Pumpkin
1562,Shook'um #1562,A looping sheet ghost from Halloween Shook'ums. Three bodies. One skeleton. One clock. Minted on Abstract.,1562.gif,Void,Blush,Spooked,Wizard,None,None
1563,Shook'um #1563,A looping sheet ghost from Halloween Shook'ums. Three bodies. One skeleton. One clock. Minted on Abstract.,1563.gif,Midnight,Classic,Sleepy,Flower,Cape,None
1564,Shook'um #1564,A looping sheet ghost from Halloween Shook'ums. Three bodies. One skeleton. One clock. Minted on Abstract.,1564.gif,Fog,Void,Sad,Cat Ears,Chain,Pumpkin
1565,Shook'um #1565,A looping sheet ghost from Halloween Shook'ums. Three bodies. One skeleton. One clock. Minted on Abstract.,1565.gif,Blood Moon,Classic,Sparkly,Bow,None,Bat
1566,Shook'um #1566,A looping sheet ghost from Halloween Shook'ums. Three bodies. One skeleton. One clock. Minted on Abstract.,1566.gif,Graveyard,Void,Sparkly,None,Collar,Candy
1567,Shook'um #1567,A looping sheet ghost from Halloween Shook'ums. Three bodies. One skeleton. One clock. Minted on Abstract.,1567.gif,Parchment,Blush,Heart,None,Collar,Candy
1568,Shook'um #1568,A looping sheet ghost from Halloween Shook'ums. Three bodies. One skeleton. One clock. Minted on Abstract.,1568.gif,Pumpkin,Blush,Sleepy,Bow,Scarf,Candy
1569,Shook'um #1569,A looping sheet ghost from Halloween Shook'ums. Three bodies. One skeleton. One clock. Minted on Abstract.,1569.gif,Parchment,Void,Wink,Cat Ears,Scarf,Candy Corn
1570,Shook'um #1570,A looping sheet ghost from Halloween Shook'ums. Three bodies. One skeleton. One clock. Minted on Abstract.,1570.gif,Dusk,Void,Wink,None,Pearls,Bat
1571,Shook'um #1571,A looping sheet ghost from Halloween Shook'ums. Three bodies. One skeleton. One clock. Minted on Abstract.,1571.gif,Void,Classic,Sleepy,Crown,Pearls,Candy Corn
1572,Shook'um #1572,A looping sheet ghost from Halloween Shook'ums. Three bodies. One skeleton. One clock. Minted on Abstract.,1572.gif,Pumpkin,Void,Sleepy,Bow,Pearls,None
1573,Shook'um #1573,A looping sheet ghost from Halloween Shook'ums. Three bodies. One skeleton. One clock. Minted on Abstract.,1573.gif,Candy,Classic,Spooked,Witch,None,None
1574,Shook'um #1574,A looping sheet ghost from Halloween Shook'ums. Three bodies. One skeleton. One clock. Minted on Abstract.,1574.gif,Midnight,Classic,Sleepy,None,None,Bat
1575,Shook'um #1575,A looping sheet ghost from Halloween Shook'ums. Three bodies. One skeleton. One clock. Minted on Abstract.,1575.gif,Midnight,Void,Sparkly,Crown,Bowtie,Candy
1576,Shook'um #1576,A looping sheet ghost from Halloween Shook'ums. Three bodies. One skeleton. One clock. Minted on Abstract.,1576.gif,Graveyard,Classic,Spooked,Halo,Chain,Candy Corn
1577,Shook'um #1577,A looping sheet ghost from Halloween Shook'ums. Three bodies. One skeleton. One clock. Minted on Abstract.,1577.gif,Pumpkin,Blush,Heart,Wizard,None,None
1578,Shook'um #1578,A looping sheet ghost from Halloween Shook'ums. Three bodies. One skeleton. One clock. Minted on Abstract.,1578.gif,Parchment,Blush,Starry,Halo,Chain,Pumpkin
1579,Shook'um #1579,A looping sheet ghost from Halloween Shook'ums. Three bodies. One skeleton. One clock. Minted on Abstract.,1579.gif,Blush,Classic,Sparkly,Cat Ears,None,None
1580,Shook'um #1580,A looping sheet ghost from Halloween Shook'ums. Three bodies. One skeleton. One clock. Minted on Abstract.,1580.gif,Fog,Void,Starry,Party,Scarf,None
1581,Shook'um #1581,A looping sheet ghost from Halloween Shook'ums. Three bodies. One skeleton. One clock. Minted on Abstract.,1581.gif,Candy,Classic,Sparkly,None,None,Candy Corn
1582,Shook'um #1582,A looping sheet ghost from Halloween Shook'ums. Three bodies. One skeleton. One clock. Minted on Abstract.,1582.gif,Midnight,Classic,Normal,None,Pearls,None
1583,Shook'um #1583,A looping sheet ghost from Halloween Shook'ums. Three bodies. One skeleton. One clock. Minted on Abstract.,1583.gif,Blood Moon,Classic,Spooked,None,Collar,Candy
1584,Shook'um #1584,A looping sheet ghost from Halloween Shook'ums. Three bodies. One skeleton. One clock. Minted on Abstract.,1584.gif,Dusk,Blush,Angry,Bow,Bowtie,Candy Corn
1585,Shook'um #1585,A looping sheet ghost from Halloween Shook'ums. Three bodies. One skeleton. One clock. Minted on Abstract.,1585.gif,Parchment,Classic,Sad,Party,None,Bat
1586,Shook'um #1586,A looping sheet ghost from Halloween Shook'ums. Three bodies. One skeleton. One clock. Minted on Abstract.,1586.gif,Parchment,Classic,Normal,Witch,Collar,None
1587,Shook'um #1587,A looping sheet ghost from Halloween Shook'ums. Three bodies. One skeleton. One clock. Minted on Abstract.,1587.gif,Blood Moon,Blush,Sad,None,None,Bat
1588,Shook'um #1588,A looping sheet ghost from Halloween Shook'ums. Three bodies. One skeleton. One clock. Minted on Abstract.,1588.gif,Blush,Blush,Heart,Cat Ears,Bowtie,None
1589,Shook'um #1589,A looping sheet ghost from Halloween Shook'ums. Three bodies. One skeleton. One clock. Minted on Abstract.,1589.gif,Blush,Void,Angry,None,Pearls,Bat
1590,Shook'um #1590,A looping sheet ghost from Halloween Shook'ums. Three bodies. One skeleton. One clock. Minted on Abstract.,1590.gif,Dusk,Blush,Blep,Bow,Chain,None
1591,Shook'um #1591,A looping sheet ghost from Halloween Shook'ums. Three bodies. One skeleton. One clock. Minted on Abstract.,1591.gif,Blush,Blush,Wink,None,Scarf,Candy Corn
1592,Shook'um #1592,A looping sheet ghost from Halloween Shook'ums. Three bodies. One skeleton. One clock. Minted on Abstract.,1592.gif,Candy,Classic,Wink,Witch,Scarf,Potion
1593,Shook'um #1593,A looping sheet ghost from Halloween Shook'ums. Three bodies. One skeleton. One clock. Minted on Abstract.,1593.gif,Candy,Blush,Normal,Crown,Chain,Candy Corn
1594,Shook'um #1594,A looping sheet ghost from Halloween Shook'ums. Three bodies. One skeleton. One clock. Minted on Abstract.,1594.gif,Blood Moon,Classic,Blep,None,Chain,Pumpkin
1595,Shook'um #1595,A looping sheet ghost from Halloween Shook'ums. Three bodies. One skeleton. One clock. Minted on Abstract.,1595.gif,Parchment,Classic,Normal,Flower,None,Candy Corn
1596,Shook'um #1596,A looping sheet ghost from Halloween Shook'ums. Three bodies. One skeleton. One clock. Minted on Abstract.,1596.gif,Graveyard,Classic,Wink,Halo,Bowtie,Candy Corn
1597,Shook'um #1597,A looping sheet ghost from Halloween Shook'ums. Three bodies. One skeleton. One clock. Minted on Abstract.,1597.gif,Midnight,Classic,Blep,None,Chain,Broom
1598,Shook'um #1598,A looping sheet ghost from Halloween Shook'ums. Three bodies. One skeleton. One clock. Minted on Abstract.,1598.gif,Parchment,Blush,Spooked,None,Bowtie,None
1599,Shook'um #1599,A looping sheet ghost from Halloween Shook'ums. Three bodies. One skeleton. One clock. Minted on Abstract.,1599.gif,Midnight,Blush,Blep,Bow,Scarf,None
1600,Shook'um #1600,A looping sheet ghost from Halloween Shook'ums. Three bodies. One skeleton. One clock. Minted on Abstract.,1600.gif,Parchment,Blush,Normal,None,Pearls,None
1601,Shook'um #1601,A looping sheet ghost from Halloween Shook'ums. Three bodies. One skeleton. One clock. Minted on Abstract.,1601.gif,Pumpkin,Void,Spooked,Bow,Scarf,Broom
1602,Shook'um #1602,A looping sheet ghost from Halloween Shook'ums. Three bodies. One skeleton. One clock. Minted on Abstract.,1602.gif,Midnight,Blush,Sleepy,Flower,Bowtie,Candy Corn
1603,Shook'um #1603,A looping sheet ghost from Halloween Shook'ums. Three bodies. One skeleton. One clock. Minted on Abstract.,1603.gif,Fog,Blush,Wink,Bow,Scarf,Bat
1604,Shook'um #1604,A looping sheet ghost from Halloween Shook'ums. Three bodies. One skeleton. One clock. Minted on Abstract.,1604.gif,Void,Classic,Wink,Bow,Cape,Broom
1605,Shook'um #1605,A looping sheet ghost from Halloween Shook'ums. Three bodies. One skeleton. One clock. Minted on Abstract.,1605.gif,Graveyard,Classic,Normal,Bow,None,Candy
1606,Shook'um #1606,A looping sheet ghost from Halloween Shook'ums. Three bodies. One skeleton. One clock. Minted on Abstract.,1606.gif,Pumpkin,Classic,Angry,Party,None,None
1607,Shook'um #1607,A looping sheet ghost from Halloween Shook'ums. Three bodies. One skeleton. One clock. Minted on Abstract.,1607.gif,Blood Moon,Blush,Blep,Pumpkin,None,None
1608,Shook'um #1608,A looping sheet ghost from Halloween Shook'ums. Three bodies. One skeleton. One clock. Minted on Abstract.,1608.gif,Blush,Classic,Sparkly,Bow,None,Bat
1609,Shook'um #1609,A looping sheet ghost from Halloween Shook'ums. Three bodies. One skeleton. One clock. Minted on Abstract.,1609.gif,Parchment,Classic,Sparkly,Cat Ears,Cape,Moon
1610,Shook'um #1610,A looping sheet ghost from Halloween Shook'ums. Three bodies. One skeleton. One clock. Minted on Abstract.,1610.gif,Dusk,Void,Spooked,Witch,Scarf,Pumpkin
1611,Shook'um #1611,A looping sheet ghost from Halloween Shook'ums. Three bodies. One skeleton. One clock. Minted on Abstract.,1611.gif,Dusk,Classic,Spooked,Bow,None,Pumpkin
1612,Shook'um #1612,A looping sheet ghost from Halloween Shook'ums. Three bodies. One skeleton. One clock. Minted on Abstract.,1612.gif,Candy,Blush,Sad,None,Cape,None
1613,Shook'um #1613,A looping sheet ghost from Halloween Shook'ums. Three bodies. One skeleton. One clock. Minted on Abstract.,1613.gif,Blush,Classic,Spooked,None,Chain,None
1614,Shook'um #1614,A looping sheet ghost from Halloween Shook'ums. Three bodies. One skeleton. One clock. Minted on Abstract.,1614.gif,Fog,Classic,Wink,None,Pearls,Moon
1615,Shook'um #1615,A looping sheet ghost from Halloween Shook'ums. Three bodies. One skeleton. One clock. Minted on Abstract.,1615.gif,Dusk,Void,Sparkly,Witch,None,Moon
1616,Shook'um #1616,A looping sheet ghost from Halloween Shook'ums. Three bodies. One skeleton. One clock. Minted on Abstract.,1616.gif,Midnight,Classic,Sparkly,Party,Collar,Bat
1617,Shook'um #1617,A looping sheet ghost from Halloween Shook'ums. Three bodies. One skeleton. One clock. Minted on Abstract.,1617.gif,Blush,Blush,Blep,None,None,None
1618,Shook'um #1618,A looping sheet ghost from Halloween Shook'ums. Three bodies. One skeleton. One clock. Minted on Abstract.,1618.gif,Pumpkin,Classic,Angry,None,Pearls,None
1619,Shook'um #1619,A looping sheet ghost from Halloween Shook'ums. Three bodies. One skeleton. One clock. Minted on Abstract.,1619.gif,Fog,Void,Sleepy,None,Chain,None
1620,Shook'um #1620,A looping sheet ghost from Halloween Shook'ums. Three bodies. One skeleton. One clock. Minted on Abstract.,1620.gif,Blush,Blush,Normal,None,Bowtie,Bat
1621,Shook'um #1621,A looping sheet ghost from Halloween Shook'ums. Three bodies. One skeleton. One clock. Minted on Abstract.,1621.gif,Dusk,Void,Normal,Crown,Scarf,Moon
1622,Shook'um #1622,A looping sheet ghost from Halloween Shook'ums. Three bodies. One skeleton. One clock. Minted on Abstract.,1622.gif,Blood Moon,Classic,Sparkly,Bow,Scarf,Broom
1623,Shook'um #1623,A looping sheet ghost from Halloween Shook'ums. Three bodies. One skeleton. One clock. Minted on Abstract.,1623.gif,Pumpkin,Classic,Sparkly,Witch,None,Broom
1624,Shook'um #1624,A looping sheet ghost from Halloween Shook'ums. Three bodies. One skeleton. One clock. Minted on Abstract.,1624.gif,Pumpkin,Void,Heart,Pumpkin,Chain,Pumpkin
1625,Shook'um #1625,A looping sheet ghost from Halloween Shook'ums. Three bodies. One skeleton. One clock. Minted on Abstract.,1625.gif,Candy,Blush,Angry,Party,None,Broom
1626,Shook'um #1626,A looping sheet ghost from Halloween Shook'ums. Three bodies. One skeleton. One clock. Minted on Abstract.,1626.gif,Midnight,Blush,Spooked,Cat Ears,Collar,Pumpkin
1627,Shook'um #1627,A looping sheet ghost from Halloween Shook'ums. Three bodies. One skeleton. One clock. Minted on Abstract.,1627.gif,Blush,Classic,Spooked,Pumpkin,Collar,None
1628,Shook'um #1628,A looping sheet ghost from Halloween Shook'ums. Three bodies. One skeleton. One clock. Minted on Abstract.,1628.gif,Candy,Classic,Blep,Flower,Bowtie,Candy Corn
1629,Shook'um #1629,A looping sheet ghost from Halloween Shook'ums. Three bodies. One skeleton. One clock. Minted on Abstract.,1629.gif,Parchment,Classic,Heart,Cat Ears,None,Candy Corn
1630,Shook'um #1630,A looping sheet ghost from Halloween Shook'ums. Three bodies. One skeleton. One clock. Minted on Abstract.,1630.gif,Void,Classic,Wink,Pumpkin,Bowtie,None
1631,Shook'um #1631,A looping sheet ghost from Halloween Shook'ums. Three bodies. One skeleton. One clock. Minted on Abstract.,1631.gif,Candy,Void,Spooked,None,Bowtie,None
1632,Shook'um #1632,A looping sheet ghost from Halloween Shook'ums. Three bodies. One skeleton. One clock. Minted on Abstract.,1632.gif,Fog,Classic,Angry,Halo,None,None
1633,Shook'um #1633,A looping sheet ghost from Halloween Shook'ums. Three bodies. One skeleton. One clock. Minted on Abstract.,1633.gif,Midnight,Classic,Sleepy,Pumpkin,None,Broom
1634,Shook'um #1634,A looping sheet ghost from Halloween Shook'ums. Three bodies. One skeleton. One clock. Minted on Abstract.,1634.gif,Fog,Classic,Wink,None,None,Potion
1635,Shook'um #1635,A looping sheet ghost from Halloween Shook'ums. Three bodies. One skeleton. One clock. Minted on Abstract.,1635.gif,Midnight,Blush,Sparkly,Pumpkin,Bowtie,Broom
1636,Shook'um #1636,A looping sheet ghost from Halloween Shook'ums. Three bodies. One skeleton. One clock. Minted on Abstract.,1636.gif,Parchment,Classic,Spooked,Halo,Scarf,None
1637,Shook'um #1637,A looping sheet ghost from Halloween Shook'ums. Three bodies. One skeleton. One clock. Minted on Abstract.,1637.gif,Fog,Void,Blep,Flower,None,Broom
1638,Shook'um #1638,A looping sheet ghost from Halloween Shook'ums. Three bodies. One skeleton. One clock. Minted on Abstract.,1638.gif,Void,Classic,Normal,Flower,Bowtie,Pumpkin
1639,Shook'um #1639,A looping sheet ghost from Halloween Shook'ums. Three bodies. One skeleton. One clock. Minted on Abstract.,1639.gif,Pumpkin,Blush,Wink,Cat Ears,None,Candy Corn
1640,Shook'um #1640,A looping sheet ghost from Halloween Shook'ums. Three bodies. One skeleton. One clock. Minted on Abstract.,1640.gif,Candy,Classic,Sparkly,Halo,Bowtie,None
1641,Shook'um #1641,A looping sheet ghost from Halloween Shook'ums. Three bodies. One skeleton. One clock. Minted on Abstract.,1641.gif,Blood Moon,Void,Sad,Witch,None,None
1642,Shook'um #1642,A looping sheet ghost from Halloween Shook'ums. Three bodies. One skeleton. One clock. Minted on Abstract.,1642.gif,Pumpkin,Blush,Angry,Bow,Pearls,Moon
1643,Shook'um #1643,A looping sheet ghost from Halloween Shook'ums. Three bodies. One skeleton. One clock. Minted on Abstract.,1643.gif,Graveyard,Blush,Normal,None,Bowtie,Candy Corn
1644,Shook'um #1644,A looping sheet ghost from Halloween Shook'ums. Three bodies. One skeleton. One clock. Minted on Abstract.,1644.gif,Blood Moon,Blush,Normal,Cat Ears,Scarf,Pumpkin
1645,Shook'um #1645,A looping sheet ghost from Halloween Shook'ums. Three bodies. One skeleton. One clock. Minted on Abstract.,1645.gif,Midnight,Classic,Wink,Pumpkin,Scarf,None
1646,Shook'um #1646,A looping sheet ghost from Halloween Shook'ums. Three bodies. One skeleton. One clock. Minted on Abstract.,1646.gif,Parchment,Void,Normal,None,None,Candy
1647,Shook'um #1647,A looping sheet ghost from Halloween Shook'ums. Three bodies. One skeleton. One clock. Minted on Abstract.,1647.gif,Pumpkin,Classic,Angry,Flower,Scarf,Candy
1648,Shook'um #1648,A looping sheet ghost from Halloween Shook'ums. Three bodies. One skeleton. One clock. Minted on Abstract.,1648.gif,Blush,Void,Sleepy,Witch,Collar,None
1649,Shook'um #1649,A looping sheet ghost from Halloween Shook'ums. Three bodies. One skeleton. One clock. Minted on Abstract.,1649.gif,Pumpkin,Blush,Starry,Halo,Chain,None
1650,Shook'um #1650,A looping sheet ghost from Halloween Shook'ums. Three bodies. One skeleton. One clock. Minted on Abstract.,1650.gif,Void,Blush,Normal,Flower,Chain,None
1651,Shook'um #1651,A looping sheet ghost from Halloween Shook'ums. Three bodies. One skeleton. One clock. Minted on Abstract.,1651.gif,Candy,Classic,Normal,Party,Scarf,Pumpkin
1652,Shook'um #1652,A looping sheet ghost from Halloween Shook'ums. Three bodies. One skeleton. One clock. Minted on Abstract.,1652.gif,Blush,Void,Sleepy,Bow,Scarf,Bat
1653,Shook'um #1653,A looping sheet ghost from Halloween Shook'ums. Three bodies. One skeleton. One clock. Minted on Abstract.,1653.gif,Pumpkin,Void,Normal,Flower,Cape,None
1654,Shook'um #1654,A looping sheet ghost from Halloween Shook'ums. Three bodies. One skeleton. One clock. Minted on Abstract.,1654.gif,Candy,Classic,Normal,None,Chain,Candy Corn
1655,Shook'um #1655,A looping sheet ghost from Halloween Shook'ums. Three bodies. One skeleton. One clock. Minted on Abstract.,1655.gif,Parchment,Classic,Spooked,None,Collar,None
1656,Shook'um #1656,A looping sheet ghost from Halloween Shook'ums. Three bodies. One skeleton. One clock. Minted on Abstract.,1656.gif,Parchment,Classic,Starry,None,Chain,Potion
1657,Shook'um #1657,A looping sheet ghost from Halloween Shook'ums. Three bodies. One skeleton. One clock. Minted on Abstract.,1657.gif,Parchment,Classic,Sleepy,None,Chain,Candy
1658,Shook'um #1658,A looping sheet ghost from Halloween Shook'ums. Three bodies. One skeleton. One clock. Minted on Abstract.,1658.gif,Blush,Classic,Normal,None,Bowtie,Candy
1659,Shook'um #1659,A looping sheet ghost from Halloween Shook'ums. Three bodies. One skeleton. One clock. Minted on Abstract.,1659.gif,Midnight,Classic,Wink,Cat Ears,Chain,None
1660,Shook'um #1660,A looping sheet ghost from Halloween Shook'ums. Three bodies. One skeleton. One clock. Minted on Abstract.,1660.gif,Blush,Blush,Blep,Halo,Cape,None
1661,Shook'um #1661,A looping sheet ghost from Halloween Shook'ums. Three bodies. One skeleton. One clock. Minted on Abstract.,1661.gif,Fog,Classic,Blep,Party,Collar,Potion
1662,Shook'um #1662,A looping sheet ghost from Halloween Shook'ums. Three bodies. One skeleton. One clock. Minted on Abstract.,1662.gif,Pumpkin,Void,Blep,Cat Ears,Collar,Candy
1663,Shook'um #1663,A looping sheet ghost from Halloween Shook'ums. Three bodies. One skeleton. One clock. Minted on Abstract.,1663.gif,Blush,Classic,Sleepy,None,Collar,Broom
1664,Shook'um #1664,A looping sheet ghost from Halloween Shook'ums. Three bodies. One skeleton. One clock. Minted on Abstract.,1664.gif,Parchment,Void,Wink,Party,None,Pumpkin
1665,Shook'um #1665,A looping sheet ghost from Halloween Shook'ums. Three bodies. One skeleton. One clock. Minted on Abstract.,1665.gif,Blush,Classic,Normal,Pumpkin,Scarf,Bat
1666,Shook'um #1666,A looping sheet ghost from Halloween Shook'ums. Three bodies. One skeleton. One clock. Minted on Abstract.,1666.gif,Pumpkin,Classic,Spooked,Witch,Bowtie,None
1667,Shook'um #1667,A looping sheet ghost from Halloween Shook'ums. Three bodies. One skeleton. One clock. Minted on Abstract.,1667.gif,Fog,Classic,Spooked,Witch,Bowtie,Candy
1668,Shook'um #1668,A looping sheet ghost from Halloween Shook'ums. Three bodies. One skeleton. One clock. Minted on Abstract.,1668.gif,Blood Moon,Classic,Normal,None,None,None
1669,Shook'um #1669,A looping sheet ghost from Halloween Shook'ums. Three bodies. One skeleton. One clock. Minted on Abstract.,1669.gif,Blush,Blush,Wink,None,Pearls,None
1670,Shook'um #1670,A looping sheet ghost from Halloween Shook'ums. Three bodies. One skeleton. One clock. Minted on Abstract.,1670.gif,Candy,Classic,Spooked,Bow,Chain,None
1671,Shook'um #1671,A looping sheet ghost from Halloween Shook'ums. Three bodies. One skeleton. One clock. Minted on Abstract.,1671.gif,Blush,Void,Spooked,Bow,Pearls,Broom
1672,Shook'um #1672,A looping sheet ghost from Halloween Shook'ums. Three bodies. One skeleton. One clock. Minted on Abstract.,1672.gif,Graveyard,Classic,Sparkly,Witch,Scarf,Broom
1673,Shook'um #1673,A looping sheet ghost from Halloween Shook'ums. Three bodies. One skeleton. One clock. Minted on Abstract.,1673.gif,Dusk,Classic,Spooked,None,None,None
1674,Shook'um #1674,A looping sheet ghost from Halloween Shook'ums. Three bodies. One skeleton. One clock. Minted on Abstract.,1674.gif,Candy,Void,Starry,None,Bowtie,Moon
1675,Shook'um #1675,A looping sheet ghost from Halloween Shook'ums. Three bodies. One skeleton. One clock. Minted on Abstract.,1675.gif,Parchment,Void,Normal,Bow,Collar,None
1676,Shook'um #1676,A looping sheet ghost from Halloween Shook'ums. Three bodies. One skeleton. One clock. Minted on Abstract.,1676.gif,Pumpkin,Blush,Sleepy,Crown,Scarf,None
1677,Shook'um #1677,A looping sheet ghost from Halloween Shook'ums. Three bodies. One skeleton. One clock. Minted on Abstract.,1677.gif,Blush,Void,Sparkly,None,Bowtie,Candy
1678,Shook'um #1678,A looping sheet ghost from Halloween Shook'ums. Three bodies. One skeleton. One clock. Minted on Abstract.,1678.gif,Pumpkin,Blush,Blep,None,None,None
1679,Shook'um #1679,A looping sheet ghost from Halloween Shook'ums. Three bodies. One skeleton. One clock. Minted on Abstract.,1679.gif,Candy,Classic,Wink,Cat Ears,Bowtie,None
1680,Shook'um #1680,A looping sheet ghost from Halloween Shook'ums. Three bodies. One skeleton. One clock. Minted on Abstract.,1680.gif,Blush,Classic,Sparkly,None,Bowtie,Candy
1681,Shook'um #1681,A looping sheet ghost from Halloween Shook'ums. Three bodies. One skeleton. One clock. Minted on Abstract.,1681.gif,Blush,Classic,Sleepy,Pumpkin,Bowtie,Potion
1682,Shook'um #1682,A looping sheet ghost from Halloween Shook'ums. Three bodies. One skeleton. One clock. Minted on Abstract.,1682.gif,Blush,Blush,Angry,Witch,Cape,Candy Corn
1683,Shook'um #1683,A looping sheet ghost from Halloween Shook'ums. Three bodies. One skeleton. One clock. Minted on Abstract.,1683.gif,Graveyard,Blush,Sad,Flower,Scarf,Candy Corn
1684,Shook'um #1684,A looping sheet ghost from Halloween Shook'ums. Three bodies. One skeleton. One clock. Minted on Abstract.,1684.gif,Graveyard,Void,Heart,None,Scarf,Bat
1685,Shook'um #1685,A looping sheet ghost from Halloween Shook'ums. Three bodies. One skeleton. One clock. Minted on Abstract.,1685.gif,Dusk,Classic,Sleepy,None,None,Pumpkin
1686,Shook'um #1686,A looping sheet ghost from Halloween Shook'ums. Three bodies. One skeleton. One clock. Minted on Abstract.,1686.gif,Dusk,Classic,Normal,Bow,None,None
1687,Shook'um #1687,A looping sheet ghost from Halloween Shook'ums. Three bodies. One skeleton. One clock. Minted on Abstract.,1687.gif,Parchment,Blush,Wink,Cat Ears,Pearls,None
1688,Shook'um #1688,A looping sheet ghost from Halloween Shook'ums. Three bodies. One skeleton. One clock. Minted on Abstract.,1688.gif,Midnight,Blush,Spooked,None,Scarf,Candy
1689,Shook'um #1689,A looping sheet ghost from Halloween Shook'ums. Three bodies. One skeleton. One clock. Minted on Abstract.,1689.gif,Parchment,Classic,Sleepy,Pumpkin,None,Bat
1690,Shook'um #1690,A looping sheet ghost from Halloween Shook'ums. Three bodies. One skeleton. One clock. Minted on Abstract.,1690.gif,Blush,Void,Sad,Pumpkin,Bowtie,Broom
1691,Shook'um #1691,A looping sheet ghost from Halloween Shook'ums. Three bodies. One skeleton. One clock. Minted on Abstract.,1691.gif,Pumpkin,Classic,Normal,Witch,Collar,None
1692,Shook'um #1692,A looping sheet ghost from Halloween Shook'ums. Three bodies. One skeleton. One clock. Minted on Abstract.,1692.gif,Blood Moon,Void,Sleepy,Cat Ears,Collar,Bat
1693,Shook'um #1693,A looping sheet ghost from Halloween Shook'ums. Three bodies. One skeleton. One clock. Minted on Abstract.,1693.gif,Pumpkin,Classic,Normal,None,None,None
1694,Shook'um #1694,A looping sheet ghost from Halloween Shook'ums. Three bodies. One skeleton. One clock. Minted on Abstract.,1694.gif,Parchment,Classic,Sad,Witch,Chain,None
1695,Shook'um #1695,A looping sheet ghost from Halloween Shook'ums. Three bodies. One skeleton. One clock. Minted on Abstract.,1695.gif,Blood Moon,Classic,Normal,Pumpkin,None,None
1696,Shook'um #1696,A looping sheet ghost from Halloween Shook'ums. Three bodies. One skeleton. One clock. Minted on Abstract.,1696.gif,Pumpkin,Classic,Sparkly,None,Chain,Candy Corn
1697,Shook'um #1697,A looping sheet ghost from Halloween Shook'ums. Three bodies. One skeleton. One clock. Minted on Abstract.,1697.gif,Dusk,Classic,Wink,Crown,Scarf,Broom
1698,Shook'um #1698,A looping sheet ghost from Halloween Shook'ums. Three bodies. One skeleton. One clock. Minted on Abstract.,1698.gif,Blood Moon,Void,Blep,Pumpkin,Pearls,Pumpkin
1699,Shook'um #1699,A looping sheet ghost from Halloween Shook'ums. Three bodies. One skeleton. One clock. Minted on Abstract.,1699.gif,Pumpkin,Blush,Normal,Bow,Scarf,Bat
1700,Shook'um #1700,A looping sheet ghost from Halloween Shook'ums. Three bodies. One skeleton. One clock. Minted on Abstract.,1700.gif,Graveyard,Classic,Heart,Cat Ears,None,Candy Corn
1701,Shook'um #1701,A looping sheet ghost from Halloween Shook'ums. Three bodies. One skeleton. One clock. Minted on Abstract.,1701.gif,Pumpkin,Blush,Spooked,None,Cape,None
1702,Shook'um #1702,A looping sheet ghost from Halloween Shook'ums. Three bodies. One skeleton. One clock. Minted on Abstract.,1702.gif,Pumpkin,Blush,Sparkly,Witch,None,Candy
1703,Shook'um #1703,A looping sheet ghost from Halloween Shook'ums. Three bodies. One skeleton. One clock. Minted on Abstract.,1703.gif,Parchment,Blush,Blep,Halo,Bowtie,Potion
1704,Shook'um #1704,A looping sheet ghost from Halloween Shook'ums. Three bodies. One skeleton. One clock. Minted on Abstract.,1704.gif,Blush,Classic,Sparkly,Party,Scarf,Broom
1705,Shook'um #1705,A looping sheet ghost from Halloween Shook'ums. Three bodies. One skeleton. One clock. Minted on Abstract.,1705.gif,Void,Blush,Sad,Pumpkin,None,None
1706,Shook'um #1706,A looping sheet ghost from Halloween Shook'ums. Three bodies. One skeleton. One clock. Minted on Abstract.,1706.gif,Candy,Classic,Blep,Wizard,Bowtie,Potion
1707,Shook'um #1707,A looping sheet ghost from Halloween Shook'ums. Three bodies. One skeleton. One clock. Minted on Abstract.,1707.gif,Blush,Classic,Normal,Party,Scarf,Candy Corn
1708,Shook'um #1708,A looping sheet ghost from Halloween Shook'ums. Three bodies. One skeleton. One clock. Minted on Abstract.,1708.gif,Parchment,Classic,Normal,Cat Ears,Collar,None
1709,Shook'um #1709,A looping sheet ghost from Halloween Shook'ums. Three bodies. One skeleton. One clock. Minted on Abstract.,1709.gif,Fog,Classic,Sleepy,Wizard,None,Bat
1710,Shook'um #1710,A looping sheet ghost from Halloween Shook'ums. Three bodies. One skeleton. One clock. Minted on Abstract.,1710.gif,Candy,Classic,Heart,Party,Bowtie,Bat
1711,Shook'um #1711,A looping sheet ghost from Halloween Shook'ums. Three bodies. One skeleton. One clock. Minted on Abstract.,1711.gif,Graveyard,Classic,Spooked,Bow,None,None
1712,Shook'um #1712,A looping sheet ghost from Halloween Shook'ums. Three bodies. One skeleton. One clock. Minted on Abstract.,1712.gif,Fog,Classic,Normal,None,Chain,Candy
1713,Shook'um #1713,A looping sheet ghost from Halloween Shook'ums. Three bodies. One skeleton. One clock. Minted on Abstract.,1713.gif,Parchment,Classic,Heart,None,Scarf,Pumpkin
1714,Shook'um #1714,A looping sheet ghost from Halloween Shook'ums. Three bodies. One skeleton. One clock. Minted on Abstract.,1714.gif,Void,Blush,Blep,Witch,Cape,None
1715,Shook'um #1715,A looping sheet ghost from Halloween Shook'ums. Three bodies. One skeleton. One clock. Minted on Abstract.,1715.gif,Dusk,Classic,Spooked,Wizard,Chain,Potion
1716,Shook'um #1716,A looping sheet ghost from Halloween Shook'ums. Three bodies. One skeleton. One clock. Minted on Abstract.,1716.gif,Blood Moon,Blush,Blep,Crown,Scarf,Potion
1717,Shook'um #1717,A looping sheet ghost from Halloween Shook'ums. Three bodies. One skeleton. One clock. Minted on Abstract.,1717.gif,Blush,Void,Sad,Wizard,Scarf,Candy
1718,Shook'um #1718,A looping sheet ghost from Halloween Shook'ums. Three bodies. One skeleton. One clock. Minted on Abstract.,1718.gif,Pumpkin,Classic,Blep,Halo,Pearls,Pumpkin
1719,Shook'um #1719,A looping sheet ghost from Halloween Shook'ums. Three bodies. One skeleton. One clock. Minted on Abstract.,1719.gif,Parchment,Void,Sparkly,None,Chain,Candy
1720,Shook'um #1720,A looping sheet ghost from Halloween Shook'ums. Three bodies. One skeleton. One clock. Minted on Abstract.,1720.gif,Parchment,Classic,Wink,Pumpkin,Scarf,None
1721,Shook'um #1721,A looping sheet ghost from Halloween Shook'ums. Three bodies. One skeleton. One clock. Minted on Abstract.,1721.gif,Midnight,Blush,Angry,Party,None,Moon
1722,Shook'um #1722,A looping sheet ghost from Halloween Shook'ums. Three bodies. One skeleton. One clock. Minted on Abstract.,1722.gif,Blush,Blush,Angry,Party,Cape,None
1723,Shook'um #1723,A looping sheet ghost from Halloween Shook'ums. Three bodies. One skeleton. One clock. Minted on Abstract.,1723.gif,Midnight,Classic,Normal,Bow,Bowtie,None
1724,Shook'um #1724,A looping sheet ghost from Halloween Shook'ums. Three bodies. One skeleton. One clock. Minted on Abstract.,1724.gif,Pumpkin,Blush,Wink,Party,None,Pumpkin
1725,Shook'um #1725,A looping sheet ghost from Halloween Shook'ums. Three bodies. One skeleton. One clock. Minted on Abstract.,1725.gif,Candy,Blush,Angry,Bow,Chain,Candy
1726,Shook'um #1726,A looping sheet ghost from Halloween Shook'ums. Three bodies. One skeleton. One clock. Minted on Abstract.,1726.gif,Graveyard,Blush,Blep,Witch,None,None
1727,Shook'um #1727,A looping sheet ghost from Halloween Shook'ums. Three bodies. One skeleton. One clock. Minted on Abstract.,1727.gif,Candy,Classic,Sleepy,Wizard,Chain,None
1728,Shook'um #1728,A looping sheet ghost from Halloween Shook'ums. Three bodies. One skeleton. One clock. Minted on Abstract.,1728.gif,Midnight,Classic,Normal,Bow,Collar,Pumpkin
1729,Shook'um #1729,A looping sheet ghost from Halloween Shook'ums. Three bodies. One skeleton. One clock. Minted on Abstract.,1729.gif,Blood Moon,Classic,Angry,Bow,Chain,Candy Corn
1730,Shook'um #1730,A looping sheet ghost from Halloween Shook'ums. Three bodies. One skeleton. One clock. Minted on Abstract.,1730.gif,Blush,Void,Angry,None,None,Moon
1731,Shook'um #1731,A looping sheet ghost from Halloween Shook'ums. Three bodies. One skeleton. One clock. Minted on Abstract.,1731.gif,Candy,Classic,Angry,Party,Cape,Candy
1732,Shook'um #1732,A looping sheet ghost from Halloween Shook'ums. Three bodies. One skeleton. One clock. Minted on Abstract.,1732.gif,Dusk,Classic,Blep,None,None,Candy
1733,Shook'um #1733,A looping sheet ghost from Halloween Shook'ums. Three bodies. One skeleton. One clock. Minted on Abstract.,1733.gif,Midnight,Void,Heart,None,None,Potion
1734,Shook'um #1734,A looping sheet ghost from Halloween Shook'ums. Three bodies. One skeleton. One clock. Minted on Abstract.,1734.gif,Midnight,Classic,Spooked,Cat Ears,Pearls,Bat
1735,Shook'um #1735,A looping sheet ghost from Halloween Shook'ums. Three bodies. One skeleton. One clock. Minted on Abstract.,1735.gif,Graveyard,Blush,Heart,None,None,Candy Corn
1736,Shook'um #1736,A looping sheet ghost from Halloween Shook'ums. Three bodies. One skeleton. One clock. Minted on Abstract.,1736.gif,Midnight,Blush,Angry,Pumpkin,Collar,Pumpkin
1737,Shook'um #1737,A looping sheet ghost from Halloween Shook'ums. Three bodies. One skeleton. One clock. Minted on Abstract.,1737.gif,Parchment,Classic,Sparkly,Cat Ears,Bowtie,Broom
1738,Shook'um #1738,A looping sheet ghost from Halloween Shook'ums. Three bodies. One skeleton. One clock. Minted on Abstract.,1738.gif,Candy,Classic,Normal,Cat Ears,Scarf,None
1739,Shook'um #1739,A looping sheet ghost from Halloween Shook'ums. Three bodies. One skeleton. One clock. Minted on Abstract.,1739.gif,Void,Blush,Heart,None,Scarf,None
1740,Shook'um #1740,A looping sheet ghost from Halloween Shook'ums. Three bodies. One skeleton. One clock. Minted on Abstract.,1740.gif,Blush,Blush,Wink,Halo,Chain,Moon
1741,Shook'um #1741,A looping sheet ghost from Halloween Shook'ums. Three bodies. One skeleton. One clock. Minted on Abstract.,1741.gif,Dusk,Blush,Sleepy,None,Bowtie,None
1742,Shook'um #1742,A looping sheet ghost from Halloween Shook'ums. Three bodies. One skeleton. One clock. Minted on Abstract.,1742.gif,Void,Classic,Spooked,Witch,None,Bat
1743,Shook'um #1743,A looping sheet ghost from Halloween Shook'ums. Three bodies. One skeleton. One clock. Minted on Abstract.,1743.gif,Pumpkin,Void,Blep,None,None,None
1744,Shook'um #1744,A looping sheet ghost from Halloween Shook'ums. Three bodies. One skeleton. One clock. Minted on Abstract.,1744.gif,Void,Classic,Spooked,Cat Ears,None,Potion
1745,Shook'um #1745,A looping sheet ghost from Halloween Shook'ums. Three bodies. One skeleton. One clock. Minted on Abstract.,1745.gif,Parchment,Classic,Normal,Pumpkin,Pearls,Candy
1746,Shook'um #1746,A looping sheet ghost from Halloween Shook'ums. Three bodies. One skeleton. One clock. Minted on Abstract.,1746.gif,Candy,Void,Blep,Wizard,Scarf,None
1747,Shook'um #1747,A looping sheet ghost from Halloween Shook'ums. Three bodies. One skeleton. One clock. Minted on Abstract.,1747.gif,Candy,Blush,Spooked,Bow,Bowtie,Potion
1748,Shook'um #1748,A looping sheet ghost from Halloween Shook'ums. Three bodies. One skeleton. One clock. Minted on Abstract.,1748.gif,Midnight,Void,Spooked,Bow,None,Candy
1749,Shook'um #1749,A looping sheet ghost from Halloween Shook'ums. Three bodies. One skeleton. One clock. Minted on Abstract.,1749.gif,Midnight,Classic,Angry,Party,Cape,None
1750,Shook'um #1750,A looping sheet ghost from Halloween Shook'ums. Three bodies. One skeleton. One clock. Minted on Abstract.,1750.gif,Fog,Classic,Spooked,Bow,None,None
1751,Shook'um #1751,A looping sheet ghost from Halloween Shook'ums. Three bodies. One skeleton. One clock. Minted on Abstract.,1751.gif,Blush,Classic,Sparkly,Flower,Cape,Moon
1752,Shook'um #1752,A looping sheet ghost from Halloween Shook'ums. Three bodies. One skeleton. One clock. Minted on Abstract.,1752.gif,Candy,Void,Normal,Pumpkin,Chain,None
1753,Shook'um #1753,A looping sheet ghost from Halloween Shook'ums. Three bodies. One skeleton. One clock. Minted on Abstract.,1753.gif,Pumpkin,Blush,Sleepy,Pumpkin,Pearls,Candy Corn
1754,Shook'um #1754,A looping sheet ghost from Halloween Shook'ums. Three bodies. One skeleton. One clock. Minted on Abstract.,1754.gif,Dusk,Blush,Normal,Party,None,Candy
1755,Shook'um #1755,A looping sheet ghost from Halloween Shook'ums. Three bodies. One skeleton. One clock. Minted on Abstract.,1755.gif,Graveyard,Void,Normal,Crown,Chain,Candy
1756,Shook'um #1756,A looping sheet ghost from Halloween Shook'ums. Three bodies. One skeleton. One clock. Minted on Abstract.,1756.gif,Blush,Classic,Normal,Flower,None,Candy
1757,Shook'um #1757,A looping sheet ghost from Halloween Shook'ums. Three bodies. One skeleton. One clock. Minted on Abstract.,1757.gif,Fog,Blush,Heart,Cat Ears,Cape,None
1758,Shook'um #1758,A looping sheet ghost from Halloween Shook'ums. Three bodies. One skeleton. One clock. Minted on Abstract.,1758.gif,Pumpkin,Classic,Blep,Halo,Cape,Pumpkin
1759,Shook'um #1759,A looping sheet ghost from Halloween Shook'ums. Three bodies. One skeleton. One clock. Minted on Abstract.,1759.gif,Pumpkin,Classic,Sleepy,None,Bowtie,Potion
1760,Shook'um #1760,A looping sheet ghost from Halloween Shook'ums. Three bodies. One skeleton. One clock. Minted on Abstract.,1760.gif,Parchment,Blush,Sleepy,Cat Ears,Scarf,Moon
1761,Shook'um #1761,A looping sheet ghost from Halloween Shook'ums. Three bodies. One skeleton. One clock. Minted on Abstract.,1761.gif,Blood Moon,Classic,Sad,None,None,Potion
1762,Shook'um #1762,A looping sheet ghost from Halloween Shook'ums. Three bodies. One skeleton. One clock. Minted on Abstract.,1762.gif,Blush,Classic,Starry,None,Chain,None
1763,Shook'um #1763,A looping sheet ghost from Halloween Shook'ums. Three bodies. One skeleton. One clock. Minted on Abstract.,1763.gif,Parchment,Blush,Blep,Halo,Collar,Pumpkin
1764,Shook'um #1764,A looping sheet ghost from Halloween Shook'ums. Three bodies. One skeleton. One clock. Minted on Abstract.,1764.gif,Parchment,Classic,Wink,Party,None,Candy
1765,Shook'um #1765,A looping sheet ghost from Halloween Shook'ums. Three bodies. One skeleton. One clock. Minted on Abstract.,1765.gif,Graveyard,Classic,Normal,Cat Ears,Chain,Candy Corn
1766,Shook'um #1766,A looping sheet ghost from Halloween Shook'ums. Three bodies. One skeleton. One clock. Minted on Abstract.,1766.gif,Dusk,Void,Sleepy,Pumpkin,Pearls,Candy
1767,Shook'um #1767,A looping sheet ghost from Halloween Shook'ums. Three bodies. One skeleton. One clock. Minted on Abstract.,1767.gif,Parchment,Classic,Sleepy,None,Collar,Candy
1768,Shook'um #1768,A looping sheet ghost from Halloween Shook'ums. Three bodies. One skeleton. One clock. Minted on Abstract.,1768.gif,Candy,Void,Sad,Flower,Collar,None
1769,Shook'um #1769,A looping sheet ghost from Halloween Shook'ums. Three bodies. One skeleton. One clock. Minted on Abstract.,1769.gif,Void,Void,Spooked,Witch,Pearls,Moon
1770,Shook'um #1770,A looping sheet ghost from Halloween Shook'ums. Three bodies. One skeleton. One clock. Minted on Abstract.,1770.gif,Blush,Blush,Normal,Party,None,Broom
1771,Shook'um #1771,A looping sheet ghost from Halloween Shook'ums. Three bodies. One skeleton. One clock. Minted on Abstract.,1771.gif,Midnight,Classic,Wink,None,None,Candy
1772,Shook'um #1772,A looping sheet ghost from Halloween Shook'ums. Three bodies. One skeleton. One clock. Minted on Abstract.,1772.gif,Void,Void,Normal,Wizard,None,Pumpkin
1773,Shook'um #1773,A looping sheet ghost from Halloween Shook'ums. Three bodies. One skeleton. One clock. Minted on Abstract.,1773.gif,Fog,Blush,Sad,Halo,None,Pumpkin
1774,Shook'um #1774,A looping sheet ghost from Halloween Shook'ums. Three bodies. One skeleton. One clock. Minted on Abstract.,1774.gif,Parchment,Classic,Sleepy,None,None,Candy Corn
1775,Shook'um #1775,A looping sheet ghost from Halloween Shook'ums. Three bodies. One skeleton. One clock. Minted on Abstract.,1775.gif,Fog,Void,Blep,Halo,Cape,Broom
1776,Shook'um #1776,A looping sheet ghost from Halloween Shook'ums. Three bodies. One skeleton. One clock. Minted on Abstract.,1776.gif,Blood Moon,Classic,Blep,Flower,Chain,None
1777,Shook'um #1777,A looping sheet ghost from Halloween Shook'ums. Three bodies. One skeleton. One clock. Minted on Abstract.,1777.gif,Blush,Blush,Angry,Witch,Cape,None
1778,Shook'um #1778,A looping sheet ghost from Halloween Shook'ums. Three bodies. One skeleton. One clock. Minted on Abstract.,1778.gif,Pumpkin,Blush,Spooked,None,Collar,Pumpkin
1779,Shook'um #1779,A looping sheet ghost from Halloween Shook'ums. Three bodies. One skeleton. One clock. Minted on Abstract.,1779.gif,Void,Classic,Sleepy,Pumpkin,Pearls,Broom
1780,Shook'um #1780,A looping sheet ghost from Halloween Shook'ums. Three bodies. One skeleton. One clock. Minted on Abstract.,1780.gif,Pumpkin,Blush,Normal,None,Bowtie,None
1781,Shook'um #1781,A looping sheet ghost from Halloween Shook'ums. Three bodies. One skeleton. One clock. Minted on Abstract.,1781.gif,Midnight,Classic,Spooked,None,Bowtie,Candy
1782,Shook'um #1782,A looping sheet ghost from Halloween Shook'ums. Three bodies. One skeleton. One clock. Minted on Abstract.,1782.gif,Blood Moon,Void,Sleepy,None,Scarf,Pumpkin
1783,Shook'um #1783,A looping sheet ghost from Halloween Shook'ums. Three bodies. One skeleton. One clock. Minted on Abstract.,1783.gif,Graveyard,Classic,Sparkly,Pumpkin,None,Candy
1784,Shook'um #1784,A looping sheet ghost from Halloween Shook'ums. Three bodies. One skeleton. One clock. Minted on Abstract.,1784.gif,Midnight,Blush,Normal,None,Chain,Candy Corn
1785,Shook'um #1785,A looping sheet ghost from Halloween Shook'ums. Three bodies. One skeleton. One clock. Minted on Abstract.,1785.gif,Blush,Classic,Normal,Crown,None,None
1786,Shook'um #1786,A looping sheet ghost from Halloween Shook'ums. Three bodies. One skeleton. One clock. Minted on Abstract.,1786.gif,Fog,Classic,Normal,None,None,Candy Corn
1787,Shook'um #1787,A looping sheet ghost from Halloween Shook'ums. Three bodies. One skeleton. One clock. Minted on Abstract.,1787.gif,Blood Moon,Classic,Sparkly,Bow,Cape,Pumpkin
1788,Shook'um #1788,A looping sheet ghost from Halloween Shook'ums. Three bodies. One skeleton. One clock. Minted on Abstract.,1788.gif,Pumpkin,Void,Normal,Bow,Pearls,Candy Corn
1789,Shook'um #1789,A looping sheet ghost from Halloween Shook'ums. Three bodies. One skeleton. One clock. Minted on Abstract.,1789.gif,Blood Moon,Void,Spooked,None,None,Pumpkin
1790,Shook'um #1790,A looping sheet ghost from Halloween Shook'ums. Three bodies. One skeleton. One clock. Minted on Abstract.,1790.gif,Fog,Blush,Sleepy,Witch,None,Candy Corn
1791,Shook'um #1791,A looping sheet ghost from Halloween Shook'ums. Three bodies. One skeleton. One clock. Minted on Abstract.,1791.gif,Blood Moon,Classic,Spooked,None,Chain,Pumpkin
1792,Shook'um #1792,A looping sheet ghost from Halloween Shook'ums. Three bodies. One skeleton. One clock. Minted on Abstract.,1792.gif,Fog,Blush,Sleepy,None,Scarf,Candy Corn
1793,Shook'um #1793,A looping sheet ghost from Halloween Shook'ums. Three bodies. One skeleton. One clock. Minted on Abstract.,1793.gif,Pumpkin,Classic,Spooked,None,Chain,Potion
1794,Shook'um #1794,A looping sheet ghost from Halloween Shook'ums. Three bodies. One skeleton. One clock. Minted on Abstract.,1794.gif,Midnight,Classic,Sleepy,Pumpkin,Collar,Moon
1795,Shook'um #1795,A looping sheet ghost from Halloween Shook'ums. Three bodies. One skeleton. One clock. Minted on Abstract.,1795.gif,Parchment,Classic,Spooked,Cat Ears,None,Pumpkin
1796,Shook'um #1796,A looping sheet ghost from Halloween Shook'ums. Three bodies. One skeleton. One clock. Minted on Abstract.,1796.gif,Parchment,Classic,Sleepy,Halo,Collar,Bat
1797,Shook'um #1797,A looping sheet ghost from Halloween Shook'ums. Three bodies. One skeleton. One clock. Minted on Abstract.,1797.gif,Midnight,Classic,Spooked,Witch,Scarf,Candy
1798,Shook'um #1798,A looping sheet ghost from Halloween Shook'ums. Three bodies. One skeleton. One clock. Minted on Abstract.,1798.gif,Blush,Classic,Angry,Witch,None,Bat
1799,Shook'um #1799,A looping sheet ghost from Halloween Shook'ums. Three bodies. One skeleton. One clock. Minted on Abstract.,1799.gif,Blush,Void,Starry,Witch,None,Pumpkin
1800,Shook'um #1800,A looping sheet ghost from Halloween Shook'ums. Three bodies. One skeleton. One clock. Minted on Abstract.,1800.gif,Fog,Classic,Sad,None,None,Pumpkin
1801,Shook'um #1801,A looping sheet ghost from Halloween Shook'ums. Three bodies. One skeleton. One clock. Minted on Abstract.,1801.gif,Blush,Classic,Blep,Cat Ears,Collar,Pumpkin
1802,Shook'um #1802,A looping sheet ghost from Halloween Shook'ums. Three bodies. One skeleton. One clock. Minted on Abstract.,1802.gif,Parchment,Void,Sleepy,Halo,Pearls,Candy
1803,Shook'um #1803,A looping sheet ghost from Halloween Shook'ums. Three bodies. One skeleton. One clock. Minted on Abstract.,1803.gif,Candy,Void,Spooked,Bow,None,Candy Corn
1804,Shook'um #1804,A looping sheet ghost from Halloween Shook'ums. Three bodies. One skeleton. One clock. Minted on Abstract.,1804.gif,Parchment,Void,Normal,Pumpkin,Scarf,Bat
1805,Shook'um #1805,A looping sheet ghost from Halloween Shook'ums. Three bodies. One skeleton. One clock. Minted on Abstract.,1805.gif,Graveyard,Classic,Wink,None,None,Pumpkin
1806,Shook'um #1806,A looping sheet ghost from Halloween Shook'ums. Three bodies. One skeleton. One clock. Minted on Abstract.,1806.gif,Midnight,Classic,Blep,Bow,Pearls,Moon
1807,Shook'um #1807,A looping sheet ghost from Halloween Shook'ums. Three bodies. One skeleton. One clock. Minted on Abstract.,1807.gif,Candy,Classic,Blep,Wizard,Scarf,Candy Corn
1808,Shook'um #1808,A looping sheet ghost from Halloween Shook'ums. Three bodies. One skeleton. One clock. Minted on Abstract.,1808.gif,Pumpkin,Classic,Wink,None,Chain,Candy Corn
1809,Shook'um #1809,A looping sheet ghost from Halloween Shook'ums. Three bodies. One skeleton. One clock. Minted on Abstract.,1809.gif,Candy,Classic,Normal,Flower,Pearls,Pumpkin
1810,Shook'um #1810,A looping sheet ghost from Halloween Shook'ums. Three bodies. One skeleton. One clock. Minted on Abstract.,1810.gif,Parchment,Blush,Sparkly,Pumpkin,Collar,None
1811,Shook'um #1811,A looping sheet ghost from Halloween Shook'ums. Three bodies. One skeleton. One clock. Minted on Abstract.,1811.gif,Dusk,Blush,Heart,Halo,None,None
1812,Shook'um #1812,A looping sheet ghost from Halloween Shook'ums. Three bodies. One skeleton. One clock. Minted on Abstract.,1812.gif,Fog,Void,Normal,Cat Ears,Chain,Bat
1813,Shook'um #1813,A looping sheet ghost from Halloween Shook'ums. Three bodies. One skeleton. One clock. Minted on Abstract.,1813.gif,Parchment,Blush,Sparkly,Witch,Chain,Candy Corn
1814,Shook'um #1814,A looping sheet ghost from Halloween Shook'ums. Three bodies. One skeleton. One clock. Minted on Abstract.,1814.gif,Midnight,Classic,Sad,Flower,Chain,Broom
1815,Shook'um #1815,A looping sheet ghost from Halloween Shook'ums. Three bodies. One skeleton. One clock. Minted on Abstract.,1815.gif,Dusk,Classic,Sleepy,Witch,Chain,Potion
1816,Shook'um #1816,A looping sheet ghost from Halloween Shook'ums. Three bodies. One skeleton. One clock. Minted on Abstract.,1816.gif,Pumpkin,Blush,Sleepy,None,Scarf,Broom
1817,Shook'um #1817,A looping sheet ghost from Halloween Shook'ums. Three bodies. One skeleton. One clock. Minted on Abstract.,1817.gif,Dusk,Classic,Wink,Crown,None,Potion
1818,Shook'um #1818,A looping sheet ghost from Halloween Shook'ums. Three bodies. One skeleton. One clock. Minted on Abstract.,1818.gif,Graveyard,Void,Blep,Witch,Bowtie,Candy
1819,Shook'um #1819,A looping sheet ghost from Halloween Shook'ums. Three bodies. One skeleton. One clock. Minted on Abstract.,1819.gif,Candy,Classic,Normal,Bow,Collar,None
1820,Shook'um #1820,A looping sheet ghost from Halloween Shook'ums. Three bodies. One skeleton. One clock. Minted on Abstract.,1820.gif,Blush,Void,Wink,None,Cape,Potion
1821,Shook'um #1821,A looping sheet ghost from Halloween Shook'ums. Three bodies. One skeleton. One clock. Minted on Abstract.,1821.gif,Midnight,Classic,Wink,None,None,Moon
1822,Shook'um #1822,A looping sheet ghost from Halloween Shook'ums. Three bodies. One skeleton. One clock. Minted on Abstract.,1822.gif,Void,Void,Sleepy,Bow,None,Candy
1823,Shook'um #1823,A looping sheet ghost from Halloween Shook'ums. Three bodies. One skeleton. One clock. Minted on Abstract.,1823.gif,Midnight,Classic,Blep,Cat Ears,Chain,Pumpkin
1824,Shook'um #1824,A looping sheet ghost from Halloween Shook'ums. Three bodies. One skeleton. One clock. Minted on Abstract.,1824.gif,Fog,Classic,Wink,Cat Ears,Cape,None
1825,Shook'um #1825,A looping sheet ghost from Halloween Shook'ums. Three bodies. One skeleton. One clock. Minted on Abstract.,1825.gif,Midnight,Blush,Sparkly,Crown,Collar,Potion
1826,Shook'um #1826,A looping sheet ghost from Halloween Shook'ums. Three bodies. One skeleton. One clock. Minted on Abstract.,1826.gif,Fog,Classic,Spooked,None,Chain,Candy Corn
1827,Shook'um #1827,A looping sheet ghost from Halloween Shook'ums. Three bodies. One skeleton. One clock. Minted on Abstract.,1827.gif,Candy,Classic,Sparkly,Witch,Scarf,None
1828,Shook'um #1828,A looping sheet ghost from Halloween Shook'ums. Three bodies. One skeleton. One clock. Minted on Abstract.,1828.gif,Graveyard,Void,Spooked,Halo,Chain,None
1829,Shook'um #1829,A looping sheet ghost from Halloween Shook'ums. Three bodies. One skeleton. One clock. Minted on Abstract.,1829.gif,Blush,Void,Normal,Witch,None,None
1830,Shook'um #1830,A looping sheet ghost from Halloween Shook'ums. Three bodies. One skeleton. One clock. Minted on Abstract.,1830.gif,Graveyard,Blush,Angry,Witch,Cape,None
1831,Shook'um #1831,A looping sheet ghost from Halloween Shook'ums. Three bodies. One skeleton. One clock. Minted on Abstract.,1831.gif,Blood Moon,Blush,Sad,None,Scarf,Potion
1832,Shook'um #1832,A looping sheet ghost from Halloween Shook'ums. Three bodies. One skeleton. One clock. Minted on Abstract.,1832.gif,Candy,Void,Sad,None,Cape,Pumpkin
1833,Shook'um #1833,A looping sheet ghost from Halloween Shook'ums. Three bodies. One skeleton. One clock. Minted on Abstract.,1833.gif,Candy,Void,Spooked,Bow,Cape,Candy Corn
1834,Shook'um #1834,A looping sheet ghost from Halloween Shook'ums. Three bodies. One skeleton. One clock. Minted on Abstract.,1834.gif,Blush,Void,Sleepy,Flower,None,Candy
1835,Shook'um #1835,A looping sheet ghost from Halloween Shook'ums. Three bodies. One skeleton. One clock. Minted on Abstract.,1835.gif,Blood Moon,Void,Normal,None,None,Potion
1836,Shook'um #1836,A looping sheet ghost from Halloween Shook'ums. Three bodies. One skeleton. One clock. Minted on Abstract.,1836.gif,Blush,Classic,Starry,None,Cape,Bat
1837,Shook'um #1837,A looping sheet ghost from Halloween Shook'ums. Three bodies. One skeleton. One clock. Minted on Abstract.,1837.gif,Fog,Classic,Blep,None,Chain,None
1838,Shook'um #1838,A looping sheet ghost from Halloween Shook'ums. Three bodies. One skeleton. One clock. Minted on Abstract.,1838.gif,Candy,Classic,Sleepy,Pumpkin,Cape,Candy
1839,Shook'um #1839,A looping sheet ghost from Halloween Shook'ums. Three bodies. One skeleton. One clock. Minted on Abstract.,1839.gif,Candy,Classic,Sleepy,Flower,None,Pumpkin
1840,Shook'um #1840,A looping sheet ghost from Halloween Shook'ums. Three bodies. One skeleton. One clock. Minted on Abstract.,1840.gif,Parchment,Classic,Spooked,Pumpkin,Pearls,Candy Corn
1841,Shook'um #1841,A looping sheet ghost from Halloween Shook'ums. Three bodies. One skeleton. One clock. Minted on Abstract.,1841.gif,Blush,Classic,Sleepy,Pumpkin,Chain,Pumpkin
1842,Shook'um #1842,A looping sheet ghost from Halloween Shook'ums. Three bodies. One skeleton. One clock. Minted on Abstract.,1842.gif,Parchment,Void,Blep,Pumpkin,Chain,Pumpkin
1843,Shook'um #1843,A looping sheet ghost from Halloween Shook'ums. Three bodies. One skeleton. One clock. Minted on Abstract.,1843.gif,Fog,Blush,Normal,Bow,Collar,Potion
1844,Shook'um #1844,A looping sheet ghost from Halloween Shook'ums. Three bodies. One skeleton. One clock. Minted on Abstract.,1844.gif,Fog,Classic,Spooked,Flower,None,Moon
1845,Shook'um #1845,A looping sheet ghost from Halloween Shook'ums. Three bodies. One skeleton. One clock. Minted on Abstract.,1845.gif,Blush,Blush,Sad,Party,None,Bat
1846,Shook'um #1846,A looping sheet ghost from Halloween Shook'ums. Three bodies. One skeleton. One clock. Minted on Abstract.,1846.gif,Graveyard,Void,Blep,Party,Scarf,Moon
1847,Shook'um #1847,A looping sheet ghost from Halloween Shook'ums. Three bodies. One skeleton. One clock. Minted on Abstract.,1847.gif,Blush,Blush,Normal,None,Chain,None
1848,Shook'um #1848,A looping sheet ghost from Halloween Shook'ums. Three bodies. One skeleton. One clock. Minted on Abstract.,1848.gif,Pumpkin,Classic,Blep,Wizard,Bowtie,None
1849,Shook'um #1849,A looping sheet ghost from Halloween Shook'ums. Three bodies. One skeleton. One clock. Minted on Abstract.,1849.gif,Parchment,Blush,Normal,Cat Ears,None,Pumpkin
1850,Shook'um #1850,A looping sheet ghost from Halloween Shook'ums. Three bodies. One skeleton. One clock. Minted on Abstract.,1850.gif,Midnight,Void,Normal,Bow,Scarf,Potion
1851,Shook'um #1851,A looping sheet ghost from Halloween Shook'ums. Three bodies. One skeleton. One clock. Minted on Abstract.,1851.gif,Pumpkin,Blush,Spooked,Cat Ears,Bowtie,Pumpkin
1852,Shook'um #1852,A looping sheet ghost from Halloween Shook'ums. Three bodies. One skeleton. One clock. Minted on Abstract.,1852.gif,Candy,Void,Wink,Party,None,Candy
1853,Shook'um #1853,A looping sheet ghost from Halloween Shook'ums. Three bodies. One skeleton. One clock. Minted on Abstract.,1853.gif,Dusk,Classic,Spooked,None,Collar,Broom
1854,Shook'um #1854,A looping sheet ghost from Halloween Shook'ums. Three bodies. One skeleton. One clock. Minted on Abstract.,1854.gif,Blood Moon,Classic,Spooked,Bow,None,Pumpkin
1855,Shook'um #1855,A looping sheet ghost from Halloween Shook'ums. Three bodies. One skeleton. One clock. Minted on Abstract.,1855.gif,Candy,Void,Wink,Halo,Scarf,None
1856,Shook'um #1856,A looping sheet ghost from Halloween Shook'ums. Three bodies. One skeleton. One clock. Minted on Abstract.,1856.gif,Blood Moon,Classic,Sparkly,Pumpkin,Bowtie,Pumpkin
1857,Shook'um #1857,A looping sheet ghost from Halloween Shook'ums. Three bodies. One skeleton. One clock. Minted on Abstract.,1857.gif,Void,Blush,Spooked,None,Scarf,None
1858,Shook'um #1858,A looping sheet ghost from Halloween Shook'ums. Three bodies. One skeleton. One clock. Minted on Abstract.,1858.gif,Pumpkin,Classic,Blep,Bow,Bowtie,None
1859,Shook'um #1859,A looping sheet ghost from Halloween Shook'ums. Three bodies. One skeleton. One clock. Minted on Abstract.,1859.gif,Graveyard,Blush,Normal,None,Bowtie,Pumpkin
1860,Shook'um #1860,A looping sheet ghost from Halloween Shook'ums. Three bodies. One skeleton. One clock. Minted on Abstract.,1860.gif,Pumpkin,Classic,Normal,Witch,None,None
1861,Shook'um #1861,A looping sheet ghost from Halloween Shook'ums. Three bodies. One skeleton. One clock. Minted on Abstract.,1861.gif,Parchment,Blush,Normal,Flower,Bowtie,Candy Corn
1862,Shook'um #1862,A looping sheet ghost from Halloween Shook'ums. Three bodies. One skeleton. One clock. Minted on Abstract.,1862.gif,Pumpkin,Blush,Wink,Pumpkin,Bowtie,Pumpkin
1863,Shook'um #1863,A looping sheet ghost from Halloween Shook'ums. Three bodies. One skeleton. One clock. Minted on Abstract.,1863.gif,Blush,Blush,Spooked,Party,Bowtie,None
1864,Shook'um #1864,A looping sheet ghost from Halloween Shook'ums. Three bodies. One skeleton. One clock. Minted on Abstract.,1864.gif,Pumpkin,Classic,Blep,None,Chain,Candy
1865,Shook'um #1865,A looping sheet ghost from Halloween Shook'ums. Three bodies. One skeleton. One clock. Minted on Abstract.,1865.gif,Blush,Void,Sleepy,Witch,Chain,Candy Corn
1866,Shook'um #1866,A looping sheet ghost from Halloween Shook'ums. Three bodies. One skeleton. One clock. Minted on Abstract.,1866.gif,Pumpkin,Classic,Starry,Bow,Bowtie,None
1867,Shook'um #1867,A looping sheet ghost from Halloween Shook'ums. Three bodies. One skeleton. One clock. Minted on Abstract.,1867.gif,Parchment,Void,Starry,Cat Ears,Scarf,Bat
1868,Shook'um #1868,A looping sheet ghost from Halloween Shook'ums. Three bodies. One skeleton. One clock. Minted on Abstract.,1868.gif,Graveyard,Classic,Normal,Pumpkin,Collar,Broom
1869,Shook'um #1869,A looping sheet ghost from Halloween Shook'ums. Three bodies. One skeleton. One clock. Minted on Abstract.,1869.gif,Pumpkin,Void,Spooked,Flower,Cape,Pumpkin
1870,Shook'um #1870,A looping sheet ghost from Halloween Shook'ums. Three bodies. One skeleton. One clock. Minted on Abstract.,1870.gif,Fog,Blush,Spooked,Witch,Chain,Moon
1871,Shook'um #1871,A looping sheet ghost from Halloween Shook'ums. Three bodies. One skeleton. One clock. Minted on Abstract.,1871.gif,Fog,Blush,Normal,None,Pearls,None
1872,Shook'um #1872,A looping sheet ghost from Halloween Shook'ums. Three bodies. One skeleton. One clock. Minted on Abstract.,1872.gif,Fog,Classic,Normal,None,None,Broom
1873,Shook'um #1873,A looping sheet ghost from Halloween Shook'ums. Three bodies. One skeleton. One clock. Minted on Abstract.,1873.gif,Candy,Classic,Spooked,Halo,None,None
1874,Shook'um #1874,A looping sheet ghost from Halloween Shook'ums. Three bodies. One skeleton. One clock. Minted on Abstract.,1874.gif,Parchment,Classic,Sparkly,Wizard,None,Potion
1875,Shook'um #1875,A looping sheet ghost from Halloween Shook'ums. Three bodies. One skeleton. One clock. Minted on Abstract.,1875.gif,Pumpkin,Blush,Angry,Party,Cape,None
1876,Shook'um #1876,A looping sheet ghost from Halloween Shook'ums. Three bodies. One skeleton. One clock. Minted on Abstract.,1876.gif,Midnight,Void,Spooked,Witch,None,None
1877,Shook'um #1877,A looping sheet ghost from Halloween Shook'ums. Three bodies. One skeleton. One clock. Minted on Abstract.,1877.gif,Fog,Blush,Spooked,Halo,Collar,Candy
1878,Shook'um #1878,A looping sheet ghost from Halloween Shook'ums. Three bodies. One skeleton. One clock. Minted on Abstract.,1878.gif,Midnight,Classic,Blep,Flower,Scarf,Bat
1879,Shook'um #1879,A looping sheet ghost from Halloween Shook'ums. Three bodies. One skeleton. One clock. Minted on Abstract.,1879.gif,Dusk,Classic,Angry,None,None,None
1880,Shook'um #1880,A looping sheet ghost from Halloween Shook'ums. Three bodies. One skeleton. One clock. Minted on Abstract.,1880.gif,Midnight,Classic,Spooked,Wizard,None,None
1881,Shook'um #1881,A looping sheet ghost from Halloween Shook'ums. Three bodies. One skeleton. One clock. Minted on Abstract.,1881.gif,Parchment,Blush,Spooked,Pumpkin,Bowtie,None
1882,Shook'um #1882,A looping sheet ghost from Halloween Shook'ums. Three bodies. One skeleton. One clock. Minted on Abstract.,1882.gif,Fog,Classic,Normal,Witch,Scarf,Candy
1883,Shook'um #1883,A looping sheet ghost from Halloween Shook'ums. Three bodies. One skeleton. One clock. Minted on Abstract.,1883.gif,Blush,Void,Sleepy,None,Bowtie,Bat
1884,Shook'um #1884,A looping sheet ghost from Halloween Shook'ums. Three bodies. One skeleton. One clock. Minted on Abstract.,1884.gif,Dusk,Classic,Spooked,None,Bowtie,Pumpkin
1885,Shook'um #1885,A looping sheet ghost from Halloween Shook'ums. Three bodies. One skeleton. One clock. Minted on Abstract.,1885.gif,Blush,Blush,Wink,Cat Ears,Pearls,None
1886,Shook'um #1886,A looping sheet ghost from Halloween Shook'ums. Three bodies. One skeleton. One clock. Minted on Abstract.,1886.gif,Blush,Classic,Normal,Crown,Pearls,Candy Corn
1887,Shook'um #1887,A looping sheet ghost from Halloween Shook'ums. Three bodies. One skeleton. One clock. Minted on Abstract.,1887.gif,Blush,Classic,Spooked,Witch,Chain,None
1888,Shook'um #1888,A looping sheet ghost from Halloween Shook'ums. Three bodies. One skeleton. One clock. Minted on Abstract.,1888.gif,Fog,Void,Normal,Pumpkin,Pearls,None
1889,Shook'um #1889,A looping sheet ghost from Halloween Shook'ums. Three bodies. One skeleton. One clock. Minted on Abstract.,1889.gif,Midnight,Classic,Spooked,Pumpkin,Pearls,Pumpkin
1890,Shook'um #1890,A looping sheet ghost from Halloween Shook'ums. Three bodies. One skeleton. One clock. Minted on Abstract.,1890.gif,Blush,Classic,Sparkly,None,Chain,Potion
1891,Shook'um #1891,A looping sheet ghost from Halloween Shook'ums. Three bodies. One skeleton. One clock. Minted on Abstract.,1891.gif,Parchment,Classic,Sleepy,Halo,None,Bat
1892,Shook'um #1892,A looping sheet ghost from Halloween Shook'ums. Three bodies. One skeleton. One clock. Minted on Abstract.,1892.gif,Pumpkin,Blush,Normal,Bow,Collar,Candy
1893,Shook'um #1893,A looping sheet ghost from Halloween Shook'ums. Three bodies. One skeleton. One clock. Minted on Abstract.,1893.gif,Parchment,Classic,Spooked,Bow,Cape,Bat
1894,Shook'um #1894,A looping sheet ghost from Halloween Shook'ums. Three bodies. One skeleton. One clock. Minted on Abstract.,1894.gif,Midnight,Blush,Sleepy,Witch,None,Pumpkin
1895,Shook'um #1895,A looping sheet ghost from Halloween Shook'ums. Three bodies. One skeleton. One clock. Minted on Abstract.,1895.gif,Blush,Classic,Angry,Pumpkin,Chain,Candy Corn
1896,Shook'um #1896,A looping sheet ghost from Halloween Shook'ums. Three bodies. One skeleton. One clock. Minted on Abstract.,1896.gif,Graveyard,Classic,Normal,Halo,None,Pumpkin
1897,Shook'um #1897,A looping sheet ghost from Halloween Shook'ums. Three bodies. One skeleton. One clock. Minted on Abstract.,1897.gif,Pumpkin,Blush,Normal,Cat Ears,None,Candy
1898,Shook'um #1898,A looping sheet ghost from Halloween Shook'ums. Three bodies. One skeleton. One clock. Minted on Abstract.,1898.gif,Midnight,Blush,Sparkly,Party,Chain,Broom
1899,Shook'um #1899,A looping sheet ghost from Halloween Shook'ums. Three bodies. One skeleton. One clock. Minted on Abstract.,1899.gif,Midnight,Blush,Sad,Halo,Chain,Candy
1900,Shook'um #1900,A looping sheet ghost from Halloween Shook'ums. Three bodies. One skeleton. One clock. Minted on Abstract.,1900.gif,Candy,Classic,Angry,Flower,Pearls,Broom
1901,Shook'um #1901,A looping sheet ghost from Halloween Shook'ums. Three bodies. One skeleton. One clock. Minted on Abstract.,1901.gif,Parchment,Blush,Sleepy,None,Scarf,Candy
1902,Shook'um #1902,A looping sheet ghost from Halloween Shook'ums. Three bodies. One skeleton. One clock. Minted on Abstract.,1902.gif,Blush,Void,Spooked,Pumpkin,Scarf,None
1903,Shook'um #1903,A looping sheet ghost from Halloween Shook'ums. Three bodies. One skeleton. One clock. Minted on Abstract.,1903.gif,Fog,Blush,Normal,None,Cape,None
1904,Shook'um #1904,A looping sheet ghost from Halloween Shook'ums. Three bodies. One skeleton. One clock. Minted on Abstract.,1904.gif,Fog,Blush,Spooked,Wizard,None,Candy
1905,Shook'um #1905,A looping sheet ghost from Halloween Shook'ums. Three bodies. One skeleton. One clock. Minted on Abstract.,1905.gif,Blood Moon,Classic,Wink,None,Chain,Candy
1906,Shook'um #1906,A looping sheet ghost from Halloween Shook'ums. Three bodies. One skeleton. One clock. Minted on Abstract.,1906.gif,Fog,Classic,Wink,Witch,Cape,None
1907,Shook'um #1907,A looping sheet ghost from Halloween Shook'ums. Three bodies. One skeleton. One clock. Minted on Abstract.,1907.gif,Parchment,Classic,Angry,None,Chain,Candy
1908,Shook'um #1908,A looping sheet ghost from Halloween Shook'ums. Three bodies. One skeleton. One clock. Minted on Abstract.,1908.gif,Fog,Classic,Spooked,None,Chain,Pumpkin
1909,Shook'um #1909,A looping sheet ghost from Halloween Shook'ums. Three bodies. One skeleton. One clock. Minted on Abstract.,1909.gif,Graveyard,Classic,Sparkly,Pumpkin,None,None
1910,Shook'um #1910,A looping sheet ghost from Halloween Shook'ums. Three bodies. One skeleton. One clock. Minted on Abstract.,1910.gif,Graveyard,Blush,Blep,Halo,None,None
1911,Shook'um #1911,A looping sheet ghost from Halloween Shook'ums. Three bodies. One skeleton. One clock. Minted on Abstract.,1911.gif,Graveyard,Classic,Angry,Halo,None,None
1912,Shook'um #1912,A looping sheet ghost from Halloween Shook'ums. Three bodies. One skeleton. One clock. Minted on Abstract.,1912.gif,Midnight,Blush,Normal,None,Scarf,Candy Corn
1913,Shook'um #1913,A looping sheet ghost from Halloween Shook'ums. Three bodies. One skeleton. One clock. Minted on Abstract.,1913.gif,Blood Moon,Void,Spooked,Pumpkin,None,Bat
1914,Shook'um #1914,A looping sheet ghost from Halloween Shook'ums. Three bodies. One skeleton. One clock. Minted on Abstract.,1914.gif,Blush,Blush,Sparkly,Pumpkin,None,Candy
1915,Shook'um #1915,A looping sheet ghost from Halloween Shook'ums. Three bodies. One skeleton. One clock. Minted on Abstract.,1915.gif,Graveyard,Blush,Sleepy,None,None,Bat
1916,Shook'um #1916,A looping sheet ghost from Halloween Shook'ums. Three bodies. One skeleton. One clock. Minted on Abstract.,1916.gif,Candy,Blush,Normal,Party,None,Bat
1917,Shook'um #1917,A looping sheet ghost from Halloween Shook'ums. Three bodies. One skeleton. One clock. Minted on Abstract.,1917.gif,Midnight,Classic,Blep,None,Scarf,Candy Corn
1918,Shook'um #1918,A looping sheet ghost from Halloween Shook'ums. Three bodies. One skeleton. One clock. Minted on Abstract.,1918.gif,Blush,Classic,Sparkly,None,Bowtie,Pumpkin
1919,Shook'um #1919,A looping sheet ghost from Halloween Shook'ums. Three bodies. One skeleton. One clock. Minted on Abstract.,1919.gif,Candy,Void,Normal,Cat Ears,None,None
1920,Shook'um #1920,A looping sheet ghost from Halloween Shook'ums. Three bodies. One skeleton. One clock. Minted on Abstract.,1920.gif,Midnight,Classic,Spooked,None,Collar,Broom
1921,Shook'um #1921,A looping sheet ghost from Halloween Shook'ums. Three bodies. One skeleton. One clock. Minted on Abstract.,1921.gif,Graveyard,Classic,Sparkly,Party,None,Candy Corn
1922,Shook'um #1922,A looping sheet ghost from Halloween Shook'ums. Three bodies. One skeleton. One clock. Minted on Abstract.,1922.gif,Dusk,Classic,Wink,Party,None,None
1923,Shook'um #1923,A looping sheet ghost from Halloween Shook'ums. Three bodies. One skeleton. One clock. Minted on Abstract.,1923.gif,Blood Moon,Classic,Normal,Halo,Pearls,None
1924,Shook'um #1924,A looping sheet ghost from Halloween Shook'ums. Three bodies. One skeleton. One clock. Minted on Abstract.,1924.gif,Candy,Blush,Spooked,Cat Ears,None,Potion
1925,Shook'um #1925,A looping sheet ghost from Halloween Shook'ums. Three bodies. One skeleton. One clock. Minted on Abstract.,1925.gif,Fog,Void,Sleepy,Witch,Scarf,None
1926,Shook'um #1926,A looping sheet ghost from Halloween Shook'ums. Three bodies. One skeleton. One clock. Minted on Abstract.,1926.gif,Midnight,Void,Sleepy,Cat Ears,None,None
1927,Shook'um #1927,A looping sheet ghost from Halloween Shook'ums. Three bodies. One skeleton. One clock. Minted on Abstract.,1927.gif,Fog,Void,Normal,Witch,Collar,Candy
1928,Shook'um #1928,A looping sheet ghost from Halloween Shook'ums. Three bodies. One skeleton. One clock. Minted on Abstract.,1928.gif,Midnight,Blush,Normal,Halo,Chain,Pumpkin
1929,Shook'um #1929,A looping sheet ghost from Halloween Shook'ums. Three bodies. One skeleton. One clock. Minted on Abstract.,1929.gif,Candy,Void,Spooked,Witch,None,Pumpkin
1930,Shook'um #1930,A looping sheet ghost from Halloween Shook'ums. Three bodies. One skeleton. One clock. Minted on Abstract.,1930.gif,Graveyard,Classic,Spooked,Witch,Pearls,Potion
1931,Shook'um #1931,A looping sheet ghost from Halloween Shook'ums. Three bodies. One skeleton. One clock. Minted on Abstract.,1931.gif,Dusk,Classic,Sad,None,Bowtie,Pumpkin
1932,Shook'um #1932,A looping sheet ghost from Halloween Shook'ums. Three bodies. One skeleton. One clock. Minted on Abstract.,1932.gif,Pumpkin,Blush,Sleepy,Flower,Pearls,Pumpkin
1933,Shook'um #1933,A looping sheet ghost from Halloween Shook'ums. Three bodies. One skeleton. One clock. Minted on Abstract.,1933.gif,Candy,Classic,Spooked,Bow,Bowtie,Candy
1934,Shook'um #1934,A looping sheet ghost from Halloween Shook'ums. Three bodies. One skeleton. One clock. Minted on Abstract.,1934.gif,Midnight,Classic,Sparkly,Halo,Collar,Potion
1935,Shook'um #1935,A looping sheet ghost from Halloween Shook'ums. Three bodies. One skeleton. One clock. Minted on Abstract.,1935.gif,Fog,Blush,Normal,None,Scarf,None
1936,Shook'um #1936,A looping sheet ghost from Halloween Shook'ums. Three bodies. One skeleton. One clock. Minted on Abstract.,1936.gif,Candy,Classic,Spooked,Party,Pearls,Potion
1937,Shook'um #1937,A looping sheet ghost from Halloween Shook'ums. Three bodies. One skeleton. One clock. Minted on Abstract.,1937.gif,Graveyard,Classic,Sleepy,Pumpkin,Pearls,Broom
1938,Shook'um #1938,A looping sheet ghost from Halloween Shook'ums. Three bodies. One skeleton. One clock. Minted on Abstract.,1938.gif,Blood Moon,Classic,Sleepy,None,Chain,Pumpkin
1939,Shook'um #1939,A looping sheet ghost from Halloween Shook'ums. Three bodies. One skeleton. One clock. Minted on Abstract.,1939.gif,Parchment,Classic,Sparkly,Party,Pearls,Moon
1940,Shook'um #1940,A looping sheet ghost from Halloween Shook'ums. Three bodies. One skeleton. One clock. Minted on Abstract.,1940.gif,Blush,Classic,Spooked,None,Collar,Broom
1941,Shook'um #1941,A looping sheet ghost from Halloween Shook'ums. Three bodies. One skeleton. One clock. Minted on Abstract.,1941.gif,Candy,Classic,Sleepy,Cat Ears,Chain,Pumpkin
1942,Shook'um #1942,A looping sheet ghost from Halloween Shook'ums. Three bodies. One skeleton. One clock. Minted on Abstract.,1942.gif,Blood Moon,Classic,Spooked,Witch,None,Pumpkin
1943,Shook'um #1943,A looping sheet ghost from Halloween Shook'ums. Three bodies. One skeleton. One clock. Minted on Abstract.,1943.gif,Candy,Classic,Sparkly,Halo,Chain,Candy
1944,Shook'um #1944,A looping sheet ghost from Halloween Shook'ums. Three bodies. One skeleton. One clock. Minted on Abstract.,1944.gif,Pumpkin,Classic,Spooked,Bow,None,None
1945,Shook'um #1945,A looping sheet ghost from Halloween Shook'ums. Three bodies. One skeleton. One clock. Minted on Abstract.,1945.gif,Blush,Classic,Spooked,Pumpkin,None,None
1946,Shook'um #1946,A looping sheet ghost from Halloween Shook'ums. Three bodies. One skeleton. One clock. Minted on Abstract.,1946.gif,Pumpkin,Blush,Normal,Halo,Scarf,Pumpkin
1947,Shook'um #1947,A looping sheet ghost from Halloween Shook'ums. Three bodies. One skeleton. One clock. Minted on Abstract.,1947.gif,Pumpkin,Blush,Sleepy,Flower,None,None
1948,Shook'um #1948,A looping sheet ghost from Halloween Shook'ums. Three bodies. One skeleton. One clock. Minted on Abstract.,1948.gif,Candy,Classic,Heart,Party,None,Candy
1949,Shook'um #1949,A looping sheet ghost from Halloween Shook'ums. Three bodies. One skeleton. One clock. Minted on Abstract.,1949.gif,Midnight,Classic,Wink,Witch,None,Candy Corn
1950,Shook'um #1950,A looping sheet ghost from Halloween Shook'ums. Three bodies. One skeleton. One clock. Minted on Abstract.,1950.gif,Dusk,Void,Wink,Pumpkin,Pearls,Bat
1951,Shook'um #1951,A looping sheet ghost from Halloween Shook'ums. Three bodies. One skeleton. One clock. Minted on Abstract.,1951.gif,Parchment,Classic,Normal,Witch,Pearls,Broom
1952,Shook'um #1952,A looping sheet ghost from Halloween Shook'ums. Three bodies. One skeleton. One clock. Minted on Abstract.,1952.gif,Graveyard,Blush,Blep,None,None,Candy
1953,Shook'um #1953,A looping sheet ghost from Halloween Shook'ums. Three bodies. One skeleton. One clock. Minted on Abstract.,1953.gif,Void,Blush,Heart,Halo,Chain,None
1954,Shook'um #1954,A looping sheet ghost from Halloween Shook'ums. Three bodies. One skeleton. One clock. Minted on Abstract.,1954.gif,Candy,Void,Angry,Pumpkin,Bowtie,Candy Corn
1955,Shook'um #1955,A looping sheet ghost from Halloween Shook'ums. Three bodies. One skeleton. One clock. Minted on Abstract.,1955.gif,Midnight,Classic,Spooked,Bow,Cape,Pumpkin
1956,Shook'um #1956,A looping sheet ghost from Halloween Shook'ums. Three bodies. One skeleton. One clock. Minted on Abstract.,1956.gif,Fog,Void,Sad,Flower,Chain,Pumpkin
1957,Shook'um #1957,A looping sheet ghost from Halloween Shook'ums. Three bodies. One skeleton. One clock. Minted on Abstract.,1957.gif,Midnight,Blush,Sad,None,Pearls,None
1958,Shook'um #1958,A looping sheet ghost from Halloween Shook'ums. Three bodies. One skeleton. One clock. Minted on Abstract.,1958.gif,Parchment,Classic,Normal,Pumpkin,None,Potion
1959,Shook'um #1959,A looping sheet ghost from Halloween Shook'ums. Three bodies. One skeleton. One clock. Minted on Abstract.,1959.gif,Pumpkin,Blush,Sleepy,Witch,None,Candy
1960,Shook'um #1960,A looping sheet ghost from Halloween Shook'ums. Three bodies. One skeleton. One clock. Minted on Abstract.,1960.gif,Pumpkin,Void,Wink,Halo,Pearls,Moon
1961,Shook'um #1961,A looping sheet ghost from Halloween Shook'ums. Three bodies. One skeleton. One clock. Minted on Abstract.,1961.gif,Blush,Blush,Sad,Cat Ears,Bowtie,Bat
1962,Shook'um #1962,A looping sheet ghost from Halloween Shook'ums. Three bodies. One skeleton. One clock. Minted on Abstract.,1962.gif,Candy,Classic,Wink,Party,None,None
1963,Shook'um #1963,A looping sheet ghost from Halloween Shook'ums. Three bodies. One skeleton. One clock. Minted on Abstract.,1963.gif,Fog,Classic,Blep,Pumpkin,Scarf,Pumpkin
1964,Shook'um #1964,A looping sheet ghost from Halloween Shook'ums. Three bodies. One skeleton. One clock. Minted on Abstract.,1964.gif,Dusk,Blush,Sad,None,Chain,None
1965,Shook'um #1965,A looping sheet ghost from Halloween Shook'ums. Three bodies. One skeleton. One clock. Minted on Abstract.,1965.gif,Graveyard,Void,Sleepy,None,None,Bat
1966,Shook'um #1966,A looping sheet ghost from Halloween Shook'ums. Three bodies. One skeleton. One clock. Minted on Abstract.,1966.gif,Dusk,Blush,Wink,None,None,Candy
1967,Shook'um #1967,A looping sheet ghost from Halloween Shook'ums. Three bodies. One skeleton. One clock. Minted on Abstract.,1967.gif,Graveyard,Classic,Sad,Pumpkin,Bowtie,Bat
1968,Shook'um #1968,A looping sheet ghost from Halloween Shook'ums. Three bodies. One skeleton. One clock. Minted on Abstract.,1968.gif,Parchment,Classic,Sparkly,Pumpkin,Chain,Moon
1969,Shook'um #1969,A looping sheet ghost from Halloween Shook'ums. Three bodies. One skeleton. One clock. Minted on Abstract.,1969.gif,Blood Moon,Classic,Sparkly,Witch,Chain,Candy
1970,Shook'um #1970,A looping sheet ghost from Halloween Shook'ums. Three bodies. One skeleton. One clock. Minted on Abstract.,1970.gif,Blood Moon,Blush,Blep,Pumpkin,Scarf,Pumpkin
1971,Shook'um #1971,A looping sheet ghost from Halloween Shook'ums. Three bodies. One skeleton. One clock. Minted on Abstract.,1971.gif,Candy,Classic,Normal,Witch,Collar,Potion
1972,Shook'um #1972,A looping sheet ghost from Halloween Shook'ums. Three bodies. One skeleton. One clock. Minted on Abstract.,1972.gif,Pumpkin,Classic,Spooked,None,Bowtie,Pumpkin
1973,Shook'um #1973,A looping sheet ghost from Halloween Shook'ums. Three bodies. One skeleton. One clock. Minted on Abstract.,1973.gif,Midnight,Classic,Starry,Bow,Scarf,Moon
1974,Shook'um #1974,A looping sheet ghost from Halloween Shook'ums. Three bodies. One skeleton. One clock. Minted on Abstract.,1974.gif,Fog,Classic,Spooked,Pumpkin,Scarf,Bat
1975,Shook'um #1975,A looping sheet ghost from Halloween Shook'ums. Three bodies. One skeleton. One clock. Minted on Abstract.,1975.gif,Parchment,Void,Starry,Flower,None,Broom
1976,Shook'um #1976,A looping sheet ghost from Halloween Shook'ums. Three bodies. One skeleton. One clock. Minted on Abstract.,1976.gif,Parchment,Blush,Normal,Witch,Scarf,Broom
1977,Shook'um #1977,A looping sheet ghost from Halloween Shook'ums. Three bodies. One skeleton. One clock. Minted on Abstract.,1977.gif,Midnight,Blush,Blep,Halo,Scarf,Pumpkin
1978,Shook'um #1978,A looping sheet ghost from Halloween Shook'ums. Three bodies. One skeleton. One clock. Minted on Abstract.,1978.gif,Blush,Classic,Normal,None,None,None
1979,Shook'um #1979,A looping sheet ghost from Halloween Shook'ums. Three bodies. One skeleton. One clock. Minted on Abstract.,1979.gif,Candy,Classic,Blep,Crown,Bowtie,None
1980,Shook'um #1980,A looping sheet ghost from Halloween Shook'ums. Three bodies. One skeleton. One clock. Minted on Abstract.,1980.gif,Fog,Classic,Normal,Party,None,Candy Corn
1981,Shook'um #1981,A looping sheet ghost from Halloween Shook'ums. Three bodies. One skeleton. One clock. Minted on Abstract.,1981.gif,Void,Blush,Normal,None,None,Potion
1982,Shook'um #1982,A looping sheet ghost from Halloween Shook'ums. Three bodies. One skeleton. One clock. Minted on Abstract.,1982.gif,Graveyard,Void,Normal,Bow,Scarf,None
1983,Shook'um #1983,A looping sheet ghost from Halloween Shook'ums. Three bodies. One skeleton. One clock. Minted on Abstract.,1983.gif,Fog,Classic,Blep,None,None,Bat
1984,Shook'um #1984,A looping sheet ghost from Halloween Shook'ums. Three bodies. One skeleton. One clock. Minted on Abstract.,1984.gif,Graveyard,Blush,Starry,None,Chain,Candy Corn
1985,Shook'um #1985,A looping sheet ghost from Halloween Shook'ums. Three bodies. One skeleton. One clock. Minted on Abstract.,1985.gif,Pumpkin,Blush,Sparkly,Cat Ears,Pearls,None
1986,Shook'um #1986,A looping sheet ghost from Halloween Shook'ums. Three bodies. One skeleton. One clock. Minted on Abstract.,1986.gif,Candy,Blush,Spooked,Witch,Collar,Broom
1987,Shook'um #1987,A looping sheet ghost from Halloween Shook'ums. Three bodies. One skeleton. One clock. Minted on Abstract.,1987.gif,Blush,Classic,Sleepy,Cat Ears,Pearls,None
1988,Shook'um #1988,A looping sheet ghost from Halloween Shook'ums. Three bodies. One skeleton. One clock. Minted on Abstract.,1988.gif,Graveyard,Classic,Wink,Party,Chain,Candy
1989,Shook'um #1989,A looping sheet ghost from Halloween Shook'ums. Three bodies. One skeleton. One clock. Minted on Abstract.,1989.gif,Midnight,Blush,Blep,Bow,None,None
1990,Shook'um #1990,A looping sheet ghost from Halloween Shook'ums. Three bodies. One skeleton. One clock. Minted on Abstract.,1990.gif,Candy,Void,Wink,None,None,Candy
1991,Shook'um #1991,A looping sheet ghost from Halloween Shook'ums. Three bodies. One skeleton. One clock. Minted on Abstract.,1991.gif,Parchment,Blush,Angry,Party,Pearls,Potion
1992,Shook'um #1992,A looping sheet ghost from Halloween Shook'ums. Three bodies. One skeleton. One clock. Minted on Abstract.,1992.gif,Midnight,Void,Normal,Wizard,Chain,Bat
1993,Shook'um #1993,A looping sheet ghost from Halloween Shook'ums. Three bodies. One skeleton. One clock. Minted on Abstract.,1993.gif,Midnight,Blush,Wink,Witch,Chain,Potion
1994,Shook'um #1994,A looping sheet ghost from Halloween Shook'ums. Three bodies. One skeleton. One clock. Minted on Abstract.,1994.gif,Void,Blush,Sleepy,Party,None,Potion
1995,Shook'um #1995,A looping sheet ghost from Halloween Shook'ums. Three bodies. One skeleton. One clock. Minted on Abstract.,1995.gif,Parchment,Blush,Blep,Bow,Chain,Candy Corn
1996,Shook'um #1996,A looping sheet ghost from Halloween Shook'ums. Three bodies. One skeleton. One clock. Minted on Abstract.,1996.gif,Fog,Blush,Wink,None,Bowtie,Pumpkin
1997,Shook'um #1997,A looping sheet ghost from Halloween Shook'ums. Three bodies. One skeleton. One clock. Minted on Abstract.,1997.gif,Fog,Blush,Sleepy,None,None,None
1998,Shook'um #1998,A looping sheet ghost from Halloween Shook'ums. Three bodies. One skeleton. One clock. Minted on Abstract.,1998.gif,Blush,Classic,Sparkly,Flower,Cape,Candy
1999,Shook'um #1999,A looping sheet ghost from Halloween Shook'ums. Three bodies. One skeleton. One clock. Minted on Abstract.,1999.gif,Midnight,Classic,Starry,Bow,Pearls,Bat
2000,Shook'um #2000,A looping sheet ghost from Halloween Shook'ums. Three bodies. One skeleton. One clock. Minted on Abstract.,2000.gif,Parchment,Classic,Spooked,Party,Collar,Candy Corn
2001,Shook'um #2001,A looping sheet ghost from Halloween Shook'ums. Three bodies. One skeleton. One clock. Minted on Abstract.,2001.gif,Dusk,Blush,Normal,None,Scarf,None
2002,Shook'um #2002,A looping sheet ghost from Halloween Shook'ums. Three bodies. One skeleton. One clock. Minted on Abstract.,2002.gif,Pumpkin,Classic,Blep,Cat Ears,Collar,Pumpkin
2003,Shook'um #2003,A looping sheet ghost from Halloween Shook'ums. Three bodies. One skeleton. One clock. Minted on Abstract.,2003.gif,Candy,Void,Wink,None,Bowtie,Pumpkin
2004,Shook'um #2004,A looping sheet ghost from Halloween Shook'ums. Three bodies. One skeleton. One clock. Minted on Abstract.,2004.gif,Graveyard,Blush,Wink,None,None,None
2005,Shook'um #2005,A looping sheet ghost from Halloween Shook'ums. Three bodies. One skeleton. One clock. Minted on Abstract.,2005.gif,Midnight,Blush,Angry,None,Cape,Candy
2006,Shook'um #2006,A looping sheet ghost from Halloween Shook'ums. Three bodies. One skeleton. One clock. Minted on Abstract.,2006.gif,Blush,Blush,Normal,Witch,Pearls,Candy Corn
2007,Shook'um #2007,A looping sheet ghost from Halloween Shook'ums. Three bodies. One skeleton. One clock. Minted on Abstract.,2007.gif,Fog,Classic,Sparkly,None,Bowtie,None
2008,Shook'um #2008,A looping sheet ghost from Halloween Shook'ums. Three bodies. One skeleton. One clock. Minted on Abstract.,2008.gif,Dusk,Classic,Sparkly,None,Scarf,Candy Corn
2009,Shook'um #2009,A looping sheet ghost from Halloween Shook'ums. Three bodies. One skeleton. One clock. Minted on Abstract.,2009.gif,Dusk,Classic,Heart,Witch,Scarf,None
2010,Shook'um #2010,A looping sheet ghost from Halloween Shook'ums. Three bodies. One skeleton. One clock. Minted on Abstract.,2010.gif,Parchment,Classic,Sleepy,Cat Ears,Chain,Candy
2011,Shook'um #2011,A looping sheet ghost from Halloween Shook'ums. Three bodies. One skeleton. One clock. Minted on Abstract.,2011.gif,Dusk,Classic,Heart,Halo,None,Bat
2012,Shook'um #2012,A looping sheet ghost from Halloween Shook'ums. Three bodies. One skeleton. One clock. Minted on Abstract.,2012.gif,Parchment,Classic,Sleepy,Pumpkin,Pearls,Candy
2013,Shook'um #2013,A looping sheet ghost from Halloween Shook'ums. Three bodies. One skeleton. One clock. Minted on Abstract.,2013.gif,Blush,Classic,Normal,None,Chain,None
2014,Shook'um #2014,A looping sheet ghost from Halloween Shook'ums. Three bodies. One skeleton. One clock. Minted on Abstract.,2014.gif,Midnight,Blush,Spooked,Wizard,None,Broom
2015,Shook'um #2015,A looping sheet ghost from Halloween Shook'ums. Three bodies. One skeleton. One clock. Minted on Abstract.,2015.gif,Candy,Classic,Blep,Cat Ears,None,Broom
2016,Shook'um #2016,A looping sheet ghost from Halloween Shook'ums. Three bodies. One skeleton. One clock. Minted on Abstract.,2016.gif,Pumpkin,Classic,Normal,None,Chain,Candy
2017,Shook'um #2017,A looping sheet ghost from Halloween Shook'ums. Three bodies. One skeleton. One clock. Minted on Abstract.,2017.gif,Parchment,Blush,Normal,Pumpkin,None,Potion
2018,Shook'um #2018,A looping sheet ghost from Halloween Shook'ums. Three bodies. One skeleton. One clock. Minted on Abstract.,2018.gif,Void,Blush,Sparkly,None,Chain,Potion
2019,Shook'um #2019,A looping sheet ghost from Halloween Shook'ums. Three bodies. One skeleton. One clock. Minted on Abstract.,2019.gif,Fog,Void,Sleepy,None,None,None
2020,Shook'um #2020,A looping sheet ghost from Halloween Shook'ums. Three bodies. One skeleton. One clock. Minted on Abstract.,2020.gif,Midnight,Classic,Normal,Flower,None,None
2021,Shook'um #2021,A looping sheet ghost from Halloween Shook'ums. Three bodies. One skeleton. One clock. Minted on Abstract.,2021.gif,Parchment,Classic,Blep,Pumpkin,None,Bat
2022,Shook'um #2022,A looping sheet ghost from Halloween Shook'ums. Three bodies. One skeleton. One clock. Minted on Abstract.,2022.gif,Fog,Blush,Sleepy,Bow,Bowtie,Candy
2023,Shook'um #2023,A looping sheet ghost from Halloween Shook'ums. Three bodies. One skeleton. One clock. Minted on Abstract.,2023.gif,Candy,Classic,Normal,Party,Chain,None
2024,Shook'um #2024,A looping sheet ghost from Halloween Shook'ums. Three bodies. One skeleton. One clock. Minted on Abstract.,2024.gif,Fog,Blush,Sparkly,Pumpkin,None,Pumpkin
2025,Shook'um #2025,A looping sheet ghost from Halloween Shook'ums. Three bodies. One skeleton. One clock. Minted on Abstract.,2025.gif,Parchment,Void,Spooked,Witch,None,None
2026,Shook'um #2026,A looping sheet ghost from Halloween Shook'ums. Three bodies. One skeleton. One clock. Minted on Abstract.,2026.gif,Graveyard,Classic,Angry,Pumpkin,None,Candy Corn
2027,Shook'um #2027,A looping sheet ghost from Halloween Shook'ums. Three bodies. One skeleton. One clock. Minted on Abstract.,2027.gif,Blood Moon,Classic,Spooked,Pumpkin,Pearls,Candy
2028,Shook'um #2028,A looping sheet ghost from Halloween Shook'ums. Three bodies. One skeleton. One clock. Minted on Abstract.,2028.gif,Fog,Classic,Spooked,Witch,Chain,None
2029,Shook'um #2029,A looping sheet ghost from Halloween Shook'ums. Three bodies. One skeleton. One clock. Minted on Abstract.,2029.gif,Pumpkin,Classic,Normal,Pumpkin,Collar,Pumpkin
2030,Shook'um #2030,A looping sheet ghost from Halloween Shook'ums. Three bodies. One skeleton. One clock. Minted on Abstract.,2030.gif,Pumpkin,Classic,Normal,Wizard,Cape,None
2031,Shook'um #2031,A looping sheet ghost from Halloween Shook'ums. Three bodies. One skeleton. One clock. Minted on Abstract.,2031.gif,Parchment,Blush,Angry,Party,None,Pumpkin
2032,Shook'um #2032,A looping sheet ghost from Halloween Shook'ums. Three bodies. One skeleton. One clock. Minted on Abstract.,2032.gif,Parchment,Classic,Normal,Pumpkin,Chain,None
2033,Shook'um #2033,A looping sheet ghost from Halloween Shook'ums. Three bodies. One skeleton. One clock. Minted on Abstract.,2033.gif,Blush,Void,Sad,Witch,Chain,Candy
2034,Shook'um #2034,A looping sheet ghost from Halloween Shook'ums. Three bodies. One skeleton. One clock. Minted on Abstract.,2034.gif,Blood Moon,Classic,Wink,Witch,Collar,Bat
2035,Shook'um #2035,A looping sheet ghost from Halloween Shook'ums. Three bodies. One skeleton. One clock. Minted on Abstract.,2035.gif,Candy,Void,Wink,Witch,Chain,Bat
2036,Shook'um #2036,A looping sheet ghost from Halloween Shook'ums. Three bodies. One skeleton. One clock. Minted on Abstract.,2036.gif,Dusk,Classic,Normal,Halo,Chain,Candy
2037,Shook'um #2037,A looping sheet ghost from Halloween Shook'ums. Three bodies. One skeleton. One clock. Minted on Abstract.,2037.gif,Graveyard,Classic,Sleepy,Flower,Chain,None
2038,Shook'um #2038,A looping sheet ghost from Halloween Shook'ums. Three bodies. One skeleton. One clock. Minted on Abstract.,2038.gif,Pumpkin,Classic,Starry,None,Scarf,None
2039,Shook'um #2039,A looping sheet ghost from Halloween Shook'ums. Three bodies. One skeleton. One clock. Minted on Abstract.,2039.gif,Blush,Classic,Sad,Halo,Cape,None
2040,Shook'um #2040,A looping sheet ghost from Halloween Shook'ums. Three bodies. One skeleton. One clock. Minted on Abstract.,2040.gif,Parchment,Classic,Angry,None,Cape,None
2041,Shook'um #2041,A looping sheet ghost from Halloween Shook'ums. Three bodies. One skeleton. One clock. Minted on Abstract.,2041.gif,Midnight,Classic,Spooked,Pumpkin,None,Candy Corn
2042,Shook'um #2042,A looping sheet ghost from Halloween Shook'ums. Three bodies. One skeleton. One clock. Minted on Abstract.,2042.gif,Parchment,Blush,Spooked,None,None,Moon
2043,Shook'um #2043,A looping sheet ghost from Halloween Shook'ums. Three bodies. One skeleton. One clock. Minted on Abstract.,2043.gif,Graveyard,Classic,Sleepy,Bow,None,Pumpkin
2044,Shook'um #2044,A looping sheet ghost from Halloween Shook'ums. Three bodies. One skeleton. One clock. Minted on Abstract.,2044.gif,Void,Void,Sparkly,None,None,None
2045,Shook'um #2045,A looping sheet ghost from Halloween Shook'ums. Three bodies. One skeleton. One clock. Minted on Abstract.,2045.gif,Parchment,Classic,Spooked,Party,None,Moon
2046,Shook'um #2046,A looping sheet ghost from Halloween Shook'ums. Three bodies. One skeleton. One clock. Minted on Abstract.,2046.gif,Blush,Classic,Sad,Bow,Collar,Candy Corn
2047,Shook'um #2047,A looping sheet ghost from Halloween Shook'ums. Three bodies. One skeleton. One clock. Minted on Abstract.,2047.gif,Graveyard,Classic,Blep,Flower,Scarf,None
2048,Shook'um #2048,A looping sheet ghost from Halloween Shook'ums. Three bodies. One skeleton. One clock. Minted on Abstract.,2048.gif,Graveyard,Void,Blep,Cat Ears,Cape,Bat
2049,Shook'um #2049,A looping sheet ghost from Halloween Shook'ums. Three bodies. One skeleton. One clock. Minted on Abstract.,2049.gif,Dusk,Blush,Sad,None,Bowtie,Pumpkin
2050,Shook'um #2050,A looping sheet ghost from Halloween Shook'ums. Three bodies. One skeleton. One clock. Minted on Abstract.,2050.gif,Fog,Classic,Sleepy,Cat Ears,None,None
2051,Shook'um #2051,A looping sheet ghost from Halloween Shook'ums. Three bodies. One skeleton. One clock. Minted on Abstract.,2051.gif,Fog,Void,Sparkly,Bow,None,None
2052,Shook'um #2052,A looping sheet ghost from Halloween Shook'ums. Three bodies. One skeleton. One clock. Minted on Abstract.,2052.gif,Parchment,Classic,Wink,Wizard,Bowtie,Pumpkin
2053,Shook'um #2053,A looping sheet ghost from Halloween Shook'ums. Three bodies. One skeleton. One clock. Minted on Abstract.,2053.gif,Midnight,Classic,Wink,Witch,Chain,Potion
2054,Shook'um #2054,A looping sheet ghost from Halloween Shook'ums. Three bodies. One skeleton. One clock. Minted on Abstract.,2054.gif,Midnight,Classic,Spooked,None,Cape,None
2055,Shook'um #2055,A looping sheet ghost from Halloween Shook'ums. Three bodies. One skeleton. One clock. Minted on Abstract.,2055.gif,Blush,Classic,Spooked,None,Bowtie,Broom
2056,Shook'um #2056,A looping sheet ghost from Halloween Shook'ums. Three bodies. One skeleton. One clock. Minted on Abstract.,2056.gif,Parchment,Void,Spooked,Wizard,None,Candy Corn
2057,Shook'um #2057,A looping sheet ghost from Halloween Shook'ums. Three bodies. One skeleton. One clock. Minted on Abstract.,2057.gif,Pumpkin,Classic,Sparkly,Flower,None,None
2058,Shook'um #2058,A looping sheet ghost from Halloween Shook'ums. Three bodies. One skeleton. One clock. Minted on Abstract.,2058.gif,Midnight,Classic,Spooked,Crown,Pearls,Candy
2059,Shook'um #2059,A looping sheet ghost from Halloween Shook'ums. Three bodies. One skeleton. One clock. Minted on Abstract.,2059.gif,Candy,Blush,Sad,Pumpkin,None,Moon
2060,Shook'um #2060,A looping sheet ghost from Halloween Shook'ums. Three bodies. One skeleton. One clock. Minted on Abstract.,2060.gif,Candy,Classic,Sleepy,Cat Ears,None,Pumpkin
2061,Shook'um #2061,A looping sheet ghost from Halloween Shook'ums. Three bodies. One skeleton. One clock. Minted on Abstract.,2061.gif,Candy,Blush,Angry,None,None,Candy
2062,Shook'um #2062,A looping sheet ghost from Halloween Shook'ums. Three bodies. One skeleton. One clock. Minted on Abstract.,2062.gif,Dusk,Classic,Starry,Flower,Cape,Candy
2063,Shook'um #2063,A looping sheet ghost from Halloween Shook'ums. Three bodies. One skeleton. One clock. Minted on Abstract.,2063.gif,Candy,Void,Normal,Cat Ears,Collar,Pumpkin
2064,Shook'um #2064,A looping sheet ghost from Halloween Shook'ums. Three bodies. One skeleton. One clock. Minted on Abstract.,2064.gif,Candy,Classic,Starry,Witch,None,None
2065,Shook'um #2065,A looping sheet ghost from Halloween Shook'ums. Three bodies. One skeleton. One clock. Minted on Abstract.,2065.gif,Void,Classic,Normal,None,Bowtie,Candy
2066,Shook'um #2066,A looping sheet ghost from Halloween Shook'ums. Three bodies. One skeleton. One clock. Minted on Abstract.,2066.gif,Parchment,Void,Sad,Pumpkin,Chain,Bat
2067,Shook'um #2067,A looping sheet ghost from Halloween Shook'ums. Three bodies. One skeleton. One clock. Minted on Abstract.,2067.gif,Pumpkin,Blush,Spooked,Pumpkin,Bowtie,None
2068,Shook'um #2068,A looping sheet ghost from Halloween Shook'ums. Three bodies. One skeleton. One clock. Minted on Abstract.,2068.gif,Blush,Classic,Spooked,Pumpkin,Pearls,Candy
2069,Shook'um #2069,A looping sheet ghost from Halloween Shook'ums. Three bodies. One skeleton. One clock. Minted on Abstract.,2069.gif,Candy,Classic,Normal,Crown,Bowtie,None
2070,Shook'um #2070,A looping sheet ghost from Halloween Shook'ums. Three bodies. One skeleton. One clock. Minted on Abstract.,2070.gif,Pumpkin,Classic,Sleepy,None,Chain,None
2071,Shook'um #2071,A looping sheet ghost from Halloween Shook'ums. Three bodies. One skeleton. One clock. Minted on Abstract.,2071.gif,Midnight,Classic,Normal,None,None,Candy Corn
2072,Shook'um #2072,A looping sheet ghost from Halloween Shook'ums. Three bodies. One skeleton. One clock. Minted on Abstract.,2072.gif,Pumpkin,Void,Heart,Crown,Chain,Moon
2073,Shook'um #2073,A looping sheet ghost from Halloween Shook'ums. Three bodies. One skeleton. One clock. Minted on Abstract.,2073.gif,Blush,Classic,Sad,None,Cape,Broom
2074,Shook'um #2074,A looping sheet ghost from Halloween Shook'ums. Three bodies. One skeleton. One clock. Minted on Abstract.,2074.gif,Candy,Classic,Sleepy,Pumpkin,Collar,None
2075,Shook'um #2075,A looping sheet ghost from Halloween Shook'ums. Three bodies. One skeleton. One clock. Minted on Abstract.,2075.gif,Pumpkin,Classic,Starry,None,Collar,None
2076,Shook'um #2076,A looping sheet ghost from Halloween Shook'ums. Three bodies. One skeleton. One clock. Minted on Abstract.,2076.gif,Fog,Classic,Spooked,Cat Ears,None,Candy
2077,Shook'um #2077,A looping sheet ghost from Halloween Shook'ums. Three bodies. One skeleton. One clock. Minted on Abstract.,2077.gif,Midnight,Classic,Starry,Flower,None,None
2078,Shook'um #2078,A looping sheet ghost from Halloween Shook'ums. Three bodies. One skeleton. One clock. Minted on Abstract.,2078.gif,Fog,Classic,Blep,Cat Ears,Bowtie,Broom
2079,Shook'um #2079,A looping sheet ghost from Halloween Shook'ums. Three bodies. One skeleton. One clock. Minted on Abstract.,2079.gif,Fog,Blush,Sleepy,Pumpkin,Collar,Candy
2080,Shook'um #2080,A looping sheet ghost from Halloween Shook'ums. Three bodies. One skeleton. One clock. Minted on Abstract.,2080.gif,Parchment,Classic,Sleepy,None,Chain,Potion
2081,Shook'um #2081,A looping sheet ghost from Halloween Shook'ums. Three bodies. One skeleton. One clock. Minted on Abstract.,2081.gif,Fog,Classic,Blep,None,None,None
2082,Shook'um #2082,A looping sheet ghost from Halloween Shook'ums. Three bodies. One skeleton. One clock. Minted on Abstract.,2082.gif,Fog,Void,Sparkly,Witch,Cape,Candy Corn
2083,Shook'um #2083,A looping sheet ghost from Halloween Shook'ums. Three bodies. One skeleton. One clock. Minted on Abstract.,2083.gif,Graveyard,Blush,Spooked,Halo,Scarf,None
2084,Shook'um #2084,A looping sheet ghost from Halloween Shook'ums. Three bodies. One skeleton. One clock. Minted on Abstract.,2084.gif,Blood Moon,Void,Angry,None,Bowtie,None
2085,Shook'um #2085,A looping sheet ghost from Halloween Shook'ums. Three bodies. One skeleton. One clock. Minted on Abstract.,2085.gif,Fog,Void,Spooked,Pumpkin,Bowtie,Bat
2086,Shook'um #2086,A looping sheet ghost from Halloween Shook'ums. Three bodies. One skeleton. One clock. Minted on Abstract.,2086.gif,Graveyard,Blush,Normal,Pumpkin,Scarf,Moon
2087,Shook'um #2087,A looping sheet ghost from Halloween Shook'ums. Three bodies. One skeleton. One clock. Minted on Abstract.,2087.gif,Dusk,Classic,Blep,None,Cape,Broom
2088,Shook'um #2088,A looping sheet ghost from Halloween Shook'ums. Three bodies. One skeleton. One clock. Minted on Abstract.,2088.gif,Pumpkin,Blush,Normal,Flower,Pearls,None
2089,Shook'um #2089,A looping sheet ghost from Halloween Shook'ums. Three bodies. One skeleton. One clock. Minted on Abstract.,2089.gif,Fog,Blush,Sad,Flower,Scarf,None
2090,Shook'um #2090,A looping sheet ghost from Halloween Shook'ums. Three bodies. One skeleton. One clock. Minted on Abstract.,2090.gif,Fog,Classic,Sparkly,None,None,None
2091,Shook'um #2091,A looping sheet ghost from Halloween Shook'ums. Three bodies. One skeleton. One clock. Minted on Abstract.,2091.gif,Blood Moon,Classic,Sleepy,None,Chain,Bat
2092,Shook'um #2092,A looping sheet ghost from Halloween Shook'ums. Three bodies. One skeleton. One clock. Minted on Abstract.,2092.gif,Midnight,Classic,Heart,Cat Ears,Chain,None
2093,Shook'um #2093,A looping sheet ghost from Halloween Shook'ums. Three bodies. One skeleton. One clock. Minted on Abstract.,2093.gif,Blush,Blush,Normal,None,None,Moon
2094,Shook'um #2094,A looping sheet ghost from Halloween Shook'ums. Three bodies. One skeleton. One clock. Minted on Abstract.,2094.gif,Fog,Classic,Normal,Pumpkin,None,Candy
2095,Shook'um #2095,A looping sheet ghost from Halloween Shook'ums. Three bodies. One skeleton. One clock. Minted on Abstract.,2095.gif,Blush,Classic,Wink,Party,Pearls,Pumpkin
2096,Shook'um #2096,A looping sheet ghost from Halloween Shook'ums. Three bodies. One skeleton. One clock. Minted on Abstract.,2096.gif,Pumpkin,Classic,Spooked,Wizard,Chain,Candy
2097,Shook'um #2097,A looping sheet ghost from Halloween Shook'ums. Three bodies. One skeleton. One clock. Minted on Abstract.,2097.gif,Blush,Void,Wink,None,Scarf,None
2098,Shook'um #2098,A looping sheet ghost from Halloween Shook'ums. Three bodies. One skeleton. One clock. Minted on Abstract.,2098.gif,Candy,Classic,Sleepy,None,Bowtie,None
2099,Shook'um #2099,A looping sheet ghost from Halloween Shook'ums. Three bodies. One skeleton. One clock. Minted on Abstract.,2099.gif,Parchment,Classic,Blep,None,Scarf,None
2100,Shook'um #2100,A looping sheet ghost from Halloween Shook'ums. Three bodies. One skeleton. One clock. Minted on Abstract.,2100.gif,Parchment,Blush,Angry,Crown,Chain,None
2101,Shook'um #2101,A looping sheet ghost from Halloween Shook'ums. Three bodies. One skeleton. One clock. Minted on Abstract.,2101.gif,Candy,Void,Heart,None,Scarf,Candy
2102,Shook'um #2102,A looping sheet ghost from Halloween Shook'ums. Three bodies. One skeleton. One clock. Minted on Abstract.,2102.gif,Parchment,Classic,Spooked,Cat Ears,Scarf,Pumpkin
2103,Shook'um #2103,A looping sheet ghost from Halloween Shook'ums. Three bodies. One skeleton. One clock. Minted on Abstract.,2103.gif,Blood Moon,Classic,Sleepy,Pumpkin,None,None
2104,Shook'um #2104,A looping sheet ghost from Halloween Shook'ums. Three bodies. One skeleton. One clock. Minted on Abstract.,2104.gif,Candy,Blush,Sad,Wizard,Bowtie,Bat
2105,Shook'um #2105,A looping sheet ghost from Halloween Shook'ums. Three bodies. One skeleton. One clock. Minted on Abstract.,2105.gif,Graveyard,Classic,Normal,Pumpkin,Collar,Bat
2106,Shook'um #2106,A looping sheet ghost from Halloween Shook'ums. Three bodies. One skeleton. One clock. Minted on Abstract.,2106.gif,Midnight,Void,Normal,Pumpkin,Scarf,None
2107,Shook'um #2107,A looping sheet ghost from Halloween Shook'ums. Three bodies. One skeleton. One clock. Minted on Abstract.,2107.gif,Blush,Blush,Sleepy,Cat Ears,None,Candy Corn
2108,Shook'um #2108,A looping sheet ghost from Halloween Shook'ums. Three bodies. One skeleton. One clock. Minted on Abstract.,2108.gif,Parchment,Classic,Sleepy,Wizard,Bowtie,Potion
2109,Shook'um #2109,A looping sheet ghost from Halloween Shook'ums. Three bodies. One skeleton. One clock. Minted on Abstract.,2109.gif,Pumpkin,Blush,Wink,Cat Ears,Cape,Candy Corn
2110,Shook'um #2110,A looping sheet ghost from Halloween Shook'ums. Three bodies. One skeleton. One clock. Minted on Abstract.,2110.gif,Midnight,Void,Normal,Wizard,None,None
2111,Shook'um #2111,A looping sheet ghost from Halloween Shook'ums. Three bodies. One skeleton. One clock. Minted on Abstract.,2111.gif,Parchment,Void,Spooked,None,None,Broom
2112,Shook'um #2112,A looping sheet ghost from Halloween Shook'ums. Three bodies. One skeleton. One clock. Minted on Abstract.,2112.gif,Fog,Classic,Blep,Witch,None,None
2113,Shook'um #2113,A looping sheet ghost from Halloween Shook'ums. Three bodies. One skeleton. One clock. Minted on Abstract.,2113.gif,Graveyard,Classic,Sad,None,Bowtie,None
2114,Shook'um #2114,A looping sheet ghost from Halloween Shook'ums. Three bodies. One skeleton. One clock. Minted on Abstract.,2114.gif,Candy,Void,Sleepy,Pumpkin,Scarf,Candy Corn
2115,Shook'um #2115,A looping sheet ghost from Halloween Shook'ums. Three bodies. One skeleton. One clock. Minted on Abstract.,2115.gif,Midnight,Classic,Sparkly,Crown,Bowtie,Candy Corn
2116,Shook'um #2116,A looping sheet ghost from Halloween Shook'ums. Three bodies. One skeleton. One clock. Minted on Abstract.,2116.gif,Fog,Classic,Normal,Witch,None,None
2117,Shook'um #2117,A looping sheet ghost from Halloween Shook'ums. Three bodies. One skeleton. One clock. Minted on Abstract.,2117.gif,Pumpkin,Classic,Spooked,Witch,Scarf,Bat
2118,Shook'um #2118,A looping sheet ghost from Halloween Shook'ums. Three bodies. One skeleton. One clock. Minted on Abstract.,2118.gif,Parchment,Classic,Sleepy,Bow,Cape,Pumpkin
2119,Shook'um #2119,A looping sheet ghost from Halloween Shook'ums. Three bodies. One skeleton. One clock. Minted on Abstract.,2119.gif,Pumpkin,Classic,Normal,Crown,Pearls,Bat
2120,Shook'um #2120,A looping sheet ghost from Halloween Shook'ums. Three bodies. One skeleton. One clock. Minted on Abstract.,2120.gif,Pumpkin,Void,Sleepy,Flower,None,None
2121,Shook'um #2121,A looping sheet ghost from Halloween Shook'ums. Three bodies. One skeleton. One clock. Minted on Abstract.,2121.gif,Blood Moon,Classic,Sleepy,None,None,None
2122,Shook'um #2122,A looping sheet ghost from Halloween Shook'ums. Three bodies. One skeleton. One clock. Minted on Abstract.,2122.gif,Pumpkin,Void,Sleepy,None,None,None
2123,Shook'um #2123,A looping sheet ghost from Halloween Shook'ums. Three bodies. One skeleton. One clock. Minted on Abstract.,2123.gif,Blush,Blush,Normal,Flower,Bowtie,Candy
2124,Shook'um #2124,A looping sheet ghost from Halloween Shook'ums. Three bodies. One skeleton. One clock. Minted on Abstract.,2124.gif,Parchment,Void,Wink,Cat Ears,Cape,Candy
2125,Shook'um #2125,A looping sheet ghost from Halloween Shook'ums. Three bodies. One skeleton. One clock. Minted on Abstract.,2125.gif,Candy,Void,Starry,Witch,None,Bat
2126,Shook'um #2126,A looping sheet ghost from Halloween Shook'ums. Three bodies. One skeleton. One clock. Minted on Abstract.,2126.gif,Dusk,Blush,Sleepy,Wizard,Scarf,None
2127,Shook'um #2127,A looping sheet ghost from Halloween Shook'ums. Three bodies. One skeleton. One clock. Minted on Abstract.,2127.gif,Fog,Void,Blep,Party,None,Pumpkin
2128,Shook'um #2128,A looping sheet ghost from Halloween Shook'ums. Three bodies. One skeleton. One clock. Minted on Abstract.,2128.gif,Pumpkin,Classic,Sparkly,Bow,Collar,None
2129,Shook'um #2129,A looping sheet ghost from Halloween Shook'ums. Three bodies. One skeleton. One clock. Minted on Abstract.,2129.gif,Fog,Classic,Normal,Wizard,Scarf,Broom
2130,Shook'um #2130,A looping sheet ghost from Halloween Shook'ums. Three bodies. One skeleton. One clock. Minted on Abstract.,2130.gif,Midnight,Classic,Spooked,Crown,Scarf,None
2131,Shook'um #2131,A looping sheet ghost from Halloween Shook'ums. Three bodies. One skeleton. One clock. Minted on Abstract.,2131.gif,Graveyard,Classic,Heart,Flower,Collar,Potion
2132,Shook'um #2132,A looping sheet ghost from Halloween Shook'ums. Three bodies. One skeleton. One clock. Minted on Abstract.,2132.gif,Blood Moon,Blush,Sparkly,Pumpkin,None,Bat
2133,Shook'um #2133,A looping sheet ghost from Halloween Shook'ums. Three bodies. One skeleton. One clock. Minted on Abstract.,2133.gif,Candy,Blush,Heart,Party,None,Bat
2134,Shook'um #2134,A looping sheet ghost from Halloween Shook'ums. Three bodies. One skeleton. One clock. Minted on Abstract.,2134.gif,Parchment,Classic,Spooked,Halo,Chain,Candy Corn
2135,Shook'um #2135,A looping sheet ghost from Halloween Shook'ums. Three bodies. One skeleton. One clock. Minted on Abstract.,2135.gif,Candy,Blush,Sad,Pumpkin,None,Candy
2136,Shook'um #2136,A looping sheet ghost from Halloween Shook'ums. Three bodies. One skeleton. One clock. Minted on Abstract.,2136.gif,Blood Moon,Blush,Sleepy,Flower,Chain,Broom
2137,Shook'um #2137,A looping sheet ghost from Halloween Shook'ums. Three bodies. One skeleton. One clock. Minted on Abstract.,2137.gif,Candy,Classic,Wink,Pumpkin,Collar,None
2138,Shook'um #2138,A looping sheet ghost from Halloween Shook'ums. Three bodies. One skeleton. One clock. Minted on Abstract.,2138.gif,Parchment,Blush,Blep,Crown,None,Potion
2139,Shook'um #2139,A looping sheet ghost from Halloween Shook'ums. Three bodies. One skeleton. One clock. Minted on Abstract.,2139.gif,Blush,Void,Spooked,None,Pearls,Candy
2140,Shook'um #2140,A looping sheet ghost from Halloween Shook'ums. Three bodies. One skeleton. One clock. Minted on Abstract.,2140.gif,Fog,Classic,Sleepy,Flower,None,None
2141,Shook'um #2141,A looping sheet ghost from Halloween Shook'ums. Three bodies. One skeleton. One clock. Minted on Abstract.,2141.gif,Pumpkin,Classic,Wink,Party,None,Bat
2142,Shook'um #2142,A looping sheet ghost from Halloween Shook'ums. Three bodies. One skeleton. One clock. Minted on Abstract.,2142.gif,Parchment,Blush,Normal,Witch,Bowtie,None
2143,Shook'um #2143,A looping sheet ghost from Halloween Shook'ums. Three bodies. One skeleton. One clock. Minted on Abstract.,2143.gif,Void,Classic,Starry,Pumpkin,Pearls,Pumpkin
2144,Shook'um #2144,A looping sheet ghost from Halloween Shook'ums. Three bodies. One skeleton. One clock. Minted on Abstract.,2144.gif,Blush,Classic,Blep,Bow,Cape,None
2145,Shook'um #2145,A looping sheet ghost from Halloween Shook'ums. Three bodies. One skeleton. One clock. Minted on Abstract.,2145.gif,Midnight,Classic,Normal,Pumpkin,Scarf,Candy
2146,Shook'um #2146,A looping sheet ghost from Halloween Shook'ums. Three bodies. One skeleton. One clock. Minted on Abstract.,2146.gif,Blush,Void,Angry,Flower,Chain,Candy
2147,Shook'um #2147,A looping sheet ghost from Halloween Shook'ums. Three bodies. One skeleton. One clock. Minted on Abstract.,2147.gif,Fog,Classic,Spooked,Flower,Cape,Pumpkin
2148,Shook'um #2148,A looping sheet ghost from Halloween Shook'ums. Three bodies. One skeleton. One clock. Minted on Abstract.,2148.gif,Blush,Classic,Spooked,None,Pearls,Bat
2149,Shook'um #2149,A looping sheet ghost from Halloween Shook'ums. Three bodies. One skeleton. One clock. Minted on Abstract.,2149.gif,Blood Moon,Classic,Sparkly,Bow,Scarf,Pumpkin
2150,Shook'um #2150,A looping sheet ghost from Halloween Shook'ums. Three bodies. One skeleton. One clock. Minted on Abstract.,2150.gif,Dusk,Classic,Wink,Pumpkin,Pearls,Broom
2151,Shook'um #2151,A looping sheet ghost from Halloween Shook'ums. Three bodies. One skeleton. One clock. Minted on Abstract.,2151.gif,Midnight,Classic,Angry,Party,None,Bat
2152,Shook'um #2152,A looping sheet ghost from Halloween Shook'ums. Three bodies. One skeleton. One clock. Minted on Abstract.,2152.gif,Midnight,Classic,Spooked,None,Chain,None
2153,Shook'um #2153,A looping sheet ghost from Halloween Shook'ums. Three bodies. One skeleton. One clock. Minted on Abstract.,2153.gif,Blush,Classic,Sleepy,Party,Chain,Potion
2154,Shook'um #2154,A looping sheet ghost from Halloween Shook'ums. Three bodies. One skeleton. One clock. Minted on Abstract.,2154.gif,Blush,Classic,Normal,Party,Scarf,Candy
2155,Shook'um #2155,A looping sheet ghost from Halloween Shook'ums. Three bodies. One skeleton. One clock. Minted on Abstract.,2155.gif,Dusk,Classic,Sad,Pumpkin,Bowtie,Candy
2156,Shook'um #2156,A looping sheet ghost from Halloween Shook'ums. Three bodies. One skeleton. One clock. Minted on Abstract.,2156.gif,Graveyard,Void,Blep,Cat Ears,Collar,Bat
2157,Shook'um #2157,A looping sheet ghost from Halloween Shook'ums. Three bodies. One skeleton. One clock. Minted on Abstract.,2157.gif,Blush,Classic,Sleepy,Wizard,None,None
2158,Shook'um #2158,A looping sheet ghost from Halloween Shook'ums. Three bodies. One skeleton. One clock. Minted on Abstract.,2158.gif,Midnight,Classic,Spooked,Flower,Chain,None
2159,Shook'um #2159,A looping sheet ghost from Halloween Shook'ums. Three bodies. One skeleton. One clock. Minted on Abstract.,2159.gif,Pumpkin,Blush,Spooked,Witch,Cape,Pumpkin
2160,Shook'um #2160,A looping sheet ghost from Halloween Shook'ums. Three bodies. One skeleton. One clock. Minted on Abstract.,2160.gif,Parchment,Classic,Spooked,None,Collar,Pumpkin
2161,Shook'um #2161,A looping sheet ghost from Halloween Shook'ums. Three bodies. One skeleton. One clock. Minted on Abstract.,2161.gif,Candy,Void,Blep,None,Pearls,None
2162,Shook'um #2162,A looping sheet ghost from Halloween Shook'ums. Three bodies. One skeleton. One clock. Minted on Abstract.,2162.gif,Pumpkin,Blush,Normal,None,None,None
2163,Shook'um #2163,A looping sheet ghost from Halloween Shook'ums. Three bodies. One skeleton. One clock. Minted on Abstract.,2163.gif,Midnight,Classic,Spooked,None,None,Candy Corn
2164,Shook'um #2164,A looping sheet ghost from Halloween Shook'ums. Three bodies. One skeleton. One clock. Minted on Abstract.,2164.gif,Parchment,Classic,Normal,None,None,Moon
2165,Shook'um #2165,A looping sheet ghost from Halloween Shook'ums. Three bodies. One skeleton. One clock. Minted on Abstract.,2165.gif,Blood Moon,Blush,Wink,Halo,None,Bat
2166,Shook'um #2166,A looping sheet ghost from Halloween Shook'ums. Three bodies. One skeleton. One clock. Minted on Abstract.,2166.gif,Pumpkin,Blush,Sleepy,Pumpkin,Pearls,Bat
2167,Shook'um #2167,A looping sheet ghost from Halloween Shook'ums. Three bodies. One skeleton. One clock. Minted on Abstract.,2167.gif,Dusk,Classic,Blep,Cat Ears,Collar,Potion
2168,Shook'um #2168,A looping sheet ghost from Halloween Shook'ums. Three bodies. One skeleton. One clock. Minted on Abstract.,2168.gif,Pumpkin,Classic,Sleepy,None,None,Candy Corn
2169,Shook'um #2169,A looping sheet ghost from Halloween Shook'ums. Three bodies. One skeleton. One clock. Minted on Abstract.,2169.gif,Parchment,Classic,Blep,None,Chain,None
2170,Shook'um #2170,A looping sheet ghost from Halloween Shook'ums. Three bodies. One skeleton. One clock. Minted on Abstract.,2170.gif,Pumpkin,Classic,Sleepy,Cat Ears,Chain,Pumpkin
2171,Shook'um #2171,A looping sheet ghost from Halloween Shook'ums. Three bodies. One skeleton. One clock. Minted on Abstract.,2171.gif,Parchment,Classic,Normal,Witch,None,Pumpkin
2172,Shook'um #2172,A looping sheet ghost from Halloween Shook'ums. Three bodies. One skeleton. One clock. Minted on Abstract.,2172.gif,Pumpkin,Void,Spooked,Halo,Pearls,Candy
2173,Shook'um #2173,A looping sheet ghost from Halloween Shook'ums. Three bodies. One skeleton. One clock. Minted on Abstract.,2173.gif,Pumpkin,Classic,Normal,None,Chain,None
2174,Shook'um #2174,A looping sheet ghost from Halloween Shook'ums. Three bodies. One skeleton. One clock. Minted on Abstract.,2174.gif,Blush,Classic,Normal,None,Pearls,Candy Corn
2175,Shook'um #2175,A looping sheet ghost from Halloween Shook'ums. Three bodies. One skeleton. One clock. Minted on Abstract.,2175.gif,Fog,Classic,Normal,None,Bowtie,Pumpkin
2176,Shook'um #2176,A looping sheet ghost from Halloween Shook'ums. Three bodies. One skeleton. One clock. Minted on Abstract.,2176.gif,Pumpkin,Classic,Spooked,Pumpkin,None,Broom
2177,Shook'um #2177,A looping sheet ghost from Halloween Shook'ums. Three bodies. One skeleton. One clock. Minted on Abstract.,2177.gif,Parchment,Classic,Angry,Pumpkin,None,None
2178,Shook'um #2178,A looping sheet ghost from Halloween Shook'ums. Three bodies. One skeleton. One clock. Minted on Abstract.,2178.gif,Graveyard,Blush,Spooked,Halo,None,Candy
2179,Shook'um #2179,A looping sheet ghost from Halloween Shook'ums. Three bodies. One skeleton. One clock. Minted on Abstract.,2179.gif,Candy,Blush,Starry,Crown,Chain,None
2180,Shook'um #2180,A looping sheet ghost from Halloween Shook'ums. Three bodies. One skeleton. One clock. Minted on Abstract.,2180.gif,Fog,Void,Sparkly,Witch,Collar,None
2181,Shook'um #2181,A looping sheet ghost from Halloween Shook'ums. Three bodies. One skeleton. One clock. Minted on Abstract.,2181.gif,Pumpkin,Classic,Normal,Wizard,Bowtie,Pumpkin
2182,Shook'um #2182,A looping sheet ghost from Halloween Shook'ums. Three bodies. One skeleton. One clock. Minted on Abstract.,2182.gif,Blush,Blush,Normal,Crown,Bowtie,Candy Corn
2183,Shook'um #2183,A looping sheet ghost from Halloween Shook'ums. Three bodies. One skeleton. One clock. Minted on Abstract.,2183.gif,Fog,Classic,Normal,None,None,Potion
2184,Shook'um #2184,A looping sheet ghost from Halloween Shook'ums. Three bodies. One skeleton. One clock. Minted on Abstract.,2184.gif,Candy,Classic,Spooked,None,Scarf,Pumpkin
2185,Shook'um #2185,A looping sheet ghost from Halloween Shook'ums. Three bodies. One skeleton. One clock. Minted on Abstract.,2185.gif,Void,Blush,Normal,Cat Ears,Chain,None
2186,Shook'um #2186,A looping sheet ghost from Halloween Shook'ums. Three bodies. One skeleton. One clock. Minted on Abstract.,2186.gif,Candy,Void,Normal,None,None,Bat
2187,Shook'um #2187,A looping sheet ghost from Halloween Shook'ums. Three bodies. One skeleton. One clock. Minted on Abstract.,2187.gif,Candy,Classic,Heart,Halo,Scarf,None
2188,Shook'um #2188,A looping sheet ghost from Halloween Shook'ums. Three bodies. One skeleton. One clock. Minted on Abstract.,2188.gif,Midnight,Classic,Wink,Pumpkin,Pearls,None
2189,Shook'um #2189,A looping sheet ghost from Halloween Shook'ums. Three bodies. One skeleton. One clock. Minted on Abstract.,2189.gif,Blush,Classic,Spooked,Witch,None,Bat
2190,Shook'um #2190,A looping sheet ghost from Halloween Shook'ums. Three bodies. One skeleton. One clock. Minted on Abstract.,2190.gif,Parchment,Classic,Starry,None,Collar,Bat
2191,Shook'um #2191,A looping sheet ghost from Halloween Shook'ums. Three bodies. One skeleton. One clock. Minted on Abstract.,2191.gif,Blush,Classic,Starry,Witch,None,None
2192,Shook'um #2192,A looping sheet ghost from Halloween Shook'ums. Three bodies. One skeleton. One clock. Minted on Abstract.,2192.gif,Midnight,Classic,Sparkly,Cat Ears,Bowtie,Moon
2193,Shook'um #2193,A looping sheet ghost from Halloween Shook'ums. Three bodies. One skeleton. One clock. Minted on Abstract.,2193.gif,Candy,Blush,Spooked,Pumpkin,Bowtie,None
2194,Shook'um #2194,A looping sheet ghost from Halloween Shook'ums. Three bodies. One skeleton. One clock. Minted on Abstract.,2194.gif,Blush,Classic,Blep,Wizard,Bowtie,None
2195,Shook'um #2195,A looping sheet ghost from Halloween Shook'ums. Three bodies. One skeleton. One clock. Minted on Abstract.,2195.gif,Blood Moon,Blush,Blep,Party,Bowtie,Potion
2196,Shook'um #2196,A looping sheet ghost from Halloween Shook'ums. Three bodies. One skeleton. One clock. Minted on Abstract.,2196.gif,Blush,Classic,Blep,Bow,Bowtie,Candy
2197,Shook'um #2197,A looping sheet ghost from Halloween Shook'ums. Three bodies. One skeleton. One clock. Minted on Abstract.,2197.gif,Pumpkin,Classic,Blep,None,Collar,Broom
2198,Shook'um #2198,A looping sheet ghost from Halloween Shook'ums. Three bodies. One skeleton. One clock. Minted on Abstract.,2198.gif,Blush,Blush,Blep,Crown,None,Moon
2199,Shook'um #2199,A looping sheet ghost from Halloween Shook'ums. Three bodies. One skeleton. One clock. Minted on Abstract.,2199.gif,Fog,Classic,Normal,Pumpkin,None,Candy Corn
2200,Shook'um #2200,A looping sheet ghost from Halloween Shook'ums. Three bodies. One skeleton. One clock. Minted on Abstract.,2200.gif,Pumpkin,Classic,Blep,Bow,Bowtie,Bat
2201,Shook'um #2201,A looping sheet ghost from Halloween Shook'ums. Three bodies. One skeleton. One clock. Minted on Abstract.,2201.gif,Pumpkin,Void,Normal,Wizard,Bowtie,Broom
2202,Shook'um #2202,A looping sheet ghost from Halloween Shook'ums. Three bodies. One skeleton. One clock. Minted on Abstract.,2202.gif,Dusk,Blush,Spooked,Bow,Cape,None
2203,Shook'um #2203,A looping sheet ghost from Halloween Shook'ums. Three bodies. One skeleton. One clock. Minted on Abstract.,2203.gif,Midnight,Classic,Blep,Flower,Chain,Potion
2204,Shook'um #2204,A looping sheet ghost from Halloween Shook'ums. Three bodies. One skeleton. One clock. Minted on Abstract.,2204.gif,Pumpkin,Void,Spooked,Halo,None,Candy
2205,Shook'um #2205,A looping sheet ghost from Halloween Shook'ums. Three bodies. One skeleton. One clock. Minted on Abstract.,2205.gif,Parchment,Classic,Normal,None,Collar,None
2206,Shook'um #2206,A looping sheet ghost from Halloween Shook'ums. Three bodies. One skeleton. One clock. Minted on Abstract.,2206.gif,Fog,Blush,Normal,Flower,Bowtie,None
2207,Shook'um #2207,A looping sheet ghost from Halloween Shook'ums. Three bodies. One skeleton. One clock. Minted on Abstract.,2207.gif,Midnight,Classic,Normal,Bow,None,Pumpkin
2208,Shook'um #2208,A looping sheet ghost from Halloween Shook'ums. Three bodies. One skeleton. One clock. Minted on Abstract.,2208.gif,Dusk,Blush,Blep,Halo,Chain,Bat
2209,Shook'um #2209,A looping sheet ghost from Halloween Shook'ums. Three bodies. One skeleton. One clock. Minted on Abstract.,2209.gif,Candy,Classic,Sleepy,Witch,Collar,Moon
2210,Shook'um #2210,A looping sheet ghost from Halloween Shook'ums. Three bodies. One skeleton. One clock. Minted on Abstract.,2210.gif,Parchment,Classic,Sleepy,Wizard,Cape,Candy
2211,Shook'um #2211,A looping sheet ghost from Halloween Shook'ums. Three bodies. One skeleton. One clock. Minted on Abstract.,2211.gif,Candy,Classic,Blep,Bow,Scarf,Candy Corn
2212,Shook'um #2212,A looping sheet ghost from Halloween Shook'ums. Three bodies. One skeleton. One clock. Minted on Abstract.,2212.gif,Midnight,Void,Wink,Wizard,None,None
2213,Shook'um #2213,A looping sheet ghost from Halloween Shook'ums. Three bodies. One skeleton. One clock. Minted on Abstract.,2213.gif,Blood Moon,Void,Angry,Cat Ears,None,Moon
2214,Shook'um #2214,A looping sheet ghost from Halloween Shook'ums. Three bodies. One skeleton. One clock. Minted on Abstract.,2214.gif,Graveyard,Classic,Angry,Flower,Scarf,None
2215,Shook'um #2215,A looping sheet ghost from Halloween Shook'ums. Three bodies. One skeleton. One clock. Minted on Abstract.,2215.gif,Dusk,Void,Sad,Cat Ears,Bowtie,Potion
2216,Shook'um #2216,A looping sheet ghost from Halloween Shook'ums. Three bodies. One skeleton. One clock. Minted on Abstract.,2216.gif,Midnight,Blush,Wink,Pumpkin,None,None
2217,Shook'um #2217,A looping sheet ghost from Halloween Shook'ums. Three bodies. One skeleton. One clock. Minted on Abstract.,2217.gif,Candy,Void,Spooked,Halo,None,None
2218,Shook'um #2218,A looping sheet ghost from Halloween Shook'ums. Three bodies. One skeleton. One clock. Minted on Abstract.,2218.gif,Dusk,Classic,Heart,None,Collar,Bat
2219,Shook'um #2219,A looping sheet ghost from Halloween Shook'ums. Three bodies. One skeleton. One clock. Minted on Abstract.,2219.gif,Blush,Blush,Spooked,Wizard,Pearls,None
2220,Shook'um #2220,A looping sheet ghost from Halloween Shook'ums. Three bodies. One skeleton. One clock. Minted on Abstract.,2220.gif,Pumpkin,Classic,Heart,Bow,Bowtie,Potion
2221,Shook'um #2221,A looping sheet ghost from Halloween Shook'ums. Three bodies. One skeleton. One clock. Minted on Abstract.,2221.gif,Blush,Blush,Angry,Pumpkin,None,Pumpkin
2222,Shook'um #2222,A looping sheet ghost from Halloween Shook'ums. Three bodies. One skeleton. One clock. Minted on Abstract.,2222.gif,Dusk,Blush,Wink,None,None,Potion
2223,Shook'um #2223,A looping sheet ghost from Halloween Shook'ums. Three bodies. One skeleton. One clock. Minted on Abstract.,2223.gif,Midnight,Classic,Spooked,Witch,None,None
2224,Shook'um #2224,A looping sheet ghost from Halloween Shook'ums. Three bodies. One skeleton. One clock. Minted on Abstract.,2224.gif,Fog,Void,Normal,Party,None,None
2225,Shook'um #2225,A looping sheet ghost from Halloween Shook'ums. Three bodies. One skeleton. One clock. Minted on Abstract.,2225.gif,Pumpkin,Classic,Normal,None,None,Potion
2226,Shook'um #2226,A looping sheet ghost from Halloween Shook'ums. Three bodies. One skeleton. One clock. Minted on Abstract.,2226.gif,Parchment,Classic,Blep,Flower,Pearls,Candy Corn
2227,Shook'um #2227,A looping sheet ghost from Halloween Shook'ums. Three bodies. One skeleton. One clock. Minted on Abstract.,2227.gif,Blush,Classic,Angry,Party,Bowtie,None
2228,Shook'um #2228,A looping sheet ghost from Halloween Shook'ums. Three bodies. One skeleton. One clock. Minted on Abstract.,2228.gif,Void,Classic,Sleepy,None,Chain,Pumpkin
2229,Shook'um #2229,A looping sheet ghost from Halloween Shook'ums. Three bodies. One skeleton. One clock. Minted on Abstract.,2229.gif,Blood Moon,Void,Blep,Crown,None,None
2230,Shook'um #2230,A looping sheet ghost from Halloween Shook'ums. Three bodies. One skeleton. One clock. Minted on Abstract.,2230.gif,Blood Moon,Blush,Normal,None,None,Candy
2231,Shook'um #2231,A looping sheet ghost from Halloween Shook'ums. Three bodies. One skeleton. One clock. Minted on Abstract.,2231.gif,Parchment,Void,Sleepy,Cat Ears,Bowtie,Candy
2232,Shook'um #2232,A looping sheet ghost from Halloween Shook'ums. Three bodies. One skeleton. One clock. Minted on Abstract.,2232.gif,Graveyard,Blush,Wink,None,Cape,Moon
2233,Shook'um #2233,A looping sheet ghost from Halloween Shook'ums. Three bodies. One skeleton. One clock. Minted on Abstract.,2233.gif,Blush,Classic,Spooked,Crown,Scarf,Candy Corn
2234,Shook'um #2234,A looping sheet ghost from Halloween Shook'ums. Three bodies. One skeleton. One clock. Minted on Abstract.,2234.gif,Fog,Classic,Sparkly,None,None,Pumpkin
2235,Shook'um #2235,A looping sheet ghost from Halloween Shook'ums. Three bodies. One skeleton. One clock. Minted on Abstract.,2235.gif,Void,Classic,Normal,None,Chain,Candy
2236,Shook'um #2236,A looping sheet ghost from Halloween Shook'ums. Three bodies. One skeleton. One clock. Minted on Abstract.,2236.gif,Blush,Blush,Sad,Cat Ears,None,Candy
2237,Shook'um #2237,A looping sheet ghost from Halloween Shook'ums. Three bodies. One skeleton. One clock. Minted on Abstract.,2237.gif,Graveyard,Classic,Sad,None,Chain,Bat
2238,Shook'um #2238,A looping sheet ghost from Halloween Shook'ums. Three bodies. One skeleton. One clock. Minted on Abstract.,2238.gif,Candy,Classic,Sparkly,Cat Ears,Bowtie,Moon
2239,Shook'um #2239,A looping sheet ghost from Halloween Shook'ums. Three bodies. One skeleton. One clock. Minted on Abstract.,2239.gif,Parchment,Classic,Starry,Bow,Scarf,Moon
2240,Shook'um #2240,A looping sheet ghost from Halloween Shook'ums. Three bodies. One skeleton. One clock. Minted on Abstract.,2240.gif,Parchment,Classic,Normal,Flower,None,Candy
2241,Shook'um #2241,A looping sheet ghost from Halloween Shook'ums. Three bodies. One skeleton. One clock. Minted on Abstract.,2241.gif,Candy,Classic,Spooked,Cat Ears,Pearls,Pumpkin
2242,Shook'um #2242,A looping sheet ghost from Halloween Shook'ums. Three bodies. One skeleton. One clock. Minted on Abstract.,2242.gif,Graveyard,Blush,Starry,None,None,Broom
2243,Shook'um #2243,A looping sheet ghost from Halloween Shook'ums. Three bodies. One skeleton. One clock. Minted on Abstract.,2243.gif,Midnight,Void,Spooked,Bow,Chain,None
2244,Shook'um #2244,A looping sheet ghost from Halloween Shook'ums. Three bodies. One skeleton. One clock. Minted on Abstract.,2244.gif,Dusk,Blush,Normal,Witch,None,Potion
2245,Shook'um #2245,A looping sheet ghost from Halloween Shook'ums. Three bodies. One skeleton. One clock. Minted on Abstract.,2245.gif,Blush,Blush,Blep,Cat Ears,None,Candy Corn
2246,Shook'um #2246,A looping sheet ghost from Halloween Shook'ums. Three bodies. One skeleton. One clock. Minted on Abstract.,2246.gif,Blood Moon,Classic,Angry,Witch,Chain,Potion
2247,Shook'um #2247,A looping sheet ghost from Halloween Shook'ums. Three bodies. One skeleton. One clock. Minted on Abstract.,2247.gif,Fog,Blush,Normal,None,None,Broom
2248,Shook'um #2248,A looping sheet ghost from Halloween Shook'ums. Three bodies. One skeleton. One clock. Minted on Abstract.,2248.gif,Blush,Classic,Blep,Party,Chain,Candy Corn
2249,Shook'um #2249,A looping sheet ghost from Halloween Shook'ums. Three bodies. One skeleton. One clock. Minted on Abstract.,2249.gif,Parchment,Blush,Heart,Pumpkin,None,None
2250,Shook'um #2250,A looping sheet ghost from Halloween Shook'ums. Three bodies. One skeleton. One clock. Minted on Abstract.,2250.gif,Midnight,Blush,Sparkly,Party,Chain,None
2251,Shook'um #2251,A looping sheet ghost from Halloween Shook'ums. Three bodies. One skeleton. One clock. Minted on Abstract.,2251.gif,Parchment,Classic,Wink,None,Chain,None
2252,Shook'um #2252,A looping sheet ghost from Halloween Shook'ums. Three bodies. One skeleton. One clock. Minted on Abstract.,2252.gif,Candy,Classic,Wink,None,None,None
2253,Shook'um #2253,A looping sheet ghost from Halloween Shook'ums. Three bodies. One skeleton. One clock. Minted on Abstract.,2253.gif,Graveyard,Classic,Angry,Witch,Scarf,Pumpkin
2254,Shook'um #2254,A looping sheet ghost from Halloween Shook'ums. Three bodies. One skeleton. One clock. Minted on Abstract.,2254.gif,Blood Moon,Classic,Heart,Crown,None,Moon
2255,Shook'um #2255,A looping sheet ghost from Halloween Shook'ums. Three bodies. One skeleton. One clock. Minted on Abstract.,2255.gif,Midnight,Classic,Sleepy,Halo,Pearls,None
2256,Shook'um #2256,A looping sheet ghost from Halloween Shook'ums. Three bodies. One skeleton. One clock. Minted on Abstract.,2256.gif,Dusk,Void,Blep,Party,Scarf,Pumpkin
2257,Shook'um #2257,A looping sheet ghost from Halloween Shook'ums. Three bodies. One skeleton. One clock. Minted on Abstract.,2257.gif,Dusk,Blush,Sparkly,Witch,None,Candy Corn
2258,Shook'um #2258,A looping sheet ghost from Halloween Shook'ums. Three bodies. One skeleton. One clock. Minted on Abstract.,2258.gif,Fog,Void,Spooked,Witch,None,None
2259,Shook'um #2259,A looping sheet ghost from Halloween Shook'ums. Three bodies. One skeleton. One clock. Minted on Abstract.,2259.gif,Candy,Void,Wink,Bow,None,None
2260,Shook'um #2260,A looping sheet ghost from Halloween Shook'ums. Three bodies. One skeleton. One clock. Minted on Abstract.,2260.gif,Midnight,Blush,Normal,None,None,Potion
2261,Shook'um #2261,A looping sheet ghost from Halloween Shook'ums. Three bodies. One skeleton. One clock. Minted on Abstract.,2261.gif,Parchment,Classic,Starry,Halo,Chain,None
2262,Shook'um #2262,A looping sheet ghost from Halloween Shook'ums. Three bodies. One skeleton. One clock. Minted on Abstract.,2262.gif,Fog,Blush,Normal,Witch,Bowtie,Broom
2263,Shook'um #2263,A looping sheet ghost from Halloween Shook'ums. Three bodies. One skeleton. One clock. Minted on Abstract.,2263.gif,Pumpkin,Classic,Spooked,Crown,None,Bat
2264,Shook'um #2264,A looping sheet ghost from Halloween Shook'ums. Three bodies. One skeleton. One clock. Minted on Abstract.,2264.gif,Pumpkin,Blush,Spooked,Witch,Scarf,None
2265,Shook'um #2265,A looping sheet ghost from Halloween Shook'ums. Three bodies. One skeleton. One clock. Minted on Abstract.,2265.gif,Dusk,Classic,Wink,Pumpkin,Chain,Moon
2266,Shook'um #2266,A looping sheet ghost from Halloween Shook'ums. Three bodies. One skeleton. One clock. Minted on Abstract.,2266.gif,Blush,Blush,Normal,Witch,Scarf,None
2267,Shook'um #2267,A looping sheet ghost from Halloween Shook'ums. Three bodies. One skeleton. One clock. Minted on Abstract.,2267.gif,Graveyard,Classic,Normal,Flower,Bowtie,Moon
2268,Shook'um #2268,A looping sheet ghost from Halloween Shook'ums. Three bodies. One skeleton. One clock. Minted on Abstract.,2268.gif,Dusk,Void,Spooked,Witch,Pearls,None
2269,Shook'um #2269,A looping sheet ghost from Halloween Shook'ums. Three bodies. One skeleton. One clock. Minted on Abstract.,2269.gif,Pumpkin,Classic,Blep,Witch,Bowtie,Bat
2270,Shook'um #2270,A looping sheet ghost from Halloween Shook'ums. Three bodies. One skeleton. One clock. Minted on Abstract.,2270.gif,Fog,Classic,Sleepy,Bow,Scarf,None
2271,Shook'um #2271,A looping sheet ghost from Halloween Shook'ums. Three bodies. One skeleton. One clock. Minted on Abstract.,2271.gif,Graveyard,Void,Sad,Witch,Bowtie,None
2272,Shook'um #2272,A looping sheet ghost from Halloween Shook'ums. Three bodies. One skeleton. One clock. Minted on Abstract.,2272.gif,Blood Moon,Classic,Sleepy,Wizard,Pearls,Broom
2273,Shook'um #2273,A looping sheet ghost from Halloween Shook'ums. Three bodies. One skeleton. One clock. Minted on Abstract.,2273.gif,Candy,Void,Spooked,Bow,None,Pumpkin
2274,Shook'um #2274,A looping sheet ghost from Halloween Shook'ums. Three bodies. One skeleton. One clock. Minted on Abstract.,2274.gif,Pumpkin,Classic,Blep,None,Pearls,None
2275,Shook'um #2275,A looping sheet ghost from Halloween Shook'ums. Three bodies. One skeleton. One clock. Minted on Abstract.,2275.gif,Fog,Classic,Normal,Pumpkin,None,Potion
2276,Shook'um #2276,A looping sheet ghost from Halloween Shook'ums. Three bodies. One skeleton. One clock. Minted on Abstract.,2276.gif,Parchment,Void,Sleepy,Wizard,Chain,Pumpkin
2277,Shook'um #2277,A looping sheet ghost from Halloween Shook'ums. Three bodies. One skeleton. One clock. Minted on Abstract.,2277.gif,Pumpkin,Classic,Spooked,Halo,Chain,None
2278,Shook'um #2278,A looping sheet ghost from Halloween Shook'ums. Three bodies. One skeleton. One clock. Minted on Abstract.,2278.gif,Candy,Blush,Wink,Pumpkin,Scarf,None
2279,Shook'um #2279,A looping sheet ghost from Halloween Shook'ums. Three bodies. One skeleton. One clock. Minted on Abstract.,2279.gif,Candy,Classic,Blep,None,None,None
2280,Shook'um #2280,A looping sheet ghost from Halloween Shook'ums. Three bodies. One skeleton. One clock. Minted on Abstract.,2280.gif,Candy,Classic,Normal,Cat Ears,Bowtie,None
2281,Shook'um #2281,A looping sheet ghost from Halloween Shook'ums. Three bodies. One skeleton. One clock. Minted on Abstract.,2281.gif,Pumpkin,Classic,Angry,Flower,Bowtie,Bat
2282,Shook'um #2282,A looping sheet ghost from Halloween Shook'ums. Three bodies. One skeleton. One clock. Minted on Abstract.,2282.gif,Fog,Void,Sleepy,Pumpkin,None,None
2283,Shook'um #2283,A looping sheet ghost from Halloween Shook'ums. Three bodies. One skeleton. One clock. Minted on Abstract.,2283.gif,Graveyard,Void,Spooked,None,Cape,Candy
2284,Shook'um #2284,A looping sheet ghost from Halloween Shook'ums. Three bodies. One skeleton. One clock. Minted on Abstract.,2284.gif,Void,Classic,Blep,Wizard,Scarf,Broom
2285,Shook'um #2285,A looping sheet ghost from Halloween Shook'ums. Three bodies. One skeleton. One clock. Minted on Abstract.,2285.gif,Pumpkin,Classic,Spooked,None,Cape,Pumpkin
2286,Shook'um #2286,A looping sheet ghost from Halloween Shook'ums. Three bodies. One skeleton. One clock. Minted on Abstract.,2286.gif,Blood Moon,Blush,Sleepy,Wizard,Bowtie,None
2287,Shook'um #2287,A looping sheet ghost from Halloween Shook'ums. Three bodies. One skeleton. One clock. Minted on Abstract.,2287.gif,Blush,Blush,Sleepy,None,Pearls,Pumpkin
2288,Shook'um #2288,A looping sheet ghost from Halloween Shook'ums. Three bodies. One skeleton. One clock. Minted on Abstract.,2288.gif,Fog,Classic,Normal,None,Chain,Broom
2289,Shook'um #2289,A looping sheet ghost from Halloween Shook'ums. Three bodies. One skeleton. One clock. Minted on Abstract.,2289.gif,Midnight,Classic,Normal,Witch,Scarf,Candy
2290,Shook'um #2290,A looping sheet ghost from Halloween Shook'ums. Three bodies. One skeleton. One clock. Minted on Abstract.,2290.gif,Pumpkin,Void,Spooked,None,Scarf,None
2291,Shook'um #2291,A looping sheet ghost from Halloween Shook'ums. Three bodies. One skeleton. One clock. Minted on Abstract.,2291.gif,Graveyard,Void,Sleepy,Wizard,None,Candy
2292,Shook'um #2292,A looping sheet ghost from Halloween Shook'ums. Three bodies. One skeleton. One clock. Minted on Abstract.,2292.gif,Midnight,Blush,Wink,None,Chain,Moon
2293,Shook'um #2293,A looping sheet ghost from Halloween Shook'ums. Three bodies. One skeleton. One clock. Minted on Abstract.,2293.gif,Candy,Classic,Wink,Bow,Scarf,Candy Corn
2294,Shook'um #2294,A looping sheet ghost from Halloween Shook'ums. Three bodies. One skeleton. One clock. Minted on Abstract.,2294.gif,Graveyard,Classic,Spooked,Witch,Collar,None
2295,Shook'um #2295,A looping sheet ghost from Halloween Shook'ums. Three bodies. One skeleton. One clock. Minted on Abstract.,2295.gif,Graveyard,Blush,Angry,Witch,Bowtie,Moon
2296,Shook'um #2296,A looping sheet ghost from Halloween Shook'ums. Three bodies. One skeleton. One clock. Minted on Abstract.,2296.gif,Blood Moon,Blush,Normal,None,Collar,Candy
2297,Shook'um #2297,A looping sheet ghost from Halloween Shook'ums. Three bodies. One skeleton. One clock. Minted on Abstract.,2297.gif,Graveyard,Classic,Sleepy,Bow,Chain,Bat
2298,Shook'um #2298,A looping sheet ghost from Halloween Shook'ums. Three bodies. One skeleton. One clock. Minted on Abstract.,2298.gif,Pumpkin,Classic,Wink,Crown,Cape,Bat
2299,Shook'um #2299,A looping sheet ghost from Halloween Shook'ums. Three bodies. One skeleton. One clock. Minted on Abstract.,2299.gif,Candy,Classic,Normal,Party,Bowtie,None
2300,Shook'um #2300,A looping sheet ghost from Halloween Shook'ums. Three bodies. One skeleton. One clock. Minted on Abstract.,2300.gif,Parchment,Void,Sad,Halo,None,Pumpkin
2301,Shook'um #2301,A looping sheet ghost from Halloween Shook'ums. Three bodies. One skeleton. One clock. Minted on Abstract.,2301.gif,Parchment,Classic,Spooked,Pumpkin,None,Candy Corn
2302,Shook'um #2302,A looping sheet ghost from Halloween Shook'ums. Three bodies. One skeleton. One clock. Minted on Abstract.,2302.gif,Blood Moon,Blush,Spooked,Witch,Cape,Candy
2303,Shook'um #2303,A looping sheet ghost from Halloween Shook'ums. Three bodies. One skeleton. One clock. Minted on Abstract.,2303.gif,Graveyard,Classic,Spooked,Pumpkin,Bowtie,Potion
2304,Shook'um #2304,A looping sheet ghost from Halloween Shook'ums. Three bodies. One skeleton. One clock. Minted on Abstract.,2304.gif,Pumpkin,Classic,Starry,Witch,Chain,Potion
2305,Shook'um #2305,A looping sheet ghost from Halloween Shook'ums. Three bodies. One skeleton. One clock. Minted on Abstract.,2305.gif,Midnight,Blush,Sad,None,Scarf,Candy
2306,Shook'um #2306,A looping sheet ghost from Halloween Shook'ums. Three bodies. One skeleton. One clock. Minted on Abstract.,2306.gif,Candy,Classic,Sleepy,Bow,None,None
2307,Shook'um #2307,A looping sheet ghost from Halloween Shook'ums. Three bodies. One skeleton. One clock. Minted on Abstract.,2307.gif,Candy,Classic,Normal,Witch,Cape,None
2308,Shook'um #2308,A looping sheet ghost from Halloween Shook'ums. Three bodies. One skeleton. One clock. Minted on Abstract.,2308.gif,Blood Moon,Blush,Spooked,Wizard,Scarf,Pumpkin
2309,Shook'um #2309,A looping sheet ghost from Halloween Shook'ums. Three bodies. One skeleton. One clock. Minted on Abstract.,2309.gif,Graveyard,Classic,Sparkly,Cat Ears,Pearls,Candy
2310,Shook'um #2310,A looping sheet ghost from Halloween Shook'ums. Three bodies. One skeleton. One clock. Minted on Abstract.,2310.gif,Parchment,Classic,Normal,None,None,Potion
2311,Shook'um #2311,A looping sheet ghost from Halloween Shook'ums. Three bodies. One skeleton. One clock. Minted on Abstract.,2311.gif,Void,Classic,Spooked,Witch,Chain,Pumpkin
2312,Shook'um #2312,A looping sheet ghost from Halloween Shook'ums. Three bodies. One skeleton. One clock. Minted on Abstract.,2312.gif,Midnight,Classic,Starry,None,Chain,None
2313,Shook'um #2313,A looping sheet ghost from Halloween Shook'ums. Three bodies. One skeleton. One clock. Minted on Abstract.,2313.gif,Dusk,Classic,Wink,Pumpkin,Chain,None
2314,Shook'um #2314,A looping sheet ghost from Halloween Shook'ums. Three bodies. One skeleton. One clock. Minted on Abstract.,2314.gif,Parchment,Classic,Starry,Pumpkin,None,Candy
2315,Shook'um #2315,A looping sheet ghost from Halloween Shook'ums. Three bodies. One skeleton. One clock. Minted on Abstract.,2315.gif,Blush,Blush,Normal,None,Chain,Bat
2316,Shook'um #2316,A looping sheet ghost from Halloween Shook'ums. Three bodies. One skeleton. One clock. Minted on Abstract.,2316.gif,Midnight,Classic,Normal,None,Pearls,Candy
2317,Shook'um #2317,A looping sheet ghost from Halloween Shook'ums. Three bodies. One skeleton. One clock. Minted on Abstract.,2317.gif,Dusk,Classic,Spooked,None,Bowtie,None
2318,Shook'um #2318,A looping sheet ghost from Halloween Shook'ums. Three bodies. One skeleton. One clock. Minted on Abstract.,2318.gif,Dusk,Classic,Sleepy,Party,Scarf,Candy
2319,Shook'um #2319,A looping sheet ghost from Halloween Shook'ums. Three bodies. One skeleton. One clock. Minted on Abstract.,2319.gif,Pumpkin,Classic,Spooked,Party,Chain,Candy
2320,Shook'um #2320,A looping sheet ghost from Halloween Shook'ums. Three bodies. One skeleton. One clock. Minted on Abstract.,2320.gif,Dusk,Void,Angry,Flower,Collar,Candy
2321,Shook'um #2321,A looping sheet ghost from Halloween Shook'ums. Three bodies. One skeleton. One clock. Minted on Abstract.,2321.gif,Graveyard,Classic,Wink,None,Pearls,Candy Corn
2322,Shook'um #2322,A looping sheet ghost from Halloween Shook'ums. Three bodies. One skeleton. One clock. Minted on Abstract.,2322.gif,Fog,Void,Sad,Pumpkin,Bowtie,Bat
2323,Shook'um #2323,A looping sheet ghost from Halloween Shook'ums. Three bodies. One skeleton. One clock. Minted on Abstract.,2323.gif,Midnight,Blush,Spooked,None,Chain,Candy
2324,Shook'um #2324,A looping sheet ghost from Halloween Shook'ums. Three bodies. One skeleton. One clock. Minted on Abstract.,2324.gif,Blood Moon,Classic,Sleepy,Crown,None,Bat
2325,Shook'um #2325,A looping sheet ghost from Halloween Shook'ums. Three bodies. One skeleton. One clock. Minted on Abstract.,2325.gif,Blush,Blush,Angry,None,Collar,Bat
2326,Shook'um #2326,A looping sheet ghost from Halloween Shook'ums. Three bodies. One skeleton. One clock. Minted on Abstract.,2326.gif,Blood Moon,Classic,Sad,None,Chain,None
2327,Shook'um #2327,A looping sheet ghost from Halloween Shook'ums. Three bodies. One skeleton. One clock. Minted on Abstract.,2327.gif,Candy,Classic,Spooked,Pumpkin,None,Candy Corn
2328,Shook'um #2328,A looping sheet ghost from Halloween Shook'ums. Three bodies. One skeleton. One clock. Minted on Abstract.,2328.gif,Pumpkin,Blush,Sparkly,Pumpkin,Scarf,None
2329,Shook'um #2329,A looping sheet ghost from Halloween Shook'ums. Three bodies. One skeleton. One clock. Minted on Abstract.,2329.gif,Candy,Blush,Sleepy,None,None,Potion
2330,Shook'um #2330,A looping sheet ghost from Halloween Shook'ums. Three bodies. One skeleton. One clock. Minted on Abstract.,2330.gif,Midnight,Classic,Sparkly,Bow,None,Moon
2331,Shook'um #2331,A looping sheet ghost from Halloween Shook'ums. Three bodies. One skeleton. One clock. Minted on Abstract.,2331.gif,Blush,Blush,Blep,Wizard,Pearls,Bat
2332,Shook'um #2332,A looping sheet ghost from Halloween Shook'ums. Three bodies. One skeleton. One clock. Minted on Abstract.,2332.gif,Pumpkin,Blush,Sleepy,Halo,None,Bat
2333,Shook'um #2333,A looping sheet ghost from Halloween Shook'ums. Three bodies. One skeleton. One clock. Minted on Abstract.,2333.gif,Pumpkin,Blush,Sleepy,None,Chain,Bat
2334,Shook'um #2334,A looping sheet ghost from Halloween Shook'ums. Three bodies. One skeleton. One clock. Minted on Abstract.,2334.gif,Blush,Void,Sad,Party,Chain,None
2335,Shook'um #2335,A looping sheet ghost from Halloween Shook'ums. Three bodies. One skeleton. One clock. Minted on Abstract.,2335.gif,Candy,Blush,Sad,Cat Ears,Scarf,None
2336,Shook'um #2336,A looping sheet ghost from Halloween Shook'ums. Three bodies. One skeleton. One clock. Minted on Abstract.,2336.gif,Parchment,Blush,Normal,Cat Ears,None,None
2337,Shook'um #2337,A looping sheet ghost from Halloween Shook'ums. Three bodies. One skeleton. One clock. Minted on Abstract.,2337.gif,Pumpkin,Void,Normal,Crown,Chain,Broom
2338,Shook'um #2338,A looping sheet ghost from Halloween Shook'ums. Three bodies. One skeleton. One clock. Minted on Abstract.,2338.gif,Void,Classic,Sleepy,Witch,Scarf,None
2339,Shook'um #2339,A looping sheet ghost from Halloween Shook'ums. Three bodies. One skeleton. One clock. Minted on Abstract.,2339.gif,Candy,Classic,Sleepy,Wizard,None,None
2340,Shook'um #2340,A looping sheet ghost from Halloween Shook'ums. Three bodies. One skeleton. One clock. Minted on Abstract.,2340.gif,Blood Moon,Classic,Spooked,Party,Bowtie,None
2341,Shook'um #2341,A looping sheet ghost from Halloween Shook'ums. Three bodies. One skeleton. One clock. Minted on Abstract.,2341.gif,Midnight,Classic,Normal,Wizard,None,Pumpkin
2342,Shook'um #2342,A looping sheet ghost from Halloween Shook'ums. Three bodies. One skeleton. One clock. Minted on Abstract.,2342.gif,Parchment,Blush,Sparkly,None,None,None
2343,Shook'um #2343,A looping sheet ghost from Halloween Shook'ums. Three bodies. One skeleton. One clock. Minted on Abstract.,2343.gif,Blush,Classic,Normal,Party,Cape,Bat
2344,Shook'um #2344,A looping sheet ghost from Halloween Shook'ums. Three bodies. One skeleton. One clock. Minted on Abstract.,2344.gif,Midnight,Blush,Angry,Witch,None,None
2345,Shook'um #2345,A looping sheet ghost from Halloween Shook'ums. Three bodies. One skeleton. One clock. Minted on Abstract.,2345.gif,Parchment,Classic,Sleepy,Pumpkin,Scarf,None
2346,Shook'um #2346,A looping sheet ghost from Halloween Shook'ums. Three bodies. One skeleton. One clock. Minted on Abstract.,2346.gif,Candy,Classic,Normal,Halo,Bowtie,Moon
2347,Shook'um #2347,A looping sheet ghost from Halloween Shook'ums. Three bodies. One skeleton. One clock. Minted on Abstract.,2347.gif,Blush,Blush,Sparkly,None,Pearls,Bat
2348,Shook'um #2348,A looping sheet ghost from Halloween Shook'ums. Three bodies. One skeleton. One clock. Minted on Abstract.,2348.gif,Parchment,Classic,Sad,Party,Scarf,Pumpkin
2349,Shook'um #2349,A looping sheet ghost from Halloween Shook'ums. Three bodies. One skeleton. One clock. Minted on Abstract.,2349.gif,Candy,Blush,Sparkly,Crown,Scarf,None
2350,Shook'um #2350,A looping sheet ghost from Halloween Shook'ums. Three bodies. One skeleton. One clock. Minted on Abstract.,2350.gif,Blush,Blush,Spooked,Halo,None,Pumpkin
2351,Shook'um #2351,A looping sheet ghost from Halloween Shook'ums. Three bodies. One skeleton. One clock. Minted on Abstract.,2351.gif,Midnight,Void,Normal,Witch,Pearls,Moon
2352,Shook'um #2352,A looping sheet ghost from Halloween Shook'ums. Three bodies. One skeleton. One clock. Minted on Abstract.,2352.gif,Fog,Classic,Heart,Flower,Scarf,Bat
2353,Shook'um #2353,A looping sheet ghost from Halloween Shook'ums. Three bodies. One skeleton. One clock. Minted on Abstract.,2353.gif,Midnight,Blush,Angry,Bow,Chain,Candy
2354,Shook'um #2354,A looping sheet ghost from Halloween Shook'ums. Three bodies. One skeleton. One clock. Minted on Abstract.,2354.gif,Parchment,Classic,Spooked,Witch,Pearls,None
2355,Shook'um #2355,A looping sheet ghost from Halloween Shook'ums. Three bodies. One skeleton. One clock. Minted on Abstract.,2355.gif,Blush,Void,Normal,None,Chain,Moon
2356,Shook'um #2356,A looping sheet ghost from Halloween Shook'ums. Three bodies. One skeleton. One clock. Minted on Abstract.,2356.gif,Fog,Void,Normal,Flower,Bowtie,Candy
2357,Shook'um #2357,A looping sheet ghost from Halloween Shook'ums. Three bodies. One skeleton. One clock. Minted on Abstract.,2357.gif,Dusk,Classic,Normal,Flower,Collar,None
2358,Shook'um #2358,A looping sheet ghost from Halloween Shook'ums. Three bodies. One skeleton. One clock. Minted on Abstract.,2358.gif,Blood Moon,Blush,Blep,None,Bowtie,Potion
2359,Shook'um #2359,A looping sheet ghost from Halloween Shook'ums. Three bodies. One skeleton. One clock. Minted on Abstract.,2359.gif,Blush,Blush,Sad,Pumpkin,Pearls,None
2360,Shook'um #2360,A looping sheet ghost from Halloween Shook'ums. Three bodies. One skeleton. One clock. Minted on Abstract.,2360.gif,Graveyard,Blush,Normal,Halo,Pearls,Candy Corn
2361,Shook'um #2361,A looping sheet ghost from Halloween Shook'ums. Three bodies. One skeleton. One clock. Minted on Abstract.,2361.gif,Void,Classic,Blep,Flower,Pearls,None
2362,Shook'um #2362,A looping sheet ghost from Halloween Shook'ums. Three bodies. One skeleton. One clock. Minted on Abstract.,2362.gif,Midnight,Classic,Wink,Flower,Chain,Candy
2363,Shook'um #2363,A looping sheet ghost from Halloween Shook'ums. Three bodies. One skeleton. One clock. Minted on Abstract.,2363.gif,Dusk,Classic,Wink,Cat Ears,None,None
2364,Shook'um #2364,A looping sheet ghost from Halloween Shook'ums. Three bodies. One skeleton. One clock. Minted on Abstract.,2364.gif,Candy,Classic,Starry,Cat Ears,Pearls,Broom
2365,Shook'um #2365,A looping sheet ghost from Halloween Shook'ums. Three bodies. One skeleton. One clock. Minted on Abstract.,2365.gif,Void,Classic,Spooked,Wizard,Pearls,None
2366,Shook'um #2366,A looping sheet ghost from Halloween Shook'ums. Three bodies. One skeleton. One clock. Minted on Abstract.,2366.gif,Parchment,Classic,Sleepy,Flower,None,Potion
2367,Shook'um #2367,A looping sheet ghost from Halloween Shook'ums. Three bodies. One skeleton. One clock. Minted on Abstract.,2367.gif,Pumpkin,Void,Blep,Pumpkin,Chain,Candy
2368,Shook'um #2368,A looping sheet ghost from Halloween Shook'ums. Three bodies. One skeleton. One clock. Minted on Abstract.,2368.gif,Midnight,Classic,Wink,Halo,Pearls,Candy
2369,Shook'um #2369,A looping sheet ghost from Halloween Shook'ums. Three bodies. One skeleton. One clock. Minted on Abstract.,2369.gif,Midnight,Void,Spooked,Witch,Scarf,Candy
2370,Shook'um #2370,A looping sheet ghost from Halloween Shook'ums. Three bodies. One skeleton. One clock. Minted on Abstract.,2370.gif,Pumpkin,Void,Sleepy,None,Chain,Potion
2371,Shook'um #2371,A looping sheet ghost from Halloween Shook'ums. Three bodies. One skeleton. One clock. Minted on Abstract.,2371.gif,Dusk,Void,Sleepy,Wizard,Collar,None
2372,Shook'um #2372,A looping sheet ghost from Halloween Shook'ums. Three bodies. One skeleton. One clock. Minted on Abstract.,2372.gif,Midnight,Classic,Sparkly,Cat Ears,Cape,Broom
2373,Shook'um #2373,A looping sheet ghost from Halloween Shook'ums. Three bodies. One skeleton. One clock. Minted on Abstract.,2373.gif,Fog,Classic,Blep,Halo,Pearls,Candy Corn
2374,Shook'um #2374,A looping sheet ghost from Halloween Shook'ums. Three bodies. One skeleton. One clock. Minted on Abstract.,2374.gif,Fog,Classic,Normal,Wizard,Chain,None
2375,Shook'um #2375,A looping sheet ghost from Halloween Shook'ums. Three bodies. One skeleton. One clock. Minted on Abstract.,2375.gif,Pumpkin,Classic,Wink,Bow,None,Bat
2376,Shook'um #2376,A looping sheet ghost from Halloween Shook'ums. Three bodies. One skeleton. One clock. Minted on Abstract.,2376.gif,Dusk,Classic,Wink,Halo,Pearls,Bat
2377,Shook'um #2377,A looping sheet ghost from Halloween Shook'ums. Three bodies. One skeleton. One clock. Minted on Abstract.,2377.gif,Midnight,Classic,Sad,None,None,Candy
2378,Shook'um #2378,A looping sheet ghost from Halloween Shook'ums. Three bodies. One skeleton. One clock. Minted on Abstract.,2378.gif,Blush,Classic,Starry,Pumpkin,Chain,Bat
2379,Shook'um #2379,A looping sheet ghost from Halloween Shook'ums. Three bodies. One skeleton. One clock. Minted on Abstract.,2379.gif,Graveyard,Classic,Blep,Wizard,Pearls,None
2380,Shook'um #2380,A looping sheet ghost from Halloween Shook'ums. Three bodies. One skeleton. One clock. Minted on Abstract.,2380.gif,Candy,Void,Sleepy,Pumpkin,Scarf,Potion
2381,Shook'um #2381,A looping sheet ghost from Halloween Shook'ums. Three bodies. One skeleton. One clock. Minted on Abstract.,2381.gif,Dusk,Blush,Spooked,None,Chain,Pumpkin
2382,Shook'um #2382,A looping sheet ghost from Halloween Shook'ums. Three bodies. One skeleton. One clock. Minted on Abstract.,2382.gif,Parchment,Classic,Normal,Bow,Pearls,None
2383,Shook'um #2383,A looping sheet ghost from Halloween Shook'ums. Three bodies. One skeleton. One clock. Minted on Abstract.,2383.gif,Candy,Classic,Spooked,Cat Ears,None,Pumpkin
2384,Shook'um #2384,A looping sheet ghost from Halloween Shook'ums. Three bodies. One skeleton. One clock. Minted on Abstract.,2384.gif,Graveyard,Blush,Sleepy,Flower,Cape,Moon
2385,Shook'um #2385,A looping sheet ghost from Halloween Shook'ums. Three bodies. One skeleton. One clock. Minted on Abstract.,2385.gif,Pumpkin,Blush,Normal,Cat Ears,None,Pumpkin
2386,Shook'um #2386,A looping sheet ghost from Halloween Shook'ums. Three bodies. One skeleton. One clock. Minted on Abstract.,2386.gif,Blush,Classic,Blep,Witch,Scarf,Bat
2387,Shook'um #2387,A looping sheet ghost from Halloween Shook'ums. Three bodies. One skeleton. One clock. Minted on Abstract.,2387.gif,Dusk,Blush,Blep,Flower,Pearls,Broom
2388,Shook'um #2388,A looping sheet ghost from Halloween Shook'ums. Three bodies. One skeleton. One clock. Minted on Abstract.,2388.gif,Dusk,Classic,Blep,Wizard,Collar,Pumpkin
2389,Shook'um #2389,A looping sheet ghost from Halloween Shook'ums. Three bodies. One skeleton. One clock. Minted on Abstract.,2389.gif,Candy,Void,Blep,Bow,Chain,None
2390,Shook'um #2390,A looping sheet ghost from Halloween Shook'ums. Three bodies. One skeleton. One clock. Minted on Abstract.,2390.gif,Graveyard,Blush,Blep,Cat Ears,Chain,Pumpkin
2391,Shook'um #2391,A looping sheet ghost from Halloween Shook'ums. Three bodies. One skeleton. One clock. Minted on Abstract.,2391.gif,Candy,Blush,Sleepy,None,Chain,Bat
2392,Shook'um #2392,A looping sheet ghost from Halloween Shook'ums. Three bodies. One skeleton. One clock. Minted on Abstract.,2392.gif,Dusk,Classic,Spooked,Pumpkin,Scarf,None
2393,Shook'um #2393,A looping sheet ghost from Halloween Shook'ums. Three bodies. One skeleton. One clock. Minted on Abstract.,2393.gif,Blush,Classic,Sleepy,Party,Bowtie,Broom
2394,Shook'um #2394,A looping sheet ghost from Halloween Shook'ums. Three bodies. One skeleton. One clock. Minted on Abstract.,2394.gif,Fog,Blush,Sleepy,Party,None,Pumpkin
2395,Shook'um #2395,A looping sheet ghost from Halloween Shook'ums. Three bodies. One skeleton. One clock. Minted on Abstract.,2395.gif,Candy,Classic,Sleepy,Halo,None,Pumpkin
2396,Shook'um #2396,A looping sheet ghost from Halloween Shook'ums. Three bodies. One skeleton. One clock. Minted on Abstract.,2396.gif,Blood Moon,Classic,Heart,Cat Ears,None,Pumpkin
2397,Shook'um #2397,A looping sheet ghost from Halloween Shook'ums. Three bodies. One skeleton. One clock. Minted on Abstract.,2397.gif,Candy,Void,Normal,Wizard,Chain,None
2398,Shook'um #2398,A looping sheet ghost from Halloween Shook'ums. Three bodies. One skeleton. One clock. Minted on Abstract.,2398.gif,Dusk,Classic,Wink,Bow,None,None
2399,Shook'um #2399,A looping sheet ghost from Halloween Shook'ums. Three bodies. One skeleton. One clock. Minted on Abstract.,2399.gif,Blush,Classic,Spooked,Party,Collar,None
2400,Shook'um #2400,A looping sheet ghost from Halloween Shook'ums. Three bodies. One skeleton. One clock. Minted on Abstract.,2400.gif,Midnight,Classic,Spooked,None,Chain,Candy
2401,Shook'um #2401,A looping sheet ghost from Halloween Shook'ums. Three bodies. One skeleton. One clock. Minted on Abstract.,2401.gif,Fog,Blush,Normal,Party,Pearls,Candy
2402,Shook'um #2402,A looping sheet ghost from Halloween Shook'ums. Three bodies. One skeleton. One clock. Minted on Abstract.,2402.gif,Midnight,Blush,Starry,Witch,None,Candy
2403,Shook'um #2403,A looping sheet ghost from Halloween Shook'ums. Three bodies. One skeleton. One clock. Minted on Abstract.,2403.gif,Dusk,Classic,Normal,Witch,Scarf,Candy
2404,Shook'um #2404,A looping sheet ghost from Halloween Shook'ums. Three bodies. One skeleton. One clock. Minted on Abstract.,2404.gif,Fog,Classic,Normal,Party,Chain,Bat
2405,Shook'um #2405,A looping sheet ghost from Halloween Shook'ums. Three bodies. One skeleton. One clock. Minted on Abstract.,2405.gif,Blush,Void,Blep,Pumpkin,Collar,Candy
2406,Shook'um #2406,A looping sheet ghost from Halloween Shook'ums. Three bodies. One skeleton. One clock. Minted on Abstract.,2406.gif,Dusk,Classic,Starry,Witch,Bowtie,Candy
2407,Shook'um #2407,A looping sheet ghost from Halloween Shook'ums. Three bodies. One skeleton. One clock. Minted on Abstract.,2407.gif,Pumpkin,Classic,Sparkly,Cat Ears,None,Candy
2408,Shook'um #2408,A looping sheet ghost from Halloween Shook'ums. Three bodies. One skeleton. One clock. Minted on Abstract.,2408.gif,Dusk,Blush,Blep,Pumpkin,None,Candy Corn
2409,Shook'um #2409,A looping sheet ghost from Halloween Shook'ums. Three bodies. One skeleton. One clock. Minted on Abstract.,2409.gif,Fog,Classic,Sad,None,Collar,Broom
2410,Shook'um #2410,A looping sheet ghost from Halloween Shook'ums. Three bodies. One skeleton. One clock. Minted on Abstract.,2410.gif,Candy,Blush,Blep,Bow,Scarf,Moon
2411,Shook'um #2411,A looping sheet ghost from Halloween Shook'ums. Three bodies. One skeleton. One clock. Minted on Abstract.,2411.gif,Pumpkin,Classic,Wink,Witch,Cape,None
2412,Shook'um #2412,A looping sheet ghost from Halloween Shook'ums. Three bodies. One skeleton. One clock. Minted on Abstract.,2412.gif,Blush,Blush,Wink,Bow,None,None
2413,Shook'um #2413,A looping sheet ghost from Halloween Shook'ums. Three bodies. One skeleton. One clock. Minted on Abstract.,2413.gif,Dusk,Blush,Blep,Wizard,Scarf,Potion
2414,Shook'um #2414,A looping sheet ghost from Halloween Shook'ums. Three bodies. One skeleton. One clock. Minted on Abstract.,2414.gif,Blush,Classic,Sleepy,None,Scarf,Candy Corn
2415,Shook'um #2415,A looping sheet ghost from Halloween Shook'ums. Three bodies. One skeleton. One clock. Minted on Abstract.,2415.gif,Graveyard,Classic,Blep,Witch,Collar,Candy
2416,Shook'um #2416,A looping sheet ghost from Halloween Shook'ums. Three bodies. One skeleton. One clock. Minted on Abstract.,2416.gif,Blood Moon,Classic,Sleepy,None,Collar,Candy
2417,Shook'um #2417,A looping sheet ghost from Halloween Shook'ums. Three bodies. One skeleton. One clock. Minted on Abstract.,2417.gif,Void,Classic,Sleepy,Bow,Bowtie,None
2418,Shook'um #2418,A looping sheet ghost from Halloween Shook'ums. Three bodies. One skeleton. One clock. Minted on Abstract.,2418.gif,Midnight,Classic,Angry,Witch,Chain,Pumpkin
2419,Shook'um #2419,A looping sheet ghost from Halloween Shook'ums. Three bodies. One skeleton. One clock. Minted on Abstract.,2419.gif,Midnight,Blush,Sleepy,Pumpkin,Chain,None
2420,Shook'um #2420,A looping sheet ghost from Halloween Shook'ums. Three bodies. One skeleton. One clock. Minted on Abstract.,2420.gif,Midnight,Blush,Blep,Flower,Pearls,None
2421,Shook'um #2421,A looping sheet ghost from Halloween Shook'ums. Three bodies. One skeleton. One clock. Minted on Abstract.,2421.gif,Blush,Void,Normal,Witch,Chain,Bat
2422,Shook'um #2422,A looping sheet ghost from Halloween Shook'ums. Three bodies. One skeleton. One clock. Minted on Abstract.,2422.gif,Candy,Blush,Blep,Pumpkin,Chain,Candy Corn
2423,Shook'um #2423,A looping sheet ghost from Halloween Shook'ums. Three bodies. One skeleton. One clock. Minted on Abstract.,2423.gif,Dusk,Blush,Blep,Witch,Cape,Candy Corn
2424,Shook'um #2424,A looping sheet ghost from Halloween Shook'ums. Three bodies. One skeleton. One clock. Minted on Abstract.,2424.gif,Fog,Classic,Heart,None,Cape,None
2425,Shook'um #2425,A looping sheet ghost from Halloween Shook'ums. Three bodies. One skeleton. One clock. Minted on Abstract.,2425.gif,Parchment,Blush,Wink,Halo,Bowtie,Candy
2426,Shook'um #2426,A looping sheet ghost from Halloween Shook'ums. Three bodies. One skeleton. One clock. Minted on Abstract.,2426.gif,Blush,Classic,Wink,None,Chain,None
2427,Shook'um #2427,A looping sheet ghost from Halloween Shook'ums. Three bodies. One skeleton. One clock. Minted on Abstract.,2427.gif,Dusk,Blush,Blep,Bow,Pearls,Pumpkin
2428,Shook'um #2428,A looping sheet ghost from Halloween Shook'ums. Three bodies. One skeleton. One clock. Minted on Abstract.,2428.gif,Pumpkin,Classic,Starry,Cat Ears,Bowtie,Broom
2429,Shook'um #2429,A looping sheet ghost from Halloween Shook'ums. Three bodies. One skeleton. One clock. Minted on Abstract.,2429.gif,Blush,Classic,Angry,Wizard,None,Moon
2430,Shook'um #2430,A looping sheet ghost from Halloween Shook'ums. Three bodies. One skeleton. One clock. Minted on Abstract.,2430.gif,Pumpkin,Classic,Angry,Flower,None,None
2431,Shook'um #2431,A looping sheet ghost from Halloween Shook'ums. Three bodies. One skeleton. One clock. Minted on Abstract.,2431.gif,Midnight,Void,Sad,Bow,Bowtie,Potion
2432,Shook'um #2432,A looping sheet ghost from Halloween Shook'ums. Three bodies. One skeleton. One clock. Minted on Abstract.,2432.gif,Blush,Classic,Wink,Flower,Chain,None
2433,Shook'um #2433,A looping sheet ghost from Halloween Shook'ums. Three bodies. One skeleton. One clock. Minted on Abstract.,2433.gif,Blush,Void,Sleepy,None,Cape,Bat
2434,Shook'um #2434,A looping sheet ghost from Halloween Shook'ums. Three bodies. One skeleton. One clock. Minted on Abstract.,2434.gif,Parchment,Classic,Sleepy,Party,Cape,Pumpkin
2435,Shook'um #2435,A looping sheet ghost from Halloween Shook'ums. Three bodies. One skeleton. One clock. Minted on Abstract.,2435.gif,Candy,Classic,Sad,Party,None,Broom
2436,Shook'um #2436,A looping sheet ghost from Halloween Shook'ums. Three bodies. One skeleton. One clock. Minted on Abstract.,2436.gif,Fog,Classic,Spooked,None,None,Broom
2437,Shook'um #2437,A looping sheet ghost from Halloween Shook'ums. Three bodies. One skeleton. One clock. Minted on Abstract.,2437.gif,Blush,Classic,Sparkly,Party,None,Bat
2438,Shook'um #2438,A looping sheet ghost from Halloween Shook'ums. Three bodies. One skeleton. One clock. Minted on Abstract.,2438.gif,Void,Classic,Sleepy,None,Scarf,Candy
2439,Shook'um #2439,A looping sheet ghost from Halloween Shook'ums. Three bodies. One skeleton. One clock. Minted on Abstract.,2439.gif,Graveyard,Classic,Spooked,Party,Bowtie,Pumpkin
2440,Shook'um #2440,A looping sheet ghost from Halloween Shook'ums. Three bodies. One skeleton. One clock. Minted on Abstract.,2440.gif,Blood Moon,Classic,Sleepy,None,Bowtie,Potion
2441,Shook'um #2441,A looping sheet ghost from Halloween Shook'ums. Three bodies. One skeleton. One clock. Minted on Abstract.,2441.gif,Fog,Classic,Normal,None,Cape,None
2442,Shook'um #2442,A looping sheet ghost from Halloween Shook'ums. Three bodies. One skeleton. One clock. Minted on Abstract.,2442.gif,Candy,Blush,Spooked,Cat Ears,Chain,Moon
2443,Shook'um #2443,A looping sheet ghost from Halloween Shook'ums. Three bodies. One skeleton. One clock. Minted on Abstract.,2443.gif,Pumpkin,Void,Starry,Party,None,Bat
2444,Shook'um #2444,A looping sheet ghost from Halloween Shook'ums. Three bodies. One skeleton. One clock. Minted on Abstract.,2444.gif,Blush,Classic,Sleepy,Crown,Chain,Potion
2445,Shook'um #2445,A looping sheet ghost from Halloween Shook'ums. Three bodies. One skeleton. One clock. Minted on Abstract.,2445.gif,Blood Moon,Void,Heart,Cat Ears,Cape,None
2446,Shook'um #2446,A looping sheet ghost from Halloween Shook'ums. Three bodies. One skeleton. One clock. Minted on Abstract.,2446.gif,Blood Moon,Classic,Wink,None,Chain,Pumpkin
2447,Shook'um #2447,A looping sheet ghost from Halloween Shook'ums. Three bodies. One skeleton. One clock. Minted on Abstract.,2447.gif,Parchment,Classic,Angry,None,None,Candy
2448,Shook'um #2448,A looping sheet ghost from Halloween Shook'ums. Three bodies. One skeleton. One clock. Minted on Abstract.,2448.gif,Graveyard,Blush,Sad,Wizard,None,None
2449,Shook'um #2449,A looping sheet ghost from Halloween Shook'ums. Three bodies. One skeleton. One clock. Minted on Abstract.,2449.gif,Pumpkin,Classic,Sleepy,Wizard,Chain,None
2450,Shook'um #2450,A looping sheet ghost from Halloween Shook'ums. Three bodies. One skeleton. One clock. Minted on Abstract.,2450.gif,Blood Moon,Void,Starry,Party,Chain,Moon
2451,Shook'um #2451,A looping sheet ghost from Halloween Shook'ums. Three bodies. One skeleton. One clock. Minted on Abstract.,2451.gif,Blood Moon,Classic,Sad,Bow,None,Bat
2452,Shook'um #2452,A looping sheet ghost from Halloween Shook'ums. Three bodies. One skeleton. One clock. Minted on Abstract.,2452.gif,Midnight,Blush,Spooked,Bow,Pearls,None
2453,Shook'um #2453,A looping sheet ghost from Halloween Shook'ums. Three bodies. One skeleton. One clock. Minted on Abstract.,2453.gif,Midnight,Classic,Starry,Witch,Scarf,None
2454,Shook'um #2454,A looping sheet ghost from Halloween Shook'ums. Three bodies. One skeleton. One clock. Minted on Abstract.,2454.gif,Dusk,Blush,Normal,Halo,None,Candy
2455,Shook'um #2455,A looping sheet ghost from Halloween Shook'ums. Three bodies. One skeleton. One clock. Minted on Abstract.,2455.gif,Blush,Blush,Normal,Witch,None,Pumpkin
2456,Shook'um #2456,A looping sheet ghost from Halloween Shook'ums. Three bodies. One skeleton. One clock. Minted on Abstract.,2456.gif,Parchment,Void,Sparkly,None,None,None
2457,Shook'um #2457,A looping sheet ghost from Halloween Shook'ums. Three bodies. One skeleton. One clock. Minted on Abstract.,2457.gif,Parchment,Classic,Heart,Bow,Chain,Potion
2458,Shook'um #2458,A looping sheet ghost from Halloween Shook'ums. Three bodies. One skeleton. One clock. Minted on Abstract.,2458.gif,Fog,Void,Angry,Cat Ears,Bowtie,None
2459,Shook'um #2459,A looping sheet ghost from Halloween Shook'ums. Three bodies. One skeleton. One clock. Minted on Abstract.,2459.gif,Fog,Blush,Sleepy,None,None,Pumpkin
2460,Shook'um #2460,A looping sheet ghost from Halloween Shook'ums. Three bodies. One skeleton. One clock. Minted on Abstract.,2460.gif,Graveyard,Void,Blep,Cat Ears,Collar,Pumpkin
2461,Shook'um #2461,A looping sheet ghost from Halloween Shook'ums. Three bodies. One skeleton. One clock. Minted on Abstract.,2461.gif,Fog,Void,Wink,Flower,Pearls,None
2462,Shook'um #2462,A looping sheet ghost from Halloween Shook'ums. Three bodies. One skeleton. One clock. Minted on Abstract.,2462.gif,Midnight,Blush,Normal,None,Bowtie,Candy
2463,Shook'um #2463,A looping sheet ghost from Halloween Shook'ums. Three bodies. One skeleton. One clock. Minted on Abstract.,2463.gif,Fog,Blush,Normal,Cat Ears,Scarf,None
2464,Shook'um #2464,A looping sheet ghost from Halloween Shook'ums. Three bodies. One skeleton. One clock. Minted on Abstract.,2464.gif,Midnight,Classic,Spooked,Flower,None,Bat
2465,Shook'um #2465,A looping sheet ghost from Halloween Shook'ums. Three bodies. One skeleton. One clock. Minted on Abstract.,2465.gif,Midnight,Classic,Normal,Witch,Pearls,Candy
2466,Shook'um #2466,A looping sheet ghost from Halloween Shook'ums. Three bodies. One skeleton. One clock. Minted on Abstract.,2466.gif,Midnight,Classic,Blep,Party,Cape,Candy
2467,Shook'um #2467,A looping sheet ghost from Halloween Shook'ums. Three bodies. One skeleton. One clock. Minted on Abstract.,2467.gif,Pumpkin,Blush,Normal,Bow,Scarf,None
2468,Shook'um #2468,A looping sheet ghost from Halloween Shook'ums. Three bodies. One skeleton. One clock. Minted on Abstract.,2468.gif,Candy,Blush,Sad,Party,Collar,Moon
2469,Shook'um #2469,A looping sheet ghost from Halloween Shook'ums. Three bodies. One skeleton. One clock. Minted on Abstract.,2469.gif,Graveyard,Classic,Wink,None,Collar,Candy Corn
2470,Shook'um #2470,A looping sheet ghost from Halloween Shook'ums. Three bodies. One skeleton. One clock. Minted on Abstract.,2470.gif,Candy,Blush,Spooked,None,None,Candy Corn
2471,Shook'um #2471,A looping sheet ghost from Halloween Shook'ums. Three bodies. One skeleton. One clock. Minted on Abstract.,2471.gif,Fog,Blush,Normal,None,Collar,Pumpkin
2472,Shook'um #2472,A looping sheet ghost from Halloween Shook'ums. Three bodies. One skeleton. One clock. Minted on Abstract.,2472.gif,Graveyard,Blush,Sad,Flower,Scarf,Pumpkin
2473,Shook'um #2473,A looping sheet ghost from Halloween Shook'ums. Three bodies. One skeleton. One clock. Minted on Abstract.,2473.gif,Blood Moon,Classic,Blep,Witch,None,Candy Corn
2474,Shook'um #2474,A looping sheet ghost from Halloween Shook'ums. Three bodies. One skeleton. One clock. Minted on Abstract.,2474.gif,Fog,Classic,Sleepy,Pumpkin,Scarf,Candy Corn
2475,Shook'um #2475,A looping sheet ghost from Halloween Shook'ums. Three bodies. One skeleton. One clock. Minted on Abstract.,2475.gif,Candy,Classic,Sparkly,Cat Ears,Bowtie,None
2476,Shook'um #2476,A looping sheet ghost from Halloween Shook'ums. Three bodies. One skeleton. One clock. Minted on Abstract.,2476.gif,Dusk,Void,Wink,None,Scarf,None
2477,Shook'um #2477,A looping sheet ghost from Halloween Shook'ums. Three bodies. One skeleton. One clock. Minted on Abstract.,2477.gif,Graveyard,Classic,Wink,None,Cape,None
2478,Shook'um #2478,A looping sheet ghost from Halloween Shook'ums. Three bodies. One skeleton. One clock. Minted on Abstract.,2478.gif,Blood Moon,Blush,Spooked,Bow,Collar,Candy
2479,Shook'um #2479,A looping sheet ghost from Halloween Shook'ums. Three bodies. One skeleton. One clock. Minted on Abstract.,2479.gif,Blood Moon,Classic,Sleepy,Party,Collar,None
2480,Shook'um #2480,A looping sheet ghost from Halloween Shook'ums. Three bodies. One skeleton. One clock. Minted on Abstract.,2480.gif,Dusk,Classic,Spooked,Flower,Chain,Candy Corn
2481,Shook'um #2481,A looping sheet ghost from Halloween Shook'ums. Three bodies. One skeleton. One clock. Minted on Abstract.,2481.gif,Parchment,Classic,Normal,Witch,Scarf,Candy
2482,Shook'um #2482,A looping sheet ghost from Halloween Shook'ums. Three bodies. One skeleton. One clock. Minted on Abstract.,2482.gif,Candy,Blush,Normal,Cat Ears,Collar,Moon
2483,Shook'um #2483,A looping sheet ghost from Halloween Shook'ums. Three bodies. One skeleton. One clock. Minted on Abstract.,2483.gif,Pumpkin,Classic,Wink,Pumpkin,Bowtie,Candy
2484,Shook'um #2484,A looping sheet ghost from Halloween Shook'ums. Three bodies. One skeleton. One clock. Minted on Abstract.,2484.gif,Midnight,Void,Wink,Crown,Chain,None
2485,Shook'um #2485,A looping sheet ghost from Halloween Shook'ums. Three bodies. One skeleton. One clock. Minted on Abstract.,2485.gif,Blood Moon,Blush,Normal,Wizard,Chain,Broom
2486,Shook'um #2486,A looping sheet ghost from Halloween Shook'ums. Three bodies. One skeleton. One clock. Minted on Abstract.,2486.gif,Midnight,Void,Sparkly,None,None,Moon
2487,Shook'um #2487,A looping sheet ghost from Halloween Shook'ums. Three bodies. One skeleton. One clock. Minted on Abstract.,2487.gif,Blood Moon,Blush,Angry,None,Chain,Broom
2488,Shook'um #2488,A looping sheet ghost from Halloween Shook'ums. Three bodies. One skeleton. One clock. Minted on Abstract.,2488.gif,Parchment,Classic,Sad,Halo,Scarf,Moon
2489,Shook'um #2489,A looping sheet ghost from Halloween Shook'ums. Three bodies. One skeleton. One clock. Minted on Abstract.,2489.gif,Midnight,Classic,Spooked,Flower,None,Candy Corn
2490,Shook'um #2490,A looping sheet ghost from Halloween Shook'ums. Three bodies. One skeleton. One clock. Minted on Abstract.,2490.gif,Pumpkin,Blush,Spooked,None,Cape,Pumpkin
2491,Shook'um #2491,A looping sheet ghost from Halloween Shook'ums. Three bodies. One skeleton. One clock. Minted on Abstract.,2491.gif,Candy,Blush,Blep,None,Bowtie,None
2492,Shook'um #2492,A looping sheet ghost from Halloween Shook'ums. Three bodies. One skeleton. One clock. Minted on Abstract.,2492.gif,Blood Moon,Void,Sparkly,Flower,Pearls,None
2493,Shook'um #2493,A looping sheet ghost from Halloween Shook'ums. Three bodies. One skeleton. One clock. Minted on Abstract.,2493.gif,Midnight,Void,Sad,Witch,Scarf,Pumpkin
2494,Shook'um #2494,A looping sheet ghost from Halloween Shook'ums. Three bodies. One skeleton. One clock. Minted on Abstract.,2494.gif,Midnight,Classic,Normal,None,Chain,Pumpkin
2495,Shook'um #2495,A looping sheet ghost from Halloween Shook'ums. Three bodies. One skeleton. One clock. Minted on Abstract.,2495.gif,Graveyard,Classic,Angry,Halo,Pearls,Moon
2496,Shook'um #2496,A looping sheet ghost from Halloween Shook'ums. Three bodies. One skeleton. One clock. Minted on Abstract.,2496.gif,Parchment,Classic,Sparkly,Halo,Bowtie,Pumpkin
2497,Shook'um #2497,A looping sheet ghost from Halloween Shook'ums. Three bodies. One skeleton. One clock. Minted on Abstract.,2497.gif,Candy,Classic,Sleepy,None,None,Candy Corn
2498,Shook'um #2498,A looping sheet ghost from Halloween Shook'ums. Three bodies. One skeleton. One clock. Minted on Abstract.,2498.gif,Midnight,Classic,Heart,None,Bowtie,Pumpkin
2499,Shook'um #2499,A looping sheet ghost from Halloween Shook'ums. Three bodies. One skeleton. One clock. Minted on Abstract.,2499.gif,Dusk,Void,Sleepy,Flower,Scarf,None
2500,Shook'um #2500,A looping sheet ghost from Halloween Shook'ums. Three bodies. One skeleton. One clock. Minted on Abstract.,2500.gif,Blush,Blush,Sleepy,Flower,None,Candy Corn
2501,Shook'um #2501,A looping sheet ghost from Halloween Shook'ums. Three bodies. One skeleton. One clock. Minted on Abstract.,2501.gif,Graveyard,Blush,Spooked,Cat Ears,None,Candy
2502,Shook'um #2502,A looping sheet ghost from Halloween Shook'ums. Three bodies. One skeleton. One clock. Minted on Abstract.,2502.gif,Blush,Classic,Sparkly,Witch,None,Pumpkin
2503,Shook'um #2503,A looping sheet ghost from Halloween Shook'ums. Three bodies. One skeleton. One clock. Minted on Abstract.,2503.gif,Parchment,Void,Normal,Flower,None,Pumpkin
2504,Shook'um #2504,A looping sheet ghost from Halloween Shook'ums. Three bodies. One skeleton. One clock. Minted on Abstract.,2504.gif,Fog,Void,Blep,Cat Ears,Collar,None
2505,Shook'um #2505,A looping sheet ghost from Halloween Shook'ums. Three bodies. One skeleton. One clock. Minted on Abstract.,2505.gif,Dusk,Void,Blep,Flower,None,Candy
2506,Shook'um #2506,A looping sheet ghost from Halloween Shook'ums. Three bodies. One skeleton. One clock. Minted on Abstract.,2506.gif,Midnight,Classic,Wink,Pumpkin,Chain,None
2507,Shook'um #2507,A looping sheet ghost from Halloween Shook'ums. Three bodies. One skeleton. One clock. Minted on Abstract.,2507.gif,Fog,Classic,Blep,Halo,Chain,Potion
2508,Shook'um #2508,A looping sheet ghost from Halloween Shook'ums. Three bodies. One skeleton. One clock. Minted on Abstract.,2508.gif,Fog,Classic,Normal,None,Bowtie,Broom
2509,Shook'um #2509,A looping sheet ghost from Halloween Shook'ums. Three bodies. One skeleton. One clock. Minted on Abstract.,2509.gif,Graveyard,Blush,Spooked,None,Pearls,Bat
2510,Shook'um #2510,A looping sheet ghost from Halloween Shook'ums. Three bodies. One skeleton. One clock. Minted on Abstract.,2510.gif,Blush,Classic,Sad,Party,Bowtie,Candy Corn
2511,Shook'um #2511,A looping sheet ghost from Halloween Shook'ums. Three bodies. One skeleton. One clock. Minted on Abstract.,2511.gif,Blood Moon,Classic,Spooked,Cat Ears,Pearls,Potion
2512,Shook'um #2512,A looping sheet ghost from Halloween Shook'ums. Three bodies. One skeleton. One clock. Minted on Abstract.,2512.gif,Fog,Classic,Sleepy,Bow,Chain,Broom
2513,Shook'um #2513,A looping sheet ghost from Halloween Shook'ums. Three bodies. One skeleton. One clock. Minted on Abstract.,2513.gif,Pumpkin,Classic,Heart,Bow,Chain,Candy Corn
2514,Shook'um #2514,A looping sheet ghost from Halloween Shook'ums. Three bodies. One skeleton. One clock. Minted on Abstract.,2514.gif,Pumpkin,Classic,Wink,Flower,Bowtie,None
2515,Shook'um #2515,A looping sheet ghost from Halloween Shook'ums. Three bodies. One skeleton. One clock. Minted on Abstract.,2515.gif,Parchment,Blush,Spooked,Crown,None,Candy Corn
2516,Shook'um #2516,A looping sheet ghost from Halloween Shook'ums. Three bodies. One skeleton. One clock. Minted on Abstract.,2516.gif,Dusk,Void,Normal,Wizard,None,None
2517,Shook'um #2517,A looping sheet ghost from Halloween Shook'ums. Three bodies. One skeleton. One clock. Minted on Abstract.,2517.gif,Midnight,Classic,Spooked,Witch,Bowtie,Bat
2518,Shook'um #2518,A looping sheet ghost from Halloween Shook'ums. Three bodies. One skeleton. One clock. Minted on Abstract.,2518.gif,Fog,Void,Normal,Crown,Chain,Moon
2519,Shook'um #2519,A looping sheet ghost from Halloween Shook'ums. Three bodies. One skeleton. One clock. Minted on Abstract.,2519.gif,Blush,Classic,Sleepy,Cat Ears,Scarf,Candy Corn
2520,Shook'um #2520,A looping sheet ghost from Halloween Shook'ums. Three bodies. One skeleton. One clock. Minted on Abstract.,2520.gif,Fog,Blush,Angry,Bow,None,None
2521,Shook'um #2521,A looping sheet ghost from Halloween Shook'ums. Three bodies. One skeleton. One clock. Minted on Abstract.,2521.gif,Pumpkin,Void,Sad,Halo,None,Candy
2522,Shook'um #2522,A looping sheet ghost from Halloween Shook'ums. Three bodies. One skeleton. One clock. Minted on Abstract.,2522.gif,Fog,Classic,Blep,Pumpkin,Collar,None
2523,Shook'um #2523,A looping sheet ghost from Halloween Shook'ums. Three bodies. One skeleton. One clock. Minted on Abstract.,2523.gif,Void,Classic,Angry,None,Pearls,Candy Corn
2524,Shook'um #2524,A looping sheet ghost from Halloween Shook'ums. Three bodies. One skeleton. One clock. Minted on Abstract.,2524.gif,Graveyard,Classic,Starry,Pumpkin,None,None
2525,Shook'um #2525,A looping sheet ghost from Halloween Shook'ums. Three bodies. One skeleton. One clock. Minted on Abstract.,2525.gif,Candy,Classic,Normal,Pumpkin,Bowtie,Bat
2526,Shook'um #2526,A looping sheet ghost from Halloween Shook'ums. Three bodies. One skeleton. One clock. Minted on Abstract.,2526.gif,Pumpkin,Classic,Sparkly,Witch,Pearls,Bat
2527,Shook'um #2527,A looping sheet ghost from Halloween Shook'ums. Three bodies. One skeleton. One clock. Minted on Abstract.,2527.gif,Fog,Classic,Spooked,Bow,Bowtie,Moon
2528,Shook'um #2528,A looping sheet ghost from Halloween Shook'ums. Three bodies. One skeleton. One clock. Minted on Abstract.,2528.gif,Fog,Classic,Normal,Bow,None,Candy
2529,Shook'um #2529,A looping sheet ghost from Halloween Shook'ums. Three bodies. One skeleton. One clock. Minted on Abstract.,2529.gif,Blood Moon,Classic,Wink,Pumpkin,Cape,Candy Corn
2530,Shook'um #2530,A looping sheet ghost from Halloween Shook'ums. Three bodies. One skeleton. One clock. Minted on Abstract.,2530.gif,Graveyard,Classic,Sad,None,None,None
2531,Shook'um #2531,A looping sheet ghost from Halloween Shook'ums. Three bodies. One skeleton. One clock. Minted on Abstract.,2531.gif,Candy,Blush,Normal,Flower,None,Potion
2532,Shook'um #2532,A looping sheet ghost from Halloween Shook'ums. Three bodies. One skeleton. One clock. Minted on Abstract.,2532.gif,Parchment,Classic,Spooked,Crown,Collar,Candy
2533,Shook'um #2533,A looping sheet ghost from Halloween Shook'ums. Three bodies. One skeleton. One clock. Minted on Abstract.,2533.gif,Blood Moon,Void,Normal,Party,Scarf,Candy
2534,Shook'um #2534,A looping sheet ghost from Halloween Shook'ums. Three bodies. One skeleton. One clock. Minted on Abstract.,2534.gif,Blush,Classic,Spooked,None,Scarf,None
2535,Shook'um #2535,A looping sheet ghost from Halloween Shook'ums. Three bodies. One skeleton. One clock. Minted on Abstract.,2535.gif,Blush,Void,Normal,Cat Ears,Chain,None
2536,Shook'um #2536,A looping sheet ghost from Halloween Shook'ums. Three bodies. One skeleton. One clock. Minted on Abstract.,2536.gif,Candy,Blush,Wink,None,None,Candy
2537,Shook'um #2537,A looping sheet ghost from Halloween Shook'ums. Three bodies. One skeleton. One clock. Minted on Abstract.,2537.gif,Fog,Classic,Normal,None,Scarf,None
2538,Shook'um #2538,A looping sheet ghost from Halloween Shook'ums. Three bodies. One skeleton. One clock. Minted on Abstract.,2538.gif,Blood Moon,Blush,Normal,None,Collar,Pumpkin
2539,Shook'um #2539,A looping sheet ghost from Halloween Shook'ums. Three bodies. One skeleton. One clock. Minted on Abstract.,2539.gif,Candy,Classic,Blep,Halo,Chain,Moon
2540,Shook'um #2540,A looping sheet ghost from Halloween Shook'ums. Three bodies. One skeleton. One clock. Minted on Abstract.,2540.gif,Pumpkin,Blush,Normal,Pumpkin,Pearls,Broom
2541,Shook'um #2541,A looping sheet ghost from Halloween Shook'ums. Three bodies. One skeleton. One clock. Minted on Abstract.,2541.gif,Candy,Blush,Normal,None,Scarf,Candy Corn
2542,Shook'um #2542,A looping sheet ghost from Halloween Shook'ums. Three bodies. One skeleton. One clock. Minted on Abstract.,2542.gif,Pumpkin,Blush,Sad,Flower,Collar,Moon
2543,Shook'um #2543,A looping sheet ghost from Halloween Shook'ums. Three bodies. One skeleton. One clock. Minted on Abstract.,2543.gif,Blush,Classic,Spooked,Bow,Scarf,None
2544,Shook'um #2544,A looping sheet ghost from Halloween Shook'ums. Three bodies. One skeleton. One clock. Minted on Abstract.,2544.gif,Dusk,Blush,Blep,None,None,None
2545,Shook'um #2545,A looping sheet ghost from Halloween Shook'ums. Three bodies. One skeleton. One clock. Minted on Abstract.,2545.gif,Midnight,Classic,Angry,Cat Ears,Chain,Broom
2546,Shook'um #2546,A looping sheet ghost from Halloween Shook'ums. Three bodies. One skeleton. One clock. Minted on Abstract.,2546.gif,Pumpkin,Blush,Wink,Flower,None,Potion
2547,Shook'um #2547,A looping sheet ghost from Halloween Shook'ums. Three bodies. One skeleton. One clock. Minted on Abstract.,2547.gif,Dusk,Classic,Sleepy,Halo,Collar,Potion
2548,Shook'um #2548,A looping sheet ghost from Halloween Shook'ums. Three bodies. One skeleton. One clock. Minted on Abstract.,2548.gif,Blush,Classic,Sad,Pumpkin,None,Candy
2549,Shook'um #2549,A looping sheet ghost from Halloween Shook'ums. Three bodies. One skeleton. One clock. Minted on Abstract.,2549.gif,Candy,Classic,Angry,None,Scarf,Bat
2550,Shook'um #2550,A looping sheet ghost from Halloween Shook'ums. Three bodies. One skeleton. One clock. Minted on Abstract.,2550.gif,Candy,Classic,Normal,Party,None,Pumpkin
2551,Shook'um #2551,A looping sheet ghost from Halloween Shook'ums. Three bodies. One skeleton. One clock. Minted on Abstract.,2551.gif,Void,Blush,Spooked,Pumpkin,Cape,None
2552,Shook'um #2552,A looping sheet ghost from Halloween Shook'ums. Three bodies. One skeleton. One clock. Minted on Abstract.,2552.gif,Blush,Classic,Spooked,Pumpkin,None,Potion
2553,Shook'um #2553,A looping sheet ghost from Halloween Shook'ums. Three bodies. One skeleton. One clock. Minted on Abstract.,2553.gif,Blush,Blush,Angry,Cat Ears,None,Candy Corn
2554,Shook'um #2554,A looping sheet ghost from Halloween Shook'ums. Three bodies. One skeleton. One clock. Minted on Abstract.,2554.gif,Parchment,Blush,Sleepy,None,Chain,Candy Corn
2555,Shook'um #2555,A looping sheet ghost from Halloween Shook'ums. Three bodies. One skeleton. One clock. Minted on Abstract.,2555.gif,Parchment,Void,Normal,None,None,Pumpkin
2556,Shook'um #2556,A looping sheet ghost from Halloween Shook'ums. Three bodies. One skeleton. One clock. Minted on Abstract.,2556.gif,Blood Moon,Blush,Spooked,None,None,Pumpkin
2557,Shook'um #2557,A looping sheet ghost from Halloween Shook'ums. Three bodies. One skeleton. One clock. Minted on Abstract.,2557.gif,Parchment,Classic,Wink,Witch,Scarf,None
2558,Shook'um #2558,A looping sheet ghost from Halloween Shook'ums. Three bodies. One skeleton. One clock. Minted on Abstract.,2558.gif,Blush,Blush,Angry,None,None,None
2559,Shook'um #2559,A looping sheet ghost from Halloween Shook'ums. Three bodies. One skeleton. One clock. Minted on Abstract.,2559.gif,Blush,Blush,Heart,None,None,Bat
2560,Shook'um #2560,A looping sheet ghost from Halloween Shook'ums. Three bodies. One skeleton. One clock. Minted on Abstract.,2560.gif,Blood Moon,Classic,Spooked,None,Cape,None
2561,Shook'um #2561,A looping sheet ghost from Halloween Shook'ums. Three bodies. One skeleton. One clock. Minted on Abstract.,2561.gif,Pumpkin,Void,Normal,Cat Ears,Scarf,None
2562,Shook'um #2562,A looping sheet ghost from Halloween Shook'ums. Three bodies. One skeleton. One clock. Minted on Abstract.,2562.gif,Blood Moon,Classic,Sad,None,None,Candy Corn
2563,Shook'um #2563,A looping sheet ghost from Halloween Shook'ums. Three bodies. One skeleton. One clock. Minted on Abstract.,2563.gif,Midnight,Classic,Normal,None,Bowtie,Broom
2564,Shook'um #2564,A looping sheet ghost from Halloween Shook'ums. Three bodies. One skeleton. One clock. Minted on Abstract.,2564.gif,Pumpkin,Classic,Sad,Bow,None,Candy
2565,Shook'um #2565,A looping sheet ghost from Halloween Shook'ums. Three bodies. One skeleton. One clock. Minted on Abstract.,2565.gif,Graveyard,Blush,Sad,Crown,Chain,Broom
2566,Shook'um #2566,A looping sheet ghost from Halloween Shook'ums. Three bodies. One skeleton. One clock. Minted on Abstract.,2566.gif,Dusk,Classic,Spooked,Witch,Scarf,Broom
2567,Shook'um #2567,A looping sheet ghost from Halloween Shook'ums. Three bodies. One skeleton. One clock. Minted on Abstract.,2567.gif,Graveyard,Void,Normal,Witch,None,Moon
2568,Shook'um #2568,A looping sheet ghost from Halloween Shook'ums. Three bodies. One skeleton. One clock. Minted on Abstract.,2568.gif,Midnight,Classic,Blep,Party,Scarf,Moon
2569,Shook'um #2569,A looping sheet ghost from Halloween Shook'ums. Three bodies. One skeleton. One clock. Minted on Abstract.,2569.gif,Parchment,Blush,Sparkly,Bow,Bowtie,Pumpkin
2570,Shook'um #2570,A looping sheet ghost from Halloween Shook'ums. Three bodies. One skeleton. One clock. Minted on Abstract.,2570.gif,Fog,Classic,Sleepy,Halo,Cape,Pumpkin
2571,Shook'um #2571,A looping sheet ghost from Halloween Shook'ums. Three bodies. One skeleton. One clock. Minted on Abstract.,2571.gif,Pumpkin,Blush,Spooked,Cat Ears,None,Bat
2572,Shook'um #2572,A looping sheet ghost from Halloween Shook'ums. Three bodies. One skeleton. One clock. Minted on Abstract.,2572.gif,Graveyard,Blush,Sparkly,None,None,Candy Corn
2573,Shook'um #2573,A looping sheet ghost from Halloween Shook'ums. Three bodies. One skeleton. One clock. Minted on Abstract.,2573.gif,Midnight,Void,Heart,Flower,Scarf,Broom
2574,Shook'um #2574,A looping sheet ghost from Halloween Shook'ums. Three bodies. One skeleton. One clock. Minted on Abstract.,2574.gif,Void,Classic,Starry,None,None,Pumpkin
2575,Shook'um #2575,A looping sheet ghost from Halloween Shook'ums. Three bodies. One skeleton. One clock. Minted on Abstract.,2575.gif,Midnight,Classic,Sad,Cat Ears,None,Candy
2576,Shook'um #2576,A looping sheet ghost from Halloween Shook'ums. Three bodies. One skeleton. One clock. Minted on Abstract.,2576.gif,Fog,Void,Sad,Cat Ears,Scarf,Bat
2577,Shook'um #2577,A looping sheet ghost from Halloween Shook'ums. Three bodies. One skeleton. One clock. Minted on Abstract.,2577.gif,Candy,Blush,Spooked,None,Chain,Candy
2578,Shook'um #2578,A looping sheet ghost from Halloween Shook'ums. Three bodies. One skeleton. One clock. Minted on Abstract.,2578.gif,Graveyard,Classic,Blep,Halo,Scarf,Candy
2579,Shook'um #2579,A looping sheet ghost from Halloween Shook'ums. Three bodies. One skeleton. One clock. Minted on Abstract.,2579.gif,Parchment,Classic,Blep,Bow,Bowtie,Moon
2580,Shook'um #2580,A looping sheet ghost from Halloween Shook'ums. Three bodies. One skeleton. One clock. Minted on Abstract.,2580.gif,Void,Classic,Blep,None,Pearls,Candy
2581,Shook'um #2581,A looping sheet ghost from Halloween Shook'ums. Three bodies. One skeleton. One clock. Minted on Abstract.,2581.gif,Blush,Void,Spooked,Flower,Chain,None
2582,Shook'um #2582,A looping sheet ghost from Halloween Shook'ums. Three bodies. One skeleton. One clock. Minted on Abstract.,2582.gif,Parchment,Classic,Starry,Witch,Bowtie,Candy
2583,Shook'um #2583,A looping sheet ghost from Halloween Shook'ums. Three bodies. One skeleton. One clock. Minted on Abstract.,2583.gif,Parchment,Classic,Normal,Party,Bowtie,Candy
2584,Shook'um #2584,A looping sheet ghost from Halloween Shook'ums. Three bodies. One skeleton. One clock. Minted on Abstract.,2584.gif,Midnight,Void,Sparkly,None,Chain,None
2585,Shook'um #2585,A looping sheet ghost from Halloween Shook'ums. Three bodies. One skeleton. One clock. Minted on Abstract.,2585.gif,Fog,Classic,Blep,Party,Scarf,Potion
2586,Shook'um #2586,A looping sheet ghost from Halloween Shook'ums. Three bodies. One skeleton. One clock. Minted on Abstract.,2586.gif,Pumpkin,Classic,Spooked,Witch,Chain,Pumpkin
2587,Shook'um #2587,A looping sheet ghost from Halloween Shook'ums. Three bodies. One skeleton. One clock. Minted on Abstract.,2587.gif,Midnight,Classic,Sad,Bow,Chain,None
2588,Shook'um #2588,A looping sheet ghost from Halloween Shook'ums. Three bodies. One skeleton. One clock. Minted on Abstract.,2588.gif,Void,Classic,Heart,Cat Ears,Cape,None
2589,Shook'um #2589,A looping sheet ghost from Halloween Shook'ums. Three bodies. One skeleton. One clock. Minted on Abstract.,2589.gif,Blush,Void,Sleepy,Witch,Bowtie,None
2590,Shook'um #2590,A looping sheet ghost from Halloween Shook'ums. Three bodies. One skeleton. One clock. Minted on Abstract.,2590.gif,Blood Moon,Void,Wink,Pumpkin,None,None
2591,Shook'um #2591,A looping sheet ghost from Halloween Shook'ums. Three bodies. One skeleton. One clock. Minted on Abstract.,2591.gif,Pumpkin,Classic,Wink,Cat Ears,Bowtie,None
2592,Shook'um #2592,A looping sheet ghost from Halloween Shook'ums. Three bodies. One skeleton. One clock. Minted on Abstract.,2592.gif,Blush,Void,Angry,Pumpkin,Chain,None
2593,Shook'um #2593,A looping sheet ghost from Halloween Shook'ums. Three bodies. One skeleton. One clock. Minted on Abstract.,2593.gif,Void,Classic,Normal,Crown,Pearls,Pumpkin
2594,Shook'um #2594,A looping sheet ghost from Halloween Shook'ums. Three bodies. One skeleton. One clock. Minted on Abstract.,2594.gif,Blush,Classic,Sleepy,Cat Ears,None,Broom
2595,Shook'um #2595,A looping sheet ghost from Halloween Shook'ums. Three bodies. One skeleton. One clock. Minted on Abstract.,2595.gif,Candy,Blush,Blep,Flower,None,Bat
2596,Shook'um #2596,A looping sheet ghost from Halloween Shook'ums. Three bodies. One skeleton. One clock. Minted on Abstract.,2596.gif,Midnight,Blush,Spooked,None,Collar,None
2597,Shook'um #2597,A looping sheet ghost from Halloween Shook'ums. Three bodies. One skeleton. One clock. Minted on Abstract.,2597.gif,Blush,Classic,Spooked,Party,Scarf,Candy
2598,Shook'um #2598,A looping sheet ghost from Halloween Shook'ums. Three bodies. One skeleton. One clock. Minted on Abstract.,2598.gif,Fog,Blush,Blep,Party,None,None
2599,Shook'um #2599,A looping sheet ghost from Halloween Shook'ums. Three bodies. One skeleton. One clock. Minted on Abstract.,2599.gif,Midnight,Classic,Sad,Bow,None,Bat
2600,Shook'um #2600,A looping sheet ghost from Halloween Shook'ums. Three bodies. One skeleton. One clock. Minted on Abstract.,2600.gif,Blood Moon,Classic,Wink,None,Scarf,Potion
2601,Shook'um #2601,A looping sheet ghost from Halloween Shook'ums. Three bodies. One skeleton. One clock. Minted on Abstract.,2601.gif,Pumpkin,Blush,Spooked,Flower,Scarf,Bat
2602,Shook'um #2602,A looping sheet ghost from Halloween Shook'ums. Three bodies. One skeleton. One clock. Minted on Abstract.,2602.gif,Blood Moon,Classic,Normal,Witch,Chain,Pumpkin
2603,Shook'um #2603,A looping sheet ghost from Halloween Shook'ums. Three bodies. One skeleton. One clock. Minted on Abstract.,2603.gif,Dusk,Void,Spooked,Witch,Chain,Candy Corn
2604,Shook'um #2604,A looping sheet ghost from Halloween Shook'ums. Three bodies. One skeleton. One clock. Minted on Abstract.,2604.gif,Candy,Blush,Normal,None,Bowtie,None
2605,Shook'um #2605,A looping sheet ghost from Halloween Shook'ums. Three bodies. One skeleton. One clock. Minted on Abstract.,2605.gif,Parchment,Classic,Sparkly,None,Scarf,Candy
2606,Shook'um #2606,A looping sheet ghost from Halloween Shook'ums. Three bodies. One skeleton. One clock. Minted on Abstract.,2606.gif,Parchment,Classic,Normal,Wizard,Scarf,Potion
2607,Shook'um #2607,A looping sheet ghost from Halloween Shook'ums. Three bodies. One skeleton. One clock. Minted on Abstract.,2607.gif,Graveyard,Classic,Sparkly,Wizard,Bowtie,Bat
2608,Shook'um #2608,A looping sheet ghost from Halloween Shook'ums. Three bodies. One skeleton. One clock. Minted on Abstract.,2608.gif,Pumpkin,Classic,Blep,Witch,Chain,None
2609,Shook'um #2609,A looping sheet ghost from Halloween Shook'ums. Three bodies. One skeleton. One clock. Minted on Abstract.,2609.gif,Midnight,Blush,Wink,Flower,None,Candy
2610,Shook'um #2610,A looping sheet ghost from Halloween Shook'ums. Three bodies. One skeleton. One clock. Minted on Abstract.,2610.gif,Blush,Blush,Sleepy,Cat Ears,Collar,Candy
2611,Shook'um #2611,A looping sheet ghost from Halloween Shook'ums. Three bodies. One skeleton. One clock. Minted on Abstract.,2611.gif,Midnight,Blush,Sad,Cat Ears,Bowtie,Moon
2612,Shook'um #2612,A looping sheet ghost from Halloween Shook'ums. Three bodies. One skeleton. One clock. Minted on Abstract.,2612.gif,Fog,Classic,Sleepy,Cat Ears,Chain,None
2613,Shook'um #2613,A looping sheet ghost from Halloween Shook'ums. Three bodies. One skeleton. One clock. Minted on Abstract.,2613.gif,Blush,Classic,Heart,None,None,Pumpkin
2614,Shook'um #2614,A looping sheet ghost from Halloween Shook'ums. Three bodies. One skeleton. One clock. Minted on Abstract.,2614.gif,Parchment,Classic,Wink,Flower,None,Moon
2615,Shook'um #2615,A looping sheet ghost from Halloween Shook'ums. Three bodies. One skeleton. One clock. Minted on Abstract.,2615.gif,Graveyard,Void,Sleepy,Witch,Scarf,Broom
2616,Shook'um #2616,A looping sheet ghost from Halloween Shook'ums. Three bodies. One skeleton. One clock. Minted on Abstract.,2616.gif,Blush,Blush,Starry,None,Collar,Candy
2617,Shook'um #2617,A looping sheet ghost from Halloween Shook'ums. Three bodies. One skeleton. One clock. Minted on Abstract.,2617.gif,Midnight,Classic,Wink,None,Cape,Potion
2618,Shook'um #2618,A looping sheet ghost from Halloween Shook'ums. Three bodies. One skeleton. One clock. Minted on Abstract.,2618.gif,Fog,Classic,Blep,Party,None,Broom
2619,Shook'um #2619,A looping sheet ghost from Halloween Shook'ums. Three bodies. One skeleton. One clock. Minted on Abstract.,2619.gif,Parchment,Classic,Normal,Cat Ears,Scarf,Moon
2620,Shook'um #2620,A looping sheet ghost from Halloween Shook'ums. Three bodies. One skeleton. One clock. Minted on Abstract.,2620.gif,Void,Classic,Spooked,None,None,Pumpkin
2621,Shook'um #2621,A looping sheet ghost from Halloween Shook'ums. Three bodies. One skeleton. One clock. Minted on Abstract.,2621.gif,Blood Moon,Classic,Normal,None,Chain,Candy
2622,Shook'um #2622,A looping sheet ghost from Halloween Shook'ums. Three bodies. One skeleton. One clock. Minted on Abstract.,2622.gif,Blush,Classic,Normal,Witch,None,None
2623,Shook'um #2623,A looping sheet ghost from Halloween Shook'ums. Three bodies. One skeleton. One clock. Minted on Abstract.,2623.gif,Fog,Void,Angry,None,Bowtie,Candy Corn
2624,Shook'um #2624,A looping sheet ghost from Halloween Shook'ums. Three bodies. One skeleton. One clock. Minted on Abstract.,2624.gif,Fog,Blush,Sparkly,Witch,Bowtie,Candy
2625,Shook'um #2625,A looping sheet ghost from Halloween Shook'ums. Three bodies. One skeleton. One clock. Minted on Abstract.,2625.gif,Graveyard,Classic,Wink,Witch,None,Candy
2626,Shook'um #2626,A looping sheet ghost from Halloween Shook'ums. Three bodies. One skeleton. One clock. Minted on Abstract.,2626.gif,Blush,Blush,Sad,None,None,Bat
2627,Shook'um #2627,A looping sheet ghost from Halloween Shook'ums. Three bodies. One skeleton. One clock. Minted on Abstract.,2627.gif,Candy,Classic,Wink,Bow,Chain,None
2628,Shook'um #2628,A looping sheet ghost from Halloween Shook'ums. Three bodies. One skeleton. One clock. Minted on Abstract.,2628.gif,Fog,Classic,Spooked,Halo,None,Candy Corn
2629,Shook'um #2629,A looping sheet ghost from Halloween Shook'ums. Three bodies. One skeleton. One clock. Minted on Abstract.,2629.gif,Blood Moon,Classic,Blep,Party,Chain,Broom
2630,Shook'um #2630,A looping sheet ghost from Halloween Shook'ums. Three bodies. One skeleton. One clock. Minted on Abstract.,2630.gif,Midnight,Classic,Wink,Pumpkin,None,Candy
2631,Shook'um #2631,A looping sheet ghost from Halloween Shook'ums. Three bodies. One skeleton. One clock. Minted on Abstract.,2631.gif,Candy,Blush,Blep,Wizard,None,Candy
2632,Shook'um #2632,A looping sheet ghost from Halloween Shook'ums. Three bodies. One skeleton. One clock. Minted on Abstract.,2632.gif,Pumpkin,Classic,Starry,Witch,None,Candy Corn
2633,Shook'um #2633,A looping sheet ghost from Halloween Shook'ums. Three bodies. One skeleton. One clock. Minted on Abstract.,2633.gif,Pumpkin,Classic,Normal,Pumpkin,Chain,Pumpkin
2634,Shook'um #2634,A looping sheet ghost from Halloween Shook'ums. Three bodies. One skeleton. One clock. Minted on Abstract.,2634.gif,Midnight,Classic,Starry,Witch,Pearls,Bat
2635,Shook'um #2635,A looping sheet ghost from Halloween Shook'ums. Three bodies. One skeleton. One clock. Minted on Abstract.,2635.gif,Blush,Blush,Sleepy,Halo,Collar,Bat
2636,Shook'um #2636,A looping sheet ghost from Halloween Shook'ums. Three bodies. One skeleton. One clock. Minted on Abstract.,2636.gif,Midnight,Blush,Spooked,None,Pearls,None
2637,Shook'um #2637,A looping sheet ghost from Halloween Shook'ums. Three bodies. One skeleton. One clock. Minted on Abstract.,2637.gif,Graveyard,Classic,Sad,None,Chain,None
2638,Shook'um #2638,A looping sheet ghost from Halloween Shook'ums. Three bodies. One skeleton. One clock. Minted on Abstract.,2638.gif,Blush,Blush,Wink,Pumpkin,Chain,Broom
2639,Shook'um #2639,A looping sheet ghost from Halloween Shook'ums. Three bodies. One skeleton. One clock. Minted on Abstract.,2639.gif,Fog,Blush,Sparkly,Cat Ears,Collar,None
2640,Shook'um #2640,A looping sheet ghost from Halloween Shook'ums. Three bodies. One skeleton. One clock. Minted on Abstract.,2640.gif,Candy,Blush,Normal,Halo,Pearls,Bat
2641,Shook'um #2641,A looping sheet ghost from Halloween Shook'ums. Three bodies. One skeleton. One clock. Minted on Abstract.,2641.gif,Midnight,Classic,Spooked,Witch,Scarf,Bat
2642,Shook'um #2642,A looping sheet ghost from Halloween Shook'ums. Three bodies. One skeleton. One clock. Minted on Abstract.,2642.gif,Pumpkin,Classic,Spooked,None,Pearls,Pumpkin
2643,Shook'um #2643,A looping sheet ghost from Halloween Shook'ums. Three bodies. One skeleton. One clock. Minted on Abstract.,2643.gif,Midnight,Classic,Sparkly,Cat Ears,None,Bat
2644,Shook'um #2644,A looping sheet ghost from Halloween Shook'ums. Three bodies. One skeleton. One clock. Minted on Abstract.,2644.gif,Pumpkin,Void,Sad,Bow,Cape,None
2645,Shook'um #2645,A looping sheet ghost from Halloween Shook'ums. Three bodies. One skeleton. One clock. Minted on Abstract.,2645.gif,Void,Classic,Heart,Bow,None,Pumpkin
2646,Shook'um #2646,A looping sheet ghost from Halloween Shook'ums. Three bodies. One skeleton. One clock. Minted on Abstract.,2646.gif,Dusk,Blush,Normal,Bow,Collar,Potion
2647,Shook'um #2647,A looping sheet ghost from Halloween Shook'ums. Three bodies. One skeleton. One clock. Minted on Abstract.,2647.gif,Blush,Void,Blep,Wizard,None,Pumpkin
2648,Shook'um #2648,A looping sheet ghost from Halloween Shook'ums. Three bodies. One skeleton. One clock. Minted on Abstract.,2648.gif,Pumpkin,Classic,Wink,Pumpkin,Pearls,Broom
2649,Shook'um #2649,A looping sheet ghost from Halloween Shook'ums. Three bodies. One skeleton. One clock. Minted on Abstract.,2649.gif,Pumpkin,Blush,Sparkly,Cat Ears,None,None
2650,Shook'um #2650,A looping sheet ghost from Halloween Shook'ums. Three bodies. One skeleton. One clock. Minted on Abstract.,2650.gif,Midnight,Blush,Sparkly,Cat Ears,None,Broom
2651,Shook'um #2651,A looping sheet ghost from Halloween Shook'ums. Three bodies. One skeleton. One clock. Minted on Abstract.,2651.gif,Parchment,Classic,Blep,None,None,None
2652,Shook'um #2652,A looping sheet ghost from Halloween Shook'ums. Three bodies. One skeleton. One clock. Minted on Abstract.,2652.gif,Pumpkin,Classic,Sad,Witch,Cape,None
2653,Shook'um #2653,A looping sheet ghost from Halloween Shook'ums. Three bodies. One skeleton. One clock. Minted on Abstract.,2653.gif,Midnight,Classic,Wink,Cat Ears,None,None
2654,Shook'um #2654,A looping sheet ghost from Halloween Shook'ums. Three bodies. One skeleton. One clock. Minted on Abstract.,2654.gif,Blush,Blush,Sleepy,Wizard,Bowtie,None
2655,Shook'um #2655,A looping sheet ghost from Halloween Shook'ums. Three bodies. One skeleton. One clock. Minted on Abstract.,2655.gif,Midnight,Classic,Sparkly,Party,None,Bat
2656,Shook'um #2656,A looping sheet ghost from Halloween Shook'ums. Three bodies. One skeleton. One clock. Minted on Abstract.,2656.gif,Pumpkin,Void,Normal,Bow,Scarf,Broom
2657,Shook'um #2657,A looping sheet ghost from Halloween Shook'ums. Three bodies. One skeleton. One clock. Minted on Abstract.,2657.gif,Blood Moon,Classic,Wink,None,Bowtie,None
2658,Shook'um #2658,A looping sheet ghost from Halloween Shook'ums. Three bodies. One skeleton. One clock. Minted on Abstract.,2658.gif,Fog,Blush,Sparkly,None,Chain,Bat
2659,Shook'um #2659,A looping sheet ghost from Halloween Shook'ums. Three bodies. One skeleton. One clock. Minted on Abstract.,2659.gif,Void,Classic,Wink,None,Pearls,Bat
2660,Shook'um #2660,A looping sheet ghost from Halloween Shook'ums. Three bodies. One skeleton. One clock. Minted on Abstract.,2660.gif,Candy,Classic,Normal,Halo,Cape,None
2661,Shook'um #2661,A looping sheet ghost from Halloween Shook'ums. Three bodies. One skeleton. One clock. Minted on Abstract.,2661.gif,Blush,Blush,Sad,Party,None,None
2662,Shook'um #2662,A looping sheet ghost from Halloween Shook'ums. Three bodies. One skeleton. One clock. Minted on Abstract.,2662.gif,Candy,Classic,Sleepy,Bow,Pearls,None
2663,Shook'um #2663,A looping sheet ghost from Halloween Shook'ums. Three bodies. One skeleton. One clock. Minted on Abstract.,2663.gif,Fog,Classic,Wink,Cat Ears,Chain,Candy
2664,Shook'um #2664,A looping sheet ghost from Halloween Shook'ums. Three bodies. One skeleton. One clock. Minted on Abstract.,2664.gif,Candy,Classic,Normal,Witch,Scarf,None
2665,Shook'um #2665,A looping sheet ghost from Halloween Shook'ums. Three bodies. One skeleton. One clock. Minted on Abstract.,2665.gif,Parchment,Void,Blep,Witch,None,Bat
2666,Shook'um #2666,A looping sheet ghost from Halloween Shook'ums. Three bodies. One skeleton. One clock. Minted on Abstract.,2666.gif,Blush,Classic,Spooked,Party,Pearls,None
2667,Shook'um #2667,A looping sheet ghost from Halloween Shook'ums. Three bodies. One skeleton. One clock. Minted on Abstract.,2667.gif,Void,Void,Angry,Pumpkin,None,None
2668,Shook'um #2668,A looping sheet ghost from Halloween Shook'ums. Three bodies. One skeleton. One clock. Minted on Abstract.,2668.gif,Blood Moon,Blush,Starry,Wizard,None,Bat
2669,Shook'um #2669,A looping sheet ghost from Halloween Shook'ums. Three bodies. One skeleton. One clock. Minted on Abstract.,2669.gif,Pumpkin,Blush,Spooked,Cat Ears,Pearls,Candy Corn
2670,Shook'um #2670,A looping sheet ghost from Halloween Shook'ums. Three bodies. One skeleton. One clock. Minted on Abstract.,2670.gif,Blood Moon,Void,Sparkly,Cat Ears,Bowtie,Pumpkin
2671,Shook'um #2671,A looping sheet ghost from Halloween Shook'ums. Three bodies. One skeleton. One clock. Minted on Abstract.,2671.gif,Pumpkin,Classic,Normal,None,Bowtie,None
2672,Shook'um #2672,A looping sheet ghost from Halloween Shook'ums. Three bodies. One skeleton. One clock. Minted on Abstract.,2672.gif,Parchment,Void,Wink,Witch,Cape,Pumpkin
2673,Shook'um #2673,A looping sheet ghost from Halloween Shook'ums. Three bodies. One skeleton. One clock. Minted on Abstract.,2673.gif,Candy,Classic,Sleepy,None,Collar,None
2674,Shook'um #2674,A looping sheet ghost from Halloween Shook'ums. Three bodies. One skeleton. One clock. Minted on Abstract.,2674.gif,Parchment,Classic,Sad,None,Chain,Broom
2675,Shook'um #2675,A looping sheet ghost from Halloween Shook'ums. Three bodies. One skeleton. One clock. Minted on Abstract.,2675.gif,Candy,Blush,Angry,None,Collar,Bat
2676,Shook'um #2676,A looping sheet ghost from Halloween Shook'ums. Three bodies. One skeleton. One clock. Minted on Abstract.,2676.gif,Blush,Blush,Normal,Wizard,None,Pumpkin
2677,Shook'um #2677,A looping sheet ghost from Halloween Shook'ums. Three bodies. One skeleton. One clock. Minted on Abstract.,2677.gif,Fog,Classic,Spooked,Witch,Chain,Broom
2678,Shook'um #2678,A looping sheet ghost from Halloween Shook'ums. Three bodies. One skeleton. One clock. Minted on Abstract.,2678.gif,Midnight,Classic,Angry,Cat Ears,Cape,Moon
2679,Shook'um #2679,A looping sheet ghost from Halloween Shook'ums. Three bodies. One skeleton. One clock. Minted on Abstract.,2679.gif,Blush,Classic,Normal,Witch,Collar,Potion
2680,Shook'um #2680,A looping sheet ghost from Halloween Shook'ums. Three bodies. One skeleton. One clock. Minted on Abstract.,2680.gif,Candy,Blush,Starry,Flower,Cape,Potion
2681,Shook'um #2681,A looping sheet ghost from Halloween Shook'ums. Three bodies. One skeleton. One clock. Minted on Abstract.,2681.gif,Pumpkin,Blush,Heart,None,Collar,None
2682,Shook'um #2682,A looping sheet ghost from Halloween Shook'ums. Three bodies. One skeleton. One clock. Minted on Abstract.,2682.gif,Blush,Classic,Sleepy,Cat Ears,Bowtie,None
2683,Shook'um #2683,A looping sheet ghost from Halloween Shook'ums. Three bodies. One skeleton. One clock. Minted on Abstract.,2683.gif,Midnight,Classic,Sleepy,Party,Cape,Candy
2684,Shook'um #2684,A looping sheet ghost from Halloween Shook'ums. Three bodies. One skeleton. One clock. Minted on Abstract.,2684.gif,Candy,Void,Sleepy,Pumpkin,Bowtie,None
2685,Shook'um #2685,A looping sheet ghost from Halloween Shook'ums. Three bodies. One skeleton. One clock. Minted on Abstract.,2685.gif,Candy,Void,Blep,Party,Bowtie,Pumpkin
2686,Shook'um #2686,A looping sheet ghost from Halloween Shook'ums. Three bodies. One skeleton. One clock. Minted on Abstract.,2686.gif,Parchment,Blush,Normal,Halo,Scarf,Potion
2687,Shook'um #2687,A looping sheet ghost from Halloween Shook'ums. Three bodies. One skeleton. One clock. Minted on Abstract.,2687.gif,Parchment,Void,Normal,Halo,Chain,None
2688,Shook'um #2688,A looping sheet ghost from Halloween Shook'ums. Three bodies. One skeleton. One clock. Minted on Abstract.,2688.gif,Midnight,Blush,Spooked,None,Bowtie,Candy
2689,Shook'um #2689,A looping sheet ghost from Halloween Shook'ums. Three bodies. One skeleton. One clock. Minted on Abstract.,2689.gif,Pumpkin,Void,Normal,Cat Ears,Chain,Candy Corn
2690,Shook'um #2690,A looping sheet ghost from Halloween Shook'ums. Three bodies. One skeleton. One clock. Minted on Abstract.,2690.gif,Fog,Classic,Sparkly,Halo,Scarf,Potion
2691,Shook'um #2691,A looping sheet ghost from Halloween Shook'ums. Three bodies. One skeleton. One clock. Minted on Abstract.,2691.gif,Graveyard,Void,Spooked,Cat Ears,Bowtie,Bat
2692,Shook'um #2692,A looping sheet ghost from Halloween Shook'ums. Three bodies. One skeleton. One clock. Minted on Abstract.,2692.gif,Graveyard,Void,Wink,None,Collar,None
2693,Shook'um #2693,A looping sheet ghost from Halloween Shook'ums. Three bodies. One skeleton. One clock. Minted on Abstract.,2693.gif,Graveyard,Classic,Normal,Flower,Chain,Candy
2694,Shook'um #2694,A looping sheet ghost from Halloween Shook'ums. Three bodies. One skeleton. One clock. Minted on Abstract.,2694.gif,Blood Moon,Void,Angry,Cat Ears,None,Pumpkin
2695,Shook'um #2695,A looping sheet ghost from Halloween Shook'ums. Three bodies. One skeleton. One clock. Minted on Abstract.,2695.gif,Pumpkin,Classic,Spooked,Crown,Scarf,Candy
2696,Shook'um #2696,A looping sheet ghost from Halloween Shook'ums. Three bodies. One skeleton. One clock. Minted on Abstract.,2696.gif,Parchment,Classic,Sparkly,Witch,None,Candy Corn
2697,Shook'um #2697,A looping sheet ghost from Halloween Shook'ums. Three bodies. One skeleton. One clock. Minted on Abstract.,2697.gif,Void,Blush,Spooked,Witch,None,Bat
2698,Shook'um #2698,A looping sheet ghost from Halloween Shook'ums. Three bodies. One skeleton. One clock. Minted on Abstract.,2698.gif,Fog,Classic,Angry,None,Cape,Potion
2699,Shook'um #2699,A looping sheet ghost from Halloween Shook'ums. Three bodies. One skeleton. One clock. Minted on Abstract.,2699.gif,Parchment,Classic,Sparkly,Pumpkin,Chain,None
2700,Shook'um #2700,A looping sheet ghost from Halloween Shook'ums. Three bodies. One skeleton. One clock. Minted on Abstract.,2700.gif,Midnight,Blush,Angry,None,Collar,Candy
2701,Shook'um #2701,A looping sheet ghost from Halloween Shook'ums. Three bodies. One skeleton. One clock. Minted on Abstract.,2701.gif,Graveyard,Classic,Spooked,Pumpkin,Scarf,Pumpkin
2702,Shook'um #2702,A looping sheet ghost from Halloween Shook'ums. Three bodies. One skeleton. One clock. Minted on Abstract.,2702.gif,Blush,Classic,Sleepy,None,Bowtie,Candy Corn
2703,Shook'um #2703,A looping sheet ghost from Halloween Shook'ums. Three bodies. One skeleton. One clock. Minted on Abstract.,2703.gif,Blush,Classic,Starry,Party,Bowtie,None
2704,Shook'um #2704,A looping sheet ghost from Halloween Shook'ums. Three bodies. One skeleton. One clock. Minted on Abstract.,2704.gif,Parchment,Classic,Starry,Bow,Chain,Broom
2705,Shook'um #2705,A looping sheet ghost from Halloween Shook'ums. Three bodies. One skeleton. One clock. Minted on Abstract.,2705.gif,Fog,Classic,Blep,Cat Ears,None,Potion
2706,Shook'um #2706,A looping sheet ghost from Halloween Shook'ums. Three bodies. One skeleton. One clock. Minted on Abstract.,2706.gif,Pumpkin,Classic,Sleepy,None,Pearls,None
2707,Shook'um #2707,A looping sheet ghost from Halloween Shook'ums. Three bodies. One skeleton. One clock. Minted on Abstract.,2707.gif,Blush,Classic,Blep,Cat Ears,None,Potion
2708,Shook'um #2708,A looping sheet ghost from Halloween Shook'ums. Three bodies. One skeleton. One clock. Minted on Abstract.,2708.gif,Pumpkin,Blush,Normal,Crown,Bowtie,None
2709,Shook'um #2709,A looping sheet ghost from Halloween Shook'ums. Three bodies. One skeleton. One clock. Minted on Abstract.,2709.gif,Blush,Classic,Spooked,Halo,None,None
2710,Shook'um #2710,A looping sheet ghost from Halloween Shook'ums. Three bodies. One skeleton. One clock. Minted on Abstract.,2710.gif,Candy,Void,Angry,Witch,Chain,None
2711,Shook'um #2711,A looping sheet ghost from Halloween Shook'ums. Three bodies. One skeleton. One clock. Minted on Abstract.,2711.gif,Pumpkin,Void,Sparkly,Party,Pearls,Bat
2712,Shook'um #2712,A looping sheet ghost from Halloween Shook'ums. Three bodies. One skeleton. One clock. Minted on Abstract.,2712.gif,Blush,Void,Sleepy,Pumpkin,Collar,None
2713,Shook'um #2713,A looping sheet ghost from Halloween Shook'ums. Three bodies. One skeleton. One clock. Minted on Abstract.,2713.gif,Graveyard,Classic,Angry,Crown,None,None
2714,Shook'um #2714,A looping sheet ghost from Halloween Shook'ums. Three bodies. One skeleton. One clock. Minted on Abstract.,2714.gif,Pumpkin,Blush,Normal,None,None,Moon
2715,Shook'um #2715,A looping sheet ghost from Halloween Shook'ums. Three bodies. One skeleton. One clock. Minted on Abstract.,2715.gif,Graveyard,Classic,Wink,Witch,Collar,Potion
2716,Shook'um #2716,A looping sheet ghost from Halloween Shook'ums. Three bodies. One skeleton. One clock. Minted on Abstract.,2716.gif,Dusk,Blush,Normal,None,Scarf,Candy Corn
2717,Shook'um #2717,A looping sheet ghost from Halloween Shook'ums. Three bodies. One skeleton. One clock. Minted on Abstract.,2717.gif,Blood Moon,Void,Angry,Bow,Scarf,Candy Corn
2718,Shook'um #2718,A looping sheet ghost from Halloween Shook'ums. Three bodies. One skeleton. One clock. Minted on Abstract.,2718.gif,Blood Moon,Blush,Normal,Party,None,None
2719,Shook'um #2719,A looping sheet ghost from Halloween Shook'ums. Three bodies. One skeleton. One clock. Minted on Abstract.,2719.gif,Fog,Void,Sleepy,Flower,Chain,Moon
2720,Shook'um #2720,A looping sheet ghost from Halloween Shook'ums. Three bodies. One skeleton. One clock. Minted on Abstract.,2720.gif,Blush,Classic,Blep,Pumpkin,Collar,None
2721,Shook'um #2721,A looping sheet ghost from Halloween Shook'ums. Three bodies. One skeleton. One clock. Minted on Abstract.,2721.gif,Pumpkin,Classic,Sparkly,None,Pearls,Candy
2722,Shook'um #2722,A looping sheet ghost from Halloween Shook'ums. Three bodies. One skeleton. One clock. Minted on Abstract.,2722.gif,Blush,Blush,Wink,Cat Ears,None,Pumpkin
2723,Shook'um #2723,A looping sheet ghost from Halloween Shook'ums. Three bodies. One skeleton. One clock. Minted on Abstract.,2723.gif,Candy,Classic,Spooked,Flower,None,None
2724,Shook'um #2724,A looping sheet ghost from Halloween Shook'ums. Three bodies. One skeleton. One clock. Minted on Abstract.,2724.gif,Fog,Blush,Spooked,None,None,None
2725,Shook'um #2725,A looping sheet ghost from Halloween Shook'ums. Three bodies. One skeleton. One clock. Minted on Abstract.,2725.gif,Midnight,Classic,Wink,None,None,None
2726,Shook'um #2726,A looping sheet ghost from Halloween Shook'ums. Three bodies. One skeleton. One clock. Minted on Abstract.,2726.gif,Midnight,Blush,Angry,Crown,Chain,Bat
2727,Shook'um #2727,A looping sheet ghost from Halloween Shook'ums. Three bodies. One skeleton. One clock. Minted on Abstract.,2727.gif,Blood Moon,Classic,Angry,Pumpkin,None,Broom
2728,Shook'um #2728,A looping sheet ghost from Halloween Shook'ums. Three bodies. One skeleton. One clock. Minted on Abstract.,2728.gif,Candy,Blush,Angry,Wizard,Pearls,Pumpkin
2729,Shook'um #2729,A looping sheet ghost from Halloween Shook'ums. Three bodies. One skeleton. One clock. Minted on Abstract.,2729.gif,Fog,Classic,Normal,Witch,Scarf,Pumpkin
2730,Shook'um #2730,A looping sheet ghost from Halloween Shook'ums. Three bodies. One skeleton. One clock. Minted on Abstract.,2730.gif,Fog,Classic,Spooked,Bow,Scarf,Pumpkin
2731,Shook'um #2731,A looping sheet ghost from Halloween Shook'ums. Three bodies. One skeleton. One clock. Minted on Abstract.,2731.gif,Fog,Blush,Starry,None,Pearls,Candy
2732,Shook'um #2732,A looping sheet ghost from Halloween Shook'ums. Three bodies. One skeleton. One clock. Minted on Abstract.,2732.gif,Dusk,Blush,Blep,Halo,Scarf,None
2733,Shook'um #2733,A looping sheet ghost from Halloween Shook'ums. Three bodies. One skeleton. One clock. Minted on Abstract.,2733.gif,Blush,Classic,Blep,None,Bowtie,Bat
2734,Shook'um #2734,A looping sheet ghost from Halloween Shook'ums. Three bodies. One skeleton. One clock. Minted on Abstract.,2734.gif,Blush,Classic,Blep,Witch,None,Moon
2735,Shook'um #2735,A looping sheet ghost from Halloween Shook'ums. Three bodies. One skeleton. One clock. Minted on Abstract.,2735.gif,Graveyard,Blush,Blep,Party,Collar,Candy Corn
2736,Shook'um #2736,A looping sheet ghost from Halloween Shook'ums. Three bodies. One skeleton. One clock. Minted on Abstract.,2736.gif,Parchment,Classic,Wink,None,Chain,Bat
2737,Shook'um #2737,A looping sheet ghost from Halloween Shook'ums. Three bodies. One skeleton. One clock. Minted on Abstract.,2737.gif,Dusk,Blush,Blep,Flower,Bowtie,None
2738,Shook'um #2738,A looping sheet ghost from Halloween Shook'ums. Three bodies. One skeleton. One clock. Minted on Abstract.,2738.gif,Blush,Blush,Heart,None,Scarf,Candy
2739,Shook'um #2739,A looping sheet ghost from Halloween Shook'ums. Three bodies. One skeleton. One clock. Minted on Abstract.,2739.gif,Midnight,Classic,Wink,Bow,None,None
2740,Shook'um #2740,A looping sheet ghost from Halloween Shook'ums. Three bodies. One skeleton. One clock. Minted on Abstract.,2740.gif,Pumpkin,Classic,Sad,None,Scarf,None
2741,Shook'um #2741,A looping sheet ghost from Halloween Shook'ums. Three bodies. One skeleton. One clock. Minted on Abstract.,2741.gif,Blush,Blush,Spooked,Pumpkin,Collar,None
2742,Shook'um #2742,A looping sheet ghost from Halloween Shook'ums. Three bodies. One skeleton. One clock. Minted on Abstract.,2742.gif,Blood Moon,Blush,Blep,Party,None,None
2743,Shook'um #2743,A looping sheet ghost from Halloween Shook'ums. Three bodies. One skeleton. One clock. Minted on Abstract.,2743.gif,Void,Void,Normal,Pumpkin,None,Pumpkin
2744,Shook'um #2744,A looping sheet ghost from Halloween Shook'ums. Three bodies. One skeleton. One clock. Minted on Abstract.,2744.gif,Parchment,Blush,Heart,Flower,Scarf,None
2745,Shook'um #2745,A looping sheet ghost from Halloween Shook'ums. Three bodies. One skeleton. One clock. Minted on Abstract.,2745.gif,Fog,Classic,Sparkly,None,Chain,None
2746,Shook'um #2746,A looping sheet ghost from Halloween Shook'ums. Three bodies. One skeleton. One clock. Minted on Abstract.,2746.gif,Blood Moon,Blush,Wink,Witch,Chain,Pumpkin
2747,Shook'um #2747,A looping sheet ghost from Halloween Shook'ums. Three bodies. One skeleton. One clock. Minted on Abstract.,2747.gif,Fog,Blush,Blep,None,Bowtie,None
2748,Shook'um #2748,A looping sheet ghost from Halloween Shook'ums. Three bodies. One skeleton. One clock. Minted on Abstract.,2748.gif,Fog,Classic,Angry,None,Scarf,Candy
2749,Shook'um #2749,A looping sheet ghost from Halloween Shook'ums. Three bodies. One skeleton. One clock. Minted on Abstract.,2749.gif,Void,Blush,Sleepy,Cat Ears,Pearls,None
2750,Shook'um #2750,A looping sheet ghost from Halloween Shook'ums. Three bodies. One skeleton. One clock. Minted on Abstract.,2750.gif,Blood Moon,Blush,Normal,Witch,None,Pumpkin
2751,Shook'um #2751,A looping sheet ghost from Halloween Shook'ums. Three bodies. One skeleton. One clock. Minted on Abstract.,2751.gif,Candy,Classic,Sparkly,Wizard,Collar,Candy Corn
2752,Shook'um #2752,A looping sheet ghost from Halloween Shook'ums. Three bodies. One skeleton. One clock. Minted on Abstract.,2752.gif,Parchment,Blush,Sleepy,Crown,Scarf,Broom
2753,Shook'um #2753,A looping sheet ghost from Halloween Shook'ums. Three bodies. One skeleton. One clock. Minted on Abstract.,2753.gif,Fog,Void,Sparkly,None,Chain,Candy Corn
2754,Shook'um #2754,A looping sheet ghost from Halloween Shook'ums. Three bodies. One skeleton. One clock. Minted on Abstract.,2754.gif,Blush,Classic,Normal,None,None,Pumpkin
2755,Shook'um #2755,A looping sheet ghost from Halloween Shook'ums. Three bodies. One skeleton. One clock. Minted on Abstract.,2755.gif,Midnight,Void,Angry,Flower,None,None
2756,Shook'um #2756,A looping sheet ghost from Halloween Shook'ums. Three bodies. One skeleton. One clock. Minted on Abstract.,2756.gif,Candy,Classic,Angry,None,None,Broom
2757,Shook'um #2757,A looping sheet ghost from Halloween Shook'ums. Three bodies. One skeleton. One clock. Minted on Abstract.,2757.gif,Blush,Void,Blep,Crown,None,Candy
2758,Shook'um #2758,A looping sheet ghost from Halloween Shook'ums. Three bodies. One skeleton. One clock. Minted on Abstract.,2758.gif,Blush,Classic,Sleepy,Wizard,Chain,None
2759,Shook'um #2759,A looping sheet ghost from Halloween Shook'ums. Three bodies. One skeleton. One clock. Minted on Abstract.,2759.gif,Parchment,Blush,Sad,Wizard,Bowtie,Candy
2760,Shook'um #2760,A looping sheet ghost from Halloween Shook'ums. Three bodies. One skeleton. One clock. Minted on Abstract.,2760.gif,Blush,Void,Heart,Cat Ears,Collar,Broom
2761,Shook'um #2761,A looping sheet ghost from Halloween Shook'ums. Three bodies. One skeleton. One clock. Minted on Abstract.,2761.gif,Candy,Blush,Blep,Pumpkin,None,None
2762,Shook'um #2762,A looping sheet ghost from Halloween Shook'ums. Three bodies. One skeleton. One clock. Minted on Abstract.,2762.gif,Midnight,Blush,Starry,Wizard,None,Candy
2763,Shook'um #2763,A looping sheet ghost from Halloween Shook'ums. Three bodies. One skeleton. One clock. Minted on Abstract.,2763.gif,Parchment,Void,Starry,Party,Chain,None
2764,Shook'um #2764,A looping sheet ghost from Halloween Shook'ums. Three bodies. One skeleton. One clock. Minted on Abstract.,2764.gif,Pumpkin,Void,Normal,Party,Pearls,Broom
2765,Shook'um #2765,A looping sheet ghost from Halloween Shook'ums. Three bodies. One skeleton. One clock. Minted on Abstract.,2765.gif,Blood Moon,Blush,Heart,Party,Pearls,Candy Corn
2766,Shook'um #2766,A looping sheet ghost from Halloween Shook'ums. Three bodies. One skeleton. One clock. Minted on Abstract.,2766.gif,Candy,Classic,Normal,Pumpkin,None,Broom
2767,Shook'um #2767,A looping sheet ghost from Halloween Shook'ums. Three bodies. One skeleton. One clock. Minted on Abstract.,2767.gif,Pumpkin,Void,Wink,Flower,Scarf,Candy
2768,Shook'um #2768,A looping sheet ghost from Halloween Shook'ums. Three bodies. One skeleton. One clock. Minted on Abstract.,2768.gif,Graveyard,Blush,Wink,Wizard,None,Bat
2769,Shook'um #2769,A looping sheet ghost from Halloween Shook'ums. Three bodies. One skeleton. One clock. Minted on Abstract.,2769.gif,Parchment,Blush,Spooked,Witch,None,Candy Corn
2770,Shook'um #2770,A looping sheet ghost from Halloween Shook'ums. Three bodies. One skeleton. One clock. Minted on Abstract.,2770.gif,Midnight,Blush,Sleepy,Crown,Chain,None
2771,Shook'um #2771,A looping sheet ghost from Halloween Shook'ums. Three bodies. One skeleton. One clock. Minted on Abstract.,2771.gif,Pumpkin,Void,Normal,Pumpkin,Bowtie,Candy
2772,Shook'um #2772,A looping sheet ghost from Halloween Shook'ums. Three bodies. One skeleton. One clock. Minted on Abstract.,2772.gif,Blood Moon,Blush,Normal,None,None,Pumpkin
2773,Shook'um #2773,A looping sheet ghost from Halloween Shook'ums. Three bodies. One skeleton. One clock. Minted on Abstract.,2773.gif,Candy,Classic,Normal,Bow,Chain,None
2774,Shook'um #2774,A looping sheet ghost from Halloween Shook'ums. Three bodies. One skeleton. One clock. Minted on Abstract.,2774.gif,Parchment,Classic,Normal,None,Chain,Pumpkin
2775,Shook'um #2775,A looping sheet ghost from Halloween Shook'ums. Three bodies. One skeleton. One clock. Minted on Abstract.,2775.gif,Parchment,Blush,Normal,Bow,None,Moon
2776,Shook'um #2776,A looping sheet ghost from Halloween Shook'ums. Three bodies. One skeleton. One clock. Minted on Abstract.,2776.gif,Candy,Blush,Sleepy,None,Collar,None
2777,Shook'um #2777,A looping sheet ghost from Halloween Shook'ums. Three bodies. One skeleton. One clock. Minted on Abstract.,2777.gif,Dusk,Classic,Spooked,Crown,None,Candy
2778,Shook'um #2778,A looping sheet ghost from Halloween Shook'ums. Three bodies. One skeleton. One clock. Minted on Abstract.,2778.gif,Dusk,Classic,Starry,None,Bowtie,Candy
2779,Shook'um #2779,A looping sheet ghost from Halloween Shook'ums. Three bodies. One skeleton. One clock. Minted on Abstract.,2779.gif,Dusk,Classic,Normal,Crown,Chain,None
2780,Shook'um #2780,A looping sheet ghost from Halloween Shook'ums. Three bodies. One skeleton. One clock. Minted on Abstract.,2780.gif,Graveyard,Classic,Sleepy,Pumpkin,Chain,None
2781,Shook'um #2781,A looping sheet ghost from Halloween Shook'ums. Three bodies. One skeleton. One clock. Minted on Abstract.,2781.gif,Candy,Void,Spooked,None,None,None
2782,Shook'um #2782,A looping sheet ghost from Halloween Shook'ums. Three bodies. One skeleton. One clock. Minted on Abstract.,2782.gif,Parchment,Void,Heart,None,Collar,Bat
2783,Shook'um #2783,A looping sheet ghost from Halloween Shook'ums. Three bodies. One skeleton. One clock. Minted on Abstract.,2783.gif,Midnight,Blush,Wink,Bow,Bowtie,None
2784,Shook'um #2784,A looping sheet ghost from Halloween Shook'ums. Three bodies. One skeleton. One clock. Minted on Abstract.,2784.gif,Parchment,Void,Normal,None,None,Bat
2785,Shook'um #2785,A looping sheet ghost from Halloween Shook'ums. Three bodies. One skeleton. One clock. Minted on Abstract.,2785.gif,Dusk,Classic,Blep,Party,None,None
2786,Shook'um #2786,A looping sheet ghost from Halloween Shook'ums. Three bodies. One skeleton. One clock. Minted on Abstract.,2786.gif,Midnight,Classic,Wink,Flower,Scarf,None
2787,Shook'um #2787,A looping sheet ghost from Halloween Shook'ums. Three bodies. One skeleton. One clock. Minted on Abstract.,2787.gif,Parchment,Classic,Spooked,None,Pearls,Candy
2788,Shook'um #2788,A looping sheet ghost from Halloween Shook'ums. Three bodies. One skeleton. One clock. Minted on Abstract.,2788.gif,Blush,Classic,Sleepy,Cat Ears,Collar,Candy
2789,Shook'um #2789,A looping sheet ghost from Halloween Shook'ums. Three bodies. One skeleton. One clock. Minted on Abstract.,2789.gif,Midnight,Classic,Normal,Cat Ears,None,Broom
2790,Shook'um #2790,A looping sheet ghost from Halloween Shook'ums. Three bodies. One skeleton. One clock. Minted on Abstract.,2790.gif,Parchment,Blush,Normal,Party,Pearls,Broom
2791,Shook'um #2791,A looping sheet ghost from Halloween Shook'ums. Three bodies. One skeleton. One clock. Minted on Abstract.,2791.gif,Candy,Classic,Sad,None,Chain,Moon
2792,Shook'um #2792,A looping sheet ghost from Halloween Shook'ums. Three bodies. One skeleton. One clock. Minted on Abstract.,2792.gif,Fog,Blush,Spooked,None,Chain,None
2793,Shook'um #2793,A looping sheet ghost from Halloween Shook'ums. Three bodies. One skeleton. One clock. Minted on Abstract.,2793.gif,Candy,Blush,Blep,None,Chain,Candy Corn
2794,Shook'um #2794,A looping sheet ghost from Halloween Shook'ums. Three bodies. One skeleton. One clock. Minted on Abstract.,2794.gif,Parchment,Blush,Sleepy,Bow,None,Candy Corn
2795,Shook'um #2795,A looping sheet ghost from Halloween Shook'ums. Three bodies. One skeleton. One clock. Minted on Abstract.,2795.gif,Midnight,Blush,Blep,None,None,Broom
2796,Shook'um #2796,A looping sheet ghost from Halloween Shook'ums. Three bodies. One skeleton. One clock. Minted on Abstract.,2796.gif,Blood Moon,Void,Wink,Pumpkin,None,Candy
2797,Shook'um #2797,A looping sheet ghost from Halloween Shook'ums. Three bodies. One skeleton. One clock. Minted on Abstract.,2797.gif,Candy,Blush,Blep,Pumpkin,Collar,Broom
2798,Shook'um #2798,A looping sheet ghost from Halloween Shook'ums. Three bodies. One skeleton. One clock. Minted on Abstract.,2798.gif,Blush,Blush,Wink,Party,None,Pumpkin
2799,Shook'um #2799,A looping sheet ghost from Halloween Shook'ums. Three bodies. One skeleton. One clock. Minted on Abstract.,2799.gif,Pumpkin,Blush,Spooked,Pumpkin,None,Moon
2800,Shook'um #2800,A looping sheet ghost from Halloween Shook'ums. Three bodies. One skeleton. One clock. Minted on Abstract.,2800.gif,Midnight,Blush,Normal,Cat Ears,None,Broom
2801,Shook'um #2801,A looping sheet ghost from Halloween Shook'ums. Three bodies. One skeleton. One clock. Minted on Abstract.,2801.gif,Blood Moon,Classic,Normal,None,Collar,Candy Corn
2802,Shook'um #2802,A looping sheet ghost from Halloween Shook'ums. Three bodies. One skeleton. One clock. Minted on Abstract.,2802.gif,Graveyard,Blush,Spooked,Witch,None,Moon
2803,Shook'um #2803,A looping sheet ghost from Halloween Shook'ums. Three bodies. One skeleton. One clock. Minted on Abstract.,2803.gif,Parchment,Classic,Starry,Bow,Cape,Candy Corn
2804,Shook'um #2804,A looping sheet ghost from Halloween Shook'ums. Three bodies. One skeleton. One clock. Minted on Abstract.,2804.gif,Blush,Classic,Blep,Pumpkin,Pearls,None
2805,Shook'um #2805,A looping sheet ghost from Halloween Shook'ums. Three bodies. One skeleton. One clock. Minted on Abstract.,2805.gif,Pumpkin,Classic,Spooked,Pumpkin,Bowtie,Candy
2806,Shook'um #2806,A looping sheet ghost from Halloween Shook'ums. Three bodies. One skeleton. One clock. Minted on Abstract.,2806.gif,Parchment,Void,Wink,Bow,Scarf,None
2807,Shook'um #2807,A looping sheet ghost from Halloween Shook'ums. Three bodies. One skeleton. One clock. Minted on Abstract.,2807.gif,Pumpkin,Void,Angry,Pumpkin,None,Candy
2808,Shook'um #2808,A looping sheet ghost from Halloween Shook'ums. Three bodies. One skeleton. One clock. Minted on Abstract.,2808.gif,Fog,Blush,Normal,Witch,None,None
2809,Shook'um #2809,A looping sheet ghost from Halloween Shook'ums. Three bodies. One skeleton. One clock. Minted on Abstract.,2809.gif,Candy,Classic,Sleepy,Flower,None,Candy
2810,Shook'um #2810,A looping sheet ghost from Halloween Shook'ums. Three bodies. One skeleton. One clock. Minted on Abstract.,2810.gif,Blood Moon,Classic,Angry,None,None,None
2811,Shook'um #2811,A looping sheet ghost from Halloween Shook'ums. Three bodies. One skeleton. One clock. Minted on Abstract.,2811.gif,Void,Blush,Sleepy,None,Chain,Candy Corn
2812,Shook'um #2812,A looping sheet ghost from Halloween Shook'ums. Three bodies. One skeleton. One clock. Minted on Abstract.,2812.gif,Pumpkin,Classic,Normal,Cat Ears,Cape,Broom
2813,Shook'um #2813,A looping sheet ghost from Halloween Shook'ums. Three bodies. One skeleton. One clock. Minted on Abstract.,2813.gif,Dusk,Classic,Spooked,Halo,Bowtie,None
2814,Shook'um #2814,A looping sheet ghost from Halloween Shook'ums. Three bodies. One skeleton. One clock. Minted on Abstract.,2814.gif,Midnight,Blush,Sparkly,Halo,Bowtie,None
2815,Shook'um #2815,A looping sheet ghost from Halloween Shook'ums. Three bodies. One skeleton. One clock. Minted on Abstract.,2815.gif,Blush,Void,Heart,Bow,Collar,None
2816,Shook'um #2816,A looping sheet ghost from Halloween Shook'ums. Three bodies. One skeleton. One clock. Minted on Abstract.,2816.gif,Candy,Classic,Normal,Witch,None,None
2817,Shook'um #2817,A looping sheet ghost from Halloween Shook'ums. Three bodies. One skeleton. One clock. Minted on Abstract.,2817.gif,Fog,Blush,Normal,Flower,Collar,Pumpkin
2818,Shook'um #2818,A looping sheet ghost from Halloween Shook'ums. Three bodies. One skeleton. One clock. Minted on Abstract.,2818.gif,Midnight,Blush,Blep,None,None,None
2819,Shook'um #2819,A looping sheet ghost from Halloween Shook'ums. Three bodies. One skeleton. One clock. Minted on Abstract.,2819.gif,Graveyard,Classic,Wink,None,Bowtie,None
2820,Shook'um #2820,A looping sheet ghost from Halloween Shook'ums. Three bodies. One skeleton. One clock. Minted on Abstract.,2820.gif,Parchment,Blush,Wink,None,None,Candy
2821,Shook'um #2821,A looping sheet ghost from Halloween Shook'ums. Three bodies. One skeleton. One clock. Minted on Abstract.,2821.gif,Dusk,Blush,Angry,Bow,Scarf,Broom
2822,Shook'um #2822,A looping sheet ghost from Halloween Shook'ums. Three bodies. One skeleton. One clock. Minted on Abstract.,2822.gif,Pumpkin,Classic,Wink,None,Chain,None
2823,Shook'um #2823,A looping sheet ghost from Halloween Shook'ums. Three bodies. One skeleton. One clock. Minted on Abstract.,2823.gif,Graveyard,Classic,Sparkly,Halo,None,None
2824,Shook'um #2824,A looping sheet ghost from Halloween Shook'ums. Three bodies. One skeleton. One clock. Minted on Abstract.,2824.gif,Midnight,Void,Blep,Halo,Chain,Candy
2825,Shook'um #2825,A looping sheet ghost from Halloween Shook'ums. Three bodies. One skeleton. One clock. Minted on Abstract.,2825.gif,Parchment,Classic,Wink,None,Pearls,None
2826,Shook'um #2826,A looping sheet ghost from Halloween Shook'ums. Three bodies. One skeleton. One clock. Minted on Abstract.,2826.gif,Blush,Classic,Spooked,Pumpkin,Scarf,None
2827,Shook'um #2827,A looping sheet ghost from Halloween Shook'ums. Three bodies. One skeleton. One clock. Minted on Abstract.,2827.gif,Blush,Void,Normal,Witch,None,Pumpkin
2828,Shook'um #2828,A looping sheet ghost from Halloween Shook'ums. Three bodies. One skeleton. One clock. Minted on Abstract.,2828.gif,Blush,Classic,Heart,Party,Pearls,Candy Corn
2829,Shook'um #2829,A looping sheet ghost from Halloween Shook'ums. Three bodies. One skeleton. One clock. Minted on Abstract.,2829.gif,Midnight,Blush,Spooked,Pumpkin,Collar,None
2830,Shook'um #2830,A looping sheet ghost from Halloween Shook'ums. Three bodies. One skeleton. One clock. Minted on Abstract.,2830.gif,Midnight,Classic,Spooked,None,Collar,Candy
2831,Shook'um #2831,A looping sheet ghost from Halloween Shook'ums. Three bodies. One skeleton. One clock. Minted on Abstract.,2831.gif,Candy,Void,Sparkly,Wizard,Cape,Pumpkin
2832,Shook'um #2832,A looping sheet ghost from Halloween Shook'ums. Three bodies. One skeleton. One clock. Minted on Abstract.,2832.gif,Midnight,Classic,Angry,None,Bowtie,None
2833,Shook'um #2833,A looping sheet ghost from Halloween Shook'ums. Three bodies. One skeleton. One clock. Minted on Abstract.,2833.gif,Graveyard,Classic,Sleepy,None,Bowtie,Pumpkin
2834,Shook'um #2834,A looping sheet ghost from Halloween Shook'ums. Three bodies. One skeleton. One clock. Minted on Abstract.,2834.gif,Dusk,Classic,Sad,Bow,Scarf,Bat
2835,Shook'um #2835,A looping sheet ghost from Halloween Shook'ums. Three bodies. One skeleton. One clock. Minted on Abstract.,2835.gif,Pumpkin,Classic,Sad,Pumpkin,Chain,None
2836,Shook'um #2836,A looping sheet ghost from Halloween Shook'ums. Three bodies. One skeleton. One clock. Minted on Abstract.,2836.gif,Pumpkin,Void,Sleepy,None,Pearls,None
2837,Shook'um #2837,A looping sheet ghost from Halloween Shook'ums. Three bodies. One skeleton. One clock. Minted on Abstract.,2837.gif,Blood Moon,Void,Angry,Crown,Bowtie,Broom
2838,Shook'um #2838,A looping sheet ghost from Halloween Shook'ums. Three bodies. One skeleton. One clock. Minted on Abstract.,2838.gif,Blood Moon,Void,Normal,None,Bowtie,None
2839,Shook'um #2839,A looping sheet ghost from Halloween Shook'ums. Three bodies. One skeleton. One clock. Minted on Abstract.,2839.gif,Candy,Classic,Spooked,Bow,Chain,Pumpkin
2840,Shook'um #2840,A looping sheet ghost from Halloween Shook'ums. Three bodies. One skeleton. One clock. Minted on Abstract.,2840.gif,Candy,Classic,Sad,Wizard,None,None
2841,Shook'um #2841,A looping sheet ghost from Halloween Shook'ums. Three bodies. One skeleton. One clock. Minted on Abstract.,2841.gif,Dusk,Classic,Wink,Witch,Bowtie,Potion
2842,Shook'um #2842,A looping sheet ghost from Halloween Shook'ums. Three bodies. One skeleton. One clock. Minted on Abstract.,2842.gif,Fog,Classic,Sad,Pumpkin,Collar,Candy Corn
2843,Shook'um #2843,A looping sheet ghost from Halloween Shook'ums. Three bodies. One skeleton. One clock. Minted on Abstract.,2843.gif,Pumpkin,Blush,Normal,Cat Ears,Scarf,Candy
2844,Shook'um #2844,A looping sheet ghost from Halloween Shook'ums. Three bodies. One skeleton. One clock. Minted on Abstract.,2844.gif,Parchment,Classic,Starry,Witch,Scarf,None
2845,Shook'um #2845,A looping sheet ghost from Halloween Shook'ums. Three bodies. One skeleton. One clock. Minted on Abstract.,2845.gif,Parchment,Void,Sad,None,None,Potion
2846,Shook'um #2846,A looping sheet ghost from Halloween Shook'ums. Three bodies. One skeleton. One clock. Minted on Abstract.,2846.gif,Blush,Classic,Spooked,Witch,Chain,Bat
2847,Shook'um #2847,A looping sheet ghost from Halloween Shook'ums. Three bodies. One skeleton. One clock. Minted on Abstract.,2847.gif,Graveyard,Classic,Blep,Bow,Bowtie,Broom
2848,Shook'um #2848,A looping sheet ghost from Halloween Shook'ums. Three bodies. One skeleton. One clock. Minted on Abstract.,2848.gif,Dusk,Classic,Angry,Pumpkin,None,Candy Corn
2849,Shook'um #2849,A looping sheet ghost from Halloween Shook'ums. Three bodies. One skeleton. One clock. Minted on Abstract.,2849.gif,Midnight,Classic,Blep,Halo,Bowtie,Bat
2850,Shook'um #2850,A looping sheet ghost from Halloween Shook'ums. Three bodies. One skeleton. One clock. Minted on Abstract.,2850.gif,Void,Blush,Normal,Pumpkin,Chain,Broom
2851,Shook'um #2851,A looping sheet ghost from Halloween Shook'ums. Three bodies. One skeleton. One clock. Minted on Abstract.,2851.gif,Pumpkin,Classic,Angry,Crown,Chain,Candy Corn
2852,Shook'um #2852,A looping sheet ghost from Halloween Shook'ums. Three bodies. One skeleton. One clock. Minted on Abstract.,2852.gif,Parchment,Classic,Normal,Witch,Pearls,None
2853,Shook'um #2853,A looping sheet ghost from Halloween Shook'ums. Three bodies. One skeleton. One clock. Minted on Abstract.,2853.gif,Pumpkin,Void,Spooked,None,None,Bat
2854,Shook'um #2854,A looping sheet ghost from Halloween Shook'ums. Three bodies. One skeleton. One clock. Minted on Abstract.,2854.gif,Midnight,Blush,Blep,Bow,Pearls,Candy Corn
2855,Shook'um #2855,A looping sheet ghost from Halloween Shook'ums. Three bodies. One skeleton. One clock. Minted on Abstract.,2855.gif,Pumpkin,Classic,Normal,Pumpkin,Chain,Candy
2856,Shook'um #2856,A looping sheet ghost from Halloween Shook'ums. Three bodies. One skeleton. One clock. Minted on Abstract.,2856.gif,Fog,Classic,Spooked,None,Chain,Bat
2857,Shook'um #2857,A looping sheet ghost from Halloween Shook'ums. Three bodies. One skeleton. One clock. Minted on Abstract.,2857.gif,Dusk,Blush,Wink,Wizard,Scarf,Pumpkin
2858,Shook'um #2858,A looping sheet ghost from Halloween Shook'ums. Three bodies. One skeleton. One clock. Minted on Abstract.,2858.gif,Candy,Classic,Angry,Flower,Scarf,None
2859,Shook'um #2859,A looping sheet ghost from Halloween Shook'ums. Three bodies. One skeleton. One clock. Minted on Abstract.,2859.gif,Blush,Classic,Blep,None,Cape,Candy
2860,Shook'um #2860,A looping sheet ghost from Halloween Shook'ums. Three bodies. One skeleton. One clock. Minted on Abstract.,2860.gif,Fog,Classic,Normal,Wizard,Collar,Candy
2861,Shook'um #2861,A looping sheet ghost from Halloween Shook'ums. Three bodies. One skeleton. One clock. Minted on Abstract.,2861.gif,Pumpkin,Classic,Sad,Pumpkin,None,Candy Corn
2862,Shook'um #2862,A looping sheet ghost from Halloween Shook'ums. Three bodies. One skeleton. One clock. Minted on Abstract.,2862.gif,Dusk,Classic,Spooked,Wizard,None,Candy Corn
2863,Shook'um #2863,A looping sheet ghost from Halloween Shook'ums. Three bodies. One skeleton. One clock. Minted on Abstract.,2863.gif,Graveyard,Blush,Sleepy,Bow,None,None
2864,Shook'um #2864,A looping sheet ghost from Halloween Shook'ums. Three bodies. One skeleton. One clock. Minted on Abstract.,2864.gif,Pumpkin,Classic,Blep,Cat Ears,Scarf,Broom
2865,Shook'um #2865,A looping sheet ghost from Halloween Shook'ums. Three bodies. One skeleton. One clock. Minted on Abstract.,2865.gif,Blood Moon,Classic,Sleepy,Pumpkin,None,Bat
2866,Shook'um #2866,A looping sheet ghost from Halloween Shook'ums. Three bodies. One skeleton. One clock. Minted on Abstract.,2866.gif,Dusk,Void,Normal,Bow,Cape,None
2867,Shook'um #2867,A looping sheet ghost from Halloween Shook'ums. Three bodies. One skeleton. One clock. Minted on Abstract.,2867.gif,Midnight,Classic,Wink,Cat Ears,Pearls,Candy
2868,Shook'um #2868,A looping sheet ghost from Halloween Shook'ums. Three bodies. One skeleton. One clock. Minted on Abstract.,2868.gif,Parchment,Blush,Sparkly,Witch,None,Broom
2869,Shook'um #2869,A looping sheet ghost from Halloween Shook'ums. Three bodies. One skeleton. One clock. Minted on Abstract.,2869.gif,Blush,Classic,Blep,Halo,Chain,Candy
2870,Shook'um #2870,A looping sheet ghost from Halloween Shook'ums. Three bodies. One skeleton. One clock. Minted on Abstract.,2870.gif,Midnight,Classic,Blep,None,None,Pumpkin
2871,Shook'um #2871,A looping sheet ghost from Halloween Shook'ums. Three bodies. One skeleton. One clock. Minted on Abstract.,2871.gif,Graveyard,Classic,Normal,Flower,None,Candy Corn
2872,Shook'um #2872,A looping sheet ghost from Halloween Shook'ums. Three bodies. One skeleton. One clock. Minted on Abstract.,2872.gif,Blood Moon,Void,Wink,Crown,None,Broom
2873,Shook'um #2873,A looping sheet ghost from Halloween Shook'ums. Three bodies. One skeleton. One clock. Minted on Abstract.,2873.gif,Pumpkin,Void,Normal,Halo,None,Moon
2874,Shook'um #2874,A looping sheet ghost from Halloween Shook'ums. Three bodies. One skeleton. One clock. Minted on Abstract.,2874.gif,Blush,Classic,Sleepy,Wizard,Pearls,Candy Corn
2875,Shook'um #2875,A looping sheet ghost from Halloween Shook'ums. Three bodies. One skeleton. One clock. Minted on Abstract.,2875.gif,Graveyard,Blush,Angry,None,None,Candy
2876,Shook'um #2876,A looping sheet ghost from Halloween Shook'ums. Three bodies. One skeleton. One clock. Minted on Abstract.,2876.gif,Blush,Void,Starry,None,Collar,Bat
2877,Shook'um #2877,A looping sheet ghost from Halloween Shook'ums. Three bodies. One skeleton. One clock. Minted on Abstract.,2877.gif,Graveyard,Classic,Wink,Flower,None,None
2878,Shook'um #2878,A looping sheet ghost from Halloween Shook'ums. Three bodies. One skeleton. One clock. Minted on Abstract.,2878.gif,Fog,Blush,Spooked,Bow,Bowtie,Candy
2879,Shook'um #2879,A looping sheet ghost from Halloween Shook'ums. Three bodies. One skeleton. One clock. Minted on Abstract.,2879.gif,Fog,Void,Spooked,Cat Ears,None,Candy Corn
2880,Shook'um #2880,A looping sheet ghost from Halloween Shook'ums. Three bodies. One skeleton. One clock. Minted on Abstract.,2880.gif,Parchment,Blush,Sleepy,Party,None,Pumpkin
2881,Shook'um #2881,A looping sheet ghost from Halloween Shook'ums. Three bodies. One skeleton. One clock. Minted on Abstract.,2881.gif,Candy,Void,Angry,None,Chain,Moon
2882,Shook'um #2882,A looping sheet ghost from Halloween Shook'ums. Three bodies. One skeleton. One clock. Minted on Abstract.,2882.gif,Void,Classic,Spooked,None,Scarf,Broom
2883,Shook'um #2883,A looping sheet ghost from Halloween Shook'ums. Three bodies. One skeleton. One clock. Minted on Abstract.,2883.gif,Midnight,Classic,Normal,Bow,Collar,Broom
2884,Shook'um #2884,A looping sheet ghost from Halloween Shook'ums. Three bodies. One skeleton. One clock. Minted on Abstract.,2884.gif,Blush,Classic,Sad,None,Collar,Candy
2885,Shook'um #2885,A looping sheet ghost from Halloween Shook'ums. Three bodies. One skeleton. One clock. Minted on Abstract.,2885.gif,Graveyard,Classic,Sleepy,Flower,Chain,Potion
2886,Shook'um #2886,A looping sheet ghost from Halloween Shook'ums. Three bodies. One skeleton. One clock. Minted on Abstract.,2886.gif,Graveyard,Blush,Spooked,Halo,Chain,Candy
2887,Shook'um #2887,A looping sheet ghost from Halloween Shook'ums. Three bodies. One skeleton. One clock. Minted on Abstract.,2887.gif,Fog,Classic,Normal,None,None,Candy
2888,Shook'um #2888,A looping sheet ghost from Halloween Shook'ums. Three bodies. One skeleton. One clock. Minted on Abstract.,2888.gif,Blush,Classic,Sleepy,Wizard,None,Candy
2889,Shook'um #2889,A looping sheet ghost from Halloween Shook'ums. Three bodies. One skeleton. One clock. Minted on Abstract.,2889.gif,Dusk,Blush,Sleepy,Flower,Collar,None
2890,Shook'um #2890,A looping sheet ghost from Halloween Shook'ums. Three bodies. One skeleton. One clock. Minted on Abstract.,2890.gif,Blush,Blush,Sleepy,Halo,Scarf,Pumpkin
2891,Shook'um #2891,A looping sheet ghost from Halloween Shook'ums. Three bodies. One skeleton. One clock. Minted on Abstract.,2891.gif,Candy,Void,Normal,None,Chain,Bat
2892,Shook'um #2892,A looping sheet ghost from Halloween Shook'ums. Three bodies. One skeleton. One clock. Minted on Abstract.,2892.gif,Parchment,Blush,Angry,Witch,Cape,Potion
2893,Shook'um #2893,A looping sheet ghost from Halloween Shook'ums. Three bodies. One skeleton. One clock. Minted on Abstract.,2893.gif,Pumpkin,Void,Normal,Flower,Chain,Bat
2894,Shook'um #2894,A looping sheet ghost from Halloween Shook'ums. Three bodies. One skeleton. One clock. Minted on Abstract.,2894.gif,Blood Moon,Classic,Normal,Cat Ears,None,Bat
2895,Shook'um #2895,A looping sheet ghost from Halloween Shook'ums. Three bodies. One skeleton. One clock. Minted on Abstract.,2895.gif,Candy,Void,Starry,None,Scarf,None
2896,Shook'um #2896,A looping sheet ghost from Halloween Shook'ums. Three bodies. One skeleton. One clock. Minted on Abstract.,2896.gif,Blush,Blush,Normal,Flower,None,Candy Corn
2897,Shook'um #2897,A looping sheet ghost from Halloween Shook'ums. Three bodies. One skeleton. One clock. Minted on Abstract.,2897.gif,Pumpkin,Blush,Spooked,Halo,Scarf,Potion
2898,Shook'um #2898,A looping sheet ghost from Halloween Shook'ums. Three bodies. One skeleton. One clock. Minted on Abstract.,2898.gif,Blood Moon,Void,Sparkly,Witch,Chain,Pumpkin
2899,Shook'um #2899,A looping sheet ghost from Halloween Shook'ums. Three bodies. One skeleton. One clock. Minted on Abstract.,2899.gif,Midnight,Blush,Sleepy,Party,None,Broom
2900,Shook'um #2900,A looping sheet ghost from Halloween Shook'ums. Three bodies. One skeleton. One clock. Minted on Abstract.,2900.gif,Midnight,Classic,Spooked,Flower,None,Candy
2901,Shook'um #2901,A looping sheet ghost from Halloween Shook'ums. Three bodies. One skeleton. One clock. Minted on Abstract.,2901.gif,Blood Moon,Void,Normal,Pumpkin,None,Candy
2902,Shook'um #2902,A looping sheet ghost from Halloween Shook'ums. Three bodies. One skeleton. One clock. Minted on Abstract.,2902.gif,Midnight,Classic,Angry,None,None,Pumpkin
2903,Shook'um #2903,A looping sheet ghost from Halloween Shook'ums. Three bodies. One skeleton. One clock. Minted on Abstract.,2903.gif,Graveyard,Classic,Wink,Flower,None,Bat
2904,Shook'um #2904,A looping sheet ghost from Halloween Shook'ums. Three bodies. One skeleton. One clock. Minted on Abstract.,2904.gif,Candy,Void,Blep,Wizard,None,Candy
2905,Shook'um #2905,A looping sheet ghost from Halloween Shook'ums. Three bodies. One skeleton. One clock. Minted on Abstract.,2905.gif,Dusk,Blush,Normal,Wizard,Chain,None
2906,Shook'um #2906,A looping sheet ghost from Halloween Shook'ums. Three bodies. One skeleton. One clock. Minted on Abstract.,2906.gif,Blood Moon,Blush,Wink,Cat Ears,None,Candy Corn
2907,Shook'um #2907,A looping sheet ghost from Halloween Shook'ums. Three bodies. One skeleton. One clock. Minted on Abstract.,2907.gif,Dusk,Blush,Spooked,Halo,Chain,Pumpkin
2908,Shook'um #2908,A looping sheet ghost from Halloween Shook'ums. Three bodies. One skeleton. One clock. Minted on Abstract.,2908.gif,Candy,Classic,Spooked,Witch,Scarf,Pumpkin
2909,Shook'um #2909,A looping sheet ghost from Halloween Shook'ums. Three bodies. One skeleton. One clock. Minted on Abstract.,2909.gif,Blush,Blush,Angry,Party,None,Candy Corn
2910,Shook'um #2910,A looping sheet ghost from Halloween Shook'ums. Three bodies. One skeleton. One clock. Minted on Abstract.,2910.gif,Graveyard,Void,Starry,Halo,Cape,Broom
2911,Shook'um #2911,A looping sheet ghost from Halloween Shook'ums. Three bodies. One skeleton. One clock. Minted on Abstract.,2911.gif,Graveyard,Classic,Wink,Witch,Cape,None
2912,Shook'um #2912,A looping sheet ghost from Halloween Shook'ums. Three bodies. One skeleton. One clock. Minted on Abstract.,2912.gif,Pumpkin,Classic,Spooked,Flower,Bowtie,Bat
2913,Shook'um #2913,A looping sheet ghost from Halloween Shook'ums. Three bodies. One skeleton. One clock. Minted on Abstract.,2913.gif,Pumpkin,Blush,Angry,None,Collar,None
2914,Shook'um #2914,A looping sheet ghost from Halloween Shook'ums. Three bodies. One skeleton. One clock. Minted on Abstract.,2914.gif,Parchment,Blush,Sleepy,Bow,Pearls,Pumpkin
2915,Shook'um #2915,A looping sheet ghost from Halloween Shook'ums. Three bodies. One skeleton. One clock. Minted on Abstract.,2915.gif,Dusk,Classic,Sad,Cat Ears,None,None
2916,Shook'um #2916,A looping sheet ghost from Halloween Shook'ums. Three bodies. One skeleton. One clock. Minted on Abstract.,2916.gif,Midnight,Blush,Spooked,Bow,Scarf,None
2917,Shook'um #2917,A looping sheet ghost from Halloween Shook'ums. Three bodies. One skeleton. One clock. Minted on Abstract.,2917.gif,Candy,Classic,Normal,None,None,None
2918,Shook'um #2918,A looping sheet ghost from Halloween Shook'ums. Three bodies. One skeleton. One clock. Minted on Abstract.,2918.gif,Candy,Void,Spooked,Witch,Collar,Candy
2919,Shook'um #2919,A looping sheet ghost from Halloween Shook'ums. Three bodies. One skeleton. One clock. Minted on Abstract.,2919.gif,Midnight,Classic,Normal,None,Bowtie,Bat
2920,Shook'um #2920,A looping sheet ghost from Halloween Shook'ums. Three bodies. One skeleton. One clock. Minted on Abstract.,2920.gif,Fog,Void,Sparkly,Pumpkin,Scarf,Potion
2921,Shook'um #2921,A looping sheet ghost from Halloween Shook'ums. Three bodies. One skeleton. One clock. Minted on Abstract.,2921.gif,Dusk,Void,Spooked,None,Bowtie,Pumpkin
2922,Shook'um #2922,A looping sheet ghost from Halloween Shook'ums. Three bodies. One skeleton. One clock. Minted on Abstract.,2922.gif,Blush,Classic,Spooked,Bow,Bowtie,Bat
2923,Shook'um #2923,A looping sheet ghost from Halloween Shook'ums. Three bodies. One skeleton. One clock. Minted on Abstract.,2923.gif,Dusk,Classic,Normal,Bow,Bowtie,None
2924,Shook'um #2924,A looping sheet ghost from Halloween Shook'ums. Three bodies. One skeleton. One clock. Minted on Abstract.,2924.gif,Blush,Classic,Spooked,None,Bowtie,None
2925,Shook'um #2925,A looping sheet ghost from Halloween Shook'ums. Three bodies. One skeleton. One clock. Minted on Abstract.,2925.gif,Graveyard,Blush,Starry,Halo,None,Candy
2926,Shook'um #2926,A looping sheet ghost from Halloween Shook'ums. Three bodies. One skeleton. One clock. Minted on Abstract.,2926.gif,Blood Moon,Blush,Sleepy,Witch,None,None
2927,Shook'um #2927,A looping sheet ghost from Halloween Shook'ums. Three bodies. One skeleton. One clock. Minted on Abstract.,2927.gif,Blush,Classic,Normal,Party,None,Pumpkin
2928,Shook'um #2928,A looping sheet ghost from Halloween Shook'ums. Three bodies. One skeleton. One clock. Minted on Abstract.,2928.gif,Graveyard,Classic,Sparkly,Pumpkin,Scarf,Pumpkin
2929,Shook'um #2929,A looping sheet ghost from Halloween Shook'ums. Three bodies. One skeleton. One clock. Minted on Abstract.,2929.gif,Void,Classic,Sleepy,Party,None,None
2930,Shook'um #2930,A looping sheet ghost from Halloween Shook'ums. Three bodies. One skeleton. One clock. Minted on Abstract.,2930.gif,Dusk,Blush,Angry,Bow,None,Moon
2931,Shook'um #2931,A looping sheet ghost from Halloween Shook'ums. Three bodies. One skeleton. One clock. Minted on Abstract.,2931.gif,Parchment,Classic,Normal,Halo,Bowtie,Bat
2932,Shook'um #2932,A looping sheet ghost from Halloween Shook'ums. Three bodies. One skeleton. One clock. Minted on Abstract.,2932.gif,Blush,Void,Sparkly,Party,Pearls,None
2933,Shook'um #2933,A looping sheet ghost from Halloween Shook'ums. Three bodies. One skeleton. One clock. Minted on Abstract.,2933.gif,Parchment,Blush,Blep,None,Pearls,None
2934,Shook'um #2934,A looping sheet ghost from Halloween Shook'ums. Three bodies. One skeleton. One clock. Minted on Abstract.,2934.gif,Blush,Void,Blep,Pumpkin,Collar,None
2935,Shook'um #2935,A looping sheet ghost from Halloween Shook'ums. Three bodies. One skeleton. One clock. Minted on Abstract.,2935.gif,Candy,Classic,Sleepy,Flower,None,Potion
2936,Shook'um #2936,A looping sheet ghost from Halloween Shook'ums. Three bodies. One skeleton. One clock. Minted on Abstract.,2936.gif,Dusk,Classic,Sleepy,Halo,Chain,Candy
2937,Shook'um #2937,A looping sheet ghost from Halloween Shook'ums. Three bodies. One skeleton. One clock. Minted on Abstract.,2937.gif,Void,Void,Sparkly,Pumpkin,Cape,Pumpkin
2938,Shook'um #2938,A looping sheet ghost from Halloween Shook'ums. Three bodies. One skeleton. One clock. Minted on Abstract.,2938.gif,Parchment,Void,Sparkly,Witch,None,None
2939,Shook'um #2939,A looping sheet ghost from Halloween Shook'ums. Three bodies. One skeleton. One clock. Minted on Abstract.,2939.gif,Void,Classic,Normal,None,Bowtie,None
2940,Shook'um #2940,A looping sheet ghost from Halloween Shook'ums. Three bodies. One skeleton. One clock. Minted on Abstract.,2940.gif,Blood Moon,Blush,Normal,Witch,Bowtie,Candy
2941,Shook'um #2941,A looping sheet ghost from Halloween Shook'ums. Three bodies. One skeleton. One clock. Minted on Abstract.,2941.gif,Fog,Classic,Normal,Witch,None,Candy
2942,Shook'um #2942,A looping sheet ghost from Halloween Shook'ums. Three bodies. One skeleton. One clock. Minted on Abstract.,2942.gif,Candy,Blush,Blep,Pumpkin,None,Pumpkin
2943,Shook'um #2943,A looping sheet ghost from Halloween Shook'ums. Three bodies. One skeleton. One clock. Minted on Abstract.,2943.gif,Candy,Void,Heart,None,None,None
2944,Shook'um #2944,A looping sheet ghost from Halloween Shook'ums. Three bodies. One skeleton. One clock. Minted on Abstract.,2944.gif,Candy,Classic,Blep,Party,None,Candy
2945,Shook'um #2945,A looping sheet ghost from Halloween Shook'ums. Three bodies. One skeleton. One clock. Minted on Abstract.,2945.gif,Midnight,Classic,Spooked,None,Scarf,Potion
2946,Shook'um #2946,A looping sheet ghost from Halloween Shook'ums. Three bodies. One skeleton. One clock. Minted on Abstract.,2946.gif,Candy,Blush,Sparkly,None,None,Pumpkin
2947,Shook'um #2947,A looping sheet ghost from Halloween Shook'ums. Three bodies. One skeleton. One clock. Minted on Abstract.,2947.gif,Candy,Classic,Normal,Pumpkin,Pearls,Potion
2948,Shook'um #2948,A looping sheet ghost from Halloween Shook'ums. Three bodies. One skeleton. One clock. Minted on Abstract.,2948.gif,Midnight,Classic,Spooked,Bow,Collar,None
2949,Shook'um #2949,A looping sheet ghost from Halloween Shook'ums. Three bodies. One skeleton. One clock. Minted on Abstract.,2949.gif,Midnight,Blush,Normal,Wizard,Chain,Broom
2950,Shook'um #2950,A looping sheet ghost from Halloween Shook'ums. Three bodies. One skeleton. One clock. Minted on Abstract.,2950.gif,Midnight,Blush,Normal,Pumpkin,Collar,None
2951,Shook'um #2951,A looping sheet ghost from Halloween Shook'ums. Three bodies. One skeleton. One clock. Minted on Abstract.,2951.gif,Graveyard,Classic,Spooked,Flower,Chain,Pumpkin
2952,Shook'um #2952,A looping sheet ghost from Halloween Shook'ums. Three bodies. One skeleton. One clock. Minted on Abstract.,2952.gif,Midnight,Classic,Spooked,Halo,Cape,Candy
2953,Shook'um #2953,A looping sheet ghost from Halloween Shook'ums. Three bodies. One skeleton. One clock. Minted on Abstract.,2953.gif,Blush,Void,Normal,Bow,Pearls,None
2954,Shook'um #2954,A looping sheet ghost from Halloween Shook'ums. Three bodies. One skeleton. One clock. Minted on Abstract.,2954.gif,Blush,Classic,Sparkly,Flower,Chain,Bat
2955,Shook'um #2955,A looping sheet ghost from Halloween Shook'ums. Three bodies. One skeleton. One clock. Minted on Abstract.,2955.gif,Midnight,Classic,Wink,Witch,Scarf,Broom
2956,Shook'um #2956,A looping sheet ghost from Halloween Shook'ums. Three bodies. One skeleton. One clock. Minted on Abstract.,2956.gif,Candy,Classic,Heart,Party,Cape,None
2957,Shook'um #2957,A looping sheet ghost from Halloween Shook'ums. Three bodies. One skeleton. One clock. Minted on Abstract.,2957.gif,Candy,Classic,Angry,Pumpkin,Chain,None
2958,Shook'um #2958,A looping sheet ghost from Halloween Shook'ums. Three bodies. One skeleton. One clock. Minted on Abstract.,2958.gif,Blood Moon,Blush,Sparkly,Witch,Bowtie,None
2959,Shook'um #2959,A looping sheet ghost from Halloween Shook'ums. Three bodies. One skeleton. One clock. Minted on Abstract.,2959.gif,Candy,Classic,Blep,Witch,Chain,Candy
2960,Shook'um #2960,A looping sheet ghost from Halloween Shook'ums. Three bodies. One skeleton. One clock. Minted on Abstract.,2960.gif,Blush,Void,Blep,Witch,None,Candy
2961,Shook'um #2961,A looping sheet ghost from Halloween Shook'ums. Three bodies. One skeleton. One clock. Minted on Abstract.,2961.gif,Blush,Classic,Normal,None,Pearls,Potion
2962,Shook'um #2962,A looping sheet ghost from Halloween Shook'ums. Three bodies. One skeleton. One clock. Minted on Abstract.,2962.gif,Dusk,Blush,Spooked,Cat Ears,Chain,Candy Corn
2963,Shook'um #2963,A looping sheet ghost from Halloween Shook'ums. Three bodies. One skeleton. One clock. Minted on Abstract.,2963.gif,Void,Classic,Blep,Bow,None,None
2964,Shook'um #2964,A looping sheet ghost from Halloween Shook'ums. Three bodies. One skeleton. One clock. Minted on Abstract.,2964.gif,Candy,Classic,Spooked,Bow,Pearls,None
2965,Shook'um #2965,A looping sheet ghost from Halloween Shook'ums. Three bodies. One skeleton. One clock. Minted on Abstract.,2965.gif,Parchment,Blush,Sad,Flower,None,None
2966,Shook'um #2966,A looping sheet ghost from Halloween Shook'ums. Three bodies. One skeleton. One clock. Minted on Abstract.,2966.gif,Candy,Void,Sleepy,None,Collar,Candy Corn
2967,Shook'um #2967,A looping sheet ghost from Halloween Shook'ums. Three bodies. One skeleton. One clock. Minted on Abstract.,2967.gif,Midnight,Classic,Sad,None,None,None
2968,Shook'um #2968,A looping sheet ghost from Halloween Shook'ums. Three bodies. One skeleton. One clock. Minted on Abstract.,2968.gif,Midnight,Classic,Sleepy,None,None,Candy
2969,Shook'um #2969,A looping sheet ghost from Halloween Shook'ums. Three bodies. One skeleton. One clock. Minted on Abstract.,2969.gif,Graveyard,Blush,Sad,Halo,None,None
2970,Shook'um #2970,A looping sheet ghost from Halloween Shook'ums. Three bodies. One skeleton. One clock. Minted on Abstract.,2970.gif,Fog,Classic,Angry,Bow,Scarf,None
2971,Shook'um #2971,A looping sheet ghost from Halloween Shook'ums. Three bodies. One skeleton. One clock. Minted on Abstract.,2971.gif,Void,Classic,Sleepy,None,Chain,Broom
2972,Shook'um #2972,A looping sheet ghost from Halloween Shook'ums. Three bodies. One skeleton. One clock. Minted on Abstract.,2972.gif,Parchment,Void,Blep,Halo,Chain,Candy
2973,Shook'um #2973,A looping sheet ghost from Halloween Shook'ums. Three bodies. One skeleton. One clock. Minted on Abstract.,2973.gif,Candy,Classic,Wink,Wizard,Collar,None
2974,Shook'um #2974,A looping sheet ghost from Halloween Shook'ums. Three bodies. One skeleton. One clock. Minted on Abstract.,2974.gif,Dusk,Blush,Normal,Party,Cape,Candy Corn
2975,Shook'um #2975,A looping sheet ghost from Halloween Shook'ums. Three bodies. One skeleton. One clock. Minted on Abstract.,2975.gif,Parchment,Blush,Spooked,Flower,Pearls,None
2976,Shook'um #2976,A looping sheet ghost from Halloween Shook'ums. Three bodies. One skeleton. One clock. Minted on Abstract.,2976.gif,Pumpkin,Blush,Blep,Party,Bowtie,Pumpkin
2977,Shook'um #2977,A looping sheet ghost from Halloween Shook'ums. Three bodies. One skeleton. One clock. Minted on Abstract.,2977.gif,Parchment,Void,Angry,Flower,Scarf,Candy
2978,Shook'um #2978,A looping sheet ghost from Halloween Shook'ums. Three bodies. One skeleton. One clock. Minted on Abstract.,2978.gif,Blush,Blush,Sleepy,Flower,Chain,Candy Corn
2979,Shook'um #2979,A looping sheet ghost from Halloween Shook'ums. Three bodies. One skeleton. One clock. Minted on Abstract.,2979.gif,Blush,Classic,Blep,Cat Ears,Pearls,None
2980,Shook'um #2980,A looping sheet ghost from Halloween Shook'ums. Three bodies. One skeleton. One clock. Minted on Abstract.,2980.gif,Pumpkin,Classic,Sleepy,Bow,None,Pumpkin
2981,Shook'um #2981,A looping sheet ghost from Halloween Shook'ums. Three bodies. One skeleton. One clock. Minted on Abstract.,2981.gif,Candy,Blush,Angry,None,Cape,None
2982,Shook'um #2982,A looping sheet ghost from Halloween Shook'ums. Three bodies. One skeleton. One clock. Minted on Abstract.,2982.gif,Fog,Classic,Sparkly,Party,None,Potion
2983,Shook'um #2983,A looping sheet ghost from Halloween Shook'ums. Three bodies. One skeleton. One clock. Minted on Abstract.,2983.gif,Pumpkin,Blush,Starry,Flower,Bowtie,Moon
2984,Shook'um #2984,A looping sheet ghost from Halloween Shook'ums. Three bodies. One skeleton. One clock. Minted on Abstract.,2984.gif,Blood Moon,Void,Blep,Witch,None,Candy Corn
2985,Shook'um #2985,A looping sheet ghost from Halloween Shook'ums. Three bodies. One skeleton. One clock. Minted on Abstract.,2985.gif,Graveyard,Classic,Heart,None,Chain,Candy Corn
2986,Shook'um #2986,A looping sheet ghost from Halloween Shook'ums. Three bodies. One skeleton. One clock. Minted on Abstract.,2986.gif,Parchment,Void,Sleepy,Flower,None,None
2987,Shook'um #2987,A looping sheet ghost from Halloween Shook'ums. Three bodies. One skeleton. One clock. Minted on Abstract.,2987.gif,Graveyard,Classic,Wink,Crown,Bowtie,None
2988,Shook'um #2988,A looping sheet ghost from Halloween Shook'ums. Three bodies. One skeleton. One clock. Minted on Abstract.,2988.gif,Blush,Void,Sparkly,None,None,None
2989,Shook'um #2989,A looping sheet ghost from Halloween Shook'ums. Three bodies. One skeleton. One clock. Minted on Abstract.,2989.gif,Midnight,Classic,Wink,Witch,None,Potion
2990,Shook'um #2990,A looping sheet ghost from Halloween Shook'ums. Three bodies. One skeleton. One clock. Minted on Abstract.,2990.gif,Blush,Classic,Normal,Wizard,Cape,Bat
2991,Shook'um #2991,A looping sheet ghost from Halloween Shook'ums. Three bodies. One skeleton. One clock. Minted on Abstract.,2991.gif,Graveyard,Classic,Blep,None,Pearls,None
2992,Shook'um #2992,A looping sheet ghost from Halloween Shook'ums. Three bodies. One skeleton. One clock. Minted on Abstract.,2992.gif,Pumpkin,Classic,Spooked,None,None,Candy
2993,Shook'um #2993,A looping sheet ghost from Halloween Shook'ums. Three bodies. One skeleton. One clock. Minted on Abstract.,2993.gif,Blood Moon,Classic,Sad,None,Pearls,Broom
2994,Shook'um #2994,A looping sheet ghost from Halloween Shook'ums. Three bodies. One skeleton. One clock. Minted on Abstract.,2994.gif,Graveyard,Classic,Normal,None,Scarf,Potion
2995,Shook'um #2995,A looping sheet ghost from Halloween Shook'ums. Three bodies. One skeleton. One clock. Minted on Abstract.,2995.gif,Midnight,Void,Wink,Pumpkin,None,Potion
2996,Shook'um #2996,A looping sheet ghost from Halloween Shook'ums. Three bodies. One skeleton. One clock. Minted on Abstract.,2996.gif,Parchment,Blush,Normal,Halo,Pearls,Potion
2997,Shook'um #2997,A looping sheet ghost from Halloween Shook'ums. Three bodies. One skeleton. One clock. Minted on Abstract.,2997.gif,Midnight,Blush,Sleepy,Witch,Chain,Pumpkin
2998,Shook'um #2998,A looping sheet ghost from Halloween Shook'ums. Three bodies. One skeleton. One clock. Minted on Abstract.,2998.gif,Midnight,Classic,Normal,None,Scarf,Bat
2999,Shook'um #2999,A looping sheet ghost from Halloween Shook'ums. Three bodies. One skeleton. One clock. Minted on Abstract.,2999.gif,Dusk,Classic,Normal,Party,Chain,Pumpkin
3000,Shook'um #3000,A looping sheet ghost from Halloween Shook'ums. Three bodies. One skeleton. One clock. Minted on Abstract.,3000.gif,Parchment,Void,Wink,Pumpkin,Collar,Bat
3001,Shook'um #3001,A looping sheet ghost from Halloween Shook'ums. Three bodies. One skeleton. One clock. Minted on Abstract.,3001.gif,Midnight,Classic,Normal,Bow,None,Moon
3002,Shook'um #3002,A looping sheet ghost from Halloween Shook'ums. Three bodies. One skeleton. One clock. Minted on Abstract.,3002.gif,Candy,Classic,Normal,Halo,None,Bat
3003,Shook'um #3003,A looping sheet ghost from Halloween Shook'ums. Three bodies. One skeleton. One clock. Minted on Abstract.,3003.gif,Pumpkin,Classic,Sparkly,Party,None,Bat
3004,Shook'um #3004,A looping sheet ghost from Halloween Shook'ums. Three bodies. One skeleton. One clock. Minted on Abstract.,3004.gif,Blush,Classic,Starry,None,Cape,None
3005,Shook'um #3005,A looping sheet ghost from Halloween Shook'ums. Three bodies. One skeleton. One clock. Minted on Abstract.,3005.gif,Parchment,Classic,Angry,None,Chain,Broom
3006,Shook'um #3006,A looping sheet ghost from Halloween Shook'ums. Three bodies. One skeleton. One clock. Minted on Abstract.,3006.gif,Dusk,Classic,Spooked,None,Collar,None
3007,Shook'um #3007,A looping sheet ghost from Halloween Shook'ums. Three bodies. One skeleton. One clock. Minted on Abstract.,3007.gif,Candy,Void,Spooked,Pumpkin,None,Candy
3008,Shook'um #3008,A looping sheet ghost from Halloween Shook'ums. Three bodies. One skeleton. One clock. Minted on Abstract.,3008.gif,Parchment,Blush,Angry,None,Scarf,None
3009,Shook'um #3009,A looping sheet ghost from Halloween Shook'ums. Three bodies. One skeleton. One clock. Minted on Abstract.,3009.gif,Blush,Classic,Normal,None,Bowtie,None
3010,Shook'um #3010,A looping sheet ghost from Halloween Shook'ums. Three bodies. One skeleton. One clock. Minted on Abstract.,3010.gif,Blood Moon,Void,Normal,Halo,Pearls,None
3011,Shook'um #3011,A looping sheet ghost from Halloween Shook'ums. Three bodies. One skeleton. One clock. Minted on Abstract.,3011.gif,Graveyard,Classic,Blep,Halo,Collar,None
3012,Shook'um #3012,A looping sheet ghost from Halloween Shook'ums. Three bodies. One skeleton. One clock. Minted on Abstract.,3012.gif,Candy,Blush,Sparkly,Pumpkin,None,None
3013,Shook'um #3013,A looping sheet ghost from Halloween Shook'ums. Three bodies. One skeleton. One clock. Minted on Abstract.,3013.gif,Blood Moon,Classic,Wink,None,None,None
3014,Shook'um #3014,A looping sheet ghost from Halloween Shook'ums. Three bodies. One skeleton. One clock. Minted on Abstract.,3014.gif,Blood Moon,Classic,Wink,None,Collar,Candy
3015,Shook'um #3015,A looping sheet ghost from Halloween Shook'ums. Three bodies. One skeleton. One clock. Minted on Abstract.,3015.gif,Fog,Classic,Angry,Cat Ears,None,Pumpkin
3016,Shook'um #3016,A looping sheet ghost from Halloween Shook'ums. Three bodies. One skeleton. One clock. Minted on Abstract.,3016.gif,Blood Moon,Classic,Sparkly,None,Chain,Moon
3017,Shook'um #3017,A looping sheet ghost from Halloween Shook'ums. Three bodies. One skeleton. One clock. Minted on Abstract.,3017.gif,Graveyard,Void,Blep,Flower,Chain,Potion
3018,Shook'um #3018,A looping sheet ghost from Halloween Shook'ums. Three bodies. One skeleton. One clock. Minted on Abstract.,3018.gif,Pumpkin,Classic,Sparkly,Party,None,None
3019,Shook'um #3019,A looping sheet ghost from Halloween Shook'ums. Three bodies. One skeleton. One clock. Minted on Abstract.,3019.gif,Midnight,Classic,Normal,Flower,Bowtie,Candy
3020,Shook'um #3020,A looping sheet ghost from Halloween Shook'ums. Three bodies. One skeleton. One clock. Minted on Abstract.,3020.gif,Candy,Classic,Normal,Pumpkin,Chain,None
3021,Shook'um #3021,A looping sheet ghost from Halloween Shook'ums. Three bodies. One skeleton. One clock. Minted on Abstract.,3021.gif,Parchment,Classic,Blep,Halo,None,Potion
3022,Shook'um #3022,A looping sheet ghost from Halloween Shook'ums. Three bodies. One skeleton. One clock. Minted on Abstract.,3022.gif,Dusk,Void,Normal,Flower,None,None
3023,Shook'um #3023,A looping sheet ghost from Halloween Shook'ums. Three bodies. One skeleton. One clock. Minted on Abstract.,3023.gif,Fog,Void,Spooked,Crown,Chain,None
3024,Shook'um #3024,A looping sheet ghost from Halloween Shook'ums. Three bodies. One skeleton. One clock. Minted on Abstract.,3024.gif,Midnight,Blush,Sad,Crown,None,None
3025,Shook'um #3025,A looping sheet ghost from Halloween Shook'ums. Three bodies. One skeleton. One clock. Minted on Abstract.,3025.gif,Pumpkin,Classic,Spooked,Cat Ears,None,Broom
3026,Shook'um #3026,A looping sheet ghost from Halloween Shook'ums. Three bodies. One skeleton. One clock. Minted on Abstract.,3026.gif,Fog,Void,Sparkly,Bow,Scarf,None
3027,Shook'um #3027,A looping sheet ghost from Halloween Shook'ums. Three bodies. One skeleton. One clock. Minted on Abstract.,3027.gif,Fog,Classic,Sleepy,None,None,None
3028,Shook'um #3028,A looping sheet ghost from Halloween Shook'ums. Three bodies. One skeleton. One clock. Minted on Abstract.,3028.gif,Void,Classic,Normal,Bow,None,Moon
3029,Shook'um #3029,A looping sheet ghost from Halloween Shook'ums. Three bodies. One skeleton. One clock. Minted on Abstract.,3029.gif,Candy,Classic,Starry,Bow,Pearls,None
3030,Shook'um #3030,A looping sheet ghost from Halloween Shook'ums. Three bodies. One skeleton. One clock. Minted on Abstract.,3030.gif,Parchment,Classic,Sleepy,Bow,None,Candy
3031,Shook'um #3031,A looping sheet ghost from Halloween Shook'ums. Three bodies. One skeleton. One clock. Minted on Abstract.,3031.gif,Parchment,Blush,Spooked,Bow,None,Pumpkin
3032,Shook'um #3032,A looping sheet ghost from Halloween Shook'ums. Three bodies. One skeleton. One clock. Minted on Abstract.,3032.gif,Blush,Classic,Sparkly,None,None,Broom
3033,Shook'um #3033,A looping sheet ghost from Halloween Shook'ums. Three bodies. One skeleton. One clock. Minted on Abstract.,3033.gif,Graveyard,Blush,Starry,Bow,Bowtie,Candy
3034,Shook'um #3034,A looping sheet ghost from Halloween Shook'ums. Three bodies. One skeleton. One clock. Minted on Abstract.,3034.gif,Graveyard,Classic,Normal,Witch,None,Candy
3035,Shook'um #3035,A looping sheet ghost from Halloween Shook'ums. Three bodies. One skeleton. One clock. Minted on Abstract.,3035.gif,Graveyard,Classic,Angry,None,Chain,Broom
3036,Shook'um #3036,A looping sheet ghost from Halloween Shook'ums. Three bodies. One skeleton. One clock. Minted on Abstract.,3036.gif,Graveyard,Classic,Angry,Pumpkin,Bowtie,None
3037,Shook'um #3037,A looping sheet ghost from Halloween Shook'ums. Three bodies. One skeleton. One clock. Minted on Abstract.,3037.gif,Candy,Blush,Sad,Halo,None,Candy
3038,Shook'um #3038,A looping sheet ghost from Halloween Shook'ums. Three bodies. One skeleton. One clock. Minted on Abstract.,3038.gif,Blood Moon,Classic,Spooked,None,Chain,None
3039,Shook'um #3039,A looping sheet ghost from Halloween Shook'ums. Three bodies. One skeleton. One clock. Minted on Abstract.,3039.gif,Pumpkin,Classic,Normal,Flower,Cape,Bat
3040,Shook'um #3040,A looping sheet ghost from Halloween Shook'ums. Three bodies. One skeleton. One clock. Minted on Abstract.,3040.gif,Candy,Void,Normal,Crown,Cape,Candy
3041,Shook'um #3041,A looping sheet ghost from Halloween Shook'ums. Three bodies. One skeleton. One clock. Minted on Abstract.,3041.gif,Fog,Void,Sleepy,Pumpkin,Scarf,Pumpkin
3042,Shook'um #3042,A looping sheet ghost from Halloween Shook'ums. Three bodies. One skeleton. One clock. Minted on Abstract.,3042.gif,Parchment,Blush,Normal,Party,Bowtie,Pumpkin
3043,Shook'um #3043,A looping sheet ghost from Halloween Shook'ums. Three bodies. One skeleton. One clock. Minted on Abstract.,3043.gif,Midnight,Blush,Sparkly,None,Pearls,Potion
3044,Shook'um #3044,A looping sheet ghost from Halloween Shook'ums. Three bodies. One skeleton. One clock. Minted on Abstract.,3044.gif,Pumpkin,Classic,Blep,Halo,Collar,Bat
3045,Shook'um #3045,A looping sheet ghost from Halloween Shook'ums. Three bodies. One skeleton. One clock. Minted on Abstract.,3045.gif,Midnight,Classic,Wink,Cat Ears,Collar,Broom
3046,Shook'um #3046,A looping sheet ghost from Halloween Shook'ums. Three bodies. One skeleton. One clock. Minted on Abstract.,3046.gif,Parchment,Blush,Normal,Bow,Chain,Candy Corn
3047,Shook'um #3047,A looping sheet ghost from Halloween Shook'ums. Three bodies. One skeleton. One clock. Minted on Abstract.,3047.gif,Void,Classic,Spooked,Bow,Scarf,Candy
3048,Shook'um #3048,A looping sheet ghost from Halloween Shook'ums. Three bodies. One skeleton. One clock. Minted on Abstract.,3048.gif,Blush,Void,Angry,None,None,Candy Corn
3049,Shook'um #3049,A looping sheet ghost from Halloween Shook'ums. Three bodies. One skeleton. One clock. Minted on Abstract.,3049.gif,Pumpkin,Classic,Spooked,Witch,Collar,None
3050,Shook'um #3050,A looping sheet ghost from Halloween Shook'ums. Three bodies. One skeleton. One clock. Minted on Abstract.,3050.gif,Blush,Blush,Blep,Pumpkin,None,Candy Corn
3051,Shook'um #3051,A looping sheet ghost from Halloween Shook'ums. Three bodies. One skeleton. One clock. Minted on Abstract.,3051.gif,Fog,Classic,Blep,None,None,Candy Corn
3052,Shook'um #3052,A looping sheet ghost from Halloween Shook'ums. Three bodies. One skeleton. One clock. Minted on Abstract.,3052.gif,Dusk,Blush,Sleepy,Bow,Pearls,Pumpkin
3053,Shook'um #3053,A looping sheet ghost from Halloween Shook'ums. Three bodies. One skeleton. One clock. Minted on Abstract.,3053.gif,Fog,Classic,Sparkly,Bow,Bowtie,None
3054,Shook'um #3054,A looping sheet ghost from Halloween Shook'ums. Three bodies. One skeleton. One clock. Minted on Abstract.,3054.gif,Blood Moon,Classic,Spooked,Wizard,Collar,Bat
3055,Shook'um #3055,A looping sheet ghost from Halloween Shook'ums. Three bodies. One skeleton. One clock. Minted on Abstract.,3055.gif,Blush,Classic,Blep,Flower,Bowtie,Bat
3056,Shook'um #3056,A looping sheet ghost from Halloween Shook'ums. Three bodies. One skeleton. One clock. Minted on Abstract.,3056.gif,Candy,Blush,Wink,None,Pearls,None
3057,Shook'um #3057,A looping sheet ghost from Halloween Shook'ums. Three bodies. One skeleton. One clock. Minted on Abstract.,3057.gif,Parchment,Classic,Sad,None,Pearls,Candy Corn
3058,Shook'um #3058,A looping sheet ghost from Halloween Shook'ums. Three bodies. One skeleton. One clock. Minted on Abstract.,3058.gif,Dusk,Classic,Sparkly,Crown,None,Candy Corn
3059,Shook'um #3059,A looping sheet ghost from Halloween Shook'ums. Three bodies. One skeleton. One clock. Minted on Abstract.,3059.gif,Parchment,Blush,Normal,Party,Pearls,Potion
3060,Shook'um #3060,A looping sheet ghost from Halloween Shook'ums. Three bodies. One skeleton. One clock. Minted on Abstract.,3060.gif,Fog,Void,Normal,Pumpkin,Pearls,Candy Corn
3061,Shook'um #3061,A looping sheet ghost from Halloween Shook'ums. Three bodies. One skeleton. One clock. Minted on Abstract.,3061.gif,Blush,Blush,Blep,Flower,Collar,None
3062,Shook'um #3062,A looping sheet ghost from Halloween Shook'ums. Three bodies. One skeleton. One clock. Minted on Abstract.,3062.gif,Candy,Blush,Heart,None,Cape,None
3063,Shook'um #3063,A looping sheet ghost from Halloween Shook'ums. Three bodies. One skeleton. One clock. Minted on Abstract.,3063.gif,Dusk,Classic,Sleepy,None,Scarf,Potion
3064,Shook'um #3064,A looping sheet ghost from Halloween Shook'ums. Three bodies. One skeleton. One clock. Minted on Abstract.,3064.gif,Pumpkin,Classic,Sleepy,None,None,Candy
3065,Shook'um #3065,A looping sheet ghost from Halloween Shook'ums. Three bodies. One skeleton. One clock. Minted on Abstract.,3065.gif,Dusk,Blush,Normal,Witch,None,None
3066,Shook'um #3066,A looping sheet ghost from Halloween Shook'ums. Three bodies. One skeleton. One clock. Minted on Abstract.,3066.gif,Fog,Classic,Angry,Party,None,Broom
3067,Shook'um #3067,A looping sheet ghost from Halloween Shook'ums. Three bodies. One skeleton. One clock. Minted on Abstract.,3067.gif,Blush,Classic,Blep,None,None,None
3068,Shook'um #3068,A looping sheet ghost from Halloween Shook'ums. Three bodies. One skeleton. One clock. Minted on Abstract.,3068.gif,Parchment,Blush,Normal,Cat Ears,Scarf,None
3069,Shook'um #3069,A looping sheet ghost from Halloween Shook'ums. Three bodies. One skeleton. One clock. Minted on Abstract.,3069.gif,Parchment,Blush,Sleepy,None,None,None
3070,Shook'um #3070,A looping sheet ghost from Halloween Shook'ums. Three bodies. One skeleton. One clock. Minted on Abstract.,3070.gif,Parchment,Classic,Angry,Witch,Cape,Candy
3071,Shook'um #3071,A looping sheet ghost from Halloween Shook'ums. Three bodies. One skeleton. One clock. Minted on Abstract.,3071.gif,Midnight,Classic,Sleepy,None,None,Moon
3072,Shook'um #3072,A looping sheet ghost from Halloween Shook'ums. Three bodies. One skeleton. One clock. Minted on Abstract.,3072.gif,Pumpkin,Blush,Blep,Party,None,Broom
3073,Shook'um #3073,A looping sheet ghost from Halloween Shook'ums. Three bodies. One skeleton. One clock. Minted on Abstract.,3073.gif,Graveyard,Classic,Sparkly,Flower,Scarf,Potion
3074,Shook'um #3074,A looping sheet ghost from Halloween Shook'ums. Three bodies. One skeleton. One clock. Minted on Abstract.,3074.gif,Pumpkin,Blush,Sleepy,Crown,Pearls,Candy Corn
3075,Shook'um #3075,A looping sheet ghost from Halloween Shook'ums. Three bodies. One skeleton. One clock. Minted on Abstract.,3075.gif,Midnight,Blush,Sleepy,None,Chain,Pumpkin
3076,Shook'um #3076,A looping sheet ghost from Halloween Shook'ums. Three bodies. One skeleton. One clock. Minted on Abstract.,3076.gif,Graveyard,Classic,Sad,Party,None,Pumpkin
3077,Shook'um #3077,A looping sheet ghost from Halloween Shook'ums. Three bodies. One skeleton. One clock. Minted on Abstract.,3077.gif,Parchment,Void,Normal,None,Scarf,None
3078,Shook'um #3078,A looping sheet ghost from Halloween Shook'ums. Three bodies. One skeleton. One clock. Minted on Abstract.,3078.gif,Midnight,Blush,Heart,Bow,None,Candy Corn
3079,Shook'um #3079,A looping sheet ghost from Halloween Shook'ums. Three bodies. One skeleton. One clock. Minted on Abstract.,3079.gif,Candy,Blush,Wink,Flower,Bowtie,Pumpkin
3080,Shook'um #3080,A looping sheet ghost from Halloween Shook'ums. Three bodies. One skeleton. One clock. Minted on Abstract.,3080.gif,Fog,Blush,Spooked,Pumpkin,None,Potion
3081,Shook'um #3081,A looping sheet ghost from Halloween Shook'ums. Three bodies. One skeleton. One clock. Minted on Abstract.,3081.gif,Blush,Classic,Spooked,Cat Ears,Collar,None
3082,Shook'um #3082,A looping sheet ghost from Halloween Shook'ums. Three bodies. One skeleton. One clock. Minted on Abstract.,3082.gif,Midnight,Blush,Angry,None,Pearls,None
3083,Shook'um #3083,A looping sheet ghost from Halloween Shook'ums. Three bodies. One skeleton. One clock. Minted on Abstract.,3083.gif,Parchment,Classic,Blep,Bow,None,Bat
3084,Shook'um #3084,A looping sheet ghost from Halloween Shook'ums. Three bodies. One skeleton. One clock. Minted on Abstract.,3084.gif,Candy,Blush,Blep,None,None,Pumpkin
3085,Shook'um #3085,A looping sheet ghost from Halloween Shook'ums. Three bodies. One skeleton. One clock. Minted on Abstract.,3085.gif,Midnight,Blush,Sparkly,None,Scarf,None
3086,Shook'um #3086,A looping sheet ghost from Halloween Shook'ums. Three bodies. One skeleton. One clock. Minted on Abstract.,3086.gif,Pumpkin,Blush,Normal,Bow,Chain,Candy Corn
3087,Shook'um #3087,A looping sheet ghost from Halloween Shook'ums. Three bodies. One skeleton. One clock. Minted on Abstract.,3087.gif,Dusk,Classic,Sleepy,Witch,Scarf,Bat
3088,Shook'um #3088,A looping sheet ghost from Halloween Shook'ums. Three bodies. One skeleton. One clock. Minted on Abstract.,3088.gif,Void,Classic,Sad,Cat Ears,None,Moon
3089,Shook'um #3089,A looping sheet ghost from Halloween Shook'ums. Three bodies. One skeleton. One clock. Minted on Abstract.,3089.gif,Pumpkin,Blush,Starry,Bow,None,Bat
3090,Shook'um #3090,A looping sheet ghost from Halloween Shook'ums. Three bodies. One skeleton. One clock. Minted on Abstract.,3090.gif,Pumpkin,Classic,Sleepy,None,Bowtie,Candy Corn
3091,Shook'um #3091,A looping sheet ghost from Halloween Shook'ums. Three bodies. One skeleton. One clock. Minted on Abstract.,3091.gif,Pumpkin,Classic,Wink,Bow,Chain,None
3092,Shook'um #3092,A looping sheet ghost from Halloween Shook'ums. Three bodies. One skeleton. One clock. Minted on Abstract.,3092.gif,Graveyard,Classic,Sparkly,Witch,Chain,Candy
3093,Shook'um #3093,A looping sheet ghost from Halloween Shook'ums. Three bodies. One skeleton. One clock. Minted on Abstract.,3093.gif,Pumpkin,Classic,Heart,None,Cape,None
3094,Shook'um #3094,A looping sheet ghost from Halloween Shook'ums. Three bodies. One skeleton. One clock. Minted on Abstract.,3094.gif,Candy,Classic,Normal,Flower,Scarf,Candy Corn
3095,Shook'um #3095,A looping sheet ghost from Halloween Shook'ums. Three bodies. One skeleton. One clock. Minted on Abstract.,3095.gif,Pumpkin,Classic,Normal,Party,None,Moon
3096,Shook'um #3096,A looping sheet ghost from Halloween Shook'ums. Three bodies. One skeleton. One clock. Minted on Abstract.,3096.gif,Graveyard,Classic,Spooked,None,None,None
3097,Shook'um #3097,A looping sheet ghost from Halloween Shook'ums. Three bodies. One skeleton. One clock. Minted on Abstract.,3097.gif,Dusk,Classic,Wink,Party,None,Pumpkin
3098,Shook'um #3098,A looping sheet ghost from Halloween Shook'ums. Three bodies. One skeleton. One clock. Minted on Abstract.,3098.gif,Candy,Void,Spooked,None,Collar,Broom
3099,Shook'um #3099,A looping sheet ghost from Halloween Shook'ums. Three bodies. One skeleton. One clock. Minted on Abstract.,3099.gif,Candy,Blush,Normal,Witch,Scarf,Bat
3100,Shook'um #3100,A looping sheet ghost from Halloween Shook'ums. Three bodies. One skeleton. One clock. Minted on Abstract.,3100.gif,Blush,Classic,Blep,Cat Ears,Bowtie,Pumpkin
3101,Shook'um #3101,A looping sheet ghost from Halloween Shook'ums. Three bodies. One skeleton. One clock. Minted on Abstract.,3101.gif,Graveyard,Blush,Spooked,Flower,Scarf,Broom
3102,Shook'um #3102,A looping sheet ghost from Halloween Shook'ums. Three bodies. One skeleton. One clock. Minted on Abstract.,3102.gif,Blood Moon,Classic,Heart,Cat Ears,Bowtie,Potion
3103,Shook'um #3103,A looping sheet ghost from Halloween Shook'ums. Three bodies. One skeleton. One clock. Minted on Abstract.,3103.gif,Candy,Classic,Blep,Halo,Chain,Bat
3104,Shook'um #3104,A looping sheet ghost from Halloween Shook'ums. Three bodies. One skeleton. One clock. Minted on Abstract.,3104.gif,Candy,Void,Blep,None,Chain,Candy Corn
3105,Shook'um #3105,A looping sheet ghost from Halloween Shook'ums. Three bodies. One skeleton. One clock. Minted on Abstract.,3105.gif,Parchment,Classic,Spooked,Halo,Cape,Candy
3106,Shook'um #3106,A looping sheet ghost from Halloween Shook'ums. Three bodies. One skeleton. One clock. Minted on Abstract.,3106.gif,Candy,Blush,Normal,None,Chain,Pumpkin
3107,Shook'um #3107,A looping sheet ghost from Halloween Shook'ums. Three bodies. One skeleton. One clock. Minted on Abstract.,3107.gif,Midnight,Classic,Spooked,Bow,Scarf,None
3108,Shook'um #3108,A looping sheet ghost from Halloween Shook'ums. Three bodies. One skeleton. One clock. Minted on Abstract.,3108.gif,Parchment,Blush,Blep,Bow,None,None
3109,Shook'um #3109,A looping sheet ghost from Halloween Shook'ums. Three bodies. One skeleton. One clock. Minted on Abstract.,3109.gif,Candy,Blush,Normal,Bow,None,Broom
3110,Shook'um #3110,A looping sheet ghost from Halloween Shook'ums. Three bodies. One skeleton. One clock. Minted on Abstract.,3110.gif,Pumpkin,Classic,Heart,None,None,Moon
3111,Shook'um #3111,A looping sheet ghost from Halloween Shook'ums. Three bodies. One skeleton. One clock. Minted on Abstract.,3111.gif,Parchment,Classic,Spooked,Witch,Cape,None
3112,Shook'um #3112,A looping sheet ghost from Halloween Shook'ums. Three bodies. One skeleton. One clock. Minted on Abstract.,3112.gif,Candy,Classic,Normal,Witch,Cape,Broom
3113,Shook'um #3113,A looping sheet ghost from Halloween Shook'ums. Three bodies. One skeleton. One clock. Minted on Abstract.,3113.gif,Candy,Void,Spooked,Flower,Scarf,Potion
3114,Shook'um #3114,A looping sheet ghost from Halloween Shook'ums. Three bodies. One skeleton. One clock. Minted on Abstract.,3114.gif,Parchment,Void,Sleepy,None,Chain,Potion
3115,Shook'um #3115,A looping sheet ghost from Halloween Shook'ums. Three bodies. One skeleton. One clock. Minted on Abstract.,3115.gif,Fog,Blush,Spooked,Witch,None,None
3116,Shook'um #3116,A looping sheet ghost from Halloween Shook'ums. Three bodies. One skeleton. One clock. Minted on Abstract.,3116.gif,Blush,Classic,Normal,Halo,None,Potion
3117,Shook'um #3117,A looping sheet ghost from Halloween Shook'ums. Three bodies. One skeleton. One clock. Minted on Abstract.,3117.gif,Dusk,Classic,Sad,Pumpkin,Chain,Bat
3118,Shook'um #3118,A looping sheet ghost from Halloween Shook'ums. Three bodies. One skeleton. One clock. Minted on Abstract.,3118.gif,Candy,Blush,Sleepy,None,None,None
3119,Shook'um #3119,A looping sheet ghost from Halloween Shook'ums. Three bodies. One skeleton. One clock. Minted on Abstract.,3119.gif,Midnight,Blush,Spooked,Cat Ears,Collar,None
3120,Shook'um #3120,A looping sheet ghost from Halloween Shook'ums. Three bodies. One skeleton. One clock. Minted on Abstract.,3120.gif,Dusk,Classic,Angry,Flower,Chain,Broom
3121,Shook'um #3121,A looping sheet ghost from Halloween Shook'ums. Three bodies. One skeleton. One clock. Minted on Abstract.,3121.gif,Midnight,Classic,Spooked,Halo,None,Pumpkin
3122,Shook'um #3122,A looping sheet ghost from Halloween Shook'ums. Three bodies. One skeleton. One clock. Minted on Abstract.,3122.gif,Pumpkin,Void,Blep,Witch,Scarf,Pumpkin
3123,Shook'um #3123,A looping sheet ghost from Halloween Shook'ums. Three bodies. One skeleton. One clock. Minted on Abstract.,3123.gif,Parchment,Classic,Wink,Pumpkin,Scarf,Candy
3124,Shook'um #3124,A looping sheet ghost from Halloween Shook'ums. Three bodies. One skeleton. One clock. Minted on Abstract.,3124.gif,Pumpkin,Classic,Spooked,Bow,Scarf,Candy
3125,Shook'um #3125,A looping sheet ghost from Halloween Shook'ums. Three bodies. One skeleton. One clock. Minted on Abstract.,3125.gif,Graveyard,Classic,Normal,Witch,Scarf,None
3126,Shook'um #3126,A looping sheet ghost from Halloween Shook'ums. Three bodies. One skeleton. One clock. Minted on Abstract.,3126.gif,Midnight,Blush,Sparkly,Halo,Pearls,None
3127,Shook'um #3127,A looping sheet ghost from Halloween Shook'ums. Three bodies. One skeleton. One clock. Minted on Abstract.,3127.gif,Parchment,Classic,Starry,Witch,Scarf,Potion
3128,Shook'um #3128,A looping sheet ghost from Halloween Shook'ums. Three bodies. One skeleton. One clock. Minted on Abstract.,3128.gif,Blood Moon,Void,Blep,None,None,Moon
3129,Shook'um #3129,A looping sheet ghost from Halloween Shook'ums. Three bodies. One skeleton. One clock. Minted on Abstract.,3129.gif,Blood Moon,Blush,Blep,Flower,Pearls,Candy
3130,Shook'um #3130,A looping sheet ghost from Halloween Shook'ums. Three bodies. One skeleton. One clock. Minted on Abstract.,3130.gif,Parchment,Blush,Heart,Party,None,Moon
3131,Shook'um #3131,A looping sheet ghost from Halloween Shook'ums. Three bodies. One skeleton. One clock. Minted on Abstract.,3131.gif,Parchment,Classic,Angry,Flower,Bowtie,Candy
3132,Shook'um #3132,A looping sheet ghost from Halloween Shook'ums. Three bodies. One skeleton. One clock. Minted on Abstract.,3132.gif,Midnight,Blush,Wink,Bow,None,None
3133,Shook'um #3133,A looping sheet ghost from Halloween Shook'ums. Three bodies. One skeleton. One clock. Minted on Abstract.,3133.gif,Parchment,Classic,Spooked,None,Collar,Potion
3134,Shook'um #3134,A looping sheet ghost from Halloween Shook'ums. Three bodies. One skeleton. One clock. Minted on Abstract.,3134.gif,Dusk,Classic,Blep,None,None,Pumpkin
3135,Shook'um #3135,A looping sheet ghost from Halloween Shook'ums. Three bodies. One skeleton. One clock. Minted on Abstract.,3135.gif,Parchment,Void,Spooked,Wizard,Bowtie,None
3136,Shook'um #3136,A looping sheet ghost from Halloween Shook'ums. Three bodies. One skeleton. One clock. Minted on Abstract.,3136.gif,Void,Classic,Spooked,Witch,Scarf,None
3137,Shook'um #3137,A looping sheet ghost from Halloween Shook'ums. Three bodies. One skeleton. One clock. Minted on Abstract.,3137.gif,Parchment,Void,Normal,Witch,None,Bat
3138,Shook'um #3138,A looping sheet ghost from Halloween Shook'ums. Three bodies. One skeleton. One clock. Minted on Abstract.,3138.gif,Parchment,Classic,Blep,Party,Cape,None
3139,Shook'um #3139,A looping sheet ghost from Halloween Shook'ums. Three bodies. One skeleton. One clock. Minted on Abstract.,3139.gif,Blush,Classic,Sad,Bow,Chain,None
3140,Shook'um #3140,A looping sheet ghost from Halloween Shook'ums. Three bodies. One skeleton. One clock. Minted on Abstract.,3140.gif,Fog,Blush,Blep,None,Pearls,None
3141,Shook'um #3141,A looping sheet ghost from Halloween Shook'ums. Three bodies. One skeleton. One clock. Minted on Abstract.,3141.gif,Fog,Classic,Spooked,Cat Ears,None,Broom
3142,Shook'um #3142,A looping sheet ghost from Halloween Shook'ums. Three bodies. One skeleton. One clock. Minted on Abstract.,3142.gif,Dusk,Classic,Normal,Cat Ears,Collar,None
3143,Shook'um #3143,A looping sheet ghost from Halloween Shook'ums. Three bodies. One skeleton. One clock. Minted on Abstract.,3143.gif,Parchment,Blush,Spooked,None,Chain,Pumpkin
3144,Shook'um #3144,A looping sheet ghost from Halloween Shook'ums. Three bodies. One skeleton. One clock. Minted on Abstract.,3144.gif,Blood Moon,Classic,Spooked,Flower,Cape,None
3145,Shook'um #3145,A looping sheet ghost from Halloween Shook'ums. Three bodies. One skeleton. One clock. Minted on Abstract.,3145.gif,Void,Classic,Blep,None,Pearls,None
3146,Shook'um #3146,A looping sheet ghost from Halloween Shook'ums. Three bodies. One skeleton. One clock. Minted on Abstract.,3146.gif,Pumpkin,Blush,Sparkly,Party,Cape,Broom
3147,Shook'um #3147,A looping sheet ghost from Halloween Shook'ums. Three bodies. One skeleton. One clock. Minted on Abstract.,3147.gif,Pumpkin,Classic,Normal,Bow,Cape,None
3148,Shook'um #3148,A looping sheet ghost from Halloween Shook'ums. Three bodies. One skeleton. One clock. Minted on Abstract.,3148.gif,Blush,Classic,Starry,None,Bowtie,None
3149,Shook'um #3149,A looping sheet ghost from Halloween Shook'ums. Three bodies. One skeleton. One clock. Minted on Abstract.,3149.gif,Midnight,Void,Sad,Flower,None,Pumpkin
3150,Shook'um #3150,A looping sheet ghost from Halloween Shook'ums. Three bodies. One skeleton. One clock. Minted on Abstract.,3150.gif,Midnight,Blush,Normal,Cat Ears,Cape,Candy Corn
3151,Shook'um #3151,A looping sheet ghost from Halloween Shook'ums. Three bodies. One skeleton. One clock. Minted on Abstract.,3151.gif,Midnight,Classic,Wink,Party,Chain,Potion
3152,Shook'um #3152,A looping sheet ghost from Halloween Shook'ums. Three bodies. One skeleton. One clock. Minted on Abstract.,3152.gif,Fog,Void,Spooked,Crown,None,Candy
3153,Shook'um #3153,A looping sheet ghost from Halloween Shook'ums. Three bodies. One skeleton. One clock. Minted on Abstract.,3153.gif,Pumpkin,Void,Sparkly,Crown,Bowtie,None
3154,Shook'um #3154,A looping sheet ghost from Halloween Shook'ums. Three bodies. One skeleton. One clock. Minted on Abstract.,3154.gif,Fog,Blush,Spooked,Wizard,None,Candy Corn
3155,Shook'um #3155,A looping sheet ghost from Halloween Shook'ums. Three bodies. One skeleton. One clock. Minted on Abstract.,3155.gif,Candy,Blush,Normal,None,Chain,Broom
3156,Shook'um #3156,A looping sheet ghost from Halloween Shook'ums. Three bodies. One skeleton. One clock. Minted on Abstract.,3156.gif,Parchment,Void,Blep,Crown,None,Candy
3157,Shook'um #3157,A looping sheet ghost from Halloween Shook'ums. Three bodies. One skeleton. One clock. Minted on Abstract.,3157.gif,Graveyard,Classic,Sad,Bow,None,Broom
3158,Shook'um #3158,A looping sheet ghost from Halloween Shook'ums. Three bodies. One skeleton. One clock. Minted on Abstract.,3158.gif,Pumpkin,Classic,Spooked,Cat Ears,None,Candy
3159,Shook'um #3159,A looping sheet ghost from Halloween Shook'ums. Three bodies. One skeleton. One clock. Minted on Abstract.,3159.gif,Candy,Classic,Spooked,Pumpkin,None,None
3160,Shook'um #3160,A looping sheet ghost from Halloween Shook'ums. Three bodies. One skeleton. One clock. Minted on Abstract.,3160.gif,Graveyard,Blush,Blep,Halo,Collar,None
3161,Shook'um #3161,A looping sheet ghost from Halloween Shook'ums. Three bodies. One skeleton. One clock. Minted on Abstract.,3161.gif,Blush,Blush,Wink,None,Bowtie,Pumpkin
3162,Shook'um #3162,A looping sheet ghost from Halloween Shook'ums. Three bodies. One skeleton. One clock. Minted on Abstract.,3162.gif,Parchment,Blush,Heart,Witch,None,Candy
3163,Shook'um #3163,A looping sheet ghost from Halloween Shook'ums. Three bodies. One skeleton. One clock. Minted on Abstract.,3163.gif,Blush,Void,Normal,Party,None,Pumpkin
3164,Shook'um #3164,A looping sheet ghost from Halloween Shook'ums. Three bodies. One skeleton. One clock. Minted on Abstract.,3164.gif,Blood Moon,Classic,Blep,Witch,Chain,Moon
3165,Shook'um #3165,A looping sheet ghost from Halloween Shook'ums. Three bodies. One skeleton. One clock. Minted on Abstract.,3165.gif,Parchment,Classic,Starry,Witch,Collar,None
3166,Shook'um #3166,A looping sheet ghost from Halloween Shook'ums. Three bodies. One skeleton. One clock. Minted on Abstract.,3166.gif,Candy,Void,Sad,Pumpkin,Scarf,Candy
3167,Shook'um #3167,A looping sheet ghost from Halloween Shook'ums. Three bodies. One skeleton. One clock. Minted on Abstract.,3167.gif,Midnight,Classic,Blep,Bow,None,Candy Corn
3168,Shook'um #3168,A looping sheet ghost from Halloween Shook'ums. Three bodies. One skeleton. One clock. Minted on Abstract.,3168.gif,Blush,Blush,Angry,Witch,None,Candy
3169,Shook'um #3169,A looping sheet ghost from Halloween Shook'ums. Three bodies. One skeleton. One clock. Minted on Abstract.,3169.gif,Pumpkin,Classic,Spooked,Pumpkin,Scarf,None
3170,Shook'um #3170,A looping sheet ghost from Halloween Shook'ums. Three bodies. One skeleton. One clock. Minted on Abstract.,3170.gif,Graveyard,Classic,Sleepy,None,Scarf,Pumpkin
3171,Shook'um #3171,A looping sheet ghost from Halloween Shook'ums. Three bodies. One skeleton. One clock. Minted on Abstract.,3171.gif,Fog,Classic,Heart,Bow,None,Candy Corn
3172,Shook'um #3172,A looping sheet ghost from Halloween Shook'ums. Three bodies. One skeleton. One clock. Minted on Abstract.,3172.gif,Blood Moon,Classic,Heart,Pumpkin,None,None
3173,Shook'um #3173,A looping sheet ghost from Halloween Shook'ums. Three bodies. One skeleton. One clock. Minted on Abstract.,3173.gif,Parchment,Blush,Normal,Crown,None,Pumpkin
3174,Shook'um #3174,A looping sheet ghost from Halloween Shook'ums. Three bodies. One skeleton. One clock. Minted on Abstract.,3174.gif,Blush,Classic,Blep,Witch,Chain,Bat
3175,Shook'um #3175,A looping sheet ghost from Halloween Shook'ums. Three bodies. One skeleton. One clock. Minted on Abstract.,3175.gif,Dusk,Classic,Wink,None,None,Bat
3176,Shook'um #3176,A looping sheet ghost from Halloween Shook'ums. Three bodies. One skeleton. One clock. Minted on Abstract.,3176.gif,Midnight,Blush,Sleepy,Party,Bowtie,Candy
3177,Shook'um #3177,A looping sheet ghost from Halloween Shook'ums. Three bodies. One skeleton. One clock. Minted on Abstract.,3177.gif,Dusk,Classic,Blep,None,Chain,Pumpkin
3178,Shook'um #3178,A looping sheet ghost from Halloween Shook'ums. Three bodies. One skeleton. One clock. Minted on Abstract.,3178.gif,Pumpkin,Void,Blep,Witch,Bowtie,Bat
3179,Shook'um #3179,A looping sheet ghost from Halloween Shook'ums. Three bodies. One skeleton. One clock. Minted on Abstract.,3179.gif,Blush,Classic,Spooked,Halo,Bowtie,None
3180,Shook'um #3180,A looping sheet ghost from Halloween Shook'ums. Three bodies. One skeleton. One clock. Minted on Abstract.,3180.gif,Candy,Classic,Blep,Witch,Pearls,Pumpkin
3181,Shook'um #3181,A looping sheet ghost from Halloween Shook'ums. Three bodies. One skeleton. One clock. Minted on Abstract.,3181.gif,Fog,Classic,Spooked,None,Bowtie,Pumpkin
3182,Shook'um #3182,A looping sheet ghost from Halloween Shook'ums. Three bodies. One skeleton. One clock. Minted on Abstract.,3182.gif,Blood Moon,Blush,Angry,None,Scarf,Broom
3183,Shook'um #3183,A looping sheet ghost from Halloween Shook'ums. Three bodies. One skeleton. One clock. Minted on Abstract.,3183.gif,Midnight,Classic,Spooked,Party,None,None
3184,Shook'um #3184,A looping sheet ghost from Halloween Shook'ums. Three bodies. One skeleton. One clock. Minted on Abstract.,3184.gif,Dusk,Void,Sparkly,None,Scarf,Pumpkin
3185,Shook'um #3185,A looping sheet ghost from Halloween Shook'ums. Three bodies. One skeleton. One clock. Minted on Abstract.,3185.gif,Candy,Classic,Heart,None,None,None
3186,Shook'um #3186,A looping sheet ghost from Halloween Shook'ums. Three bodies. One skeleton. One clock. Minted on Abstract.,3186.gif,Graveyard,Classic,Blep,None,Pearls,Moon
3187,Shook'um #3187,A looping sheet ghost from Halloween Shook'ums. Three bodies. One skeleton. One clock. Minted on Abstract.,3187.gif,Candy,Classic,Normal,Witch,Chain,None
3188,Shook'um #3188,A looping sheet ghost from Halloween Shook'ums. Three bodies. One skeleton. One clock. Minted on Abstract.,3188.gif,Blood Moon,Classic,Sparkly,None,Cape,None
3189,Shook'um #3189,A looping sheet ghost from Halloween Shook'ums. Three bodies. One skeleton. One clock. Minted on Abstract.,3189.gif,Pumpkin,Classic,Angry,Cat Ears,Chain,None
3190,Shook'um #3190,A looping sheet ghost from Halloween Shook'ums. Three bodies. One skeleton. One clock. Minted on Abstract.,3190.gif,Dusk,Blush,Sleepy,Cat Ears,None,Candy
3191,Shook'um #3191,A looping sheet ghost from Halloween Shook'ums. Three bodies. One skeleton. One clock. Minted on Abstract.,3191.gif,Midnight,Blush,Wink,Witch,Chain,Candy
3192,Shook'um #3192,A looping sheet ghost from Halloween Shook'ums. Three bodies. One skeleton. One clock. Minted on Abstract.,3192.gif,Midnight,Classic,Sleepy,Cat Ears,Pearls,Candy Corn
3193,Shook'um #3193,A looping sheet ghost from Halloween Shook'ums. Three bodies. One skeleton. One clock. Minted on Abstract.,3193.gif,Midnight,Classic,Sparkly,None,Collar,Candy
3194,Shook'um #3194,A looping sheet ghost from Halloween Shook'ums. Three bodies. One skeleton. One clock. Minted on Abstract.,3194.gif,Fog,Classic,Sleepy,Crown,Bowtie,Potion
3195,Shook'um #3195,A looping sheet ghost from Halloween Shook'ums. Three bodies. One skeleton. One clock. Minted on Abstract.,3195.gif,Fog,Classic,Normal,Cat Ears,Bowtie,Broom
3196,Shook'um #3196,A looping sheet ghost from Halloween Shook'ums. Three bodies. One skeleton. One clock. Minted on Abstract.,3196.gif,Blood Moon,Blush,Normal,Witch,Chain,Moon
3197,Shook'um #3197,A looping sheet ghost from Halloween Shook'ums. Three bodies. One skeleton. One clock. Minted on Abstract.,3197.gif,Dusk,Classic,Sleepy,Pumpkin,None,Pumpkin
3198,Shook'um #3198,A looping sheet ghost from Halloween Shook'ums. Three bodies. One skeleton. One clock. Minted on Abstract.,3198.gif,Midnight,Classic,Normal,Flower,Bowtie,Bat
3199,Shook'um #3199,A looping sheet ghost from Halloween Shook'ums. Three bodies. One skeleton. One clock. Minted on Abstract.,3199.gif,Midnight,Blush,Wink,None,Pearls,Pumpkin
3200,Shook'um #3200,A looping sheet ghost from Halloween Shook'ums. Three bodies. One skeleton. One clock. Minted on Abstract.,3200.gif,Blush,Classic,Wink,Party,Scarf,Pumpkin
3201,Shook'um #3201,A looping sheet ghost from Halloween Shook'ums. Three bodies. One skeleton. One clock. Minted on Abstract.,3201.gif,Pumpkin,Classic,Blep,Witch,Cape,None
3202,Shook'um #3202,A looping sheet ghost from Halloween Shook'ums. Three bodies. One skeleton. One clock. Minted on Abstract.,3202.gif,Pumpkin,Classic,Sparkly,None,Collar,Broom
3203,Shook'um #3203,A looping sheet ghost from Halloween Shook'ums. Three bodies. One skeleton. One clock. Minted on Abstract.,3203.gif,Parchment,Blush,Spooked,Party,None,Candy Corn
3204,Shook'um #3204,A looping sheet ghost from Halloween Shook'ums. Three bodies. One skeleton. One clock. Minted on Abstract.,3204.gif,Midnight,Blush,Normal,Flower,Bowtie,None
3205,Shook'um #3205,A looping sheet ghost from Halloween Shook'ums. Three bodies. One skeleton. One clock. Minted on Abstract.,3205.gif,Graveyard,Classic,Sparkly,Bow,None,Candy Corn
3206,Shook'um #3206,A looping sheet ghost from Halloween Shook'ums. Three bodies. One skeleton. One clock. Minted on Abstract.,3206.gif,Blush,Classic,Spooked,None,None,None
3207,Shook'um #3207,A looping sheet ghost from Halloween Shook'ums. Three bodies. One skeleton. One clock. Minted on Abstract.,3207.gif,Blood Moon,Classic,Normal,None,Bowtie,None
3208,Shook'um #3208,A looping sheet ghost from Halloween Shook'ums. Three bodies. One skeleton. One clock. Minted on Abstract.,3208.gif,Fog,Classic,Spooked,None,None,Bat
3209,Shook'um #3209,A looping sheet ghost from Halloween Shook'ums. Three bodies. One skeleton. One clock. Minted on Abstract.,3209.gif,Blush,Classic,Spooked,None,None,Pumpkin
3210,Shook'um #3210,A looping sheet ghost from Halloween Shook'ums. Three bodies. One skeleton. One clock. Minted on Abstract.,3210.gif,Pumpkin,Blush,Blep,None,Chain,Candy Corn
3211,Shook'um #3211,A looping sheet ghost from Halloween Shook'ums. Three bodies. One skeleton. One clock. Minted on Abstract.,3211.gif,Graveyard,Blush,Spooked,Cat Ears,None,Candy Corn
3212,Shook'um #3212,A looping sheet ghost from Halloween Shook'ums. Three bodies. One skeleton. One clock. Minted on Abstract.,3212.gif,Dusk,Void,Blep,Cat Ears,Pearls,Pumpkin
3213,Shook'um #3213,A looping sheet ghost from Halloween Shook'ums. Three bodies. One skeleton. One clock. Minted on Abstract.,3213.gif,Dusk,Classic,Sparkly,Witch,Cape,Candy
3214,Shook'um #3214,A looping sheet ghost from Halloween Shook'ums. Three bodies. One skeleton. One clock. Minted on Abstract.,3214.gif,Candy,Classic,Sleepy,Bow,Bowtie,Moon
3215,Shook'um #3215,A looping sheet ghost from Halloween Shook'ums. Three bodies. One skeleton. One clock. Minted on Abstract.,3215.gif,Blood Moon,Classic,Normal,None,Cape,Pumpkin
3216,Shook'um #3216,A looping sheet ghost from Halloween Shook'ums. Three bodies. One skeleton. One clock. Minted on Abstract.,3216.gif,Midnight,Blush,Normal,Bow,None,Potion
3217,Shook'um #3217,A looping sheet ghost from Halloween Shook'ums. Three bodies. One skeleton. One clock. Minted on Abstract.,3217.gif,Blush,Classic,Normal,Cat Ears,Cape,Pumpkin
3218,Shook'um #3218,A looping sheet ghost from Halloween Shook'ums. Three bodies. One skeleton. One clock. Minted on Abstract.,3218.gif,Fog,Blush,Normal,Pumpkin,None,Candy Corn
3219,Shook'um #3219,A looping sheet ghost from Halloween Shook'ums. Three bodies. One skeleton. One clock. Minted on Abstract.,3219.gif,Dusk,Classic,Normal,Flower,None,Pumpkin
3220,Shook'um #3220,A looping sheet ghost from Halloween Shook'ums. Three bodies. One skeleton. One clock. Minted on Abstract.,3220.gif,Pumpkin,Classic,Wink,Bow,Collar,None
3221,Shook'um #3221,A looping sheet ghost from Halloween Shook'ums. Three bodies. One skeleton. One clock. Minted on Abstract.,3221.gif,Candy,Blush,Sleepy,None,Collar,Candy Corn
3222,Shook'um #3222,A looping sheet ghost from Halloween Shook'ums. Three bodies. One skeleton. One clock. Minted on Abstract.,3222.gif,Blood Moon,Blush,Spooked,Flower,Scarf,Pumpkin
3223,Shook'um #3223,A looping sheet ghost from Halloween Shook'ums. Three bodies. One skeleton. One clock. Minted on Abstract.,3223.gif,Candy,Classic,Sparkly,None,None,None
3224,Shook'um #3224,A looping sheet ghost from Halloween Shook'ums. Three bodies. One skeleton. One clock. Minted on Abstract.,3224.gif,Candy,Classic,Heart,Flower,Collar,None
3225,Shook'um #3225,A looping sheet ghost from Halloween Shook'ums. Three bodies. One skeleton. One clock. Minted on Abstract.,3225.gif,Blood Moon,Blush,Wink,Pumpkin,Pearls,None
3226,Shook'um #3226,A looping sheet ghost from Halloween Shook'ums. Three bodies. One skeleton. One clock. Minted on Abstract.,3226.gif,Pumpkin,Classic,Angry,None,Scarf,None
3227,Shook'um #3227,A looping sheet ghost from Halloween Shook'ums. Three bodies. One skeleton. One clock. Minted on Abstract.,3227.gif,Dusk,Classic,Sleepy,Witch,None,None
3228,Shook'um #3228,A looping sheet ghost from Halloween Shook'ums. Three bodies. One skeleton. One clock. Minted on Abstract.,3228.gif,Pumpkin,Classic,Wink,Cat Ears,None,None
3229,Shook'um #3229,A looping sheet ghost from Halloween Shook'ums. Three bodies. One skeleton. One clock. Minted on Abstract.,3229.gif,Midnight,Classic,Blep,Cat Ears,Pearls,None
3230,Shook'um #3230,A looping sheet ghost from Halloween Shook'ums. Three bodies. One skeleton. One clock. Minted on Abstract.,3230.gif,Parchment,Classic,Blep,None,Chain,Potion
3231,Shook'um #3231,A looping sheet ghost from Halloween Shook'ums. Three bodies. One skeleton. One clock. Minted on Abstract.,3231.gif,Pumpkin,Classic,Sad,None,Bowtie,None
3232,Shook'um #3232,A looping sheet ghost from Halloween Shook'ums. Three bodies. One skeleton. One clock. Minted on Abstract.,3232.gif,Pumpkin,Classic,Sparkly,None,None,None
3233,Shook'um #3233,A looping sheet ghost from Halloween Shook'ums. Three bodies. One skeleton. One clock. Minted on Abstract.,3233.gif,Parchment,Void,Spooked,Witch,Bowtie,Candy Corn
3234,Shook'um #3234,A looping sheet ghost from Halloween Shook'ums. Three bodies. One skeleton. One clock. Minted on Abstract.,3234.gif,Parchment,Blush,Spooked,Witch,None,Potion
3235,Shook'um #3235,A looping sheet ghost from Halloween Shook'ums. Three bodies. One skeleton. One clock. Minted on Abstract.,3235.gif,Pumpkin,Void,Sad,None,Chain,Pumpkin
3236,Shook'um #3236,A looping sheet ghost from Halloween Shook'ums. Three bodies. One skeleton. One clock. Minted on Abstract.,3236.gif,Dusk,Classic,Normal,Pumpkin,Pearls,Potion
3237,Shook'um #3237,A looping sheet ghost from Halloween Shook'ums. Three bodies. One skeleton. One clock. Minted on Abstract.,3237.gif,Midnight,Classic,Normal,Bow,Scarf,Bat
3238,Shook'um #3238,A looping sheet ghost from Halloween Shook'ums. Three bodies. One skeleton. One clock. Minted on Abstract.,3238.gif,Candy,Classic,Spooked,Bow,Bowtie,Bat
3239,Shook'um #3239,A looping sheet ghost from Halloween Shook'ums. Three bodies. One skeleton. One clock. Minted on Abstract.,3239.gif,Pumpkin,Void,Normal,Pumpkin,None,Candy
3240,Shook'um #3240,A looping sheet ghost from Halloween Shook'ums. Three bodies. One skeleton. One clock. Minted on Abstract.,3240.gif,Dusk,Classic,Normal,Cat Ears,Chain,Pumpkin
3241,Shook'um #3241,A looping sheet ghost from Halloween Shook'ums. Three bodies. One skeleton. One clock. Minted on Abstract.,3241.gif,Parchment,Classic,Normal,Wizard,Collar,None
3242,Shook'um #3242,A looping sheet ghost from Halloween Shook'ums. Three bodies. One skeleton. One clock. Minted on Abstract.,3242.gif,Graveyard,Blush,Wink,Wizard,Scarf,Pumpkin
3243,Shook'um #3243,A looping sheet ghost from Halloween Shook'ums. Three bodies. One skeleton. One clock. Minted on Abstract.,3243.gif,Parchment,Blush,Spooked,Bow,Cape,None
3244,Shook'um #3244,A looping sheet ghost from Halloween Shook'ums. Three bodies. One skeleton. One clock. Minted on Abstract.,3244.gif,Fog,Classic,Normal,Witch,None,Potion
3245,Shook'um #3245,A looping sheet ghost from Halloween Shook'ums. Three bodies. One skeleton. One clock. Minted on Abstract.,3245.gif,Fog,Void,Spooked,Bow,None,Candy Corn
3246,Shook'um #3246,A looping sheet ghost from Halloween Shook'ums. Three bodies. One skeleton. One clock. Minted on Abstract.,3246.gif,Blood Moon,Blush,Spooked,Wizard,None,Pumpkin
3247,Shook'um #3247,A looping sheet ghost from Halloween Shook'ums. Three bodies. One skeleton. One clock. Minted on Abstract.,3247.gif,Pumpkin,Classic,Blep,Flower,Scarf,None
3248,Shook'um #3248,A looping sheet ghost from Halloween Shook'ums. Three bodies. One skeleton. One clock. Minted on Abstract.,3248.gif,Candy,Void,Sleepy,Cat Ears,None,None
3249,Shook'um #3249,A looping sheet ghost from Halloween Shook'ums. Three bodies. One skeleton. One clock. Minted on Abstract.,3249.gif,Parchment,Classic,Sad,Bow,None,Candy
3250,Shook'um #3250,A looping sheet ghost from Halloween Shook'ums. Three bodies. One skeleton. One clock. Minted on Abstract.,3250.gif,Candy,Classic,Spooked,Halo,Scarf,None
3251,Shook'um #3251,A looping sheet ghost from Halloween Shook'ums. Three bodies. One skeleton. One clock. Minted on Abstract.,3251.gif,Midnight,Classic,Normal,Bow,None,Bat
3252,Shook'um #3252,A looping sheet ghost from Halloween Shook'ums. Three bodies. One skeleton. One clock. Minted on Abstract.,3252.gif,Dusk,Void,Sad,Party,None,Moon
3253,Shook'um #3253,A looping sheet ghost from Halloween Shook'ums. Three bodies. One skeleton. One clock. Minted on Abstract.,3253.gif,Graveyard,Blush,Sparkly,None,Scarf,Broom
3254,Shook'um #3254,A looping sheet ghost from Halloween Shook'ums. Three bodies. One skeleton. One clock. Minted on Abstract.,3254.gif,Parchment,Classic,Spooked,Cat Ears,Scarf,Broom
3255,Shook'um #3255,A looping sheet ghost from Halloween Shook'ums. Three bodies. One skeleton. One clock. Minted on Abstract.,3255.gif,Dusk,Void,Blep,Crown,Scarf,Candy
3256,Shook'um #3256,A looping sheet ghost from Halloween Shook'ums. Three bodies. One skeleton. One clock. Minted on Abstract.,3256.gif,Candy,Blush,Sparkly,None,Cape,Potion
3257,Shook'um #3257,A looping sheet ghost from Halloween Shook'ums. Three bodies. One skeleton. One clock. Minted on Abstract.,3257.gif,Void,Classic,Normal,None,None,Candy
3258,Shook'um #3258,A looping sheet ghost from Halloween Shook'ums. Three bodies. One skeleton. One clock. Minted on Abstract.,3258.gif,Parchment,Blush,Blep,None,Bowtie,None
3259,Shook'um #3259,A looping sheet ghost from Halloween Shook'ums. Three bodies. One skeleton. One clock. Minted on Abstract.,3259.gif,Dusk,Void,Sparkly,Flower,None,Bat
3260,Shook'um #3260,A looping sheet ghost from Halloween Shook'ums. Three bodies. One skeleton. One clock. Minted on Abstract.,3260.gif,Graveyard,Classic,Sleepy,Flower,Scarf,Potion
3261,Shook'um #3261,A looping sheet ghost from Halloween Shook'ums. Three bodies. One skeleton. One clock. Minted on Abstract.,3261.gif,Void,Blush,Angry,None,Collar,Moon
3262,Shook'um #3262,A looping sheet ghost from Halloween Shook'ums. Three bodies. One skeleton. One clock. Minted on Abstract.,3262.gif,Parchment,Classic,Angry,Pumpkin,Scarf,Candy
3263,Shook'um #3263,A looping sheet ghost from Halloween Shook'ums. Three bodies. One skeleton. One clock. Minted on Abstract.,3263.gif,Blush,Classic,Blep,Party,Scarf,Broom
3264,Shook'um #3264,A looping sheet ghost from Halloween Shook'ums. Three bodies. One skeleton. One clock. Minted on Abstract.,3264.gif,Fog,Blush,Spooked,Wizard,Chain,None
3265,Shook'um #3265,A looping sheet ghost from Halloween Shook'ums. Three bodies. One skeleton. One clock. Minted on Abstract.,3265.gif,Blush,Classic,Sad,None,Scarf,None
3266,Shook'um #3266,A looping sheet ghost from Halloween Shook'ums. Three bodies. One skeleton. One clock. Minted on Abstract.,3266.gif,Pumpkin,Classic,Wink,Pumpkin,Pearls,Candy Corn
3267,Shook'um #3267,A looping sheet ghost from Halloween Shook'ums. Three bodies. One skeleton. One clock. Minted on Abstract.,3267.gif,Parchment,Classic,Blep,Pumpkin,Bowtie,None
3268,Shook'um #3268,A looping sheet ghost from Halloween Shook'ums. Three bodies. One skeleton. One clock. Minted on Abstract.,3268.gif,Parchment,Classic,Starry,Party,None,None
3269,Shook'um #3269,A looping sheet ghost from Halloween Shook'ums. Three bodies. One skeleton. One clock. Minted on Abstract.,3269.gif,Pumpkin,Classic,Sad,Halo,None,None
3270,Shook'um #3270,A looping sheet ghost from Halloween Shook'ums. Three bodies. One skeleton. One clock. Minted on Abstract.,3270.gif,Fog,Blush,Sad,Witch,Bowtie,None
3271,Shook'um #3271,A looping sheet ghost from Halloween Shook'ums. Three bodies. One skeleton. One clock. Minted on Abstract.,3271.gif,Blush,Classic,Sleepy,Cat Ears,Scarf,Potion
3272,Shook'um #3272,A looping sheet ghost from Halloween Shook'ums. Three bodies. One skeleton. One clock. Minted on Abstract.,3272.gif,Dusk,Classic,Starry,Cat Ears,None,None
3273,Shook'um #3273,A looping sheet ghost from Halloween Shook'ums. Three bodies. One skeleton. One clock. Minted on Abstract.,3273.gif,Graveyard,Classic,Spooked,Bow,Scarf,None
3274,Shook'um #3274,A looping sheet ghost from Halloween Shook'ums. Three bodies. One skeleton. One clock. Minted on Abstract.,3274.gif,Midnight,Void,Normal,Pumpkin,None,Pumpkin
3275,Shook'um #3275,A looping sheet ghost from Halloween Shook'ums. Three bodies. One skeleton. One clock. Minted on Abstract.,3275.gif,Midnight,Classic,Sleepy,Crown,Pearls,Bat
3276,Shook'um #3276,A looping sheet ghost from Halloween Shook'ums. Three bodies. One skeleton. One clock. Minted on Abstract.,3276.gif,Blood Moon,Blush,Normal,None,Bowtie,None
3277,Shook'um #3277,A looping sheet ghost from Halloween Shook'ums. Three bodies. One skeleton. One clock. Minted on Abstract.,3277.gif,Fog,Blush,Blep,None,None,Pumpkin
3278,Shook'um #3278,A looping sheet ghost from Halloween Shook'ums. Three bodies. One skeleton. One clock. Minted on Abstract.,3278.gif,Candy,Blush,Normal,None,Cape,None
3279,Shook'um #3279,A looping sheet ghost from Halloween Shook'ums. Three bodies. One skeleton. One clock. Minted on Abstract.,3279.gif,Blush,Blush,Normal,Pumpkin,Chain,Bat
3280,Shook'um #3280,A looping sheet ghost from Halloween Shook'ums. Three bodies. One skeleton. One clock. Minted on Abstract.,3280.gif,Parchment,Void,Angry,Bow,Collar,None
3281,Shook'um #3281,A looping sheet ghost from Halloween Shook'ums. Three bodies. One skeleton. One clock. Minted on Abstract.,3281.gif,Blush,Blush,Sparkly,None,Chain,Potion
3282,Shook'um #3282,A looping sheet ghost from Halloween Shook'ums. Three bodies. One skeleton. One clock. Minted on Abstract.,3282.gif,Parchment,Classic,Heart,Wizard,None,Pumpkin
3283,Shook'um #3283,A looping sheet ghost from Halloween Shook'ums. Three bodies. One skeleton. One clock. Minted on Abstract.,3283.gif,Midnight,Classic,Spooked,Witch,Bowtie,None
3284,Shook'um #3284,A looping sheet ghost from Halloween Shook'ums. Three bodies. One skeleton. One clock. Minted on Abstract.,3284.gif,Fog,Blush,Wink,None,Scarf,None
3285,Shook'um #3285,A looping sheet ghost from Halloween Shook'ums. Three bodies. One skeleton. One clock. Minted on Abstract.,3285.gif,Pumpkin,Classic,Sparkly,Pumpkin,Scarf,Candy Corn
3286,Shook'um #3286,A looping sheet ghost from Halloween Shook'ums. Three bodies. One skeleton. One clock. Minted on Abstract.,3286.gif,Dusk,Classic,Sad,Flower,Chain,None
3287,Shook'um #3287,A looping sheet ghost from Halloween Shook'ums. Three bodies. One skeleton. One clock. Minted on Abstract.,3287.gif,Blush,Classic,Sad,Party,Collar,None
3288,Shook'um #3288,A looping sheet ghost from Halloween Shook'ums. Three bodies. One skeleton. One clock. Minted on Abstract.,3288.gif,Pumpkin,Classic,Heart,Wizard,Scarf,Candy
3289,Shook'um #3289,A looping sheet ghost from Halloween Shook'ums. Three bodies. One skeleton. One clock. Minted on Abstract.,3289.gif,Pumpkin,Blush,Angry,Cat Ears,Collar,Candy
3290,Shook'um #3290,A looping sheet ghost from Halloween Shook'ums. Three bodies. One skeleton. One clock. Minted on Abstract.,3290.gif,Blush,Classic,Sparkly,None,None,Candy
3291,Shook'um #3291,A looping sheet ghost from Halloween Shook'ums. Three bodies. One skeleton. One clock. Minted on Abstract.,3291.gif,Parchment,Blush,Blep,Witch,None,Candy Corn
3292,Shook'um #3292,A looping sheet ghost from Halloween Shook'ums. Three bodies. One skeleton. One clock. Minted on Abstract.,3292.gif,Fog,Classic,Angry,Party,Chain,Bat
3293,Shook'um #3293,A looping sheet ghost from Halloween Shook'ums. Three bodies. One skeleton. One clock. Minted on Abstract.,3293.gif,Void,Classic,Normal,None,Pearls,Pumpkin
3294,Shook'um #3294,A looping sheet ghost from Halloween Shook'ums. Three bodies. One skeleton. One clock. Minted on Abstract.,3294.gif,Blush,Blush,Sleepy,Flower,Pearls,Pumpkin
3295,Shook'um #3295,A looping sheet ghost from Halloween Shook'ums. Three bodies. One skeleton. One clock. Minted on Abstract.,3295.gif,Blush,Blush,Angry,Cat Ears,None,None
3296,Shook'um #3296,A looping sheet ghost from Halloween Shook'ums. Three bodies. One skeleton. One clock. Minted on Abstract.,3296.gif,Parchment,Void,Starry,Cat Ears,None,Pumpkin
3297,Shook'um #3297,A looping sheet ghost from Halloween Shook'ums. Three bodies. One skeleton. One clock. Minted on Abstract.,3297.gif,Graveyard,Void,Blep,Crown,Collar,Potion
3298,Shook'um #3298,A looping sheet ghost from Halloween Shook'ums. Three bodies. One skeleton. One clock. Minted on Abstract.,3298.gif,Graveyard,Blush,Sad,Flower,None,Pumpkin
3299,Shook'um #3299,A looping sheet ghost from Halloween Shook'ums. Three bodies. One skeleton. One clock. Minted on Abstract.,3299.gif,Midnight,Void,Spooked,Flower,Cape,Broom
3300,Shook'um #3300,A looping sheet ghost from Halloween Shook'ums. Three bodies. One skeleton. One clock. Minted on Abstract.,3300.gif,Graveyard,Classic,Starry,Witch,None,Potion
3301,Shook'um #3301,A looping sheet ghost from Halloween Shook'ums. Three bodies. One skeleton. One clock. Minted on Abstract.,3301.gif,Graveyard,Classic,Starry,None,Collar,Broom
3302,Shook'um #3302,A looping sheet ghost from Halloween Shook'ums. Three bodies. One skeleton. One clock. Minted on Abstract.,3302.gif,Dusk,Classic,Angry,Cat Ears,Bowtie,Candy Corn
3303,Shook'um #3303,A looping sheet ghost from Halloween Shook'ums. Three bodies. One skeleton. One clock. Minted on Abstract.,3303.gif,Blush,Classic,Blep,None,Chain,Moon
3304,Shook'um #3304,A looping sheet ghost from Halloween Shook'ums. Three bodies. One skeleton. One clock. Minted on Abstract.,3304.gif,Parchment,Classic,Starry,Cat Ears,Bowtie,Candy Corn
3305,Shook'um #3305,A looping sheet ghost from Halloween Shook'ums. Three bodies. One skeleton. One clock. Minted on Abstract.,3305.gif,Parchment,Void,Normal,Cat Ears,Scarf,None
3306,Shook'um #3306,A looping sheet ghost from Halloween Shook'ums. Three bodies. One skeleton. One clock. Minted on Abstract.,3306.gif,Graveyard,Blush,Spooked,Flower,Chain,Broom
3307,Shook'um #3307,A looping sheet ghost from Halloween Shook'ums. Three bodies. One skeleton. One clock. Minted on Abstract.,3307.gif,Fog,Blush,Normal,Party,Bowtie,None
3308,Shook'um #3308,A looping sheet ghost from Halloween Shook'ums. Three bodies. One skeleton. One clock. Minted on Abstract.,3308.gif,Void,Classic,Heart,Flower,None,Candy
3309,Shook'um #3309,A looping sheet ghost from Halloween Shook'ums. Three bodies. One skeleton. One clock. Minted on Abstract.,3309.gif,Pumpkin,Classic,Normal,Crown,None,Potion
3310,Shook'um #3310,A looping sheet ghost from Halloween Shook'ums. Three bodies. One skeleton. One clock. Minted on Abstract.,3310.gif,Blush,Classic,Starry,Witch,Cape,Pumpkin
3311,Shook'um #3311,A looping sheet ghost from Halloween Shook'ums. Three bodies. One skeleton. One clock. Minted on Abstract.,3311.gif,Fog,Classic,Wink,Party,Chain,Candy
3312,Shook'um #3312,A looping sheet ghost from Halloween Shook'ums. Three bodies. One skeleton. One clock. Minted on Abstract.,3312.gif,Parchment,Blush,Spooked,None,Bowtie,Bat
3313,Shook'um #3313,A looping sheet ghost from Halloween Shook'ums. Three bodies. One skeleton. One clock. Minted on Abstract.,3313.gif,Blush,Void,Sad,Flower,None,Moon
3314,Shook'um #3314,A looping sheet ghost from Halloween Shook'ums. Three bodies. One skeleton. One clock. Minted on Abstract.,3314.gif,Parchment,Classic,Sparkly,None,Pearls,Candy Corn
3315,Shook'um #3315,A looping sheet ghost from Halloween Shook'ums. Three bodies. One skeleton. One clock. Minted on Abstract.,3315.gif,Midnight,Classic,Heart,Halo,None,Pumpkin
3316,Shook'um #3316,A looping sheet ghost from Halloween Shook'ums. Three bodies. One skeleton. One clock. Minted on Abstract.,3316.gif,Candy,Classic,Normal,Flower,Bowtie,Candy
3317,Shook'um #3317,A looping sheet ghost from Halloween Shook'ums. Three bodies. One skeleton. One clock. Minted on Abstract.,3317.gif,Blood Moon,Blush,Spooked,Crown,None,Pumpkin
3318,Shook'um #3318,A looping sheet ghost from Halloween Shook'ums. Three bodies. One skeleton. One clock. Minted on Abstract.,3318.gif,Parchment,Classic,Wink,Wizard,None,None
3319,Shook'um #3319,A looping sheet ghost from Halloween Shook'ums. Three bodies. One skeleton. One clock. Minted on Abstract.,3319.gif,Midnight,Classic,Normal,None,Pearls,Potion
3320,Shook'um #3320,A looping sheet ghost from Halloween Shook'ums. Three bodies. One skeleton. One clock. Minted on Abstract.,3320.gif,Pumpkin,Classic,Sad,None,Collar,None
3321,Shook'um #3321,A looping sheet ghost from Halloween Shook'ums. Three bodies. One skeleton. One clock. Minted on Abstract.,3321.gif,Midnight,Void,Blep,None,Bowtie,Potion
3322,Shook'um #3322,A looping sheet ghost from Halloween Shook'ums. Three bodies. One skeleton. One clock. Minted on Abstract.,3322.gif,Parchment,Blush,Starry,Witch,None,None
3323,Shook'um #3323,A looping sheet ghost from Halloween Shook'ums. Three bodies. One skeleton. One clock. Minted on Abstract.,3323.gif,Dusk,Classic,Sparkly,Pumpkin,None,None
3324,Shook'um #3324,A looping sheet ghost from Halloween Shook'ums. Three bodies. One skeleton. One clock. Minted on Abstract.,3324.gif,Blush,Void,Wink,Halo,None,Candy
3325,Shook'um #3325,A looping sheet ghost from Halloween Shook'ums. Three bodies. One skeleton. One clock. Minted on Abstract.,3325.gif,Candy,Blush,Starry,None,None,Potion
3326,Shook'um #3326,A looping sheet ghost from Halloween Shook'ums. Three bodies. One skeleton. One clock. Minted on Abstract.,3326.gif,Parchment,Blush,Sad,Flower,None,Bat
3327,Shook'um #3327,A looping sheet ghost from Halloween Shook'ums. Three bodies. One skeleton. One clock. Minted on Abstract.,3327.gif,Blood Moon,Classic,Heart,None,None,Moon
3328,Shook'um #3328,A looping sheet ghost from Halloween Shook'ums. Three bodies. One skeleton. One clock. Minted on Abstract.,3328.gif,Dusk,Blush,Sparkly,Pumpkin,Bowtie,Candy
3329,Shook'um #3329,A looping sheet ghost from Halloween Shook'ums. Three bodies. One skeleton. One clock. Minted on Abstract.,3329.gif,Blush,Classic,Starry,Witch,None,Candy
3330,Shook'um #3330,A looping sheet ghost from Halloween Shook'ums. Three bodies. One skeleton. One clock. Minted on Abstract.,3330.gif,Fog,Classic,Sad,Party,Collar,Broom
3331,Shook'um #3331,A looping sheet ghost from Halloween Shook'ums. Three bodies. One skeleton. One clock. Minted on Abstract.,3331.gif,Midnight,Classic,Sleepy,None,Cape,Potion
3332,Shook'um #3332,A looping sheet ghost from Halloween Shook'ums. Three bodies. One skeleton. One clock. Minted on Abstract.,3332.gif,Dusk,Void,Sad,Bow,Scarf,Potion
3333,Shook'um #3333,A looping sheet ghost from Halloween Shook'ums. Three bodies. One skeleton. One clock. Minted on Abstract.,3333.gif,Graveyard,Classic,Wink,Pumpkin,Chain,None
3334,Shook'um #3334,A looping sheet ghost from Halloween Shook'ums. Three bodies. One skeleton. One clock. Minted on Abstract.,3334.gif,Pumpkin,Void,Normal,Halo,Bowtie,None
3335,Shook'um #3335,A looping sheet ghost from Halloween Shook'ums. Three bodies. One skeleton. One clock. Minted on Abstract.,3335.gif,Blood Moon,Classic,Normal,None,Scarf,Bat
3336,Shook'um #3336,A looping sheet ghost from Halloween Shook'ums. Three bodies. One skeleton. One clock. Minted on Abstract.,3336.gif,Blush,Classic,Blep,Bow,None,Pumpkin
3337,Shook'um #3337,A looping sheet ghost from Halloween Shook'ums. Three bodies. One skeleton. One clock. Minted on Abstract.,3337.gif,Candy,Classic,Normal,Party,None,Candy
3338,Shook'um #3338,A looping sheet ghost from Halloween Shook'ums. Three bodies. One skeleton. One clock. Minted on Abstract.,3338.gif,Midnight,Blush,Normal,Wizard,None,Bat
3339,Shook'um #3339,A looping sheet ghost from Halloween Shook'ums. Three bodies. One skeleton. One clock. Minted on Abstract.,3339.gif,Void,Classic,Normal,None,Chain,None
3340,Shook'um #3340,A looping sheet ghost from Halloween Shook'ums. Three bodies. One skeleton. One clock. Minted on Abstract.,3340.gif,Parchment,Blush,Blep,Flower,Scarf,Broom
3341,Shook'um #3341,A looping sheet ghost from Halloween Shook'ums. Three bodies. One skeleton. One clock. Minted on Abstract.,3341.gif,Blush,Classic,Blep,Cat Ears,Pearls,Broom
3342,Shook'um #3342,A looping sheet ghost from Halloween Shook'ums. Three bodies. One skeleton. One clock. Minted on Abstract.,3342.gif,Blush,Classic,Blep,Party,Bowtie,Pumpkin
3343,Shook'um #3343,A looping sheet ghost from Halloween Shook'ums. Three bodies. One skeleton. One clock. Minted on Abstract.,3343.gif,Candy,Classic,Normal,Cat Ears,None,Candy Corn
3344,Shook'um #3344,A looping sheet ghost from Halloween Shook'ums. Three bodies. One skeleton. One clock. Minted on Abstract.,3344.gif,Parchment,Classic,Blep,Bow,None,Pumpkin
3345,Shook'um #3345,A looping sheet ghost from Halloween Shook'ums. Three bodies. One skeleton. One clock. Minted on Abstract.,3345.gif,Pumpkin,Classic,Blep,Flower,Chain,None
3346,Shook'um #3346,A looping sheet ghost from Halloween Shook'ums. Three bodies. One skeleton. One clock. Minted on Abstract.,3346.gif,Fog,Classic,Spooked,Bow,Bowtie,None
3347,Shook'um #3347,A looping sheet ghost from Halloween Shook'ums. Three bodies. One skeleton. One clock. Minted on Abstract.,3347.gif,Blood Moon,Classic,Starry,None,Bowtie,Bat
3348,Shook'um #3348,A looping sheet ghost from Halloween Shook'ums. Three bodies. One skeleton. One clock. Minted on Abstract.,3348.gif,Dusk,Void,Angry,Witch,Scarf,Potion
3349,Shook'um #3349,A looping sheet ghost from Halloween Shook'ums. Three bodies. One skeleton. One clock. Minted on Abstract.,3349.gif,Blood Moon,Blush,Wink,Party,Chain,Potion
3350,Shook'um #3350,A looping sheet ghost from Halloween Shook'ums. Three bodies. One skeleton. One clock. Minted on Abstract.,3350.gif,Parchment,Classic,Sleepy,None,Collar,None
3351,Shook'um #3351,A looping sheet ghost from Halloween Shook'ums. Three bodies. One skeleton. One clock. Minted on Abstract.,3351.gif,Blush,Classic,Starry,Flower,Chain,Candy Corn
3352,Shook'um #3352,A looping sheet ghost from Halloween Shook'ums. Three bodies. One skeleton. One clock. Minted on Abstract.,3352.gif,Parchment,Classic,Sad,Halo,Cape,Candy
3353,Shook'um #3353,A looping sheet ghost from Halloween Shook'ums. Three bodies. One skeleton. One clock. Minted on Abstract.,3353.gif,Midnight,Blush,Spooked,Party,Chain,Candy Corn
3354,Shook'um #3354,A looping sheet ghost from Halloween Shook'ums. Three bodies. One skeleton. One clock. Minted on Abstract.,3354.gif,Void,Classic,Angry,Pumpkin,Collar,None
3355,Shook'um #3355,A looping sheet ghost from Halloween Shook'ums. Three bodies. One skeleton. One clock. Minted on Abstract.,3355.gif,Blush,Classic,Wink,Bow,Bowtie,Candy
3356,Shook'um #3356,A looping sheet ghost from Halloween Shook'ums. Three bodies. One skeleton. One clock. Minted on Abstract.,3356.gif,Candy,Blush,Blep,None,Scarf,Pumpkin
3357,Shook'um #3357,A looping sheet ghost from Halloween Shook'ums. Three bodies. One skeleton. One clock. Minted on Abstract.,3357.gif,Pumpkin,Classic,Heart,Pumpkin,None,None
3358,Shook'um #3358,A looping sheet ghost from Halloween Shook'ums. Three bodies. One skeleton. One clock. Minted on Abstract.,3358.gif,Fog,Classic,Wink,Halo,None,Broom
3359,Shook'um #3359,A looping sheet ghost from Halloween Shook'ums. Three bodies. One skeleton. One clock. Minted on Abstract.,3359.gif,Midnight,Void,Spooked,None,None,Bat
3360,Shook'um #3360,A looping sheet ghost from Halloween Shook'ums. Three bodies. One skeleton. One clock. Minted on Abstract.,3360.gif,Blush,Blush,Sleepy,None,Chain,Potion
3361,Shook'um #3361,A looping sheet ghost from Halloween Shook'ums. Three bodies. One skeleton. One clock. Minted on Abstract.,3361.gif,Parchment,Blush,Spooked,Cat Ears,Bowtie,Candy
3362,Shook'um #3362,A looping sheet ghost from Halloween Shook'ums. Three bodies. One skeleton. One clock. Minted on Abstract.,3362.gif,Graveyard,Classic,Sad,None,Scarf,None
3363,Shook'um #3363,A looping sheet ghost from Halloween Shook'ums. Three bodies. One skeleton. One clock. Minted on Abstract.,3363.gif,Void,Classic,Spooked,Witch,Chain,None
3364,Shook'um #3364,A looping sheet ghost from Halloween Shook'ums. Three bodies. One skeleton. One clock. Minted on Abstract.,3364.gif,Blood Moon,Blush,Sad,Wizard,Chain,Pumpkin
3365,Shook'um #3365,A looping sheet ghost from Halloween Shook'ums. Three bodies. One skeleton. One clock. Minted on Abstract.,3365.gif,Midnight,Classic,Spooked,None,Chain,Bat
3366,Shook'um #3366,A looping sheet ghost from Halloween Shook'ums. Three bodies. One skeleton. One clock. Minted on Abstract.,3366.gif,Pumpkin,Void,Normal,Cat Ears,Bowtie,Pumpkin
3367,Shook'um #3367,A looping sheet ghost from Halloween Shook'ums. Three bodies. One skeleton. One clock. Minted on Abstract.,3367.gif,Pumpkin,Classic,Spooked,Flower,None,Candy
3368,Shook'um #3368,A looping sheet ghost from Halloween Shook'ums. Three bodies. One skeleton. One clock. Minted on Abstract.,3368.gif,Blush,Classic,Blep,Halo,Collar,Pumpkin
3369,Shook'um #3369,A looping sheet ghost from Halloween Shook'ums. Three bodies. One skeleton. One clock. Minted on Abstract.,3369.gif,Pumpkin,Void,Normal,Wizard,None,None
3370,Shook'um #3370,A looping sheet ghost from Halloween Shook'ums. Three bodies. One skeleton. One clock. Minted on Abstract.,3370.gif,Blush,Blush,Blep,Flower,Scarf,None
3371,Shook'um #3371,A looping sheet ghost from Halloween Shook'ums. Three bodies. One skeleton. One clock. Minted on Abstract.,3371.gif,Fog,Classic,Starry,Bow,Collar,Candy Corn
3372,Shook'um #3372,A looping sheet ghost from Halloween Shook'ums. Three bodies. One skeleton. One clock. Minted on Abstract.,3372.gif,Dusk,Classic,Sleepy,None,Pearls,Pumpkin
3373,Shook'um #3373,A looping sheet ghost from Halloween Shook'ums. Three bodies. One skeleton. One clock. Minted on Abstract.,3373.gif,Midnight,Blush,Sleepy,Flower,None,Bat
3374,Shook'um #3374,A looping sheet ghost from Halloween Shook'ums. Three bodies. One skeleton. One clock. Minted on Abstract.,3374.gif,Fog,Classic,Starry,Halo,Bowtie,Bat
3375,Shook'um #3375,A looping sheet ghost from Halloween Shook'ums. Three bodies. One skeleton. One clock. Minted on Abstract.,3375.gif,Graveyard,Classic,Spooked,Pumpkin,Chain,None
3376,Shook'um #3376,A looping sheet ghost from Halloween Shook'ums. Three bodies. One skeleton. One clock. Minted on Abstract.,3376.gif,Graveyard,Void,Starry,Cat Ears,Collar,None
3377,Shook'um #3377,A looping sheet ghost from Halloween Shook'ums. Three bodies. One skeleton. One clock. Minted on Abstract.,3377.gif,Void,Blush,Angry,Witch,Bowtie,Candy
3378,Shook'um #3378,A looping sheet ghost from Halloween Shook'ums. Three bodies. One skeleton. One clock. Minted on Abstract.,3378.gif,Candy,Classic,Sad,Halo,Chain,None
3379,Shook'um #3379,A looping sheet ghost from Halloween Shook'ums. Three bodies. One skeleton. One clock. Minted on Abstract.,3379.gif,Blood Moon,Classic,Angry,None,Scarf,Pumpkin
3380,Shook'um #3380,A looping sheet ghost from Halloween Shook'ums. Three bodies. One skeleton. One clock. Minted on Abstract.,3380.gif,Parchment,Classic,Sparkly,None,Pearls,None
3381,Shook'um #3381,A looping sheet ghost from Halloween Shook'ums. Three bodies. One skeleton. One clock. Minted on Abstract.,3381.gif,Graveyard,Blush,Spooked,Cat Ears,Bowtie,Candy
3382,Shook'um #3382,A looping sheet ghost from Halloween Shook'ums. Three bodies. One skeleton. One clock. Minted on Abstract.,3382.gif,Fog,Blush,Sleepy,Bow,None,Candy
3383,Shook'um #3383,A looping sheet ghost from Halloween Shook'ums. Three bodies. One skeleton. One clock. Minted on Abstract.,3383.gif,Blush,Classic,Spooked,None,Bowtie,Pumpkin
3384,Shook'um #3384,A looping sheet ghost from Halloween Shook'ums. Three bodies. One skeleton. One clock. Minted on Abstract.,3384.gif,Parchment,Classic,Blep,Cat Ears,Bowtie,None
3385,Shook'um #3385,A looping sheet ghost from Halloween Shook'ums. Three bodies. One skeleton. One clock. Minted on Abstract.,3385.gif,Candy,Classic,Spooked,Cat Ears,None,Bat
3386,Shook'um #3386,A looping sheet ghost from Halloween Shook'ums. Three bodies. One skeleton. One clock. Minted on Abstract.,3386.gif,Dusk,Blush,Spooked,None,Collar,None
3387,Shook'um #3387,A looping sheet ghost from Halloween Shook'ums. Three bodies. One skeleton. One clock. Minted on Abstract.,3387.gif,Fog,Classic,Blep,None,Chain,Potion
3388,Shook'um #3388,A looping sheet ghost from Halloween Shook'ums. Three bodies. One skeleton. One clock. Minted on Abstract.,3388.gif,Graveyard,Classic,Normal,Cat Ears,Bowtie,None
3389,Shook'um #3389,A looping sheet ghost from Halloween Shook'ums. Three bodies. One skeleton. One clock. Minted on Abstract.,3389.gif,Dusk,Classic,Wink,None,Bowtie,Potion
3390,Shook'um #3390,A looping sheet ghost from Halloween Shook'ums. Three bodies. One skeleton. One clock. Minted on Abstract.,3390.gif,Candy,Blush,Blep,Crown,Bowtie,Candy
3391,Shook'um #3391,A looping sheet ghost from Halloween Shook'ums. Three bodies. One skeleton. One clock. Minted on Abstract.,3391.gif,Blush,Classic,Spooked,Wizard,None,None
3392,Shook'um #3392,A looping sheet ghost from Halloween Shook'ums. Three bodies. One skeleton. One clock. Minted on Abstract.,3392.gif,Void,Classic,Heart,None,Bowtie,None
3393,Shook'um #3393,A looping sheet ghost from Halloween Shook'ums. Three bodies. One skeleton. One clock. Minted on Abstract.,3393.gif,Blush,Classic,Sparkly,Flower,None,Pumpkin
3394,Shook'um #3394,A looping sheet ghost from Halloween Shook'ums. Three bodies. One skeleton. One clock. Minted on Abstract.,3394.gif,Parchment,Void,Heart,Witch,Scarf,None
3395,Shook'um #3395,A looping sheet ghost from Halloween Shook'ums. Three bodies. One skeleton. One clock. Minted on Abstract.,3395.gif,Pumpkin,Blush,Starry,Flower,Pearls,Moon
3396,Shook'um #3396,A looping sheet ghost from Halloween Shook'ums. Three bodies. One skeleton. One clock. Minted on Abstract.,3396.gif,Void,Classic,Sad,Wizard,Chain,None
3397,Shook'um #3397,A looping sheet ghost from Halloween Shook'ums. Three bodies. One skeleton. One clock. Minted on Abstract.,3397.gif,Fog,Classic,Spooked,Pumpkin,None,Bat
3398,Shook'um #3398,A looping sheet ghost from Halloween Shook'ums. Three bodies. One skeleton. One clock. Minted on Abstract.,3398.gif,Graveyard,Classic,Normal,None,Chain,None
3399,Shook'um #3399,A looping sheet ghost from Halloween Shook'ums. Three bodies. One skeleton. One clock. Minted on Abstract.,3399.gif,Fog,Blush,Spooked,Bow,Scarf,Pumpkin
3400,Shook'um #3400,A looping sheet ghost from Halloween Shook'ums. Three bodies. One skeleton. One clock. Minted on Abstract.,3400.gif,Pumpkin,Void,Spooked,None,None,Candy
3401,Shook'um #3401,A looping sheet ghost from Halloween Shook'ums. Three bodies. One skeleton. One clock. Minted on Abstract.,3401.gif,Midnight,Classic,Normal,None,Bowtie,None
3402,Shook'um #3402,A looping sheet ghost from Halloween Shook'ums. Three bodies. One skeleton. One clock. Minted on Abstract.,3402.gif,Void,Blush,Sad,Bow,Collar,Bat
3403,Shook'um #3403,A looping sheet ghost from Halloween Shook'ums. Three bodies. One skeleton. One clock. Minted on Abstract.,3403.gif,Blood Moon,Blush,Sleepy,Bow,None,None
3404,Shook'um #3404,A looping sheet ghost from Halloween Shook'ums. Three bodies. One skeleton. One clock. Minted on Abstract.,3404.gif,Pumpkin,Classic,Normal,None,Pearls,Candy
3405,Shook'um #3405,A looping sheet ghost from Halloween Shook'ums. Three bodies. One skeleton. One clock. Minted on Abstract.,3405.gif,Graveyard,Blush,Sparkly,Wizard,Scarf,Bat
3406,Shook'um #3406,A looping sheet ghost from Halloween Shook'ums. Three bodies. One skeleton. One clock. Minted on Abstract.,3406.gif,Pumpkin,Blush,Sleepy,Flower,None,Broom
3407,Shook'um #3407,A looping sheet ghost from Halloween Shook'ums. Three bodies. One skeleton. One clock. Minted on Abstract.,3407.gif,Parchment,Classic,Spooked,None,Pearls,None
3408,Shook'um #3408,A looping sheet ghost from Halloween Shook'ums. Three bodies. One skeleton. One clock. Minted on Abstract.,3408.gif,Pumpkin,Blush,Sleepy,Party,None,None
3409,Shook'um #3409,A looping sheet ghost from Halloween Shook'ums. Three bodies. One skeleton. One clock. Minted on Abstract.,3409.gif,Blush,Void,Sparkly,Pumpkin,Collar,None
3410,Shook'um #3410,A looping sheet ghost from Halloween Shook'ums. Three bodies. One skeleton. One clock. Minted on Abstract.,3410.gif,Dusk,Void,Normal,Halo,Bowtie,None
3411,Shook'um #3411,A looping sheet ghost from Halloween Shook'ums. Three bodies. One skeleton. One clock. Minted on Abstract.,3411.gif,Fog,Classic,Wink,None,None,Pumpkin
3412,Shook'um #3412,A looping sheet ghost from Halloween Shook'ums. Three bodies. One skeleton. One clock. Minted on Abstract.,3412.gif,Blush,Void,Sleepy,None,Chain,Broom
3413,Shook'um #3413,A looping sheet ghost from Halloween Shook'ums. Three bodies. One skeleton. One clock. Minted on Abstract.,3413.gif,Dusk,Void,Sleepy,Cat Ears,None,None
3414,Shook'um #3414,A looping sheet ghost from Halloween Shook'ums. Three bodies. One skeleton. One clock. Minted on Abstract.,3414.gif,Parchment,Classic,Blep,None,Bowtie,Candy
3415,Shook'um #3415,A looping sheet ghost from Halloween Shook'ums. Three bodies. One skeleton. One clock. Minted on Abstract.,3415.gif,Graveyard,Void,Sad,Pumpkin,Scarf,None
3416,Shook'um #3416,A looping sheet ghost from Halloween Shook'ums. Three bodies. One skeleton. One clock. Minted on Abstract.,3416.gif,Pumpkin,Blush,Spooked,Witch,None,None
3417,Shook'um #3417,A looping sheet ghost from Halloween Shook'ums. Three bodies. One skeleton. One clock. Minted on Abstract.,3417.gif,Graveyard,Classic,Sleepy,Party,Chain,Pumpkin
3418,Shook'um #3418,A looping sheet ghost from Halloween Shook'ums. Three bodies. One skeleton. One clock. Minted on Abstract.,3418.gif,Fog,Classic,Angry,None,Collar,Bat
3419,Shook'um #3419,A looping sheet ghost from Halloween Shook'ums. Three bodies. One skeleton. One clock. Minted on Abstract.,3419.gif,Parchment,Classic,Sleepy,Party,None,Candy
3420,Shook'um #3420,A looping sheet ghost from Halloween Shook'ums. Three bodies. One skeleton. One clock. Minted on Abstract.,3420.gif,Midnight,Blush,Sparkly,None,None,Candy
3421,Shook'um #3421,A looping sheet ghost from Halloween Shook'ums. Three bodies. One skeleton. One clock. Minted on Abstract.,3421.gif,Candy,Void,Spooked,Pumpkin,Scarf,Broom
3422,Shook'um #3422,A looping sheet ghost from Halloween Shook'ums. Three bodies. One skeleton. One clock. Minted on Abstract.,3422.gif,Midnight,Blush,Spooked,Wizard,None,None
3423,Shook'um #3423,A looping sheet ghost from Halloween Shook'ums. Three bodies. One skeleton. One clock. Minted on Abstract.,3423.gif,Blush,Blush,Sleepy,Pumpkin,Chain,Bat
3424,Shook'um #3424,A looping sheet ghost from Halloween Shook'ums. Three bodies. One skeleton. One clock. Minted on Abstract.,3424.gif,Dusk,Blush,Blep,None,Pearls,Moon
3425,Shook'um #3425,A looping sheet ghost from Halloween Shook'ums. Three bodies. One skeleton. One clock. Minted on Abstract.,3425.gif,Pumpkin,Blush,Sleepy,Flower,Scarf,Bat
3426,Shook'um #3426,A looping sheet ghost from Halloween Shook'ums. Three bodies. One skeleton. One clock. Minted on Abstract.,3426.gif,Blush,Classic,Angry,Pumpkin,None,Candy
3427,Shook'um #3427,A looping sheet ghost from Halloween Shook'ums. Three bodies. One skeleton. One clock. Minted on Abstract.,3427.gif,Dusk,Void,Blep,None,Cape,Bat
3428,Shook'um #3428,A looping sheet ghost from Halloween Shook'ums. Three bodies. One skeleton. One clock. Minted on Abstract.,3428.gif,Midnight,Void,Wink,None,Chain,Candy Corn
3429,Shook'um #3429,A looping sheet ghost from Halloween Shook'ums. Three bodies. One skeleton. One clock. Minted on Abstract.,3429.gif,Dusk,Classic,Sad,Crown,Chain,None
3430,Shook'um #3430,A looping sheet ghost from Halloween Shook'ums. Three bodies. One skeleton. One clock. Minted on Abstract.,3430.gif,Parchment,Classic,Blep,Crown,Pearls,Pumpkin
3431,Shook'um #3431,A looping sheet ghost from Halloween Shook'ums. Three bodies. One skeleton. One clock. Minted on Abstract.,3431.gif,Graveyard,Classic,Spooked,Cat Ears,None,None
3432,Shook'um #3432,A looping sheet ghost from Halloween Shook'ums. Three bodies. One skeleton. One clock. Minted on Abstract.,3432.gif,Dusk,Blush,Normal,Flower,Chain,None
3433,Shook'um #3433,A looping sheet ghost from Halloween Shook'ums. Three bodies. One skeleton. One clock. Minted on Abstract.,3433.gif,Graveyard,Classic,Sleepy,None,Collar,Pumpkin
3434,Shook'um #3434,A looping sheet ghost from Halloween Shook'ums. Three bodies. One skeleton. One clock. Minted on Abstract.,3434.gif,Fog,Classic,Starry,Witch,Scarf,None
3435,Shook'um #3435,A looping sheet ghost from Halloween Shook'ums. Three bodies. One skeleton. One clock. Minted on Abstract.,3435.gif,Midnight,Void,Sparkly,None,Bowtie,None
3436,Shook'um #3436,A looping sheet ghost from Halloween Shook'ums. Three bodies. One skeleton. One clock. Minted on Abstract.,3436.gif,Candy,Void,Sparkly,Cat Ears,Scarf,None
3437,Shook'um #3437,A looping sheet ghost from Halloween Shook'ums. Three bodies. One skeleton. One clock. Minted on Abstract.,3437.gif,Midnight,Blush,Wink,Wizard,None,Broom
3438,Shook'um #3438,A looping sheet ghost from Halloween Shook'ums. Three bodies. One skeleton. One clock. Minted on Abstract.,3438.gif,Pumpkin,Classic,Sleepy,Witch,Pearls,Pumpkin
3439,Shook'um #3439,A looping sheet ghost from Halloween Shook'ums. Three bodies. One skeleton. One clock. Minted on Abstract.,3439.gif,Pumpkin,Blush,Blep,Pumpkin,None,None
3440,Shook'um #3440,A looping sheet ghost from Halloween Shook'ums. Three bodies. One skeleton. One clock. Minted on Abstract.,3440.gif,Candy,Classic,Sparkly,Bow,Bowtie,Broom
3441,Shook'um #3441,A looping sheet ghost from Halloween Shook'ums. Three bodies. One skeleton. One clock. Minted on Abstract.,3441.gif,Candy,Blush,Sleepy,Bow,Scarf,Candy Corn
3442,Shook'um #3442,A looping sheet ghost from Halloween Shook'ums. Three bodies. One skeleton. One clock. Minted on Abstract.,3442.gif,Fog,Classic,Sleepy,Bow,Scarf,Candy
3443,Shook'um #3443,A looping sheet ghost from Halloween Shook'ums. Three bodies. One skeleton. One clock. Minted on Abstract.,3443.gif,Blush,Classic,Wink,Cat Ears,None,Pumpkin
3444,Shook'um #3444,A looping sheet ghost from Halloween Shook'ums. Three bodies. One skeleton. One clock. Minted on Abstract.,3444.gif,Midnight,Blush,Spooked,Pumpkin,Pearls,Pumpkin
3445,Shook'um #3445,A looping sheet ghost from Halloween Shook'ums. Three bodies. One skeleton. One clock. Minted on Abstract.,3445.gif,Fog,Classic,Sleepy,None,None,Candy Corn
3446,Shook'um #3446,A looping sheet ghost from Halloween Shook'ums. Three bodies. One skeleton. One clock. Minted on Abstract.,3446.gif,Pumpkin,Classic,Sparkly,Pumpkin,Collar,Pumpkin
3447,Shook'um #3447,A looping sheet ghost from Halloween Shook'ums. Three bodies. One skeleton. One clock. Minted on Abstract.,3447.gif,Midnight,Classic,Heart,Cat Ears,None,Candy Corn
3448,Shook'um #3448,A looping sheet ghost from Halloween Shook'ums. Three bodies. One skeleton. One clock. Minted on Abstract.,3448.gif,Dusk,Classic,Blep,None,Pearls,Candy Corn
3449,Shook'um #3449,A looping sheet ghost from Halloween Shook'ums. Three bodies. One skeleton. One clock. Minted on Abstract.,3449.gif,Dusk,Classic,Normal,Flower,Scarf,Candy Corn
3450,Shook'um #3450,A looping sheet ghost from Halloween Shook'ums. Three bodies. One skeleton. One clock. Minted on Abstract.,3450.gif,Blood Moon,Void,Spooked,Crown,None,Candy Corn
3451,Shook'um #3451,A looping sheet ghost from Halloween Shook'ums. Three bodies. One skeleton. One clock. Minted on Abstract.,3451.gif,Parchment,Classic,Normal,Flower,Chain,Pumpkin
3452,Shook'um #3452,A looping sheet ghost from Halloween Shook'ums. Three bodies. One skeleton. One clock. Minted on Abstract.,3452.gif,Blood Moon,Void,Sparkly,Pumpkin,None,Pumpkin
3453,Shook'um #3453,A looping sheet ghost from Halloween Shook'ums. Three bodies. One skeleton. One clock. Minted on Abstract.,3453.gif,Blush,Classic,Sleepy,Bow,Cape,Bat
3454,Shook'um #3454,A looping sheet ghost from Halloween Shook'ums. Three bodies. One skeleton. One clock. Minted on Abstract.,3454.gif,Dusk,Classic,Spooked,Wizard,Cape,None
3455,Shook'um #3455,A looping sheet ghost from Halloween Shook'ums. Three bodies. One skeleton. One clock. Minted on Abstract.,3455.gif,Pumpkin,Void,Normal,Witch,Bowtie,Moon
3456,Shook'um #3456,A looping sheet ghost from Halloween Shook'ums. Three bodies. One skeleton. One clock. Minted on Abstract.,3456.gif,Midnight,Void,Normal,Crown,None,Broom
3457,Shook'um #3457,A looping sheet ghost from Halloween Shook'ums. Three bodies. One skeleton. One clock. Minted on Abstract.,3457.gif,Midnight,Void,Spooked,Witch,Pearls,None
3458,Shook'um #3458,A looping sheet ghost from Halloween Shook'ums. Three bodies. One skeleton. One clock. Minted on Abstract.,3458.gif,Pumpkin,Classic,Blep,Cat Ears,None,Potion
3459,Shook'um #3459,A looping sheet ghost from Halloween Shook'ums. Three bodies. One skeleton. One clock. Minted on Abstract.,3459.gif,Pumpkin,Classic,Normal,Flower,Chain,Candy
3460,Shook'um #3460,A looping sheet ghost from Halloween Shook'ums. Three bodies. One skeleton. One clock. Minted on Abstract.,3460.gif,Blood Moon,Void,Sad,None,Chain,None
3461,Shook'um #3461,A looping sheet ghost from Halloween Shook'ums. Three bodies. One skeleton. One clock. Minted on Abstract.,3461.gif,Graveyard,Blush,Blep,Bow,Bowtie,Bat
3462,Shook'um #3462,A looping sheet ghost from Halloween Shook'ums. Three bodies. One skeleton. One clock. Minted on Abstract.,3462.gif,Blush,Classic,Spooked,Bow,Pearls,Bat
3463,Shook'um #3463,A looping sheet ghost from Halloween Shook'ums. Three bodies. One skeleton. One clock. Minted on Abstract.,3463.gif,Candy,Blush,Normal,Party,Bowtie,None
3464,Shook'um #3464,A looping sheet ghost from Halloween Shook'ums. Three bodies. One skeleton. One clock. Minted on Abstract.,3464.gif,Pumpkin,Classic,Normal,Cat Ears,Collar,Bat
3465,Shook'um #3465,A looping sheet ghost from Halloween Shook'ums. Three bodies. One skeleton. One clock. Minted on Abstract.,3465.gif,Fog,Classic,Sparkly,Cat Ears,Cape,Candy
3466,Shook'um #3466,A looping sheet ghost from Halloween Shook'ums. Three bodies. One skeleton. One clock. Minted on Abstract.,3466.gif,Pumpkin,Blush,Angry,Halo,Scarf,Bat
3467,Shook'um #3467,A looping sheet ghost from Halloween Shook'ums. Three bodies. One skeleton. One clock. Minted on Abstract.,3467.gif,Void,Classic,Sleepy,Crown,Scarf,Broom
3468,Shook'um #3468,A looping sheet ghost from Halloween Shook'ums. Three bodies. One skeleton. One clock. Minted on Abstract.,3468.gif,Midnight,Classic,Normal,Party,Scarf,None
3469,Shook'um #3469,A looping sheet ghost from Halloween Shook'ums. Three bodies. One skeleton. One clock. Minted on Abstract.,3469.gif,Void,Blush,Spooked,Cat Ears,None,None
3470,Shook'um #3470,A looping sheet ghost from Halloween Shook'ums. Three bodies. One skeleton. One clock. Minted on Abstract.,3470.gif,Blush,Classic,Sad,Halo,Chain,Candy Corn
3471,Shook'um #3471,A looping sheet ghost from Halloween Shook'ums. Three bodies. One skeleton. One clock. Minted on Abstract.,3471.gif,Blush,Classic,Spooked,Pumpkin,Pearls,None
3472,Shook'um #3472,A looping sheet ghost from Halloween Shook'ums. Three bodies. One skeleton. One clock. Minted on Abstract.,3472.gif,Candy,Classic,Blep,Witch,Pearls,Candy
3473,Shook'um #3473,A looping sheet ghost from Halloween Shook'ums. Three bodies. One skeleton. One clock. Minted on Abstract.,3473.gif,Blush,Classic,Sleepy,Bow,Cape,Candy
3474,Shook'um #3474,A looping sheet ghost from Halloween Shook'ums. Three bodies. One skeleton. One clock. Minted on Abstract.,3474.gif,Pumpkin,Classic,Normal,Party,Scarf,Candy
3475,Shook'um #3475,A looping sheet ghost from Halloween Shook'ums. Three bodies. One skeleton. One clock. Minted on Abstract.,3475.gif,Blood Moon,Blush,Spooked,Wizard,None,None
3476,Shook'um #3476,A looping sheet ghost from Halloween Shook'ums. Three bodies. One skeleton. One clock. Minted on Abstract.,3476.gif,Void,Void,Sad,Halo,None,Bat
3477,Shook'um #3477,A looping sheet ghost from Halloween Shook'ums. Three bodies. One skeleton. One clock. Minted on Abstract.,3477.gif,Blush,Classic,Heart,Pumpkin,Bowtie,Bat
3478,Shook'um #3478,A looping sheet ghost from Halloween Shook'ums. Three bodies. One skeleton. One clock. Minted on Abstract.,3478.gif,Midnight,Blush,Normal,Witch,Collar,Potion
3479,Shook'um #3479,A looping sheet ghost from Halloween Shook'ums. Three bodies. One skeleton. One clock. Minted on Abstract.,3479.gif,Midnight,Void,Angry,Bow,None,Broom
3480,Shook'um #3480,A looping sheet ghost from Halloween Shook'ums. Three bodies. One skeleton. One clock. Minted on Abstract.,3480.gif,Void,Blush,Starry,Witch,Scarf,None
3481,Shook'um #3481,A looping sheet ghost from Halloween Shook'ums. Three bodies. One skeleton. One clock. Minted on Abstract.,3481.gif,Fog,Classic,Spooked,Pumpkin,None,Potion
3482,Shook'um #3482,A looping sheet ghost from Halloween Shook'ums. Three bodies. One skeleton. One clock. Minted on Abstract.,3482.gif,Void,Blush,Heart,Witch,Scarf,Pumpkin
3483,Shook'um #3483,A looping sheet ghost from Halloween Shook'ums. Three bodies. One skeleton. One clock. Minted on Abstract.,3483.gif,Blush,Classic,Spooked,Flower,Scarf,Moon
3484,Shook'um #3484,A looping sheet ghost from Halloween Shook'ums. Three bodies. One skeleton. One clock. Minted on Abstract.,3484.gif,Pumpkin,Blush,Wink,None,Cape,None
3485,Shook'um #3485,A looping sheet ghost from Halloween Shook'ums. Three bodies. One skeleton. One clock. Minted on Abstract.,3485.gif,Midnight,Void,Spooked,Bow,Cape,Candy Corn
3486,Shook'um #3486,A looping sheet ghost from Halloween Shook'ums. Three bodies. One skeleton. One clock. Minted on Abstract.,3486.gif,Fog,Classic,Starry,Pumpkin,None,Bat
3487,Shook'um #3487,A looping sheet ghost from Halloween Shook'ums. Three bodies. One skeleton. One clock. Minted on Abstract.,3487.gif,Midnight,Classic,Blep,Party,Collar,None
3488,Shook'um #3488,A looping sheet ghost from Halloween Shook'ums. Three bodies. One skeleton. One clock. Minted on Abstract.,3488.gif,Fog,Classic,Sleepy,Bow,Chain,Candy
3489,Shook'um #3489,A looping sheet ghost from Halloween Shook'ums. Three bodies. One skeleton. One clock. Minted on Abstract.,3489.gif,Midnight,Classic,Blep,None,None,Candy
3490,Shook'um #3490,A looping sheet ghost from Halloween Shook'ums. Three bodies. One skeleton. One clock. Minted on Abstract.,3490.gif,Pumpkin,Classic,Spooked,Halo,Chain,Pumpkin
3491,Shook'um #3491,A looping sheet ghost from Halloween Shook'ums. Three bodies. One skeleton. One clock. Minted on Abstract.,3491.gif,Graveyard,Classic,Normal,None,Collar,Pumpkin
3492,Shook'um #3492,A looping sheet ghost from Halloween Shook'ums. Three bodies. One skeleton. One clock. Minted on Abstract.,3492.gif,Pumpkin,Classic,Blep,None,Bowtie,Broom
3493,Shook'um #3493,A looping sheet ghost from Halloween Shook'ums. Three bodies. One skeleton. One clock. Minted on Abstract.,3493.gif,Candy,Classic,Normal,None,Scarf,None
3494,Shook'um #3494,A looping sheet ghost from Halloween Shook'ums. Three bodies. One skeleton. One clock. Minted on Abstract.,3494.gif,Blood Moon,Blush,Angry,Witch,None,None
3495,Shook'um #3495,A looping sheet ghost from Halloween Shook'ums. Three bodies. One skeleton. One clock. Minted on Abstract.,3495.gif,Fog,Classic,Normal,Witch,None,Candy Corn
3496,Shook'um #3496,A looping sheet ghost from Halloween Shook'ums. Three bodies. One skeleton. One clock. Minted on Abstract.,3496.gif,Fog,Void,Blep,Pumpkin,Cape,Pumpkin
3497,Shook'um #3497,A looping sheet ghost from Halloween Shook'ums. Three bodies. One skeleton. One clock. Minted on Abstract.,3497.gif,Candy,Classic,Wink,Bow,Cape,Moon
3498,Shook'um #3498,A looping sheet ghost from Halloween Shook'ums. Three bodies. One skeleton. One clock. Minted on Abstract.,3498.gif,Midnight,Classic,Sparkly,None,Chain,Bat
3499,Shook'um #3499,A looping sheet ghost from Halloween Shook'ums. Three bodies. One skeleton. One clock. Minted on Abstract.,3499.gif,Parchment,Classic,Spooked,Halo,Collar,None
3500,Shook'um #3500,A looping sheet ghost from Halloween Shook'ums. Three bodies. One skeleton. One clock. Minted on Abstract.,3500.gif,Candy,Blush,Sparkly,Cat Ears,None,Candy
3501,Shook'um #3501,A looping sheet ghost from Halloween Shook'ums. Three bodies. One skeleton. One clock. Minted on Abstract.,3501.gif,Parchment,Void,Spooked,Flower,None,Pumpkin
3502,Shook'um #3502,A looping sheet ghost from Halloween Shook'ums. Three bodies. One skeleton. One clock. Minted on Abstract.,3502.gif,Candy,Blush,Spooked,Cat Ears,None,None
3503,Shook'um #3503,A looping sheet ghost from Halloween Shook'ums. Three bodies. One skeleton. One clock. Minted on Abstract.,3503.gif,Graveyard,Classic,Blep,None,None,Candy Corn
3504,Shook'um #3504,A looping sheet ghost from Halloween Shook'ums. Three bodies. One skeleton. One clock. Minted on Abstract.,3504.gif,Graveyard,Void,Spooked,Pumpkin,Bowtie,Candy Corn
3505,Shook'um #3505,A looping sheet ghost from Halloween Shook'ums. Three bodies. One skeleton. One clock. Minted on Abstract.,3505.gif,Graveyard,Classic,Spooked,Witch,None,Bat
3506,Shook'um #3506,A looping sheet ghost from Halloween Shook'ums. Three bodies. One skeleton. One clock. Minted on Abstract.,3506.gif,Parchment,Classic,Spooked,Bow,Scarf,None
3507,Shook'um #3507,A looping sheet ghost from Halloween Shook'ums. Three bodies. One skeleton. One clock. Minted on Abstract.,3507.gif,Dusk,Classic,Spooked,Halo,Chain,None
3508,Shook'um #3508,A looping sheet ghost from Halloween Shook'ums. Three bodies. One skeleton. One clock. Minted on Abstract.,3508.gif,Fog,Void,Sad,None,None,Potion
3509,Shook'um #3509,A looping sheet ghost from Halloween Shook'ums. Three bodies. One skeleton. One clock. Minted on Abstract.,3509.gif,Fog,Classic,Normal,Witch,Scarf,Potion
3510,Shook'um #3510,A looping sheet ghost from Halloween Shook'ums. Three bodies. One skeleton. One clock. Minted on Abstract.,3510.gif,Blush,Classic,Angry,None,Collar,Potion
3511,Shook'um #3511,A looping sheet ghost from Halloween Shook'ums. Three bodies. One skeleton. One clock. Minted on Abstract.,3511.gif,Blood Moon,Blush,Sleepy,Pumpkin,Bowtie,Broom
3512,Shook'um #3512,A looping sheet ghost from Halloween Shook'ums. Three bodies. One skeleton. One clock. Minted on Abstract.,3512.gif,Pumpkin,Classic,Spooked,None,None,Pumpkin
3513,Shook'um #3513,A looping sheet ghost from Halloween Shook'ums. Three bodies. One skeleton. One clock. Minted on Abstract.,3513.gif,Parchment,Classic,Blep,Cat Ears,Chain,Bat
3514,Shook'um #3514,A looping sheet ghost from Halloween Shook'ums. Three bodies. One skeleton. One clock. Minted on Abstract.,3514.gif,Blood Moon,Classic,Starry,Pumpkin,Collar,Broom
3515,Shook'um #3515,A looping sheet ghost from Halloween Shook'ums. Three bodies. One skeleton. One clock. Minted on Abstract.,3515.gif,Fog,Classic,Normal,Party,None,None
3516,Shook'um #3516,A looping sheet ghost from Halloween Shook'ums. Three bodies. One skeleton. One clock. Minted on Abstract.,3516.gif,Blush,Classic,Sad,Party,Scarf,Candy
3517,Shook'um #3517,A looping sheet ghost from Halloween Shook'ums. Three bodies. One skeleton. One clock. Minted on Abstract.,3517.gif,Parchment,Blush,Normal,Bow,Chain,Bat
3518,Shook'um #3518,A looping sheet ghost from Halloween Shook'ums. Three bodies. One skeleton. One clock. Minted on Abstract.,3518.gif,Void,Classic,Sad,Pumpkin,Pearls,None
3519,Shook'um #3519,A looping sheet ghost from Halloween Shook'ums. Three bodies. One skeleton. One clock. Minted on Abstract.,3519.gif,Blood Moon,Classic,Wink,Party,None,None
3520,Shook'um #3520,A looping sheet ghost from Halloween Shook'ums. Three bodies. One skeleton. One clock. Minted on Abstract.,3520.gif,Pumpkin,Void,Spooked,None,Bowtie,None
3521,Shook'um #3521,A looping sheet ghost from Halloween Shook'ums. Three bodies. One skeleton. One clock. Minted on Abstract.,3521.gif,Graveyard,Classic,Starry,Flower,Pearls,Candy
3522,Shook'um #3522,A looping sheet ghost from Halloween Shook'ums. Three bodies. One skeleton. One clock. Minted on Abstract.,3522.gif,Graveyard,Blush,Starry,None,None,None
3523,Shook'um #3523,A looping sheet ghost from Halloween Shook'ums. Three bodies. One skeleton. One clock. Minted on Abstract.,3523.gif,Blush,Blush,Normal,Cat Ears,Bowtie,Candy Corn
3524,Shook'um #3524,A looping sheet ghost from Halloween Shook'ums. Three bodies. One skeleton. One clock. Minted on Abstract.,3524.gif,Candy,Classic,Normal,Wizard,Collar,None
3525,Shook'um #3525,A looping sheet ghost from Halloween Shook'ums. Three bodies. One skeleton. One clock. Minted on Abstract.,3525.gif,Parchment,Void,Spooked,Witch,Chain,Bat
3526,Shook'um #3526,A looping sheet ghost from Halloween Shook'ums. Three bodies. One skeleton. One clock. Minted on Abstract.,3526.gif,Blush,Classic,Blep,Party,Collar,Pumpkin
3527,Shook'um #3527,A looping sheet ghost from Halloween Shook'ums. Three bodies. One skeleton. One clock. Minted on Abstract.,3527.gif,Graveyard,Classic,Wink,Witch,Pearls,Pumpkin
3528,Shook'um #3528,A looping sheet ghost from Halloween Shook'ums. Three bodies. One skeleton. One clock. Minted on Abstract.,3528.gif,Parchment,Classic,Heart,Halo,Scarf,Pumpkin
3529,Shook'um #3529,A looping sheet ghost from Halloween Shook'ums. Three bodies. One skeleton. One clock. Minted on Abstract.,3529.gif,Midnight,Classic,Spooked,None,None,Candy
3530,Shook'um #3530,A looping sheet ghost from Halloween Shook'ums. Three bodies. One skeleton. One clock. Minted on Abstract.,3530.gif,Blush,Classic,Sleepy,Bow,Scarf,Candy
3531,Shook'um #3531,A looping sheet ghost from Halloween Shook'ums. Three bodies. One skeleton. One clock. Minted on Abstract.,3531.gif,Midnight,Classic,Sleepy,None,Cape,None
3532,Shook'um #3532,A looping sheet ghost from Halloween Shook'ums. Three bodies. One skeleton. One clock. Minted on Abstract.,3532.gif,Midnight,Blush,Spooked,None,Cape,Bat
3533,Shook'um #3533,A looping sheet ghost from Halloween Shook'ums. Three bodies. One skeleton. One clock. Minted on Abstract.,3533.gif,Fog,Blush,Wink,Bow,Bowtie,Broom
3534,Shook'um #3534,A looping sheet ghost from Halloween Shook'ums. Three bodies. One skeleton. One clock. Minted on Abstract.,3534.gif,Midnight,Classic,Sleepy,Halo,Chain,None
3535,Shook'um #3535,A looping sheet ghost from Halloween Shook'ums. Three bodies. One skeleton. One clock. Minted on Abstract.,3535.gif,Graveyard,Classic,Normal,Cat Ears,Chain,Pumpkin
3536,Shook'um #3536,A looping sheet ghost from Halloween Shook'ums. Three bodies. One skeleton. One clock. Minted on Abstract.,3536.gif,Blood Moon,Blush,Normal,None,Scarf,Pumpkin
3537,Shook'um #3537,A looping sheet ghost from Halloween Shook'ums. Three bodies. One skeleton. One clock. Minted on Abstract.,3537.gif,Dusk,Classic,Wink,Pumpkin,None,None
3538,Shook'um #3538,A looping sheet ghost from Halloween Shook'ums. Three bodies. One skeleton. One clock. Minted on Abstract.,3538.gif,Blush,Blush,Blep,Flower,Chain,Candy
3539,Shook'um #3539,A looping sheet ghost from Halloween Shook'ums. Three bodies. One skeleton. One clock. Minted on Abstract.,3539.gif,Dusk,Classic,Spooked,Party,None,Broom
3540,Shook'um #3540,A looping sheet ghost from Halloween Shook'ums. Three bodies. One skeleton. One clock. Minted on Abstract.,3540.gif,Dusk,Classic,Sleepy,Bow,Scarf,Bat
3541,Shook'um #3541,A looping sheet ghost from Halloween Shook'ums. Three bodies. One skeleton. One clock. Minted on Abstract.,3541.gif,Pumpkin,Classic,Starry,Bow,None,None
3542,Shook'um #3542,A looping sheet ghost from Halloween Shook'ums. Three bodies. One skeleton. One clock. Minted on Abstract.,3542.gif,Midnight,Blush,Blep,Witch,Scarf,Candy
3543,Shook'um #3543,A looping sheet ghost from Halloween Shook'ums. Three bodies. One skeleton. One clock. Minted on Abstract.,3543.gif,Void,Blush,Wink,None,None,None
3544,Shook'um #3544,A looping sheet ghost from Halloween Shook'ums. Three bodies. One skeleton. One clock. Minted on Abstract.,3544.gif,Fog,Blush,Sad,Party,None,Potion
3545,Shook'um #3545,A looping sheet ghost from Halloween Shook'ums. Three bodies. One skeleton. One clock. Minted on Abstract.,3545.gif,Fog,Blush,Starry,Witch,Chain,Candy Corn
3546,Shook'um #3546,A looping sheet ghost from Halloween Shook'ums. Three bodies. One skeleton. One clock. Minted on Abstract.,3546.gif,Fog,Classic,Sleepy,Cat Ears,Pearls,Broom
3547,Shook'um #3547,A looping sheet ghost from Halloween Shook'ums. Three bodies. One skeleton. One clock. Minted on Abstract.,3547.gif,Dusk,Blush,Angry,Party,None,Potion
3548,Shook'um #3548,A looping sheet ghost from Halloween Shook'ums. Three bodies. One skeleton. One clock. Minted on Abstract.,3548.gif,Fog,Classic,Sleepy,None,Scarf,None
3549,Shook'um #3549,A looping sheet ghost from Halloween Shook'ums. Three bodies. One skeleton. One clock. Minted on Abstract.,3549.gif,Dusk,Classic,Normal,Witch,None,Moon
3550,Shook'um #3550,A looping sheet ghost from Halloween Shook'ums. Three bodies. One skeleton. One clock. Minted on Abstract.,3550.gif,Candy,Blush,Normal,Cat Ears,Chain,None
3551,Shook'um #3551,A looping sheet ghost from Halloween Shook'ums. Three bodies. One skeleton. One clock. Minted on Abstract.,3551.gif,Dusk,Void,Wink,None,None,Bat
3552,Shook'um #3552,A looping sheet ghost from Halloween Shook'ums. Three bodies. One skeleton. One clock. Minted on Abstract.,3552.gif,Pumpkin,Blush,Wink,None,Cape,Pumpkin
3553,Shook'um #3553,A looping sheet ghost from Halloween Shook'ums. Three bodies. One skeleton. One clock. Minted on Abstract.,3553.gif,Fog,Classic,Blep,Bow,Pearls,Pumpkin
3554,Shook'um #3554,A looping sheet ghost from Halloween Shook'ums. Three bodies. One skeleton. One clock. Minted on Abstract.,3554.gif,Fog,Blush,Normal,Bow,Collar,None
3555,Shook'um #3555,A looping sheet ghost from Halloween Shook'ums. Three bodies. One skeleton. One clock. Minted on Abstract.,3555.gif,Graveyard,Classic,Wink,Pumpkin,Bowtie,Candy Corn
3556,Shook'um #3556,A looping sheet ghost from Halloween Shook'ums. Three bodies. One skeleton. One clock. Minted on Abstract.,3556.gif,Pumpkin,Void,Wink,Cat Ears,Scarf,None
3557,Shook'um #3557,A looping sheet ghost from Halloween Shook'ums. Three bodies. One skeleton. One clock. Minted on Abstract.,3557.gif,Midnight,Classic,Spooked,Flower,Scarf,Pumpkin
3558,Shook'um #3558,A looping sheet ghost from Halloween Shook'ums. Three bodies. One skeleton. One clock. Minted on Abstract.,3558.gif,Parchment,Void,Spooked,Pumpkin,Chain,None
3559,Shook'um #3559,A looping sheet ghost from Halloween Shook'ums. Three bodies. One skeleton. One clock. Minted on Abstract.,3559.gif,Blush,Classic,Spooked,Party,Pearls,Moon
3560,Shook'um #3560,A looping sheet ghost from Halloween Shook'ums. Three bodies. One skeleton. One clock. Minted on Abstract.,3560.gif,Pumpkin,Void,Sleepy,Cat Ears,Pearls,None
3561,Shook'um #3561,A looping sheet ghost from Halloween Shook'ums. Three bodies. One skeleton. One clock. Minted on Abstract.,3561.gif,Midnight,Classic,Blep,None,None,Moon
3562,Shook'um #3562,A looping sheet ghost from Halloween Shook'ums. Three bodies. One skeleton. One clock. Minted on Abstract.,3562.gif,Dusk,Classic,Starry,Pumpkin,Pearls,Candy Corn
3563,Shook'um #3563,A looping sheet ghost from Halloween Shook'ums. Three bodies. One skeleton. One clock. Minted on Abstract.,3563.gif,Candy,Blush,Starry,None,None,None
3564,Shook'um #3564,A looping sheet ghost from Halloween Shook'ums. Three bodies. One skeleton. One clock. Minted on Abstract.,3564.gif,Graveyard,Blush,Sparkly,None,Scarf,None
3565,Shook'um #3565,A looping sheet ghost from Halloween Shook'ums. Three bodies. One skeleton. One clock. Minted on Abstract.,3565.gif,Parchment,Classic,Blep,Bow,Chain,None
3566,Shook'um #3566,A looping sheet ghost from Halloween Shook'ums. Three bodies. One skeleton. One clock. Minted on Abstract.,3566.gif,Parchment,Classic,Sparkly,None,Scarf,None
3567,Shook'um #3567,A looping sheet ghost from Halloween Shook'ums. Three bodies. One skeleton. One clock. Minted on Abstract.,3567.gif,Candy,Classic,Normal,None,Chain,Broom
3568,Shook'um #3568,A looping sheet ghost from Halloween Shook'ums. Three bodies. One skeleton. One clock. Minted on Abstract.,3568.gif,Pumpkin,Void,Spooked,Halo,Pearls,None
3569,Shook'um #3569,A looping sheet ghost from Halloween Shook'ums. Three bodies. One skeleton. One clock. Minted on Abstract.,3569.gif,Candy,Classic,Heart,Crown,Collar,Potion
3570,Shook'um #3570,A looping sheet ghost from Halloween Shook'ums. Three bodies. One skeleton. One clock. Minted on Abstract.,3570.gif,Blood Moon,Classic,Angry,Party,None,None
3571,Shook'um #3571,A looping sheet ghost from Halloween Shook'ums. Three bodies. One skeleton. One clock. Minted on Abstract.,3571.gif,Dusk,Classic,Sleepy,Pumpkin,None,Potion
3572,Shook'um #3572,A looping sheet ghost from Halloween Shook'ums. Three bodies. One skeleton. One clock. Minted on Abstract.,3572.gif,Candy,Blush,Wink,Witch,Cape,None
3573,Shook'um #3573,A looping sheet ghost from Halloween Shook'ums. Three bodies. One skeleton. One clock. Minted on Abstract.,3573.gif,Candy,Classic,Normal,Bow,Scarf,Candy Corn
3574,Shook'um #3574,A looping sheet ghost from Halloween Shook'ums. Three bodies. One skeleton. One clock. Minted on Abstract.,3574.gif,Parchment,Classic,Sparkly,Witch,Bowtie,Candy
3575,Shook'um #3575,A looping sheet ghost from Halloween Shook'ums. Three bodies. One skeleton. One clock. Minted on Abstract.,3575.gif,Midnight,Classic,Blep,Halo,Chain,Pumpkin
3576,Shook'um #3576,A looping sheet ghost from Halloween Shook'ums. Three bodies. One skeleton. One clock. Minted on Abstract.,3576.gif,Graveyard,Classic,Sleepy,Wizard,Bowtie,Candy
3577,Shook'um #3577,A looping sheet ghost from Halloween Shook'ums. Three bodies. One skeleton. One clock. Minted on Abstract.,3577.gif,Blood Moon,Classic,Normal,Party,Pearls,Pumpkin
3578,Shook'um #3578,A looping sheet ghost from Halloween Shook'ums. Three bodies. One skeleton. One clock. Minted on Abstract.,3578.gif,Midnight,Classic,Normal,Wizard,Pearls,None
3579,Shook'um #3579,A looping sheet ghost from Halloween Shook'ums. Three bodies. One skeleton. One clock. Minted on Abstract.,3579.gif,Midnight,Classic,Sleepy,Cat Ears,Scarf,None
3580,Shook'um #3580,A looping sheet ghost from Halloween Shook'ums. Three bodies. One skeleton. One clock. Minted on Abstract.,3580.gif,Candy,Classic,Starry,None,Collar,Candy Corn
3581,Shook'um #3581,A looping sheet ghost from Halloween Shook'ums. Three bodies. One skeleton. One clock. Minted on Abstract.,3581.gif,Parchment,Classic,Wink,None,Collar,Candy Corn
3582,Shook'um #3582,A looping sheet ghost from Halloween Shook'ums. Three bodies. One skeleton. One clock. Minted on Abstract.,3582.gif,Blush,Classic,Angry,Pumpkin,None,None
3583,Shook'um #3583,A looping sheet ghost from Halloween Shook'ums. Three bodies. One skeleton. One clock. Minted on Abstract.,3583.gif,Blush,Void,Sad,Flower,Collar,Moon
3584,Shook'um #3584,A looping sheet ghost from Halloween Shook'ums. Three bodies. One skeleton. One clock. Minted on Abstract.,3584.gif,Fog,Void,Blep,Flower,Scarf,None
3585,Shook'um #3585,A looping sheet ghost from Halloween Shook'ums. Three bodies. One skeleton. One clock. Minted on Abstract.,3585.gif,Parchment,Classic,Normal,None,None,Candy
3586,Shook'um #3586,A looping sheet ghost from Halloween Shook'ums. Three bodies. One skeleton. One clock. Minted on Abstract.,3586.gif,Pumpkin,Classic,Angry,Crown,Scarf,Pumpkin
3587,Shook'um #3587,A looping sheet ghost from Halloween Shook'ums. Three bodies. One skeleton. One clock. Minted on Abstract.,3587.gif,Fog,Classic,Spooked,Witch,Cape,Bat
3588,Shook'um #3588,A looping sheet ghost from Halloween Shook'ums. Three bodies. One skeleton. One clock. Minted on Abstract.,3588.gif,Pumpkin,Classic,Normal,Cat Ears,Pearls,Broom
3589,Shook'um #3589,A looping sheet ghost from Halloween Shook'ums. Three bodies. One skeleton. One clock. Minted on Abstract.,3589.gif,Dusk,Classic,Normal,Halo,None,None
3590,Shook'um #3590,A looping sheet ghost from Halloween Shook'ums. Three bodies. One skeleton. One clock. Minted on Abstract.,3590.gif,Pumpkin,Blush,Sleepy,Pumpkin,None,Candy Corn
3591,Shook'um #3591,A looping sheet ghost from Halloween Shook'ums. Three bodies. One skeleton. One clock. Minted on Abstract.,3591.gif,Blush,Blush,Normal,Cat Ears,Chain,Moon
3592,Shook'um #3592,A looping sheet ghost from Halloween Shook'ums. Three bodies. One skeleton. One clock. Minted on Abstract.,3592.gif,Pumpkin,Void,Blep,Pumpkin,Scarf,None
3593,Shook'um #3593,A looping sheet ghost from Halloween Shook'ums. Three bodies. One skeleton. One clock. Minted on Abstract.,3593.gif,Void,Classic,Sparkly,None,None,Bat
3594,Shook'um #3594,A looping sheet ghost from Halloween Shook'ums. Three bodies. One skeleton. One clock. Minted on Abstract.,3594.gif,Fog,Classic,Wink,Party,None,Pumpkin
3595,Shook'um #3595,A looping sheet ghost from Halloween Shook'ums. Three bodies. One skeleton. One clock. Minted on Abstract.,3595.gif,Dusk,Void,Normal,Wizard,Collar,None
3596,Shook'um #3596,A looping sheet ghost from Halloween Shook'ums. Three bodies. One skeleton. One clock. Minted on Abstract.,3596.gif,Fog,Classic,Sleepy,None,None,Moon
3597,Shook'um #3597,A looping sheet ghost from Halloween Shook'ums. Three bodies. One skeleton. One clock. Minted on Abstract.,3597.gif,Void,Blush,Spooked,Cat Ears,None,Broom
3598,Shook'um #3598,A looping sheet ghost from Halloween Shook'ums. Three bodies. One skeleton. One clock. Minted on Abstract.,3598.gif,Void,Blush,Normal,None,Pearls,None
3599,Shook'um #3599,A looping sheet ghost from Halloween Shook'ums. Three bodies. One skeleton. One clock. Minted on Abstract.,3599.gif,Void,Classic,Sparkly,None,Pearls,Candy Corn
3600,Shook'um #3600,A looping sheet ghost from Halloween Shook'ums. Three bodies. One skeleton. One clock. Minted on Abstract.,3600.gif,Midnight,Classic,Blep,Halo,Collar,None
3601,Shook'um #3601,A looping sheet ghost from Halloween Shook'ums. Three bodies. One skeleton. One clock. Minted on Abstract.,3601.gif,Blood Moon,Classic,Sparkly,Witch,Scarf,Candy
3602,Shook'um #3602,A looping sheet ghost from Halloween Shook'ums. Three bodies. One skeleton. One clock. Minted on Abstract.,3602.gif,Blood Moon,Classic,Heart,None,None,None
3603,Shook'um #3603,A looping sheet ghost from Halloween Shook'ums. Three bodies. One skeleton. One clock. Minted on Abstract.,3603.gif,Candy,Classic,Angry,None,Bowtie,Broom
3604,Shook'um #3604,A looping sheet ghost from Halloween Shook'ums. Three bodies. One skeleton. One clock. Minted on Abstract.,3604.gif,Parchment,Classic,Sparkly,Bow,Pearls,None
3605,Shook'um #3605,A looping sheet ghost from Halloween Shook'ums. Three bodies. One skeleton. One clock. Minted on Abstract.,3605.gif,Pumpkin,Classic,Blep,Bow,Chain,Potion
3606,Shook'um #3606,A looping sheet ghost from Halloween Shook'ums. Three bodies. One skeleton. One clock. Minted on Abstract.,3606.gif,Void,Classic,Wink,Crown,Chain,None
3607,Shook'um #3607,A looping sheet ghost from Halloween Shook'ums. Three bodies. One skeleton. One clock. Minted on Abstract.,3607.gif,Void,Classic,Spooked,None,None,None
3608,Shook'um #3608,A looping sheet ghost from Halloween Shook'ums. Three bodies. One skeleton. One clock. Minted on Abstract.,3608.gif,Parchment,Classic,Spooked,Crown,Scarf,Candy Corn
3609,Shook'um #3609,A looping sheet ghost from Halloween Shook'ums. Three bodies. One skeleton. One clock. Minted on Abstract.,3609.gif,Candy,Blush,Normal,None,None,None
3610,Shook'um #3610,A looping sheet ghost from Halloween Shook'ums. Three bodies. One skeleton. One clock. Minted on Abstract.,3610.gif,Midnight,Blush,Blep,Witch,None,Candy
3611,Shook'um #3611,A looping sheet ghost from Halloween Shook'ums. Three bodies. One skeleton. One clock. Minted on Abstract.,3611.gif,Candy,Void,Wink,None,Scarf,None
3612,Shook'um #3612,A looping sheet ghost from Halloween Shook'ums. Three bodies. One skeleton. One clock. Minted on Abstract.,3612.gif,Blood Moon,Blush,Normal,Bow,None,Bat
3613,Shook'um #3613,A looping sheet ghost from Halloween Shook'ums. Three bodies. One skeleton. One clock. Minted on Abstract.,3613.gif,Blush,Classic,Sleepy,None,Cape,Potion
3614,Shook'um #3614,A looping sheet ghost from Halloween Shook'ums. Three bodies. One skeleton. One clock. Minted on Abstract.,3614.gif,Void,Classic,Sad,Pumpkin,Collar,Bat
3615,Shook'um #3615,A looping sheet ghost from Halloween Shook'ums. Three bodies. One skeleton. One clock. Minted on Abstract.,3615.gif,Parchment,Blush,Wink,None,Pearls,Bat
3616,Shook'um #3616,A looping sheet ghost from Halloween Shook'ums. Three bodies. One skeleton. One clock. Minted on Abstract.,3616.gif,Dusk,Blush,Spooked,None,Scarf,Candy
3617,Shook'um #3617,A looping sheet ghost from Halloween Shook'ums. Three bodies. One skeleton. One clock. Minted on Abstract.,3617.gif,Dusk,Classic,Angry,Party,None,Bat
3618,Shook'um #3618,A looping sheet ghost from Halloween Shook'ums. Three bodies. One skeleton. One clock. Minted on Abstract.,3618.gif,Parchment,Classic,Angry,None,Chain,None
3619,Shook'um #3619,A looping sheet ghost from Halloween Shook'ums. Three bodies. One skeleton. One clock. Minted on Abstract.,3619.gif,Blush,Blush,Normal,Wizard,None,Candy Corn
3620,Shook'um #3620,A looping sheet ghost from Halloween Shook'ums. Three bodies. One skeleton. One clock. Minted on Abstract.,3620.gif,Parchment,Classic,Normal,Crown,Cape,None
3621,Shook'um #3621,A looping sheet ghost from Halloween Shook'ums. Three bodies. One skeleton. One clock. Minted on Abstract.,3621.gif,Pumpkin,Classic,Sleepy,None,None,Moon
3622,Shook'um #3622,A looping sheet ghost from Halloween Shook'ums. Three bodies. One skeleton. One clock. Minted on Abstract.,3622.gif,Blood Moon,Void,Heart,Cat Ears,None,Pumpkin
3623,Shook'um #3623,A looping sheet ghost from Halloween Shook'ums. Three bodies. One skeleton. One clock. Minted on Abstract.,3623.gif,Midnight,Blush,Normal,None,None,Pumpkin
3624,Shook'um #3624,A looping sheet ghost from Halloween Shook'ums. Three bodies. One skeleton. One clock. Minted on Abstract.,3624.gif,Fog,Void,Normal,Party,None,Broom
3625,Shook'um #3625,A looping sheet ghost from Halloween Shook'ums. Three bodies. One skeleton. One clock. Minted on Abstract.,3625.gif,Parchment,Classic,Sleepy,None,Pearls,Candy
3626,Shook'um #3626,A looping sheet ghost from Halloween Shook'ums. Three bodies. One skeleton. One clock. Minted on Abstract.,3626.gif,Candy,Void,Normal,None,None,Potion
3627,Shook'um #3627,A looping sheet ghost from Halloween Shook'ums. Three bodies. One skeleton. One clock. Minted on Abstract.,3627.gif,Parchment,Classic,Heart,Halo,Chain,Candy Corn
3628,Shook'um #3628,A looping sheet ghost from Halloween Shook'ums. Three bodies. One skeleton. One clock. Minted on Abstract.,3628.gif,Blush,Blush,Spooked,Flower,Scarf,Candy
3629,Shook'um #3629,A looping sheet ghost from Halloween Shook'ums. Three bodies. One skeleton. One clock. Minted on Abstract.,3629.gif,Blood Moon,Classic,Angry,Party,Bowtie,Moon
3630,Shook'um #3630,A looping sheet ghost from Halloween Shook'ums. Three bodies. One skeleton. One clock. Minted on Abstract.,3630.gif,Parchment,Classic,Sleepy,None,Scarf,None
3631,Shook'um #3631,A looping sheet ghost from Halloween Shook'ums. Three bodies. One skeleton. One clock. Minted on Abstract.,3631.gif,Graveyard,Classic,Blep,Witch,None,Pumpkin
3632,Shook'um #3632,A looping sheet ghost from Halloween Shook'ums. Three bodies. One skeleton. One clock. Minted on Abstract.,3632.gif,Blood Moon,Classic,Blep,Witch,None,Broom
3633,Shook'um #3633,A looping sheet ghost from Halloween Shook'ums. Three bodies. One skeleton. One clock. Minted on Abstract.,3633.gif,Pumpkin,Classic,Angry,Flower,Pearls,Bat
3634,Shook'um #3634,A looping sheet ghost from Halloween Shook'ums. Three bodies. One skeleton. One clock. Minted on Abstract.,3634.gif,Dusk,Classic,Sad,None,None,Potion
3635,Shook'um #3635,A looping sheet ghost from Halloween Shook'ums. Three bodies. One skeleton. One clock. Minted on Abstract.,3635.gif,Pumpkin,Void,Angry,Cat Ears,None,Candy
3636,Shook'um #3636,A looping sheet ghost from Halloween Shook'ums. Three bodies. One skeleton. One clock. Minted on Abstract.,3636.gif,Parchment,Classic,Spooked,Wizard,Chain,None
3637,Shook'um #3637,A looping sheet ghost from Halloween Shook'ums. Three bodies. One skeleton. One clock. Minted on Abstract.,3637.gif,Blush,Classic,Normal,Pumpkin,Pearls,Pumpkin
3638,Shook'um #3638,A looping sheet ghost from Halloween Shook'ums. Three bodies. One skeleton. One clock. Minted on Abstract.,3638.gif,Fog,Classic,Sleepy,Bow,Chain,None
3639,Shook'um #3639,A looping sheet ghost from Halloween Shook'ums. Three bodies. One skeleton. One clock. Minted on Abstract.,3639.gif,Candy,Classic,Blep,None,Cape,Candy Corn
3640,Shook'um #3640,A looping sheet ghost from Halloween Shook'ums. Three bodies. One skeleton. One clock. Minted on Abstract.,3640.gif,Pumpkin,Classic,Blep,None,Scarf,Candy Corn
3641,Shook'um #3641,A looping sheet ghost from Halloween Shook'ums. Three bodies. One skeleton. One clock. Minted on Abstract.,3641.gif,Dusk,Void,Spooked,Pumpkin,None,Candy Corn
3642,Shook'um #3642,A looping sheet ghost from Halloween Shook'ums. Three bodies. One skeleton. One clock. Minted on Abstract.,3642.gif,Dusk,Void,Normal,Bow,Bowtie,None
3643,Shook'um #3643,A looping sheet ghost from Halloween Shook'ums. Three bodies. One skeleton. One clock. Minted on Abstract.,3643.gif,Midnight,Blush,Normal,Pumpkin,Cape,Broom
3644,Shook'um #3644,A looping sheet ghost from Halloween Shook'ums. Three bodies. One skeleton. One clock. Minted on Abstract.,3644.gif,Dusk,Classic,Normal,Bow,None,Pumpkin
3645,Shook'um #3645,A looping sheet ghost from Halloween Shook'ums. Three bodies. One skeleton. One clock. Minted on Abstract.,3645.gif,Graveyard,Classic,Spooked,Cat Ears,Chain,Candy Corn
3646,Shook'um #3646,A looping sheet ghost from Halloween Shook'ums. Three bodies. One skeleton. One clock. Minted on Abstract.,3646.gif,Midnight,Blush,Sleepy,None,Pearls,Broom
3647,Shook'um #3647,A looping sheet ghost from Halloween Shook'ums. Three bodies. One skeleton. One clock. Minted on Abstract.,3647.gif,Pumpkin,Classic,Blep,Crown,Bowtie,Pumpkin
3648,Shook'um #3648,A looping sheet ghost from Halloween Shook'ums. Three bodies. One skeleton. One clock. Minted on Abstract.,3648.gif,Blush,Blush,Blep,Wizard,None,None
3649,Shook'um #3649,A looping sheet ghost from Halloween Shook'ums. Three bodies. One skeleton. One clock. Minted on Abstract.,3649.gif,Blush,Blush,Wink,None,Pearls,Candy Corn
3650,Shook'um #3650,A looping sheet ghost from Halloween Shook'ums. Three bodies. One skeleton. One clock. Minted on Abstract.,3650.gif,Pumpkin,Void,Starry,None,Chain,None
3651,Shook'um #3651,A looping sheet ghost from Halloween Shook'ums. Three bodies. One skeleton. One clock. Minted on Abstract.,3651.gif,Pumpkin,Blush,Sleepy,Cat Ears,None,Candy
3652,Shook'um #3652,A looping sheet ghost from Halloween Shook'ums. Three bodies. One skeleton. One clock. Minted on Abstract.,3652.gif,Parchment,Classic,Angry,Wizard,Pearls,Candy
3653,Shook'um #3653,A looping sheet ghost from Halloween Shook'ums. Three bodies. One skeleton. One clock. Minted on Abstract.,3653.gif,Candy,Blush,Sleepy,Halo,None,Bat
3654,Shook'um #3654,A looping sheet ghost from Halloween Shook'ums. Three bodies. One skeleton. One clock. Minted on Abstract.,3654.gif,Parchment,Classic,Sleepy,Bow,Scarf,Candy
3655,Shook'um #3655,A looping sheet ghost from Halloween Shook'ums. Three bodies. One skeleton. One clock. Minted on Abstract.,3655.gif,Parchment,Void,Blep,Party,Scarf,None
3656,Shook'um #3656,A looping sheet ghost from Halloween Shook'ums. Three bodies. One skeleton. One clock. Minted on Abstract.,3656.gif,Fog,Classic,Sleepy,None,Collar,Pumpkin
3657,Shook'um #3657,A looping sheet ghost from Halloween Shook'ums. Three bodies. One skeleton. One clock. Minted on Abstract.,3657.gif,Parchment,Blush,Sparkly,Cat Ears,Scarf,Broom
3658,Shook'um #3658,A looping sheet ghost from Halloween Shook'ums. Three bodies. One skeleton. One clock. Minted on Abstract.,3658.gif,Pumpkin,Blush,Spooked,None,None,Candy
3659,Shook'um #3659,A looping sheet ghost from Halloween Shook'ums. Three bodies. One skeleton. One clock. Minted on Abstract.,3659.gif,Fog,Void,Blep,None,Scarf,None
3660,Shook'um #3660,A looping sheet ghost from Halloween Shook'ums. Three bodies. One skeleton. One clock. Minted on Abstract.,3660.gif,Dusk,Classic,Normal,None,Scarf,Broom
3661,Shook'um #3661,A looping sheet ghost from Halloween Shook'ums. Three bodies. One skeleton. One clock. Minted on Abstract.,3661.gif,Graveyard,Classic,Spooked,Cat Ears,None,Candy Corn
3662,Shook'um #3662,A looping sheet ghost from Halloween Shook'ums. Three bodies. One skeleton. One clock. Minted on Abstract.,3662.gif,Dusk,Blush,Spooked,None,Chain,Candy
3663,Shook'um #3663,A looping sheet ghost from Halloween Shook'ums. Three bodies. One skeleton. One clock. Minted on Abstract.,3663.gif,Blood Moon,Void,Sparkly,Witch,Bowtie,Bat
3664,Shook'um #3664,A looping sheet ghost from Halloween Shook'ums. Three bodies. One skeleton. One clock. Minted on Abstract.,3664.gif,Graveyard,Classic,Sleepy,Flower,Chain,Bat
3665,Shook'um #3665,A looping sheet ghost from Halloween Shook'ums. Three bodies. One skeleton. One clock. Minted on Abstract.,3665.gif,Dusk,Blush,Sleepy,Pumpkin,None,None
3666,Shook'um #3666,A looping sheet ghost from Halloween Shook'ums. Three bodies. One skeleton. One clock. Minted on Abstract.,3666.gif,Blood Moon,Void,Spooked,Party,None,Pumpkin
3667,Shook'um #3667,A looping sheet ghost from Halloween Shook'ums. Three bodies. One skeleton. One clock. Minted on Abstract.,3667.gif,Pumpkin,Classic,Sad,Witch,Pearls,None
3668,Shook'um #3668,A looping sheet ghost from Halloween Shook'ums. Three bodies. One skeleton. One clock. Minted on Abstract.,3668.gif,Blush,Blush,Wink,None,Scarf,Bat
3669,Shook'um #3669,A looping sheet ghost from Halloween Shook'ums. Three bodies. One skeleton. One clock. Minted on Abstract.,3669.gif,Dusk,Blush,Sparkly,Pumpkin,Collar,Candy Corn
3670,Shook'um #3670,A looping sheet ghost from Halloween Shook'ums. Three bodies. One skeleton. One clock. Minted on Abstract.,3670.gif,Pumpkin,Classic,Wink,Crown,Chain,None
3671,Shook'um #3671,A looping sheet ghost from Halloween Shook'ums. Three bodies. One skeleton. One clock. Minted on Abstract.,3671.gif,Graveyard,Classic,Sparkly,None,Chain,Broom
3672,Shook'um #3672,A looping sheet ghost from Halloween Shook'ums. Three bodies. One skeleton. One clock. Minted on Abstract.,3672.gif,Graveyard,Void,Normal,None,Collar,Candy Corn
3673,Shook'um #3673,A looping sheet ghost from Halloween Shook'ums. Three bodies. One skeleton. One clock. Minted on Abstract.,3673.gif,Fog,Blush,Sleepy,None,Bowtie,None
3674,Shook'um #3674,A looping sheet ghost from Halloween Shook'ums. Three bodies. One skeleton. One clock. Minted on Abstract.,3674.gif,Blush,Blush,Sleepy,Flower,Pearls,Candy
3675,Shook'um #3675,A looping sheet ghost from Halloween Shook'ums. Three bodies. One skeleton. One clock. Minted on Abstract.,3675.gif,Pumpkin,Classic,Normal,Halo,None,None
3676,Shook'um #3676,A looping sheet ghost from Halloween Shook'ums. Three bodies. One skeleton. One clock. Minted on Abstract.,3676.gif,Graveyard,Classic,Wink,Bow,None,Bat
3677,Shook'um #3677,A looping sheet ghost from Halloween Shook'ums. Three bodies. One skeleton. One clock. Minted on Abstract.,3677.gif,Blood Moon,Blush,Sad,Pumpkin,Scarf,Candy
3678,Shook'um #3678,A looping sheet ghost from Halloween Shook'ums. Three bodies. One skeleton. One clock. Minted on Abstract.,3678.gif,Parchment,Classic,Sparkly,Cat Ears,None,None
3679,Shook'um #3679,A looping sheet ghost from Halloween Shook'ums. Three bodies. One skeleton. One clock. Minted on Abstract.,3679.gif,Pumpkin,Blush,Heart,Wizard,Pearls,None
3680,Shook'um #3680,A looping sheet ghost from Halloween Shook'ums. Three bodies. One skeleton. One clock. Minted on Abstract.,3680.gif,Blush,Blush,Spooked,Bow,Collar,Pumpkin
3681,Shook'um #3681,A looping sheet ghost from Halloween Shook'ums. Three bodies. One skeleton. One clock. Minted on Abstract.,3681.gif,Fog,Classic,Sleepy,Crown,Scarf,Pumpkin
3682,Shook'um #3682,A looping sheet ghost from Halloween Shook'ums. Three bodies. One skeleton. One clock. Minted on Abstract.,3682.gif,Dusk,Classic,Sad,Cat Ears,None,Bat
3683,Shook'um #3683,A looping sheet ghost from Halloween Shook'ums. Three bodies. One skeleton. One clock. Minted on Abstract.,3683.gif,Midnight,Classic,Sparkly,None,None,Broom
3684,Shook'um #3684,A looping sheet ghost from Halloween Shook'ums. Three bodies. One skeleton. One clock. Minted on Abstract.,3684.gif,Candy,Blush,Sad,Crown,Chain,Potion
3685,Shook'um #3685,A looping sheet ghost from Halloween Shook'ums. Three bodies. One skeleton. One clock. Minted on Abstract.,3685.gif,Candy,Void,Spooked,Cat Ears,Chain,Bat
3686,Shook'um #3686,A looping sheet ghost from Halloween Shook'ums. Three bodies. One skeleton. One clock. Minted on Abstract.,3686.gif,Midnight,Void,Angry,Flower,Chain,Candy Corn
3687,Shook'um #3687,A looping sheet ghost from Halloween Shook'ums. Three bodies. One skeleton. One clock. Minted on Abstract.,3687.gif,Midnight,Classic,Angry,None,Scarf,Candy
3688,Shook'um #3688,A looping sheet ghost from Halloween Shook'ums. Three bodies. One skeleton. One clock. Minted on Abstract.,3688.gif,Pumpkin,Classic,Wink,None,Collar,None
3689,Shook'um #3689,A looping sheet ghost from Halloween Shook'ums. Three bodies. One skeleton. One clock. Minted on Abstract.,3689.gif,Blush,Classic,Blep,None,Scarf,Bat
3690,Shook'um #3690,A looping sheet ghost from Halloween Shook'ums. Three bodies. One skeleton. One clock. Minted on Abstract.,3690.gif,Pumpkin,Classic,Spooked,Pumpkin,None,Bat
3691,Shook'um #3691,A looping sheet ghost from Halloween Shook'ums. Three bodies. One skeleton. One clock. Minted on Abstract.,3691.gif,Blood Moon,Classic,Normal,Witch,Pearls,Potion
3692,Shook'um #3692,A looping sheet ghost from Halloween Shook'ums. Three bodies. One skeleton. One clock. Minted on Abstract.,3692.gif,Fog,Classic,Wink,Bow,Scarf,Candy
3693,Shook'um #3693,A looping sheet ghost from Halloween Shook'ums. Three bodies. One skeleton. One clock. Minted on Abstract.,3693.gif,Parchment,Blush,Starry,Halo,None,Bat
3694,Shook'um #3694,A looping sheet ghost from Halloween Shook'ums. Three bodies. One skeleton. One clock. Minted on Abstract.,3694.gif,Blood Moon,Classic,Spooked,Pumpkin,Scarf,Pumpkin
3695,Shook'um #3695,A looping sheet ghost from Halloween Shook'ums. Three bodies. One skeleton. One clock. Minted on Abstract.,3695.gif,Blood Moon,Blush,Sparkly,None,Bowtie,Potion
3696,Shook'um #3696,A looping sheet ghost from Halloween Shook'ums. Three bodies. One skeleton. One clock. Minted on Abstract.,3696.gif,Blood Moon,Blush,Sleepy,Witch,None,Bat
3697,Shook'um #3697,A looping sheet ghost from Halloween Shook'ums. Three bodies. One skeleton. One clock. Minted on Abstract.,3697.gif,Parchment,Blush,Sad,Bow,None,Bat
3698,Shook'um #3698,A looping sheet ghost from Halloween Shook'ums. Three bodies. One skeleton. One clock. Minted on Abstract.,3698.gif,Midnight,Blush,Starry,None,Scarf,None
3699,Shook'um #3699,A looping sheet ghost from Halloween Shook'ums. Three bodies. One skeleton. One clock. Minted on Abstract.,3699.gif,Candy,Blush,Sleepy,Party,Scarf,Candy
3700,Shook'um #3700,A looping sheet ghost from Halloween Shook'ums. Three bodies. One skeleton. One clock. Minted on Abstract.,3700.gif,Midnight,Blush,Sleepy,Cat Ears,Collar,None
3701,Shook'um #3701,A looping sheet ghost from Halloween Shook'ums. Three bodies. One skeleton. One clock. Minted on Abstract.,3701.gif,Pumpkin,Blush,Wink,Bow,None,Pumpkin
3702,Shook'um #3702,A looping sheet ghost from Halloween Shook'ums. Three bodies. One skeleton. One clock. Minted on Abstract.,3702.gif,Candy,Classic,Angry,None,Scarf,Candy
3703,Shook'um #3703,A looping sheet ghost from Halloween Shook'ums. Three bodies. One skeleton. One clock. Minted on Abstract.,3703.gif,Candy,Classic,Sparkly,None,Pearls,Candy
3704,Shook'um #3704,A looping sheet ghost from Halloween Shook'ums. Three bodies. One skeleton. One clock. Minted on Abstract.,3704.gif,Blood Moon,Blush,Sleepy,Flower,Pearls,Potion
3705,Shook'um #3705,A looping sheet ghost from Halloween Shook'ums. Three bodies. One skeleton. One clock. Minted on Abstract.,3705.gif,Graveyard,Classic,Normal,Halo,Bowtie,Potion
3706,Shook'um #3706,A looping sheet ghost from Halloween Shook'ums. Three bodies. One skeleton. One clock. Minted on Abstract.,3706.gif,Pumpkin,Classic,Sparkly,Wizard,Chain,Candy
3707,Shook'um #3707,A looping sheet ghost from Halloween Shook'ums. Three bodies. One skeleton. One clock. Minted on Abstract.,3707.gif,Blood Moon,Classic,Sad,Wizard,Chain,Pumpkin
3708,Shook'um #3708,A looping sheet ghost from Halloween Shook'ums. Three bodies. One skeleton. One clock. Minted on Abstract.,3708.gif,Pumpkin,Classic,Blep,Party,Scarf,None
3709,Shook'um #3709,A looping sheet ghost from Halloween Shook'ums. Three bodies. One skeleton. One clock. Minted on Abstract.,3709.gif,Blood Moon,Classic,Spooked,Party,Cape,Broom
3710,Shook'um #3710,A looping sheet ghost from Halloween Shook'ums. Three bodies. One skeleton. One clock. Minted on Abstract.,3710.gif,Midnight,Classic,Wink,Halo,Collar,Pumpkin
3711,Shook'um #3711,A looping sheet ghost from Halloween Shook'ums. Three bodies. One skeleton. One clock. Minted on Abstract.,3711.gif,Midnight,Classic,Spooked,Halo,Chain,Candy
3712,Shook'um #3712,A looping sheet ghost from Halloween Shook'ums. Three bodies. One skeleton. One clock. Minted on Abstract.,3712.gif,Graveyard,Classic,Spooked,Bow,None,Broom
3713,Shook'um #3713,A looping sheet ghost from Halloween Shook'ums. Three bodies. One skeleton. One clock. Minted on Abstract.,3713.gif,Void,Classic,Blep,Halo,Chain,Pumpkin
3714,Shook'um #3714,A looping sheet ghost from Halloween Shook'ums. Three bodies. One skeleton. One clock. Minted on Abstract.,3714.gif,Void,Classic,Normal,Witch,None,Candy Corn
3715,Shook'um #3715,A looping sheet ghost from Halloween Shook'ums. Three bodies. One skeleton. One clock. Minted on Abstract.,3715.gif,Pumpkin,Classic,Starry,None,Pearls,Bat
3716,Shook'um #3716,A looping sheet ghost from Halloween Shook'ums. Three bodies. One skeleton. One clock. Minted on Abstract.,3716.gif,Midnight,Classic,Angry,Party,None,None
3717,Shook'um #3717,A looping sheet ghost from Halloween Shook'ums. Three bodies. One skeleton. One clock. Minted on Abstract.,3717.gif,Pumpkin,Blush,Starry,Flower,None,Bat
3718,Shook'um #3718,A looping sheet ghost from Halloween Shook'ums. Three bodies. One skeleton. One clock. Minted on Abstract.,3718.gif,Pumpkin,Classic,Spooked,None,Collar,Candy Corn
3719,Shook'um #3719,A looping sheet ghost from Halloween Shook'ums. Three bodies. One skeleton. One clock. Minted on Abstract.,3719.gif,Fog,Classic,Sleepy,Witch,Scarf,None
3720,Shook'um #3720,A looping sheet ghost from Halloween Shook'ums. Three bodies. One skeleton. One clock. Minted on Abstract.,3720.gif,Blush,Blush,Spooked,None,None,Potion
3721,Shook'um #3721,A looping sheet ghost from Halloween Shook'ums. Three bodies. One skeleton. One clock. Minted on Abstract.,3721.gif,Parchment,Blush,Spooked,Cat Ears,None,None
3722,Shook'um #3722,A looping sheet ghost from Halloween Shook'ums. Three bodies. One skeleton. One clock. Minted on Abstract.,3722.gif,Midnight,Classic,Blep,Witch,Scarf,Candy Corn
3723,Shook'um #3723,A looping sheet ghost from Halloween Shook'ums. Three bodies. One skeleton. One clock. Minted on Abstract.,3723.gif,Blood Moon,Void,Spooked,Flower,None,Moon
3724,Shook'um #3724,A looping sheet ghost from Halloween Shook'ums. Three bodies. One skeleton. One clock. Minted on Abstract.,3724.gif,Fog,Blush,Sleepy,Flower,None,Potion
3725,Shook'um #3725,A looping sheet ghost from Halloween Shook'ums. Three bodies. One skeleton. One clock. Minted on Abstract.,3725.gif,Candy,Classic,Blep,Crown,None,Pumpkin
3726,Shook'um #3726,A looping sheet ghost from Halloween Shook'ums. Three bodies. One skeleton. One clock. Minted on Abstract.,3726.gif,Parchment,Classic,Sleepy,Wizard,Scarf,Broom
3727,Shook'um #3727,A looping sheet ghost from Halloween Shook'ums. Three bodies. One skeleton. One clock. Minted on Abstract.,3727.gif,Fog,Classic,Sparkly,Bow,Scarf,None
3728,Shook'um #3728,A looping sheet ghost from Halloween Shook'ums. Three bodies. One skeleton. One clock. Minted on Abstract.,3728.gif,Fog,Void,Blep,Bow,Chain,Moon
3729,Shook'um #3729,A looping sheet ghost from Halloween Shook'ums. Three bodies. One skeleton. One clock. Minted on Abstract.,3729.gif,Candy,Classic,Normal,Wizard,None,Candy
3730,Shook'um #3730,A looping sheet ghost from Halloween Shook'ums. Three bodies. One skeleton. One clock. Minted on Abstract.,3730.gif,Pumpkin,Void,Sparkly,Cat Ears,Bowtie,None
3731,Shook'um #3731,A looping sheet ghost from Halloween Shook'ums. Three bodies. One skeleton. One clock. Minted on Abstract.,3731.gif,Fog,Void,Spooked,Bow,None,Candy
3732,Shook'um #3732,A looping sheet ghost from Halloween Shook'ums. Three bodies. One skeleton. One clock. Minted on Abstract.,3732.gif,Pumpkin,Blush,Heart,Pumpkin,None,Pumpkin
3733,Shook'um #3733,A looping sheet ghost from Halloween Shook'ums. Three bodies. One skeleton. One clock. Minted on Abstract.,3733.gif,Blush,Classic,Normal,None,None,Candy
3734,Shook'um #3734,A looping sheet ghost from Halloween Shook'ums. Three bodies. One skeleton. One clock. Minted on Abstract.,3734.gif,Parchment,Classic,Sleepy,Party,Scarf,None
3735,Shook'um #3735,A looping sheet ghost from Halloween Shook'ums. Three bodies. One skeleton. One clock. Minted on Abstract.,3735.gif,Midnight,Classic,Spooked,Bow,Scarf,Broom
3736,Shook'um #3736,A looping sheet ghost from Halloween Shook'ums. Three bodies. One skeleton. One clock. Minted on Abstract.,3736.gif,Pumpkin,Classic,Angry,Wizard,None,Broom
3737,Shook'um #3737,A looping sheet ghost from Halloween Shook'ums. Three bodies. One skeleton. One clock. Minted on Abstract.,3737.gif,Parchment,Void,Wink,None,None,None
3738,Shook'um #3738,A looping sheet ghost from Halloween Shook'ums. Three bodies. One skeleton. One clock. Minted on Abstract.,3738.gif,Parchment,Classic,Sleepy,Pumpkin,Collar,Pumpkin
3739,Shook'um #3739,A looping sheet ghost from Halloween Shook'ums. Three bodies. One skeleton. One clock. Minted on Abstract.,3739.gif,Parchment,Classic,Spooked,Bow,None,Bat
3740,Shook'um #3740,A looping sheet ghost from Halloween Shook'ums. Three bodies. One skeleton. One clock. Minted on Abstract.,3740.gif,Blush,Classic,Sad,Wizard,Bowtie,Bat
3741,Shook'um #3741,A looping sheet ghost from Halloween Shook'ums. Three bodies. One skeleton. One clock. Minted on Abstract.,3741.gif,Parchment,Void,Blep,Flower,None,Pumpkin
3742,Shook'um #3742,A looping sheet ghost from Halloween Shook'ums. Three bodies. One skeleton. One clock. Minted on Abstract.,3742.gif,Midnight,Void,Starry,Wizard,Pearls,Broom
3743,Shook'um #3743,A looping sheet ghost from Halloween Shook'ums. Three bodies. One skeleton. One clock. Minted on Abstract.,3743.gif,Midnight,Blush,Blep,Halo,Cape,Candy
3744,Shook'um #3744,A looping sheet ghost from Halloween Shook'ums. Three bodies. One skeleton. One clock. Minted on Abstract.,3744.gif,Dusk,Classic,Sad,Witch,Chain,Broom
3745,Shook'um #3745,A looping sheet ghost from Halloween Shook'ums. Three bodies. One skeleton. One clock. Minted on Abstract.,3745.gif,Parchment,Void,Sleepy,Crown,Scarf,Candy Corn
3746,Shook'um #3746,A looping sheet ghost from Halloween Shook'ums. Three bodies. One skeleton. One clock. Minted on Abstract.,3746.gif,Parchment,Classic,Spooked,None,Collar,Candy Corn
3747,Shook'um #3747,A looping sheet ghost from Halloween Shook'ums. Three bodies. One skeleton. One clock. Minted on Abstract.,3747.gif,Void,Blush,Blep,None,None,Pumpkin
3748,Shook'um #3748,A looping sheet ghost from Halloween Shook'ums. Three bodies. One skeleton. One clock. Minted on Abstract.,3748.gif,Blush,Classic,Sleepy,Bow,Chain,Pumpkin
3749,Shook'um #3749,A looping sheet ghost from Halloween Shook'ums. Three bodies. One skeleton. One clock. Minted on Abstract.,3749.gif,Fog,Blush,Sad,Bow,Chain,Candy Corn
3750,Shook'um #3750,A looping sheet ghost from Halloween Shook'ums. Three bodies. One skeleton. One clock. Minted on Abstract.,3750.gif,Pumpkin,Blush,Normal,Bow,Bowtie,Pumpkin
3751,Shook'um #3751,A looping sheet ghost from Halloween Shook'ums. Three bodies. One skeleton. One clock. Minted on Abstract.,3751.gif,Midnight,Void,Spooked,Pumpkin,None,Pumpkin
3752,Shook'um #3752,A looping sheet ghost from Halloween Shook'ums. Three bodies. One skeleton. One clock. Minted on Abstract.,3752.gif,Candy,Blush,Sleepy,None,Chain,Broom
3753,Shook'um #3753,A looping sheet ghost from Halloween Shook'ums. Three bodies. One skeleton. One clock. Minted on Abstract.,3753.gif,Graveyard,Classic,Starry,Wizard,None,Bat
3754,Shook'um #3754,A looping sheet ghost from Halloween Shook'ums. Three bodies. One skeleton. One clock. Minted on Abstract.,3754.gif,Pumpkin,Classic,Blep,Crown,None,Potion
3755,Shook'um #3755,A looping sheet ghost from Halloween Shook'ums. Three bodies. One skeleton. One clock. Minted on Abstract.,3755.gif,Pumpkin,Void,Normal,Wizard,None,Broom
3756,Shook'um #3756,A looping sheet ghost from Halloween Shook'ums. Three bodies. One skeleton. One clock. Minted on Abstract.,3756.gif,Dusk,Classic,Sleepy,Flower,Cape,Pumpkin
3757,Shook'um #3757,A looping sheet ghost from Halloween Shook'ums. Three bodies. One skeleton. One clock. Minted on Abstract.,3757.gif,Parchment,Classic,Spooked,None,Bowtie,Potion
3758,Shook'um #3758,A looping sheet ghost from Halloween Shook'ums. Three bodies. One skeleton. One clock. Minted on Abstract.,3758.gif,Pumpkin,Classic,Normal,Crown,Bowtie,Bat
3759,Shook'um #3759,A looping sheet ghost from Halloween Shook'ums. Three bodies. One skeleton. One clock. Minted on Abstract.,3759.gif,Parchment,Void,Starry,Flower,Bowtie,Potion
3760,Shook'um #3760,A looping sheet ghost from Halloween Shook'ums. Three bodies. One skeleton. One clock. Minted on Abstract.,3760.gif,Blush,Blush,Sleepy,Witch,Cape,None
3761,Shook'um #3761,A looping sheet ghost from Halloween Shook'ums. Three bodies. One skeleton. One clock. Minted on Abstract.,3761.gif,Fog,Classic,Blep,Wizard,Chain,Candy
3762,Shook'um #3762,A looping sheet ghost from Halloween Shook'ums. Three bodies. One skeleton. One clock. Minted on Abstract.,3762.gif,Fog,Blush,Normal,Party,None,None
3763,Shook'um #3763,A looping sheet ghost from Halloween Shook'ums. Three bodies. One skeleton. One clock. Minted on Abstract.,3763.gif,Pumpkin,Classic,Starry,Cat Ears,Chain,Pumpkin
3764,Shook'um #3764,A looping sheet ghost from Halloween Shook'ums. Three bodies. One skeleton. One clock. Minted on Abstract.,3764.gif,Dusk,Blush,Angry,Party,None,None
3765,Shook'um #3765,A looping sheet ghost from Halloween Shook'ums. Three bodies. One skeleton. One clock. Minted on Abstract.,3765.gif,Fog,Classic,Wink,Pumpkin,Pearls,Candy Corn
3766,Shook'um #3766,A looping sheet ghost from Halloween Shook'ums. Three bodies. One skeleton. One clock. Minted on Abstract.,3766.gif,Midnight,Blush,Blep,None,Collar,Pumpkin
3767,Shook'um #3767,A looping sheet ghost from Halloween Shook'ums. Three bodies. One skeleton. One clock. Minted on Abstract.,3767.gif,Graveyard,Classic,Normal,None,Bowtie,Candy Corn
3768,Shook'um #3768,A looping sheet ghost from Halloween Shook'ums. Three bodies. One skeleton. One clock. Minted on Abstract.,3768.gif,Fog,Blush,Normal,None,Bowtie,Potion
3769,Shook'um #3769,A looping sheet ghost from Halloween Shook'ums. Three bodies. One skeleton. One clock. Minted on Abstract.,3769.gif,Blood Moon,Blush,Spooked,Witch,Collar,Bat
3770,Shook'um #3770,A looping sheet ghost from Halloween Shook'ums. Three bodies. One skeleton. One clock. Minted on Abstract.,3770.gif,Parchment,Void,Sad,Witch,Bowtie,None
3771,Shook'um #3771,A looping sheet ghost from Halloween Shook'ums. Three bodies. One skeleton. One clock. Minted on Abstract.,3771.gif,Pumpkin,Blush,Blep,Wizard,Collar,None
3772,Shook'um #3772,A looping sheet ghost from Halloween Shook'ums. Three bodies. One skeleton. One clock. Minted on Abstract.,3772.gif,Blush,Classic,Blep,Crown,Pearls,None
3773,Shook'um #3773,A looping sheet ghost from Halloween Shook'ums. Three bodies. One skeleton. One clock. Minted on Abstract.,3773.gif,Pumpkin,Blush,Starry,Halo,Bowtie,Bat
3774,Shook'um #3774,A looping sheet ghost from Halloween Shook'ums. Three bodies. One skeleton. One clock. Minted on Abstract.,3774.gif,Blood Moon,Blush,Sleepy,Flower,Chain,Bat
3775,Shook'um #3775,A looping sheet ghost from Halloween Shook'ums. Three bodies. One skeleton. One clock. Minted on Abstract.,3775.gif,Dusk,Classic,Starry,Halo,None,None
3776,Shook'um #3776,A looping sheet ghost from Halloween Shook'ums. Three bodies. One skeleton. One clock. Minted on Abstract.,3776.gif,Midnight,Classic,Spooked,Pumpkin,Scarf,Candy
3777,Shook'um #3777,A looping sheet ghost from Halloween Shook'ums. Three bodies. One skeleton. One clock. Minted on Abstract.,3777.gif,Blush,Blush,Blep,None,Pearls,Broom
3778,Shook'um #3778,A looping sheet ghost from Halloween Shook'ums. Three bodies. One skeleton. One clock. Minted on Abstract.,3778.gif,Fog,Classic,Sparkly,None,Collar,None
3779,Shook'um #3779,A looping sheet ghost from Halloween Shook'ums. Three bodies. One skeleton. One clock. Minted on Abstract.,3779.gif,Fog,Classic,Sparkly,Pumpkin,None,Candy
3780,Shook'um #3780,A looping sheet ghost from Halloween Shook'ums. Three bodies. One skeleton. One clock. Minted on Abstract.,3780.gif,Candy,Void,Normal,Bow,None,None
3781,Shook'um #3781,A looping sheet ghost from Halloween Shook'ums. Three bodies. One skeleton. One clock. Minted on Abstract.,3781.gif,Blood Moon,Classic,Sad,Cat Ears,None,None
3782,Shook'um #3782,A looping sheet ghost from Halloween Shook'ums. Three bodies. One skeleton. One clock. Minted on Abstract.,3782.gif,Pumpkin,Void,Spooked,None,Collar,None
3783,Shook'um #3783,A looping sheet ghost from Halloween Shook'ums. Three bodies. One skeleton. One clock. Minted on Abstract.,3783.gif,Graveyard,Blush,Angry,None,Scarf,Candy
3784,Shook'um #3784,A looping sheet ghost from Halloween Shook'ums. Three bodies. One skeleton. One clock. Minted on Abstract.,3784.gif,Fog,Classic,Sleepy,None,Chain,Broom
3785,Shook'um #3785,A looping sheet ghost from Halloween Shook'ums. Three bodies. One skeleton. One clock. Minted on Abstract.,3785.gif,Void,Classic,Starry,Cat Ears,None,Pumpkin
3786,Shook'um #3786,A looping sheet ghost from Halloween Shook'ums. Three bodies. One skeleton. One clock. Minted on Abstract.,3786.gif,Parchment,Void,Normal,Party,Bowtie,Candy
3787,Shook'um #3787,A looping sheet ghost from Halloween Shook'ums. Three bodies. One skeleton. One clock. Minted on Abstract.,3787.gif,Blush,Void,Normal,Cat Ears,Cape,Broom
3788,Shook'um #3788,A looping sheet ghost from Halloween Shook'ums. Three bodies. One skeleton. One clock. Minted on Abstract.,3788.gif,Candy,Blush,Sad,Bow,Collar,Broom
3789,Shook'um #3789,A looping sheet ghost from Halloween Shook'ums. Three bodies. One skeleton. One clock. Minted on Abstract.,3789.gif,Parchment,Classic,Blep,Wizard,None,Moon
3790,Shook'um #3790,A looping sheet ghost from Halloween Shook'ums. Three bodies. One skeleton. One clock. Minted on Abstract.,3790.gif,Blood Moon,Classic,Blep,Crown,Chain,None
3791,Shook'um #3791,A looping sheet ghost from Halloween Shook'ums. Three bodies. One skeleton. One clock. Minted on Abstract.,3791.gif,Candy,Blush,Sparkly,Halo,Pearls,Candy Corn
3792,Shook'um #3792,A looping sheet ghost from Halloween Shook'ums. Three bodies. One skeleton. One clock. Minted on Abstract.,3792.gif,Fog,Classic,Blep,Wizard,Chain,Pumpkin
3793,Shook'um #3793,A looping sheet ghost from Halloween Shook'ums. Three bodies. One skeleton. One clock. Minted on Abstract.,3793.gif,Graveyard,Blush,Spooked,None,Chain,None
3794,Shook'um #3794,A looping sheet ghost from Halloween Shook'ums. Three bodies. One skeleton. One clock. Minted on Abstract.,3794.gif,Dusk,Classic,Sleepy,Pumpkin,Scarf,Broom
3795,Shook'um #3795,A looping sheet ghost from Halloween Shook'ums. Three bodies. One skeleton. One clock. Minted on Abstract.,3795.gif,Blood Moon,Blush,Sparkly,None,Scarf,Potion
3796,Shook'um #3796,A looping sheet ghost from Halloween Shook'ums. Three bodies. One skeleton. One clock. Minted on Abstract.,3796.gif,Pumpkin,Classic,Blep,Wizard,None,None
3797,Shook'um #3797,A looping sheet ghost from Halloween Shook'ums. Three bodies. One skeleton. One clock. Minted on Abstract.,3797.gif,Graveyard,Void,Normal,None,Scarf,Candy
3798,Shook'um #3798,A looping sheet ghost from Halloween Shook'ums. Three bodies. One skeleton. One clock. Minted on Abstract.,3798.gif,Midnight,Void,Spooked,None,Pearls,None
3799,Shook'um #3799,A looping sheet ghost from Halloween Shook'ums. Three bodies. One skeleton. One clock. Minted on Abstract.,3799.gif,Pumpkin,Classic,Sleepy,Bow,Scarf,None
3800,Shook'um #3800,A looping sheet ghost from Halloween Shook'ums. Three bodies. One skeleton. One clock. Minted on Abstract.,3800.gif,Dusk,Classic,Normal,Wizard,None,Candy
3801,Shook'um #3801,A looping sheet ghost from Halloween Shook'ums. Three bodies. One skeleton. One clock. Minted on Abstract.,3801.gif,Midnight,Classic,Wink,Pumpkin,Collar,Candy
3802,Shook'um #3802,A looping sheet ghost from Halloween Shook'ums. Three bodies. One skeleton. One clock. Minted on Abstract.,3802.gif,Pumpkin,Classic,Blep,Halo,Chain,Pumpkin
3803,Shook'um #3803,A looping sheet ghost from Halloween Shook'ums. Three bodies. One skeleton. One clock. Minted on Abstract.,3803.gif,Graveyard,Void,Heart,Flower,Collar,Pumpkin
3804,Shook'um #3804,A looping sheet ghost from Halloween Shook'ums. Three bodies. One skeleton. One clock. Minted on Abstract.,3804.gif,Candy,Classic,Blep,Bow,Cape,Potion
3805,Shook'um #3805,A looping sheet ghost from Halloween Shook'ums. Three bodies. One skeleton. One clock. Minted on Abstract.,3805.gif,Midnight,Classic,Angry,Wizard,None,Potion
3806,Shook'um #3806,A looping sheet ghost from Halloween Shook'ums. Three bodies. One skeleton. One clock. Minted on Abstract.,3806.gif,Graveyard,Void,Blep,None,Cape,None
3807,Shook'um #3807,A looping sheet ghost from Halloween Shook'ums. Three bodies. One skeleton. One clock. Minted on Abstract.,3807.gif,Pumpkin,Classic,Sleepy,Witch,None,None
3808,Shook'um #3808,A looping sheet ghost from Halloween Shook'ums. Three bodies. One skeleton. One clock. Minted on Abstract.,3808.gif,Blood Moon,Blush,Heart,Party,Scarf,Pumpkin
3809,Shook'um #3809,A looping sheet ghost from Halloween Shook'ums. Three bodies. One skeleton. One clock. Minted on Abstract.,3809.gif,Dusk,Classic,Heart,Halo,Pearls,None
3810,Shook'um #3810,A looping sheet ghost from Halloween Shook'ums. Three bodies. One skeleton. One clock. Minted on Abstract.,3810.gif,Candy,Classic,Blep,Party,None,None
3811,Shook'um #3811,A looping sheet ghost from Halloween Shook'ums. Three bodies. One skeleton. One clock. Minted on Abstract.,3811.gif,Midnight,Classic,Spooked,Cat Ears,Pearls,None
3812,Shook'um #3812,A looping sheet ghost from Halloween Shook'ums. Three bodies. One skeleton. One clock. Minted on Abstract.,3812.gif,Blood Moon,Classic,Blep,Witch,Cape,Potion
3813,Shook'um #3813,A looping sheet ghost from Halloween Shook'ums. Three bodies. One skeleton. One clock. Minted on Abstract.,3813.gif,Graveyard,Classic,Spooked,Flower,Chain,None
3814,Shook'um #3814,A looping sheet ghost from Halloween Shook'ums. Three bodies. One skeleton. One clock. Minted on Abstract.,3814.gif,Graveyard,Void,Sad,None,Collar,None
3815,Shook'um #3815,A looping sheet ghost from Halloween Shook'ums. Three bodies. One skeleton. One clock. Minted on Abstract.,3815.gif,Dusk,Classic,Wink,None,Bowtie,Moon
3816,Shook'um #3816,A looping sheet ghost from Halloween Shook'ums. Three bodies. One skeleton. One clock. Minted on Abstract.,3816.gif,Blood Moon,Classic,Spooked,Wizard,Cape,Potion
3817,Shook'um #3817,A looping sheet ghost from Halloween Shook'ums. Three bodies. One skeleton. One clock. Minted on Abstract.,3817.gif,Candy,Classic,Sparkly,Cat Ears,None,Candy Corn
3818,Shook'um #3818,A looping sheet ghost from Halloween Shook'ums. Three bodies. One skeleton. One clock. Minted on Abstract.,3818.gif,Blood Moon,Void,Wink,None,None,Pumpkin
3819,Shook'um #3819,A looping sheet ghost from Halloween Shook'ums. Three bodies. One skeleton. One clock. Minted on Abstract.,3819.gif,Dusk,Classic,Sad,Crown,None,Moon
3820,Shook'um #3820,A looping sheet ghost from Halloween Shook'ums. Three bodies. One skeleton. One clock. Minted on Abstract.,3820.gif,Parchment,Void,Spooked,Pumpkin,Collar,Candy
3821,Shook'um #3821,A looping sheet ghost from Halloween Shook'ums. Three bodies. One skeleton. One clock. Minted on Abstract.,3821.gif,Pumpkin,Classic,Spooked,None,Bowtie,Candy
3822,Shook'um #3822,A looping sheet ghost from Halloween Shook'ums. Three bodies. One skeleton. One clock. Minted on Abstract.,3822.gif,Pumpkin,Classic,Spooked,None,Scarf,None
3823,Shook'um #3823,A looping sheet ghost from Halloween Shook'ums. Three bodies. One skeleton. One clock. Minted on Abstract.,3823.gif,Candy,Blush,Normal,Witch,Chain,Bat
3824,Shook'um #3824,A looping sheet ghost from Halloween Shook'ums. Three bodies. One skeleton. One clock. Minted on Abstract.,3824.gif,Dusk,Classic,Spooked,Pumpkin,None,Candy
3825,Shook'um #3825,A looping sheet ghost from Halloween Shook'ums. Three bodies. One skeleton. One clock. Minted on Abstract.,3825.gif,Candy,Classic,Sleepy,Witch,Bowtie,Potion
3826,Shook'um #3826,A looping sheet ghost from Halloween Shook'ums. Three bodies. One skeleton. One clock. Minted on Abstract.,3826.gif,Candy,Classic,Angry,Witch,Bowtie,Broom
3827,Shook'um #3827,A looping sheet ghost from Halloween Shook'ums. Three bodies. One skeleton. One clock. Minted on Abstract.,3827.gif,Fog,Classic,Blep,Bow,None,Candy
3828,Shook'um #3828,A looping sheet ghost from Halloween Shook'ums. Three bodies. One skeleton. One clock. Minted on Abstract.,3828.gif,Dusk,Classic,Sad,Witch,Pearls,None
3829,Shook'um #3829,A looping sheet ghost from Halloween Shook'ums. Three bodies. One skeleton. One clock. Minted on Abstract.,3829.gif,Dusk,Blush,Normal,Party,None,Moon
3830,Shook'um #3830,A looping sheet ghost from Halloween Shook'ums. Three bodies. One skeleton. One clock. Minted on Abstract.,3830.gif,Midnight,Blush,Sparkly,None,Pearls,None
3831,Shook'um #3831,A looping sheet ghost from Halloween Shook'ums. Three bodies. One skeleton. One clock. Minted on Abstract.,3831.gif,Midnight,Blush,Sparkly,Cat Ears,None,None
3832,Shook'um #3832,A looping sheet ghost from Halloween Shook'ums. Three bodies. One skeleton. One clock. Minted on Abstract.,3832.gif,Pumpkin,Blush,Blep,Cat Ears,None,Broom
3833,Shook'um #3833,A looping sheet ghost from Halloween Shook'ums. Three bodies. One skeleton. One clock. Minted on Abstract.,3833.gif,Dusk,Classic,Normal,None,Bowtie,Candy
3834,Shook'um #3834,A looping sheet ghost from Halloween Shook'ums. Three bodies. One skeleton. One clock. Minted on Abstract.,3834.gif,Pumpkin,Void,Wink,Bow,Scarf,Candy Corn
3835,Shook'um #3835,A looping sheet ghost from Halloween Shook'ums. Three bodies. One skeleton. One clock. Minted on Abstract.,3835.gif,Parchment,Classic,Wink,Crown,None,Potion
3836,Shook'um #3836,A looping sheet ghost from Halloween Shook'ums. Three bodies. One skeleton. One clock. Minted on Abstract.,3836.gif,Graveyard,Void,Spooked,Cat Ears,Chain,Pumpkin
3837,Shook'um #3837,A looping sheet ghost from Halloween Shook'ums. Three bodies. One skeleton. One clock. Minted on Abstract.,3837.gif,Fog,Void,Sleepy,Bow,None,None
3838,Shook'um #3838,A looping sheet ghost from Halloween Shook'ums. Three bodies. One skeleton. One clock. Minted on Abstract.,3838.gif,Pumpkin,Classic,Heart,Wizard,Collar,Pumpkin
3839,Shook'um #3839,A looping sheet ghost from Halloween Shook'ums. Three bodies. One skeleton. One clock. Minted on Abstract.,3839.gif,Pumpkin,Classic,Angry,Cat Ears,Bowtie,Bat
3840,Shook'um #3840,A looping sheet ghost from Halloween Shook'ums. Three bodies. One skeleton. One clock. Minted on Abstract.,3840.gif,Candy,Classic,Spooked,None,None,Moon
3841,Shook'um #3841,A looping sheet ghost from Halloween Shook'ums. Three bodies. One skeleton. One clock. Minted on Abstract.,3841.gif,Midnight,Blush,Sparkly,None,None,None
3842,Shook'um #3842,A looping sheet ghost from Halloween Shook'ums. Three bodies. One skeleton. One clock. Minted on Abstract.,3842.gif,Pumpkin,Blush,Blep,None,Chain,None
3843,Shook'um #3843,A looping sheet ghost from Halloween Shook'ums. Three bodies. One skeleton. One clock. Minted on Abstract.,3843.gif,Candy,Void,Sad,Bow,None,Candy
3844,Shook'um #3844,A looping sheet ghost from Halloween Shook'ums. Three bodies. One skeleton. One clock. Minted on Abstract.,3844.gif,Dusk,Classic,Normal,None,Scarf,Bat
3845,Shook'um #3845,A looping sheet ghost from Halloween Shook'ums. Three bodies. One skeleton. One clock. Minted on Abstract.,3845.gif,Blush,Blush,Spooked,None,None,Candy Corn
3846,Shook'um #3846,A looping sheet ghost from Halloween Shook'ums. Three bodies. One skeleton. One clock. Minted on Abstract.,3846.gif,Blush,Void,Sparkly,Bow,Collar,Broom
3847,Shook'um #3847,A looping sheet ghost from Halloween Shook'ums. Three bodies. One skeleton. One clock. Minted on Abstract.,3847.gif,Pumpkin,Classic,Angry,Pumpkin,None,Pumpkin
3848,Shook'um #3848,A looping sheet ghost from Halloween Shook'ums. Three bodies. One skeleton. One clock. Minted on Abstract.,3848.gif,Dusk,Blush,Sad,Witch,None,Bat
3849,Shook'um #3849,A looping sheet ghost from Halloween Shook'ums. Three bodies. One skeleton. One clock. Minted on Abstract.,3849.gif,Pumpkin,Classic,Sleepy,Wizard,Chain,Bat
3850,Shook'um #3850,A looping sheet ghost from Halloween Shook'ums. Three bodies. One skeleton. One clock. Minted on Abstract.,3850.gif,Pumpkin,Classic,Starry,Crown,Chain,Moon
3851,Shook'um #3851,A looping sheet ghost from Halloween Shook'ums. Three bodies. One skeleton. One clock. Minted on Abstract.,3851.gif,Pumpkin,Blush,Spooked,Cat Ears,Chain,Candy
3852,Shook'um #3852,A looping sheet ghost from Halloween Shook'ums. Three bodies. One skeleton. One clock. Minted on Abstract.,3852.gif,Parchment,Classic,Spooked,None,None,Candy Corn
3853,Shook'um #3853,A looping sheet ghost from Halloween Shook'ums. Three bodies. One skeleton. One clock. Minted on Abstract.,3853.gif,Candy,Classic,Starry,Pumpkin,Chain,Candy
3854,Shook'um #3854,A looping sheet ghost from Halloween Shook'ums. Three bodies. One skeleton. One clock. Minted on Abstract.,3854.gif,Blush,Void,Heart,Witch,Scarf,Potion
3855,Shook'um #3855,A looping sheet ghost from Halloween Shook'ums. Three bodies. One skeleton. One clock. Minted on Abstract.,3855.gif,Void,Classic,Wink,Witch,Collar,Candy
3856,Shook'um #3856,A looping sheet ghost from Halloween Shook'ums. Three bodies. One skeleton. One clock. Minted on Abstract.,3856.gif,Blood Moon,Classic,Sleepy,None,None,Candy Corn
3857,Shook'um #3857,A looping sheet ghost from Halloween Shook'ums. Three bodies. One skeleton. One clock. Minted on Abstract.,3857.gif,Dusk,Blush,Sleepy,None,Bowtie,Potion
3858,Shook'um #3858,A looping sheet ghost from Halloween Shook'ums. Three bodies. One skeleton. One clock. Minted on Abstract.,3858.gif,Graveyard,Classic,Normal,None,None,None
3859,Shook'um #3859,A looping sheet ghost from Halloween Shook'ums. Three bodies. One skeleton. One clock. Minted on Abstract.,3859.gif,Blood Moon,Blush,Sad,None,None,Broom
3860,Shook'um #3860,A looping sheet ghost from Halloween Shook'ums. Three bodies. One skeleton. One clock. Minted on Abstract.,3860.gif,Dusk,Classic,Blep,Wizard,Cape,Candy Corn
3861,Shook'um #3861,A looping sheet ghost from Halloween Shook'ums. Three bodies. One skeleton. One clock. Minted on Abstract.,3861.gif,Pumpkin,Classic,Sleepy,Bow,Collar,None
3862,Shook'um #3862,A looping sheet ghost from Halloween Shook'ums. Three bodies. One skeleton. One clock. Minted on Abstract.,3862.gif,Blush,Void,Normal,None,Pearls,Bat
3863,Shook'um #3863,A looping sheet ghost from Halloween Shook'ums. Three bodies. One skeleton. One clock. Minted on Abstract.,3863.gif,Graveyard,Blush,Normal,None,Scarf,None
3864,Shook'um #3864,A looping sheet ghost from Halloween Shook'ums. Three bodies. One skeleton. One clock. Minted on Abstract.,3864.gif,Dusk,Classic,Spooked,None,Pearls,None
3865,Shook'um #3865,A looping sheet ghost from Halloween Shook'ums. Three bodies. One skeleton. One clock. Minted on Abstract.,3865.gif,Parchment,Classic,Blep,None,Cape,Candy Corn
3866,Shook'um #3866,A looping sheet ghost from Halloween Shook'ums. Three bodies. One skeleton. One clock. Minted on Abstract.,3866.gif,Pumpkin,Classic,Heart,Pumpkin,Scarf,Pumpkin
3867,Shook'um #3867,A looping sheet ghost from Halloween Shook'ums. Three bodies. One skeleton. One clock. Minted on Abstract.,3867.gif,Candy,Blush,Heart,Cat Ears,Chain,Pumpkin
3868,Shook'um #3868,A looping sheet ghost from Halloween Shook'ums. Three bodies. One skeleton. One clock. Minted on Abstract.,3868.gif,Midnight,Void,Sleepy,None,None,Broom
3869,Shook'um #3869,A looping sheet ghost from Halloween Shook'ums. Three bodies. One skeleton. One clock. Minted on Abstract.,3869.gif,Candy,Blush,Spooked,Flower,None,Potion
3870,Shook'um #3870,A looping sheet ghost from Halloween Shook'ums. Three bodies. One skeleton. One clock. Minted on Abstract.,3870.gif,Midnight,Classic,Spooked,None,None,Broom
3871,Shook'um #3871,A looping sheet ghost from Halloween Shook'ums. Three bodies. One skeleton. One clock. Minted on Abstract.,3871.gif,Blush,Blush,Normal,Pumpkin,Scarf,Pumpkin
3872,Shook'um #3872,A looping sheet ghost from Halloween Shook'ums. Three bodies. One skeleton. One clock. Minted on Abstract.,3872.gif,Candy,Blush,Sleepy,Witch,Bowtie,Candy
3873,Shook'um #3873,A looping sheet ghost from Halloween Shook'ums. Three bodies. One skeleton. One clock. Minted on Abstract.,3873.gif,Pumpkin,Blush,Sleepy,Wizard,Bowtie,None
3874,Shook'um #3874,A looping sheet ghost from Halloween Shook'ums. Three bodies. One skeleton. One clock. Minted on Abstract.,3874.gif,Midnight,Blush,Angry,Bow,None,Candy
3875,Shook'um #3875,A looping sheet ghost from Halloween Shook'ums. Three bodies. One skeleton. One clock. Minted on Abstract.,3875.gif,Fog,Blush,Normal,Pumpkin,Bowtie,Pumpkin
3876,Shook'um #3876,A looping sheet ghost from Halloween Shook'ums. Three bodies. One skeleton. One clock. Minted on Abstract.,3876.gif,Midnight,Blush,Sleepy,Wizard,None,Bat
3877,Shook'um #3877,A looping sheet ghost from Halloween Shook'ums. Three bodies. One skeleton. One clock. Minted on Abstract.,3877.gif,Blood Moon,Classic,Normal,Bow,None,Candy
3878,Shook'um #3878,A looping sheet ghost from Halloween Shook'ums. Three bodies. One skeleton. One clock. Minted on Abstract.,3878.gif,Candy,Classic,Sad,None,Pearls,None
3879,Shook'um #3879,A looping sheet ghost from Halloween Shook'ums. Three bodies. One skeleton. One clock. Minted on Abstract.,3879.gif,Parchment,Void,Normal,Bow,Scarf,None
3880,Shook'um #3880,A looping sheet ghost from Halloween Shook'ums. Three bodies. One skeleton. One clock. Minted on Abstract.,3880.gif,Midnight,Classic,Wink,None,Pearls,Candy
3881,Shook'um #3881,A looping sheet ghost from Halloween Shook'ums. Three bodies. One skeleton. One clock. Minted on Abstract.,3881.gif,Midnight,Classic,Wink,Crown,None,None
3882,Shook'um #3882,A looping sheet ghost from Halloween Shook'ums. Three bodies. One skeleton. One clock. Minted on Abstract.,3882.gif,Candy,Classic,Angry,Party,Chain,None
3883,Shook'um #3883,A looping sheet ghost from Halloween Shook'ums. Three bodies. One skeleton. One clock. Minted on Abstract.,3883.gif,Blood Moon,Classic,Blep,Flower,None,Pumpkin
3884,Shook'um #3884,A looping sheet ghost from Halloween Shook'ums. Three bodies. One skeleton. One clock. Minted on Abstract.,3884.gif,Dusk,Classic,Wink,Crown,None,Pumpkin
3885,Shook'um #3885,A looping sheet ghost from Halloween Shook'ums. Three bodies. One skeleton. One clock. Minted on Abstract.,3885.gif,Blush,Blush,Spooked,Party,Bowtie,Bat
3886,Shook'um #3886,A looping sheet ghost from Halloween Shook'ums. Three bodies. One skeleton. One clock. Minted on Abstract.,3886.gif,Parchment,Classic,Sparkly,Crown,Chain,Moon
3887,Shook'um #3887,A looping sheet ghost from Halloween Shook'ums. Three bodies. One skeleton. One clock. Minted on Abstract.,3887.gif,Midnight,Blush,Sparkly,Halo,Collar,None
3888,Shook'um #3888,A looping sheet ghost from Halloween Shook'ums. Three bodies. One skeleton. One clock. Minted on Abstract.,3888.gif,Void,Void,Angry,Pumpkin,Cape,Candy
3889,Shook'um #3889,A looping sheet ghost from Halloween Shook'ums. Three bodies. One skeleton. One clock. Minted on Abstract.,3889.gif,Midnight,Blush,Sad,Bow,Chain,Moon
3890,Shook'um #3890,A looping sheet ghost from Halloween Shook'ums. Three bodies. One skeleton. One clock. Minted on Abstract.,3890.gif,Void,Void,Sad,None,Scarf,Pumpkin
3891,Shook'um #3891,A looping sheet ghost from Halloween Shook'ums. Three bodies. One skeleton. One clock. Minted on Abstract.,3891.gif,Graveyard,Blush,Normal,None,None,Broom
3892,Shook'um #3892,A looping sheet ghost from Halloween Shook'ums. Three bodies. One skeleton. One clock. Minted on Abstract.,3892.gif,Graveyard,Blush,Spooked,Wizard,None,None
3893,Shook'um #3893,A looping sheet ghost from Halloween Shook'ums. Three bodies. One skeleton. One clock. Minted on Abstract.,3893.gif,Midnight,Classic,Angry,Witch,None,Candy Corn
3894,Shook'um #3894,A looping sheet ghost from Halloween Shook'ums. Three bodies. One skeleton. One clock. Minted on Abstract.,3894.gif,Blush,Blush,Starry,None,Bowtie,Potion
3895,Shook'um #3895,A looping sheet ghost from Halloween Shook'ums. Three bodies. One skeleton. One clock. Minted on Abstract.,3895.gif,Blood Moon,Classic,Spooked,Bow,Pearls,None
3896,Shook'um #3896,A looping sheet ghost from Halloween Shook'ums. Three bodies. One skeleton. One clock. Minted on Abstract.,3896.gif,Parchment,Blush,Sparkly,Bow,Pearls,None
3897,Shook'um #3897,A looping sheet ghost from Halloween Shook'ums. Three bodies. One skeleton. One clock. Minted on Abstract.,3897.gif,Blood Moon,Classic,Normal,Bow,None,Moon
3898,Shook'um #3898,A looping sheet ghost from Halloween Shook'ums. Three bodies. One skeleton. One clock. Minted on Abstract.,3898.gif,Blush,Void,Normal,Pumpkin,None,Candy Corn
3899,Shook'um #3899,A looping sheet ghost from Halloween Shook'ums. Three bodies. One skeleton. One clock. Minted on Abstract.,3899.gif,Fog,Classic,Normal,Bow,Collar,Broom
3900,Shook'um #3900,A looping sheet ghost from Halloween Shook'ums. Three bodies. One skeleton. One clock. Minted on Abstract.,3900.gif,Void,Classic,Sparkly,Crown,None,Candy Corn
3901,Shook'um #3901,A looping sheet ghost from Halloween Shook'ums. Three bodies. One skeleton. One clock. Minted on Abstract.,3901.gif,Blood Moon,Classic,Starry,Bow,Chain,None
3902,Shook'um #3902,A looping sheet ghost from Halloween Shook'ums. Three bodies. One skeleton. One clock. Minted on Abstract.,3902.gif,Candy,Void,Sleepy,None,None,Pumpkin
3903,Shook'um #3903,A looping sheet ghost from Halloween Shook'ums. Three bodies. One skeleton. One clock. Minted on Abstract.,3903.gif,Dusk,Blush,Blep,Witch,Bowtie,None
3904,Shook'um #3904,A looping sheet ghost from Halloween Shook'ums. Three bodies. One skeleton. One clock. Minted on Abstract.,3904.gif,Candy,Blush,Sleepy,Bow,Pearls,None
3905,Shook'um #3905,A looping sheet ghost from Halloween Shook'ums. Three bodies. One skeleton. One clock. Minted on Abstract.,3905.gif,Candy,Classic,Spooked,Party,Pearls,Moon
3906,Shook'um #3906,A looping sheet ghost from Halloween Shook'ums. Three bodies. One skeleton. One clock. Minted on Abstract.,3906.gif,Blood Moon,Classic,Normal,Party,Bowtie,None
3907,Shook'um #3907,A looping sheet ghost from Halloween Shook'ums. Three bodies. One skeleton. One clock. Minted on Abstract.,3907.gif,Dusk,Void,Spooked,Witch,Scarf,Candy
3908,Shook'um #3908,A looping sheet ghost from Halloween Shook'ums. Three bodies. One skeleton. One clock. Minted on Abstract.,3908.gif,Blood Moon,Void,Sleepy,Bow,Scarf,Potion
3909,Shook'um #3909,A looping sheet ghost from Halloween Shook'ums. Three bodies. One skeleton. One clock. Minted on Abstract.,3909.gif,Candy,Classic,Normal,Flower,Bowtie,None
3910,Shook'um #3910,A looping sheet ghost from Halloween Shook'ums. Three bodies. One skeleton. One clock. Minted on Abstract.,3910.gif,Void,Void,Angry,Cat Ears,Cape,Pumpkin
3911,Shook'um #3911,A looping sheet ghost from Halloween Shook'ums. Three bodies. One skeleton. One clock. Minted on Abstract.,3911.gif,Graveyard,Blush,Heart,Witch,Chain,Pumpkin
3912,Shook'um #3912,A looping sheet ghost from Halloween Shook'ums. Three bodies. One skeleton. One clock. Minted on Abstract.,3912.gif,Graveyard,Blush,Sleepy,Bow,Chain,None
3913,Shook'um #3913,A looping sheet ghost from Halloween Shook'ums. Three bodies. One skeleton. One clock. Minted on Abstract.,3913.gif,Midnight,Classic,Spooked,None,Bowtie,Moon
3914,Shook'um #3914,A looping sheet ghost from Halloween Shook'ums. Three bodies. One skeleton. One clock. Minted on Abstract.,3914.gif,Dusk,Blush,Normal,Pumpkin,None,None
3915,Shook'um #3915,A looping sheet ghost from Halloween Shook'ums. Three bodies. One skeleton. One clock. Minted on Abstract.,3915.gif,Parchment,Blush,Sleepy,Flower,Collar,Candy Corn
3916,Shook'um #3916,A looping sheet ghost from Halloween Shook'ums. Three bodies. One skeleton. One clock. Minted on Abstract.,3916.gif,Candy,Blush,Normal,Pumpkin,None,Candy Corn
3917,Shook'um #3917,A looping sheet ghost from Halloween Shook'ums. Three bodies. One skeleton. One clock. Minted on Abstract.,3917.gif,Graveyard,Classic,Sleepy,None,Chain,Bat
3918,Shook'um #3918,A looping sheet ghost from Halloween Shook'ums. Three bodies. One skeleton. One clock. Minted on Abstract.,3918.gif,Blood Moon,Void,Sad,None,Scarf,Pumpkin
3919,Shook'um #3919,A looping sheet ghost from Halloween Shook'ums. Three bodies. One skeleton. One clock. Minted on Abstract.,3919.gif,Parchment,Classic,Starry,Witch,Bowtie,None
3920,Shook'um #3920,A looping sheet ghost from Halloween Shook'ums. Three bodies. One skeleton. One clock. Minted on Abstract.,3920.gif,Midnight,Classic,Wink,Witch,Scarf,None
3921,Shook'um #3921,A looping sheet ghost from Halloween Shook'ums. Three bodies. One skeleton. One clock. Minted on Abstract.,3921.gif,Blood Moon,Classic,Starry,Cat Ears,Pearls,Potion
3922,Shook'um #3922,A looping sheet ghost from Halloween Shook'ums. Three bodies. One skeleton. One clock. Minted on Abstract.,3922.gif,Dusk,Classic,Sparkly,Witch,None,Pumpkin
3923,Shook'um #3923,A looping sheet ghost from Halloween Shook'ums. Three bodies. One skeleton. One clock. Minted on Abstract.,3923.gif,Dusk,Classic,Wink,None,None,Candy
3924,Shook'um #3924,A looping sheet ghost from Halloween Shook'ums. Three bodies. One skeleton. One clock. Minted on Abstract.,3924.gif,Void,Classic,Spooked,None,Scarf,Pumpkin
3925,Shook'um #3925,A looping sheet ghost from Halloween Shook'ums. Three bodies. One skeleton. One clock. Minted on Abstract.,3925.gif,Dusk,Classic,Sparkly,None,None,Broom
3926,Shook'um #3926,A looping sheet ghost from Halloween Shook'ums. Three bodies. One skeleton. One clock. Minted on Abstract.,3926.gif,Blood Moon,Void,Spooked,None,None,Bat
3927,Shook'um #3927,A looping sheet ghost from Halloween Shook'ums. Three bodies. One skeleton. One clock. Minted on Abstract.,3927.gif,Parchment,Classic,Spooked,Pumpkin,Scarf,Pumpkin
3928,Shook'um #3928,A looping sheet ghost from Halloween Shook'ums. Three bodies. One skeleton. One clock. Minted on Abstract.,3928.gif,Graveyard,Void,Starry,Pumpkin,None,Candy
3929,Shook'um #3929,A looping sheet ghost from Halloween Shook'ums. Three bodies. One skeleton. One clock. Minted on Abstract.,3929.gif,Fog,Void,Angry,None,Chain,Candy
3930,Shook'um #3930,A looping sheet ghost from Halloween Shook'ums. Three bodies. One skeleton. One clock. Minted on Abstract.,3930.gif,Blood Moon,Classic,Sleepy,Witch,Chain,None
3931,Shook'um #3931,A looping sheet ghost from Halloween Shook'ums. Three bodies. One skeleton. One clock. Minted on Abstract.,3931.gif,Candy,Blush,Normal,Party,Scarf,Candy
3932,Shook'um #3932,A looping sheet ghost from Halloween Shook'ums. Three bodies. One skeleton. One clock. Minted on Abstract.,3932.gif,Dusk,Classic,Sparkly,Party,Chain,Candy Corn
3933,Shook'um #3933,A looping sheet ghost from Halloween Shook'ums. Three bodies. One skeleton. One clock. Minted on Abstract.,3933.gif,Dusk,Classic,Spooked,Pumpkin,Collar,None
3934,Shook'um #3934,A looping sheet ghost from Halloween Shook'ums. Three bodies. One skeleton. One clock. Minted on Abstract.,3934.gif,Candy,Classic,Sad,None,None,Pumpkin
3935,Shook'um #3935,A looping sheet ghost from Halloween Shook'ums. Three bodies. One skeleton. One clock. Minted on Abstract.,3935.gif,Midnight,Classic,Normal,None,Chain,None
3936,Shook'um #3936,A looping sheet ghost from Halloween Shook'ums. Three bodies. One skeleton. One clock. Minted on Abstract.,3936.gif,Midnight,Classic,Spooked,Wizard,None,Bat
3937,Shook'um #3937,A looping sheet ghost from Halloween Shook'ums. Three bodies. One skeleton. One clock. Minted on Abstract.,3937.gif,Void,Classic,Blep,None,Scarf,None
3938,Shook'um #3938,A looping sheet ghost from Halloween Shook'ums. Three bodies. One skeleton. One clock. Minted on Abstract.,3938.gif,Blush,Classic,Spooked,Witch,None,Potion
3939,Shook'um #3939,A looping sheet ghost from Halloween Shook'ums. Three bodies. One skeleton. One clock. Minted on Abstract.,3939.gif,Parchment,Classic,Spooked,Party,Collar,Moon
3940,Shook'um #3940,A looping sheet ghost from Halloween Shook'ums. Three bodies. One skeleton. One clock. Minted on Abstract.,3940.gif,Fog,Void,Blep,Bow,None,Bat
3941,Shook'um #3941,A looping sheet ghost from Halloween Shook'ums. Three bodies. One skeleton. One clock. Minted on Abstract.,3941.gif,Parchment,Classic,Sad,Cat Ears,Pearls,Candy Corn
3942,Shook'um #3942,A looping sheet ghost from Halloween Shook'ums. Three bodies. One skeleton. One clock. Minted on Abstract.,3942.gif,Blush,Void,Sleepy,None,None,Candy Corn
3943,Shook'um #3943,A looping sheet ghost from Halloween Shook'ums. Three bodies. One skeleton. One clock. Minted on Abstract.,3943.gif,Midnight,Classic,Sleepy,Flower,Pearls,Candy
3944,Shook'um #3944,A looping sheet ghost from Halloween Shook'ums. Three bodies. One skeleton. One clock. Minted on Abstract.,3944.gif,Dusk,Void,Heart,Bow,Scarf,Bat
3945,Shook'um #3945,A looping sheet ghost from Halloween Shook'ums. Three bodies. One skeleton. One clock. Minted on Abstract.,3945.gif,Dusk,Classic,Normal,Bow,Pearls,None
3946,Shook'um #3946,A looping sheet ghost from Halloween Shook'ums. Three bodies. One skeleton. One clock. Minted on Abstract.,3946.gif,Fog,Blush,Starry,Flower,Pearls,None
3947,Shook'um #3947,A looping sheet ghost from Halloween Shook'ums. Three bodies. One skeleton. One clock. Minted on Abstract.,3947.gif,Pumpkin,Blush,Normal,Pumpkin,Chain,Pumpkin
3948,Shook'um #3948,A looping sheet ghost from Halloween Shook'ums. Three bodies. One skeleton. One clock. Minted on Abstract.,3948.gif,Parchment,Classic,Blep,None,Bowtie,Bat
3949,Shook'um #3949,A looping sheet ghost from Halloween Shook'ums. Three bodies. One skeleton. One clock. Minted on Abstract.,3949.gif,Pumpkin,Blush,Spooked,Witch,Pearls,Pumpkin
3950,Shook'um #3950,A looping sheet ghost from Halloween Shook'ums. Three bodies. One skeleton. One clock. Minted on Abstract.,3950.gif,Parchment,Classic,Sparkly,None,None,Candy
3951,Shook'um #3951,A looping sheet ghost from Halloween Shook'ums. Three bodies. One skeleton. One clock. Minted on Abstract.,3951.gif,Parchment,Void,Sleepy,Cat Ears,None,None
3952,Shook'um #3952,A looping sheet ghost from Halloween Shook'ums. Three bodies. One skeleton. One clock. Minted on Abstract.,3952.gif,Parchment,Classic,Sparkly,Party,Scarf,Broom
3953,Shook'um #3953,A looping sheet ghost from Halloween Shook'ums. Three bodies. One skeleton. One clock. Minted on Abstract.,3953.gif,Pumpkin,Classic,Sad,Party,Pearls,Pumpkin
3954,Shook'um #3954,A looping sheet ghost from Halloween Shook'ums. Three bodies. One skeleton. One clock. Minted on Abstract.,3954.gif,Candy,Classic,Heart,None,None,Candy
3955,Shook'um #3955,A looping sheet ghost from Halloween Shook'ums. Three bodies. One skeleton. One clock. Minted on Abstract.,3955.gif,Blood Moon,Blush,Sleepy,None,Cape,Candy
3956,Shook'um #3956,A looping sheet ghost from Halloween Shook'ums. Three bodies. One skeleton. One clock. Minted on Abstract.,3956.gif,Pumpkin,Blush,Sleepy,Party,None,Candy Corn
3957,Shook'um #3957,A looping sheet ghost from Halloween Shook'ums. Three bodies. One skeleton. One clock. Minted on Abstract.,3957.gif,Midnight,Void,Spooked,Cat Ears,Chain,Potion
3958,Shook'um #3958,A looping sheet ghost from Halloween Shook'ums. Three bodies. One skeleton. One clock. Minted on Abstract.,3958.gif,Graveyard,Blush,Normal,Halo,Pearls,None
3959,Shook'um #3959,A looping sheet ghost from Halloween Shook'ums. Three bodies. One skeleton. One clock. Minted on Abstract.,3959.gif,Parchment,Blush,Blep,Pumpkin,None,Bat
3960,Shook'um #3960,A looping sheet ghost from Halloween Shook'ums. Three bodies. One skeleton. One clock. Minted on Abstract.,3960.gif,Parchment,Classic,Angry,Wizard,None,None
3961,Shook'um #3961,A looping sheet ghost from Halloween Shook'ums. Three bodies. One skeleton. One clock. Minted on Abstract.,3961.gif,Blush,Void,Normal,None,Bowtie,Candy
3962,Shook'um #3962,A looping sheet ghost from Halloween Shook'ums. Three bodies. One skeleton. One clock. Minted on Abstract.,3962.gif,Pumpkin,Blush,Normal,None,Chain,None
3963,Shook'um #3963,A looping sheet ghost from Halloween Shook'ums. Three bodies. One skeleton. One clock. Minted on Abstract.,3963.gif,Parchment,Classic,Blep,Party,Pearls,Pumpkin
3964,Shook'um #3964,A looping sheet ghost from Halloween Shook'ums. Three bodies. One skeleton. One clock. Minted on Abstract.,3964.gif,Fog,Blush,Normal,None,Pearls,Candy Corn
3965,Shook'um #3965,A looping sheet ghost from Halloween Shook'ums. Three bodies. One skeleton. One clock. Minted on Abstract.,3965.gif,Graveyard,Blush,Sparkly,Witch,Scarf,Potion
3966,Shook'um #3966,A looping sheet ghost from Halloween Shook'ums. Three bodies. One skeleton. One clock. Minted on Abstract.,3966.gif,Void,Blush,Sparkly,Bow,Bowtie,Pumpkin
3967,Shook'um #3967,A looping sheet ghost from Halloween Shook'ums. Three bodies. One skeleton. One clock. Minted on Abstract.,3967.gif,Graveyard,Void,Wink,None,None,Candy
3968,Shook'um #3968,A looping sheet ghost from Halloween Shook'ums. Three bodies. One skeleton. One clock. Minted on Abstract.,3968.gif,Blood Moon,Blush,Sad,None,Bowtie,Broom
3969,Shook'um #3969,A looping sheet ghost from Halloween Shook'ums. Three bodies. One skeleton. One clock. Minted on Abstract.,3969.gif,Blood Moon,Classic,Normal,Bow,Pearls,Pumpkin
3970,Shook'um #3970,A looping sheet ghost from Halloween Shook'ums. Three bodies. One skeleton. One clock. Minted on Abstract.,3970.gif,Candy,Void,Normal,Cat Ears,Scarf,Moon
3971,Shook'um #3971,A looping sheet ghost from Halloween Shook'ums. Three bodies. One skeleton. One clock. Minted on Abstract.,3971.gif,Blood Moon,Classic,Wink,Halo,None,None
3972,Shook'um #3972,A looping sheet ghost from Halloween Shook'ums. Three bodies. One skeleton. One clock. Minted on Abstract.,3972.gif,Parchment,Classic,Sparkly,Witch,Chain,None
3973,Shook'um #3973,A looping sheet ghost from Halloween Shook'ums. Three bodies. One skeleton. One clock. Minted on Abstract.,3973.gif,Blush,Void,Sad,Flower,Collar,Pumpkin
3974,Shook'um #3974,A looping sheet ghost from Halloween Shook'ums. Three bodies. One skeleton. One clock. Minted on Abstract.,3974.gif,Midnight,Blush,Normal,Bow,None,Candy
3975,Shook'um #3975,A looping sheet ghost from Halloween Shook'ums. Three bodies. One skeleton. One clock. Minted on Abstract.,3975.gif,Graveyard,Classic,Normal,None,Collar,Candy
3976,Shook'um #3976,A looping sheet ghost from Halloween Shook'ums. Three bodies. One skeleton. One clock. Minted on Abstract.,3976.gif,Parchment,Blush,Normal,Bow,None,Potion
3977,Shook'um #3977,A looping sheet ghost from Halloween Shook'ums. Three bodies. One skeleton. One clock. Minted on Abstract.,3977.gif,Midnight,Blush,Normal,None,Collar,Moon
3978,Shook'um #3978,A looping sheet ghost from Halloween Shook'ums. Three bodies. One skeleton. One clock. Minted on Abstract.,3978.gif,Void,Blush,Normal,Pumpkin,Bowtie,Bat
3979,Shook'um #3979,A looping sheet ghost from Halloween Shook'ums. Three bodies. One skeleton. One clock. Minted on Abstract.,3979.gif,Blood Moon,Blush,Sparkly,Crown,None,Broom
3980,Shook'um #3980,A looping sheet ghost from Halloween Shook'ums. Three bodies. One skeleton. One clock. Minted on Abstract.,3980.gif,Fog,Classic,Normal,Party,Collar,None
3981,Shook'um #3981,A looping sheet ghost from Halloween Shook'ums. Three bodies. One skeleton. One clock. Minted on Abstract.,3981.gif,Blush,Classic,Sparkly,Bow,Collar,Candy Corn
3982,Shook'um #3982,A looping sheet ghost from Halloween Shook'ums. Three bodies. One skeleton. One clock. Minted on Abstract.,3982.gif,Blood Moon,Classic,Starry,Crown,Pearls,Candy Corn
3983,Shook'um #3983,A looping sheet ghost from Halloween Shook'ums. Three bodies. One skeleton. One clock. Minted on Abstract.,3983.gif,Fog,Classic,Blep,Party,Bowtie,Bat
3984,Shook'um #3984,A looping sheet ghost from Halloween Shook'ums. Three bodies. One skeleton. One clock. Minted on Abstract.,3984.gif,Midnight,Void,Spooked,Bow,Pearls,Pumpkin
3985,Shook'um #3985,A looping sheet ghost from Halloween Shook'ums. Three bodies. One skeleton. One clock. Minted on Abstract.,3985.gif,Fog,Classic,Wink,None,None,Moon
3986,Shook'um #3986,A looping sheet ghost from Halloween Shook'ums. Three bodies. One skeleton. One clock. Minted on Abstract.,3986.gif,Parchment,Blush,Normal,Crown,Pearls,None
3987,Shook'um #3987,A looping sheet ghost from Halloween Shook'ums. Three bodies. One skeleton. One clock. Minted on Abstract.,3987.gif,Blood Moon,Classic,Starry,Witch,None,Candy Corn
3988,Shook'um #3988,A looping sheet ghost from Halloween Shook'ums. Three bodies. One skeleton. One clock. Minted on Abstract.,3988.gif,Pumpkin,Blush,Sleepy,Witch,Scarf,None
3989,Shook'um #3989,A looping sheet ghost from Halloween Shook'ums. Three bodies. One skeleton. One clock. Minted on Abstract.,3989.gif,Candy,Blush,Spooked,Cat Ears,Bowtie,Candy
3990,Shook'um #3990,A looping sheet ghost from Halloween Shook'ums. Three bodies. One skeleton. One clock. Minted on Abstract.,3990.gif,Candy,Blush,Sad,Flower,Pearls,Potion
3991,Shook'um #3991,A looping sheet ghost from Halloween Shook'ums. Three bodies. One skeleton. One clock. Minted on Abstract.,3991.gif,Void,Classic,Wink,Pumpkin,Scarf,Broom
3992,Shook'um #3992,A looping sheet ghost from Halloween Shook'ums. Three bodies. One skeleton. One clock. Minted on Abstract.,3992.gif,Dusk,Classic,Starry,Bow,Chain,Candy
3993,Shook'um #3993,A looping sheet ghost from Halloween Shook'ums. Three bodies. One skeleton. One clock. Minted on Abstract.,3993.gif,Void,Void,Spooked,None,Collar,Bat
3994,Shook'um #3994,A looping sheet ghost from Halloween Shook'ums. Three bodies. One skeleton. One clock. Minted on Abstract.,3994.gif,Parchment,Blush,Sparkly,None,Scarf,None
3995,Shook'um #3995,A looping sheet ghost from Halloween Shook'ums. Three bodies. One skeleton. One clock. Minted on Abstract.,3995.gif,Parchment,Classic,Sleepy,Party,None,None
3996,Shook'um #3996,A looping sheet ghost from Halloween Shook'ums. Three bodies. One skeleton. One clock. Minted on Abstract.,3996.gif,Graveyard,Classic,Spooked,Witch,Chain,Potion
3997,Shook'um #3997,A looping sheet ghost from Halloween Shook'ums. Three bodies. One skeleton. One clock. Minted on Abstract.,3997.gif,Graveyard,Void,Angry,Witch,Chain,Broom
3998,Shook'um #3998,A looping sheet ghost from Halloween Shook'ums. Three bodies. One skeleton. One clock. Minted on Abstract.,3998.gif,Midnight,Classic,Angry,Flower,Bowtie,None
3999,Shook'um #3999,A looping sheet ghost from Halloween Shook'ums. Three bodies. One skeleton. One clock. Minted on Abstract.,3999.gif,Parchment,Void,Angry,None,Scarf,Pumpkin
4000,Shook'um #4000,A looping sheet ghost from Halloween Shook'ums. Three bodies. One skeleton. One clock. Minted on Abstract.,4000.gif,Fog,Void,Sparkly,Wizard,Chain,Bat
4001,Shook'um #4001,A looping sheet ghost from Halloween Shook'ums. Three bodies. One skeleton. One clock. Minted on Abstract.,4001.gif,Parchment,Classic,Wink,Pumpkin,None,Bat
4002,Shook'um #4002,A looping sheet ghost from Halloween Shook'ums. Three bodies. One skeleton. One clock. Minted on Abstract.,4002.gif,Midnight,Blush,Heart,Bow,None,Candy
4003,Shook'um #4003,A looping sheet ghost from Halloween Shook'ums. Three bodies. One skeleton. One clock. Minted on Abstract.,4003.gif,Blood Moon,Blush,Spooked,Party,Chain,None
4004,Shook'um #4004,A looping sheet ghost from Halloween Shook'ums. Three bodies. One skeleton. One clock. Minted on Abstract.,4004.gif,Void,Blush,Spooked,None,None,None
4005,Shook'um #4005,A looping sheet ghost from Halloween Shook'ums. Three bodies. One skeleton. One clock. Minted on Abstract.,4005.gif,Candy,Classic,Angry,Cat Ears,Chain,Pumpkin
4006,Shook'um #4006,A looping sheet ghost from Halloween Shook'ums. Three bodies. One skeleton. One clock. Minted on Abstract.,4006.gif,Candy,Blush,Spooked,Witch,Pearls,None
4007,Shook'um #4007,A looping sheet ghost from Halloween Shook'ums. Three bodies. One skeleton. One clock. Minted on Abstract.,4007.gif,Candy,Blush,Sad,Bow,Scarf,Moon
4008,Shook'um #4008,A looping sheet ghost from Halloween Shook'ums. Three bodies. One skeleton. One clock. Minted on Abstract.,4008.gif,Dusk,Classic,Wink,None,Scarf,Candy
4009,Shook'um #4009,A looping sheet ghost from Halloween Shook'ums. Three bodies. One skeleton. One clock. Minted on Abstract.,4009.gif,Blood Moon,Classic,Sparkly,None,None,None
4010,Shook'um #4010,A looping sheet ghost from Halloween Shook'ums. Three bodies. One skeleton. One clock. Minted on Abstract.,4010.gif,Void,Classic,Spooked,Bow,Chain,Potion
4011,Shook'um #4011,A looping sheet ghost from Halloween Shook'ums. Three bodies. One skeleton. One clock. Minted on Abstract.,4011.gif,Midnight,Classic,Spooked,Flower,Bowtie,None
4012,Shook'um #4012,A looping sheet ghost from Halloween Shook'ums. Three bodies. One skeleton. One clock. Minted on Abstract.,4012.gif,Pumpkin,Void,Sleepy,Witch,None,None
4013,Shook'um #4013,A looping sheet ghost from Halloween Shook'ums. Three bodies. One skeleton. One clock. Minted on Abstract.,4013.gif,Parchment,Classic,Sad,None,Pearls,Bat
4014,Shook'um #4014,A looping sheet ghost from Halloween Shook'ums. Three bodies. One skeleton. One clock. Minted on Abstract.,4014.gif,Void,Blush,Normal,None,Chain,Pumpkin
4015,Shook'um #4015,A looping sheet ghost from Halloween Shook'ums. Three bodies. One skeleton. One clock. Minted on Abstract.,4015.gif,Graveyard,Classic,Starry,Witch,Bowtie,Broom
4016,Shook'um #4016,A looping sheet ghost from Halloween Shook'ums. Three bodies. One skeleton. One clock. Minted on Abstract.,4016.gif,Dusk,Void,Sleepy,Wizard,Chain,Candy Corn
4017,Shook'um #4017,A looping sheet ghost from Halloween Shook'ums. Three bodies. One skeleton. One clock. Minted on Abstract.,4017.gif,Blush,Void,Normal,None,Pearls,Candy
4018,Shook'um #4018,A looping sheet ghost from Halloween Shook'ums. Three bodies. One skeleton. One clock. Minted on Abstract.,4018.gif,Parchment,Classic,Sleepy,Party,Bowtie,None
4019,Shook'um #4019,A looping sheet ghost from Halloween Shook'ums. Three bodies. One skeleton. One clock. Minted on Abstract.,4019.gif,Blush,Classic,Sad,None,Bowtie,Broom
4020,Shook'um #4020,A looping sheet ghost from Halloween Shook'ums. Three bodies. One skeleton. One clock. Minted on Abstract.,4020.gif,Midnight,Classic,Spooked,Bow,Collar,Broom
4021,Shook'um #4021,A looping sheet ghost from Halloween Shook'ums. Three bodies. One skeleton. One clock. Minted on Abstract.,4021.gif,Parchment,Blush,Sad,Pumpkin,None,None
4022,Shook'um #4022,A looping sheet ghost from Halloween Shook'ums. Three bodies. One skeleton. One clock. Minted on Abstract.,4022.gif,Parchment,Void,Sad,None,None,Moon
4023,Shook'um #4023,A looping sheet ghost from Halloween Shook'ums. Three bodies. One skeleton. One clock. Minted on Abstract.,4023.gif,Dusk,Classic,Wink,Bow,Cape,Moon
4024,Shook'um #4024,A looping sheet ghost from Halloween Shook'ums. Three bodies. One skeleton. One clock. Minted on Abstract.,4024.gif,Pumpkin,Classic,Heart,Pumpkin,Collar,None
4025,Shook'um #4025,A looping sheet ghost from Halloween Shook'ums. Three bodies. One skeleton. One clock. Minted on Abstract.,4025.gif,Candy,Void,Spooked,Cat Ears,None,Candy
4026,Shook'um #4026,A looping sheet ghost from Halloween Shook'ums. Three bodies. One skeleton. One clock. Minted on Abstract.,4026.gif,Parchment,Classic,Blep,None,None,Pumpkin
4027,Shook'um #4027,A looping sheet ghost from Halloween Shook'ums. Three bodies. One skeleton. One clock. Minted on Abstract.,4027.gif,Candy,Classic,Sparkly,None,None,Pumpkin
4028,Shook'um #4028,A looping sheet ghost from Halloween Shook'ums. Three bodies. One skeleton. One clock. Minted on Abstract.,4028.gif,Candy,Classic,Angry,Witch,None,Pumpkin
4029,Shook'um #4029,A looping sheet ghost from Halloween Shook'ums. Three bodies. One skeleton. One clock. Minted on Abstract.,4029.gif,Midnight,Void,Heart,Witch,None,Moon
4030,Shook'um #4030,A looping sheet ghost from Halloween Shook'ums. Three bodies. One skeleton. One clock. Minted on Abstract.,4030.gif,Midnight,Blush,Sleepy,Bow,Chain,None
4031,Shook'um #4031,A looping sheet ghost from Halloween Shook'ums. Three bodies. One skeleton. One clock. Minted on Abstract.,4031.gif,Blood Moon,Classic,Normal,Cat Ears,Chain,Broom
4032,Shook'um #4032,A looping sheet ghost from Halloween Shook'ums. Three bodies. One skeleton. One clock. Minted on Abstract.,4032.gif,Graveyard,Classic,Wink,Witch,Chain,Candy Corn
4033,Shook'um #4033,A looping sheet ghost from Halloween Shook'ums. Three bodies. One skeleton. One clock. Minted on Abstract.,4033.gif,Graveyard,Classic,Sad,None,None,Pumpkin
4034,Shook'um #4034,A looping sheet ghost from Halloween Shook'ums. Three bodies. One skeleton. One clock. Minted on Abstract.,4034.gif,Midnight,Void,Spooked,Halo,None,Broom
4035,Shook'um #4035,A looping sheet ghost from Halloween Shook'ums. Three bodies. One skeleton. One clock. Minted on Abstract.,4035.gif,Dusk,Classic,Spooked,None,Pearls,Candy Corn
4036,Shook'um #4036,A looping sheet ghost from Halloween Shook'ums. Three bodies. One skeleton. One clock. Minted on Abstract.,4036.gif,Blush,Blush,Sad,Crown,Scarf,Candy
4037,Shook'um #4037,A looping sheet ghost from Halloween Shook'ums. Three bodies. One skeleton. One clock. Minted on Abstract.,4037.gif,Graveyard,Classic,Heart,Bow,Pearls,Pumpkin
4038,Shook'um #4038,A looping sheet ghost from Halloween Shook'ums. Three bodies. One skeleton. One clock. Minted on Abstract.,4038.gif,Blush,Classic,Sad,Bow,Bowtie,None
4039,Shook'um #4039,A looping sheet ghost from Halloween Shook'ums. Three bodies. One skeleton. One clock. Minted on Abstract.,4039.gif,Graveyard,Blush,Starry,Cat Ears,Chain,Candy Corn
4040,Shook'um #4040,A looping sheet ghost from Halloween Shook'ums. Three bodies. One skeleton. One clock. Minted on Abstract.,4040.gif,Graveyard,Blush,Spooked,Wizard,None,Candy
4041,Shook'um #4041,A looping sheet ghost from Halloween Shook'ums. Three bodies. One skeleton. One clock. Minted on Abstract.,4041.gif,Blush,Classic,Sad,Wizard,Collar,Potion
4042,Shook'um #4042,A looping sheet ghost from Halloween Shook'ums. Three bodies. One skeleton. One clock. Minted on Abstract.,4042.gif,Blood Moon,Blush,Wink,Cat Ears,Pearls,None
4043,Shook'um #4043,A looping sheet ghost from Halloween Shook'ums. Three bodies. One skeleton. One clock. Minted on Abstract.,4043.gif,Blood Moon,Void,Normal,Witch,Chain,Potion
4044,Shook'um #4044,A looping sheet ghost from Halloween Shook'ums. Three bodies. One skeleton. One clock. Minted on Abstract.,4044.gif,Blood Moon,Blush,Wink,Bow,Bowtie,Candy Corn
4045,Shook'um #4045,A looping sheet ghost from Halloween Shook'ums. Three bodies. One skeleton. One clock. Minted on Abstract.,4045.gif,Graveyard,Classic,Spooked,Witch,None,Potion
4046,Shook'um #4046,A looping sheet ghost from Halloween Shook'ums. Three bodies. One skeleton. One clock. Minted on Abstract.,4046.gif,Dusk,Blush,Sad,Halo,None,Candy
4047,Shook'um #4047,A looping sheet ghost from Halloween Shook'ums. Three bodies. One skeleton. One clock. Minted on Abstract.,4047.gif,Fog,Classic,Blep,Cat Ears,Pearls,None
4048,Shook'um #4048,A looping sheet ghost from Halloween Shook'ums. Three bodies. One skeleton. One clock. Minted on Abstract.,4048.gif,Parchment,Classic,Starry,None,Pearls,Moon
4049,Shook'um #4049,A looping sheet ghost from Halloween Shook'ums. Three bodies. One skeleton. One clock. Minted on Abstract.,4049.gif,Blood Moon,Classic,Spooked,Flower,Bowtie,None
4050,Shook'um #4050,A looping sheet ghost from Halloween Shook'ums. Three bodies. One skeleton. One clock. Minted on Abstract.,4050.gif,Candy,Classic,Sleepy,None,Chain,None
4051,Shook'um #4051,A looping sheet ghost from Halloween Shook'ums. Three bodies. One skeleton. One clock. Minted on Abstract.,4051.gif,Graveyard,Classic,Sleepy,Witch,Scarf,Broom
4052,Shook'um #4052,A looping sheet ghost from Halloween Shook'ums. Three bodies. One skeleton. One clock. Minted on Abstract.,4052.gif,Void,Classic,Blep,Witch,Chain,None
4053,Shook'um #4053,A looping sheet ghost from Halloween Shook'ums. Three bodies. One skeleton. One clock. Minted on Abstract.,4053.gif,Blush,Classic,Angry,None,Chain,None
4054,Shook'um #4054,A looping sheet ghost from Halloween Shook'ums. Three bodies. One skeleton. One clock. Minted on Abstract.,4054.gif,Dusk,Blush,Sad,Bow,Chain,Bat
4055,Shook'um #4055,A looping sheet ghost from Halloween Shook'ums. Three bodies. One skeleton. One clock. Minted on Abstract.,4055.gif,Dusk,Blush,Spooked,Bow,Pearls,Bat
4056,Shook'um #4056,A looping sheet ghost from Halloween Shook'ums. Three bodies. One skeleton. One clock. Minted on Abstract.,4056.gif,Dusk,Blush,Normal,Wizard,Scarf,Pumpkin
4057,Shook'um #4057,A looping sheet ghost from Halloween Shook'ums. Three bodies. One skeleton. One clock. Minted on Abstract.,4057.gif,Graveyard,Classic,Spooked,Cat Ears,Chain,Pumpkin
4058,Shook'um #4058,A looping sheet ghost from Halloween Shook'ums. Three bodies. One skeleton. One clock. Minted on Abstract.,4058.gif,Pumpkin,Classic,Normal,None,Scarf,Candy Corn
4059,Shook'um #4059,A looping sheet ghost from Halloween Shook'ums. Three bodies. One skeleton. One clock. Minted on Abstract.,4059.gif,Candy,Classic,Normal,None,Bowtie,Potion
4060,Shook'um #4060,A looping sheet ghost from Halloween Shook'ums. Three bodies. One skeleton. One clock. Minted on Abstract.,4060.gif,Blush,Classic,Normal,Flower,Cape,None
4061,Shook'um #4061,A looping sheet ghost from Halloween Shook'ums. Three bodies. One skeleton. One clock. Minted on Abstract.,4061.gif,Parchment,Classic,Sad,None,None,None
4062,Shook'um #4062,A looping sheet ghost from Halloween Shook'ums. Three bodies. One skeleton. One clock. Minted on Abstract.,4062.gif,Midnight,Blush,Sleepy,None,Cape,None
4063,Shook'um #4063,A looping sheet ghost from Halloween Shook'ums. Three bodies. One skeleton. One clock. Minted on Abstract.,4063.gif,Blush,Classic,Blep,Pumpkin,Chain,Bat
4064,Shook'um #4064,A looping sheet ghost from Halloween Shook'ums. Three bodies. One skeleton. One clock. Minted on Abstract.,4064.gif,Pumpkin,Classic,Angry,Pumpkin,Pearls,Broom
4065,Shook'um #4065,A looping sheet ghost from Halloween Shook'ums. Three bodies. One skeleton. One clock. Minted on Abstract.,4065.gif,Dusk,Void,Blep,None,None,Pumpkin
4066,Shook'um #4066,A looping sheet ghost from Halloween Shook'ums. Three bodies. One skeleton. One clock. Minted on Abstract.,4066.gif,Void,Classic,Normal,Halo,Bowtie,Candy
4067,Shook'um #4067,A looping sheet ghost from Halloween Shook'ums. Three bodies. One skeleton. One clock. Minted on Abstract.,4067.gif,Parchment,Classic,Sleepy,Pumpkin,Collar,None
4068,Shook'um #4068,A looping sheet ghost from Halloween Shook'ums. Three bodies. One skeleton. One clock. Minted on Abstract.,4068.gif,Graveyard,Blush,Sparkly,Bow,Collar,None
4069,Shook'um #4069,A looping sheet ghost from Halloween Shook'ums. Three bodies. One skeleton. One clock. Minted on Abstract.,4069.gif,Fog,Classic,Angry,Witch,Scarf,Broom
4070,Shook'um #4070,A looping sheet ghost from Halloween Shook'ums. Three bodies. One skeleton. One clock. Minted on Abstract.,4070.gif,Graveyard,Void,Sparkly,Bow,None,Potion
4071,Shook'um #4071,A looping sheet ghost from Halloween Shook'ums. Three bodies. One skeleton. One clock. Minted on Abstract.,4071.gif,Fog,Classic,Blep,None,Scarf,Potion
4072,Shook'um #4072,A looping sheet ghost from Halloween Shook'ums. Three bodies. One skeleton. One clock. Minted on Abstract.,4072.gif,Midnight,Blush,Normal,Halo,None,Candy Corn
4073,Shook'um #4073,A looping sheet ghost from Halloween Shook'ums. Three bodies. One skeleton. One clock. Minted on Abstract.,4073.gif,Pumpkin,Classic,Normal,Flower,Pearls,Bat
4074,Shook'um #4074,A looping sheet ghost from Halloween Shook'ums. Three bodies. One skeleton. One clock. Minted on Abstract.,4074.gif,Graveyard,Void,Normal,Bow,Chain,Moon
4075,Shook'um #4075,A looping sheet ghost from Halloween Shook'ums. Three bodies. One skeleton. One clock. Minted on Abstract.,4075.gif,Dusk,Classic,Heart,Pumpkin,Collar,Pumpkin
4076,Shook'um #4076,A looping sheet ghost from Halloween Shook'ums. Three bodies. One skeleton. One clock. Minted on Abstract.,4076.gif,Candy,Classic,Angry,Flower,None,Pumpkin
4077,Shook'um #4077,A looping sheet ghost from Halloween Shook'ums. Three bodies. One skeleton. One clock. Minted on Abstract.,4077.gif,Blood Moon,Classic,Normal,Party,Bowtie,Candy
4078,Shook'um #4078,A looping sheet ghost from Halloween Shook'ums. Three bodies. One skeleton. One clock. Minted on Abstract.,4078.gif,Candy,Void,Blep,None,None,Pumpkin
4079,Shook'um #4079,A looping sheet ghost from Halloween Shook'ums. Three bodies. One skeleton. One clock. Minted on Abstract.,4079.gif,Midnight,Classic,Sad,Party,None,Broom
4080,Shook'um #4080,A looping sheet ghost from Halloween Shook'ums. Three bodies. One skeleton. One clock. Minted on Abstract.,4080.gif,Graveyard,Classic,Normal,Flower,Bowtie,Candy Corn
4081,Shook'um #4081,A looping sheet ghost from Halloween Shook'ums. Three bodies. One skeleton. One clock. Minted on Abstract.,4081.gif,Pumpkin,Classic,Spooked,Bow,Collar,Candy
4082,Shook'um #4082,A looping sheet ghost from Halloween Shook'ums. Three bodies. One skeleton. One clock. Minted on Abstract.,4082.gif,Parchment,Classic,Angry,Pumpkin,Cape,Broom
4083,Shook'um #4083,A looping sheet ghost from Halloween Shook'ums. Three bodies. One skeleton. One clock. Minted on Abstract.,4083.gif,Dusk,Classic,Spooked,Bow,Scarf,None
4084,Shook'um #4084,A looping sheet ghost from Halloween Shook'ums. Three bodies. One skeleton. One clock. Minted on Abstract.,4084.gif,Fog,Blush,Sparkly,Cat Ears,None,Pumpkin
4085,Shook'um #4085,A looping sheet ghost from Halloween Shook'ums. Three bodies. One skeleton. One clock. Minted on Abstract.,4085.gif,Pumpkin,Classic,Sparkly,Cat Ears,Pearls,None
4086,Shook'um #4086,A looping sheet ghost from Halloween Shook'ums. Three bodies. One skeleton. One clock. Minted on Abstract.,4086.gif,Pumpkin,Classic,Spooked,Crown,Collar,Pumpkin
4087,Shook'um #4087,A looping sheet ghost from Halloween Shook'ums. Three bodies. One skeleton. One clock. Minted on Abstract.,4087.gif,Graveyard,Void,Wink,Wizard,Pearls,Potion
4088,Shook'um #4088,A looping sheet ghost from Halloween Shook'ums. Three bodies. One skeleton. One clock. Minted on Abstract.,4088.gif,Graveyard,Void,Wink,None,None,Bat
4089,Shook'um #4089,A looping sheet ghost from Halloween Shook'ums. Three bodies. One skeleton. One clock. Minted on Abstract.,4089.gif,Fog,Classic,Sparkly,Cat Ears,None,None
4090,Shook'um #4090,A looping sheet ghost from Halloween Shook'ums. Three bodies. One skeleton. One clock. Minted on Abstract.,4090.gif,Graveyard,Blush,Wink,Pumpkin,Pearls,None
4091,Shook'um #4091,A looping sheet ghost from Halloween Shook'ums. Three bodies. One skeleton. One clock. Minted on Abstract.,4091.gif,Parchment,Classic,Blep,Pumpkin,Pearls,None
4092,Shook'um #4092,A looping sheet ghost from Halloween Shook'ums. Three bodies. One skeleton. One clock. Minted on Abstract.,4092.gif,Blush,Classic,Angry,Pumpkin,Chain,Candy
4093,Shook'um #4093,A looping sheet ghost from Halloween Shook'ums. Three bodies. One skeleton. One clock. Minted on Abstract.,4093.gif,Void,Classic,Sparkly,Flower,None,None
4094,Shook'um #4094,A looping sheet ghost from Halloween Shook'ums. Three bodies. One skeleton. One clock. Minted on Abstract.,4094.gif,Pumpkin,Classic,Blep,Party,None,Candy Corn
4095,Shook'um #4095,A looping sheet ghost from Halloween Shook'ums. Three bodies. One skeleton. One clock. Minted on Abstract.,4095.gif,Candy,Void,Sad,None,None,Pumpkin
4096,Shook'um #4096,A looping sheet ghost from Halloween Shook'ums. Three bodies. One skeleton. One clock. Minted on Abstract.,4096.gif,Blood Moon,Classic,Angry,Wizard,Collar,None
4097,Shook'um #4097,A looping sheet ghost from Halloween Shook'ums. Three bodies. One skeleton. One clock. Minted on Abstract.,4097.gif,Candy,Classic,Angry,Bow,Chain,Candy Corn
4098,Shook'um #4098,A looping sheet ghost from Halloween Shook'ums. Three bodies. One skeleton. One clock. Minted on Abstract.,4098.gif,Blood Moon,Void,Sleepy,Party,Pearls,Potion
4099,Shook'um #4099,A looping sheet ghost from Halloween Shook'ums. Three bodies. One skeleton. One clock. Minted on Abstract.,4099.gif,Blood Moon,Blush,Sleepy,None,None,Candy Corn
4100,Shook'um #4100,A looping sheet ghost from Halloween Shook'ums. Three bodies. One skeleton. One clock. Minted on Abstract.,4100.gif,Fog,Classic,Blep,Flower,Chain,Pumpkin
4101,Shook'um #4101,A looping sheet ghost from Halloween Shook'ums. Three bodies. One skeleton. One clock. Minted on Abstract.,4101.gif,Fog,Blush,Starry,Pumpkin,Chain,Candy
4102,Shook'um #4102,A looping sheet ghost from Halloween Shook'ums. Three bodies. One skeleton. One clock. Minted on Abstract.,4102.gif,Graveyard,Classic,Sparkly,Pumpkin,None,Pumpkin
4103,Shook'um #4103,A looping sheet ghost from Halloween Shook'ums. Three bodies. One skeleton. One clock. Minted on Abstract.,4103.gif,Fog,Blush,Sad,None,Pearls,Pumpkin
4104,Shook'um #4104,A looping sheet ghost from Halloween Shook'ums. Three bodies. One skeleton. One clock. Minted on Abstract.,4104.gif,Fog,Blush,Wink,None,None,Bat
4105,Shook'um #4105,A looping sheet ghost from Halloween Shook'ums. Three bodies. One skeleton. One clock. Minted on Abstract.,4105.gif,Pumpkin,Void,Sparkly,Party,Bowtie,Broom
4106,Shook'um #4106,A looping sheet ghost from Halloween Shook'ums. Three bodies. One skeleton. One clock. Minted on Abstract.,4106.gif,Blood Moon,Classic,Wink,Halo,Chain,None
4107,Shook'um #4107,A looping sheet ghost from Halloween Shook'ums. Three bodies. One skeleton. One clock. Minted on Abstract.,4107.gif,Candy,Classic,Normal,Crown,Cape,Bat
4108,Shook'um #4108,A looping sheet ghost from Halloween Shook'ums. Three bodies. One skeleton. One clock. Minted on Abstract.,4108.gif,Blush,Classic,Blep,Wizard,None,Bat
4109,Shook'um #4109,A looping sheet ghost from Halloween Shook'ums. Three bodies. One skeleton. One clock. Minted on Abstract.,4109.gif,Midnight,Classic,Wink,Bow,Chain,Candy
4110,Shook'um #4110,A looping sheet ghost from Halloween Shook'ums. Three bodies. One skeleton. One clock. Minted on Abstract.,4110.gif,Parchment,Blush,Spooked,Cat Ears,Chain,Bat
4111,Shook'um #4111,A looping sheet ghost from Halloween Shook'ums. Three bodies. One skeleton. One clock. Minted on Abstract.,4111.gif,Candy,Classic,Sad,Party,None,Pumpkin
4112,Shook'um #4112,A looping sheet ghost from Halloween Shook'ums. Three bodies. One skeleton. One clock. Minted on Abstract.,4112.gif,Midnight,Classic,Angry,Party,Collar,Bat
4113,Shook'um #4113,A looping sheet ghost from Halloween Shook'ums. Three bodies. One skeleton. One clock. Minted on Abstract.,4113.gif,Fog,Classic,Spooked,Wizard,Chain,Candy
4114,Shook'um #4114,A looping sheet ghost from Halloween Shook'ums. Three bodies. One skeleton. One clock. Minted on Abstract.,4114.gif,Blush,Classic,Wink,Halo,Pearls,Candy Corn
4115,Shook'um #4115,A looping sheet ghost from Halloween Shook'ums. Three bodies. One skeleton. One clock. Minted on Abstract.,4115.gif,Midnight,Void,Sad,None,Scarf,Pumpkin
4116,Shook'um #4116,A looping sheet ghost from Halloween Shook'ums. Three bodies. One skeleton. One clock. Minted on Abstract.,4116.gif,Midnight,Void,Blep,None,None,Candy Corn
4117,Shook'um #4117,A looping sheet ghost from Halloween Shook'ums. Three bodies. One skeleton. One clock. Minted on Abstract.,4117.gif,Dusk,Void,Sad,Wizard,None,Broom
4118,Shook'um #4118,A looping sheet ghost from Halloween Shook'ums. Three bodies. One skeleton. One clock. Minted on Abstract.,4118.gif,Candy,Blush,Spooked,Witch,None,Pumpkin
4119,Shook'um #4119,A looping sheet ghost from Halloween Shook'ums. Three bodies. One skeleton. One clock. Minted on Abstract.,4119.gif,Blush,Blush,Spooked,Cat Ears,None,None
4120,Shook'um #4120,A looping sheet ghost from Halloween Shook'ums. Three bodies. One skeleton. One clock. Minted on Abstract.,4120.gif,Graveyard,Classic,Blep,Party,None,None
4121,Shook'um #4121,A looping sheet ghost from Halloween Shook'ums. Three bodies. One skeleton. One clock. Minted on Abstract.,4121.gif,Graveyard,Void,Normal,Bow,Pearls,Candy
4122,Shook'um #4122,A looping sheet ghost from Halloween Shook'ums. Three bodies. One skeleton. One clock. Minted on Abstract.,4122.gif,Fog,Classic,Sparkly,Bow,None,Broom
4123,Shook'um #4123,A looping sheet ghost from Halloween Shook'ums. Three bodies. One skeleton. One clock. Minted on Abstract.,4123.gif,Midnight,Classic,Normal,Bow,Chain,None
4124,Shook'um #4124,A looping sheet ghost from Halloween Shook'ums. Three bodies. One skeleton. One clock. Minted on Abstract.,4124.gif,Pumpkin,Void,Spooked,Witch,None,Bat
4125,Shook'um #4125,A looping sheet ghost from Halloween Shook'ums. Three bodies. One skeleton. One clock. Minted on Abstract.,4125.gif,Candy,Void,Starry,Cat Ears,None,Bat
4126,Shook'um #4126,A looping sheet ghost from Halloween Shook'ums. Three bodies. One skeleton. One clock. Minted on Abstract.,4126.gif,Dusk,Blush,Sad,Pumpkin,Pearls,Broom
4127,Shook'um #4127,A looping sheet ghost from Halloween Shook'ums. Three bodies. One skeleton. One clock. Minted on Abstract.,4127.gif,Blush,Blush,Sad,Flower,Cape,None
4128,Shook'um #4128,A looping sheet ghost from Halloween Shook'ums. Three bodies. One skeleton. One clock. Minted on Abstract.,4128.gif,Blush,Void,Normal,None,None,None
4129,Shook'um #4129,A looping sheet ghost from Halloween Shook'ums. Three bodies. One skeleton. One clock. Minted on Abstract.,4129.gif,Graveyard,Classic,Blep,None,Chain,Pumpkin
4130,Shook'um #4130,A looping sheet ghost from Halloween Shook'ums. Three bodies. One skeleton. One clock. Minted on Abstract.,4130.gif,Blood Moon,Classic,Blep,Crown,None,Moon
4131,Shook'um #4131,A looping sheet ghost from Halloween Shook'ums. Three bodies. One skeleton. One clock. Minted on Abstract.,4131.gif,Graveyard,Classic,Wink,None,None,Bat
4132,Shook'um #4132,A looping sheet ghost from Halloween Shook'ums. Three bodies. One skeleton. One clock. Minted on Abstract.,4132.gif,Pumpkin,Blush,Sparkly,None,Chain,Broom
4133,Shook'um #4133,A looping sheet ghost from Halloween Shook'ums. Three bodies. One skeleton. One clock. Minted on Abstract.,4133.gif,Blood Moon,Blush,Sad,Flower,Bowtie,Candy
4134,Shook'um #4134,A looping sheet ghost from Halloween Shook'ums. Three bodies. One skeleton. One clock. Minted on Abstract.,4134.gif,Blush,Blush,Sleepy,Cat Ears,Collar,Candy Corn
4135,Shook'um #4135,A looping sheet ghost from Halloween Shook'ums. Three bodies. One skeleton. One clock. Minted on Abstract.,4135.gif,Parchment,Classic,Blep,Party,Scarf,Bat
4136,Shook'um #4136,A looping sheet ghost from Halloween Shook'ums. Three bodies. One skeleton. One clock. Minted on Abstract.,4136.gif,Graveyard,Blush,Sad,Cat Ears,Pearls,Candy Corn
4137,Shook'um #4137,A looping sheet ghost from Halloween Shook'ums. Three bodies. One skeleton. One clock. Minted on Abstract.,4137.gif,Blood Moon,Blush,Sleepy,Bow,Collar,Pumpkin
4138,Shook'um #4138,A looping sheet ghost from Halloween Shook'ums. Three bodies. One skeleton. One clock. Minted on Abstract.,4138.gif,Graveyard,Classic,Sleepy,Wizard,None,None
4139,Shook'um #4139,A looping sheet ghost from Halloween Shook'ums. Three bodies. One skeleton. One clock. Minted on Abstract.,4139.gif,Candy,Void,Heart,Bow,Bowtie,Broom
4140,Shook'um #4140,A looping sheet ghost from Halloween Shook'ums. Three bodies. One skeleton. One clock. Minted on Abstract.,4140.gif,Candy,Blush,Sad,Bow,Pearls,Potion
4141,Shook'um #4141,A looping sheet ghost from Halloween Shook'ums. Three bodies. One skeleton. One clock. Minted on Abstract.,4141.gif,Dusk,Classic,Normal,None,None,Candy Corn
4142,Shook'um #4142,A looping sheet ghost from Halloween Shook'ums. Three bodies. One skeleton. One clock. Minted on Abstract.,4142.gif,Graveyard,Classic,Wink,None,Scarf,None
4143,Shook'um #4143,A looping sheet ghost from Halloween Shook'ums. Three bodies. One skeleton. One clock. Minted on Abstract.,4143.gif,Pumpkin,Classic,Normal,None,Collar,None
4144,Shook'um #4144,A looping sheet ghost from Halloween Shook'ums. Three bodies. One skeleton. One clock. Minted on Abstract.,4144.gif,Blush,Blush,Wink,Cat Ears,None,Potion
4145,Shook'um #4145,A looping sheet ghost from Halloween Shook'ums. Three bodies. One skeleton. One clock. Minted on Abstract.,4145.gif,Parchment,Void,Starry,Bow,Pearls,Pumpkin
4146,Shook'um #4146,A looping sheet ghost from Halloween Shook'ums. Three bodies. One skeleton. One clock. Minted on Abstract.,4146.gif,Candy,Blush,Normal,Cat Ears,Chain,Pumpkin
4147,Shook'um #4147,A looping sheet ghost from Halloween Shook'ums. Three bodies. One skeleton. One clock. Minted on Abstract.,4147.gif,Pumpkin,Blush,Sparkly,Cat Ears,Collar,Moon
4148,Shook'um #4148,A looping sheet ghost from Halloween Shook'ums. Three bodies. One skeleton. One clock. Minted on Abstract.,4148.gif,Dusk,Blush,Starry,Halo,Scarf,None
4149,Shook'um #4149,A looping sheet ghost from Halloween Shook'ums. Three bodies. One skeleton. One clock. Minted on Abstract.,4149.gif,Dusk,Classic,Spooked,None,Scarf,Broom
4150,Shook'um #4150,A looping sheet ghost from Halloween Shook'ums. Three bodies. One skeleton. One clock. Minted on Abstract.,4150.gif,Fog,Void,Angry,Witch,Chain,None
4151,Shook'um #4151,A looping sheet ghost from Halloween Shook'ums. Three bodies. One skeleton. One clock. Minted on Abstract.,4151.gif,Void,Classic,Wink,Witch,None,Broom
4152,Shook'um #4152,A looping sheet ghost from Halloween Shook'ums. Three bodies. One skeleton. One clock. Minted on Abstract.,4152.gif,Graveyard,Classic,Sleepy,None,Cape,Candy Corn
4153,Shook'um #4153,A looping sheet ghost from Halloween Shook'ums. Three bodies. One skeleton. One clock. Minted on Abstract.,4153.gif,Parchment,Classic,Starry,Crown,None,None
4154,Shook'um #4154,A looping sheet ghost from Halloween Shook'ums. Three bodies. One skeleton. One clock. Minted on Abstract.,4154.gif,Blush,Blush,Spooked,Pumpkin,Chain,Pumpkin
4155,Shook'um #4155,A looping sheet ghost from Halloween Shook'ums. Three bodies. One skeleton. One clock. Minted on Abstract.,4155.gif,Candy,Blush,Blep,Witch,Bowtie,Pumpkin
4156,Shook'um #4156,A looping sheet ghost from Halloween Shook'ums. Three bodies. One skeleton. One clock. Minted on Abstract.,4156.gif,Midnight,Blush,Normal,Wizard,Cape,Candy
4157,Shook'um #4157,A looping sheet ghost from Halloween Shook'ums. Three bodies. One skeleton. One clock. Minted on Abstract.,4157.gif,Candy,Classic,Blep,Crown,Chain,None
4158,Shook'um #4158,A looping sheet ghost from Halloween Shook'ums. Three bodies. One skeleton. One clock. Minted on Abstract.,4158.gif,Void,Classic,Blep,None,None,None
4159,Shook'um #4159,A looping sheet ghost from Halloween Shook'ums. Three bodies. One skeleton. One clock. Minted on Abstract.,4159.gif,Graveyard,Classic,Blep,Cat Ears,Collar,None
4160,Shook'um #4160,A looping sheet ghost from Halloween Shook'ums. Three bodies. One skeleton. One clock. Minted on Abstract.,4160.gif,Midnight,Classic,Normal,Cat Ears,None,None
4161,Shook'um #4161,A looping sheet ghost from Halloween Shook'ums. Three bodies. One skeleton. One clock. Minted on Abstract.,4161.gif,Fog,Classic,Spooked,Flower,Pearls,Bat
4162,Shook'um #4162,A looping sheet ghost from Halloween Shook'ums. Three bodies. One skeleton. One clock. Minted on Abstract.,4162.gif,Fog,Blush,Normal,Bow,Collar,Bat
4163,Shook'um #4163,A looping sheet ghost from Halloween Shook'ums. Three bodies. One skeleton. One clock. Minted on Abstract.,4163.gif,Candy,Classic,Sad,None,Scarf,Candy
4164,Shook'um #4164,A looping sheet ghost from Halloween Shook'ums. Three bodies. One skeleton. One clock. Minted on Abstract.,4164.gif,Graveyard,Classic,Spooked,Party,Pearls,Potion
4165,Shook'um #4165,A looping sheet ghost from Halloween Shook'ums. Three bodies. One skeleton. One clock. Minted on Abstract.,4165.gif,Candy,Blush,Angry,Witch,Scarf,Candy
4166,Shook'um #4166,A looping sheet ghost from Halloween Shook'ums. Three bodies. One skeleton. One clock. Minted on Abstract.,4166.gif,Fog,Void,Sleepy,Party,None,Potion
4167,Shook'um #4167,A looping sheet ghost from Halloween Shook'ums. Three bodies. One skeleton. One clock. Minted on Abstract.,4167.gif,Midnight,Classic,Sad,Bow,None,None
4168,Shook'um #4168,A looping sheet ghost from Halloween Shook'ums. Three bodies. One skeleton. One clock. Minted on Abstract.,4168.gif,Void,Classic,Sleepy,Bow,None,Bat
4169,Shook'um #4169,A looping sheet ghost from Halloween Shook'ums. Three bodies. One skeleton. One clock. Minted on Abstract.,4169.gif,Parchment,Blush,Angry,Pumpkin,Chain,Pumpkin
4170,Shook'um #4170,A looping sheet ghost from Halloween Shook'ums. Three bodies. One skeleton. One clock. Minted on Abstract.,4170.gif,Parchment,Classic,Wink,Flower,Chain,Pumpkin
4171,Shook'um #4171,A looping sheet ghost from Halloween Shook'ums. Three bodies. One skeleton. One clock. Minted on Abstract.,4171.gif,Pumpkin,Classic,Normal,Witch,Chain,Moon
4172,Shook'um #4172,A looping sheet ghost from Halloween Shook'ums. Three bodies. One skeleton. One clock. Minted on Abstract.,4172.gif,Midnight,Blush,Starry,Party,Pearls,Candy Corn
4173,Shook'um #4173,A looping sheet ghost from Halloween Shook'ums. Three bodies. One skeleton. One clock. Minted on Abstract.,4173.gif,Blush,Void,Normal,Flower,None,Moon
4174,Shook'um #4174,A looping sheet ghost from Halloween Shook'ums. Three bodies. One skeleton. One clock. Minted on Abstract.,4174.gif,Blush,Classic,Wink,Witch,None,None
4175,Shook'um #4175,A looping sheet ghost from Halloween Shook'ums. Three bodies. One skeleton. One clock. Minted on Abstract.,4175.gif,Parchment,Void,Sad,None,Chain,None
4176,Shook'um #4176,A looping sheet ghost from Halloween Shook'ums. Three bodies. One skeleton. One clock. Minted on Abstract.,4176.gif,Blush,Classic,Starry,Crown,Scarf,Candy Corn
4177,Shook'um #4177,A looping sheet ghost from Halloween Shook'ums. Three bodies. One skeleton. One clock. Minted on Abstract.,4177.gif,Dusk,Classic,Normal,None,Scarf,Pumpkin
4178,Shook'um #4178,A looping sheet ghost from Halloween Shook'ums. Three bodies. One skeleton. One clock. Minted on Abstract.,4178.gif,Candy,Void,Sparkly,Witch,Cape,Broom
4179,Shook'um #4179,A looping sheet ghost from Halloween Shook'ums. Three bodies. One skeleton. One clock. Minted on Abstract.,4179.gif,Midnight,Void,Normal,Witch,None,Broom
4180,Shook'um #4180,A looping sheet ghost from Halloween Shook'ums. Three bodies. One skeleton. One clock. Minted on Abstract.,4180.gif,Midnight,Blush,Blep,None,Scarf,Candy
4181,Shook'um #4181,A looping sheet ghost from Halloween Shook'ums. Three bodies. One skeleton. One clock. Minted on Abstract.,4181.gif,Blood Moon,Classic,Spooked,Halo,None,Potion
4182,Shook'um #4182,A looping sheet ghost from Halloween Shook'ums. Three bodies. One skeleton. One clock. Minted on Abstract.,4182.gif,Pumpkin,Blush,Spooked,Halo,Cape,Candy Corn
4183,Shook'um #4183,A looping sheet ghost from Halloween Shook'ums. Three bodies. One skeleton. One clock. Minted on Abstract.,4183.gif,Blood Moon,Classic,Blep,Witch,Bowtie,None
4184,Shook'um #4184,A looping sheet ghost from Halloween Shook'ums. Three bodies. One skeleton. One clock. Minted on Abstract.,4184.gif,Fog,Classic,Sparkly,Halo,Pearls,Broom
4185,Shook'um #4185,A looping sheet ghost from Halloween Shook'ums. Three bodies. One skeleton. One clock. Minted on Abstract.,4185.gif,Fog,Blush,Sleepy,None,None,Potion
4186,Shook'um #4186,A looping sheet ghost from Halloween Shook'ums. Three bodies. One skeleton. One clock. Minted on Abstract.,4186.gif,Candy,Classic,Normal,Halo,Scarf,Broom
4187,Shook'um #4187,A looping sheet ghost from Halloween Shook'ums. Three bodies. One skeleton. One clock. Minted on Abstract.,4187.gif,Dusk,Blush,Wink,Party,None,Broom
4188,Shook'um #4188,A looping sheet ghost from Halloween Shook'ums. Three bodies. One skeleton. One clock. Minted on Abstract.,4188.gif,Blush,Classic,Wink,Halo,Pearls,Bat
4189,Shook'um #4189,A looping sheet ghost from Halloween Shook'ums. Three bodies. One skeleton. One clock. Minted on Abstract.,4189.gif,Candy,Blush,Wink,Crown,Scarf,None
4190,Shook'um #4190,A looping sheet ghost from Halloween Shook'ums. Three bodies. One skeleton. One clock. Minted on Abstract.,4190.gif,Fog,Classic,Blep,Witch,Pearls,Pumpkin
4191,Shook'um #4191,A looping sheet ghost from Halloween Shook'ums. Three bodies. One skeleton. One clock. Minted on Abstract.,4191.gif,Midnight,Classic,Sad,None,None,Broom
4192,Shook'um #4192,A looping sheet ghost from Halloween Shook'ums. Three bodies. One skeleton. One clock. Minted on Abstract.,4192.gif,Graveyard,Classic,Sleepy,Bow,None,Broom
4193,Shook'um #4193,A looping sheet ghost from Halloween Shook'ums. Three bodies. One skeleton. One clock. Minted on Abstract.,4193.gif,Parchment,Classic,Wink,None,Scarf,Bat
4194,Shook'um #4194,A looping sheet ghost from Halloween Shook'ums. Three bodies. One skeleton. One clock. Minted on Abstract.,4194.gif,Parchment,Classic,Spooked,Party,Chain,Bat
4195,Shook'um #4195,A looping sheet ghost from Halloween Shook'ums. Three bodies. One skeleton. One clock. Minted on Abstract.,4195.gif,Fog,Blush,Wink,Pumpkin,Scarf,Broom
4196,Shook'um #4196,A looping sheet ghost from Halloween Shook'ums. Three bodies. One skeleton. One clock. Minted on Abstract.,4196.gif,Blush,Blush,Normal,Pumpkin,Collar,Bat
4197,Shook'um #4197,A looping sheet ghost from Halloween Shook'ums. Three bodies. One skeleton. One clock. Minted on Abstract.,4197.gif,Midnight,Blush,Blep,Halo,Scarf,None
4198,Shook'um #4198,A looping sheet ghost from Halloween Shook'ums. Three bodies. One skeleton. One clock. Minted on Abstract.,4198.gif,Blood Moon,Classic,Sleepy,Wizard,Pearls,None
4199,Shook'um #4199,A looping sheet ghost from Halloween Shook'ums. Three bodies. One skeleton. One clock. Minted on Abstract.,4199.gif,Void,Classic,Sleepy,Party,Collar,Potion
4200,Shook'um #4200,A looping sheet ghost from Halloween Shook'ums. Three bodies. One skeleton. One clock. Minted on Abstract.,4200.gif,Parchment,Classic,Angry,None,Pearls,Candy Corn
4201,Shook'um #4201,A looping sheet ghost from Halloween Shook'ums. Three bodies. One skeleton. One clock. Minted on Abstract.,4201.gif,Midnight,Classic,Sad,None,Chain,Bat
4202,Shook'um #4202,A looping sheet ghost from Halloween Shook'ums. Three bodies. One skeleton. One clock. Minted on Abstract.,4202.gif,Blood Moon,Classic,Blep,Bow,Chain,Candy
4203,Shook'um #4203,A looping sheet ghost from Halloween Shook'ums. Three bodies. One skeleton. One clock. Minted on Abstract.,4203.gif,Candy,Classic,Normal,None,Chain,Pumpkin
4204,Shook'um #4204,A looping sheet ghost from Halloween Shook'ums. Three bodies. One skeleton. One clock. Minted on Abstract.,4204.gif,Graveyard,Classic,Blep,Wizard,None,Candy
4205,Shook'um #4205,A looping sheet ghost from Halloween Shook'ums. Three bodies. One skeleton. One clock. Minted on Abstract.,4205.gif,Graveyard,Classic,Normal,Wizard,None,Candy
4206,Shook'um #4206,A looping sheet ghost from Halloween Shook'ums. Three bodies. One skeleton. One clock. Minted on Abstract.,4206.gif,Blush,Void,Blep,Cat Ears,Bowtie,Pumpkin
4207,Shook'um #4207,A looping sheet ghost from Halloween Shook'ums. Three bodies. One skeleton. One clock. Minted on Abstract.,4207.gif,Candy,Classic,Normal,Wizard,Collar,Moon
4208,Shook'um #4208,A looping sheet ghost from Halloween Shook'ums. Three bodies. One skeleton. One clock. Minted on Abstract.,4208.gif,Graveyard,Blush,Wink,Cat Ears,None,Candy
4209,Shook'um #4209,A looping sheet ghost from Halloween Shook'ums. Three bodies. One skeleton. One clock. Minted on Abstract.,4209.gif,Pumpkin,Blush,Spooked,Bow,None,Candy
4210,Shook'um #4210,A looping sheet ghost from Halloween Shook'ums. Three bodies. One skeleton. One clock. Minted on Abstract.,4210.gif,Graveyard,Classic,Blep,Pumpkin,None,Candy Corn
4211,Shook'um #4211,A looping sheet ghost from Halloween Shook'ums. Three bodies. One skeleton. One clock. Minted on Abstract.,4211.gif,Blush,Classic,Blep,Witch,Cape,Broom
4212,Shook'um #4212,A looping sheet ghost from Halloween Shook'ums. Three bodies. One skeleton. One clock. Minted on Abstract.,4212.gif,Blush,Classic,Wink,Party,Pearls,Broom
4213,Shook'um #4213,A looping sheet ghost from Halloween Shook'ums. Three bodies. One skeleton. One clock. Minted on Abstract.,4213.gif,Blush,Classic,Wink,Crown,None,None
4214,Shook'um #4214,A looping sheet ghost from Halloween Shook'ums. Three bodies. One skeleton. One clock. Minted on Abstract.,4214.gif,Midnight,Void,Sleepy,Witch,Chain,None
4215,Shook'um #4215,A looping sheet ghost from Halloween Shook'ums. Three bodies. One skeleton. One clock. Minted on Abstract.,4215.gif,Fog,Void,Spooked,Witch,Scarf,Moon
4216,Shook'um #4216,A looping sheet ghost from Halloween Shook'ums. Three bodies. One skeleton. One clock. Minted on Abstract.,4216.gif,Dusk,Classic,Wink,Witch,Chain,None
4217,Shook'um #4217,A looping sheet ghost from Halloween Shook'ums. Three bodies. One skeleton. One clock. Minted on Abstract.,4217.gif,Dusk,Blush,Sleepy,None,Scarf,Moon
4218,Shook'um #4218,A looping sheet ghost from Halloween Shook'ums. Three bodies. One skeleton. One clock. Minted on Abstract.,4218.gif,Candy,Classic,Normal,Bow,Bowtie,Potion
4219,Shook'um #4219,A looping sheet ghost from Halloween Shook'ums. Three bodies. One skeleton. One clock. Minted on Abstract.,4219.gif,Parchment,Blush,Spooked,None,Collar,Potion
4220,Shook'um #4220,A looping sheet ghost from Halloween Shook'ums. Three bodies. One skeleton. One clock. Minted on Abstract.,4220.gif,Blood Moon,Blush,Normal,None,Bowtie,Candy Corn
4221,Shook'um #4221,A looping sheet ghost from Halloween Shook'ums. Three bodies. One skeleton. One clock. Minted on Abstract.,4221.gif,Void,Classic,Wink,Party,Collar,Moon
4222,Shook'um #4222,A looping sheet ghost from Halloween Shook'ums. Three bodies. One skeleton. One clock. Minted on Abstract.,4222.gif,Pumpkin,Blush,Normal,None,Scarf,Broom
4223,Shook'um #4223,A looping sheet ghost from Halloween Shook'ums. Three bodies. One skeleton. One clock. Minted on Abstract.,4223.gif,Candy,Classic,Spooked,Halo,None,Potion
4224,Shook'um #4224,A looping sheet ghost from Halloween Shook'ums. Three bodies. One skeleton. One clock. Minted on Abstract.,4224.gif,Parchment,Blush,Spooked,Halo,Pearls,None
4225,Shook'um #4225,A looping sheet ghost from Halloween Shook'ums. Three bodies. One skeleton. One clock. Minted on Abstract.,4225.gif,Blood Moon,Classic,Normal,Wizard,None,None
4226,Shook'um #4226,A looping sheet ghost from Halloween Shook'ums. Three bodies. One skeleton. One clock. Minted on Abstract.,4226.gif,Void,Classic,Starry,None,Chain,Potion
4227,Shook'um #4227,A looping sheet ghost from Halloween Shook'ums. Three bodies. One skeleton. One clock. Minted on Abstract.,4227.gif,Graveyard,Blush,Spooked,Witch,None,Candy
4228,Shook'um #4228,A looping sheet ghost from Halloween Shook'ums. Three bodies. One skeleton. One clock. Minted on Abstract.,4228.gif,Parchment,Blush,Blep,Bow,None,Candy
4229,Shook'um #4229,A looping sheet ghost from Halloween Shook'ums. Three bodies. One skeleton. One clock. Minted on Abstract.,4229.gif,Fog,Classic,Sleepy,None,Pearls,Candy Corn
4230,Shook'um #4230,A looping sheet ghost from Halloween Shook'ums. Three bodies. One skeleton. One clock. Minted on Abstract.,4230.gif,Blood Moon,Void,Sleepy,None,None,Candy Corn
4231,Shook'um #4231,A looping sheet ghost from Halloween Shook'ums. Three bodies. One skeleton. One clock. Minted on Abstract.,4231.gif,Parchment,Classic,Angry,None,Scarf,None
4232,Shook'um #4232,A looping sheet ghost from Halloween Shook'ums. Three bodies. One skeleton. One clock. Minted on Abstract.,4232.gif,Midnight,Blush,Sleepy,Pumpkin,Bowtie,Pumpkin
4233,Shook'um #4233,A looping sheet ghost from Halloween Shook'ums. Three bodies. One skeleton. One clock. Minted on Abstract.,4233.gif,Fog,Classic,Wink,None,Cape,None
4234,Shook'um #4234,A looping sheet ghost from Halloween Shook'ums. Three bodies. One skeleton. One clock. Minted on Abstract.,4234.gif,Pumpkin,Classic,Wink,Flower,Bowtie,Moon
4235,Shook'um #4235,A looping sheet ghost from Halloween Shook'ums. Three bodies. One skeleton. One clock. Minted on Abstract.,4235.gif,Fog,Void,Spooked,Cat Ears,Bowtie,None
4236,Shook'um #4236,A looping sheet ghost from Halloween Shook'ums. Three bodies. One skeleton. One clock. Minted on Abstract.,4236.gif,Blood Moon,Blush,Blep,None,None,None
4237,Shook'um #4237,A looping sheet ghost from Halloween Shook'ums. Three bodies. One skeleton. One clock. Minted on Abstract.,4237.gif,Midnight,Classic,Angry,None,Bowtie,Candy Corn
4238,Shook'um #4238,A looping sheet ghost from Halloween Shook'ums. Three bodies. One skeleton. One clock. Minted on Abstract.,4238.gif,Blood Moon,Classic,Normal,None,Scarf,Candy Corn
4239,Shook'um #4239,A looping sheet ghost from Halloween Shook'ums. Three bodies. One skeleton. One clock. Minted on Abstract.,4239.gif,Midnight,Classic,Angry,None,Cape,None
4240,Shook'um #4240,A looping sheet ghost from Halloween Shook'ums. Three bodies. One skeleton. One clock. Minted on Abstract.,4240.gif,Blood Moon,Classic,Wink,Flower,Bowtie,Candy
4241,Shook'um #4241,A looping sheet ghost from Halloween Shook'ums. Three bodies. One skeleton. One clock. Minted on Abstract.,4241.gif,Parchment,Classic,Blep,None,None,Bat
4242,Shook'um #4242,A looping sheet ghost from Halloween Shook'ums. Three bodies. One skeleton. One clock. Minted on Abstract.,4242.gif,Pumpkin,Blush,Wink,Witch,Scarf,Pumpkin
4243,Shook'um #4243,A looping sheet ghost from Halloween Shook'ums. Three bodies. One skeleton. One clock. Minted on Abstract.,4243.gif,Dusk,Classic,Wink,Witch,Scarf,Pumpkin
4244,Shook'um #4244,A looping sheet ghost from Halloween Shook'ums. Three bodies. One skeleton. One clock. Minted on Abstract.,4244.gif,Graveyard,Void,Normal,Bow,Chain,Potion
4245,Shook'um #4245,A looping sheet ghost from Halloween Shook'ums. Three bodies. One skeleton. One clock. Minted on Abstract.,4245.gif,Blood Moon,Classic,Normal,None,Cape,None
4246,Shook'um #4246,A looping sheet ghost from Halloween Shook'ums. Three bodies. One skeleton. One clock. Minted on Abstract.,4246.gif,Graveyard,Blush,Wink,None,Chain,None
4247,Shook'um #4247,A looping sheet ghost from Halloween Shook'ums. Three bodies. One skeleton. One clock. Minted on Abstract.,4247.gif,Pumpkin,Classic,Heart,None,None,None
4248,Shook'um #4248,A looping sheet ghost from Halloween Shook'ums. Three bodies. One skeleton. One clock. Minted on Abstract.,4248.gif,Pumpkin,Void,Angry,Halo,Scarf,Candy
4249,Shook'um #4249,A looping sheet ghost from Halloween Shook'ums. Three bodies. One skeleton. One clock. Minted on Abstract.,4249.gif,Parchment,Classic,Sad,Witch,Cape,Broom
4250,Shook'um #4250,A looping sheet ghost from Halloween Shook'ums. Three bodies. One skeleton. One clock. Minted on Abstract.,4250.gif,Graveyard,Classic,Spooked,Bow,Bowtie,None
4251,Shook'um #4251,A looping sheet ghost from Halloween Shook'ums. Three bodies. One skeleton. One clock. Minted on Abstract.,4251.gif,Graveyard,Blush,Spooked,None,None,Moon
4252,Shook'um #4252,A looping sheet ghost from Halloween Shook'ums. Three bodies. One skeleton. One clock. Minted on Abstract.,4252.gif,Blush,Classic,Sleepy,Bow,None,None
4253,Shook'um #4253,A looping sheet ghost from Halloween Shook'ums. Three bodies. One skeleton. One clock. Minted on Abstract.,4253.gif,Blood Moon,Blush,Blep,Flower,Chain,None
4254,Shook'um #4254,A looping sheet ghost from Halloween Shook'ums. Three bodies. One skeleton. One clock. Minted on Abstract.,4254.gif,Pumpkin,Blush,Spooked,Party,Scarf,Candy
4255,Shook'um #4255,A looping sheet ghost from Halloween Shook'ums. Three bodies. One skeleton. One clock. Minted on Abstract.,4255.gif,Pumpkin,Blush,Normal,Witch,None,Potion
4256,Shook'um #4256,A looping sheet ghost from Halloween Shook'ums. Three bodies. One skeleton. One clock. Minted on Abstract.,4256.gif,Blush,Void,Normal,Witch,Scarf,Candy Corn
4257,Shook'um #4257,A looping sheet ghost from Halloween Shook'ums. Three bodies. One skeleton. One clock. Minted on Abstract.,4257.gif,Blood Moon,Classic,Normal,None,Collar,Pumpkin
4258,Shook'um #4258,A looping sheet ghost from Halloween Shook'ums. Three bodies. One skeleton. One clock. Minted on Abstract.,4258.gif,Graveyard,Void,Spooked,Crown,Cape,Pumpkin
4259,Shook'um #4259,A looping sheet ghost from Halloween Shook'ums. Three bodies. One skeleton. One clock. Minted on Abstract.,4259.gif,Graveyard,Classic,Spooked,Halo,Bowtie,None
4260,Shook'um #4260,A looping sheet ghost from Halloween Shook'ums. Three bodies. One skeleton. One clock. Minted on Abstract.,4260.gif,Blush,Classic,Normal,Cat Ears,Pearls,Pumpkin
4261,Shook'um #4261,A looping sheet ghost from Halloween Shook'ums. Three bodies. One skeleton. One clock. Minted on Abstract.,4261.gif,Dusk,Blush,Sleepy,Pumpkin,Chain,None
4262,Shook'um #4262,A looping sheet ghost from Halloween Shook'ums. Three bodies. One skeleton. One clock. Minted on Abstract.,4262.gif,Fog,Blush,Spooked,Cat Ears,Bowtie,Candy
4263,Shook'um #4263,A looping sheet ghost from Halloween Shook'ums. Three bodies. One skeleton. One clock. Minted on Abstract.,4263.gif,Parchment,Classic,Normal,Flower,Scarf,None
4264,Shook'um #4264,A looping sheet ghost from Halloween Shook'ums. Three bodies. One skeleton. One clock. Minted on Abstract.,4264.gif,Fog,Blush,Blep,Bow,Chain,Potion
4265,Shook'um #4265,A looping sheet ghost from Halloween Shook'ums. Three bodies. One skeleton. One clock. Minted on Abstract.,4265.gif,Blush,Classic,Wink,None,None,Pumpkin
4266,Shook'um #4266,A looping sheet ghost from Halloween Shook'ums. Three bodies. One skeleton. One clock. Minted on Abstract.,4266.gif,Fog,Void,Spooked,Cat Ears,None,Candy
4267,Shook'um #4267,A looping sheet ghost from Halloween Shook'ums. Three bodies. One skeleton. One clock. Minted on Abstract.,4267.gif,Dusk,Classic,Spooked,Pumpkin,Chain,None
4268,Shook'um #4268,A looping sheet ghost from Halloween Shook'ums. Three bodies. One skeleton. One clock. Minted on Abstract.,4268.gif,Fog,Classic,Angry,None,None,None
4269,Shook'um #4269,A looping sheet ghost from Halloween Shook'ums. Three bodies. One skeleton. One clock. Minted on Abstract.,4269.gif,Blood Moon,Void,Wink,None,Scarf,None
4270,Shook'um #4270,A looping sheet ghost from Halloween Shook'ums. Three bodies. One skeleton. One clock. Minted on Abstract.,4270.gif,Parchment,Classic,Sleepy,Witch,Chain,None
4271,Shook'um #4271,A looping sheet ghost from Halloween Shook'ums. Three bodies. One skeleton. One clock. Minted on Abstract.,4271.gif,Candy,Classic,Sparkly,Cat Ears,Scarf,Pumpkin
4272,Shook'um #4272,A looping sheet ghost from Halloween Shook'ums. Three bodies. One skeleton. One clock. Minted on Abstract.,4272.gif,Midnight,Classic,Normal,Witch,None,Candy
4273,Shook'um #4273,A looping sheet ghost from Halloween Shook'ums. Three bodies. One skeleton. One clock. Minted on Abstract.,4273.gif,Parchment,Classic,Sleepy,Cat Ears,None,None
4274,Shook'um #4274,A looping sheet ghost from Halloween Shook'ums. Three bodies. One skeleton. One clock. Minted on Abstract.,4274.gif,Parchment,Classic,Blep,Pumpkin,Scarf,Broom
4275,Shook'um #4275,A looping sheet ghost from Halloween Shook'ums. Three bodies. One skeleton. One clock. Minted on Abstract.,4275.gif,Pumpkin,Classic,Sparkly,Bow,Chain,Bat
4276,Shook'um #4276,A looping sheet ghost from Halloween Shook'ums. Three bodies. One skeleton. One clock. Minted on Abstract.,4276.gif,Candy,Classic,Spooked,None,None,Candy Corn
4277,Shook'um #4277,A looping sheet ghost from Halloween Shook'ums. Three bodies. One skeleton. One clock. Minted on Abstract.,4277.gif,Blush,Blush,Blep,Witch,None,None
4278,Shook'um #4278,A looping sheet ghost from Halloween Shook'ums. Three bodies. One skeleton. One clock. Minted on Abstract.,4278.gif,Pumpkin,Blush,Starry,Wizard,None,None
4279,Shook'um #4279,A looping sheet ghost from Halloween Shook'ums. Three bodies. One skeleton. One clock. Minted on Abstract.,4279.gif,Dusk,Blush,Sparkly,None,None,None
4280,Shook'um #4280,A looping sheet ghost from Halloween Shook'ums. Three bodies. One skeleton. One clock. Minted on Abstract.,4280.gif,Parchment,Classic,Normal,Cat Ears,Bowtie,Candy
4281,Shook'um #4281,A looping sheet ghost from Halloween Shook'ums. Three bodies. One skeleton. One clock. Minted on Abstract.,4281.gif,Fog,Blush,Sparkly,None,Bowtie,None
4282,Shook'um #4282,A looping sheet ghost from Halloween Shook'ums. Three bodies. One skeleton. One clock. Minted on Abstract.,4282.gif,Graveyard,Classic,Sleepy,None,Chain,Candy
4283,Shook'um #4283,A looping sheet ghost from Halloween Shook'ums. Three bodies. One skeleton. One clock. Minted on Abstract.,4283.gif,Candy,Classic,Sleepy,Crown,Scarf,None
4284,Shook'um #4284,A looping sheet ghost from Halloween Shook'ums. Three bodies. One skeleton. One clock. Minted on Abstract.,4284.gif,Blush,Classic,Normal,None,Bowtie,Moon
4285,Shook'um #4285,A looping sheet ghost from Halloween Shook'ums. Three bodies. One skeleton. One clock. Minted on Abstract.,4285.gif,Parchment,Classic,Angry,None,Scarf,Broom
4286,Shook'um #4286,A looping sheet ghost from Halloween Shook'ums. Three bodies. One skeleton. One clock. Minted on Abstract.,4286.gif,Parchment,Classic,Sleepy,Pumpkin,None,Candy Corn
4287,Shook'um #4287,A looping sheet ghost from Halloween Shook'ums. Three bodies. One skeleton. One clock. Minted on Abstract.,4287.gif,Pumpkin,Blush,Starry,None,None,Bat
4288,Shook'um #4288,A looping sheet ghost from Halloween Shook'ums. Three bodies. One skeleton. One clock. Minted on Abstract.,4288.gif,Candy,Classic,Spooked,Party,Chain,Candy
4289,Shook'um #4289,A looping sheet ghost from Halloween Shook'ums. Three bodies. One skeleton. One clock. Minted on Abstract.,4289.gif,Midnight,Classic,Angry,Witch,Chain,None
4290,Shook'um #4290,A looping sheet ghost from Halloween Shook'ums. Three bodies. One skeleton. One clock. Minted on Abstract.,4290.gif,Fog,Classic,Wink,Bow,Bowtie,Broom
4291,Shook'um #4291,A looping sheet ghost from Halloween Shook'ums. Three bodies. One skeleton. One clock. Minted on Abstract.,4291.gif,Candy,Blush,Sparkly,Flower,Bowtie,Bat
4292,Shook'um #4292,A looping sheet ghost from Halloween Shook'ums. Three bodies. One skeleton. One clock. Minted on Abstract.,4292.gif,Candy,Classic,Spooked,Wizard,None,Moon
4293,Shook'um #4293,A looping sheet ghost from Halloween Shook'ums. Three bodies. One skeleton. One clock. Minted on Abstract.,4293.gif,Candy,Blush,Normal,Bow,None,None
4294,Shook'um #4294,A looping sheet ghost from Halloween Shook'ums. Three bodies. One skeleton. One clock. Minted on Abstract.,4294.gif,Blush,Classic,Sleepy,Witch,Pearls,Broom
4295,Shook'um #4295,A looping sheet ghost from Halloween Shook'ums. Three bodies. One skeleton. One clock. Minted on Abstract.,4295.gif,Candy,Classic,Sparkly,None,Collar,None
4296,Shook'um #4296,A looping sheet ghost from Halloween Shook'ums. Three bodies. One skeleton. One clock. Minted on Abstract.,4296.gif,Blush,Void,Normal,None,Pearls,Moon
4297,Shook'um #4297,A looping sheet ghost from Halloween Shook'ums. Three bodies. One skeleton. One clock. Minted on Abstract.,4297.gif,Pumpkin,Classic,Sleepy,None,Scarf,None
4298,Shook'um #4298,A looping sheet ghost from Halloween Shook'ums. Three bodies. One skeleton. One clock. Minted on Abstract.,4298.gif,Dusk,Classic,Blep,Cat Ears,None,Broom
4299,Shook'um #4299,A looping sheet ghost from Halloween Shook'ums. Three bodies. One skeleton. One clock. Minted on Abstract.,4299.gif,Blush,Blush,Sleepy,Wizard,Pearls,None
4300,Shook'um #4300,A looping sheet ghost from Halloween Shook'ums. Three bodies. One skeleton. One clock. Minted on Abstract.,4300.gif,Dusk,Classic,Blep,Cat Ears,None,Candy Corn
4301,Shook'um #4301,A looping sheet ghost from Halloween Shook'ums. Three bodies. One skeleton. One clock. Minted on Abstract.,4301.gif,Midnight,Blush,Sleepy,Cat Ears,None,None
4302,Shook'um #4302,A looping sheet ghost from Halloween Shook'ums. Three bodies. One skeleton. One clock. Minted on Abstract.,4302.gif,Pumpkin,Void,Sparkly,None,Scarf,Potion
4303,Shook'um #4303,A looping sheet ghost from Halloween Shook'ums. Three bodies. One skeleton. One clock. Minted on Abstract.,4303.gif,Pumpkin,Classic,Wink,Bow,Chain,Broom
4304,Shook'um #4304,A looping sheet ghost from Halloween Shook'ums. Three bodies. One skeleton. One clock. Minted on Abstract.,4304.gif,Parchment,Classic,Sparkly,Pumpkin,Scarf,Moon
4305,Shook'um #4305,A looping sheet ghost from Halloween Shook'ums. Three bodies. One skeleton. One clock. Minted on Abstract.,4305.gif,Pumpkin,Blush,Sleepy,Halo,None,Candy Corn
4306,Shook'um #4306,A looping sheet ghost from Halloween Shook'ums. Three bodies. One skeleton. One clock. Minted on Abstract.,4306.gif,Parchment,Classic,Blep,Bow,Scarf,Pumpkin
4307,Shook'um #4307,A looping sheet ghost from Halloween Shook'ums. Three bodies. One skeleton. One clock. Minted on Abstract.,4307.gif,Blush,Void,Angry,None,Collar,Candy
4308,Shook'um #4308,A looping sheet ghost from Halloween Shook'ums. Three bodies. One skeleton. One clock. Minted on Abstract.,4308.gif,Pumpkin,Blush,Blep,Party,Chain,Bat
4309,Shook'um #4309,A looping sheet ghost from Halloween Shook'ums. Three bodies. One skeleton. One clock. Minted on Abstract.,4309.gif,Parchment,Classic,Wink,Party,Cape,None
4310,Shook'um #4310,A looping sheet ghost from Halloween Shook'ums. Three bodies. One skeleton. One clock. Minted on Abstract.,4310.gif,Blush,Classic,Blep,Halo,Chain,None
4311,Shook'um #4311,A looping sheet ghost from Halloween Shook'ums. Three bodies. One skeleton. One clock. Minted on Abstract.,4311.gif,Parchment,Void,Spooked,Witch,None,Bat
4312,Shook'um #4312,A looping sheet ghost from Halloween Shook'ums. Three bodies. One skeleton. One clock. Minted on Abstract.,4312.gif,Midnight,Void,Sparkly,Pumpkin,Pearls,Pumpkin
4313,Shook'um #4313,A looping sheet ghost from Halloween Shook'ums. Three bodies. One skeleton. One clock. Minted on Abstract.,4313.gif,Blood Moon,Classic,Blep,Bow,Scarf,None
4314,Shook'um #4314,A looping sheet ghost from Halloween Shook'ums. Three bodies. One skeleton. One clock. Minted on Abstract.,4314.gif,Candy,Void,Heart,None,Chain,Candy
4315,Shook'um #4315,A looping sheet ghost from Halloween Shook'ums. Three bodies. One skeleton. One clock. Minted on Abstract.,4315.gif,Fog,Classic,Sleepy,None,Scarf,Bat
4316,Shook'um #4316,A looping sheet ghost from Halloween Shook'ums. Three bodies. One skeleton. One clock. Minted on Abstract.,4316.gif,Candy,Blush,Sleepy,Pumpkin,Pearls,Candy Corn
4317,Shook'um #4317,A looping sheet ghost from Halloween Shook'ums. Three bodies. One skeleton. One clock. Minted on Abstract.,4317.gif,Parchment,Classic,Sleepy,Halo,None,Pumpkin
4318,Shook'um #4318,A looping sheet ghost from Halloween Shook'ums. Three bodies. One skeleton. One clock. Minted on Abstract.,4318.gif,Graveyard,Classic,Sleepy,None,None,Moon
4319,Shook'um #4319,A looping sheet ghost from Halloween Shook'ums. Three bodies. One skeleton. One clock. Minted on Abstract.,4319.gif,Pumpkin,Classic,Spooked,None,Bowtie,Bat
4320,Shook'um #4320,A looping sheet ghost from Halloween Shook'ums. Three bodies. One skeleton. One clock. Minted on Abstract.,4320.gif,Graveyard,Classic,Blep,Pumpkin,Collar,Candy
4321,Shook'um #4321,A looping sheet ghost from Halloween Shook'ums. Three bodies. One skeleton. One clock. Minted on Abstract.,4321.gif,Candy,Blush,Blep,Flower,None,Potion
4322,Shook'um #4322,A looping sheet ghost from Halloween Shook'ums. Three bodies. One skeleton. One clock. Minted on Abstract.,4322.gif,Blood Moon,Blush,Starry,None,None,None
4323,Shook'um #4323,A looping sheet ghost from Halloween Shook'ums. Three bodies. One skeleton. One clock. Minted on Abstract.,4323.gif,Blush,Classic,Spooked,Cat Ears,None,Potion
4324,Shook'um #4324,A looping sheet ghost from Halloween Shook'ums. Three bodies. One skeleton. One clock. Minted on Abstract.,4324.gif,Fog,Classic,Heart,Witch,None,Candy
4325,Shook'um #4325,A looping sheet ghost from Halloween Shook'ums. Three bodies. One skeleton. One clock. Minted on Abstract.,4325.gif,Blush,Blush,Normal,Cat Ears,None,Pumpkin
4326,Shook'um #4326,A looping sheet ghost from Halloween Shook'ums. Three bodies. One skeleton. One clock. Minted on Abstract.,4326.gif,Blush,Blush,Normal,Cat Ears,None,None
4327,Shook'um #4327,A looping sheet ghost from Halloween Shook'ums. Three bodies. One skeleton. One clock. Minted on Abstract.,4327.gif,Blush,Classic,Wink,Bow,Scarf,Candy Corn
4328,Shook'um #4328,A looping sheet ghost from Halloween Shook'ums. Three bodies. One skeleton. One clock. Minted on Abstract.,4328.gif,Parchment,Void,Spooked,Witch,Collar,Candy
4329,Shook'um #4329,A looping sheet ghost from Halloween Shook'ums. Three bodies. One skeleton. One clock. Minted on Abstract.,4329.gif,Void,Classic,Wink,Pumpkin,Collar,Candy Corn
4330,Shook'um #4330,A looping sheet ghost from Halloween Shook'ums. Three bodies. One skeleton. One clock. Minted on Abstract.,4330.gif,Pumpkin,Classic,Starry,Witch,None,None
4331,Shook'um #4331,A looping sheet ghost from Halloween Shook'ums. Three bodies. One skeleton. One clock. Minted on Abstract.,4331.gif,Midnight,Classic,Starry,Flower,Chain,Candy Corn
4332,Shook'um #4332,A looping sheet ghost from Halloween Shook'ums. Three bodies. One skeleton. One clock. Minted on Abstract.,4332.gif,Parchment,Void,Wink,None,None,Candy
4333,Shook'um #4333,A looping sheet ghost from Halloween Shook'ums. Three bodies. One skeleton. One clock. Minted on Abstract.,4333.gif,Graveyard,Void,Wink,Witch,Scarf,Moon
4334,Shook'um #4334,A looping sheet ghost from Halloween Shook'ums. Three bodies. One skeleton. One clock. Minted on Abstract.,4334.gif,Blood Moon,Blush,Normal,None,Scarf,Candy
4335,Shook'um #4335,A looping sheet ghost from Halloween Shook'ums. Three bodies. One skeleton. One clock. Minted on Abstract.,4335.gif,Pumpkin,Blush,Sparkly,Halo,Chain,Broom
4336,Shook'um #4336,A looping sheet ghost from Halloween Shook'ums. Three bodies. One skeleton. One clock. Minted on Abstract.,4336.gif,Pumpkin,Void,Wink,None,None,Pumpkin
4337,Shook'um #4337,A looping sheet ghost from Halloween Shook'ums. Three bodies. One skeleton. One clock. Minted on Abstract.,4337.gif,Void,Void,Spooked,None,Chain,Candy Corn
4338,Shook'um #4338,A looping sheet ghost from Halloween Shook'ums. Three bodies. One skeleton. One clock. Minted on Abstract.,4338.gif,Candy,Blush,Spooked,Party,Scarf,Moon
4339,Shook'um #4339,A looping sheet ghost from Halloween Shook'ums. Three bodies. One skeleton. One clock. Minted on Abstract.,4339.gif,Pumpkin,Classic,Normal,None,Scarf,Candy
4340,Shook'um #4340,A looping sheet ghost from Halloween Shook'ums. Three bodies. One skeleton. One clock. Minted on Abstract.,4340.gif,Midnight,Blush,Spooked,None,Bowtie,Broom
4341,Shook'um #4341,A looping sheet ghost from Halloween Shook'ums. Three bodies. One skeleton. One clock. Minted on Abstract.,4341.gif,Parchment,Classic,Wink,Halo,Cape,Moon
4342,Shook'um #4342,A looping sheet ghost from Halloween Shook'ums. Three bodies. One skeleton. One clock. Minted on Abstract.,4342.gif,Blood Moon,Classic,Blep,None,Scarf,None
4343,Shook'um #4343,A looping sheet ghost from Halloween Shook'ums. Three bodies. One skeleton. One clock. Minted on Abstract.,4343.gif,Blush,Void,Angry,None,Collar,Bat
4344,Shook'um #4344,A looping sheet ghost from Halloween Shook'ums. Three bodies. One skeleton. One clock. Minted on Abstract.,4344.gif,Parchment,Classic,Blep,Flower,Pearls,Candy
4345,Shook'um #4345,A looping sheet ghost from Halloween Shook'ums. Three bodies. One skeleton. One clock. Minted on Abstract.,4345.gif,Blush,Classic,Sparkly,Bow,Chain,Bat
4346,Shook'um #4346,A looping sheet ghost from Halloween Shook'ums. Three bodies. One skeleton. One clock. Minted on Abstract.,4346.gif,Blush,Void,Normal,Halo,None,Candy Corn
4347,Shook'um #4347,A looping sheet ghost from Halloween Shook'ums. Three bodies. One skeleton. One clock. Minted on Abstract.,4347.gif,Pumpkin,Blush,Blep,None,None,Moon
4348,Shook'um #4348,A looping sheet ghost from Halloween Shook'ums. Three bodies. One skeleton. One clock. Minted on Abstract.,4348.gif,Candy,Classic,Sad,Witch,Chain,None
4349,Shook'um #4349,A looping sheet ghost from Halloween Shook'ums. Three bodies. One skeleton. One clock. Minted on Abstract.,4349.gif,Pumpkin,Blush,Wink,Wizard,None,Pumpkin
4350,Shook'um #4350,A looping sheet ghost from Halloween Shook'ums. Three bodies. One skeleton. One clock. Minted on Abstract.,4350.gif,Pumpkin,Blush,Normal,Party,None,Potion
4351,Shook'um #4351,A looping sheet ghost from Halloween Shook'ums. Three bodies. One skeleton. One clock. Minted on Abstract.,4351.gif,Graveyard,Blush,Angry,Flower,Scarf,Pumpkin
4352,Shook'um #4352,A looping sheet ghost from Halloween Shook'ums. Three bodies. One skeleton. One clock. Minted on Abstract.,4352.gif,Blush,Void,Sleepy,Bow,Scarf,Candy
4353,Shook'um #4353,A looping sheet ghost from Halloween Shook'ums. Three bodies. One skeleton. One clock. Minted on Abstract.,4353.gif,Fog,Classic,Starry,Bow,Chain,None
4354,Shook'um #4354,A looping sheet ghost from Halloween Shook'ums. Three bodies. One skeleton. One clock. Minted on Abstract.,4354.gif,Midnight,Classic,Spooked,Halo,Bowtie,None
4355,Shook'um #4355,A looping sheet ghost from Halloween Shook'ums. Three bodies. One skeleton. One clock. Minted on Abstract.,4355.gif,Midnight,Blush,Spooked,None,Scarf,None
4356,Shook'um #4356,A looping sheet ghost from Halloween Shook'ums. Three bodies. One skeleton. One clock. Minted on Abstract.,4356.gif,Pumpkin,Blush,Blep,Bow,Chain,None
4357,Shook'um #4357,A looping sheet ghost from Halloween Shook'ums. Three bodies. One skeleton. One clock. Minted on Abstract.,4357.gif,Midnight,Classic,Sparkly,Party,Bowtie,Candy Corn
4358,Shook'um #4358,A looping sheet ghost from Halloween Shook'ums. Three bodies. One skeleton. One clock. Minted on Abstract.,4358.gif,Pumpkin,Void,Blep,Witch,None,None
4359,Shook'um #4359,A looping sheet ghost from Halloween Shook'ums. Three bodies. One skeleton. One clock. Minted on Abstract.,4359.gif,Midnight,Classic,Starry,Halo,Scarf,None
4360,Shook'um #4360,A looping sheet ghost from Halloween Shook'ums. Three bodies. One skeleton. One clock. Minted on Abstract.,4360.gif,Parchment,Blush,Sparkly,Halo,Bowtie,None
4361,Shook'um #4361,A looping sheet ghost from Halloween Shook'ums. Three bodies. One skeleton. One clock. Minted on Abstract.,4361.gif,Fog,Blush,Spooked,Witch,Scarf,Candy
4362,Shook'um #4362,A looping sheet ghost from Halloween Shook'ums. Three bodies. One skeleton. One clock. Minted on Abstract.,4362.gif,Blood Moon,Void,Normal,Wizard,Chain,None
4363,Shook'um #4363,A looping sheet ghost from Halloween Shook'ums. Three bodies. One skeleton. One clock. Minted on Abstract.,4363.gif,Fog,Classic,Sad,Bow,Pearls,Bat
4364,Shook'um #4364,A looping sheet ghost from Halloween Shook'ums. Three bodies. One skeleton. One clock. Minted on Abstract.,4364.gif,Dusk,Classic,Spooked,None,Chain,None
4365,Shook'um #4365,A looping sheet ghost from Halloween Shook'ums. Three bodies. One skeleton. One clock. Minted on Abstract.,4365.gif,Midnight,Classic,Heart,Party,Cape,Candy
4366,Shook'um #4366,A looping sheet ghost from Halloween Shook'ums. Three bodies. One skeleton. One clock. Minted on Abstract.,4366.gif,Void,Classic,Sad,Party,Scarf,Pumpkin
4367,Shook'um #4367,A looping sheet ghost from Halloween Shook'ums. Three bodies. One skeleton. One clock. Minted on Abstract.,4367.gif,Candy,Void,Spooked,None,Collar,Bat
4368,Shook'um #4368,A looping sheet ghost from Halloween Shook'ums. Three bodies. One skeleton. One clock. Minted on Abstract.,4368.gif,Pumpkin,Blush,Wink,Witch,Scarf,None
4369,Shook'um #4369,A looping sheet ghost from Halloween Shook'ums. Three bodies. One skeleton. One clock. Minted on Abstract.,4369.gif,Parchment,Classic,Normal,None,Pearls,None
4370,Shook'um #4370,A looping sheet ghost from Halloween Shook'ums. Three bodies. One skeleton. One clock. Minted on Abstract.,4370.gif,Parchment,Classic,Normal,Party,Cape,Pumpkin
4371,Shook'um #4371,A looping sheet ghost from Halloween Shook'ums. Three bodies. One skeleton. One clock. Minted on Abstract.,4371.gif,Graveyard,Blush,Normal,Witch,None,Broom
4372,Shook'um #4372,A looping sheet ghost from Halloween Shook'ums. Three bodies. One skeleton. One clock. Minted on Abstract.,4372.gif,Fog,Classic,Sparkly,Cat Ears,Chain,None
4373,Shook'um #4373,A looping sheet ghost from Halloween Shook'ums. Three bodies. One skeleton. One clock. Minted on Abstract.,4373.gif,Fog,Void,Wink,Bow,None,Pumpkin
4374,Shook'um #4374,A looping sheet ghost from Halloween Shook'ums. Three bodies. One skeleton. One clock. Minted on Abstract.,4374.gif,Dusk,Classic,Spooked,Halo,Pearls,Broom
4375,Shook'um #4375,A looping sheet ghost from Halloween Shook'ums. Three bodies. One skeleton. One clock. Minted on Abstract.,4375.gif,Candy,Classic,Normal,None,None,Bat
4376,Shook'um #4376,A looping sheet ghost from Halloween Shook'ums. Three bodies. One skeleton. One clock. Minted on Abstract.,4376.gif,Dusk,Void,Spooked,Witch,Bowtie,Bat
4377,Shook'um #4377,A looping sheet ghost from Halloween Shook'ums. Three bodies. One skeleton. One clock. Minted on Abstract.,4377.gif,Pumpkin,Classic,Normal,Pumpkin,Bowtie,Bat
4378,Shook'um #4378,A looping sheet ghost from Halloween Shook'ums. Three bodies. One skeleton. One clock. Minted on Abstract.,4378.gif,Candy,Classic,Normal,Halo,None,Candy
4379,Shook'um #4379,A looping sheet ghost from Halloween Shook'ums. Three bodies. One skeleton. One clock. Minted on Abstract.,4379.gif,Midnight,Classic,Normal,Bow,Pearls,Broom
4380,Shook'um #4380,A looping sheet ghost from Halloween Shook'ums. Three bodies. One skeleton. One clock. Minted on Abstract.,4380.gif,Fog,Classic,Sleepy,Crown,Scarf,None
4381,Shook'um #4381,A looping sheet ghost from Halloween Shook'ums. Three bodies. One skeleton. One clock. Minted on Abstract.,4381.gif,Candy,Blush,Normal,Wizard,Bowtie,Pumpkin
4382,Shook'um #4382,A looping sheet ghost from Halloween Shook'ums. Three bodies. One skeleton. One clock. Minted on Abstract.,4382.gif,Midnight,Void,Angry,Cat Ears,Bowtie,Potion
4383,Shook'um #4383,A looping sheet ghost from Halloween Shook'ums. Three bodies. One skeleton. One clock. Minted on Abstract.,4383.gif,Pumpkin,Classic,Heart,Halo,Chain,Bat
4384,Shook'um #4384,A looping sheet ghost from Halloween Shook'ums. Three bodies. One skeleton. One clock. Minted on Abstract.,4384.gif,Midnight,Void,Spooked,Flower,Collar,Bat
4385,Shook'um #4385,A looping sheet ghost from Halloween Shook'ums. Three bodies. One skeleton. One clock. Minted on Abstract.,4385.gif,Fog,Blush,Starry,Witch,Chain,None
4386,Shook'um #4386,A looping sheet ghost from Halloween Shook'ums. Three bodies. One skeleton. One clock. Minted on Abstract.,4386.gif,Parchment,Classic,Spooked,Bow,None,Candy
4387,Shook'um #4387,A looping sheet ghost from Halloween Shook'ums. Three bodies. One skeleton. One clock. Minted on Abstract.,4387.gif,Midnight,Void,Wink,None,Collar,Pumpkin
4388,Shook'um #4388,A looping sheet ghost from Halloween Shook'ums. Three bodies. One skeleton. One clock. Minted on Abstract.,4388.gif,Dusk,Classic,Sleepy,None,Chain,Broom
4389,Shook'um #4389,A looping sheet ghost from Halloween Shook'ums. Three bodies. One skeleton. One clock. Minted on Abstract.,4389.gif,Candy,Classic,Normal,Pumpkin,Chain,Bat
4390,Shook'um #4390,A looping sheet ghost from Halloween Shook'ums. Three bodies. One skeleton. One clock. Minted on Abstract.,4390.gif,Void,Blush,Normal,Bow,None,Bat
4391,Shook'um #4391,A looping sheet ghost from Halloween Shook'ums. Three bodies. One skeleton. One clock. Minted on Abstract.,4391.gif,Parchment,Classic,Spooked,Halo,Bowtie,Candy
4392,Shook'um #4392,A looping sheet ghost from Halloween Shook'ums. Three bodies. One skeleton. One clock. Minted on Abstract.,4392.gif,Graveyard,Void,Normal,None,Chain,Moon
4393,Shook'um #4393,A looping sheet ghost from Halloween Shook'ums. Three bodies. One skeleton. One clock. Minted on Abstract.,4393.gif,Candy,Void,Starry,Cat Ears,Scarf,Bat
4394,Shook'um #4394,A looping sheet ghost from Halloween Shook'ums. Three bodies. One skeleton. One clock. Minted on Abstract.,4394.gif,Blush,Classic,Normal,Cat Ears,None,Moon
4395,Shook'um #4395,A looping sheet ghost from Halloween Shook'ums. Three bodies. One skeleton. One clock. Minted on Abstract.,4395.gif,Midnight,Classic,Normal,Wizard,Scarf,Candy
4396,Shook'um #4396,A looping sheet ghost from Halloween Shook'ums. Three bodies. One skeleton. One clock. Minted on Abstract.,4396.gif,Parchment,Classic,Wink,None,Pearls,Potion
4397,Shook'um #4397,A looping sheet ghost from Halloween Shook'ums. Three bodies. One skeleton. One clock. Minted on Abstract.,4397.gif,Parchment,Blush,Sleepy,Bow,Bowtie,None
4398,Shook'um #4398,A looping sheet ghost from Halloween Shook'ums. Three bodies. One skeleton. One clock. Minted on Abstract.,4398.gif,Void,Classic,Wink,Witch,Bowtie,None
4399,Shook'um #4399,A looping sheet ghost from Halloween Shook'ums. Three bodies. One skeleton. One clock. Minted on Abstract.,4399.gif,Graveyard,Blush,Normal,Party,None,Candy
4400,Shook'um #4400,A looping sheet ghost from Halloween Shook'ums. Three bodies. One skeleton. One clock. Minted on Abstract.,4400.gif,Pumpkin,Blush,Normal,Witch,Pearls,None
4401,Shook'um #4401,A looping sheet ghost from Halloween Shook'ums. Three bodies. One skeleton. One clock. Minted on Abstract.,4401.gif,Pumpkin,Void,Normal,Cat Ears,Chain,None
4402,Shook'um #4402,A looping sheet ghost from Halloween Shook'ums. Three bodies. One skeleton. One clock. Minted on Abstract.,4402.gif,Dusk,Classic,Spooked,Flower,Scarf,Bat
4403,Shook'um #4403,A looping sheet ghost from Halloween Shook'ums. Three bodies. One skeleton. One clock. Minted on Abstract.,4403.gif,Dusk,Classic,Spooked,Witch,Scarf,Pumpkin
4404,Shook'um #4404,A looping sheet ghost from Halloween Shook'ums. Three bodies. One skeleton. One clock. Minted on Abstract.,4404.gif,Void,Classic,Normal,None,Chain,Moon
4405,Shook'um #4405,A looping sheet ghost from Halloween Shook'ums. Three bodies. One skeleton. One clock. Minted on Abstract.,4405.gif,Parchment,Void,Angry,Crown,None,Pumpkin
4406,Shook'um #4406,A looping sheet ghost from Halloween Shook'ums. Three bodies. One skeleton. One clock. Minted on Abstract.,4406.gif,Dusk,Classic,Sparkly,Bow,Cape,Bat
4407,Shook'um #4407,A looping sheet ghost from Halloween Shook'ums. Three bodies. One skeleton. One clock. Minted on Abstract.,4407.gif,Graveyard,Void,Normal,Halo,None,Candy
4408,Shook'um #4408,A looping sheet ghost from Halloween Shook'ums. Three bodies. One skeleton. One clock. Minted on Abstract.,4408.gif,Pumpkin,Blush,Wink,None,Collar,Pumpkin
4409,Shook'um #4409,A looping sheet ghost from Halloween Shook'ums. Three bodies. One skeleton. One clock. Minted on Abstract.,4409.gif,Fog,Classic,Sleepy,Party,Scarf,Broom
4410,Shook'um #4410,A looping sheet ghost from Halloween Shook'ums. Three bodies. One skeleton. One clock. Minted on Abstract.,4410.gif,Parchment,Classic,Blep,Halo,None,None
4411,Shook'um #4411,A looping sheet ghost from Halloween Shook'ums. Three bodies. One skeleton. One clock. Minted on Abstract.,4411.gif,Blush,Void,Normal,None,Chain,None
4412,Shook'um #4412,A looping sheet ghost from Halloween Shook'ums. Three bodies. One skeleton. One clock. Minted on Abstract.,4412.gif,Blush,Classic,Wink,None,Scarf,Pumpkin
4413,Shook'um #4413,A looping sheet ghost from Halloween Shook'ums. Three bodies. One skeleton. One clock. Minted on Abstract.,4413.gif,Pumpkin,Classic,Sleepy,Witch,None,Broom
4414,Shook'um #4414,A looping sheet ghost from Halloween Shook'ums. Three bodies. One skeleton. One clock. Minted on Abstract.,4414.gif,Blood Moon,Classic,Sleepy,Witch,None,Candy Corn
4415,Shook'um #4415,A looping sheet ghost from Halloween Shook'ums. Three bodies. One skeleton. One clock. Minted on Abstract.,4415.gif,Blush,Classic,Sad,Party,Chain,Moon
4416,Shook'um #4416,A looping sheet ghost from Halloween Shook'ums. Three bodies. One skeleton. One clock. Minted on Abstract.,4416.gif,Parchment,Classic,Angry,Cat Ears,Pearls,Potion
4417,Shook'um #4417,A looping sheet ghost from Halloween Shook'ums. Three bodies. One skeleton. One clock. Minted on Abstract.,4417.gif,Parchment,Blush,Spooked,Witch,None,Broom
4418,Shook'um #4418,A looping sheet ghost from Halloween Shook'ums. Three bodies. One skeleton. One clock. Minted on Abstract.,4418.gif,Graveyard,Void,Normal,Bow,None,None
4419,Shook'um #4419,A looping sheet ghost from Halloween Shook'ums. Three bodies. One skeleton. One clock. Minted on Abstract.,4419.gif,Dusk,Void,Angry,Flower,Pearls,Pumpkin
4420,Shook'um #4420,A looping sheet ghost from Halloween Shook'ums. Three bodies. One skeleton. One clock. Minted on Abstract.,4420.gif,Graveyard,Blush,Sleepy,Flower,None,Potion
4421,Shook'um #4421,A looping sheet ghost from Halloween Shook'ums. Three bodies. One skeleton. One clock. Minted on Abstract.,4421.gif,Candy,Classic,Normal,Cat Ears,Bowtie,Bat
4422,Shook'um #4422,A looping sheet ghost from Halloween Shook'ums. Three bodies. One skeleton. One clock. Minted on Abstract.,4422.gif,Candy,Void,Spooked,Cat Ears,Scarf,Pumpkin
4423,Shook'um #4423,A looping sheet ghost from Halloween Shook'ums. Three bodies. One skeleton. One clock. Minted on Abstract.,4423.gif,Blush,Blush,Blep,Wizard,Bowtie,Broom
4424,Shook'um #4424,A looping sheet ghost from Halloween Shook'ums. Three bodies. One skeleton. One clock. Minted on Abstract.,4424.gif,Parchment,Blush,Wink,None,Chain,Potion
4425,Shook'um #4425,A looping sheet ghost from Halloween Shook'ums. Three bodies. One skeleton. One clock. Minted on Abstract.,4425.gif,Fog,Blush,Sparkly,Witch,None,Pumpkin
4426,Shook'um #4426,A looping sheet ghost from Halloween Shook'ums. Three bodies. One skeleton. One clock. Minted on Abstract.,4426.gif,Parchment,Classic,Spooked,Witch,None,Broom
4427,Shook'um #4427,A looping sheet ghost from Halloween Shook'ums. Three bodies. One skeleton. One clock. Minted on Abstract.,4427.gif,Pumpkin,Classic,Normal,Flower,None,None
4428,Shook'um #4428,A looping sheet ghost from Halloween Shook'ums. Three bodies. One skeleton. One clock. Minted on Abstract.,4428.gif,Void,Classic,Heart,Cat Ears,Pearls,Pumpkin
4429,Shook'um #4429,A looping sheet ghost from Halloween Shook'ums. Three bodies. One skeleton. One clock. Minted on Abstract.,4429.gif,Parchment,Classic,Spooked,Party,Bowtie,Pumpkin
4430,Shook'um #4430,A looping sheet ghost from Halloween Shook'ums. Three bodies. One skeleton. One clock. Minted on Abstract.,4430.gif,Blush,Blush,Blep,Cat Ears,None,None
4431,Shook'um #4431,A looping sheet ghost from Halloween Shook'ums. Three bodies. One skeleton. One clock. Minted on Abstract.,4431.gif,Blush,Classic,Normal,Bow,None,Broom
4432,Shook'um #4432,A looping sheet ghost from Halloween Shook'ums. Three bodies. One skeleton. One clock. Minted on Abstract.,4432.gif,Parchment,Blush,Normal,Cat Ears,Pearls,None
4433,Shook'um #4433,A looping sheet ghost from Halloween Shook'ums. Three bodies. One skeleton. One clock. Minted on Abstract.,4433.gif,Blood Moon,Classic,Spooked,Flower,Pearls,Candy Corn
4434,Shook'um #4434,A looping sheet ghost from Halloween Shook'ums. Three bodies. One skeleton. One clock. Minted on Abstract.,4434.gif,Blush,Blush,Wink,Halo,Pearls,Broom
4435,Shook'um #4435,A looping sheet ghost from Halloween Shook'ums. Three bodies. One skeleton. One clock. Minted on Abstract.,4435.gif,Dusk,Classic,Blep,Cat Ears,None,Pumpkin
4436,Shook'um #4436,A looping sheet ghost from Halloween Shook'ums. Three bodies. One skeleton. One clock. Minted on Abstract.,4436.gif,Void,Classic,Spooked,Wizard,Scarf,Candy Corn
4437,Shook'um #4437,A looping sheet ghost from Halloween Shook'ums. Three bodies. One skeleton. One clock. Minted on Abstract.,4437.gif,Parchment,Void,Normal,Witch,Bowtie,Bat
4438,Shook'um #4438,A looping sheet ghost from Halloween Shook'ums. Three bodies. One skeleton. One clock. Minted on Abstract.,4438.gif,Dusk,Blush,Sleepy,Party,Chain,None
4439,Shook'um #4439,A looping sheet ghost from Halloween Shook'ums. Three bodies. One skeleton. One clock. Minted on Abstract.,4439.gif,Void,Blush,Spooked,Pumpkin,Bowtie,Candy Corn
4440,Shook'um #4440,A looping sheet ghost from Halloween Shook'ums. Three bodies. One skeleton. One clock. Minted on Abstract.,4440.gif,Parchment,Classic,Starry,Bow,None,Pumpkin
4441,Shook'um #4441,A looping sheet ghost from Halloween Shook'ums. Three bodies. One skeleton. One clock. Minted on Abstract.,4441.gif,Midnight,Classic,Starry,Flower,Collar,None
4442,Shook'um #4442,A looping sheet ghost from Halloween Shook'ums. Three bodies. One skeleton. One clock. Minted on Abstract.,4442.gif,Void,Classic,Normal,None,Pearls,Bat
4443,Shook'um #4443,A looping sheet ghost from Halloween Shook'ums. Three bodies. One skeleton. One clock. Minted on Abstract.,4443.gif,Blush,Blush,Normal,None,Pearls,None
4444,Shook'um #4444,A looping sheet ghost from Halloween Shook'ums. Three bodies. One skeleton. One clock. Minted on Abstract.,4444.gif,Fog,Classic,Spooked,Witch,None,Moon
4445,Shook'um #4445,A looping sheet ghost from Halloween Shook'ums. Three bodies. One skeleton. One clock. Minted on Abstract.,4445.gif,Parchment,Blush,Blep,Halo,Chain,Potion
4446,Shook'um #4446,A looping sheet ghost from Halloween Shook'ums. Three bodies. One skeleton. One clock. Minted on Abstract.,4446.gif,Graveyard,Void,Normal,None,Cape,None
4447,Shook'um #4447,A looping sheet ghost from Halloween Shook'ums. Three bodies. One skeleton. One clock. Minted on Abstract.,4447.gif,Blood Moon,Classic,Blep,Halo,None,None
4448,Shook'um #4448,A looping sheet ghost from Halloween Shook'ums. Three bodies. One skeleton. One clock. Minted on Abstract.,4448.gif,Pumpkin,Blush,Sparkly,Witch,Scarf,Broom
4449,Shook'um #4449,A looping sheet ghost from Halloween Shook'ums. Three bodies. One skeleton. One clock. Minted on Abstract.,4449.gif,Midnight,Classic,Angry,None,Collar,Potion
4450,Shook'um #4450,A looping sheet ghost from Halloween Shook'ums. Three bodies. One skeleton. One clock. Minted on Abstract.,4450.gif,Graveyard,Blush,Wink,Bow,None,None
4451,Shook'um #4451,A looping sheet ghost from Halloween Shook'ums. Three bodies. One skeleton. One clock. Minted on Abstract.,4451.gif,Blood Moon,Blush,Wink,Wizard,Scarf,None
4452,Shook'um #4452,A looping sheet ghost from Halloween Shook'ums. Three bodies. One skeleton. One clock. Minted on Abstract.,4452.gif,Fog,Blush,Wink,Witch,Chain,Potion
4453,Shook'um #4453,A looping sheet ghost from Halloween Shook'ums. Three bodies. One skeleton. One clock. Minted on Abstract.,4453.gif,Blush,Classic,Blep,Crown,Collar,Pumpkin
4454,Shook'um #4454,A looping sheet ghost from Halloween Shook'ums. Three bodies. One skeleton. One clock. Minted on Abstract.,4454.gif,Graveyard,Classic,Normal,Pumpkin,Chain,None
4455,Shook'um #4455,A looping sheet ghost from Halloween Shook'ums. Three bodies. One skeleton. One clock. Minted on Abstract.,4455.gif,Fog,Classic,Heart,Cat Ears,Cape,Bat
4456,Shook'um #4456,A looping sheet ghost from Halloween Shook'ums. Three bodies. One skeleton. One clock. Minted on Abstract.,4456.gif,Parchment,Classic,Sparkly,Cat Ears,Pearls,None
4457,Shook'um #4457,A looping sheet ghost from Halloween Shook'ums. Three bodies. One skeleton. One clock. Minted on Abstract.,4457.gif,Graveyard,Classic,Spooked,None,None,Pumpkin
4458,Shook'um #4458,A looping sheet ghost from Halloween Shook'ums. Three bodies. One skeleton. One clock. Minted on Abstract.,4458.gif,Midnight,Classic,Sparkly,None,None,Candy
4459,Shook'um #4459,A looping sheet ghost from Halloween Shook'ums. Three bodies. One skeleton. One clock. Minted on Abstract.,4459.gif,Blood Moon,Blush,Angry,Pumpkin,Cape,Moon
4460,Shook'um #4460,A looping sheet ghost from Halloween Shook'ums. Three bodies. One skeleton. One clock. Minted on Abstract.,4460.gif,Graveyard,Void,Sleepy,Crown,None,Pumpkin
4461,Shook'um #4461,A looping sheet ghost from Halloween Shook'ums. Three bodies. One skeleton. One clock. Minted on Abstract.,4461.gif,Fog,Void,Wink,Cat Ears,Bowtie,Broom
4462,Shook'um #4462,A looping sheet ghost from Halloween Shook'ums. Three bodies. One skeleton. One clock. Minted on Abstract.,4462.gif,Midnight,Classic,Spooked,Pumpkin,Collar,Potion
4463,Shook'um #4463,A looping sheet ghost from Halloween Shook'ums. Three bodies. One skeleton. One clock. Minted on Abstract.,4463.gif,Blood Moon,Classic,Spooked,None,None,None
4464,Shook'um #4464,A looping sheet ghost from Halloween Shook'ums. Three bodies. One skeleton. One clock. Minted on Abstract.,4464.gif,Midnight,Classic,Blep,Witch,Scarf,None
4465,Shook'um #4465,A looping sheet ghost from Halloween Shook'ums. Three bodies. One skeleton. One clock. Minted on Abstract.,4465.gif,Pumpkin,Classic,Sleepy,Bow,Pearls,None
4466,Shook'um #4466,A looping sheet ghost from Halloween Shook'ums. Three bodies. One skeleton. One clock. Minted on Abstract.,4466.gif,Dusk,Classic,Spooked,Wizard,Pearls,None
4467,Shook'um #4467,A looping sheet ghost from Halloween Shook'ums. Three bodies. One skeleton. One clock. Minted on Abstract.,4467.gif,Dusk,Blush,Spooked,Halo,None,None
4468,Shook'um #4468,A looping sheet ghost from Halloween Shook'ums. Three bodies. One skeleton. One clock. Minted on Abstract.,4468.gif,Fog,Classic,Sleepy,Pumpkin,Pearls,Potion
4469,Shook'um #4469,A looping sheet ghost from Halloween Shook'ums. Three bodies. One skeleton. One clock. Minted on Abstract.,4469.gif,Pumpkin,Classic,Sparkly,None,Chain,None
4470,Shook'um #4470,A looping sheet ghost from Halloween Shook'ums. Three bodies. One skeleton. One clock. Minted on Abstract.,4470.gif,Blush,Classic,Sad,Bow,Pearls,Potion
4471,Shook'um #4471,A looping sheet ghost from Halloween Shook'ums. Three bodies. One skeleton. One clock. Minted on Abstract.,4471.gif,Candy,Classic,Starry,None,None,None
4472,Shook'um #4472,A looping sheet ghost from Halloween Shook'ums. Three bodies. One skeleton. One clock. Minted on Abstract.,4472.gif,Candy,Blush,Angry,Crown,Chain,Candy Corn
4473,Shook'um #4473,A looping sheet ghost from Halloween Shook'ums. Three bodies. One skeleton. One clock. Minted on Abstract.,4473.gif,Candy,Blush,Angry,None,Cape,Bat
4474,Shook'um #4474,A looping sheet ghost from Halloween Shook'ums. Three bodies. One skeleton. One clock. Minted on Abstract.,4474.gif,Pumpkin,Classic,Sleepy,Witch,Chain,Broom
4475,Shook'um #4475,A looping sheet ghost from Halloween Shook'ums. Three bodies. One skeleton. One clock. Minted on Abstract.,4475.gif,Blood Moon,Classic,Normal,Halo,Bowtie,Potion
4476,Shook'um #4476,A looping sheet ghost from Halloween Shook'ums. Three bodies. One skeleton. One clock. Minted on Abstract.,4476.gif,Candy,Classic,Normal,None,Pearls,Bat
4477,Shook'um #4477,A looping sheet ghost from Halloween Shook'ums. Three bodies. One skeleton. One clock. Minted on Abstract.,4477.gif,Blush,Classic,Blep,Bow,Chain,None
4478,Shook'um #4478,A looping sheet ghost from Halloween Shook'ums. Three bodies. One skeleton. One clock. Minted on Abstract.,4478.gif,Candy,Classic,Angry,None,Chain,None
4479,Shook'um #4479,A looping sheet ghost from Halloween Shook'ums. Three bodies. One skeleton. One clock. Minted on Abstract.,4479.gif,Void,Classic,Spooked,None,Scarf,None
4480,Shook'um #4480,A looping sheet ghost from Halloween Shook'ums. Three bodies. One skeleton. One clock. Minted on Abstract.,4480.gif,Blush,Classic,Normal,None,Pearls,Candy
4481,Shook'um #4481,A looping sheet ghost from Halloween Shook'ums. Three bodies. One skeleton. One clock. Minted on Abstract.,4481.gif,Parchment,Classic,Blep,Witch,None,Pumpkin
4482,Shook'um #4482,A looping sheet ghost from Halloween Shook'ums. Three bodies. One skeleton. One clock. Minted on Abstract.,4482.gif,Candy,Classic,Starry,Crown,Bowtie,None
4483,Shook'um #4483,A looping sheet ghost from Halloween Shook'ums. Three bodies. One skeleton. One clock. Minted on Abstract.,4483.gif,Parchment,Void,Normal,Bow,None,Candy
4484,Shook'um #4484,A looping sheet ghost from Halloween Shook'ums. Three bodies. One skeleton. One clock. Minted on Abstract.,4484.gif,Fog,Classic,Blep,Halo,Chain,None
4485,Shook'um #4485,A looping sheet ghost from Halloween Shook'ums. Three bodies. One skeleton. One clock. Minted on Abstract.,4485.gif,Graveyard,Blush,Sparkly,Party,Scarf,Pumpkin
4486,Shook'um #4486,A looping sheet ghost from Halloween Shook'ums. Three bodies. One skeleton. One clock. Minted on Abstract.,4486.gif,Midnight,Classic,Normal,None,Chain,Potion
4487,Shook'um #4487,A looping sheet ghost from Halloween Shook'ums. Three bodies. One skeleton. One clock. Minted on Abstract.,4487.gif,Candy,Classic,Wink,Flower,Collar,Pumpkin
4488,Shook'um #4488,A looping sheet ghost from Halloween Shook'ums. Three bodies. One skeleton. One clock. Minted on Abstract.,4488.gif,Blush,Void,Blep,Pumpkin,Chain,None
4489,Shook'um #4489,A looping sheet ghost from Halloween Shook'ums. Three bodies. One skeleton. One clock. Minted on Abstract.,4489.gif,Parchment,Classic,Normal,None,Scarf,Candy Corn
4490,Shook'um #4490,A looping sheet ghost from Halloween Shook'ums. Three bodies. One skeleton. One clock. Minted on Abstract.,4490.gif,Parchment,Void,Blep,Halo,None,Pumpkin
4491,Shook'um #4491,A looping sheet ghost from Halloween Shook'ums. Three bodies. One skeleton. One clock. Minted on Abstract.,4491.gif,Blood Moon,Classic,Starry,Bow,Scarf,Bat
4492,Shook'um #4492,A looping sheet ghost from Halloween Shook'ums. Three bodies. One skeleton. One clock. Minted on Abstract.,4492.gif,Blush,Classic,Blep,Pumpkin,Pearls,Candy Corn
4493,Shook'um #4493,A looping sheet ghost from Halloween Shook'ums. Three bodies. One skeleton. One clock. Minted on Abstract.,4493.gif,Fog,Void,Normal,Pumpkin,Scarf,Bat
4494,Shook'um #4494,A looping sheet ghost from Halloween Shook'ums. Three bodies. One skeleton. One clock. Minted on Abstract.,4494.gif,Blood Moon,Classic,Normal,Witch,None,None
4495,Shook'um #4495,A looping sheet ghost from Halloween Shook'ums. Three bodies. One skeleton. One clock. Minted on Abstract.,4495.gif,Blush,Classic,Wink,Wizard,Scarf,None
4496,Shook'um #4496,A looping sheet ghost from Halloween Shook'ums. Three bodies. One skeleton. One clock. Minted on Abstract.,4496.gif,Dusk,Classic,Spooked,Party,Bowtie,Moon
4497,Shook'um #4497,A looping sheet ghost from Halloween Shook'ums. Three bodies. One skeleton. One clock. Minted on Abstract.,4497.gif,Void,Void,Normal,Pumpkin,Scarf,Candy
4498,Shook'um #4498,A looping sheet ghost from Halloween Shook'ums. Three bodies. One skeleton. One clock. Minted on Abstract.,4498.gif,Fog,Blush,Sad,Pumpkin,Scarf,Bat
4499,Shook'um #4499,A looping sheet ghost from Halloween Shook'ums. Three bodies. One skeleton. One clock. Minted on Abstract.,4499.gif,Candy,Classic,Wink,Cat Ears,Scarf,Broom
4500,Shook'um #4500,A looping sheet ghost from Halloween Shook'ums. Three bodies. One skeleton. One clock. Minted on Abstract.,4500.gif,Blush,Blush,Sparkly,Witch,None,Pumpkin
4501,Shook'um #4501,A looping sheet ghost from Halloween Shook'ums. Three bodies. One skeleton. One clock. Minted on Abstract.,4501.gif,Midnight,Classic,Sparkly,Pumpkin,Pearls,Pumpkin
4502,Shook'um #4502,A looping sheet ghost from Halloween Shook'ums. Three bodies. One skeleton. One clock. Minted on Abstract.,4502.gif,Midnight,Classic,Sad,Cat Ears,None,None
4503,Shook'um #4503,A looping sheet ghost from Halloween Shook'ums. Three bodies. One skeleton. One clock. Minted on Abstract.,4503.gif,Candy,Classic,Starry,Pumpkin,None,None
4504,Shook'um #4504,A looping sheet ghost from Halloween Shook'ums. Three bodies. One skeleton. One clock. Minted on Abstract.,4504.gif,Blush,Void,Normal,Cat Ears,Cape,None
4505,Shook'um #4505,A looping sheet ghost from Halloween Shook'ums. Three bodies. One skeleton. One clock. Minted on Abstract.,4505.gif,Candy,Classic,Angry,Cat Ears,Scarf,Candy
4506,Shook'um #4506,A looping sheet ghost from Halloween Shook'ums. Three bodies. One skeleton. One clock. Minted on Abstract.,4506.gif,Parchment,Void,Starry,None,Bowtie,Broom
4507,Shook'um #4507,A looping sheet ghost from Halloween Shook'ums. Three bodies. One skeleton. One clock. Minted on Abstract.,4507.gif,Pumpkin,Blush,Sleepy,None,None,Potion
4508,Shook'um #4508,A looping sheet ghost from Halloween Shook'ums. Three bodies. One skeleton. One clock. Minted on Abstract.,4508.gif,Parchment,Classic,Sleepy,Cat Ears,Chain,None
4509,Shook'um #4509,A looping sheet ghost from Halloween Shook'ums. Three bodies. One skeleton. One clock. Minted on Abstract.,4509.gif,Graveyard,Classic,Sad,Cat Ears,Cape,Candy Corn
4510,Shook'um #4510,A looping sheet ghost from Halloween Shook'ums. Three bodies. One skeleton. One clock. Minted on Abstract.,4510.gif,Blush,Classic,Normal,Bow,None,Candy
4511,Shook'um #4511,A looping sheet ghost from Halloween Shook'ums. Three bodies. One skeleton. One clock. Minted on Abstract.,4511.gif,Midnight,Classic,Blep,None,None,Candy Corn
4512,Shook'um #4512,A looping sheet ghost from Halloween Shook'ums. Three bodies. One skeleton. One clock. Minted on Abstract.,4512.gif,Graveyard,Void,Normal,None,None,Candy
4513,Shook'um #4513,A looping sheet ghost from Halloween Shook'ums. Three bodies. One skeleton. One clock. Minted on Abstract.,4513.gif,Blush,Classic,Spooked,Cat Ears,None,Candy
4514,Shook'um #4514,A looping sheet ghost from Halloween Shook'ums. Three bodies. One skeleton. One clock. Minted on Abstract.,4514.gif,Pumpkin,Blush,Sleepy,None,Chain,Candy
4515,Shook'um #4515,A looping sheet ghost from Halloween Shook'ums. Three bodies. One skeleton. One clock. Minted on Abstract.,4515.gif,Candy,Void,Wink,Pumpkin,Cape,Pumpkin
4516,Shook'um #4516,A looping sheet ghost from Halloween Shook'ums. Three bodies. One skeleton. One clock. Minted on Abstract.,4516.gif,Blush,Blush,Normal,Bow,Collar,None
4517,Shook'um #4517,A looping sheet ghost from Halloween Shook'ums. Three bodies. One skeleton. One clock. Minted on Abstract.,4517.gif,Midnight,Blush,Starry,Wizard,Pearls,Candy Corn
4518,Shook'um #4518,A looping sheet ghost from Halloween Shook'ums. Three bodies. One skeleton. One clock. Minted on Abstract.,4518.gif,Blush,Classic,Starry,None,Chain,Bat
4519,Shook'um #4519,A looping sheet ghost from Halloween Shook'ums. Three bodies. One skeleton. One clock. Minted on Abstract.,4519.gif,Pumpkin,Classic,Normal,Witch,None,Broom
4520,Shook'um #4520,A looping sheet ghost from Halloween Shook'ums. Three bodies. One skeleton. One clock. Minted on Abstract.,4520.gif,Blood Moon,Blush,Angry,Pumpkin,Cape,Candy
4521,Shook'um #4521,A looping sheet ghost from Halloween Shook'ums. Three bodies. One skeleton. One clock. Minted on Abstract.,4521.gif,Parchment,Classic,Sleepy,Cat Ears,None,Candy Corn
4522,Shook'um #4522,A looping sheet ghost from Halloween Shook'ums. Three bodies. One skeleton. One clock. Minted on Abstract.,4522.gif,Candy,Blush,Angry,Witch,Pearls,Broom
4523,Shook'um #4523,A looping sheet ghost from Halloween Shook'ums. Three bodies. One skeleton. One clock. Minted on Abstract.,4523.gif,Blush,Classic,Normal,Flower,Chain,Candy
4524,Shook'um #4524,A looping sheet ghost from Halloween Shook'ums. Three bodies. One skeleton. One clock. Minted on Abstract.,4524.gif,Blush,Void,Wink,Cat Ears,Pearls,Broom
4525,Shook'um #4525,A looping sheet ghost from Halloween Shook'ums. Three bodies. One skeleton. One clock. Minted on Abstract.,4525.gif,Midnight,Blush,Sleepy,None,Scarf,Broom
4526,Shook'um #4526,A looping sheet ghost from Halloween Shook'ums. Three bodies. One skeleton. One clock. Minted on Abstract.,4526.gif,Fog,Classic,Sleepy,Party,None,Moon
4527,Shook'um #4527,A looping sheet ghost from Halloween Shook'ums. Three bodies. One skeleton. One clock. Minted on Abstract.,4527.gif,Midnight,Void,Blep,None,None,Broom
4528,Shook'um #4528,A looping sheet ghost from Halloween Shook'ums. Three bodies. One skeleton. One clock. Minted on Abstract.,4528.gif,Blush,Classic,Sparkly,Flower,Pearls,Potion
4529,Shook'um #4529,A looping sheet ghost from Halloween Shook'ums. Three bodies. One skeleton. One clock. Minted on Abstract.,4529.gif,Blood Moon,Blush,Sparkly,Witch,None,None
4530,Shook'um #4530,A looping sheet ghost from Halloween Shook'ums. Three bodies. One skeleton. One clock. Minted on Abstract.,4530.gif,Fog,Classic,Angry,None,None,Bat
4531,Shook'um #4531,A looping sheet ghost from Halloween Shook'ums. Three bodies. One skeleton. One clock. Minted on Abstract.,4531.gif,Midnight,Classic,Spooked,Halo,Scarf,Potion
4532,Shook'um #4532,A looping sheet ghost from Halloween Shook'ums. Three bodies. One skeleton. One clock. Minted on Abstract.,4532.gif,Void,Blush,Normal,Party,Scarf,Bat
4533,Shook'um #4533,A looping sheet ghost from Halloween Shook'ums. Three bodies. One skeleton. One clock. Minted on Abstract.,4533.gif,Parchment,Classic,Normal,Cat Ears,Chain,None
4534,Shook'um #4534,A looping sheet ghost from Halloween Shook'ums. Three bodies. One skeleton. One clock. Minted on Abstract.,4534.gif,Pumpkin,Blush,Angry,None,Chain,Moon
4535,Shook'um #4535,A looping sheet ghost from Halloween Shook'ums. Three bodies. One skeleton. One clock. Minted on Abstract.,4535.gif,Graveyard,Void,Spooked,Flower,None,Broom
4536,Shook'um #4536,A looping sheet ghost from Halloween Shook'ums. Three bodies. One skeleton. One clock. Minted on Abstract.,4536.gif,Pumpkin,Blush,Sleepy,Bow,Bowtie,Bat
4537,Shook'um #4537,A looping sheet ghost from Halloween Shook'ums. Three bodies. One skeleton. One clock. Minted on Abstract.,4537.gif,Pumpkin,Blush,Spooked,Witch,None,Candy Corn
4538,Shook'um #4538,A looping sheet ghost from Halloween Shook'ums. Three bodies. One skeleton. One clock. Minted on Abstract.,4538.gif,Blush,Void,Spooked,Witch,Scarf,None
4539,Shook'um #4539,A looping sheet ghost from Halloween Shook'ums. Three bodies. One skeleton. One clock. Minted on Abstract.,4539.gif,Pumpkin,Void,Spooked,Wizard,Collar,None
4540,Shook'um #4540,A looping sheet ghost from Halloween Shook'ums. Three bodies. One skeleton. One clock. Minted on Abstract.,4540.gif,Midnight,Classic,Wink,Party,Scarf,Pumpkin
4541,Shook'um #4541,A looping sheet ghost from Halloween Shook'ums. Three bodies. One skeleton. One clock. Minted on Abstract.,4541.gif,Candy,Classic,Sleepy,Cat Ears,Scarf,None
4542,Shook'um #4542,A looping sheet ghost from Halloween Shook'ums. Three bodies. One skeleton. One clock. Minted on Abstract.,4542.gif,Dusk,Blush,Blep,Cat Ears,Collar,None
4543,Shook'um #4543,A looping sheet ghost from Halloween Shook'ums. Three bodies. One skeleton. One clock. Minted on Abstract.,4543.gif,Pumpkin,Classic,Sad,None,Chain,Broom
4544,Shook'um #4544,A looping sheet ghost from Halloween Shook'ums. Three bodies. One skeleton. One clock. Minted on Abstract.,4544.gif,Parchment,Void,Spooked,Cat Ears,Collar,Broom
4545,Shook'um #4545,A looping sheet ghost from Halloween Shook'ums. Three bodies. One skeleton. One clock. Minted on Abstract.,4545.gif,Fog,Classic,Spooked,None,None,None
4546,Shook'um #4546,A looping sheet ghost from Halloween Shook'ums. Three bodies. One skeleton. One clock. Minted on Abstract.,4546.gif,Midnight,Void,Angry,None,None,Candy
4547,Shook'um #4547,A looping sheet ghost from Halloween Shook'ums. Three bodies. One skeleton. One clock. Minted on Abstract.,4547.gif,Dusk,Blush,Heart,Halo,None,Potion
4548,Shook'um #4548,A looping sheet ghost from Halloween Shook'ums. Three bodies. One skeleton. One clock. Minted on Abstract.,4548.gif,Blood Moon,Classic,Wink,Flower,Pearls,None
4549,Shook'um #4549,A looping sheet ghost from Halloween Shook'ums. Three bodies. One skeleton. One clock. Minted on Abstract.,4549.gif,Blush,Classic,Spooked,Bow,None,Potion
4550,Shook'um #4550,A looping sheet ghost from Halloween Shook'ums. Three bodies. One skeleton. One clock. Minted on Abstract.,4550.gif,Blood Moon,Blush,Angry,Flower,Collar,Candy
4551,Shook'um #4551,A looping sheet ghost from Halloween Shook'ums. Three bodies. One skeleton. One clock. Minted on Abstract.,4551.gif,Midnight,Blush,Heart,Crown,Pearls,None
4552,Shook'um #4552,A looping sheet ghost from Halloween Shook'ums. Three bodies. One skeleton. One clock. Minted on Abstract.,4552.gif,Dusk,Classic,Sparkly,Party,None,None
4553,Shook'um #4553,A looping sheet ghost from Halloween Shook'ums. Three bodies. One skeleton. One clock. Minted on Abstract.,4553.gif,Graveyard,Blush,Normal,Witch,Bowtie,None
4554,Shook'um #4554,A looping sheet ghost from Halloween Shook'ums. Three bodies. One skeleton. One clock. Minted on Abstract.,4554.gif,Fog,Classic,Sleepy,Cat Ears,Collar,None
4555,Shook'um #4555,A looping sheet ghost from Halloween Shook'ums. Three bodies. One skeleton. One clock. Minted on Abstract.,4555.gif,Parchment,Void,Sleepy,Pumpkin,Pearls,Candy Corn
4556,Shook'um #4556,A looping sheet ghost from Halloween Shook'ums. Three bodies. One skeleton. One clock. Minted on Abstract.,4556.gif,Parchment,Void,Heart,Crown,None,Pumpkin
4557,Shook'um #4557,A looping sheet ghost from Halloween Shook'ums. Three bodies. One skeleton. One clock. Minted on Abstract.,4557.gif,Void,Void,Sad,None,None,None
4558,Shook'um #4558,A looping sheet ghost from Halloween Shook'ums. Three bodies. One skeleton. One clock. Minted on Abstract.,4558.gif,Blush,Void,Sad,None,None,Candy
4559,Shook'um #4559,A looping sheet ghost from Halloween Shook'ums. Three bodies. One skeleton. One clock. Minted on Abstract.,4559.gif,Dusk,Classic,Wink,Wizard,Chain,None
4560,Shook'um #4560,A looping sheet ghost from Halloween Shook'ums. Three bodies. One skeleton. One clock. Minted on Abstract.,4560.gif,Blood Moon,Void,Normal,Halo,Pearls,Candy
4561,Shook'um #4561,A looping sheet ghost from Halloween Shook'ums. Three bodies. One skeleton. One clock. Minted on Abstract.,4561.gif,Parchment,Classic,Heart,Witch,Chain,Pumpkin
4562,Shook'um #4562,A looping sheet ghost from Halloween Shook'ums. Three bodies. One skeleton. One clock. Minted on Abstract.,4562.gif,Candy,Classic,Sparkly,Bow,None,None
4563,Shook'um #4563,A looping sheet ghost from Halloween Shook'ums. Three bodies. One skeleton. One clock. Minted on Abstract.,4563.gif,Parchment,Blush,Blep,Wizard,Chain,Potion
4564,Shook'um #4564,A looping sheet ghost from Halloween Shook'ums. Three bodies. One skeleton. One clock. Minted on Abstract.,4564.gif,Graveyard,Classic,Normal,Pumpkin,None,None
4565,Shook'um #4565,A looping sheet ghost from Halloween Shook'ums. Three bodies. One skeleton. One clock. Minted on Abstract.,4565.gif,Fog,Void,Starry,Cat Ears,None,Bat
4566,Shook'um #4566,A looping sheet ghost from Halloween Shook'ums. Three bodies. One skeleton. One clock. Minted on Abstract.,4566.gif,Candy,Classic,Sleepy,None,Chain,Moon
4567,Shook'um #4567,A looping sheet ghost from Halloween Shook'ums. Three bodies. One skeleton. One clock. Minted on Abstract.,4567.gif,Midnight,Classic,Sleepy,Party,Chain,Candy
4568,Shook'um #4568,A looping sheet ghost from Halloween Shook'ums. Three bodies. One skeleton. One clock. Minted on Abstract.,4568.gif,Dusk,Classic,Spooked,Witch,Pearls,Pumpkin
4569,Shook'um #4569,A looping sheet ghost from Halloween Shook'ums. Three bodies. One skeleton. One clock. Minted on Abstract.,4569.gif,Blush,Blush,Blep,Flower,None,Pumpkin
4570,Shook'um #4570,A looping sheet ghost from Halloween Shook'ums. Three bodies. One skeleton. One clock. Minted on Abstract.,4570.gif,Candy,Classic,Angry,Party,Scarf,Candy
4571,Shook'um #4571,A looping sheet ghost from Halloween Shook'ums. Three bodies. One skeleton. One clock. Minted on Abstract.,4571.gif,Dusk,Classic,Sparkly,Witch,None,None
4572,Shook'um #4572,A looping sheet ghost from Halloween Shook'ums. Three bodies. One skeleton. One clock. Minted on Abstract.,4572.gif,Fog,Classic,Normal,Halo,None,None
4573,Shook'um #4573,A looping sheet ghost from Halloween Shook'ums. Three bodies. One skeleton. One clock. Minted on Abstract.,4573.gif,Graveyard,Blush,Sleepy,None,None,Candy Corn
4574,Shook'um #4574,A looping sheet ghost from Halloween Shook'ums. Three bodies. One skeleton. One clock. Minted on Abstract.,4574.gif,Graveyard,Void,Sleepy,Pumpkin,None,Pumpkin
4575,Shook'um #4575,A looping sheet ghost from Halloween Shook'ums. Three bodies. One skeleton. One clock. Minted on Abstract.,4575.gif,Blush,Classic,Blep,Witch,None,Potion
4576,Shook'um #4576,A looping sheet ghost from Halloween Shook'ums. Three bodies. One skeleton. One clock. Minted on Abstract.,4576.gif,Candy,Classic,Spooked,None,None,Broom
4577,Shook'um #4577,A looping sheet ghost from Halloween Shook'ums. Three bodies. One skeleton. One clock. Minted on Abstract.,4577.gif,Blush,Classic,Sleepy,Halo,Bowtie,Bat
4578,Shook'um #4578,A looping sheet ghost from Halloween Shook'ums. Three bodies. One skeleton. One clock. Minted on Abstract.,4578.gif,Blush,Classic,Heart,Flower,Chain,Moon
4579,Shook'um #4579,A looping sheet ghost from Halloween Shook'ums. Three bodies. One skeleton. One clock. Minted on Abstract.,4579.gif,Blush,Void,Normal,None,None,Candy Corn
4580,Shook'um #4580,A looping sheet ghost from Halloween Shook'ums. Three bodies. One skeleton. One clock. Minted on Abstract.,4580.gif,Void,Classic,Normal,Cat Ears,Cape,Bat
4581,Shook'um #4581,A looping sheet ghost from Halloween Shook'ums. Three bodies. One skeleton. One clock. Minted on Abstract.,4581.gif,Fog,Blush,Spooked,Crown,Scarf,Candy Corn
4582,Shook'um #4582,A looping sheet ghost from Halloween Shook'ums. Three bodies. One skeleton. One clock. Minted on Abstract.,4582.gif,Pumpkin,Classic,Sleepy,Bow,Collar,Moon
4583,Shook'um #4583,A looping sheet ghost from Halloween Shook'ums. Three bodies. One skeleton. One clock. Minted on Abstract.,4583.gif,Candy,Classic,Wink,None,Scarf,None
4584,Shook'um #4584,A looping sheet ghost from Halloween Shook'ums. Three bodies. One skeleton. One clock. Minted on Abstract.,4584.gif,Candy,Classic,Wink,None,Cape,Broom
4585,Shook'um #4585,A looping sheet ghost from Halloween Shook'ums. Three bodies. One skeleton. One clock. Minted on Abstract.,4585.gif,Blush,Classic,Blep,Cat Ears,Chain,Pumpkin
4586,Shook'um #4586,A looping sheet ghost from Halloween Shook'ums. Three bodies. One skeleton. One clock. Minted on Abstract.,4586.gif,Blush,Blush,Blep,Crown,Collar,Candy
4587,Shook'um #4587,A looping sheet ghost from Halloween Shook'ums. Three bodies. One skeleton. One clock. Minted on Abstract.,4587.gif,Blush,Classic,Angry,Witch,None,Candy
4588,Shook'um #4588,A looping sheet ghost from Halloween Shook'ums. Three bodies. One skeleton. One clock. Minted on Abstract.,4588.gif,Fog,Classic,Angry,None,None,Candy
4589,Shook'um #4589,A looping sheet ghost from Halloween Shook'ums. Three bodies. One skeleton. One clock. Minted on Abstract.,4589.gif,Candy,Classic,Normal,None,Pearls,Broom
4590,Shook'um #4590,A looping sheet ghost from Halloween Shook'ums. Three bodies. One skeleton. One clock. Minted on Abstract.,4590.gif,Void,Classic,Blep,Pumpkin,Bowtie,None
4591,Shook'um #4591,A looping sheet ghost from Halloween Shook'ums. Three bodies. One skeleton. One clock. Minted on Abstract.,4591.gif,Fog,Classic,Spooked,Flower,Scarf,None
4592,Shook'um #4592,A looping sheet ghost from Halloween Shook'ums. Three bodies. One skeleton. One clock. Minted on Abstract.,4592.gif,Parchment,Void,Normal,Wizard,None,Bat
4593,Shook'um #4593,A looping sheet ghost from Halloween Shook'ums. Three bodies. One skeleton. One clock. Minted on Abstract.,4593.gif,Blush,Classic,Wink,Cat Ears,Scarf,Pumpkin
4594,Shook'um #4594,A looping sheet ghost from Halloween Shook'ums. Three bodies. One skeleton. One clock. Minted on Abstract.,4594.gif,Void,Blush,Starry,None,Chain,None
4595,Shook'um #4595,A looping sheet ghost from Halloween Shook'ums. Three bodies. One skeleton. One clock. Minted on Abstract.,4595.gif,Pumpkin,Classic,Starry,Bow,Scarf,Broom
4596,Shook'um #4596,A looping sheet ghost from Halloween Shook'ums. Three bodies. One skeleton. One clock. Minted on Abstract.,4596.gif,Blush,Classic,Blep,Pumpkin,Cape,Pumpkin
4597,Shook'um #4597,A looping sheet ghost from Halloween Shook'ums. Three bodies. One skeleton. One clock. Minted on Abstract.,4597.gif,Parchment,Classic,Normal,Bow,None,Moon
4598,Shook'um #4598,A looping sheet ghost from Halloween Shook'ums. Three bodies. One skeleton. One clock. Minted on Abstract.,4598.gif,Dusk,Classic,Blep,None,Bowtie,Candy Corn
4599,Shook'um #4599,A looping sheet ghost from Halloween Shook'ums. Three bodies. One skeleton. One clock. Minted on Abstract.,4599.gif,Midnight,Blush,Sleepy,None,Collar,None
4600,Shook'um #4600,A looping sheet ghost from Halloween Shook'ums. Three bodies. One skeleton. One clock. Minted on Abstract.,4600.gif,Parchment,Classic,Normal,Bow,None,Pumpkin
4601,Shook'um #4601,A looping sheet ghost from Halloween Shook'ums. Three bodies. One skeleton. One clock. Minted on Abstract.,4601.gif,Fog,Blush,Blep,Flower,None,Candy
4602,Shook'um #4602,A looping sheet ghost from Halloween Shook'ums. Three bodies. One skeleton. One clock. Minted on Abstract.,4602.gif,Parchment,Void,Blep,Flower,Cape,Candy Corn
4603,Shook'um #4603,A looping sheet ghost from Halloween Shook'ums. Three bodies. One skeleton. One clock. Minted on Abstract.,4603.gif,Blush,Classic,Blep,Party,Chain,Moon
4604,Shook'um #4604,A looping sheet ghost from Halloween Shook'ums. Three bodies. One skeleton. One clock. Minted on Abstract.,4604.gif,Midnight,Classic,Angry,None,Collar,Bat
4605,Shook'um #4605,A looping sheet ghost from Halloween Shook'ums. Three bodies. One skeleton. One clock. Minted on Abstract.,4605.gif,Candy,Classic,Angry,Halo,Scarf,None
4606,Shook'um #4606,A looping sheet ghost from Halloween Shook'ums. Three bodies. One skeleton. One clock. Minted on Abstract.,4606.gif,Parchment,Void,Starry,None,None,Candy
4607,Shook'um #4607,A looping sheet ghost from Halloween Shook'ums. Three bodies. One skeleton. One clock. Minted on Abstract.,4607.gif,Parchment,Classic,Sad,Cat Ears,Bowtie,Potion
4608,Shook'um #4608,A looping sheet ghost from Halloween Shook'ums. Three bodies. One skeleton. One clock. Minted on Abstract.,4608.gif,Pumpkin,Classic,Sparkly,Flower,None,Candy
4609,Shook'um #4609,A looping sheet ghost from Halloween Shook'ums. Three bodies. One skeleton. One clock. Minted on Abstract.,4609.gif,Candy,Blush,Wink,Party,None,None
4610,Shook'um #4610,A looping sheet ghost from Halloween Shook'ums. Three bodies. One skeleton. One clock. Minted on Abstract.,4610.gif,Candy,Blush,Blep,Wizard,Chain,Pumpkin
4611,Shook'um #4611,A looping sheet ghost from Halloween Shook'ums. Three bodies. One skeleton. One clock. Minted on Abstract.,4611.gif,Void,Classic,Sparkly,None,Cape,Candy Corn
4612,Shook'um #4612,A looping sheet ghost from Halloween Shook'ums. Three bodies. One skeleton. One clock. Minted on Abstract.,4612.gif,Graveyard,Blush,Normal,Flower,Pearls,Pumpkin
4613,Shook'um #4613,A looping sheet ghost from Halloween Shook'ums. Three bodies. One skeleton. One clock. Minted on Abstract.,4613.gif,Midnight,Classic,Blep,Bow,Cape,None
4614,Shook'um #4614,A looping sheet ghost from Halloween Shook'ums. Three bodies. One skeleton. One clock. Minted on Abstract.,4614.gif,Blood Moon,Classic,Starry,None,Bowtie,Pumpkin
4615,Shook'um #4615,A looping sheet ghost from Halloween Shook'ums. Three bodies. One skeleton. One clock. Minted on Abstract.,4615.gif,Blush,Void,Sleepy,Party,Scarf,None
4616,Shook'um #4616,A looping sheet ghost from Halloween Shook'ums. Three bodies. One skeleton. One clock. Minted on Abstract.,4616.gif,Dusk,Classic,Sleepy,Cat Ears,Chain,Moon
4617,Shook'um #4617,A looping sheet ghost from Halloween Shook'ums. Three bodies. One skeleton. One clock. Minted on Abstract.,4617.gif,Midnight,Void,Normal,Pumpkin,None,Potion
4618,Shook'um #4618,A looping sheet ghost from Halloween Shook'ums. Three bodies. One skeleton. One clock. Minted on Abstract.,4618.gif,Dusk,Void,Blep,None,None,None
4619,Shook'um #4619,A looping sheet ghost from Halloween Shook'ums. Three bodies. One skeleton. One clock. Minted on Abstract.,4619.gif,Graveyard,Classic,Sleepy,None,Pearls,Candy
4620,Shook'um #4620,A looping sheet ghost from Halloween Shook'ums. Three bodies. One skeleton. One clock. Minted on Abstract.,4620.gif,Pumpkin,Classic,Angry,Wizard,None,Bat
4621,Shook'um #4621,A looping sheet ghost from Halloween Shook'ums. Three bodies. One skeleton. One clock. Minted on Abstract.,4621.gif,Candy,Blush,Starry,None,Bowtie,None
4622,Shook'um #4622,A looping sheet ghost from Halloween Shook'ums. Three bodies. One skeleton. One clock. Minted on Abstract.,4622.gif,Blood Moon,Classic,Spooked,Cat Ears,Pearls,Moon
4623,Shook'um #4623,A looping sheet ghost from Halloween Shook'ums. Three bodies. One skeleton. One clock. Minted on Abstract.,4623.gif,Blood Moon,Classic,Wink,None,None,Broom
4624,Shook'um #4624,A looping sheet ghost from Halloween Shook'ums. Three bodies. One skeleton. One clock. Minted on Abstract.,4624.gif,Blood Moon,Classic,Blep,Bow,Collar,None
4625,Shook'um #4625,A looping sheet ghost from Halloween Shook'ums. Three bodies. One skeleton. One clock. Minted on Abstract.,4625.gif,Blood Moon,Classic,Spooked,None,Scarf,Candy
4626,Shook'um #4626,A looping sheet ghost from Halloween Shook'ums. Three bodies. One skeleton. One clock. Minted on Abstract.,4626.gif,Fog,Classic,Sleepy,None,Scarf,Moon
4627,Shook'um #4627,A looping sheet ghost from Halloween Shook'ums. Three bodies. One skeleton. One clock. Minted on Abstract.,4627.gif,Fog,Void,Sleepy,Flower,Chain,None
4628,Shook'um #4628,A looping sheet ghost from Halloween Shook'ums. Three bodies. One skeleton. One clock. Minted on Abstract.,4628.gif,Pumpkin,Void,Normal,Witch,Scarf,Bat
4629,Shook'um #4629,A looping sheet ghost from Halloween Shook'ums. Three bodies. One skeleton. One clock. Minted on Abstract.,4629.gif,Blush,Classic,Spooked,Cat Ears,Bowtie,Potion
4630,Shook'um #4630,A looping sheet ghost from Halloween Shook'ums. Three bodies. One skeleton. One clock. Minted on Abstract.,4630.gif,Candy,Classic,Blep,Cat Ears,Chain,Bat
4631,Shook'um #4631,A looping sheet ghost from Halloween Shook'ums. Three bodies. One skeleton. One clock. Minted on Abstract.,4631.gif,Blood Moon,Classic,Blep,Wizard,None,None
4632,Shook'um #4632,A looping sheet ghost from Halloween Shook'ums. Three bodies. One skeleton. One clock. Minted on Abstract.,4632.gif,Fog,Blush,Spooked,Pumpkin,Pearls,None
4633,Shook'um #4633,A looping sheet ghost from Halloween Shook'ums. Three bodies. One skeleton. One clock. Minted on Abstract.,4633.gif,Blood Moon,Blush,Sparkly,Party,Pearls,Broom
4634,Shook'um #4634,A looping sheet ghost from Halloween Shook'ums. Three bodies. One skeleton. One clock. Minted on Abstract.,4634.gif,Blush,Classic,Sad,None,Pearls,Broom
4635,Shook'um #4635,A looping sheet ghost from Halloween Shook'ums. Three bodies. One skeleton. One clock. Minted on Abstract.,4635.gif,Graveyard,Classic,Normal,None,None,Candy
4636,Shook'um #4636,A looping sheet ghost from Halloween Shook'ums. Three bodies. One skeleton. One clock. Minted on Abstract.,4636.gif,Midnight,Classic,Blep,Crown,Pearls,Broom
4637,Shook'um #4637,A looping sheet ghost from Halloween Shook'ums. Three bodies. One skeleton. One clock. Minted on Abstract.,4637.gif,Pumpkin,Classic,Spooked,None,None,None
4638,Shook'um #4638,A looping sheet ghost from Halloween Shook'ums. Three bodies. One skeleton. One clock. Minted on Abstract.,4638.gif,Parchment,Blush,Wink,Witch,Scarf,Bat
4639,Shook'um #4639,A looping sheet ghost from Halloween Shook'ums. Three bodies. One skeleton. One clock. Minted on Abstract.,4639.gif,Blood Moon,Classic,Normal,Bow,Pearls,None
4640,Shook'um #4640,A looping sheet ghost from Halloween Shook'ums. Three bodies. One skeleton. One clock. Minted on Abstract.,4640.gif,Void,Void,Starry,Cat Ears,None,Pumpkin
4641,Shook'um #4641,A looping sheet ghost from Halloween Shook'ums. Three bodies. One skeleton. One clock. Minted on Abstract.,4641.gif,Dusk,Classic,Heart,Witch,None,Candy
4642,Shook'um #4642,A looping sheet ghost from Halloween Shook'ums. Three bodies. One skeleton. One clock. Minted on Abstract.,4642.gif,Parchment,Classic,Sparkly,Cat Ears,Chain,None
4643,Shook'um #4643,A looping sheet ghost from Halloween Shook'ums. Three bodies. One skeleton. One clock. Minted on Abstract.,4643.gif,Parchment,Classic,Spooked,Bow,Scarf,Broom
4644,Shook'um #4644,A looping sheet ghost from Halloween Shook'ums. Three bodies. One skeleton. One clock. Minted on Abstract.,4644.gif,Pumpkin,Classic,Angry,Wizard,Scarf,Candy Corn
4645,Shook'um #4645,A looping sheet ghost from Halloween Shook'ums. Three bodies. One skeleton. One clock. Minted on Abstract.,4645.gif,Pumpkin,Classic,Sleepy,Flower,None,Pumpkin
4646,Shook'um #4646,A looping sheet ghost from Halloween Shook'ums. Three bodies. One skeleton. One clock. Minted on Abstract.,4646.gif,Dusk,Classic,Sparkly,Cat Ears,Scarf,Candy Corn
4647,Shook'um #4647,A looping sheet ghost from Halloween Shook'ums. Three bodies. One skeleton. One clock. Minted on Abstract.,4647.gif,Pumpkin,Blush,Spooked,None,Pearls,None
4648,Shook'um #4648,A looping sheet ghost from Halloween Shook'ums. Three bodies. One skeleton. One clock. Minted on Abstract.,4648.gif,Blush,Classic,Angry,Pumpkin,Pearls,None
4649,Shook'um #4649,A looping sheet ghost from Halloween Shook'ums. Three bodies. One skeleton. One clock. Minted on Abstract.,4649.gif,Fog,Classic,Heart,Pumpkin,Collar,Bat
4650,Shook'um #4650,A looping sheet ghost from Halloween Shook'ums. Three bodies. One skeleton. One clock. Minted on Abstract.,4650.gif,Dusk,Blush,Sparkly,None,Scarf,Candy
4651,Shook'um #4651,A looping sheet ghost from Halloween Shook'ums. Three bodies. One skeleton. One clock. Minted on Abstract.,4651.gif,Graveyard,Blush,Normal,Flower,None,None
4652,Shook'um #4652,A looping sheet ghost from Halloween Shook'ums. Three bodies. One skeleton. One clock. Minted on Abstract.,4652.gif,Dusk,Classic,Sparkly,Party,Scarf,Broom
4653,Shook'um #4653,A looping sheet ghost from Halloween Shook'ums. Three bodies. One skeleton. One clock. Minted on Abstract.,4653.gif,Void,Classic,Sleepy,Cat Ears,None,None
4654,Shook'um #4654,A looping sheet ghost from Halloween Shook'ums. Three bodies. One skeleton. One clock. Minted on Abstract.,4654.gif,Midnight,Classic,Blep,Halo,Chain,None
4655,Shook'um #4655,A looping sheet ghost from Halloween Shook'ums. Three bodies. One skeleton. One clock. Minted on Abstract.,4655.gif,Blush,Classic,Blep,Cat Ears,Cape,Pumpkin
4656,Shook'um #4656,A looping sheet ghost from Halloween Shook'ums. Three bodies. One skeleton. One clock. Minted on Abstract.,4656.gif,Midnight,Classic,Sparkly,Party,Scarf,None
4657,Shook'um #4657,A looping sheet ghost from Halloween Shook'ums. Three bodies. One skeleton. One clock. Minted on Abstract.,4657.gif,Pumpkin,Classic,Starry,None,Bowtie,Candy Corn
4658,Shook'um #4658,A looping sheet ghost from Halloween Shook'ums. Three bodies. One skeleton. One clock. Minted on Abstract.,4658.gif,Parchment,Classic,Sparkly,Flower,Bowtie,Potion
4659,Shook'um #4659,A looping sheet ghost from Halloween Shook'ums. Three bodies. One skeleton. One clock. Minted on Abstract.,4659.gif,Blood Moon,Classic,Blep,Pumpkin,Bowtie,Pumpkin
4660,Shook'um #4660,A looping sheet ghost from Halloween Shook'ums. Three bodies. One skeleton. One clock. Minted on Abstract.,4660.gif,Candy,Blush,Starry,None,Chain,Potion
4661,Shook'um #4661,A looping sheet ghost from Halloween Shook'ums. Three bodies. One skeleton. One clock. Minted on Abstract.,4661.gif,Candy,Void,Normal,Pumpkin,Scarf,Bat
4662,Shook'um #4662,A looping sheet ghost from Halloween Shook'ums. Three bodies. One skeleton. One clock. Minted on Abstract.,4662.gif,Dusk,Void,Blep,None,None,Candy
4663,Shook'um #4663,A looping sheet ghost from Halloween Shook'ums. Three bodies. One skeleton. One clock. Minted on Abstract.,4663.gif,Graveyard,Classic,Blep,Bow,None,Candy
4664,Shook'um #4664,A looping sheet ghost from Halloween Shook'ums. Three bodies. One skeleton. One clock. Minted on Abstract.,4664.gif,Pumpkin,Classic,Normal,Wizard,Pearls,Candy
4665,Shook'um #4665,A looping sheet ghost from Halloween Shook'ums. Three bodies. One skeleton. One clock. Minted on Abstract.,4665.gif,Pumpkin,Classic,Spooked,Pumpkin,Chain,Candy
4666,Shook'um #4666,A looping sheet ghost from Halloween Shook'ums. Three bodies. One skeleton. One clock. Minted on Abstract.,4666.gif,Blush,Classic,Sleepy,Flower,Cape,Broom
4667,Shook'um #4667,A looping sheet ghost from Halloween Shook'ums. Three bodies. One skeleton. One clock. Minted on Abstract.,4667.gif,Dusk,Blush,Starry,None,Chain,Candy Corn
4668,Shook'um #4668,A looping sheet ghost from Halloween Shook'ums. Three bodies. One skeleton. One clock. Minted on Abstract.,4668.gif,Midnight,Void,Spooked,None,Pearls,Broom
4669,Shook'um #4669,A looping sheet ghost from Halloween Shook'ums. Three bodies. One skeleton. One clock. Minted on Abstract.,4669.gif,Midnight,Blush,Blep,None,Pearls,None
4670,Shook'um #4670,A looping sheet ghost from Halloween Shook'ums. Three bodies. One skeleton. One clock. Minted on Abstract.,4670.gif,Candy,Blush,Spooked,Witch,Cape,None
4671,Shook'um #4671,A looping sheet ghost from Halloween Shook'ums. Three bodies. One skeleton. One clock. Minted on Abstract.,4671.gif,Candy,Blush,Angry,Crown,Bowtie,Candy Corn
4672,Shook'um #4672,A looping sheet ghost from Halloween Shook'ums. Three bodies. One skeleton. One clock. Minted on Abstract.,4672.gif,Parchment,Classic,Starry,Crown,None,Broom
4673,Shook'um #4673,A looping sheet ghost from Halloween Shook'ums. Three bodies. One skeleton. One clock. Minted on Abstract.,4673.gif,Parchment,Void,Heart,None,Pearls,Candy Corn
4674,Shook'um #4674,A looping sheet ghost from Halloween Shook'ums. Three bodies. One skeleton. One clock. Minted on Abstract.,4674.gif,Dusk,Blush,Sleepy,Bow,Collar,None
4675,Shook'um #4675,A looping sheet ghost from Halloween Shook'ums. Three bodies. One skeleton. One clock. Minted on Abstract.,4675.gif,Graveyard,Blush,Sparkly,Cat Ears,None,None
4676,Shook'um #4676,A looping sheet ghost from Halloween Shook'ums. Three bodies. One skeleton. One clock. Minted on Abstract.,4676.gif,Candy,Blush,Sleepy,Cat Ears,None,None
4677,Shook'um #4677,A looping sheet ghost from Halloween Shook'ums. Three bodies. One skeleton. One clock. Minted on Abstract.,4677.gif,Parchment,Classic,Blep,Pumpkin,None,Candy
4678,Shook'um #4678,A looping sheet ghost from Halloween Shook'ums. Three bodies. One skeleton. One clock. Minted on Abstract.,4678.gif,Pumpkin,Classic,Blep,None,Collar,Bat
4679,Shook'um #4679,A looping sheet ghost from Halloween Shook'ums. Three bodies. One skeleton. One clock. Minted on Abstract.,4679.gif,Candy,Classic,Heart,Flower,None,Bat
4680,Shook'um #4680,A looping sheet ghost from Halloween Shook'ums. Three bodies. One skeleton. One clock. Minted on Abstract.,4680.gif,Blood Moon,Blush,Normal,None,None,Potion
4681,Shook'um #4681,A looping sheet ghost from Halloween Shook'ums. Three bodies. One skeleton. One clock. Minted on Abstract.,4681.gif,Blood Moon,Classic,Spooked,None,None,Broom
4682,Shook'um #4682,A looping sheet ghost from Halloween Shook'ums. Three bodies. One skeleton. One clock. Minted on Abstract.,4682.gif,Pumpkin,Classic,Normal,Pumpkin,Chain,None
4683,Shook'um #4683,A looping sheet ghost from Halloween Shook'ums. Three bodies. One skeleton. One clock. Minted on Abstract.,4683.gif,Blood Moon,Classic,Normal,Witch,None,Pumpkin
4684,Shook'um #4684,A looping sheet ghost from Halloween Shook'ums. Three bodies. One skeleton. One clock. Minted on Abstract.,4684.gif,Graveyard,Void,Wink,None,None,None
4685,Shook'um #4685,A looping sheet ghost from Halloween Shook'ums. Three bodies. One skeleton. One clock. Minted on Abstract.,4685.gif,Candy,Void,Sad,Bow,Bowtie,Candy
4686,Shook'um #4686,A looping sheet ghost from Halloween Shook'ums. Three bodies. One skeleton. One clock. Minted on Abstract.,4686.gif,Pumpkin,Classic,Sad,Cat Ears,None,Bat
4687,Shook'um #4687,A looping sheet ghost from Halloween Shook'ums. Three bodies. One skeleton. One clock. Minted on Abstract.,4687.gif,Midnight,Void,Blep,Witch,Chain,Bat
4688,Shook'um #4688,A looping sheet ghost from Halloween Shook'ums. Three bodies. One skeleton. One clock. Minted on Abstract.,4688.gif,Blood Moon,Void,Blep,None,Cape,Pumpkin
4689,Shook'um #4689,A looping sheet ghost from Halloween Shook'ums. Three bodies. One skeleton. One clock. Minted on Abstract.,4689.gif,Pumpkin,Classic,Sparkly,None,None,Moon
4690,Shook'um #4690,A looping sheet ghost from Halloween Shook'ums. Three bodies. One skeleton. One clock. Minted on Abstract.,4690.gif,Pumpkin,Void,Blep,Halo,None,None
4691,Shook'um #4691,A looping sheet ghost from Halloween Shook'ums. Three bodies. One skeleton. One clock. Minted on Abstract.,4691.gif,Fog,Classic,Spooked,None,Pearls,Candy Corn
4692,Shook'um #4692,A looping sheet ghost from Halloween Shook'ums. Three bodies. One skeleton. One clock. Minted on Abstract.,4692.gif,Blush,Classic,Spooked,None,Scarf,Candy
4693,Shook'um #4693,A looping sheet ghost from Halloween Shook'ums. Three bodies. One skeleton. One clock. Minted on Abstract.,4693.gif,Dusk,Void,Sad,Bow,Pearls,Candy
4694,Shook'um #4694,A looping sheet ghost from Halloween Shook'ums. Three bodies. One skeleton. One clock. Minted on Abstract.,4694.gif,Blood Moon,Classic,Normal,Pumpkin,None,Bat
4695,Shook'um #4695,A looping sheet ghost from Halloween Shook'ums. Three bodies. One skeleton. One clock. Minted on Abstract.,4695.gif,Blood Moon,Classic,Normal,Witch,Cape,Bat
4696,Shook'um #4696,A looping sheet ghost from Halloween Shook'ums. Three bodies. One skeleton. One clock. Minted on Abstract.,4696.gif,Parchment,Classic,Angry,Wizard,Pearls,Moon
4697,Shook'um #4697,A looping sheet ghost from Halloween Shook'ums. Three bodies. One skeleton. One clock. Minted on Abstract.,4697.gif,Parchment,Classic,Spooked,Party,Pearls,None
4698,Shook'um #4698,A looping sheet ghost from Halloween Shook'ums. Three bodies. One skeleton. One clock. Minted on Abstract.,4698.gif,Void,Classic,Sparkly,Witch,Chain,Pumpkin
4699,Shook'um #4699,A looping sheet ghost from Halloween Shook'ums. Three bodies. One skeleton. One clock. Minted on Abstract.,4699.gif,Blood Moon,Classic,Sleepy,None,Collar,None
4700,Shook'um #4700,A looping sheet ghost from Halloween Shook'ums. Three bodies. One skeleton. One clock. Minted on Abstract.,4700.gif,Midnight,Blush,Sleepy,Wizard,None,Potion
4701,Shook'um #4701,A looping sheet ghost from Halloween Shook'ums. Three bodies. One skeleton. One clock. Minted on Abstract.,4701.gif,Parchment,Blush,Sleepy,Pumpkin,Chain,Pumpkin
4702,Shook'um #4702,A looping sheet ghost from Halloween Shook'ums. Three bodies. One skeleton. One clock. Minted on Abstract.,4702.gif,Graveyard,Void,Blep,None,Pearls,None
4703,Shook'um #4703,A looping sheet ghost from Halloween Shook'ums. Three bodies. One skeleton. One clock. Minted on Abstract.,4703.gif,Blood Moon,Blush,Spooked,None,None,Broom
4704,Shook'um #4704,A looping sheet ghost from Halloween Shook'ums. Three bodies. One skeleton. One clock. Minted on Abstract.,4704.gif,Pumpkin,Classic,Starry,Cat Ears,None,Candy
4705,Shook'um #4705,A looping sheet ghost from Halloween Shook'ums. Three bodies. One skeleton. One clock. Minted on Abstract.,4705.gif,Candy,Blush,Spooked,Cat Ears,Cape,None
4706,Shook'um #4706,A looping sheet ghost from Halloween Shook'ums. Three bodies. One skeleton. One clock. Minted on Abstract.,4706.gif,Parchment,Blush,Spooked,None,Chain,None
4707,Shook'um #4707,A looping sheet ghost from Halloween Shook'ums. Three bodies. One skeleton. One clock. Minted on Abstract.,4707.gif,Graveyard,Classic,Blep,None,Bowtie,Potion
4708,Shook'um #4708,A looping sheet ghost from Halloween Shook'ums. Three bodies. One skeleton. One clock. Minted on Abstract.,4708.gif,Candy,Blush,Sleepy,Flower,None,Bat
4709,Shook'um #4709,A looping sheet ghost from Halloween Shook'ums. Three bodies. One skeleton. One clock. Minted on Abstract.,4709.gif,Graveyard,Void,Wink,Pumpkin,Bowtie,None
4710,Shook'um #4710,A looping sheet ghost from Halloween Shook'ums. Three bodies. One skeleton. One clock. Minted on Abstract.,4710.gif,Fog,Void,Angry,None,None,Moon
4711,Shook'um #4711,A looping sheet ghost from Halloween Shook'ums. Three bodies. One skeleton. One clock. Minted on Abstract.,4711.gif,Blush,Blush,Heart,None,Cape,None
4712,Shook'um #4712,A looping sheet ghost from Halloween Shook'ums. Three bodies. One skeleton. One clock. Minted on Abstract.,4712.gif,Pumpkin,Blush,Starry,Bow,Bowtie,Bat
4713,Shook'um #4713,A looping sheet ghost from Halloween Shook'ums. Three bodies. One skeleton. One clock. Minted on Abstract.,4713.gif,Graveyard,Classic,Wink,Witch,Pearls,Potion
4714,Shook'um #4714,A looping sheet ghost from Halloween Shook'ums. Three bodies. One skeleton. One clock. Minted on Abstract.,4714.gif,Candy,Void,Spooked,Halo,Scarf,Bat
4715,Shook'um #4715,A looping sheet ghost from Halloween Shook'ums. Three bodies. One skeleton. One clock. Minted on Abstract.,4715.gif,Void,Classic,Sparkly,None,Bowtie,Pumpkin
4716,Shook'um #4716,A looping sheet ghost from Halloween Shook'ums. Three bodies. One skeleton. One clock. Minted on Abstract.,4716.gif,Parchment,Void,Wink,Witch,Scarf,None
4717,Shook'um #4717,A looping sheet ghost from Halloween Shook'ums. Three bodies. One skeleton. One clock. Minted on Abstract.,4717.gif,Blush,Void,Sad,Halo,Chain,Broom
4718,Shook'um #4718,A looping sheet ghost from Halloween Shook'ums. Three bodies. One skeleton. One clock. Minted on Abstract.,4718.gif,Blush,Blush,Wink,None,Chain,Candy
4719,Shook'um #4719,A looping sheet ghost from Halloween Shook'ums. Three bodies. One skeleton. One clock. Minted on Abstract.,4719.gif,Midnight,Classic,Spooked,Party,Scarf,None
4720,Shook'um #4720,A looping sheet ghost from Halloween Shook'ums. Three bodies. One skeleton. One clock. Minted on Abstract.,4720.gif,Parchment,Classic,Sleepy,Flower,Pearls,None
4721,Shook'um #4721,A looping sheet ghost from Halloween Shook'ums. Three bodies. One skeleton. One clock. Minted on Abstract.,4721.gif,Fog,Classic,Angry,Bow,Chain,None
4722,Shook'um #4722,A looping sheet ghost from Halloween Shook'ums. Three bodies. One skeleton. One clock. Minted on Abstract.,4722.gif,Candy,Void,Heart,Bow,None,Pumpkin
4723,Shook'um #4723,A looping sheet ghost from Halloween Shook'ums. Three bodies. One skeleton. One clock. Minted on Abstract.,4723.gif,Graveyard,Blush,Wink,Crown,Pearls,Pumpkin
4724,Shook'um #4724,A looping sheet ghost from Halloween Shook'ums. Three bodies. One skeleton. One clock. Minted on Abstract.,4724.gif,Dusk,Blush,Sleepy,Pumpkin,None,Candy
4725,Shook'um #4725,A looping sheet ghost from Halloween Shook'ums. Three bodies. One skeleton. One clock. Minted on Abstract.,4725.gif,Midnight,Void,Sad,Cat Ears,Pearls,Broom
4726,Shook'um #4726,A looping sheet ghost from Halloween Shook'ums. Three bodies. One skeleton. One clock. Minted on Abstract.,4726.gif,Candy,Classic,Sad,None,Collar,Candy
4727,Shook'um #4727,A looping sheet ghost from Halloween Shook'ums. Three bodies. One skeleton. One clock. Minted on Abstract.,4727.gif,Candy,Classic,Starry,Bow,None,None
4728,Shook'um #4728,A looping sheet ghost from Halloween Shook'ums. Three bodies. One skeleton. One clock. Minted on Abstract.,4728.gif,Graveyard,Blush,Blep,Pumpkin,None,Candy Corn
4729,Shook'um #4729,A looping sheet ghost from Halloween Shook'ums. Three bodies. One skeleton. One clock. Minted on Abstract.,4729.gif,Parchment,Blush,Spooked,Flower,Pearls,Moon
4730,Shook'um #4730,A looping sheet ghost from Halloween Shook'ums. Three bodies. One skeleton. One clock. Minted on Abstract.,4730.gif,Graveyard,Void,Normal,None,Bowtie,None
4731,Shook'um #4731,A looping sheet ghost from Halloween Shook'ums. Three bodies. One skeleton. One clock. Minted on Abstract.,4731.gif,Dusk,Blush,Normal,Witch,Chain,Pumpkin
4732,Shook'um #4732,A looping sheet ghost from Halloween Shook'ums. Three bodies. One skeleton. One clock. Minted on Abstract.,4732.gif,Midnight,Classic,Normal,None,Cape,None
4733,Shook'um #4733,A looping sheet ghost from Halloween Shook'ums. Three bodies. One skeleton. One clock. Minted on Abstract.,4733.gif,Parchment,Blush,Sleepy,Cat Ears,Pearls,Pumpkin
4734,Shook'um #4734,A looping sheet ghost from Halloween Shook'ums. Three bodies. One skeleton. One clock. Minted on Abstract.,4734.gif,Blush,Classic,Normal,None,Scarf,Pumpkin
4735,Shook'um #4735,A looping sheet ghost from Halloween Shook'ums. Three bodies. One skeleton. One clock. Minted on Abstract.,4735.gif,Blush,Blush,Sparkly,None,Collar,Pumpkin
4736,Shook'um #4736,A looping sheet ghost from Halloween Shook'ums. Three bodies. One skeleton. One clock. Minted on Abstract.,4736.gif,Pumpkin,Blush,Normal,Pumpkin,Scarf,None
4737,Shook'um #4737,A looping sheet ghost from Halloween Shook'ums. Three bodies. One skeleton. One clock. Minted on Abstract.,4737.gif,Midnight,Classic,Sleepy,Witch,Scarf,Candy
4738,Shook'um #4738,A looping sheet ghost from Halloween Shook'ums. Three bodies. One skeleton. One clock. Minted on Abstract.,4738.gif,Blush,Classic,Normal,Cat Ears,Chain,Bat
4739,Shook'um #4739,A looping sheet ghost from Halloween Shook'ums. Three bodies. One skeleton. One clock. Minted on Abstract.,4739.gif,Dusk,Classic,Sparkly,Pumpkin,Bowtie,Pumpkin
4740,Shook'um #4740,A looping sheet ghost from Halloween Shook'ums. Three bodies. One skeleton. One clock. Minted on Abstract.,4740.gif,Fog,Classic,Angry,Flower,Collar,Candy
4741,Shook'um #4741,A looping sheet ghost from Halloween Shook'ums. Three bodies. One skeleton. One clock. Minted on Abstract.,4741.gif,Parchment,Void,Angry,None,Scarf,None
4742,Shook'um #4742,A looping sheet ghost from Halloween Shook'ums. Three bodies. One skeleton. One clock. Minted on Abstract.,4742.gif,Dusk,Blush,Spooked,Crown,Chain,Bat
4743,Shook'um #4743,A looping sheet ghost from Halloween Shook'ums. Three bodies. One skeleton. One clock. Minted on Abstract.,4743.gif,Parchment,Classic,Normal,Party,Cape,Bat
4744,Shook'um #4744,A looping sheet ghost from Halloween Shook'ums. Three bodies. One skeleton. One clock. Minted on Abstract.,4744.gif,Blood Moon,Classic,Sleepy,Witch,Bowtie,Candy Corn
4745,Shook'um #4745,A looping sheet ghost from Halloween Shook'ums. Three bodies. One skeleton. One clock. Minted on Abstract.,4745.gif,Fog,Void,Normal,Cat Ears,None,Candy
4746,Shook'um #4746,A looping sheet ghost from Halloween Shook'ums. Three bodies. One skeleton. One clock. Minted on Abstract.,4746.gif,Blush,Classic,Spooked,Halo,Pearls,Candy Corn
4747,Shook'um #4747,A looping sheet ghost from Halloween Shook'ums. Three bodies. One skeleton. One clock. Minted on Abstract.,4747.gif,Blush,Classic,Sleepy,None,None,Potion
4748,Shook'um #4748,A looping sheet ghost from Halloween Shook'ums. Three bodies. One skeleton. One clock. Minted on Abstract.,4748.gif,Midnight,Classic,Starry,None,Scarf,None
4749,Shook'um #4749,A looping sheet ghost from Halloween Shook'ums. Three bodies. One skeleton. One clock. Minted on Abstract.,4749.gif,Pumpkin,Classic,Blep,Bow,Cape,Bat
4750,Shook'um #4750,A looping sheet ghost from Halloween Shook'ums. Three bodies. One skeleton. One clock. Minted on Abstract.,4750.gif,Candy,Classic,Normal,None,Scarf,Pumpkin
4751,Shook'um #4751,A looping sheet ghost from Halloween Shook'ums. Three bodies. One skeleton. One clock. Minted on Abstract.,4751.gif,Candy,Blush,Spooked,None,Collar,Potion
4752,Shook'um #4752,A looping sheet ghost from Halloween Shook'ums. Three bodies. One skeleton. One clock. Minted on Abstract.,4752.gif,Blush,Blush,Spooked,Witch,Chain,Pumpkin
4753,Shook'um #4753,A looping sheet ghost from Halloween Shook'ums. Three bodies. One skeleton. One clock. Minted on Abstract.,4753.gif,Parchment,Classic,Sleepy,None,None,Bat
4754,Shook'um #4754,A looping sheet ghost from Halloween Shook'ums. Three bodies. One skeleton. One clock. Minted on Abstract.,4754.gif,Candy,Blush,Sleepy,Pumpkin,Chain,Candy Corn
4755,Shook'um #4755,A looping sheet ghost from Halloween Shook'ums. Three bodies. One skeleton. One clock. Minted on Abstract.,4755.gif,Midnight,Blush,Spooked,Cat Ears,None,None
4756,Shook'um #4756,A looping sheet ghost from Halloween Shook'ums. Three bodies. One skeleton. One clock. Minted on Abstract.,4756.gif,Blood Moon,Classic,Wink,Witch,None,Pumpkin
4757,Shook'um #4757,A looping sheet ghost from Halloween Shook'ums. Three bodies. One skeleton. One clock. Minted on Abstract.,4757.gif,Fog,Classic,Heart,Pumpkin,None,None
4758,Shook'um #4758,A looping sheet ghost from Halloween Shook'ums. Three bodies. One skeleton. One clock. Minted on Abstract.,4758.gif,Dusk,Classic,Sleepy,Cat Ears,None,None
4759,Shook'um #4759,A looping sheet ghost from Halloween Shook'ums. Three bodies. One skeleton. One clock. Minted on Abstract.,4759.gif,Pumpkin,Void,Blep,Cat Ears,None,None
4760,Shook'um #4760,A looping sheet ghost from Halloween Shook'ums. Three bodies. One skeleton. One clock. Minted on Abstract.,4760.gif,Midnight,Classic,Normal,None,None,Broom
4761,Shook'um #4761,A looping sheet ghost from Halloween Shook'ums. Three bodies. One skeleton. One clock. Minted on Abstract.,4761.gif,Dusk,Blush,Sleepy,None,Chain,Potion
4762,Shook'um #4762,A looping sheet ghost from Halloween Shook'ums. Three bodies. One skeleton. One clock. Minted on Abstract.,4762.gif,Graveyard,Classic,Spooked,Bow,Collar,Pumpkin
4763,Shook'um #4763,A looping sheet ghost from Halloween Shook'ums. Three bodies. One skeleton. One clock. Minted on Abstract.,4763.gif,Midnight,Void,Normal,Party,Bowtie,Moon
4764,Shook'um #4764,A looping sheet ghost from Halloween Shook'ums. Three bodies. One skeleton. One clock. Minted on Abstract.,4764.gif,Fog,Classic,Spooked,Halo,None,Broom
4765,Shook'um #4765,A looping sheet ghost from Halloween Shook'ums. Three bodies. One skeleton. One clock. Minted on Abstract.,4765.gif,Fog,Void,Wink,Bow,Scarf,Pumpkin
4766,Shook'um #4766,A looping sheet ghost from Halloween Shook'ums. Three bodies. One skeleton. One clock. Minted on Abstract.,4766.gif,Graveyard,Classic,Blep,Halo,Pearls,None
4767,Shook'um #4767,A looping sheet ghost from Halloween Shook'ums. Three bodies. One skeleton. One clock. Minted on Abstract.,4767.gif,Parchment,Classic,Sleepy,Bow,Pearls,None
4768,Shook'um #4768,A looping sheet ghost from Halloween Shook'ums. Three bodies. One skeleton. One clock. Minted on Abstract.,4768.gif,Blood Moon,Blush,Sleepy,Party,Pearls,Broom
4769,Shook'um #4769,A looping sheet ghost from Halloween Shook'ums. Three bodies. One skeleton. One clock. Minted on Abstract.,4769.gif,Blush,Void,Normal,None,None,Candy
4770,Shook'um #4770,A looping sheet ghost from Halloween Shook'ums. Three bodies. One skeleton. One clock. Minted on Abstract.,4770.gif,Blush,Classic,Angry,Pumpkin,Bowtie,Pumpkin
4771,Shook'um #4771,A looping sheet ghost from Halloween Shook'ums. Three bodies. One skeleton. One clock. Minted on Abstract.,4771.gif,Blood Moon,Blush,Sleepy,Bow,Cape,Bat
4772,Shook'um #4772,A looping sheet ghost from Halloween Shook'ums. Three bodies. One skeleton. One clock. Minted on Abstract.,4772.gif,Graveyard,Classic,Normal,None,None,Moon
4773,Shook'um #4773,A looping sheet ghost from Halloween Shook'ums. Three bodies. One skeleton. One clock. Minted on Abstract.,4773.gif,Fog,Classic,Normal,Bow,Bowtie,Bat
4774,Shook'um #4774,A looping sheet ghost from Halloween Shook'ums. Three bodies. One skeleton. One clock. Minted on Abstract.,4774.gif,Midnight,Classic,Sleepy,Wizard,Chain,None
4775,Shook'um #4775,A looping sheet ghost from Halloween Shook'ums. Three bodies. One skeleton. One clock. Minted on Abstract.,4775.gif,Pumpkin,Classic,Sleepy,Cat Ears,Chain,None
4776,Shook'um #4776,A looping sheet ghost from Halloween Shook'ums. Three bodies. One skeleton. One clock. Minted on Abstract.,4776.gif,Blush,Classic,Blep,None,Pearls,Broom
4777,Shook'um #4777,A looping sheet ghost from Halloween Shook'ums. Three bodies. One skeleton. One clock. Minted on Abstract.,4777.gif,Blush,Blush,Blep,None,Bowtie,None
4778,Shook'um #4778,A looping sheet ghost from Halloween Shook'ums. Three bodies. One skeleton. One clock. Minted on Abstract.,4778.gif,Candy,Void,Sad,Halo,Scarf,Pumpkin
4779,Shook'um #4779,A looping sheet ghost from Halloween Shook'ums. Three bodies. One skeleton. One clock. Minted on Abstract.,4779.gif,Dusk,Classic,Normal,Flower,Pearls,None
4780,Shook'um #4780,A looping sheet ghost from Halloween Shook'ums. Three bodies. One skeleton. One clock. Minted on Abstract.,4780.gif,Candy,Blush,Heart,Witch,None,Potion
4781,Shook'um #4781,A looping sheet ghost from Halloween Shook'ums. Three bodies. One skeleton. One clock. Minted on Abstract.,4781.gif,Fog,Classic,Spooked,Halo,Chain,Candy Corn
4782,Shook'um #4782,A looping sheet ghost from Halloween Shook'ums. Three bodies. One skeleton. One clock. Minted on Abstract.,4782.gif,Parchment,Classic,Blep,Bow,None,None
4783,Shook'um #4783,A looping sheet ghost from Halloween Shook'ums. Three bodies. One skeleton. One clock. Minted on Abstract.,4783.gif,Dusk,Classic,Heart,Cat Ears,Bowtie,Candy
4784,Shook'um #4784,A looping sheet ghost from Halloween Shook'ums. Three bodies. One skeleton. One clock. Minted on Abstract.,4784.gif,Candy,Void,Sad,None,None,None
4785,Shook'um #4785,A looping sheet ghost from Halloween Shook'ums. Three bodies. One skeleton. One clock. Minted on Abstract.,4785.gif,Pumpkin,Blush,Spooked,None,None,Potion
4786,Shook'um #4786,A looping sheet ghost from Halloween Shook'ums. Three bodies. One skeleton. One clock. Minted on Abstract.,4786.gif,Pumpkin,Classic,Sleepy,Bow,Chain,Candy
4787,Shook'um #4787,A looping sheet ghost from Halloween Shook'ums. Three bodies. One skeleton. One clock. Minted on Abstract.,4787.gif,Blush,Classic,Sparkly,Party,Collar,Candy Corn
4788,Shook'um #4788,A looping sheet ghost from Halloween Shook'ums. Three bodies. One skeleton. One clock. Minted on Abstract.,4788.gif,Graveyard,Classic,Normal,Party,None,None
4789,Shook'um #4789,A looping sheet ghost from Halloween Shook'ums. Three bodies. One skeleton. One clock. Minted on Abstract.,4789.gif,Blood Moon,Classic,Spooked,Pumpkin,None,Potion
4790,Shook'um #4790,A looping sheet ghost from Halloween Shook'ums. Three bodies. One skeleton. One clock. Minted on Abstract.,4790.gif,Candy,Void,Heart,None,Pearls,Pumpkin
4791,Shook'um #4791,A looping sheet ghost from Halloween Shook'ums. Three bodies. One skeleton. One clock. Minted on Abstract.,4791.gif,Parchment,Blush,Spooked,None,None,Bat
4792,Shook'um #4792,A looping sheet ghost from Halloween Shook'ums. Three bodies. One skeleton. One clock. Minted on Abstract.,4792.gif,Void,Classic,Sad,None,Chain,Moon
4793,Shook'um #4793,A looping sheet ghost from Halloween Shook'ums. Three bodies. One skeleton. One clock. Minted on Abstract.,4793.gif,Pumpkin,Blush,Sparkly,Cat Ears,Chain,None
4794,Shook'um #4794,A looping sheet ghost from Halloween Shook'ums. Three bodies. One skeleton. One clock. Minted on Abstract.,4794.gif,Blood Moon,Blush,Sparkly,None,None,None
4795,Shook'um #4795,A looping sheet ghost from Halloween Shook'ums. Three bodies. One skeleton. One clock. Minted on Abstract.,4795.gif,Midnight,Classic,Spooked,Pumpkin,Scarf,None
4796,Shook'um #4796,A looping sheet ghost from Halloween Shook'ums. Three bodies. One skeleton. One clock. Minted on Abstract.,4796.gif,Midnight,Void,Sleepy,Wizard,Cape,Bat
4797,Shook'um #4797,A looping sheet ghost from Halloween Shook'ums. Three bodies. One skeleton. One clock. Minted on Abstract.,4797.gif,Blush,Blush,Blep,Flower,Bowtie,Candy
4798,Shook'um #4798,A looping sheet ghost from Halloween Shook'ums. Three bodies. One skeleton. One clock. Minted on Abstract.,4798.gif,Midnight,Void,Sparkly,Witch,None,Candy Corn
4799,Shook'um #4799,A looping sheet ghost from Halloween Shook'ums. Three bodies. One skeleton. One clock. Minted on Abstract.,4799.gif,Blush,Classic,Sparkly,None,Chain,Bat
4800,Shook'um #4800,A looping sheet ghost from Halloween Shook'ums. Three bodies. One skeleton. One clock. Minted on Abstract.,4800.gif,Pumpkin,Classic,Normal,Pumpkin,Chain,Potion
4801,Shook'um #4801,A looping sheet ghost from Halloween Shook'ums. Three bodies. One skeleton. One clock. Minted on Abstract.,4801.gif,Graveyard,Classic,Normal,None,Pearls,None
4802,Shook'um #4802,A looping sheet ghost from Halloween Shook'ums. Three bodies. One skeleton. One clock. Minted on Abstract.,4802.gif,Parchment,Classic,Spooked,Flower,None,Candy
4803,Shook'um #4803,A looping sheet ghost from Halloween Shook'ums. Three bodies. One skeleton. One clock. Minted on Abstract.,4803.gif,Pumpkin,Classic,Blep,Wizard,None,Moon
4804,Shook'um #4804,A looping sheet ghost from Halloween Shook'ums. Three bodies. One skeleton. One clock. Minted on Abstract.,4804.gif,Parchment,Classic,Blep,Pumpkin,Chain,Potion
4805,Shook'um #4805,A looping sheet ghost from Halloween Shook'ums. Three bodies. One skeleton. One clock. Minted on Abstract.,4805.gif,Pumpkin,Classic,Blep,Cat Ears,Chain,Candy Corn
4806,Shook'um #4806,A looping sheet ghost from Halloween Shook'ums. Three bodies. One skeleton. One clock. Minted on Abstract.,4806.gif,Candy,Classic,Spooked,Witch,Bowtie,Candy Corn
4807,Shook'um #4807,A looping sheet ghost from Halloween Shook'ums. Three bodies. One skeleton. One clock. Minted on Abstract.,4807.gif,Blush,Classic,Sleepy,Wizard,Cape,Candy
4808,Shook'um #4808,A looping sheet ghost from Halloween Shook'ums. Three bodies. One skeleton. One clock. Minted on Abstract.,4808.gif,Blush,Classic,Sparkly,Pumpkin,None,Pumpkin
4809,Shook'um #4809,A looping sheet ghost from Halloween Shook'ums. Three bodies. One skeleton. One clock. Minted on Abstract.,4809.gif,Midnight,Classic,Normal,Bow,Cape,Pumpkin
4810,Shook'um #4810,A looping sheet ghost from Halloween Shook'ums. Three bodies. One skeleton. One clock. Minted on Abstract.,4810.gif,Parchment,Blush,Normal,Witch,Bowtie,Pumpkin
4811,Shook'um #4811,A looping sheet ghost from Halloween Shook'ums. Three bodies. One skeleton. One clock. Minted on Abstract.,4811.gif,Fog,Void,Normal,Halo,Chain,None
4812,Shook'um #4812,A looping sheet ghost from Halloween Shook'ums. Three bodies. One skeleton. One clock. Minted on Abstract.,4812.gif,Midnight,Blush,Sleepy,None,None,Bat
4813,Shook'um #4813,A looping sheet ghost from Halloween Shook'ums. Three bodies. One skeleton. One clock. Minted on Abstract.,4813.gif,Midnight,Classic,Sleepy,Halo,Bowtie,Moon
4814,Shook'um #4814,A looping sheet ghost from Halloween Shook'ums. Three bodies. One skeleton. One clock. Minted on Abstract.,4814.gif,Blush,Classic,Sparkly,Party,Bowtie,Bat
4815,Shook'um #4815,A looping sheet ghost from Halloween Shook'ums. Three bodies. One skeleton. One clock. Minted on Abstract.,4815.gif,Candy,Classic,Spooked,Party,Bowtie,None
4816,Shook'um #4816,A looping sheet ghost from Halloween Shook'ums. Three bodies. One skeleton. One clock. Minted on Abstract.,4816.gif,Parchment,Void,Sparkly,None,Chain,Broom
4817,Shook'um #4817,A looping sheet ghost from Halloween Shook'ums. Three bodies. One skeleton. One clock. Minted on Abstract.,4817.gif,Parchment,Void,Angry,Party,Cape,None
4818,Shook'um #4818,A looping sheet ghost from Halloween Shook'ums. Three bodies. One skeleton. One clock. Minted on Abstract.,4818.gif,Dusk,Void,Spooked,Flower,None,None
4819,Shook'um #4819,A looping sheet ghost from Halloween Shook'ums. Three bodies. One skeleton. One clock. Minted on Abstract.,4819.gif,Parchment,Classic,Sad,Bow,Pearls,None
4820,Shook'um #4820,A looping sheet ghost from Halloween Shook'ums. Three bodies. One skeleton. One clock. Minted on Abstract.,4820.gif,Blush,Classic,Starry,None,Scarf,None
4821,Shook'um #4821,A looping sheet ghost from Halloween Shook'ums. Three bodies. One skeleton. One clock. Minted on Abstract.,4821.gif,Blush,Void,Starry,Pumpkin,None,None
4822,Shook'um #4822,A looping sheet ghost from Halloween Shook'ums. Three bodies. One skeleton. One clock. Minted on Abstract.,4822.gif,Blush,Classic,Sparkly,Wizard,Pearls,None
4823,Shook'um #4823,A looping sheet ghost from Halloween Shook'ums. Three bodies. One skeleton. One clock. Minted on Abstract.,4823.gif,Candy,Classic,Heart,Pumpkin,None,Candy Corn
4824,Shook'um #4824,A looping sheet ghost from Halloween Shook'ums. Three bodies. One skeleton. One clock. Minted on Abstract.,4824.gif,Graveyard,Blush,Sad,Halo,Chain,Pumpkin
4825,Shook'um #4825,A looping sheet ghost from Halloween Shook'ums. Three bodies. One skeleton. One clock. Minted on Abstract.,4825.gif,Graveyard,Blush,Blep,Flower,Bowtie,None
4826,Shook'um #4826,A looping sheet ghost from Halloween Shook'ums. Three bodies. One skeleton. One clock. Minted on Abstract.,4826.gif,Graveyard,Blush,Sleepy,None,Scarf,Pumpkin
4827,Shook'um #4827,A looping sheet ghost from Halloween Shook'ums. Three bodies. One skeleton. One clock. Minted on Abstract.,4827.gif,Candy,Classic,Sad,Halo,Scarf,None
4828,Shook'um #4828,A looping sheet ghost from Halloween Shook'ums. Three bodies. One skeleton. One clock. Minted on Abstract.,4828.gif,Midnight,Classic,Wink,Flower,Bowtie,None
4829,Shook'um #4829,A looping sheet ghost from Halloween Shook'ums. Three bodies. One skeleton. One clock. Minted on Abstract.,4829.gif,Candy,Classic,Sleepy,None,None,Broom
4830,Shook'um #4830,A looping sheet ghost from Halloween Shook'ums. Three bodies. One skeleton. One clock. Minted on Abstract.,4830.gif,Blush,Classic,Spooked,Cat Ears,Scarf,None
4831,Shook'um #4831,A looping sheet ghost from Halloween Shook'ums. Three bodies. One skeleton. One clock. Minted on Abstract.,4831.gif,Dusk,Classic,Sleepy,None,None,None
4832,Shook'um #4832,A looping sheet ghost from Halloween Shook'ums. Three bodies. One skeleton. One clock. Minted on Abstract.,4832.gif,Blood Moon,Void,Normal,Pumpkin,Chain,None
4833,Shook'um #4833,A looping sheet ghost from Halloween Shook'ums. Three bodies. One skeleton. One clock. Minted on Abstract.,4833.gif,Parchment,Void,Blep,Pumpkin,Scarf,Bat
4834,Shook'um #4834,A looping sheet ghost from Halloween Shook'ums. Three bodies. One skeleton. One clock. Minted on Abstract.,4834.gif,Pumpkin,Blush,Sparkly,None,Pearls,None
4835,Shook'um #4835,A looping sheet ghost from Halloween Shook'ums. Three bodies. One skeleton. One clock. Minted on Abstract.,4835.gif,Candy,Blush,Spooked,Wizard,Chain,Bat
4836,Shook'um #4836,A looping sheet ghost from Halloween Shook'ums. Three bodies. One skeleton. One clock. Minted on Abstract.,4836.gif,Candy,Blush,Sleepy,Witch,Scarf,None
4837,Shook'um #4837,A looping sheet ghost from Halloween Shook'ums. Three bodies. One skeleton. One clock. Minted on Abstract.,4837.gif,Midnight,Classic,Starry,Pumpkin,Pearls,Potion
4838,Shook'um #4838,A looping sheet ghost from Halloween Shook'ums. Three bodies. One skeleton. One clock. Minted on Abstract.,4838.gif,Dusk,Blush,Spooked,None,None,Candy
4839,Shook'um #4839,A looping sheet ghost from Halloween Shook'ums. Three bodies. One skeleton. One clock. Minted on Abstract.,4839.gif,Pumpkin,Void,Spooked,Witch,Pearls,Pumpkin
4840,Shook'um #4840,A looping sheet ghost from Halloween Shook'ums. Three bodies. One skeleton. One clock. Minted on Abstract.,4840.gif,Graveyard,Classic,Blep,Bow,Scarf,Moon
4841,Shook'um #4841,A looping sheet ghost from Halloween Shook'ums. Three bodies. One skeleton. One clock. Minted on Abstract.,4841.gif,Candy,Blush,Starry,Bow,Pearls,Bat
4842,Shook'um #4842,A looping sheet ghost from Halloween Shook'ums. Three bodies. One skeleton. One clock. Minted on Abstract.,4842.gif,Pumpkin,Void,Spooked,Party,None,Pumpkin
4843,Shook'um #4843,A looping sheet ghost from Halloween Shook'ums. Three bodies. One skeleton. One clock. Minted on Abstract.,4843.gif,Fog,Classic,Sparkly,Flower,None,None
4844,Shook'um #4844,A looping sheet ghost from Halloween Shook'ums. Three bodies. One skeleton. One clock. Minted on Abstract.,4844.gif,Blood Moon,Classic,Spooked,Bow,Pearls,Pumpkin
4845,Shook'um #4845,A looping sheet ghost from Halloween Shook'ums. Three bodies. One skeleton. One clock. Minted on Abstract.,4845.gif,Blood Moon,Classic,Blep,Bow,None,None
4846,Shook'um #4846,A looping sheet ghost from Halloween Shook'ums. Three bodies. One skeleton. One clock. Minted on Abstract.,4846.gif,Fog,Classic,Blep,Crown,None,Broom
4847,Shook'um #4847,A looping sheet ghost from Halloween Shook'ums. Three bodies. One skeleton. One clock. Minted on Abstract.,4847.gif,Pumpkin,Blush,Sleepy,Bow,None,None
4848,Shook'um #4848,A looping sheet ghost from Halloween Shook'ums. Three bodies. One skeleton. One clock. Minted on Abstract.,4848.gif,Parchment,Classic,Normal,Crown,None,None
4849,Shook'um #4849,A looping sheet ghost from Halloween Shook'ums. Three bodies. One skeleton. One clock. Minted on Abstract.,4849.gif,Pumpkin,Classic,Sad,Witch,Chain,Bat
4850,Shook'um #4850,A looping sheet ghost from Halloween Shook'ums. Three bodies. One skeleton. One clock. Minted on Abstract.,4850.gif,Candy,Blush,Spooked,Flower,Pearls,Candy Corn
4851,Shook'um #4851,A looping sheet ghost from Halloween Shook'ums. Three bodies. One skeleton. One clock. Minted on Abstract.,4851.gif,Void,Classic,Sparkly,None,Collar,Candy Corn
4852,Shook'um #4852,A looping sheet ghost from Halloween Shook'ums. Three bodies. One skeleton. One clock. Minted on Abstract.,4852.gif,Pumpkin,Classic,Sleepy,Cat Ears,Pearls,Moon
4853,Shook'um #4853,A looping sheet ghost from Halloween Shook'ums. Three bodies. One skeleton. One clock. Minted on Abstract.,4853.gif,Blush,Classic,Normal,Pumpkin,Chain,Pumpkin
4854,Shook'um #4854,A looping sheet ghost from Halloween Shook'ums. Three bodies. One skeleton. One clock. Minted on Abstract.,4854.gif,Pumpkin,Void,Sleepy,Bow,Bowtie,Potion
4855,Shook'um #4855,A looping sheet ghost from Halloween Shook'ums. Three bodies. One skeleton. One clock. Minted on Abstract.,4855.gif,Blush,Classic,Blep,Halo,None,Candy
4856,Shook'um #4856,A looping sheet ghost from Halloween Shook'ums. Three bodies. One skeleton. One clock. Minted on Abstract.,4856.gif,Void,Classic,Sad,Witch,None,Broom
4857,Shook'um #4857,A looping sheet ghost from Halloween Shook'ums. Three bodies. One skeleton. One clock. Minted on Abstract.,4857.gif,Blush,Classic,Normal,None,Chain,Moon
4858,Shook'um #4858,A looping sheet ghost from Halloween Shook'ums. Three bodies. One skeleton. One clock. Minted on Abstract.,4858.gif,Parchment,Blush,Angry,None,Chain,None
4859,Shook'um #4859,A looping sheet ghost from Halloween Shook'ums. Three bodies. One skeleton. One clock. Minted on Abstract.,4859.gif,Parchment,Void,Spooked,None,Scarf,Candy
4860,Shook'um #4860,A looping sheet ghost from Halloween Shook'ums. Three bodies. One skeleton. One clock. Minted on Abstract.,4860.gif,Pumpkin,Blush,Starry,Pumpkin,None,Candy
4861,Shook'um #4861,A looping sheet ghost from Halloween Shook'ums. Three bodies. One skeleton. One clock. Minted on Abstract.,4861.gif,Pumpkin,Classic,Spooked,None,Cape,None
4862,Shook'um #4862,A looping sheet ghost from Halloween Shook'ums. Three bodies. One skeleton. One clock. Minted on Abstract.,4862.gif,Parchment,Blush,Normal,Cat Ears,Chain,Broom
4863,Shook'um #4863,A looping sheet ghost from Halloween Shook'ums. Three bodies. One skeleton. One clock. Minted on Abstract.,4863.gif,Parchment,Void,Sleepy,Halo,None,Candy Corn
4864,Shook'um #4864,A looping sheet ghost from Halloween Shook'ums. Three bodies. One skeleton. One clock. Minted on Abstract.,4864.gif,Pumpkin,Blush,Sad,None,Chain,Potion
4865,Shook'um #4865,A looping sheet ghost from Halloween Shook'ums. Three bodies. One skeleton. One clock. Minted on Abstract.,4865.gif,Pumpkin,Classic,Blep,None,None,Candy Corn
4866,Shook'um #4866,A looping sheet ghost from Halloween Shook'ums. Three bodies. One skeleton. One clock. Minted on Abstract.,4866.gif,Fog,Void,Angry,Halo,Pearls,Candy Corn
4867,Shook'um #4867,A looping sheet ghost from Halloween Shook'ums. Three bodies. One skeleton. One clock. Minted on Abstract.,4867.gif,Parchment,Classic,Normal,Witch,Pearls,Bat
4868,Shook'um #4868,A looping sheet ghost from Halloween Shook'ums. Three bodies. One skeleton. One clock. Minted on Abstract.,4868.gif,Parchment,Classic,Normal,None,Scarf,Potion
4869,Shook'um #4869,A looping sheet ghost from Halloween Shook'ums. Three bodies. One skeleton. One clock. Minted on Abstract.,4869.gif,Pumpkin,Blush,Blep,Witch,Collar,None
4870,Shook'um #4870,A looping sheet ghost from Halloween Shook'ums. Three bodies. One skeleton. One clock. Minted on Abstract.,4870.gif,Pumpkin,Classic,Normal,Cat Ears,Collar,Candy
4871,Shook'um #4871,A looping sheet ghost from Halloween Shook'ums. Three bodies. One skeleton. One clock. Minted on Abstract.,4871.gif,Midnight,Classic,Normal,Cat Ears,Scarf,Bat
4872,Shook'um #4872,A looping sheet ghost from Halloween Shook'ums. Three bodies. One skeleton. One clock. Minted on Abstract.,4872.gif,Parchment,Classic,Sleepy,Cat Ears,Chain,Bat
4873,Shook'um #4873,A looping sheet ghost from Halloween Shook'ums. Three bodies. One skeleton. One clock. Minted on Abstract.,4873.gif,Pumpkin,Classic,Spooked,None,Scarf,Pumpkin
4874,Shook'um #4874,A looping sheet ghost from Halloween Shook'ums. Three bodies. One skeleton. One clock. Minted on Abstract.,4874.gif,Blood Moon,Classic,Blep,Witch,Collar,Pumpkin
4875,Shook'um #4875,A looping sheet ghost from Halloween Shook'ums. Three bodies. One skeleton. One clock. Minted on Abstract.,4875.gif,Dusk,Classic,Blep,None,Bowtie,Bat
4876,Shook'um #4876,A looping sheet ghost from Halloween Shook'ums. Three bodies. One skeleton. One clock. Minted on Abstract.,4876.gif,Candy,Blush,Sleepy,Witch,Pearls,None
4877,Shook'um #4877,A looping sheet ghost from Halloween Shook'ums. Three bodies. One skeleton. One clock. Minted on Abstract.,4877.gif,Fog,Blush,Sleepy,Party,None,None
4878,Shook'um #4878,A looping sheet ghost from Halloween Shook'ums. Three bodies. One skeleton. One clock. Minted on Abstract.,4878.gif,Candy,Classic,Wink,Witch,Collar,Candy Corn
4879,Shook'um #4879,A looping sheet ghost from Halloween Shook'ums. Three bodies. One skeleton. One clock. Minted on Abstract.,4879.gif,Fog,Blush,Sleepy,Halo,Scarf,None
4880,Shook'um #4880,A looping sheet ghost from Halloween Shook'ums. Three bodies. One skeleton. One clock. Minted on Abstract.,4880.gif,Blush,Blush,Normal,Bow,Scarf,Bat
4881,Shook'um #4881,A looping sheet ghost from Halloween Shook'ums. Three bodies. One skeleton. One clock. Minted on Abstract.,4881.gif,Candy,Classic,Normal,Halo,Chain,Candy Corn
4882,Shook'um #4882,A looping sheet ghost from Halloween Shook'ums. Three bodies. One skeleton. One clock. Minted on Abstract.,4882.gif,Blush,Void,Blep,None,Chain,Broom
4883,Shook'um #4883,A looping sheet ghost from Halloween Shook'ums. Three bodies. One skeleton. One clock. Minted on Abstract.,4883.gif,Midnight,Blush,Wink,Halo,Pearls,Pumpkin
4884,Shook'um #4884,A looping sheet ghost from Halloween Shook'ums. Three bodies. One skeleton. One clock. Minted on Abstract.,4884.gif,Void,Void,Normal,Bow,None,None
4885,Shook'um #4885,A looping sheet ghost from Halloween Shook'ums. Three bodies. One skeleton. One clock. Minted on Abstract.,4885.gif,Midnight,Classic,Blep,None,Scarf,Pumpkin
4886,Shook'um #4886,A looping sheet ghost from Halloween Shook'ums. Three bodies. One skeleton. One clock. Minted on Abstract.,4886.gif,Parchment,Classic,Starry,None,Collar,Pumpkin
4887,Shook'um #4887,A looping sheet ghost from Halloween Shook'ums. Three bodies. One skeleton. One clock. Minted on Abstract.,4887.gif,Candy,Classic,Angry,Bow,Scarf,None
4888,Shook'um #4888,A looping sheet ghost from Halloween Shook'ums. Three bodies. One skeleton. One clock. Minted on Abstract.,4888.gif,Midnight,Blush,Spooked,None,Scarf,Pumpkin
4889,Shook'um #4889,A looping sheet ghost from Halloween Shook'ums. Three bodies. One skeleton. One clock. Minted on Abstract.,4889.gif,Blush,Classic,Angry,Crown,Collar,Candy Corn
4890,Shook'um #4890,A looping sheet ghost from Halloween Shook'ums. Three bodies. One skeleton. One clock. Minted on Abstract.,4890.gif,Blush,Classic,Spooked,None,Pearls,None
4891,Shook'um #4891,A looping sheet ghost from Halloween Shook'ums. Three bodies. One skeleton. One clock. Minted on Abstract.,4891.gif,Fog,Classic,Sleepy,Halo,None,None
4892,Shook'um #4892,A looping sheet ghost from Halloween Shook'ums. Three bodies. One skeleton. One clock. Minted on Abstract.,4892.gif,Void,Classic,Normal,Party,Chain,Pumpkin
4893,Shook'um #4893,A looping sheet ghost from Halloween Shook'ums. Three bodies. One skeleton. One clock. Minted on Abstract.,4893.gif,Dusk,Classic,Sleepy,Cat Ears,Collar,None
4894,Shook'um #4894,A looping sheet ghost from Halloween Shook'ums. Three bodies. One skeleton. One clock. Minted on Abstract.,4894.gif,Dusk,Void,Blep,Witch,Chain,Candy
4895,Shook'um #4895,A looping sheet ghost from Halloween Shook'ums. Three bodies. One skeleton. One clock. Minted on Abstract.,4895.gif,Candy,Classic,Sleepy,None,None,Pumpkin
4896,Shook'um #4896,A looping sheet ghost from Halloween Shook'ums. Three bodies. One skeleton. One clock. Minted on Abstract.,4896.gif,Blush,Classic,Blep,Cat Ears,Collar,None
4897,Shook'um #4897,A looping sheet ghost from Halloween Shook'ums. Three bodies. One skeleton. One clock. Minted on Abstract.,4897.gif,Parchment,Void,Spooked,Bow,Collar,Moon
4898,Shook'um #4898,A looping sheet ghost from Halloween Shook'ums. Three bodies. One skeleton. One clock. Minted on Abstract.,4898.gif,Graveyard,Blush,Sad,None,None,Candy Corn
4899,Shook'um #4899,A looping sheet ghost from Halloween Shook'ums. Three bodies. One skeleton. One clock. Minted on Abstract.,4899.gif,Pumpkin,Classic,Sad,Witch,None,Candy Corn
4900,Shook'um #4900,A looping sheet ghost from Halloween Shook'ums. Three bodies. One skeleton. One clock. Minted on Abstract.,4900.gif,Pumpkin,Classic,Spooked,Bow,Chain,None
4901,Shook'um #4901,A looping sheet ghost from Halloween Shook'ums. Three bodies. One skeleton. One clock. Minted on Abstract.,4901.gif,Parchment,Blush,Wink,Pumpkin,Cape,None
4902,Shook'um #4902,A looping sheet ghost from Halloween Shook'ums. Three bodies. One skeleton. One clock. Minted on Abstract.,4902.gif,Void,Void,Spooked,Halo,None,Candy Corn
4903,Shook'um #4903,A looping sheet ghost from Halloween Shook'ums. Three bodies. One skeleton. One clock. Minted on Abstract.,4903.gif,Midnight,Classic,Spooked,Flower,Chain,Pumpkin
4904,Shook'um #4904,A looping sheet ghost from Halloween Shook'ums. Three bodies. One skeleton. One clock. Minted on Abstract.,4904.gif,Pumpkin,Classic,Normal,Pumpkin,None,None
4905,Shook'um #4905,A looping sheet ghost from Halloween Shook'ums. Three bodies. One skeleton. One clock. Minted on Abstract.,4905.gif,Candy,Classic,Angry,Flower,None,None
4906,Shook'um #4906,A looping sheet ghost from Halloween Shook'ums. Three bodies. One skeleton. One clock. Minted on Abstract.,4906.gif,Fog,Classic,Sad,Pumpkin,Pearls,Pumpkin
4907,Shook'um #4907,A looping sheet ghost from Halloween Shook'ums. Three bodies. One skeleton. One clock. Minted on Abstract.,4907.gif,Midnight,Classic,Blep,Witch,Chain,None
4908,Shook'um #4908,A looping sheet ghost from Halloween Shook'ums. Three bodies. One skeleton. One clock. Minted on Abstract.,4908.gif,Candy,Classic,Spooked,None,Collar,Pumpkin
4909,Shook'um #4909,A looping sheet ghost from Halloween Shook'ums. Three bodies. One skeleton. One clock. Minted on Abstract.,4909.gif,Parchment,Classic,Sad,Pumpkin,Chain,Candy Corn
4910,Shook'um #4910,A looping sheet ghost from Halloween Shook'ums. Three bodies. One skeleton. One clock. Minted on Abstract.,4910.gif,Parchment,Classic,Spooked,Pumpkin,None,Pumpkin
4911,Shook'um #4911,A looping sheet ghost from Halloween Shook'ums. Three bodies. One skeleton. One clock. Minted on Abstract.,4911.gif,Blush,Blush,Normal,Cat Ears,Scarf,Candy Corn
4912,Shook'um #4912,A looping sheet ghost from Halloween Shook'ums. Three bodies. One skeleton. One clock. Minted on Abstract.,4912.gif,Blush,Blush,Heart,Pumpkin,None,Bat
4913,Shook'um #4913,A looping sheet ghost from Halloween Shook'ums. Three bodies. One skeleton. One clock. Minted on Abstract.,4913.gif,Candy,Classic,Wink,Bow,Bowtie,Candy Corn
4914,Shook'um #4914,A looping sheet ghost from Halloween Shook'ums. Three bodies. One skeleton. One clock. Minted on Abstract.,4914.gif,Parchment,Classic,Normal,Pumpkin,Collar,None
4915,Shook'um #4915,A looping sheet ghost from Halloween Shook'ums. Three bodies. One skeleton. One clock. Minted on Abstract.,4915.gif,Fog,Classic,Spooked,None,Scarf,Potion
4916,Shook'um #4916,A looping sheet ghost from Halloween Shook'ums. Three bodies. One skeleton. One clock. Minted on Abstract.,4916.gif,Graveyard,Blush,Spooked,None,Collar,Bat
4917,Shook'um #4917,A looping sheet ghost from Halloween Shook'ums. Three bodies. One skeleton. One clock. Minted on Abstract.,4917.gif,Fog,Void,Blep,None,None,Pumpkin
4918,Shook'um #4918,A looping sheet ghost from Halloween Shook'ums. Three bodies. One skeleton. One clock. Minted on Abstract.,4918.gif,Midnight,Classic,Spooked,Party,Chain,Candy Corn
4919,Shook'um #4919,A looping sheet ghost from Halloween Shook'ums. Three bodies. One skeleton. One clock. Minted on Abstract.,4919.gif,Candy,Void,Normal,Halo,Chain,Bat
4920,Shook'um #4920,A looping sheet ghost from Halloween Shook'ums. Three bodies. One skeleton. One clock. Minted on Abstract.,4920.gif,Pumpkin,Void,Normal,Halo,Collar,Pumpkin
4921,Shook'um #4921,A looping sheet ghost from Halloween Shook'ums. Three bodies. One skeleton. One clock. Minted on Abstract.,4921.gif,Midnight,Void,Wink,Witch,Cape,Pumpkin
4922,Shook'um #4922,A looping sheet ghost from Halloween Shook'ums. Three bodies. One skeleton. One clock. Minted on Abstract.,4922.gif,Blood Moon,Blush,Normal,Pumpkin,Chain,Bat
4923,Shook'um #4923,A looping sheet ghost from Halloween Shook'ums. Three bodies. One skeleton. One clock. Minted on Abstract.,4923.gif,Midnight,Blush,Sparkly,Bow,Chain,Bat
4924,Shook'um #4924,A looping sheet ghost from Halloween Shook'ums. Three bodies. One skeleton. One clock. Minted on Abstract.,4924.gif,Graveyard,Blush,Blep,Witch,Chain,Pumpkin
4925,Shook'um #4925,A looping sheet ghost from Halloween Shook'ums. Three bodies. One skeleton. One clock. Minted on Abstract.,4925.gif,Midnight,Blush,Blep,None,Pearls,Potion
4926,Shook'um #4926,A looping sheet ghost from Halloween Shook'ums. Three bodies. One skeleton. One clock. Minted on Abstract.,4926.gif,Parchment,Blush,Wink,None,Bowtie,Candy Corn
4927,Shook'um #4927,A looping sheet ghost from Halloween Shook'ums. Three bodies. One skeleton. One clock. Minted on Abstract.,4927.gif,Blush,Blush,Wink,None,Scarf,Pumpkin
4928,Shook'um #4928,A looping sheet ghost from Halloween Shook'ums. Three bodies. One skeleton. One clock. Minted on Abstract.,4928.gif,Blush,Classic,Starry,Witch,None,Bat
4929,Shook'um #4929,A looping sheet ghost from Halloween Shook'ums. Three bodies. One skeleton. One clock. Minted on Abstract.,4929.gif,Blood Moon,Classic,Angry,Bow,None,None
4930,Shook'um #4930,A looping sheet ghost from Halloween Shook'ums. Three bodies. One skeleton. One clock. Minted on Abstract.,4930.gif,Candy,Classic,Spooked,Cat Ears,Cape,Potion
4931,Shook'um #4931,A looping sheet ghost from Halloween Shook'ums. Three bodies. One skeleton. One clock. Minted on Abstract.,4931.gif,Candy,Void,Starry,Wizard,Pearls,None
4932,Shook'um #4932,A looping sheet ghost from Halloween Shook'ums. Three bodies. One skeleton. One clock. Minted on Abstract.,4932.gif,Midnight,Classic,Normal,Crown,Bowtie,Candy
4933,Shook'um #4933,A looping sheet ghost from Halloween Shook'ums. Three bodies. One skeleton. One clock. Minted on Abstract.,4933.gif,Pumpkin,Void,Starry,Witch,None,Broom
4934,Shook'um #4934,A looping sheet ghost from Halloween Shook'ums. Three bodies. One skeleton. One clock. Minted on Abstract.,4934.gif,Candy,Blush,Spooked,Wizard,Scarf,Pumpkin
4935,Shook'um #4935,A looping sheet ghost from Halloween Shook'ums. Three bodies. One skeleton. One clock. Minted on Abstract.,4935.gif,Graveyard,Blush,Heart,None,Chain,Broom
4936,Shook'um #4936,A looping sheet ghost from Halloween Shook'ums. Three bodies. One skeleton. One clock. Minted on Abstract.,4936.gif,Pumpkin,Classic,Wink,Party,None,None
4937,Shook'um #4937,A looping sheet ghost from Halloween Shook'ums. Three bodies. One skeleton. One clock. Minted on Abstract.,4937.gif,Parchment,Blush,Angry,None,None,None
4938,Shook'um #4938,A looping sheet ghost from Halloween Shook'ums. Three bodies. One skeleton. One clock. Minted on Abstract.,4938.gif,Candy,Blush,Sleepy,Flower,None,Pumpkin
4939,Shook'um #4939,A looping sheet ghost from Halloween Shook'ums. Three bodies. One skeleton. One clock. Minted on Abstract.,4939.gif,Graveyard,Blush,Sad,Witch,Pearls,None
4940,Shook'um #4940,A looping sheet ghost from Halloween Shook'ums. Three bodies. One skeleton. One clock. Minted on Abstract.,4940.gif,Parchment,Classic,Blep,Halo,None,Candy
4941,Shook'um #4941,A looping sheet ghost from Halloween Shook'ums. Three bodies. One skeleton. One clock. Minted on Abstract.,4941.gif,Parchment,Void,Normal,Cat Ears,Scarf,Candy Corn
4942,Shook'um #4942,A looping sheet ghost from Halloween Shook'ums. Three bodies. One skeleton. One clock. Minted on Abstract.,4942.gif,Fog,Classic,Normal,None,Cape,Bat
4943,Shook'um #4943,A looping sheet ghost from Halloween Shook'ums. Three bodies. One skeleton. One clock. Minted on Abstract.,4943.gif,Blood Moon,Classic,Sparkly,Pumpkin,None,Candy
4944,Shook'um #4944,A looping sheet ghost from Halloween Shook'ums. Three bodies. One skeleton. One clock. Minted on Abstract.,4944.gif,Blush,Classic,Spooked,None,Chain,Candy
4945,Shook'um #4945,A looping sheet ghost from Halloween Shook'ums. Three bodies. One skeleton. One clock. Minted on Abstract.,4945.gif,Dusk,Blush,Sleepy,None,Cape,Candy Corn
4946,Shook'um #4946,A looping sheet ghost from Halloween Shook'ums. Three bodies. One skeleton. One clock. Minted on Abstract.,4946.gif,Parchment,Blush,Normal,Cat Ears,Chain,None
4947,Shook'um #4947,A looping sheet ghost from Halloween Shook'ums. Three bodies. One skeleton. One clock. Minted on Abstract.,4947.gif,Midnight,Blush,Wink,Flower,Chain,Candy
4948,Shook'um #4948,A looping sheet ghost from Halloween Shook'ums. Three bodies. One skeleton. One clock. Minted on Abstract.,4948.gif,Graveyard,Classic,Spooked,Crown,Scarf,Bat
4949,Shook'um #4949,A looping sheet ghost from Halloween Shook'ums. Three bodies. One skeleton. One clock. Minted on Abstract.,4949.gif,Midnight,Classic,Normal,Witch,Bowtie,Bat
4950,Shook'um #4950,A looping sheet ghost from Halloween Shook'ums. Three bodies. One skeleton. One clock. Minted on Abstract.,4950.gif,Blood Moon,Blush,Starry,None,Chain,Broom
4951,Shook'um #4951,A looping sheet ghost from Halloween Shook'ums. Three bodies. One skeleton. One clock. Minted on Abstract.,4951.gif,Pumpkin,Classic,Normal,Flower,None,Pumpkin
4952,Shook'um #4952,A looping sheet ghost from Halloween Shook'ums. Three bodies. One skeleton. One clock. Minted on Abstract.,4952.gif,Blush,Void,Sparkly,Witch,None,None
4953,Shook'um #4953,A looping sheet ghost from Halloween Shook'ums. Three bodies. One skeleton. One clock. Minted on Abstract.,4953.gif,Pumpkin,Void,Sad,Witch,Scarf,Potion
4954,Shook'um #4954,A looping sheet ghost from Halloween Shook'ums. Three bodies. One skeleton. One clock. Minted on Abstract.,4954.gif,Dusk,Classic,Sleepy,None,Chain,Bat
4955,Shook'um #4955,A looping sheet ghost from Halloween Shook'ums. Three bodies. One skeleton. One clock. Minted on Abstract.,4955.gif,Midnight,Blush,Blep,None,Scarf,Potion
4956,Shook'um #4956,A looping sheet ghost from Halloween Shook'ums. Three bodies. One skeleton. One clock. Minted on Abstract.,4956.gif,Blush,Void,Angry,Cat Ears,None,Broom
4957,Shook'um #4957,A looping sheet ghost from Halloween Shook'ums. Three bodies. One skeleton. One clock. Minted on Abstract.,4957.gif,Parchment,Blush,Sleepy,Pumpkin,None,Moon
4958,Shook'um #4958,A looping sheet ghost from Halloween Shook'ums. Three bodies. One skeleton. One clock. Minted on Abstract.,4958.gif,Parchment,Classic,Normal,Pumpkin,Chain,Candy
4959,Shook'um #4959,A looping sheet ghost from Halloween Shook'ums. Three bodies. One skeleton. One clock. Minted on Abstract.,4959.gif,Fog,Classic,Normal,Cat Ears,None,Candy
4960,Shook'um #4960,A looping sheet ghost from Halloween Shook'ums. Three bodies. One skeleton. One clock. Minted on Abstract.,4960.gif,Candy,Blush,Normal,Witch,Chain,Pumpkin
4961,Shook'um #4961,A looping sheet ghost from Halloween Shook'ums. Three bodies. One skeleton. One clock. Minted on Abstract.,4961.gif,Parchment,Classic,Blep,Witch,Pearls,Pumpkin
4962,Shook'um #4962,A looping sheet ghost from Halloween Shook'ums. Three bodies. One skeleton. One clock. Minted on Abstract.,4962.gif,Fog,Classic,Sparkly,Flower,Chain,Pumpkin
4963,Shook'um #4963,A looping sheet ghost from Halloween Shook'ums. Three bodies. One skeleton. One clock. Minted on Abstract.,4963.gif,Graveyard,Classic,Normal,Witch,Scarf,Bat
4964,Shook'um #4964,A looping sheet ghost from Halloween Shook'ums. Three bodies. One skeleton. One clock. Minted on Abstract.,4964.gif,Pumpkin,Void,Normal,Witch,Collar,Pumpkin
4965,Shook'um #4965,A looping sheet ghost from Halloween Shook'ums. Three bodies. One skeleton. One clock. Minted on Abstract.,4965.gif,Midnight,Void,Sleepy,Bow,None,None
4966,Shook'um #4966,A looping sheet ghost from Halloween Shook'ums. Three bodies. One skeleton. One clock. Minted on Abstract.,4966.gif,Pumpkin,Void,Normal,None,Collar,Broom
4967,Shook'um #4967,A looping sheet ghost from Halloween Shook'ums. Three bodies. One skeleton. One clock. Minted on Abstract.,4967.gif,Pumpkin,Classic,Blep,Flower,Collar,None
4968,Shook'um #4968,A looping sheet ghost from Halloween Shook'ums. Three bodies. One skeleton. One clock. Minted on Abstract.,4968.gif,Candy,Blush,Sleepy,None,Chain,Moon
4969,Shook'um #4969,A looping sheet ghost from Halloween Shook'ums. Three bodies. One skeleton. One clock. Minted on Abstract.,4969.gif,Candy,Classic,Blep,Bow,Chain,None
4970,Shook'um #4970,A looping sheet ghost from Halloween Shook'ums. Three bodies. One skeleton. One clock. Minted on Abstract.,4970.gif,Pumpkin,Classic,Blep,Pumpkin,None,Candy Corn
4971,Shook'um #4971,A looping sheet ghost from Halloween Shook'ums. Three bodies. One skeleton. One clock. Minted on Abstract.,4971.gif,Blood Moon,Classic,Starry,Wizard,Scarf,Candy
4972,Shook'um #4972,A looping sheet ghost from Halloween Shook'ums. Three bodies. One skeleton. One clock. Minted on Abstract.,4972.gif,Parchment,Classic,Sleepy,Pumpkin,Scarf,Broom
4973,Shook'um #4973,A looping sheet ghost from Halloween Shook'ums. Three bodies. One skeleton. One clock. Minted on Abstract.,4973.gif,Dusk,Classic,Normal,None,Cape,None
4974,Shook'um #4974,A looping sheet ghost from Halloween Shook'ums. Three bodies. One skeleton. One clock. Minted on Abstract.,4974.gif,Midnight,Classic,Blep,Bow,Bowtie,None
4975,Shook'um #4975,A looping sheet ghost from Halloween Shook'ums. Three bodies. One skeleton. One clock. Minted on Abstract.,4975.gif,Blood Moon,Blush,Sad,Cat Ears,Chain,None
4976,Shook'um #4976,A looping sheet ghost from Halloween Shook'ums. Three bodies. One skeleton. One clock. Minted on Abstract.,4976.gif,Blood Moon,Classic,Sad,None,Collar,Potion
4977,Shook'um #4977,A looping sheet ghost from Halloween Shook'ums. Three bodies. One skeleton. One clock. Minted on Abstract.,4977.gif,Blush,Void,Blep,Bow,Collar,Potion
4978,Shook'um #4978,A looping sheet ghost from Halloween Shook'ums. Three bodies. One skeleton. One clock. Minted on Abstract.,4978.gif,Blush,Classic,Blep,None,Chain,Bat
4979,Shook'um #4979,A looping sheet ghost from Halloween Shook'ums. Three bodies. One skeleton. One clock. Minted on Abstract.,4979.gif,Pumpkin,Classic,Spooked,Pumpkin,Scarf,Candy
4980,Shook'um #4980,A looping sheet ghost from Halloween Shook'ums. Three bodies. One skeleton. One clock. Minted on Abstract.,4980.gif,Fog,Blush,Normal,Flower,Chain,None
4981,Shook'um #4981,A looping sheet ghost from Halloween Shook'ums. Three bodies. One skeleton. One clock. Minted on Abstract.,4981.gif,Blush,Classic,Normal,Pumpkin,Collar,Potion
4982,Shook'um #4982,A looping sheet ghost from Halloween Shook'ums. Three bodies. One skeleton. One clock. Minted on Abstract.,4982.gif,Pumpkin,Classic,Sleepy,Halo,Bowtie,Pumpkin
4983,Shook'um #4983,A looping sheet ghost from Halloween Shook'ums. Three bodies. One skeleton. One clock. Minted on Abstract.,4983.gif,Blood Moon,Classic,Sleepy,Witch,Collar,Candy Corn
4984,Shook'um #4984,A looping sheet ghost from Halloween Shook'ums. Three bodies. One skeleton. One clock. Minted on Abstract.,4984.gif,Blush,Blush,Angry,Witch,Chain,None
4985,Shook'um #4985,A looping sheet ghost from Halloween Shook'ums. Three bodies. One skeleton. One clock. Minted on Abstract.,4985.gif,Blood Moon,Void,Starry,Bow,None,None
4986,Shook'um #4986,A looping sheet ghost from Halloween Shook'ums. Three bodies. One skeleton. One clock. Minted on Abstract.,4986.gif,Fog,Blush,Wink,Party,Bowtie,Moon
4987,Shook'um #4987,A looping sheet ghost from Halloween Shook'ums. Three bodies. One skeleton. One clock. Minted on Abstract.,4987.gif,Dusk,Blush,Blep,Cat Ears,None,Pumpkin
4988,Shook'um #4988,A looping sheet ghost from Halloween Shook'ums. Three bodies. One skeleton. One clock. Minted on Abstract.,4988.gif,Blush,Blush,Sparkly,Flower,Pearls,Candy
4989,Shook'um #4989,A looping sheet ghost from Halloween Shook'ums. Three bodies. One skeleton. One clock. Minted on Abstract.,4989.gif,Pumpkin,Blush,Heart,Bow,None,None
4990,Shook'um #4990,A looping sheet ghost from Halloween Shook'ums. Three bodies. One skeleton. One clock. Minted on Abstract.,4990.gif,Midnight,Void,Sad,None,None,Pumpkin
4991,Shook'um #4991,A looping sheet ghost from Halloween Shook'ums. Three bodies. One skeleton. One clock. Minted on Abstract.,4991.gif,Midnight,Blush,Sparkly,None,Cape,None
4992,Shook'um #4992,A looping sheet ghost from Halloween Shook'ums. Three bodies. One skeleton. One clock. Minted on Abstract.,4992.gif,Fog,Classic,Sad,Bow,None,None
4993,Shook'um #4993,A looping sheet ghost from Halloween Shook'ums. Three bodies. One skeleton. One clock. Minted on Abstract.,4993.gif,Fog,Classic,Starry,Pumpkin,Collar,Moon
4994,Shook'um #4994,A looping sheet ghost from Halloween Shook'ums. Three bodies. One skeleton. One clock. Minted on Abstract.,4994.gif,Blood Moon,Classic,Wink,Cat Ears,None,Candy Corn
4995,Shook'um #4995,A looping sheet ghost from Halloween Shook'ums. Three bodies. One skeleton. One clock. Minted on Abstract.,4995.gif,Midnight,Classic,Spooked,Halo,Chain,None
4996,Shook'um #4996,A looping sheet ghost from Halloween Shook'ums. Three bodies. One skeleton. One clock. Minted on Abstract.,4996.gif,Dusk,Void,Normal,Wizard,Bowtie,None
4997,Shook'um #4997,A looping sheet ghost from Halloween Shook'ums. Three bodies. One skeleton. One clock. Minted on Abstract.,4997.gif,Midnight,Classic,Spooked,Crown,Collar,Pumpkin
4998,Shook'um #4998,A looping sheet ghost from Halloween Shook'ums. Three bodies. One skeleton. One clock. Minted on Abstract.,4998.gif,Blood Moon,Classic,Sleepy,None,Cape,None
4999,Shook'um #4999,A looping sheet ghost from Halloween Shook'ums. Three bodies. One skeleton. One clock. Minted on Abstract.,4999.gif,Candy,Blush,Normal,Pumpkin,Pearls,None
5000,Shook'um #5000,A looping sheet ghost from Halloween Shook'ums. Three bodies. One skeleton. One clock. Minted on Abstract.,5000.gif,Pumpkin,Blush,Sad,None,Collar,Bat
5001,Shook'um #5001,A looping sheet ghost from Halloween Shook'ums. Three bodies. One skeleton. One clock. Minted on Abstract.,5001.gif,Pumpkin,Classic,Sleepy,Halo,None,Candy
5002,Shook'um #5002,A looping sheet ghost from Halloween Shook'ums. Three bodies. One skeleton. One clock. Minted on Abstract.,5002.gif,Fog,Classic,Starry,Witch,Chain,None
5003,Shook'um #5003,A looping sheet ghost from Halloween Shook'ums. Three bodies. One skeleton. One clock. Minted on Abstract.,5003.gif,Midnight,Blush,Normal,Witch,None,Pumpkin
5004,Shook'um #5004,A looping sheet ghost from Halloween Shook'ums. Three bodies. One skeleton. One clock. Minted on Abstract.,5004.gif,Blood Moon,Classic,Spooked,Halo,Collar,None
5005,Shook'um #5005,A looping sheet ghost from Halloween Shook'ums. Three bodies. One skeleton. One clock. Minted on Abstract.,5005.gif,Parchment,Void,Normal,Flower,Cape,Bat
5006,Shook'um #5006,A looping sheet ghost from Halloween Shook'ums. Three bodies. One skeleton. One clock. Minted on Abstract.,5006.gif,Graveyard,Classic,Spooked,Party,None,None
5007,Shook'um #5007,A looping sheet ghost from Halloween Shook'ums. Three bodies. One skeleton. One clock. Minted on Abstract.,5007.gif,Graveyard,Classic,Sleepy,None,Chain,Broom
5008,Shook'um #5008,A looping sheet ghost from Halloween Shook'ums. Three bodies. One skeleton. One clock. Minted on Abstract.,5008.gif,Candy,Void,Sad,Wizard,Scarf,Bat
5009,Shook'um #5009,A looping sheet ghost from Halloween Shook'ums. Three bodies. One skeleton. One clock. Minted on Abstract.,5009.gif,Parchment,Void,Angry,None,Pearls,Broom
5010,Shook'um #5010,A looping sheet ghost from Halloween Shook'ums. Three bodies. One skeleton. One clock. Minted on Abstract.,5010.gif,Blush,Classic,Normal,Flower,Pearls,None
5011,Shook'um #5011,A looping sheet ghost from Halloween Shook'ums. Three bodies. One skeleton. One clock. Minted on Abstract.,5011.gif,Graveyard,Void,Sleepy,None,Chain,Candy
5012,Shook'um #5012,A looping sheet ghost from Halloween Shook'ums. Three bodies. One skeleton. One clock. Minted on Abstract.,5012.gif,Fog,Blush,Blep,Bow,Bowtie,Candy
5013,Shook'um #5013,A looping sheet ghost from Halloween Shook'ums. Three bodies. One skeleton. One clock. Minted on Abstract.,5013.gif,Midnight,Classic,Blep,Flower,Bowtie,Pumpkin
5014,Shook'um #5014,A looping sheet ghost from Halloween Shook'ums. Three bodies. One skeleton. One clock. Minted on Abstract.,5014.gif,Parchment,Classic,Angry,None,None,Moon
5015,Shook'um #5015,A looping sheet ghost from Halloween Shook'ums. Three bodies. One skeleton. One clock. Minted on Abstract.,5015.gif,Graveyard,Blush,Wink,Pumpkin,Scarf,Bat
5016,Shook'um #5016,A looping sheet ghost from Halloween Shook'ums. Three bodies. One skeleton. One clock. Minted on Abstract.,5016.gif,Blood Moon,Classic,Spooked,Halo,None,Pumpkin
5017,Shook'um #5017,A looping sheet ghost from Halloween Shook'ums. Three bodies. One skeleton. One clock. Minted on Abstract.,5017.gif,Parchment,Classic,Blep,Pumpkin,None,Candy Corn
5018,Shook'um #5018,A looping sheet ghost from Halloween Shook'ums. Three bodies. One skeleton. One clock. Minted on Abstract.,5018.gif,Midnight,Classic,Starry,Bow,None,Candy
5019,Shook'um #5019,A looping sheet ghost from Halloween Shook'ums. Three bodies. One skeleton. One clock. Minted on Abstract.,5019.gif,Dusk,Blush,Starry,Witch,Chain,None
5020,Shook'um #5020,A looping sheet ghost from Halloween Shook'ums. Three bodies. One skeleton. One clock. Minted on Abstract.,5020.gif,Candy,Void,Spooked,None,Pearls,None
5021,Shook'um #5021,A looping sheet ghost from Halloween Shook'ums. Three bodies. One skeleton. One clock. Minted on Abstract.,5021.gif,Fog,Classic,Starry,Pumpkin,Chain,Candy Corn
5022,Shook'um #5022,A looping sheet ghost from Halloween Shook'ums. Three bodies. One skeleton. One clock. Minted on Abstract.,5022.gif,Candy,Classic,Angry,Witch,None,Bat
5023,Shook'um #5023,A looping sheet ghost from Halloween Shook'ums. Three bodies. One skeleton. One clock. Minted on Abstract.,5023.gif,Pumpkin,Blush,Sleepy,Bow,Collar,Pumpkin
5024,Shook'um #5024,A looping sheet ghost from Halloween Shook'ums. Three bodies. One skeleton. One clock. Minted on Abstract.,5024.gif,Void,Classic,Angry,None,Collar,Potion
5025,Shook'um #5025,A looping sheet ghost from Halloween Shook'ums. Three bodies. One skeleton. One clock. Minted on Abstract.,5025.gif,Blush,Classic,Sleepy,None,Pearls,Pumpkin
5026,Shook'um #5026,A looping sheet ghost from Halloween Shook'ums. Three bodies. One skeleton. One clock. Minted on Abstract.,5026.gif,Candy,Classic,Wink,Crown,None,Broom
5027,Shook'um #5027,A looping sheet ghost from Halloween Shook'ums. Three bodies. One skeleton. One clock. Minted on Abstract.,5027.gif,Blood Moon,Void,Normal,Halo,None,None
5028,Shook'um #5028,A looping sheet ghost from Halloween Shook'ums. Three bodies. One skeleton. One clock. Minted on Abstract.,5028.gif,Dusk,Blush,Sparkly,None,None,Candy
5029,Shook'um #5029,A looping sheet ghost from Halloween Shook'ums. Three bodies. One skeleton. One clock. Minted on Abstract.,5029.gif,Pumpkin,Blush,Normal,Witch,None,None
5030,Shook'um #5030,A looping sheet ghost from Halloween Shook'ums. Three bodies. One skeleton. One clock. Minted on Abstract.,5030.gif,Pumpkin,Void,Sad,Pumpkin,None,Candy
5031,Shook'um #5031,A looping sheet ghost from Halloween Shook'ums. Three bodies. One skeleton. One clock. Minted on Abstract.,5031.gif,Parchment,Classic,Blep,None,Chain,Bat
5032,Shook'um #5032,A looping sheet ghost from Halloween Shook'ums. Three bodies. One skeleton. One clock. Minted on Abstract.,5032.gif,Pumpkin,Classic,Normal,Witch,Scarf,Moon
5033,Shook'um #5033,A looping sheet ghost from Halloween Shook'ums. Three bodies. One skeleton. One clock. Minted on Abstract.,5033.gif,Parchment,Classic,Wink,Pumpkin,Chain,Candy
5034,Shook'um #5034,A looping sheet ghost from Halloween Shook'ums. Three bodies. One skeleton. One clock. Minted on Abstract.,5034.gif,Candy,Blush,Angry,None,None,Potion
5035,Shook'um #5035,A looping sheet ghost from Halloween Shook'ums. Three bodies. One skeleton. One clock. Minted on Abstract.,5035.gif,Midnight,Classic,Heart,Pumpkin,Scarf,Moon
5036,Shook'um #5036,A looping sheet ghost from Halloween Shook'ums. Three bodies. One skeleton. One clock. Minted on Abstract.,5036.gif,Midnight,Blush,Normal,Party,Collar,None
5037,Shook'um #5037,A looping sheet ghost from Halloween Shook'ums. Three bodies. One skeleton. One clock. Minted on Abstract.,5037.gif,Blush,Classic,Normal,Bow,Bowtie,Potion
5038,Shook'um #5038,A looping sheet ghost from Halloween Shook'ums. Three bodies. One skeleton. One clock. Minted on Abstract.,5038.gif,Midnight,Classic,Sleepy,Pumpkin,Scarf,None
5039,Shook'um #5039,A looping sheet ghost from Halloween Shook'ums. Three bodies. One skeleton. One clock. Minted on Abstract.,5039.gif,Parchment,Classic,Wink,Halo,Collar,None
5040,Shook'um #5040,A looping sheet ghost from Halloween Shook'ums. Three bodies. One skeleton. One clock. Minted on Abstract.,5040.gif,Pumpkin,Classic,Wink,None,None,Broom
5041,Shook'um #5041,A looping sheet ghost from Halloween Shook'ums. Three bodies. One skeleton. One clock. Minted on Abstract.,5041.gif,Dusk,Blush,Starry,Crown,None,Potion
5042,Shook'um #5042,A looping sheet ghost from Halloween Shook'ums. Three bodies. One skeleton. One clock. Minted on Abstract.,5042.gif,Pumpkin,Classic,Sleepy,Flower,Scarf,Broom
5043,Shook'um #5043,A looping sheet ghost from Halloween Shook'ums. Three bodies. One skeleton. One clock. Minted on Abstract.,5043.gif,Pumpkin,Classic,Sad,None,None,Candy
5044,Shook'um #5044,A looping sheet ghost from Halloween Shook'ums. Three bodies. One skeleton. One clock. Minted on Abstract.,5044.gif,Blush,Classic,Spooked,Witch,None,Candy
5045,Shook'um #5045,A looping sheet ghost from Halloween Shook'ums. Three bodies. One skeleton. One clock. Minted on Abstract.,5045.gif,Parchment,Blush,Starry,None,None,Bat
5046,Shook'um #5046,A looping sheet ghost from Halloween Shook'ums. Three bodies. One skeleton. One clock. Minted on Abstract.,5046.gif,Midnight,Classic,Blep,None,Pearls,Moon
5047,Shook'um #5047,A looping sheet ghost from Halloween Shook'ums. Three bodies. One skeleton. One clock. Minted on Abstract.,5047.gif,Parchment,Void,Blep,Party,Pearls,Broom
5048,Shook'um #5048,A looping sheet ghost from Halloween Shook'ums. Three bodies. One skeleton. One clock. Minted on Abstract.,5048.gif,Fog,Classic,Blep,Party,None,Moon
5049,Shook'um #5049,A looping sheet ghost from Halloween Shook'ums. Three bodies. One skeleton. One clock. Minted on Abstract.,5049.gif,Blood Moon,Blush,Normal,None,Collar,Candy Corn
5050,Shook'um #5050,A looping sheet ghost from Halloween Shook'ums. Three bodies. One skeleton. One clock. Minted on Abstract.,5050.gif,Fog,Classic,Angry,Bow,None,None
5051,Shook'um #5051,A looping sheet ghost from Halloween Shook'ums. Three bodies. One skeleton. One clock. Minted on Abstract.,5051.gif,Pumpkin,Blush,Blep,Wizard,Collar,Candy
5052,Shook'um #5052,A looping sheet ghost from Halloween Shook'ums. Three bodies. One skeleton. One clock. Minted on Abstract.,5052.gif,Candy,Void,Starry,Cat Ears,Cape,Potion
5053,Shook'um #5053,A looping sheet ghost from Halloween Shook'ums. Three bodies. One skeleton. One clock. Minted on Abstract.,5053.gif,Dusk,Blush,Starry,None,None,Pumpkin
5054,Shook'um #5054,A looping sheet ghost from Halloween Shook'ums. Three bodies. One skeleton. One clock. Minted on Abstract.,5054.gif,Fog,Classic,Blep,None,Collar,Pumpkin
5055,Shook'um #5055,A looping sheet ghost from Halloween Shook'ums. Three bodies. One skeleton. One clock. Minted on Abstract.,5055.gif,Pumpkin,Classic,Blep,None,None,Bat
5056,Shook'um #5056,A looping sheet ghost from Halloween Shook'ums. Three bodies. One skeleton. One clock. Minted on Abstract.,5056.gif,Blush,Classic,Normal,Witch,Chain,None
5057,Shook'um #5057,A looping sheet ghost from Halloween Shook'ums. Three bodies. One skeleton. One clock. Minted on Abstract.,5057.gif,Graveyard,Blush,Spooked,Witch,Bowtie,None
5058,Shook'um #5058,A looping sheet ghost from Halloween Shook'ums. Three bodies. One skeleton. One clock. Minted on Abstract.,5058.gif,Parchment,Blush,Wink,Cat Ears,Chain,Moon
5059,Shook'um #5059,A looping sheet ghost from Halloween Shook'ums. Three bodies. One skeleton. One clock. Minted on Abstract.,5059.gif,Dusk,Void,Sleepy,Halo,Scarf,Bat
5060,Shook'um #5060,A looping sheet ghost from Halloween Shook'ums. Three bodies. One skeleton. One clock. Minted on Abstract.,5060.gif,Blush,Classic,Sparkly,None,Pearls,Broom
5061,Shook'um #5061,A looping sheet ghost from Halloween Shook'ums. Three bodies. One skeleton. One clock. Minted on Abstract.,5061.gif,Pumpkin,Void,Heart,Flower,None,None
5062,Shook'um #5062,A looping sheet ghost from Halloween Shook'ums. Three bodies. One skeleton. One clock. Minted on Abstract.,5062.gif,Fog,Classic,Angry,None,Chain,Pumpkin
5063,Shook'um #5063,A looping sheet ghost from Halloween Shook'ums. Three bodies. One skeleton. One clock. Minted on Abstract.,5063.gif,Pumpkin,Blush,Spooked,Pumpkin,Chain,Pumpkin
5064,Shook'um #5064,A looping sheet ghost from Halloween Shook'ums. Three bodies. One skeleton. One clock. Minted on Abstract.,5064.gif,Void,Void,Wink,Halo,None,Potion
5065,Shook'um #5065,A looping sheet ghost from Halloween Shook'ums. Three bodies. One skeleton. One clock. Minted on Abstract.,5065.gif,Dusk,Classic,Normal,Bow,Cape,Potion
5066,Shook'um #5066,A looping sheet ghost from Halloween Shook'ums. Three bodies. One skeleton. One clock. Minted on Abstract.,5066.gif,Void,Void,Normal,Cat Ears,Scarf,Candy
5067,Shook'um #5067,A looping sheet ghost from Halloween Shook'ums. Three bodies. One skeleton. One clock. Minted on Abstract.,5067.gif,Midnight,Blush,Normal,Halo,Collar,None
5068,Shook'um #5068,A looping sheet ghost from Halloween Shook'ums. Three bodies. One skeleton. One clock. Minted on Abstract.,5068.gif,Blush,Blush,Sleepy,Pumpkin,Scarf,Broom
5069,Shook'um #5069,A looping sheet ghost from Halloween Shook'ums. Three bodies. One skeleton. One clock. Minted on Abstract.,5069.gif,Graveyard,Classic,Spooked,Party,Bowtie,Potion
5070,Shook'um #5070,A looping sheet ghost from Halloween Shook'ums. Three bodies. One skeleton. One clock. Minted on Abstract.,5070.gif,Blush,Classic,Wink,None,Pearls,Broom
5071,Shook'um #5071,A looping sheet ghost from Halloween Shook'ums. Three bodies. One skeleton. One clock. Minted on Abstract.,5071.gif,Dusk,Classic,Sparkly,Flower,Scarf,None
5072,Shook'um #5072,A looping sheet ghost from Halloween Shook'ums. Three bodies. One skeleton. One clock. Minted on Abstract.,5072.gif,Void,Classic,Normal,Witch,Bowtie,Pumpkin
5073,Shook'um #5073,A looping sheet ghost from Halloween Shook'ums. Three bodies. One skeleton. One clock. Minted on Abstract.,5073.gif,Blush,Classic,Blep,Witch,Pearls,Pumpkin
5074,Shook'um #5074,A looping sheet ghost from Halloween Shook'ums. Three bodies. One skeleton. One clock. Minted on Abstract.,5074.gif,Candy,Classic,Normal,Party,Scarf,Moon
5075,Shook'um #5075,A looping sheet ghost from Halloween Shook'ums. Three bodies. One skeleton. One clock. Minted on Abstract.,5075.gif,Blood Moon,Classic,Sleepy,Flower,Collar,Pumpkin
5076,Shook'um #5076,A looping sheet ghost from Halloween Shook'ums. Three bodies. One skeleton. One clock. Minted on Abstract.,5076.gif,Midnight,Blush,Blep,None,Chain,None
5077,Shook'um #5077,A looping sheet ghost from Halloween Shook'ums. Three bodies. One skeleton. One clock. Minted on Abstract.,5077.gif,Blush,Blush,Blep,Wizard,Scarf,Candy
5078,Shook'um #5078,A looping sheet ghost from Halloween Shook'ums. Three bodies. One skeleton. One clock. Minted on Abstract.,5078.gif,Candy,Blush,Spooked,Wizard,Scarf,None
5079,Shook'um #5079,A looping sheet ghost from Halloween Shook'ums. Three bodies. One skeleton. One clock. Minted on Abstract.,5079.gif,Blush,Classic,Blep,Witch,None,Pumpkin
5080,Shook'um #5080,A looping sheet ghost from Halloween Shook'ums. Three bodies. One skeleton. One clock. Minted on Abstract.,5080.gif,Candy,Blush,Spooked,Cat Ears,Scarf,Broom
5081,Shook'um #5081,A looping sheet ghost from Halloween Shook'ums. Three bodies. One skeleton. One clock. Minted on Abstract.,5081.gif,Graveyard,Classic,Angry,Witch,Chain,Potion
5082,Shook'um #5082,A looping sheet ghost from Halloween Shook'ums. Three bodies. One skeleton. One clock. Minted on Abstract.,5082.gif,Pumpkin,Blush,Spooked,Flower,Pearls,Pumpkin
5083,Shook'um #5083,A looping sheet ghost from Halloween Shook'ums. Three bodies. One skeleton. One clock. Minted on Abstract.,5083.gif,Midnight,Classic,Sleepy,Witch,Chain,None
5084,Shook'um #5084,A looping sheet ghost from Halloween Shook'ums. Three bodies. One skeleton. One clock. Minted on Abstract.,5084.gif,Candy,Void,Wink,None,Cape,None
5085,Shook'um #5085,A looping sheet ghost from Halloween Shook'ums. Three bodies. One skeleton. One clock. Minted on Abstract.,5085.gif,Pumpkin,Classic,Spooked,None,None,Bat
5086,Shook'um #5086,A looping sheet ghost from Halloween Shook'ums. Three bodies. One skeleton. One clock. Minted on Abstract.,5086.gif,Candy,Void,Spooked,Halo,Bowtie,Candy
5087,Shook'um #5087,A looping sheet ghost from Halloween Shook'ums. Three bodies. One skeleton. One clock. Minted on Abstract.,5087.gif,Graveyard,Blush,Blep,None,Bowtie,Pumpkin
5088,Shook'um #5088,A looping sheet ghost from Halloween Shook'ums. Three bodies. One skeleton. One clock. Minted on Abstract.,5088.gif,Void,Void,Normal,None,None,Broom
5089,Shook'um #5089,A looping sheet ghost from Halloween Shook'ums. Three bodies. One skeleton. One clock. Minted on Abstract.,5089.gif,Pumpkin,Blush,Normal,Bow,None,None
5090,Shook'um #5090,A looping sheet ghost from Halloween Shook'ums. Three bodies. One skeleton. One clock. Minted on Abstract.,5090.gif,Candy,Classic,Blep,Wizard,Collar,Broom
5091,Shook'um #5091,A looping sheet ghost from Halloween Shook'ums. Three bodies. One skeleton. One clock. Minted on Abstract.,5091.gif,Pumpkin,Classic,Sleepy,Pumpkin,None,Candy Corn
5092,Shook'um #5092,A looping sheet ghost from Halloween Shook'ums. Three bodies. One skeleton. One clock. Minted on Abstract.,5092.gif,Fog,Classic,Heart,Pumpkin,Cape,Candy
5093,Shook'um #5093,A looping sheet ghost from Halloween Shook'ums. Three bodies. One skeleton. One clock. Minted on Abstract.,5093.gif,Parchment,Classic,Sparkly,Wizard,None,Bat
5094,Shook'um #5094,A looping sheet ghost from Halloween Shook'ums. Three bodies. One skeleton. One clock. Minted on Abstract.,5094.gif,Dusk,Classic,Sleepy,Cat Ears,Collar,Potion
5095,Shook'um #5095,A looping sheet ghost from Halloween Shook'ums. Three bodies. One skeleton. One clock. Minted on Abstract.,5095.gif,Midnight,Classic,Sparkly,Party,None,None
5096,Shook'um #5096,A looping sheet ghost from Halloween Shook'ums. Three bodies. One skeleton. One clock. Minted on Abstract.,5096.gif,Void,Classic,Normal,Bow,None,Candy
5097,Shook'um #5097,A looping sheet ghost from Halloween Shook'ums. Three bodies. One skeleton. One clock. Minted on Abstract.,5097.gif,Candy,Blush,Starry,Pumpkin,Chain,Broom
5098,Shook'um #5098,A looping sheet ghost from Halloween Shook'ums. Three bodies. One skeleton. One clock. Minted on Abstract.,5098.gif,Candy,Void,Wink,None,Scarf,Potion
5099,Shook'um #5099,A looping sheet ghost from Halloween Shook'ums. Three bodies. One skeleton. One clock. Minted on Abstract.,5099.gif,Fog,Classic,Blep,None,Pearls,None
5100,Shook'um #5100,A looping sheet ghost from Halloween Shook'ums. Three bodies. One skeleton. One clock. Minted on Abstract.,5100.gif,Candy,Blush,Sparkly,Pumpkin,Bowtie,None
5101,Shook'um #5101,A looping sheet ghost from Halloween Shook'ums. Three bodies. One skeleton. One clock. Minted on Abstract.,5101.gif,Parchment,Classic,Normal,Witch,Bowtie,Bat
5102,Shook'um #5102,A looping sheet ghost from Halloween Shook'ums. Three bodies. One skeleton. One clock. Minted on Abstract.,5102.gif,Graveyard,Void,Spooked,Cat Ears,None,Candy Corn
5103,Shook'um #5103,A looping sheet ghost from Halloween Shook'ums. Three bodies. One skeleton. One clock. Minted on Abstract.,5103.gif,Candy,Classic,Sleepy,None,Cape,None
5104,Shook'um #5104,A looping sheet ghost from Halloween Shook'ums. Three bodies. One skeleton. One clock. Minted on Abstract.,5104.gif,Fog,Classic,Spooked,Witch,Scarf,None
5105,Shook'um #5105,A looping sheet ghost from Halloween Shook'ums. Three bodies. One skeleton. One clock. Minted on Abstract.,5105.gif,Graveyard,Classic,Normal,Bow,None,Pumpkin
5106,Shook'um #5106,A looping sheet ghost from Halloween Shook'ums. Three bodies. One skeleton. One clock. Minted on Abstract.,5106.gif,Pumpkin,Blush,Spooked,None,Collar,None
5107,Shook'um #5107,A looping sheet ghost from Halloween Shook'ums. Three bodies. One skeleton. One clock. Minted on Abstract.,5107.gif,Void,Void,Normal,None,None,None
5108,Shook'um #5108,A looping sheet ghost from Halloween Shook'ums. Three bodies. One skeleton. One clock. Minted on Abstract.,5108.gif,Blood Moon,Blush,Sleepy,Pumpkin,Bowtie,Moon
5109,Shook'um #5109,A looping sheet ghost from Halloween Shook'ums. Three bodies. One skeleton. One clock. Minted on Abstract.,5109.gif,Pumpkin,Void,Sleepy,Pumpkin,Scarf,None
5110,Shook'um #5110,A looping sheet ghost from Halloween Shook'ums. Three bodies. One skeleton. One clock. Minted on Abstract.,5110.gif,Dusk,Blush,Sparkly,Halo,Cape,Candy
5111,Shook'um #5111,A looping sheet ghost from Halloween Shook'ums. Three bodies. One skeleton. One clock. Minted on Abstract.,5111.gif,Fog,Classic,Starry,None,None,None
5112,Shook'um #5112,A looping sheet ghost from Halloween Shook'ums. Three bodies. One skeleton. One clock. Minted on Abstract.,5112.gif,Candy,Blush,Heart,Party,None,Broom
5113,Shook'um #5113,A looping sheet ghost from Halloween Shook'ums. Three bodies. One skeleton. One clock. Minted on Abstract.,5113.gif,Parchment,Classic,Normal,Cat Ears,Bowtie,Potion
5114,Shook'um #5114,A looping sheet ghost from Halloween Shook'ums. Three bodies. One skeleton. One clock. Minted on Abstract.,5114.gif,Candy,Classic,Blep,Witch,None,None
5115,Shook'um #5115,A looping sheet ghost from Halloween Shook'ums. Three bodies. One skeleton. One clock. Minted on Abstract.,5115.gif,Dusk,Classic,Angry,Witch,None,Potion
5116,Shook'um #5116,A looping sheet ghost from Halloween Shook'ums. Three bodies. One skeleton. One clock. Minted on Abstract.,5116.gif,Blood Moon,Classic,Normal,Party,Chain,Pumpkin
5117,Shook'um #5117,A looping sheet ghost from Halloween Shook'ums. Three bodies. One skeleton. One clock. Minted on Abstract.,5117.gif,Pumpkin,Classic,Starry,None,Chain,Pumpkin
5118,Shook'um #5118,A looping sheet ghost from Halloween Shook'ums. Three bodies. One skeleton. One clock. Minted on Abstract.,5118.gif,Fog,Blush,Normal,Flower,None,Potion
5119,Shook'um #5119,A looping sheet ghost from Halloween Shook'ums. Three bodies. One skeleton. One clock. Minted on Abstract.,5119.gif,Candy,Classic,Blep,Witch,Cape,None
5120,Shook'um #5120,A looping sheet ghost from Halloween Shook'ums. Three bodies. One skeleton. One clock. Minted on Abstract.,5120.gif,Graveyard,Classic,Normal,Flower,None,None
5121,Shook'um #5121,A looping sheet ghost from Halloween Shook'ums. Three bodies. One skeleton. One clock. Minted on Abstract.,5121.gif,Dusk,Blush,Spooked,Bow,Scarf,None
5122,Shook'um #5122,A looping sheet ghost from Halloween Shook'ums. Three bodies. One skeleton. One clock. Minted on Abstract.,5122.gif,Pumpkin,Blush,Normal,Flower,None,Candy
5123,Shook'um #5123,A looping sheet ghost from Halloween Shook'ums. Three bodies. One skeleton. One clock. Minted on Abstract.,5123.gif,Pumpkin,Blush,Spooked,Halo,None,Bat
5124,Shook'um #5124,A looping sheet ghost from Halloween Shook'ums. Three bodies. One skeleton. One clock. Minted on Abstract.,5124.gif,Blush,Void,Sad,Witch,Bowtie,Candy
5125,Shook'um #5125,A looping sheet ghost from Halloween Shook'ums. Three bodies. One skeleton. One clock. Minted on Abstract.,5125.gif,Fog,Classic,Heart,Party,None,None
5126,Shook'um #5126,A looping sheet ghost from Halloween Shook'ums. Three bodies. One skeleton. One clock. Minted on Abstract.,5126.gif,Midnight,Classic,Spooked,Halo,Cape,Candy Corn
5127,Shook'um #5127,A looping sheet ghost from Halloween Shook'ums. Three bodies. One skeleton. One clock. Minted on Abstract.,5127.gif,Candy,Classic,Sparkly,Bow,None,Pumpkin
5128,Shook'um #5128,A looping sheet ghost from Halloween Shook'ums. Three bodies. One skeleton. One clock. Minted on Abstract.,5128.gif,Candy,Blush,Normal,Bow,Scarf,None
5129,Shook'um #5129,A looping sheet ghost from Halloween Shook'ums. Three bodies. One skeleton. One clock. Minted on Abstract.,5129.gif,Midnight,Blush,Sparkly,Party,None,None
5130,Shook'um #5130,A looping sheet ghost from Halloween Shook'ums. Three bodies. One skeleton. One clock. Minted on Abstract.,5130.gif,Fog,Blush,Sad,Party,Scarf,Pumpkin
5131,Shook'um #5131,A looping sheet ghost from Halloween Shook'ums. Three bodies. One skeleton. One clock. Minted on Abstract.,5131.gif,Dusk,Classic,Spooked,None,None,Bat
5132,Shook'um #5132,A looping sheet ghost from Halloween Shook'ums. Three bodies. One skeleton. One clock. Minted on Abstract.,5132.gif,Parchment,Classic,Normal,Witch,Bowtie,Candy Corn
5133,Shook'um #5133,A looping sheet ghost from Halloween Shook'ums. Three bodies. One skeleton. One clock. Minted on Abstract.,5133.gif,Candy,Void,Heart,None,None,Candy Corn
5134,Shook'um #5134,A looping sheet ghost from Halloween Shook'ums. Three bodies. One skeleton. One clock. Minted on Abstract.,5134.gif,Fog,Classic,Blep,None,None,Candy
5135,Shook'um #5135,A looping sheet ghost from Halloween Shook'ums. Three bodies. One skeleton. One clock. Minted on Abstract.,5135.gif,Blush,Blush,Spooked,Wizard,Bowtie,Pumpkin
5136,Shook'um #5136,A looping sheet ghost from Halloween Shook'ums. Three bodies. One skeleton. One clock. Minted on Abstract.,5136.gif,Candy,Void,Spooked,Flower,None,Bat
5137,Shook'um #5137,A looping sheet ghost from Halloween Shook'ums. Three bodies. One skeleton. One clock. Minted on Abstract.,5137.gif,Pumpkin,Classic,Blep,Witch,Scarf,None
5138,Shook'um #5138,A looping sheet ghost from Halloween Shook'ums. Three bodies. One skeleton. One clock. Minted on Abstract.,5138.gif,Pumpkin,Void,Angry,Witch,Collar,None
5139,Shook'um #5139,A looping sheet ghost from Halloween Shook'ums. Three bodies. One skeleton. One clock. Minted on Abstract.,5139.gif,Graveyard,Classic,Starry,Bow,None,Candy
5140,Shook'um #5140,A looping sheet ghost from Halloween Shook'ums. Three bodies. One skeleton. One clock. Minted on Abstract.,5140.gif,Candy,Void,Blep,Party,Bowtie,None
5141,Shook'um #5141,A looping sheet ghost from Halloween Shook'ums. Three bodies. One skeleton. One clock. Minted on Abstract.,5141.gif,Blood Moon,Void,Angry,Witch,Bowtie,None
5142,Shook'um #5142,A looping sheet ghost from Halloween Shook'ums. Three bodies. One skeleton. One clock. Minted on Abstract.,5142.gif,Candy,Classic,Starry,Crown,Scarf,None
5143,Shook'um #5143,A looping sheet ghost from Halloween Shook'ums. Three bodies. One skeleton. One clock. Minted on Abstract.,5143.gif,Graveyard,Classic,Sparkly,Pumpkin,Scarf,None
5144,Shook'um #5144,A looping sheet ghost from Halloween Shook'ums. Three bodies. One skeleton. One clock. Minted on Abstract.,5144.gif,Parchment,Classic,Normal,Flower,Pearls,Potion
5145,Shook'um #5145,A looping sheet ghost from Halloween Shook'ums. Three bodies. One skeleton. One clock. Minted on Abstract.,5145.gif,Parchment,Classic,Sleepy,None,Chain,Pumpkin
5146,Shook'um #5146,A looping sheet ghost from Halloween Shook'ums. Three bodies. One skeleton. One clock. Minted on Abstract.,5146.gif,Graveyard,Void,Spooked,Bow,Pearls,None
5147,Shook'um #5147,A looping sheet ghost from Halloween Shook'ums. Three bodies. One skeleton. One clock. Minted on Abstract.,5147.gif,Blush,Classic,Sad,None,Pearls,None
5148,Shook'um #5148,A looping sheet ghost from Halloween Shook'ums. Three bodies. One skeleton. One clock. Minted on Abstract.,5148.gif,Fog,Classic,Blep,Cat Ears,None,Candy Corn
5149,Shook'um #5149,A looping sheet ghost from Halloween Shook'ums. Three bodies. One skeleton. One clock. Minted on Abstract.,5149.gif,Blood Moon,Blush,Spooked,None,Pearls,Potion
5150,Shook'um #5150,A looping sheet ghost from Halloween Shook'ums. Three bodies. One skeleton. One clock. Minted on Abstract.,5150.gif,Pumpkin,Blush,Blep,Flower,Bowtie,None
5151,Shook'um #5151,A looping sheet ghost from Halloween Shook'ums. Three bodies. One skeleton. One clock. Minted on Abstract.,5151.gif,Fog,Classic,Spooked,Pumpkin,Pearls,Broom
5152,Shook'um #5152,A looping sheet ghost from Halloween Shook'ums. Three bodies. One skeleton. One clock. Minted on Abstract.,5152.gif,Candy,Blush,Spooked,Pumpkin,Chain,Bat
5153,Shook'um #5153,A looping sheet ghost from Halloween Shook'ums. Three bodies. One skeleton. One clock. Minted on Abstract.,5153.gif,Midnight,Classic,Sleepy,Bow,None,Broom
5154,Shook'um #5154,A looping sheet ghost from Halloween Shook'ums. Three bodies. One skeleton. One clock. Minted on Abstract.,5154.gif,Dusk,Classic,Heart,None,Bowtie,None
5155,Shook'um #5155,A looping sheet ghost from Halloween Shook'ums. Three bodies. One skeleton. One clock. Minted on Abstract.,5155.gif,Blush,Classic,Spooked,Flower,Bowtie,Moon
5156,Shook'um #5156,A looping sheet ghost from Halloween Shook'ums. Three bodies. One skeleton. One clock. Minted on Abstract.,5156.gif,Void,Classic,Normal,Cat Ears,None,Bat
5157,Shook'um #5157,A looping sheet ghost from Halloween Shook'ums. Three bodies. One skeleton. One clock. Minted on Abstract.,5157.gif,Candy,Void,Normal,None,Scarf,Moon
5158,Shook'um #5158,A looping sheet ghost from Halloween Shook'ums. Three bodies. One skeleton. One clock. Minted on Abstract.,5158.gif,Parchment,Classic,Sleepy,Flower,None,Bat
5159,Shook'um #5159,A looping sheet ghost from Halloween Shook'ums. Three bodies. One skeleton. One clock. Minted on Abstract.,5159.gif,Candy,Blush,Spooked,Cat Ears,None,Broom
5160,Shook'um #5160,A looping sheet ghost from Halloween Shook'ums. Three bodies. One skeleton. One clock. Minted on Abstract.,5160.gif,Parchment,Classic,Sleepy,Party,Scarf,Candy Corn
5161,Shook'um #5161,A looping sheet ghost from Halloween Shook'ums. Three bodies. One skeleton. One clock. Minted on Abstract.,5161.gif,Graveyard,Classic,Angry,None,Cape,Pumpkin
5162,Shook'um #5162,A looping sheet ghost from Halloween Shook'ums. Three bodies. One skeleton. One clock. Minted on Abstract.,5162.gif,Candy,Classic,Wink,Bow,None,None
5163,Shook'um #5163,A looping sheet ghost from Halloween Shook'ums. Three bodies. One skeleton. One clock. Minted on Abstract.,5163.gif,Graveyard,Blush,Sad,Flower,None,Candy
5164,Shook'um #5164,A looping sheet ghost from Halloween Shook'ums. Three bodies. One skeleton. One clock. Minted on Abstract.,5164.gif,Dusk,Void,Angry,Bow,None,Candy Corn
5165,Shook'um #5165,A looping sheet ghost from Halloween Shook'ums. Three bodies. One skeleton. One clock. Minted on Abstract.,5165.gif,Graveyard,Classic,Angry,Witch,Chain,Moon
5166,Shook'um #5166,A looping sheet ghost from Halloween Shook'ums. Three bodies. One skeleton. One clock. Minted on Abstract.,5166.gif,Void,Blush,Wink,None,Chain,Candy Corn
5167,Shook'um #5167,A looping sheet ghost from Halloween Shook'ums. Three bodies. One skeleton. One clock. Minted on Abstract.,5167.gif,Parchment,Void,Blep,None,Scarf,Bat
5168,Shook'um #5168,A looping sheet ghost from Halloween Shook'ums. Three bodies. One skeleton. One clock. Minted on Abstract.,5168.gif,Midnight,Void,Sparkly,Witch,Bowtie,Candy
5169,Shook'um #5169,A looping sheet ghost from Halloween Shook'ums. Three bodies. One skeleton. One clock. Minted on Abstract.,5169.gif,Graveyard,Classic,Blep,Wizard,None,None
5170,Shook'um #5170,A looping sheet ghost from Halloween Shook'ums. Three bodies. One skeleton. One clock. Minted on Abstract.,5170.gif,Parchment,Classic,Sparkly,Cat Ears,Scarf,None
5171,Shook'um #5171,A looping sheet ghost from Halloween Shook'ums. Three bodies. One skeleton. One clock. Minted on Abstract.,5171.gif,Fog,Void,Normal,Cat Ears,Collar,None
5172,Shook'um #5172,A looping sheet ghost from Halloween Shook'ums. Three bodies. One skeleton. One clock. Minted on Abstract.,5172.gif,Parchment,Classic,Starry,None,Cape,None
5173,Shook'um #5173,A looping sheet ghost from Halloween Shook'ums. Three bodies. One skeleton. One clock. Minted on Abstract.,5173.gif,Graveyard,Void,Blep,None,None,Candy Corn
5174,Shook'um #5174,A looping sheet ghost from Halloween Shook'ums. Three bodies. One skeleton. One clock. Minted on Abstract.,5174.gif,Fog,Void,Wink,Witch,None,None
5175,Shook'um #5175,A looping sheet ghost from Halloween Shook'ums. Three bodies. One skeleton. One clock. Minted on Abstract.,5175.gif,Candy,Classic,Normal,Bow,Collar,Candy
5176,Shook'um #5176,A looping sheet ghost from Halloween Shook'ums. Three bodies. One skeleton. One clock. Minted on Abstract.,5176.gif,Graveyard,Classic,Spooked,Cat Ears,Pearls,None
5177,Shook'um #5177,A looping sheet ghost from Halloween Shook'ums. Three bodies. One skeleton. One clock. Minted on Abstract.,5177.gif,Midnight,Classic,Wink,Crown,Scarf,None
5178,Shook'um #5178,A looping sheet ghost from Halloween Shook'ums. Three bodies. One skeleton. One clock. Minted on Abstract.,5178.gif,Blush,Classic,Sleepy,Cat Ears,Scarf,None
5179,Shook'um #5179,A looping sheet ghost from Halloween Shook'ums. Three bodies. One skeleton. One clock. Minted on Abstract.,5179.gif,Pumpkin,Void,Normal,None,None,Broom
5180,Shook'um #5180,A looping sheet ghost from Halloween Shook'ums. Three bodies. One skeleton. One clock. Minted on Abstract.,5180.gif,Void,Blush,Spooked,Party,Bowtie,None
5181,Shook'um #5181,A looping sheet ghost from Halloween Shook'ums. Three bodies. One skeleton. One clock. Minted on Abstract.,5181.gif,Parchment,Classic,Sad,Bow,None,Bat
5182,Shook'um #5182,A looping sheet ghost from Halloween Shook'ums. Three bodies. One skeleton. One clock. Minted on Abstract.,5182.gif,Blush,Classic,Starry,Cat Ears,Chain,Potion
5183,Shook'um #5183,A looping sheet ghost from Halloween Shook'ums. Three bodies. One skeleton. One clock. Minted on Abstract.,5183.gif,Candy,Classic,Heart,None,Chain,Candy
5184,Shook'um #5184,A looping sheet ghost from Halloween Shook'ums. Three bodies. One skeleton. One clock. Minted on Abstract.,5184.gif,Graveyard,Blush,Angry,Pumpkin,None,Bat
5185,Shook'um #5185,A looping sheet ghost from Halloween Shook'ums. Three bodies. One skeleton. One clock. Minted on Abstract.,5185.gif,Pumpkin,Blush,Sleepy,Flower,None,Candy
5186,Shook'um #5186,A looping sheet ghost from Halloween Shook'ums. Three bodies. One skeleton. One clock. Minted on Abstract.,5186.gif,Pumpkin,Blush,Blep,Pumpkin,Chain,None
5187,Shook'um #5187,A looping sheet ghost from Halloween Shook'ums. Three bodies. One skeleton. One clock. Minted on Abstract.,5187.gif,Blush,Classic,Sleepy,Witch,Cape,None
5188,Shook'um #5188,A looping sheet ghost from Halloween Shook'ums. Three bodies. One skeleton. One clock. Minted on Abstract.,5188.gif,Blood Moon,Classic,Wink,Crown,Bowtie,None
5189,Shook'um #5189,A looping sheet ghost from Halloween Shook'ums. Three bodies. One skeleton. One clock. Minted on Abstract.,5189.gif,Blood Moon,Blush,Sleepy,Pumpkin,Bowtie,Candy
5190,Shook'um #5190,A looping sheet ghost from Halloween Shook'ums. Three bodies. One skeleton. One clock. Minted on Abstract.,5190.gif,Pumpkin,Classic,Sparkly,Party,Cape,None
5191,Shook'um #5191,A looping sheet ghost from Halloween Shook'ums. Three bodies. One skeleton. One clock. Minted on Abstract.,5191.gif,Blush,Void,Spooked,Halo,Pearls,None
5192,Shook'um #5192,A looping sheet ghost from Halloween Shook'ums. Three bodies. One skeleton. One clock. Minted on Abstract.,5192.gif,Blush,Blush,Starry,None,Chain,Moon
5193,Shook'um #5193,A looping sheet ghost from Halloween Shook'ums. Three bodies. One skeleton. One clock. Minted on Abstract.,5193.gif,Dusk,Classic,Angry,None,Chain,None
5194,Shook'um #5194,A looping sheet ghost from Halloween Shook'ums. Three bodies. One skeleton. One clock. Minted on Abstract.,5194.gif,Fog,Classic,Wink,Bow,Cape,Bat
5195,Shook'um #5195,A looping sheet ghost from Halloween Shook'ums. Three bodies. One skeleton. One clock. Minted on Abstract.,5195.gif,Parchment,Void,Normal,None,Chain,Broom
5196,Shook'um #5196,A looping sheet ghost from Halloween Shook'ums. Three bodies. One skeleton. One clock. Minted on Abstract.,5196.gif,Pumpkin,Classic,Sad,Bow,None,Moon
5197,Shook'um #5197,A looping sheet ghost from Halloween Shook'ums. Three bodies. One skeleton. One clock. Minted on Abstract.,5197.gif,Pumpkin,Blush,Blep,Wizard,None,Moon
5198,Shook'um #5198,A looping sheet ghost from Halloween Shook'ums. Three bodies. One skeleton. One clock. Minted on Abstract.,5198.gif,Parchment,Blush,Sparkly,Party,Scarf,None
5199,Shook'um #5199,A looping sheet ghost from Halloween Shook'ums. Three bodies. One skeleton. One clock. Minted on Abstract.,5199.gif,Parchment,Classic,Sad,Pumpkin,Chain,Bat
5200,Shook'um #5200,A looping sheet ghost from Halloween Shook'ums. Three bodies. One skeleton. One clock. Minted on Abstract.,5200.gif,Blush,Classic,Blep,Wizard,Collar,Potion
5201,Shook'um #5201,A looping sheet ghost from Halloween Shook'ums. Three bodies. One skeleton. One clock. Minted on Abstract.,5201.gif,Blush,Void,Angry,Flower,None,Broom
5202,Shook'um #5202,A looping sheet ghost from Halloween Shook'ums. Three bodies. One skeleton. One clock. Minted on Abstract.,5202.gif,Fog,Classic,Angry,None,Chain,Potion
5203,Shook'um #5203,A looping sheet ghost from Halloween Shook'ums. Three bodies. One skeleton. One clock. Minted on Abstract.,5203.gif,Graveyard,Classic,Blep,Witch,Scarf,Moon
5204,Shook'um #5204,A looping sheet ghost from Halloween Shook'ums. Three bodies. One skeleton. One clock. Minted on Abstract.,5204.gif,Dusk,Classic,Blep,Witch,Collar,None
5205,Shook'um #5205,A looping sheet ghost from Halloween Shook'ums. Three bodies. One skeleton. One clock. Minted on Abstract.,5205.gif,Parchment,Classic,Spooked,Cat Ears,None,Candy Corn
5206,Shook'um #5206,A looping sheet ghost from Halloween Shook'ums. Three bodies. One skeleton. One clock. Minted on Abstract.,5206.gif,Dusk,Classic,Normal,Flower,Scarf,None
5207,Shook'um #5207,A looping sheet ghost from Halloween Shook'ums. Three bodies. One skeleton. One clock. Minted on Abstract.,5207.gif,Pumpkin,Classic,Wink,None,Cape,None
5208,Shook'um #5208,A looping sheet ghost from Halloween Shook'ums. Three bodies. One skeleton. One clock. Minted on Abstract.,5208.gif,Fog,Classic,Sleepy,Witch,Chain,None
5209,Shook'um #5209,A looping sheet ghost from Halloween Shook'ums. Three bodies. One skeleton. One clock. Minted on Abstract.,5209.gif,Fog,Void,Sad,Party,None,Potion
5210,Shook'um #5210,A looping sheet ghost from Halloween Shook'ums. Three bodies. One skeleton. One clock. Minted on Abstract.,5210.gif,Midnight,Void,Heart,Witch,None,Broom
5211,Shook'um #5211,A looping sheet ghost from Halloween Shook'ums. Three bodies. One skeleton. One clock. Minted on Abstract.,5211.gif,Blush,Classic,Angry,None,Pearls,Bat
5212,Shook'um #5212,A looping sheet ghost from Halloween Shook'ums. Three bodies. One skeleton. One clock. Minted on Abstract.,5212.gif,Midnight,Blush,Starry,None,Chain,Bat
5213,Shook'um #5213,A looping sheet ghost from Halloween Shook'ums. Three bodies. One skeleton. One clock. Minted on Abstract.,5213.gif,Blush,Void,Sparkly,Crown,Chain,Bat
5214,Shook'um #5214,A looping sheet ghost from Halloween Shook'ums. Three bodies. One skeleton. One clock. Minted on Abstract.,5214.gif,Midnight,Classic,Starry,None,Chain,Potion
5215,Shook'um #5215,A looping sheet ghost from Halloween Shook'ums. Three bodies. One skeleton. One clock. Minted on Abstract.,5215.gif,Graveyard,Blush,Heart,None,None,None
5216,Shook'um #5216,A looping sheet ghost from Halloween Shook'ums. Three bodies. One skeleton. One clock. Minted on Abstract.,5216.gif,Pumpkin,Void,Sleepy,Party,Scarf,Candy Corn
5217,Shook'um #5217,A looping sheet ghost from Halloween Shook'ums. Three bodies. One skeleton. One clock. Minted on Abstract.,5217.gif,Blood Moon,Classic,Sparkly,Crown,Pearls,Moon
5218,Shook'um #5218,A looping sheet ghost from Halloween Shook'ums. Three bodies. One skeleton. One clock. Minted on Abstract.,5218.gif,Fog,Classic,Sleepy,Flower,Chain,None
5219,Shook'um #5219,A looping sheet ghost from Halloween Shook'ums. Three bodies. One skeleton. One clock. Minted on Abstract.,5219.gif,Fog,Void,Blep,Pumpkin,None,None
5220,Shook'um #5220,A looping sheet ghost from Halloween Shook'ums. Three bodies. One skeleton. One clock. Minted on Abstract.,5220.gif,Candy,Blush,Spooked,Crown,Chain,Moon
5221,Shook'um #5221,A looping sheet ghost from Halloween Shook'ums. Three bodies. One skeleton. One clock. Minted on Abstract.,5221.gif,Candy,Classic,Blep,Crown,None,None
5222,Shook'um #5222,A looping sheet ghost from Halloween Shook'ums. Three bodies. One skeleton. One clock. Minted on Abstract.,5222.gif,Graveyard,Blush,Sleepy,Flower,Bowtie,Candy Corn
5223,Shook'um #5223,A looping sheet ghost from Halloween Shook'ums. Three bodies. One skeleton. One clock. Minted on Abstract.,5223.gif,Dusk,Classic,Spooked,Flower,Chain,Bat
5224,Shook'um #5224,A looping sheet ghost from Halloween Shook'ums. Three bodies. One skeleton. One clock. Minted on Abstract.,5224.gif,Midnight,Void,Normal,Crown,Bowtie,Candy Corn
5225,Shook'um #5225,A looping sheet ghost from Halloween Shook'ums. Three bodies. One skeleton. One clock. Minted on Abstract.,5225.gif,Dusk,Blush,Sad,Witch,Bowtie,Pumpkin
5226,Shook'um #5226,A looping sheet ghost from Halloween Shook'ums. Three bodies. One skeleton. One clock. Minted on Abstract.,5226.gif,Fog,Classic,Angry,Pumpkin,Chain,Broom
5227,Shook'um #5227,A looping sheet ghost from Halloween Shook'ums. Three bodies. One skeleton. One clock. Minted on Abstract.,5227.gif,Pumpkin,Blush,Spooked,Party,None,None
5228,Shook'um #5228,A looping sheet ghost from Halloween Shook'ums. Three bodies. One skeleton. One clock. Minted on Abstract.,5228.gif,Void,Void,Heart,None,Bowtie,Pumpkin
5229,Shook'um #5229,A looping sheet ghost from Halloween Shook'ums. Three bodies. One skeleton. One clock. Minted on Abstract.,5229.gif,Blush,Blush,Sad,Pumpkin,None,Bat
5230,Shook'um #5230,A looping sheet ghost from Halloween Shook'ums. Three bodies. One skeleton. One clock. Minted on Abstract.,5230.gif,Dusk,Classic,Blep,Party,Bowtie,None
5231,Shook'um #5231,A looping sheet ghost from Halloween Shook'ums. Three bodies. One skeleton. One clock. Minted on Abstract.,5231.gif,Fog,Blush,Sparkly,Party,None,Broom
5232,Shook'um #5232,A looping sheet ghost from Halloween Shook'ums. Three bodies. One skeleton. One clock. Minted on Abstract.,5232.gif,Parchment,Classic,Sad,Pumpkin,None,Potion
5233,Shook'um #5233,A looping sheet ghost from Halloween Shook'ums. Three bodies. One skeleton. One clock. Minted on Abstract.,5233.gif,Pumpkin,Void,Sparkly,None,Scarf,Pumpkin
5234,Shook'um #5234,A looping sheet ghost from Halloween Shook'ums. Three bodies. One skeleton. One clock. Minted on Abstract.,5234.gif,Graveyard,Void,Starry,Pumpkin,Chain,None
5235,Shook'um #5235,A looping sheet ghost from Halloween Shook'ums. Three bodies. One skeleton. One clock. Minted on Abstract.,5235.gif,Pumpkin,Classic,Angry,None,Collar,Candy Corn
5236,Shook'um #5236,A looping sheet ghost from Halloween Shook'ums. Three bodies. One skeleton. One clock. Minted on Abstract.,5236.gif,Pumpkin,Blush,Normal,Bow,None,Candy
5237,Shook'um #5237,A looping sheet ghost from Halloween Shook'ums. Three bodies. One skeleton. One clock. Minted on Abstract.,5237.gif,Pumpkin,Blush,Normal,None,Collar,None
5238,Shook'um #5238,A looping sheet ghost from Halloween Shook'ums. Three bodies. One skeleton. One clock. Minted on Abstract.,5238.gif,Pumpkin,Classic,Sparkly,None,Chain,Bat
5239,Shook'um #5239,A looping sheet ghost from Halloween Shook'ums. Three bodies. One skeleton. One clock. Minted on Abstract.,5239.gif,Parchment,Classic,Blep,Pumpkin,Scarf,None
5240,Shook'um #5240,A looping sheet ghost from Halloween Shook'ums. Three bodies. One skeleton. One clock. Minted on Abstract.,5240.gif,Fog,Blush,Normal,None,Bowtie,None
5241,Shook'um #5241,A looping sheet ghost from Halloween Shook'ums. Three bodies. One skeleton. One clock. Minted on Abstract.,5241.gif,Blush,Void,Normal,None,None,Potion
5242,Shook'um #5242,A looping sheet ghost from Halloween Shook'ums. Three bodies. One skeleton. One clock. Minted on Abstract.,5242.gif,Pumpkin,Void,Sleepy,None,Bowtie,Potion
5243,Shook'um #5243,A looping sheet ghost from Halloween Shook'ums. Three bodies. One skeleton. One clock. Minted on Abstract.,5243.gif,Parchment,Void,Wink,Wizard,Collar,Candy
5244,Shook'um #5244,A looping sheet ghost from Halloween Shook'ums. Three bodies. One skeleton. One clock. Minted on Abstract.,5244.gif,Graveyard,Blush,Spooked,Flower,Scarf,Potion
5245,Shook'um #5245,A looping sheet ghost from Halloween Shook'ums. Three bodies. One skeleton. One clock. Minted on Abstract.,5245.gif,Candy,Classic,Blep,Pumpkin,Chain,Potion
5246,Shook'um #5246,A looping sheet ghost from Halloween Shook'ums. Three bodies. One skeleton. One clock. Minted on Abstract.,5246.gif,Pumpkin,Classic,Blep,Flower,None,Potion
5247,Shook'um #5247,A looping sheet ghost from Halloween Shook'ums. Three bodies. One skeleton. One clock. Minted on Abstract.,5247.gif,Dusk,Void,Sparkly,None,None,None
5248,Shook'um #5248,A looping sheet ghost from Halloween Shook'ums. Three bodies. One skeleton. One clock. Minted on Abstract.,5248.gif,Pumpkin,Classic,Blep,Party,Cape,None
5249,Shook'um #5249,A looping sheet ghost from Halloween Shook'ums. Three bodies. One skeleton. One clock. Minted on Abstract.,5249.gif,Candy,Classic,Heart,None,None,Moon
5250,Shook'um #5250,A looping sheet ghost from Halloween Shook'ums. Three bodies. One skeleton. One clock. Minted on Abstract.,5250.gif,Blush,Classic,Spooked,Bow,Collar,None
5251,Shook'um #5251,A looping sheet ghost from Halloween Shook'ums. Three bodies. One skeleton. One clock. Minted on Abstract.,5251.gif,Midnight,Void,Starry,Halo,Scarf,Bat
5252,Shook'um #5252,A looping sheet ghost from Halloween Shook'ums. Three bodies. One skeleton. One clock. Minted on Abstract.,5252.gif,Midnight,Classic,Sad,None,Bowtie,None
5253,Shook'um #5253,A looping sheet ghost from Halloween Shook'ums. Three bodies. One skeleton. One clock. Minted on Abstract.,5253.gif,Parchment,Blush,Starry,Party,None,Potion
5254,Shook'um #5254,A looping sheet ghost from Halloween Shook'ums. Three bodies. One skeleton. One clock. Minted on Abstract.,5254.gif,Graveyard,Void,Sparkly,Halo,Pearls,None
5255,Shook'um #5255,A looping sheet ghost from Halloween Shook'ums. Three bodies. One skeleton. One clock. Minted on Abstract.,5255.gif,Midnight,Blush,Sleepy,None,Scarf,Candy
5256,Shook'um #5256,A looping sheet ghost from Halloween Shook'ums. Three bodies. One skeleton. One clock. Minted on Abstract.,5256.gif,Midnight,Classic,Wink,None,Bowtie,Candy
5257,Shook'um #5257,A looping sheet ghost from Halloween Shook'ums. Three bodies. One skeleton. One clock. Minted on Abstract.,5257.gif,Midnight,Classic,Blep,Halo,Scarf,None
5258,Shook'um #5258,A looping sheet ghost from Halloween Shook'ums. Three bodies. One skeleton. One clock. Minted on Abstract.,5258.gif,Parchment,Classic,Heart,Pumpkin,Chain,None
5259,Shook'um #5259,A looping sheet ghost from Halloween Shook'ums. Three bodies. One skeleton. One clock. Minted on Abstract.,5259.gif,Dusk,Classic,Starry,None,None,Potion
5260,Shook'um #5260,A looping sheet ghost from Halloween Shook'ums. Three bodies. One skeleton. One clock. Minted on Abstract.,5260.gif,Dusk,Classic,Sparkly,Witch,None,Candy Corn
5261,Shook'um #5261,A looping sheet ghost from Halloween Shook'ums. Three bodies. One skeleton. One clock. Minted on Abstract.,5261.gif,Midnight,Blush,Wink,Bow,Bowtie,Broom
5262,Shook'um #5262,A looping sheet ghost from Halloween Shook'ums. Three bodies. One skeleton. One clock. Minted on Abstract.,5262.gif,Parchment,Classic,Spooked,Cat Ears,Collar,Pumpkin
5263,Shook'um #5263,A looping sheet ghost from Halloween Shook'ums. Three bodies. One skeleton. One clock. Minted on Abstract.,5263.gif,Void,Blush,Angry,Witch,Chain,Pumpkin
5264,Shook'um #5264,A looping sheet ghost from Halloween Shook'ums. Three bodies. One skeleton. One clock. Minted on Abstract.,5264.gif,Blush,Void,Blep,Bow,Collar,None
5265,Shook'um #5265,A looping sheet ghost from Halloween Shook'ums. Three bodies. One skeleton. One clock. Minted on Abstract.,5265.gif,Parchment,Blush,Sleepy,Bow,None,None
5266,Shook'um #5266,A looping sheet ghost from Halloween Shook'ums. Three bodies. One skeleton. One clock. Minted on Abstract.,5266.gif,Midnight,Classic,Sleepy,Flower,Cape,Candy Corn
5267,Shook'um #5267,A looping sheet ghost from Halloween Shook'ums. Three bodies. One skeleton. One clock. Minted on Abstract.,5267.gif,Blush,Classic,Starry,Flower,Bowtie,Candy Corn
5268,Shook'um #5268,A looping sheet ghost from Halloween Shook'ums. Three bodies. One skeleton. One clock. Minted on Abstract.,5268.gif,Graveyard,Classic,Sparkly,None,Bowtie,None
5269,Shook'um #5269,A looping sheet ghost from Halloween Shook'ums. Three bodies. One skeleton. One clock. Minted on Abstract.,5269.gif,Candy,Classic,Starry,None,None,Candy
5270,Shook'um #5270,A looping sheet ghost from Halloween Shook'ums. Three bodies. One skeleton. One clock. Minted on Abstract.,5270.gif,Dusk,Blush,Sparkly,Flower,Chain,Candy
5271,Shook'um #5271,A looping sheet ghost from Halloween Shook'ums. Three bodies. One skeleton. One clock. Minted on Abstract.,5271.gif,Pumpkin,Blush,Blep,None,Pearls,None
5272,Shook'um #5272,A looping sheet ghost from Halloween Shook'ums. Three bodies. One skeleton. One clock. Minted on Abstract.,5272.gif,Dusk,Blush,Sparkly,Bow,Chain,None
5273,Shook'um #5273,A looping sheet ghost from Halloween Shook'ums. Three bodies. One skeleton. One clock. Minted on Abstract.,5273.gif,Pumpkin,Void,Angry,Witch,Collar,Candy Corn
5274,Shook'um #5274,A looping sheet ghost from Halloween Shook'ums. Three bodies. One skeleton. One clock. Minted on Abstract.,5274.gif,Dusk,Blush,Sleepy,Flower,Cape,Pumpkin
5275,Shook'um #5275,A looping sheet ghost from Halloween Shook'ums. Three bodies. One skeleton. One clock. Minted on Abstract.,5275.gif,Dusk,Blush,Normal,None,Scarf,Moon
5276,Shook'um #5276,A looping sheet ghost from Halloween Shook'ums. Three bodies. One skeleton. One clock. Minted on Abstract.,5276.gif,Blush,Classic,Spooked,Bow,None,Pumpkin
5277,Shook'um #5277,A looping sheet ghost from Halloween Shook'ums. Three bodies. One skeleton. One clock. Minted on Abstract.,5277.gif,Blood Moon,Classic,Blep,None,None,Pumpkin
5278,Shook'um #5278,A looping sheet ghost from Halloween Shook'ums. Three bodies. One skeleton. One clock. Minted on Abstract.,5278.gif,Midnight,Classic,Angry,Pumpkin,Chain,None
5279,Shook'um #5279,A looping sheet ghost from Halloween Shook'ums. Three bodies. One skeleton. One clock. Minted on Abstract.,5279.gif,Pumpkin,Blush,Sleepy,Pumpkin,Scarf,Bat
5280,Shook'um #5280,A looping sheet ghost from Halloween Shook'ums. Three bodies. One skeleton. One clock. Minted on Abstract.,5280.gif,Midnight,Classic,Normal,Pumpkin,Cape,Bat
5281,Shook'um #5281,A looping sheet ghost from Halloween Shook'ums. Three bodies. One skeleton. One clock. Minted on Abstract.,5281.gif,Dusk,Classic,Spooked,Cat Ears,Chain,Candy Corn
5282,Shook'um #5282,A looping sheet ghost from Halloween Shook'ums. Three bodies. One skeleton. One clock. Minted on Abstract.,5282.gif,Dusk,Blush,Heart,None,None,Candy
5283,Shook'um #5283,A looping sheet ghost from Halloween Shook'ums. Three bodies. One skeleton. One clock. Minted on Abstract.,5283.gif,Parchment,Classic,Blep,Halo,Cape,Bat
5284,Shook'um #5284,A looping sheet ghost from Halloween Shook'ums. Three bodies. One skeleton. One clock. Minted on Abstract.,5284.gif,Candy,Blush,Sparkly,Halo,Pearls,None
5285,Shook'um #5285,A looping sheet ghost from Halloween Shook'ums. Three bodies. One skeleton. One clock. Minted on Abstract.,5285.gif,Blush,Classic,Blep,None,Cape,Pumpkin
5286,Shook'um #5286,A looping sheet ghost from Halloween Shook'ums. Three bodies. One skeleton. One clock. Minted on Abstract.,5286.gif,Parchment,Blush,Starry,Wizard,Bowtie,None
5287,Shook'um #5287,A looping sheet ghost from Halloween Shook'ums. Three bodies. One skeleton. One clock. Minted on Abstract.,5287.gif,Dusk,Classic,Sad,None,None,Pumpkin
5288,Shook'um #5288,A looping sheet ghost from Halloween Shook'ums. Three bodies. One skeleton. One clock. Minted on Abstract.,5288.gif,Candy,Classic,Blep,Halo,Chain,Candy Corn
5289,Shook'um #5289,A looping sheet ghost from Halloween Shook'ums. Three bodies. One skeleton. One clock. Minted on Abstract.,5289.gif,Candy,Classic,Spooked,None,Cape,Candy
5290,Shook'um #5290,A looping sheet ghost from Halloween Shook'ums. Three bodies. One skeleton. One clock. Minted on Abstract.,5290.gif,Parchment,Blush,Normal,None,Scarf,None
5291,Shook'um #5291,A looping sheet ghost from Halloween Shook'ums. Three bodies. One skeleton. One clock. Minted on Abstract.,5291.gif,Blush,Void,Spooked,Cat Ears,Cape,Pumpkin
5292,Shook'um #5292,A looping sheet ghost from Halloween Shook'ums. Three bodies. One skeleton. One clock. Minted on Abstract.,5292.gif,Blush,Blush,Blep,Bow,None,Moon
5293,Shook'um #5293,A looping sheet ghost from Halloween Shook'ums. Three bodies. One skeleton. One clock. Minted on Abstract.,5293.gif,Fog,Classic,Spooked,Flower,Scarf,Moon
5294,Shook'um #5294,A looping sheet ghost from Halloween Shook'ums. Three bodies. One skeleton. One clock. Minted on Abstract.,5294.gif,Blood Moon,Void,Wink,Pumpkin,None,Candy Corn
5295,Shook'um #5295,A looping sheet ghost from Halloween Shook'ums. Three bodies. One skeleton. One clock. Minted on Abstract.,5295.gif,Dusk,Classic,Sleepy,Cat Ears,Scarf,Candy
5296,Shook'um #5296,A looping sheet ghost from Halloween Shook'ums. Three bodies. One skeleton. One clock. Minted on Abstract.,5296.gif,Candy,Blush,Sleepy,Pumpkin,Bowtie,Candy
5297,Shook'um #5297,A looping sheet ghost from Halloween Shook'ums. Three bodies. One skeleton. One clock. Minted on Abstract.,5297.gif,Parchment,Classic,Spooked,Witch,Cape,Candy Corn
5298,Shook'um #5298,A looping sheet ghost from Halloween Shook'ums. Three bodies. One skeleton. One clock. Minted on Abstract.,5298.gif,Midnight,Void,Sad,Bow,None,None
5299,Shook'um #5299,A looping sheet ghost from Halloween Shook'ums. Three bodies. One skeleton. One clock. Minted on Abstract.,5299.gif,Dusk,Classic,Spooked,Bow,None,Candy Corn
5300,Shook'um #5300,A looping sheet ghost from Halloween Shook'ums. Three bodies. One skeleton. One clock. Minted on Abstract.,5300.gif,Blood Moon,Void,Normal,None,Chain,Potion
5301,Shook'um #5301,A looping sheet ghost from Halloween Shook'ums. Three bodies. One skeleton. One clock. Minted on Abstract.,5301.gif,Pumpkin,Classic,Blep,None,Pearls,Candy Corn
5302,Shook'um #5302,A looping sheet ghost from Halloween Shook'ums. Three bodies. One skeleton. One clock. Minted on Abstract.,5302.gif,Midnight,Void,Blep,Bow,Bowtie,Bat
5303,Shook'um #5303,A looping sheet ghost from Halloween Shook'ums. Three bodies. One skeleton. One clock. Minted on Abstract.,5303.gif,Pumpkin,Blush,Spooked,Bow,None,None
5304,Shook'um #5304,A looping sheet ghost from Halloween Shook'ums. Three bodies. One skeleton. One clock. Minted on Abstract.,5304.gif,Fog,Classic,Angry,None,Chain,None
5305,Shook'um #5305,A looping sheet ghost from Halloween Shook'ums. Three bodies. One skeleton. One clock. Minted on Abstract.,5305.gif,Candy,Classic,Sad,Crown,None,None
5306,Shook'um #5306,A looping sheet ghost from Halloween Shook'ums. Three bodies. One skeleton. One clock. Minted on Abstract.,5306.gif,Midnight,Blush,Heart,None,Chain,Candy
5307,Shook'um #5307,A looping sheet ghost from Halloween Shook'ums. Three bodies. One skeleton. One clock. Minted on Abstract.,5307.gif,Parchment,Blush,Sparkly,Bow,Scarf,Pumpkin
5308,Shook'um #5308,A looping sheet ghost from Halloween Shook'ums. Three bodies. One skeleton. One clock. Minted on Abstract.,5308.gif,Midnight,Blush,Blep,None,Chain,Potion
5309,Shook'um #5309,A looping sheet ghost from Halloween Shook'ums. Three bodies. One skeleton. One clock. Minted on Abstract.,5309.gif,Fog,Void,Spooked,None,Pearls,Candy Corn
5310,Shook'um #5310,A looping sheet ghost from Halloween Shook'ums. Three bodies. One skeleton. One clock. Minted on Abstract.,5310.gif,Graveyard,Blush,Normal,None,Collar,Broom
5311,Shook'um #5311,A looping sheet ghost from Halloween Shook'ums. Three bodies. One skeleton. One clock. Minted on Abstract.,5311.gif,Void,Void,Starry,Wizard,Pearls,Bat
5312,Shook'um #5312,A looping sheet ghost from Halloween Shook'ums. Three bodies. One skeleton. One clock. Minted on Abstract.,5312.gif,Candy,Classic,Sparkly,Party,Scarf,Candy
5313,Shook'um #5313,A looping sheet ghost from Halloween Shook'ums. Three bodies. One skeleton. One clock. Minted on Abstract.,5313.gif,Parchment,Void,Heart,Wizard,Pearls,Broom
5314,Shook'um #5314,A looping sheet ghost from Halloween Shook'ums. Three bodies. One skeleton. One clock. Minted on Abstract.,5314.gif,Pumpkin,Classic,Spooked,None,Collar,None
5315,Shook'um #5315,A looping sheet ghost from Halloween Shook'ums. Three bodies. One skeleton. One clock. Minted on Abstract.,5315.gif,Midnight,Classic,Blep,Bow,None,Potion
5316,Shook'um #5316,A looping sheet ghost from Halloween Shook'ums. Three bodies. One skeleton. One clock. Minted on Abstract.,5316.gif,Blush,Blush,Normal,Bow,None,Pumpkin
5317,Shook'um #5317,A looping sheet ghost from Halloween Shook'ums. Three bodies. One skeleton. One clock. Minted on Abstract.,5317.gif,Candy,Void,Wink,Halo,Bowtie,Broom
5318,Shook'um #5318,A looping sheet ghost from Halloween Shook'ums. Three bodies. One skeleton. One clock. Minted on Abstract.,5318.gif,Parchment,Blush,Blep,None,Pearls,Pumpkin
5319,Shook'um #5319,A looping sheet ghost from Halloween Shook'ums. Three bodies. One skeleton. One clock. Minted on Abstract.,5319.gif,Blood Moon,Blush,Blep,None,Cape,Candy Corn
5320,Shook'um #5320,A looping sheet ghost from Halloween Shook'ums. Three bodies. One skeleton. One clock. Minted on Abstract.,5320.gif,Graveyard,Blush,Wink,Bow,None,Pumpkin
5321,Shook'um #5321,A looping sheet ghost from Halloween Shook'ums. Three bodies. One skeleton. One clock. Minted on Abstract.,5321.gif,Void,Classic,Angry,None,Chain,Potion
5322,Shook'um #5322,A looping sheet ghost from Halloween Shook'ums. Three bodies. One skeleton. One clock. Minted on Abstract.,5322.gif,Graveyard,Blush,Spooked,None,Pearls,Broom
5323,Shook'um #5323,A looping sheet ghost from Halloween Shook'ums. Three bodies. One skeleton. One clock. Minted on Abstract.,5323.gif,Pumpkin,Classic,Sleepy,Pumpkin,Bowtie,None
5324,Shook'um #5324,A looping sheet ghost from Halloween Shook'ums. Three bodies. One skeleton. One clock. Minted on Abstract.,5324.gif,Blood Moon,Classic,Blep,Flower,Bowtie,None
5325,Shook'um #5325,A looping sheet ghost from Halloween Shook'ums. Three bodies. One skeleton. One clock. Minted on Abstract.,5325.gif,Candy,Void,Heart,Party,None,Candy Corn
5326,Shook'um #5326,A looping sheet ghost from Halloween Shook'ums. Three bodies. One skeleton. One clock. Minted on Abstract.,5326.gif,Blood Moon,Blush,Sleepy,Halo,Collar,None
5327,Shook'um #5327,A looping sheet ghost from Halloween Shook'ums. Three bodies. One skeleton. One clock. Minted on Abstract.,5327.gif,Midnight,Blush,Blep,Pumpkin,Chain,Candy Corn
5328,Shook'um #5328,A looping sheet ghost from Halloween Shook'ums. Three bodies. One skeleton. One clock. Minted on Abstract.,5328.gif,Blood Moon,Classic,Sad,Pumpkin,Bowtie,Pumpkin
5329,Shook'um #5329,A looping sheet ghost from Halloween Shook'ums. Three bodies. One skeleton. One clock. Minted on Abstract.,5329.gif,Graveyard,Classic,Blep,Halo,None,Pumpkin
5330,Shook'um #5330,A looping sheet ghost from Halloween Shook'ums. Three bodies. One skeleton. One clock. Minted on Abstract.,5330.gif,Candy,Blush,Blep,Halo,Pearls,Bat
5331,Shook'um #5331,A looping sheet ghost from Halloween Shook'ums. Three bodies. One skeleton. One clock. Minted on Abstract.,5331.gif,Blush,Classic,Normal,None,Cape,Potion
5332,Shook'um #5332,A looping sheet ghost from Halloween Shook'ums. Three bodies. One skeleton. One clock. Minted on Abstract.,5332.gif,Midnight,Classic,Blep,Witch,Pearls,None
5333,Shook'um #5333,A looping sheet ghost from Halloween Shook'ums. Three bodies. One skeleton. One clock. Minted on Abstract.,5333.gif,Midnight,Classic,Sleepy,Cat Ears,Cape,Broom
5334,Shook'um #5334,A looping sheet ghost from Halloween Shook'ums. Three bodies. One skeleton. One clock. Minted on Abstract.,5334.gif,Fog,Void,Sad,Party,Chain,Candy
5335,Shook'um #5335,A looping sheet ghost from Halloween Shook'ums. Three bodies. One skeleton. One clock. Minted on Abstract.,5335.gif,Pumpkin,Classic,Normal,Pumpkin,Scarf,Potion
5336,Shook'um #5336,A looping sheet ghost from Halloween Shook'ums. Three bodies. One skeleton. One clock. Minted on Abstract.,5336.gif,Blush,Void,Normal,None,Chain,Pumpkin
5337,Shook'um #5337,A looping sheet ghost from Halloween Shook'ums. Three bodies. One skeleton. One clock. Minted on Abstract.,5337.gif,Blush,Blush,Sparkly,Crown,Bowtie,None
5338,Shook'um #5338,A looping sheet ghost from Halloween Shook'ums. Three bodies. One skeleton. One clock. Minted on Abstract.,5338.gif,Dusk,Void,Sparkly,Cat Ears,Bowtie,Candy Corn
5339,Shook'um #5339,A looping sheet ghost from Halloween Shook'ums. Three bodies. One skeleton. One clock. Minted on Abstract.,5339.gif,Blush,Classic,Sad,Halo,None,Pumpkin
5340,Shook'um #5340,A looping sheet ghost from Halloween Shook'ums. Three bodies. One skeleton. One clock. Minted on Abstract.,5340.gif,Pumpkin,Classic,Normal,Flower,Cape,None
5341,Shook'um #5341,A looping sheet ghost from Halloween Shook'ums. Three bodies. One skeleton. One clock. Minted on Abstract.,5341.gif,Candy,Blush,Blep,None,Scarf,Bat
5342,Shook'um #5342,A looping sheet ghost from Halloween Shook'ums. Three bodies. One skeleton. One clock. Minted on Abstract.,5342.gif,Graveyard,Blush,Sparkly,Pumpkin,Chain,Broom
5343,Shook'um #5343,A looping sheet ghost from Halloween Shook'ums. Three bodies. One skeleton. One clock. Minted on Abstract.,5343.gif,Parchment,Classic,Wink,Crown,Chain,Candy
5344,Shook'um #5344,A looping sheet ghost from Halloween Shook'ums. Three bodies. One skeleton. One clock. Minted on Abstract.,5344.gif,Candy,Blush,Wink,None,Collar,Candy Corn
5345,Shook'um #5345,A looping sheet ghost from Halloween Shook'ums. Three bodies. One skeleton. One clock. Minted on Abstract.,5345.gif,Midnight,Blush,Heart,None,None,Broom
5346,Shook'um #5346,A looping sheet ghost from Halloween Shook'ums. Three bodies. One skeleton. One clock. Minted on Abstract.,5346.gif,Graveyard,Classic,Wink,Pumpkin,None,Pumpkin
5347,Shook'um #5347,A looping sheet ghost from Halloween Shook'ums. Three bodies. One skeleton. One clock. Minted on Abstract.,5347.gif,Blood Moon,Blush,Heart,None,None,Candy
5348,Shook'um #5348,A looping sheet ghost from Halloween Shook'ums. Three bodies. One skeleton. One clock. Minted on Abstract.,5348.gif,Graveyard,Classic,Angry,Bow,None,None
5349,Shook'um #5349,A looping sheet ghost from Halloween Shook'ums. Three bodies. One skeleton. One clock. Minted on Abstract.,5349.gif,Pumpkin,Blush,Heart,Flower,Chain,Candy
5350,Shook'um #5350,A looping sheet ghost from Halloween Shook'ums. Three bodies. One skeleton. One clock. Minted on Abstract.,5350.gif,Parchment,Blush,Starry,Witch,Collar,Pumpkin
5351,Shook'um #5351,A looping sheet ghost from Halloween Shook'ums. Three bodies. One skeleton. One clock. Minted on Abstract.,5351.gif,Fog,Classic,Sleepy,None,Bowtie,Candy Corn
5352,Shook'um #5352,A looping sheet ghost from Halloween Shook'ums. Three bodies. One skeleton. One clock. Minted on Abstract.,5352.gif,Pumpkin,Blush,Sleepy,None,Pearls,Moon
5353,Shook'um #5353,A looping sheet ghost from Halloween Shook'ums. Three bodies. One skeleton. One clock. Minted on Abstract.,5353.gif,Blood Moon,Classic,Sparkly,Pumpkin,Scarf,Broom
5354,Shook'um #5354,A looping sheet ghost from Halloween Shook'ums. Three bodies. One skeleton. One clock. Minted on Abstract.,5354.gif,Candy,Void,Wink,Wizard,Cape,Candy
5355,Shook'um #5355,A looping sheet ghost from Halloween Shook'ums. Three bodies. One skeleton. One clock. Minted on Abstract.,5355.gif,Midnight,Classic,Sad,None,None,Candy Corn
5356,Shook'um #5356,A looping sheet ghost from Halloween Shook'ums. Three bodies. One skeleton. One clock. Minted on Abstract.,5356.gif,Fog,Blush,Spooked,None,Scarf,None
5357,Shook'um #5357,A looping sheet ghost from Halloween Shook'ums. Three bodies. One skeleton. One clock. Minted on Abstract.,5357.gif,Fog,Classic,Sleepy,Flower,Pearls,None
5358,Shook'um #5358,A looping sheet ghost from Halloween Shook'ums. Three bodies. One skeleton. One clock. Minted on Abstract.,5358.gif,Midnight,Classic,Starry,Bow,Chain,None
5359,Shook'um #5359,A looping sheet ghost from Halloween Shook'ums. Three bodies. One skeleton. One clock. Minted on Abstract.,5359.gif,Fog,Void,Blep,Pumpkin,Bowtie,Candy
5360,Shook'um #5360,A looping sheet ghost from Halloween Shook'ums. Three bodies. One skeleton. One clock. Minted on Abstract.,5360.gif,Blood Moon,Classic,Normal,Wizard,Collar,Broom
5361,Shook'um #5361,A looping sheet ghost from Halloween Shook'ums. Three bodies. One skeleton. One clock. Minted on Abstract.,5361.gif,Fog,Classic,Wink,Bow,Bowtie,Candy
5362,Shook'um #5362,A looping sheet ghost from Halloween Shook'ums. Three bodies. One skeleton. One clock. Minted on Abstract.,5362.gif,Blood Moon,Classic,Blep,Pumpkin,Chain,Candy Corn
5363,Shook'um #5363,A looping sheet ghost from Halloween Shook'ums. Three bodies. One skeleton. One clock. Minted on Abstract.,5363.gif,Pumpkin,Blush,Sparkly,Party,Chain,Potion
5364,Shook'um #5364,A looping sheet ghost from Halloween Shook'ums. Three bodies. One skeleton. One clock. Minted on Abstract.,5364.gif,Graveyard,Classic,Normal,None,Bowtie,Pumpkin
5365,Shook'um #5365,A looping sheet ghost from Halloween Shook'ums. Three bodies. One skeleton. One clock. Minted on Abstract.,5365.gif,Fog,Void,Heart,Cat Ears,Pearls,Bat
5366,Shook'um #5366,A looping sheet ghost from Halloween Shook'ums. Three bodies. One skeleton. One clock. Minted on Abstract.,5366.gif,Fog,Classic,Starry,Bow,Pearls,Potion
5367,Shook'um #5367,A looping sheet ghost from Halloween Shook'ums. Three bodies. One skeleton. One clock. Minted on Abstract.,5367.gif,Candy,Void,Sleepy,Flower,None,Moon
5368,Shook'um #5368,A looping sheet ghost from Halloween Shook'ums. Three bodies. One skeleton. One clock. Minted on Abstract.,5368.gif,Dusk,Void,Normal,Bow,Chain,Potion
5369,Shook'um #5369,A looping sheet ghost from Halloween Shook'ums. Three bodies. One skeleton. One clock. Minted on Abstract.,5369.gif,Graveyard,Classic,Spooked,Party,None,Pumpkin
5370,Shook'um #5370,A looping sheet ghost from Halloween Shook'ums. Three bodies. One skeleton. One clock. Minted on Abstract.,5370.gif,Pumpkin,Classic,Normal,Cat Ears,None,None
5371,Shook'um #5371,A looping sheet ghost from Halloween Shook'ums. Three bodies. One skeleton. One clock. Minted on Abstract.,5371.gif,Parchment,Classic,Spooked,Pumpkin,Bowtie,Candy
5372,Shook'um #5372,A looping sheet ghost from Halloween Shook'ums. Three bodies. One skeleton. One clock. Minted on Abstract.,5372.gif,Graveyard,Classic,Wink,Party,Chain,Pumpkin
5373,Shook'um #5373,A looping sheet ghost from Halloween Shook'ums. Three bodies. One skeleton. One clock. Minted on Abstract.,5373.gif,Dusk,Classic,Spooked,Cat Ears,Bowtie,Broom
5374,Shook'um #5374,A looping sheet ghost from Halloween Shook'ums. Three bodies. One skeleton. One clock. Minted on Abstract.,5374.gif,Blood Moon,Classic,Sleepy,Pumpkin,Chain,Pumpkin
5375,Shook'um #5375,A looping sheet ghost from Halloween Shook'ums. Three bodies. One skeleton. One clock. Minted on Abstract.,5375.gif,Midnight,Classic,Spooked,Crown,None,Candy
5376,Shook'um #5376,A looping sheet ghost from Halloween Shook'ums. Three bodies. One skeleton. One clock. Minted on Abstract.,5376.gif,Parchment,Classic,Sleepy,None,None,Candy
5377,Shook'um #5377,A looping sheet ghost from Halloween Shook'ums. Three bodies. One skeleton. One clock. Minted on Abstract.,5377.gif,Candy,Classic,Wink,Flower,Scarf,Bat
5378,Shook'um #5378,A looping sheet ghost from Halloween Shook'ums. Three bodies. One skeleton. One clock. Minted on Abstract.,5378.gif,Graveyard,Classic,Spooked,Halo,Chain,None
5379,Shook'um #5379,A looping sheet ghost from Halloween Shook'ums. Three bodies. One skeleton. One clock. Minted on Abstract.,5379.gif,Fog,Classic,Spooked,None,Bowtie,None
5380,Shook'um #5380,A looping sheet ghost from Halloween Shook'ums. Three bodies. One skeleton. One clock. Minted on Abstract.,5380.gif,Candy,Blush,Normal,Flower,Bowtie,Pumpkin
5381,Shook'um #5381,A looping sheet ghost from Halloween Shook'ums. Three bodies. One skeleton. One clock. Minted on Abstract.,5381.gif,Blood Moon,Classic,Wink,None,Collar,None
5382,Shook'um #5382,A looping sheet ghost from Halloween Shook'ums. Three bodies. One skeleton. One clock. Minted on Abstract.,5382.gif,Parchment,Classic,Spooked,Bow,Scarf,Candy
5383,Shook'um #5383,A looping sheet ghost from Halloween Shook'ums. Three bodies. One skeleton. One clock. Minted on Abstract.,5383.gif,Parchment,Classic,Sleepy,None,Bowtie,None
5384,Shook'um #5384,A looping sheet ghost from Halloween Shook'ums. Three bodies. One skeleton. One clock. Minted on Abstract.,5384.gif,Blush,Classic,Sparkly,Bow,None,Candy
5385,Shook'um #5385,A looping sheet ghost from Halloween Shook'ums. Three bodies. One skeleton. One clock. Minted on Abstract.,5385.gif,Candy,Void,Starry,Halo,Chain,Pumpkin
5386,Shook'um #5386,A looping sheet ghost from Halloween Shook'ums. Three bodies. One skeleton. One clock. Minted on Abstract.,5386.gif,Pumpkin,Blush,Blep,Cat Ears,Chain,Moon
5387,Shook'um #5387,A looping sheet ghost from Halloween Shook'ums. Three bodies. One skeleton. One clock. Minted on Abstract.,5387.gif,Graveyard,Classic,Sleepy,None,None,Pumpkin
5388,Shook'um #5388,A looping sheet ghost from Halloween Shook'ums. Three bodies. One skeleton. One clock. Minted on Abstract.,5388.gif,Blood Moon,Void,Starry,None,Scarf,Bat
5389,Shook'um #5389,A looping sheet ghost from Halloween Shook'ums. Three bodies. One skeleton. One clock. Minted on Abstract.,5389.gif,Midnight,Classic,Sparkly,Pumpkin,None,None
5390,Shook'um #5390,A looping sheet ghost from Halloween Shook'ums. Three bodies. One skeleton. One clock. Minted on Abstract.,5390.gif,Midnight,Classic,Normal,Witch,Bowtie,None
5391,Shook'um #5391,A looping sheet ghost from Halloween Shook'ums. Three bodies. One skeleton. One clock. Minted on Abstract.,5391.gif,Graveyard,Void,Sparkly,Witch,None,None
5392,Shook'um #5392,A looping sheet ghost from Halloween Shook'ums. Three bodies. One skeleton. One clock. Minted on Abstract.,5392.gif,Midnight,Blush,Sleepy,None,Bowtie,Candy Corn
5393,Shook'um #5393,A looping sheet ghost from Halloween Shook'ums. Three bodies. One skeleton. One clock. Minted on Abstract.,5393.gif,Parchment,Classic,Sparkly,Party,Bowtie,Candy
5394,Shook'um #5394,A looping sheet ghost from Halloween Shook'ums. Three bodies. One skeleton. One clock. Minted on Abstract.,5394.gif,Void,Classic,Wink,Witch,Chain,Moon
5395,Shook'um #5395,A looping sheet ghost from Halloween Shook'ums. Three bodies. One skeleton. One clock. Minted on Abstract.,5395.gif,Pumpkin,Classic,Sad,Witch,None,None
5396,Shook'um #5396,A looping sheet ghost from Halloween Shook'ums. Three bodies. One skeleton. One clock. Minted on Abstract.,5396.gif,Blush,Classic,Sad,None,None,None
5397,Shook'um #5397,A looping sheet ghost from Halloween Shook'ums. Three bodies. One skeleton. One clock. Minted on Abstract.,5397.gif,Parchment,Blush,Wink,Cat Ears,None,None
5398,Shook'um #5398,A looping sheet ghost from Halloween Shook'ums. Three bodies. One skeleton. One clock. Minted on Abstract.,5398.gif,Candy,Blush,Sad,Halo,Pearls,Candy Corn
5399,Shook'um #5399,A looping sheet ghost from Halloween Shook'ums. Three bodies. One skeleton. One clock. Minted on Abstract.,5399.gif,Blush,Classic,Sparkly,Crown,Pearls,Candy Corn
5400,Shook'um #5400,A looping sheet ghost from Halloween Shook'ums. Three bodies. One skeleton. One clock. Minted on Abstract.,5400.gif,Parchment,Void,Normal,Party,Bowtie,Candy Corn
5401,Shook'um #5401,A looping sheet ghost from Halloween Shook'ums. Three bodies. One skeleton. One clock. Minted on Abstract.,5401.gif,Blush,Blush,Spooked,Witch,Scarf,None
5402,Shook'um #5402,A looping sheet ghost from Halloween Shook'ums. Three bodies. One skeleton. One clock. Minted on Abstract.,5402.gif,Blood Moon,Classic,Spooked,Bow,Cape,Candy
5403,Shook'um #5403,A looping sheet ghost from Halloween Shook'ums. Three bodies. One skeleton. One clock. Minted on Abstract.,5403.gif,Void,Classic,Sleepy,Witch,Pearls,Pumpkin
5404,Shook'um #5404,A looping sheet ghost from Halloween Shook'ums. Three bodies. One skeleton. One clock. Minted on Abstract.,5404.gif,Pumpkin,Classic,Spooked,Halo,Scarf,Bat
5405,Shook'um #5405,A looping sheet ghost from Halloween Shook'ums. Three bodies. One skeleton. One clock. Minted on Abstract.,5405.gif,Blood Moon,Classic,Normal,Witch,Pearls,Candy
5406,Shook'um #5406,A looping sheet ghost from Halloween Shook'ums. Three bodies. One skeleton. One clock. Minted on Abstract.,5406.gif,Dusk,Classic,Angry,Cat Ears,Bowtie,Bat
5407,Shook'um #5407,A looping sheet ghost from Halloween Shook'ums. Three bodies. One skeleton. One clock. Minted on Abstract.,5407.gif,Candy,Blush,Heart,Crown,Chain,Pumpkin
5408,Shook'um #5408,A looping sheet ghost from Halloween Shook'ums. Three bodies. One skeleton. One clock. Minted on Abstract.,5408.gif,Graveyard,Classic,Sparkly,None,None,None
5409,Shook'um #5409,A looping sheet ghost from Halloween Shook'ums. Three bodies. One skeleton. One clock. Minted on Abstract.,5409.gif,Parchment,Classic,Sleepy,None,Cape,Bat
5410,Shook'um #5410,A looping sheet ghost from Halloween Shook'ums. Three bodies. One skeleton. One clock. Minted on Abstract.,5410.gif,Parchment,Classic,Starry,None,None,Candy Corn
5411,Shook'um #5411,A looping sheet ghost from Halloween Shook'ums. Three bodies. One skeleton. One clock. Minted on Abstract.,5411.gif,Midnight,Void,Sad,None,Pearls,Potion
5412,Shook'um #5412,A looping sheet ghost from Halloween Shook'ums. Three bodies. One skeleton. One clock. Minted on Abstract.,5412.gif,Midnight,Classic,Blep,Cat Ears,Scarf,Broom
5413,Shook'um #5413,A looping sheet ghost from Halloween Shook'ums. Three bodies. One skeleton. One clock. Minted on Abstract.,5413.gif,Fog,Void,Sleepy,None,Bowtie,None
5414,Shook'um #5414,A looping sheet ghost from Halloween Shook'ums. Three bodies. One skeleton. One clock. Minted on Abstract.,5414.gif,Midnight,Classic,Blep,Bow,Chain,Bat
5415,Shook'um #5415,A looping sheet ghost from Halloween Shook'ums. Three bodies. One skeleton. One clock. Minted on Abstract.,5415.gif,Dusk,Blush,Normal,Wizard,Chain,Moon
5416,Shook'um #5416,A looping sheet ghost from Halloween Shook'ums. Three bodies. One skeleton. One clock. Minted on Abstract.,5416.gif,Blush,Classic,Wink,Witch,Collar,None
5417,Shook'um #5417,A looping sheet ghost from Halloween Shook'ums. Three bodies. One skeleton. One clock. Minted on Abstract.,5417.gif,Fog,Classic,Normal,Wizard,Chain,Potion
5418,Shook'um #5418,A looping sheet ghost from Halloween Shook'ums. Three bodies. One skeleton. One clock. Minted on Abstract.,5418.gif,Midnight,Blush,Heart,None,Pearls,Bat
5419,Shook'um #5419,A looping sheet ghost from Halloween Shook'ums. Three bodies. One skeleton. One clock. Minted on Abstract.,5419.gif,Blush,Blush,Normal,Flower,Scarf,Bat
5420,Shook'um #5420,A looping sheet ghost from Halloween Shook'ums. Three bodies. One skeleton. One clock. Minted on Abstract.,5420.gif,Blush,Blush,Sleepy,Witch,Scarf,None
5421,Shook'um #5421,A looping sheet ghost from Halloween Shook'ums. Three bodies. One skeleton. One clock. Minted on Abstract.,5421.gif,Midnight,Classic,Sad,Wizard,Scarf,None
5422,Shook'um #5422,A looping sheet ghost from Halloween Shook'ums. Three bodies. One skeleton. One clock. Minted on Abstract.,5422.gif,Pumpkin,Blush,Wink,Crown,Cape,Potion
5423,Shook'um #5423,A looping sheet ghost from Halloween Shook'ums. Three bodies. One skeleton. One clock. Minted on Abstract.,5423.gif,Parchment,Blush,Spooked,Bow,Collar,Broom
5424,Shook'um #5424,A looping sheet ghost from Halloween Shook'ums. Three bodies. One skeleton. One clock. Minted on Abstract.,5424.gif,Midnight,Void,Spooked,Bow,None,Potion
5425,Shook'um #5425,A looping sheet ghost from Halloween Shook'ums. Three bodies. One skeleton. One clock. Minted on Abstract.,5425.gif,Pumpkin,Classic,Blep,Pumpkin,Scarf,Candy
5426,Shook'um #5426,A looping sheet ghost from Halloween Shook'ums. Three bodies. One skeleton. One clock. Minted on Abstract.,5426.gif,Dusk,Classic,Normal,Pumpkin,Scarf,Bat
5427,Shook'um #5427,A looping sheet ghost from Halloween Shook'ums. Three bodies. One skeleton. One clock. Minted on Abstract.,5427.gif,Fog,Void,Sleepy,Cat Ears,None,Candy Corn
5428,Shook'um #5428,A looping sheet ghost from Halloween Shook'ums. Three bodies. One skeleton. One clock. Minted on Abstract.,5428.gif,Midnight,Void,Normal,Party,Chain,Bat
5429,Shook'um #5429,A looping sheet ghost from Halloween Shook'ums. Three bodies. One skeleton. One clock. Minted on Abstract.,5429.gif,Blush,Blush,Sad,Crown,None,Pumpkin
5430,Shook'um #5430,A looping sheet ghost from Halloween Shook'ums. Three bodies. One skeleton. One clock. Minted on Abstract.,5430.gif,Midnight,Void,Sleepy,Halo,None,None
5431,Shook'um #5431,A looping sheet ghost from Halloween Shook'ums. Three bodies. One skeleton. One clock. Minted on Abstract.,5431.gif,Graveyard,Blush,Sparkly,Cat Ears,None,Pumpkin
5432,Shook'um #5432,A looping sheet ghost from Halloween Shook'ums. Three bodies. One skeleton. One clock. Minted on Abstract.,5432.gif,Void,Classic,Heart,Bow,None,Moon
5433,Shook'um #5433,A looping sheet ghost from Halloween Shook'ums. Three bodies. One skeleton. One clock. Minted on Abstract.,5433.gif,Graveyard,Classic,Starry,Flower,None,Candy
5434,Shook'um #5434,A looping sheet ghost from Halloween Shook'ums. Three bodies. One skeleton. One clock. Minted on Abstract.,5434.gif,Parchment,Classic,Blep,Witch,Chain,Pumpkin
5435,Shook'um #5435,A looping sheet ghost from Halloween Shook'ums. Three bodies. One skeleton. One clock. Minted on Abstract.,5435.gif,Fog,Classic,Wink,None,Chain,None
5436,Shook'um #5436,A looping sheet ghost from Halloween Shook'ums. Three bodies. One skeleton. One clock. Minted on Abstract.,5436.gif,Blood Moon,Classic,Sleepy,Bow,Bowtie,Candy
5437,Shook'um #5437,A looping sheet ghost from Halloween Shook'ums. Three bodies. One skeleton. One clock. Minted on Abstract.,5437.gif,Void,Blush,Angry,Party,Bowtie,Broom
5438,Shook'um #5438,A looping sheet ghost from Halloween Shook'ums. Three bodies. One skeleton. One clock. Minted on Abstract.,5438.gif,Midnight,Void,Sparkly,Flower,Scarf,None
5439,Shook'um #5439,A looping sheet ghost from Halloween Shook'ums. Three bodies. One skeleton. One clock. Minted on Abstract.,5439.gif,Blood Moon,Classic,Normal,Halo,Pearls,Candy Corn
5440,Shook'um #5440,A looping sheet ghost from Halloween Shook'ums. Three bodies. One skeleton. One clock. Minted on Abstract.,5440.gif,Graveyard,Classic,Blep,None,Bowtie,Pumpkin
5441,Shook'um #5441,A looping sheet ghost from Halloween Shook'ums. Three bodies. One skeleton. One clock. Minted on Abstract.,5441.gif,Parchment,Classic,Sad,Bow,None,Pumpkin
5442,Shook'um #5442,A looping sheet ghost from Halloween Shook'ums. Three bodies. One skeleton. One clock. Minted on Abstract.,5442.gif,Pumpkin,Classic,Normal,Pumpkin,None,Broom
5443,Shook'um #5443,A looping sheet ghost from Halloween Shook'ums. Three bodies. One skeleton. One clock. Minted on Abstract.,5443.gif,Parchment,Void,Angry,None,Scarf,Candy
5444,Shook'um #5444,A looping sheet ghost from Halloween Shook'ums. Three bodies. One skeleton. One clock. Minted on Abstract.,5444.gif,Blush,Void,Wink,Wizard,None,Broom
5445,Shook'um #5445,A looping sheet ghost from Halloween Shook'ums. Three bodies. One skeleton. One clock. Minted on Abstract.,5445.gif,Parchment,Void,Spooked,Wizard,Cape,None
5446,Shook'um #5446,A looping sheet ghost from Halloween Shook'ums. Three bodies. One skeleton. One clock. Minted on Abstract.,5446.gif,Candy,Void,Spooked,Cat Ears,Bowtie,Potion
5447,Shook'um #5447,A looping sheet ghost from Halloween Shook'ums. Three bodies. One skeleton. One clock. Minted on Abstract.,5447.gif,Dusk,Blush,Spooked,Party,Cape,None
5448,Shook'um #5448,A looping sheet ghost from Halloween Shook'ums. Three bodies. One skeleton. One clock. Minted on Abstract.,5448.gif,Midnight,Classic,Wink,Wizard,None,Broom
5449,Shook'um #5449,A looping sheet ghost from Halloween Shook'ums. Three bodies. One skeleton. One clock. Minted on Abstract.,5449.gif,Dusk,Blush,Angry,None,Chain,None
5450,Shook'um #5450,A looping sheet ghost from Halloween Shook'ums. Three bodies. One skeleton. One clock. Minted on Abstract.,5450.gif,Dusk,Void,Blep,Pumpkin,None,Broom
5451,Shook'um #5451,A looping sheet ghost from Halloween Shook'ums. Three bodies. One skeleton. One clock. Minted on Abstract.,5451.gif,Midnight,Classic,Spooked,Witch,Collar,Candy
5452,Shook'um #5452,A looping sheet ghost from Halloween Shook'ums. Three bodies. One skeleton. One clock. Minted on Abstract.,5452.gif,Blush,Classic,Sleepy,Cat Ears,Pearls,Candy Corn
5453,Shook'um #5453,A looping sheet ghost from Halloween Shook'ums. Three bodies. One skeleton. One clock. Minted on Abstract.,5453.gif,Pumpkin,Classic,Spooked,Witch,Scarf,Candy
5454,Shook'um #5454,A looping sheet ghost from Halloween Shook'ums. Three bodies. One skeleton. One clock. Minted on Abstract.,5454.gif,Pumpkin,Classic,Normal,Pumpkin,Cape,Pumpkin
5455,Shook'um #5455,A looping sheet ghost from Halloween Shook'ums. Three bodies. One skeleton. One clock. Minted on Abstract.,5455.gif,Parchment,Blush,Wink,Bow,Pearls,None
5456,Shook'um #5456,A looping sheet ghost from Halloween Shook'ums. Three bodies. One skeleton. One clock. Minted on Abstract.,5456.gif,Blood Moon,Void,Sleepy,Wizard,None,Pumpkin
5457,Shook'um #5457,A looping sheet ghost from Halloween Shook'ums. Three bodies. One skeleton. One clock. Minted on Abstract.,5457.gif,Pumpkin,Classic,Normal,Bow,Chain,Potion
5458,Shook'um #5458,A looping sheet ghost from Halloween Shook'ums. Three bodies. One skeleton. One clock. Minted on Abstract.,5458.gif,Parchment,Classic,Sleepy,Witch,Cape,Broom
5459,Shook'um #5459,A looping sheet ghost from Halloween Shook'ums. Three bodies. One skeleton. One clock. Minted on Abstract.,5459.gif,Midnight,Void,Spooked,Witch,None,Bat
5460,Shook'um #5460,A looping sheet ghost from Halloween Shook'ums. Three bodies. One skeleton. One clock. Minted on Abstract.,5460.gif,Midnight,Blush,Sparkly,Flower,Bowtie,Candy Corn
5461,Shook'um #5461,A looping sheet ghost from Halloween Shook'ums. Three bodies. One skeleton. One clock. Minted on Abstract.,5461.gif,Parchment,Classic,Sad,Pumpkin,None,Candy
5462,Shook'um #5462,A looping sheet ghost from Halloween Shook'ums. Three bodies. One skeleton. One clock. Minted on Abstract.,5462.gif,Candy,Classic,Sparkly,Halo,None,Pumpkin
5463,Shook'um #5463,A looping sheet ghost from Halloween Shook'ums. Three bodies. One skeleton. One clock. Minted on Abstract.,5463.gif,Candy,Classic,Normal,Cat Ears,Bowtie,Candy
5464,Shook'um #5464,A looping sheet ghost from Halloween Shook'ums. Three bodies. One skeleton. One clock. Minted on Abstract.,5464.gif,Blush,Classic,Sleepy,Cat Ears,None,Candy Corn
5465,Shook'um #5465,A looping sheet ghost from Halloween Shook'ums. Three bodies. One skeleton. One clock. Minted on Abstract.,5465.gif,Candy,Void,Heart,Pumpkin,Bowtie,None
5466,Shook'um #5466,A looping sheet ghost from Halloween Shook'ums. Three bodies. One skeleton. One clock. Minted on Abstract.,5466.gif,Graveyard,Classic,Normal,Witch,Bowtie,Bat
5467,Shook'um #5467,A looping sheet ghost from Halloween Shook'ums. Three bodies. One skeleton. One clock. Minted on Abstract.,5467.gif,Blood Moon,Classic,Spooked,None,Collar,Pumpkin
5468,Shook'um #5468,A looping sheet ghost from Halloween Shook'ums. Three bodies. One skeleton. One clock. Minted on Abstract.,5468.gif,Candy,Blush,Blep,Cat Ears,None,None
5469,Shook'um #5469,A looping sheet ghost from Halloween Shook'ums. Three bodies. One skeleton. One clock. Minted on Abstract.,5469.gif,Blush,Void,Spooked,None,Bowtie,Pumpkin
5470,Shook'um #5470,A looping sheet ghost from Halloween Shook'ums. Three bodies. One skeleton. One clock. Minted on Abstract.,5470.gif,Fog,Blush,Spooked,Witch,Pearls,Candy
5471,Shook'um #5471,A looping sheet ghost from Halloween Shook'ums. Three bodies. One skeleton. One clock. Minted on Abstract.,5471.gif,Blood Moon,Blush,Spooked,None,None,None
5472,Shook'um #5472,A looping sheet ghost from Halloween Shook'ums. Three bodies. One skeleton. One clock. Minted on Abstract.,5472.gif,Fog,Void,Wink,Party,None,Pumpkin
5473,Shook'um #5473,A looping sheet ghost from Halloween Shook'ums. Three bodies. One skeleton. One clock. Minted on Abstract.,5473.gif,Blood Moon,Blush,Blep,None,Bowtie,None
5474,Shook'um #5474,A looping sheet ghost from Halloween Shook'ums. Three bodies. One skeleton. One clock. Minted on Abstract.,5474.gif,Blood Moon,Classic,Starry,Bow,Bowtie,None
5475,Shook'um #5475,A looping sheet ghost from Halloween Shook'ums. Three bodies. One skeleton. One clock. Minted on Abstract.,5475.gif,Midnight,Classic,Spooked,Pumpkin,None,Bat
5476,Shook'um #5476,A looping sheet ghost from Halloween Shook'ums. Three bodies. One skeleton. One clock. Minted on Abstract.,5476.gif,Midnight,Blush,Sparkly,Cat Ears,None,Candy
5477,Shook'um #5477,A looping sheet ghost from Halloween Shook'ums. Three bodies. One skeleton. One clock. Minted on Abstract.,5477.gif,Blush,Classic,Sleepy,None,Scarf,None
5478,Shook'um #5478,A looping sheet ghost from Halloween Shook'ums. Three bodies. One skeleton. One clock. Minted on Abstract.,5478.gif,Blush,Classic,Blep,Flower,Scarf,None
5479,Shook'um #5479,A looping sheet ghost from Halloween Shook'ums. Three bodies. One skeleton. One clock. Minted on Abstract.,5479.gif,Parchment,Void,Spooked,None,None,Candy
5480,Shook'um #5480,A looping sheet ghost from Halloween Shook'ums. Three bodies. One skeleton. One clock. Minted on Abstract.,5480.gif,Candy,Classic,Spooked,Pumpkin,Bowtie,Potion
5481,Shook'um #5481,A looping sheet ghost from Halloween Shook'ums. Three bodies. One skeleton. One clock. Minted on Abstract.,5481.gif,Graveyard,Void,Normal,None,Chain,None
5482,Shook'um #5482,A looping sheet ghost from Halloween Shook'ums. Three bodies. One skeleton. One clock. Minted on Abstract.,5482.gif,Parchment,Classic,Normal,Wizard,Scarf,Pumpkin
5483,Shook'um #5483,A looping sheet ghost from Halloween Shook'ums. Three bodies. One skeleton. One clock. Minted on Abstract.,5483.gif,Fog,Classic,Spooked,None,Cape,Candy Corn
5484,Shook'um #5484,A looping sheet ghost from Halloween Shook'ums. Three bodies. One skeleton. One clock. Minted on Abstract.,5484.gif,Graveyard,Classic,Sad,Witch,Pearls,Potion
5485,Shook'um #5485,A looping sheet ghost from Halloween Shook'ums. Three bodies. One skeleton. One clock. Minted on Abstract.,5485.gif,Blood Moon,Blush,Wink,Witch,None,Pumpkin
5486,Shook'um #5486,A looping sheet ghost from Halloween Shook'ums. Three bodies. One skeleton. One clock. Minted on Abstract.,5486.gif,Blush,Blush,Normal,None,Bowtie,Candy
5487,Shook'um #5487,A looping sheet ghost from Halloween Shook'ums. Three bodies. One skeleton. One clock. Minted on Abstract.,5487.gif,Fog,Blush,Sleepy,Crown,None,Bat
5488,Shook'um #5488,A looping sheet ghost from Halloween Shook'ums. Three bodies. One skeleton. One clock. Minted on Abstract.,5488.gif,Blood Moon,Void,Sleepy,None,Chain,Pumpkin
5489,Shook'um #5489,A looping sheet ghost from Halloween Shook'ums. Three bodies. One skeleton. One clock. Minted on Abstract.,5489.gif,Candy,Classic,Sparkly,Witch,None,Potion
5490,Shook'um #5490,A looping sheet ghost from Halloween Shook'ums. Three bodies. One skeleton. One clock. Minted on Abstract.,5490.gif,Dusk,Classic,Blep,Pumpkin,None,None
5491,Shook'um #5491,A looping sheet ghost from Halloween Shook'ums. Three bodies. One skeleton. One clock. Minted on Abstract.,5491.gif,Pumpkin,Blush,Sad,None,Pearls,Broom
5492,Shook'um #5492,A looping sheet ghost from Halloween Shook'ums. Three bodies. One skeleton. One clock. Minted on Abstract.,5492.gif,Dusk,Classic,Sad,Witch,Collar,Pumpkin
5493,Shook'um #5493,A looping sheet ghost from Halloween Shook'ums. Three bodies. One skeleton. One clock. Minted on Abstract.,5493.gif,Pumpkin,Blush,Spooked,Party,Cape,Bat
5494,Shook'um #5494,A looping sheet ghost from Halloween Shook'ums. Three bodies. One skeleton. One clock. Minted on Abstract.,5494.gif,Blood Moon,Classic,Spooked,Bow,Scarf,Moon
5495,Shook'um #5495,A looping sheet ghost from Halloween Shook'ums. Three bodies. One skeleton. One clock. Minted on Abstract.,5495.gif,Candy,Classic,Spooked,Witch,None,Candy Corn
5496,Shook'um #5496,A looping sheet ghost from Halloween Shook'ums. Three bodies. One skeleton. One clock. Minted on Abstract.,5496.gif,Fog,Classic,Normal,Bow,Scarf,Candy Corn
5497,Shook'um #5497,A looping sheet ghost from Halloween Shook'ums. Three bodies. One skeleton. One clock. Minted on Abstract.,5497.gif,Parchment,Void,Blep,None,None,None
5498,Shook'um #5498,A looping sheet ghost from Halloween Shook'ums. Three bodies. One skeleton. One clock. Minted on Abstract.,5498.gif,Fog,Classic,Normal,Halo,None,Candy Corn
5499,Shook'um #5499,A looping sheet ghost from Halloween Shook'ums. Three bodies. One skeleton. One clock. Minted on Abstract.,5499.gif,Blood Moon,Classic,Blep,Flower,None,Candy
5500,Shook'um #5500,A looping sheet ghost from Halloween Shook'ums. Three bodies. One skeleton. One clock. Minted on Abstract.,5500.gif,Candy,Void,Spooked,Witch,None,Candy Corn
5501,Shook'um #5501,A looping sheet ghost from Halloween Shook'ums. Three bodies. One skeleton. One clock. Minted on Abstract.,5501.gif,Blush,Blush,Blep,None,Cape,Bat
5502,Shook'um #5502,A looping sheet ghost from Halloween Shook'ums. Three bodies. One skeleton. One clock. Minted on Abstract.,5502.gif,Graveyard,Blush,Sleepy,Wizard,None,None
5503,Shook'um #5503,A looping sheet ghost from Halloween Shook'ums. Three bodies. One skeleton. One clock. Minted on Abstract.,5503.gif,Blush,Classic,Heart,Bow,None,None
5504,Shook'um #5504,A looping sheet ghost from Halloween Shook'ums. Three bodies. One skeleton. One clock. Minted on Abstract.,5504.gif,Graveyard,Classic,Sparkly,Witch,None,Potion
5505,Shook'um #5505,A looping sheet ghost from Halloween Shook'ums. Three bodies. One skeleton. One clock. Minted on Abstract.,5505.gif,Pumpkin,Blush,Normal,None,Pearls,Candy Corn
5506,Shook'um #5506,A looping sheet ghost from Halloween Shook'ums. Three bodies. One skeleton. One clock. Minted on Abstract.,5506.gif,Pumpkin,Classic,Normal,None,Cape,Bat
5507,Shook'um #5507,A looping sheet ghost from Halloween Shook'ums. Three bodies. One skeleton. One clock. Minted on Abstract.,5507.gif,Graveyard,Blush,Spooked,Flower,Collar,None
5508,Shook'um #5508,A looping sheet ghost from Halloween Shook'ums. Three bodies. One skeleton. One clock. Minted on Abstract.,5508.gif,Dusk,Classic,Wink,Flower,None,Bat
5509,Shook'um #5509,A looping sheet ghost from Halloween Shook'ums. Three bodies. One skeleton. One clock. Minted on Abstract.,5509.gif,Candy,Blush,Normal,Witch,Cape,Moon
5510,Shook'um #5510,A looping sheet ghost from Halloween Shook'ums. Three bodies. One skeleton. One clock. Minted on Abstract.,5510.gif,Void,Classic,Sad,Halo,Scarf,None
5511,Shook'um #5511,A looping sheet ghost from Halloween Shook'ums. Three bodies. One skeleton. One clock. Minted on Abstract.,5511.gif,Fog,Blush,Blep,None,Bowtie,Pumpkin
5512,Shook'um #5512,A looping sheet ghost from Halloween Shook'ums. Three bodies. One skeleton. One clock. Minted on Abstract.,5512.gif,Midnight,Void,Sad,Pumpkin,None,Bat
5513,Shook'um #5513,A looping sheet ghost from Halloween Shook'ums. Three bodies. One skeleton. One clock. Minted on Abstract.,5513.gif,Blush,Classic,Wink,Wizard,Scarf,Candy Corn
5514,Shook'um #5514,A looping sheet ghost from Halloween Shook'ums. Three bodies. One skeleton. One clock. Minted on Abstract.,5514.gif,Graveyard,Blush,Spooked,Party,Pearls,Broom
5515,Shook'um #5515,A looping sheet ghost from Halloween Shook'ums. Three bodies. One skeleton. One clock. Minted on Abstract.,5515.gif,Pumpkin,Classic,Angry,None,None,Pumpkin
5516,Shook'um #5516,A looping sheet ghost from Halloween Shook'ums. Three bodies. One skeleton. One clock. Minted on Abstract.,5516.gif,Fog,Void,Wink,Bow,Chain,Broom
5517,Shook'um #5517,A looping sheet ghost from Halloween Shook'ums. Three bodies. One skeleton. One clock. Minted on Abstract.,5517.gif,Blush,Classic,Sleepy,Bow,Cape,Broom
5518,Shook'um #5518,A looping sheet ghost from Halloween Shook'ums. Three bodies. One skeleton. One clock. Minted on Abstract.,5518.gif,Blush,Classic,Sad,Witch,Pearls,Potion
5519,Shook'um #5519,A looping sheet ghost from Halloween Shook'ums. Three bodies. One skeleton. One clock. Minted on Abstract.,5519.gif,Void,Blush,Normal,None,Scarf,Candy
5520,Shook'um #5520,A looping sheet ghost from Halloween Shook'ums. Three bodies. One skeleton. One clock. Minted on Abstract.,5520.gif,Pumpkin,Classic,Heart,Cat Ears,Chain,Broom
5521,Shook'um #5521,A looping sheet ghost from Halloween Shook'ums. Three bodies. One skeleton. One clock. Minted on Abstract.,5521.gif,Fog,Classic,Spooked,None,Cape,None
5522,Shook'um #5522,A looping sheet ghost from Halloween Shook'ums. Three bodies. One skeleton. One clock. Minted on Abstract.,5522.gif,Dusk,Classic,Sleepy,Halo,Bowtie,Moon
5523,Shook'um #5523,A looping sheet ghost from Halloween Shook'ums. Three bodies. One skeleton. One clock. Minted on Abstract.,5523.gif,Dusk,Blush,Sad,None,None,None
5524,Shook'um #5524,A looping sheet ghost from Halloween Shook'ums. Three bodies. One skeleton. One clock. Minted on Abstract.,5524.gif,Candy,Void,Wink,Halo,Collar,Potion
5525,Shook'um #5525,A looping sheet ghost from Halloween Shook'ums. Three bodies. One skeleton. One clock. Minted on Abstract.,5525.gif,Dusk,Classic,Wink,Wizard,None,None
5526,Shook'um #5526,A looping sheet ghost from Halloween Shook'ums. Three bodies. One skeleton. One clock. Minted on Abstract.,5526.gif,Parchment,Classic,Wink,None,None,Candy
5527,Shook'um #5527,A looping sheet ghost from Halloween Shook'ums. Three bodies. One skeleton. One clock. Minted on Abstract.,5527.gif,Pumpkin,Void,Spooked,None,None,Pumpkin
5528,Shook'um #5528,A looping sheet ghost from Halloween Shook'ums. Three bodies. One skeleton. One clock. Minted on Abstract.,5528.gif,Midnight,Blush,Blep,None,Collar,None
5529,Shook'um #5529,A looping sheet ghost from Halloween Shook'ums. Three bodies. One skeleton. One clock. Minted on Abstract.,5529.gif,Midnight,Void,Sparkly,Wizard,None,None
5530,Shook'um #5530,A looping sheet ghost from Halloween Shook'ums. Three bodies. One skeleton. One clock. Minted on Abstract.,5530.gif,Midnight,Classic,Angry,Wizard,Bowtie,Candy Corn
5531,Shook'um #5531,A looping sheet ghost from Halloween Shook'ums. Three bodies. One skeleton. One clock. Minted on Abstract.,5531.gif,Fog,Classic,Blep,Witch,None,Candy Corn
5532,Shook'um #5532,A looping sheet ghost from Halloween Shook'ums. Three bodies. One skeleton. One clock. Minted on Abstract.,5532.gif,Pumpkin,Classic,Normal,Pumpkin,Chain,Broom
5533,Shook'um #5533,A looping sheet ghost from Halloween Shook'ums. Three bodies. One skeleton. One clock. Minted on Abstract.,5533.gif,Pumpkin,Blush,Wink,Pumpkin,Chain,None
5534,Shook'um #5534,A looping sheet ghost from Halloween Shook'ums. Three bodies. One skeleton. One clock. Minted on Abstract.,5534.gif,Midnight,Classic,Sleepy,Pumpkin,Collar,Potion
5535,Shook'um #5535,A looping sheet ghost from Halloween Shook'ums. Three bodies. One skeleton. One clock. Minted on Abstract.,5535.gif,Parchment,Classic,Blep,None,Collar,None
5536,Shook'um #5536,A looping sheet ghost from Halloween Shook'ums. Three bodies. One skeleton. One clock. Minted on Abstract.,5536.gif,Midnight,Blush,Sparkly,None,Chain,Candy Corn
5537,Shook'um #5537,A looping sheet ghost from Halloween Shook'ums. Three bodies. One skeleton. One clock. Minted on Abstract.,5537.gif,Blush,Blush,Angry,Pumpkin,Cape,None
5538,Shook'um #5538,A looping sheet ghost from Halloween Shook'ums. Three bodies. One skeleton. One clock. Minted on Abstract.,5538.gif,Blush,Classic,Sleepy,None,Cape,None
5539,Shook'um #5539,A looping sheet ghost from Halloween Shook'ums. Three bodies. One skeleton. One clock. Minted on Abstract.,5539.gif,Midnight,Classic,Normal,Party,None,Bat
5540,Shook'um #5540,A looping sheet ghost from Halloween Shook'ums. Three bodies. One skeleton. One clock. Minted on Abstract.,5540.gif,Parchment,Classic,Sad,Party,None,Pumpkin
5541,Shook'um #5541,A looping sheet ghost from Halloween Shook'ums. Three bodies. One skeleton. One clock. Minted on Abstract.,5541.gif,Pumpkin,Classic,Normal,None,Scarf,None
5542,Shook'um #5542,A looping sheet ghost from Halloween Shook'ums. Three bodies. One skeleton. One clock. Minted on Abstract.,5542.gif,Pumpkin,Classic,Wink,None,Pearls,None
5543,Shook'um #5543,A looping sheet ghost from Halloween Shook'ums. Three bodies. One skeleton. One clock. Minted on Abstract.,5543.gif,Midnight,Classic,Normal,Halo,Scarf,None
5544,Shook'um #5544,A looping sheet ghost from Halloween Shook'ums. Three bodies. One skeleton. One clock. Minted on Abstract.,5544.gif,Blood Moon,Blush,Sparkly,Party,None,Bat
5545,Shook'um #5545,A looping sheet ghost from Halloween Shook'ums. Three bodies. One skeleton. One clock. Minted on Abstract.,5545.gif,Fog,Classic,Spooked,Witch,Scarf,Pumpkin
5546,Shook'um #5546,A looping sheet ghost from Halloween Shook'ums. Three bodies. One skeleton. One clock. Minted on Abstract.,5546.gif,Candy,Classic,Wink,Party,Collar,Moon
5547,Shook'um #5547,A looping sheet ghost from Halloween Shook'ums. Three bodies. One skeleton. One clock. Minted on Abstract.,5547.gif,Pumpkin,Void,Normal,Halo,Cape,Broom
5548,Shook'um #5548,A looping sheet ghost from Halloween Shook'ums. Three bodies. One skeleton. One clock. Minted on Abstract.,5548.gif,Midnight,Classic,Sparkly,Cat Ears,Chain,Candy Corn
5549,Shook'um #5549,A looping sheet ghost from Halloween Shook'ums. Three bodies. One skeleton. One clock. Minted on Abstract.,5549.gif,Parchment,Classic,Sleepy,Party,Bowtie,Bat
5550,Shook'um #5550,A looping sheet ghost from Halloween Shook'ums. Three bodies. One skeleton. One clock. Minted on Abstract.,5550.gif,Fog,Blush,Normal,None,Bowtie,Bat
5551,Shook'um #5551,A looping sheet ghost from Halloween Shook'ums. Three bodies. One skeleton. One clock. Minted on Abstract.,5551.gif,Dusk,Blush,Blep,Flower,None,Bat
5552,Shook'um #5552,A looping sheet ghost from Halloween Shook'ums. Three bodies. One skeleton. One clock. Minted on Abstract.,5552.gif,Candy,Classic,Blep,Party,Chain,Broom
5553,Shook'um #5553,A looping sheet ghost from Halloween Shook'ums. Three bodies. One skeleton. One clock. Minted on Abstract.,5553.gif,Pumpkin,Blush,Heart,Party,None,None
5554,Shook'um #5554,A looping sheet ghost from Halloween Shook'ums. Three bodies. One skeleton. One clock. Minted on Abstract.,5554.gif,Midnight,Blush,Starry,None,None,None
5555,Shook'um #5555,A looping sheet ghost from Halloween Shook'ums. Three bodies. One skeleton. One clock. Minted on Abstract.,5555.gif,Void,Classic,Spooked,Party,None,None
