tokenID,name,description,file_name,attributes[Field],attributes[Plumage],attributes[Mug],attributes[Accent]
1,Birb #1,A looping painted robin from BirbNation. One sphere. One clock. Minted on Robinhood Chain.,1.gif,White,Brown,Blep,None
2,Birb #2,A looping painted robin from BirbNation. One sphere. One clock. Minted on Robinhood Chain.,2.gif,Blush,Pink,Heart,Bow
3,Birb #3,A looping painted robin from BirbNation. One sphere. One clock. Minted on Robinhood Chain.,3.gif,Mint,Green,Normal,Leaf
4,Birb #4,A looping painted robin from BirbNation. One sphere. One clock. Minted on Robinhood Chain.,4.gif,Sky,Blue,Wide,Flower
5,Birb #5,A looping painted robin from BirbNation. One sphere. One clock. Minted on Robinhood Chain.,5.gif,Cream,Snow,Sleepy,None
6,Birb #6,A looping painted robin from BirbNation. One sphere. One clock. Minted on Robinhood Chain.,6.gif,Peach,Gold,Sparkly,Berry
7,Birb #7,A looping painted robin from BirbNation. One sphere. One clock. Minted on Robinhood Chain.,7.gif,Dusk,Dusk,Wink,Worm
8,Birb #8,A looping painted robin from BirbNation. One sphere. One clock. Minted on Robinhood Chain.,8.gif,Forest,Brown,Sad,Leaf
9,Birb #9,A looping painted robin from BirbNation. One sphere. One clock. Minted on Robinhood Chain.,9.gif,Space,Void,Starry,Crown
10,Birb #10,A looping painted robin from BirbNation. One sphere. One clock. Minted on Robinhood Chain.,10.gif,Cream,Rainbow,Sparkly,None
11,Birb #11,A looping painted robin from BirbNation. One sphere. One clock. Minted on Robinhood Chain.,11.gif,Blush,Snow,Normal,Hat
12,Birb #12,A looping painted robin from BirbNation. One sphere. One clock. Minted on Robinhood Chain.,12.gif,Mint,Gold,Sleepy,Flower
13,Birb #13,A looping painted robin from BirbNation. One sphere. One clock. Minted on Robinhood Chain.,13.gif,Sky,Pink,Sparkly,Bandana
14,Birb #14,A looping painted robin from BirbNation. One sphere. One clock. Minted on Robinhood Chain.,14.gif,Peach,Frost,Heart,None
15,Birb #15,A looping painted robin from BirbNation. One sphere. One clock. Minted on Robinhood Chain.,15.gif,Dusk,Blue,Angry,Worm
16,Birb #16,A looping painted robin from BirbNation. One sphere. One clock. Minted on Robinhood Chain.,16.gif,Forest,Void,Normal,Leaf
17,Birb #17,A looping painted robin from BirbNation. One sphere. One clock. Minted on Robinhood Chain.,17.gif,Mint,Brown,Sleepy,Worm
18,Birb #18,A looping painted robin from BirbNation. One sphere. One clock. Minted on Robinhood Chain.,18.gif,Forest,Blue,Sparkly,Flower
19,Birb #19,A looping painted robin from BirbNation. One sphere. One clock. Minted on Robinhood Chain.,19.gif,Peach,Pink,Wide,Worm
20,Birb #20,A looping painted robin from BirbNation. One sphere. One clock. Minted on Robinhood Chain.,20.gif,White,Blue,Sparkly,Berry
21,Birb #21,A looping painted robin from BirbNation. One sphere. One clock. Minted on Robinhood Chain.,21.gif,Mint,Brown,Sleepy,Bandana
22,Birb #22,A looping painted robin from BirbNation. One sphere. One clock. Minted on Robinhood Chain.,22.gif,Peach,Blue,Sad,Bow
23,Birb #23,A looping painted robin from BirbNation. One sphere. One clock. Minted on Robinhood Chain.,23.gif,Cream,Rainbow,Sleepy,None
24,Birb #24,A looping painted robin from BirbNation. One sphere. One clock. Minted on Robinhood Chain.,24.gif,Dusk,Green,Starry,Flower
25,Birb #25,A looping painted robin from BirbNation. One sphere. One clock. Minted on Robinhood Chain.,25.gif,Cream,Green,Blep,Bandana
26,Birb #26,A looping painted robin from BirbNation. One sphere. One clock. Minted on Robinhood Chain.,26.gif,Dusk,Pink,Wink,Flower
27,Birb #27,A looping painted robin from BirbNation. One sphere. One clock. Minted on Robinhood Chain.,27.gif,Space,Snow,Wink,None
28,Birb #28,A looping painted robin from BirbNation. One sphere. One clock. Minted on Robinhood Chain.,28.gif,Sky,Blue,Sparkly,None
29,Birb #29,A looping painted robin from BirbNation. One sphere. One clock. Minted on Robinhood Chain.,29.gif,White,Brown,Sad,Berry
30,Birb #30,A looping painted robin from BirbNation. One sphere. One clock. Minted on Robinhood Chain.,30.gif,Cream,Green,Blep,Bow
31,Birb #31,A looping painted robin from BirbNation. One sphere. One clock. Minted on Robinhood Chain.,31.gif,Mint,Pink,Angry,Bow
32,Birb #32,A looping painted robin from BirbNation. One sphere. One clock. Minted on Robinhood Chain.,32.gif,Mint,Pink,Sparkly,None
33,Birb #33,A looping painted robin from BirbNation. One sphere. One clock. Minted on Robinhood Chain.,33.gif,Cream,Brown,Wide,None
34,Birb #34,A looping painted robin from BirbNation. One sphere. One clock. Minted on Robinhood Chain.,34.gif,Sky,Brown,Sparkly,Bandana
35,Birb #35,A looping painted robin from BirbNation. One sphere. One clock. Minted on Robinhood Chain.,35.gif,Mint,Frost,Sleepy,Worm
36,Birb #36,A looping painted robin from BirbNation. One sphere. One clock. Minted on Robinhood Chain.,36.gif,Blush,Brown,Sparkly,Bandana
37,Birb #37,A looping painted robin from BirbNation. One sphere. One clock. Minted on Robinhood Chain.,37.gif,Forest,Brown,Blep,Flower
38,Birb #38,A looping painted robin from BirbNation. One sphere. One clock. Minted on Robinhood Chain.,38.gif,Forest,Brown,Sparkly,Flower
39,Birb #39,A looping painted robin from BirbNation. One sphere. One clock. Minted on Robinhood Chain.,39.gif,Blush,Brown,Blep,None
40,Birb #40,A looping painted robin from BirbNation. One sphere. One clock. Minted on Robinhood Chain.,40.gif,Mint,Pink,Sparkly,Berry
41,Birb #41,A looping painted robin from BirbNation. One sphere. One clock. Minted on Robinhood Chain.,41.gif,Cream,Brown,Sleepy,Flower
42,Birb #42,A looping painted robin from BirbNation. One sphere. One clock. Minted on Robinhood Chain.,42.gif,Sky,Frost,Blep,None
43,Birb #43,A looping painted robin from BirbNation. One sphere. One clock. Minted on Robinhood Chain.,43.gif,Mint,Pink,Angry,Flower
44,Birb #44,A looping painted robin from BirbNation. One sphere. One clock. Minted on Robinhood Chain.,44.gif,Sky,Pink,Wink,Crown
45,Birb #45,A looping painted robin from BirbNation. One sphere. One clock. Minted on Robinhood Chain.,45.gif,Cream,Brown,Blep,Bandana
46,Birb #46,A looping painted robin from BirbNation. One sphere. One clock. Minted on Robinhood Chain.,46.gif,White,Gold,Sad,Worm
47,Birb #47,A looping painted robin from BirbNation. One sphere. One clock. Minted on Robinhood Chain.,47.gif,White,Dusk,Sleepy,None
48,Birb #48,A looping painted robin from BirbNation. One sphere. One clock. Minted on Robinhood Chain.,48.gif,Peach,Void,Sleepy,Flower
49,Birb #49,A looping painted robin from BirbNation. One sphere. One clock. Minted on Robinhood Chain.,49.gif,Sky,Blue,Normal,Leaf
50,Birb #50,A looping painted robin from BirbNation. One sphere. One clock. Minted on Robinhood Chain.,50.gif,Forest,Rainbow,Heart,None
51,Birb #51,A looping painted robin from BirbNation. One sphere. One clock. Minted on Robinhood Chain.,51.gif,Blush,Green,Sleepy,Bandana
52,Birb #52,A looping painted robin from BirbNation. One sphere. One clock. Minted on Robinhood Chain.,52.gif,Mint,Pink,Angry,Leaf
53,Birb #53,A looping painted robin from BirbNation. One sphere. One clock. Minted on Robinhood Chain.,53.gif,Mint,Pink,Wink,Flower
54,Birb #54,A looping painted robin from BirbNation. One sphere. One clock. Minted on Robinhood Chain.,54.gif,Dusk,Brown,Blep,Bow
55,Birb #55,A looping painted robin from BirbNation. One sphere. One clock. Minted on Robinhood Chain.,55.gif,White,Snow,Blep,Leaf
56,Birb #56,A looping painted robin from BirbNation. One sphere. One clock. Minted on Robinhood Chain.,56.gif,Cream,Snow,Normal,Flower
57,Birb #57,A looping painted robin from BirbNation. One sphere. One clock. Minted on Robinhood Chain.,57.gif,Blush,Pink,Starry,None
58,Birb #58,A looping painted robin from BirbNation. One sphere. One clock. Minted on Robinhood Chain.,58.gif,Space,Brown,Blep,Flower
59,Birb #59,A looping painted robin from BirbNation. One sphere. One clock. Minted on Robinhood Chain.,59.gif,Mint,Blue,Sparkly,None
60,Birb #60,A looping painted robin from BirbNation. One sphere. One clock. Minted on Robinhood Chain.,60.gif,Cream,Green,Sparkly,Hat
61,Birb #61,A looping painted robin from BirbNation. One sphere. One clock. Minted on Robinhood Chain.,61.gif,Forest,Brown,Wink,Leaf
62,Birb #62,A looping painted robin from BirbNation. One sphere. One clock. Minted on Robinhood Chain.,62.gif,White,Brown,Blep,Hat
63,Birb #63,A looping painted robin from BirbNation. One sphere. One clock. Minted on Robinhood Chain.,63.gif,Dusk,Brown,Blep,Worm
64,Birb #64,A looping painted robin from BirbNation. One sphere. One clock. Minted on Robinhood Chain.,64.gif,Mint,Brown,Wink,Bow
65,Birb #65,A looping painted robin from BirbNation. One sphere. One clock. Minted on Robinhood Chain.,65.gif,White,Dusk,Normal,Hat
66,Birb #66,A looping painted robin from BirbNation. One sphere. One clock. Minted on Robinhood Chain.,66.gif,White,Brown,Normal,None
67,Birb #67,A looping painted robin from BirbNation. One sphere. One clock. Minted on Robinhood Chain.,67.gif,Dusk,Gold,Angry,Bandana
68,Birb #68,A looping painted robin from BirbNation. One sphere. One clock. Minted on Robinhood Chain.,68.gif,Cream,Snow,Sparkly,Bandana
69,Birb #69,A looping painted robin from BirbNation. One sphere. One clock. Minted on Robinhood Chain.,69.gif,Dusk,Void,Sparkly,Leaf
70,Birb #70,A looping painted robin from BirbNation. One sphere. One clock. Minted on Robinhood Chain.,70.gif,Sky,Gold,Sparkly,None
71,Birb #71,A looping painted robin from BirbNation. One sphere. One clock. Minted on Robinhood Chain.,71.gif,Sky,Pink,Sad,None
72,Birb #72,A looping painted robin from BirbNation. One sphere. One clock. Minted on Robinhood Chain.,72.gif,Sky,Pink,Blep,Bandana
73,Birb #73,A looping painted robin from BirbNation. One sphere. One clock. Minted on Robinhood Chain.,73.gif,Mint,Brown,Normal,None
74,Birb #74,A looping painted robin from BirbNation. One sphere. One clock. Minted on Robinhood Chain.,74.gif,Cream,Brown,Sleepy,Berry
75,Birb #75,A looping painted robin from BirbNation. One sphere. One clock. Minted on Robinhood Chain.,75.gif,Peach,Gold,Blep,Bandana
76,Birb #76,A looping painted robin from BirbNation. One sphere. One clock. Minted on Robinhood Chain.,76.gif,White,Void,Sparkly,Worm
77,Birb #77,A looping painted robin from BirbNation. One sphere. One clock. Minted on Robinhood Chain.,77.gif,Sky,Green,Starry,Bandana
78,Birb #78,A looping painted robin from BirbNation. One sphere. One clock. Minted on Robinhood Chain.,78.gif,Sky,Brown,Sparkly,Leaf
79,Birb #79,A looping painted robin from BirbNation. One sphere. One clock. Minted on Robinhood Chain.,79.gif,White,Gold,Angry,Berry
80,Birb #80,A looping painted robin from BirbNation. One sphere. One clock. Minted on Robinhood Chain.,80.gif,Blush,Blue,Wink,Bow
81,Birb #81,A looping painted robin from BirbNation. One sphere. One clock. Minted on Robinhood Chain.,81.gif,Mint,Brown,Blep,Crown
82,Birb #82,A looping painted robin from BirbNation. One sphere. One clock. Minted on Robinhood Chain.,82.gif,Blush,Snow,Sleepy,Leaf
83,Birb #83,A looping painted robin from BirbNation. One sphere. One clock. Minted on Robinhood Chain.,83.gif,Mint,Blue,Wide,None
84,Birb #84,A looping painted robin from BirbNation. One sphere. One clock. Minted on Robinhood Chain.,84.gif,Sky,Pink,Wink,None
85,Birb #85,A looping painted robin from BirbNation. One sphere. One clock. Minted on Robinhood Chain.,85.gif,Blush,Pink,Blep,Bandana
86,Birb #86,A looping painted robin from BirbNation. One sphere. One clock. Minted on Robinhood Chain.,86.gif,Blush,Brown,Sparkly,None
87,Birb #87,A looping painted robin from BirbNation. One sphere. One clock. Minted on Robinhood Chain.,87.gif,Cream,Green,Angry,None
88,Birb #88,A looping painted robin from BirbNation. One sphere. One clock. Minted on Robinhood Chain.,88.gif,Sky,Blue,Blep,None
89,Birb #89,A looping painted robin from BirbNation. One sphere. One clock. Minted on Robinhood Chain.,89.gif,Mint,Brown,Sleepy,None
90,Birb #90,A looping painted robin from BirbNation. One sphere. One clock. Minted on Robinhood Chain.,90.gif,Blush,Brown,Heart,None
91,Birb #91,A looping painted robin from BirbNation. One sphere. One clock. Minted on Robinhood Chain.,91.gif,White,Brown,Wide,Bandana
92,Birb #92,A looping painted robin from BirbNation. One sphere. One clock. Minted on Robinhood Chain.,92.gif,White,Gold,Normal,Berry
93,Birb #93,A looping painted robin from BirbNation. One sphere. One clock. Minted on Robinhood Chain.,93.gif,Mint,Pink,Starry,Leaf
94,Birb #94,A looping painted robin from BirbNation. One sphere. One clock. Minted on Robinhood Chain.,94.gif,Dusk,Snow,Wide,None
95,Birb #95,A looping painted robin from BirbNation. One sphere. One clock. Minted on Robinhood Chain.,95.gif,Blush,Gold,Blep,None
96,Birb #96,A looping painted robin from BirbNation. One sphere. One clock. Minted on Robinhood Chain.,96.gif,Cream,Green,Normal,None
97,Birb #97,A looping painted robin from BirbNation. One sphere. One clock. Minted on Robinhood Chain.,97.gif,Forest,Brown,Normal,Flower
98,Birb #98,A looping painted robin from BirbNation. One sphere. One clock. Minted on Robinhood Chain.,98.gif,Peach,Brown,Sparkly,None
99,Birb #99,A looping painted robin from BirbNation. One sphere. One clock. Minted on Robinhood Chain.,99.gif,Mint,Void,Normal,Leaf
100,Birb #100,A looping painted robin from BirbNation. One sphere. One clock. Minted on Robinhood Chain.,100.gif,Peach,Snow,Blep,Bandana
101,Birb #101,A looping painted robin from BirbNation. One sphere. One clock. Minted on Robinhood Chain.,101.gif,Cream,Gold,Blep,Berry
102,Birb #102,A looping painted robin from BirbNation. One sphere. One clock. Minted on Robinhood Chain.,102.gif,Mint,Void,Blep,None
103,Birb #103,A looping painted robin from BirbNation. One sphere. One clock. Minted on Robinhood Chain.,103.gif,Dusk,Green,Blep,Berry
104,Birb #104,A looping painted robin from BirbNation. One sphere. One clock. Minted on Robinhood Chain.,104.gif,Blush,Blue,Normal,Hat
105,Birb #105,A looping painted robin from BirbNation. One sphere. One clock. Minted on Robinhood Chain.,105.gif,Cream,Snow,Wink,None
106,Birb #106,A looping painted robin from BirbNation. One sphere. One clock. Minted on Robinhood Chain.,106.gif,Forest,Gold,Angry,Crown
107,Birb #107,A looping painted robin from BirbNation. One sphere. One clock. Minted on Robinhood Chain.,107.gif,Cream,Gold,Blep,None
108,Birb #108,A looping painted robin from BirbNation. One sphere. One clock. Minted on Robinhood Chain.,108.gif,Mint,Brown,Wide,Berry
109,Birb #109,A looping painted robin from BirbNation. One sphere. One clock. Minted on Robinhood Chain.,109.gif,Cream,Brown,Sparkly,Crown
110,Birb #110,A looping painted robin from BirbNation. One sphere. One clock. Minted on Robinhood Chain.,110.gif,Peach,Green,Sleepy,Worm
111,Birb #111,A looping painted robin from BirbNation. One sphere. One clock. Minted on Robinhood Chain.,111.gif,Peach,Snow,Heart,Berry
112,Birb #112,A looping painted robin from BirbNation. One sphere. One clock. Minted on Robinhood Chain.,112.gif,Dusk,Brown,Wink,Berry
113,Birb #113,A looping painted robin from BirbNation. One sphere. One clock. Minted on Robinhood Chain.,113.gif,Forest,Gold,Starry,Bandana
114,Birb #114,A looping painted robin from BirbNation. One sphere. One clock. Minted on Robinhood Chain.,114.gif,Sky,Void,Wink,None
115,Birb #115,A looping painted robin from BirbNation. One sphere. One clock. Minted on Robinhood Chain.,115.gif,White,Snow,Wink,Bandana
116,Birb #116,A looping painted robin from BirbNation. One sphere. One clock. Minted on Robinhood Chain.,116.gif,Sky,Gold,Wide,None
117,Birb #117,A looping painted robin from BirbNation. One sphere. One clock. Minted on Robinhood Chain.,117.gif,Forest,Brown,Wink,None
118,Birb #118,A looping painted robin from BirbNation. One sphere. One clock. Minted on Robinhood Chain.,118.gif,White,Gold,Wide,Berry
119,Birb #119,A looping painted robin from BirbNation. One sphere. One clock. Minted on Robinhood Chain.,119.gif,Dusk,Snow,Sparkly,None
120,Birb #120,A looping painted robin from BirbNation. One sphere. One clock. Minted on Robinhood Chain.,120.gif,Peach,Gold,Blep,Hat
121,Birb #121,A looping painted robin from BirbNation. One sphere. One clock. Minted on Robinhood Chain.,121.gif,Forest,Blue,Normal,None
122,Birb #122,A looping painted robin from BirbNation. One sphere. One clock. Minted on Robinhood Chain.,122.gif,Cream,Snow,Angry,Bow
123,Birb #123,A looping painted robin from BirbNation. One sphere. One clock. Minted on Robinhood Chain.,123.gif,Space,Snow,Sparkly,None
124,Birb #124,A looping painted robin from BirbNation. One sphere. One clock. Minted on Robinhood Chain.,124.gif,Peach,Green,Blep,Leaf
125,Birb #125,A looping painted robin from BirbNation. One sphere. One clock. Minted on Robinhood Chain.,125.gif,Peach,Gold,Wink,Worm
126,Birb #126,A looping painted robin from BirbNation. One sphere. One clock. Minted on Robinhood Chain.,126.gif,Dusk,Blue,Starry,Bandana
127,Birb #127,A looping painted robin from BirbNation. One sphere. One clock. Minted on Robinhood Chain.,127.gif,Peach,Brown,Angry,Bandana
128,Birb #128,A looping painted robin from BirbNation. One sphere. One clock. Minted on Robinhood Chain.,128.gif,Space,Blue,Wink,Flower
129,Birb #129,A looping painted robin from BirbNation. One sphere. One clock. Minted on Robinhood Chain.,129.gif,Mint,Blue,Blep,Berry
130,Birb #130,A looping painted robin from BirbNation. One sphere. One clock. Minted on Robinhood Chain.,130.gif,Blush,Snow,Blep,Berry
131,Birb #131,A looping painted robin from BirbNation. One sphere. One clock. Minted on Robinhood Chain.,131.gif,Peach,Rainbow,Sparkly,None
132,Birb #132,A looping painted robin from BirbNation. One sphere. One clock. Minted on Robinhood Chain.,132.gif,Cream,Rainbow,Normal,Leaf
133,Birb #133,A looping painted robin from BirbNation. One sphere. One clock. Minted on Robinhood Chain.,133.gif,White,Frost,Wide,Flower
134,Birb #134,A looping painted robin from BirbNation. One sphere. One clock. Minted on Robinhood Chain.,134.gif,White,Brown,Wide,None
135,Birb #135,A looping painted robin from BirbNation. One sphere. One clock. Minted on Robinhood Chain.,135.gif,Blush,Pink,Sleepy,Flower
136,Birb #136,A looping painted robin from BirbNation. One sphere. One clock. Minted on Robinhood Chain.,136.gif,Dusk,Dusk,Wide,Bow
137,Birb #137,A looping painted robin from BirbNation. One sphere. One clock. Minted on Robinhood Chain.,137.gif,Dusk,Pink,Normal,Berry
138,Birb #138,A looping painted robin from BirbNation. One sphere. One clock. Minted on Robinhood Chain.,138.gif,White,Frost,Wink,Flower
139,Birb #139,A looping painted robin from BirbNation. One sphere. One clock. Minted on Robinhood Chain.,139.gif,Peach,Gold,Wink,None
140,Birb #140,A looping painted robin from BirbNation. One sphere. One clock. Minted on Robinhood Chain.,140.gif,Sky,Brown,Heart,Berry
141,Birb #141,A looping painted robin from BirbNation. One sphere. One clock. Minted on Robinhood Chain.,141.gif,Sky,Gold,Starry,None
142,Birb #142,A looping painted robin from BirbNation. One sphere. One clock. Minted on Robinhood Chain.,142.gif,White,Pink,Blep,Flower
143,Birb #143,A looping painted robin from BirbNation. One sphere. One clock. Minted on Robinhood Chain.,143.gif,Blush,Blue,Wide,None
144,Birb #144,A looping painted robin from BirbNation. One sphere. One clock. Minted on Robinhood Chain.,144.gif,Blush,Pink,Sleepy,Berry
145,Birb #145,A looping painted robin from BirbNation. One sphere. One clock. Minted on Robinhood Chain.,145.gif,Space,Frost,Normal,Flower
146,Birb #146,A looping painted robin from BirbNation. One sphere. One clock. Minted on Robinhood Chain.,146.gif,White,Pink,Normal,Leaf
147,Birb #147,A looping painted robin from BirbNation. One sphere. One clock. Minted on Robinhood Chain.,147.gif,Peach,Green,Wink,Bandana
148,Birb #148,A looping painted robin from BirbNation. One sphere. One clock. Minted on Robinhood Chain.,148.gif,Mint,Green,Sad,Bow
149,Birb #149,A looping painted robin from BirbNation. One sphere. One clock. Minted on Robinhood Chain.,149.gif,White,Green,Sparkly,None
150,Birb #150,A looping painted robin from BirbNation. One sphere. One clock. Minted on Robinhood Chain.,150.gif,Sky,Snow,Blep,None
151,Birb #151,A looping painted robin from BirbNation. One sphere. One clock. Minted on Robinhood Chain.,151.gif,Peach,Brown,Sad,None
152,Birb #152,A looping painted robin from BirbNation. One sphere. One clock. Minted on Robinhood Chain.,152.gif,Cream,Gold,Blep,Flower
153,Birb #153,A looping painted robin from BirbNation. One sphere. One clock. Minted on Robinhood Chain.,153.gif,Forest,Blue,Sparkly,Bow
154,Birb #154,A looping painted robin from BirbNation. One sphere. One clock. Minted on Robinhood Chain.,154.gif,Blush,Brown,Sleepy,None
155,Birb #155,A looping painted robin from BirbNation. One sphere. One clock. Minted on Robinhood Chain.,155.gif,Cream,Blue,Wide,None
156,Birb #156,A looping painted robin from BirbNation. One sphere. One clock. Minted on Robinhood Chain.,156.gif,Forest,Brown,Wide,Hat
157,Birb #157,A looping painted robin from BirbNation. One sphere. One clock. Minted on Robinhood Chain.,157.gif,Cream,Brown,Sparkly,None
158,Birb #158,A looping painted robin from BirbNation. One sphere. One clock. Minted on Robinhood Chain.,158.gif,White,Dusk,Wide,Leaf
159,Birb #159,A looping painted robin from BirbNation. One sphere. One clock. Minted on Robinhood Chain.,159.gif,Peach,Pink,Wink,Flower
160,Birb #160,A looping painted robin from BirbNation. One sphere. One clock. Minted on Robinhood Chain.,160.gif,Sky,Brown,Normal,Leaf
161,Birb #161,A looping painted robin from BirbNation. One sphere. One clock. Minted on Robinhood Chain.,161.gif,Mint,Gold,Sleepy,None
162,Birb #162,A looping painted robin from BirbNation. One sphere. One clock. Minted on Robinhood Chain.,162.gif,Mint,Brown,Starry,Bandana
163,Birb #163,A looping painted robin from BirbNation. One sphere. One clock. Minted on Robinhood Chain.,163.gif,Blush,Blue,Blep,Flower
164,Birb #164,A looping painted robin from BirbNation. One sphere. One clock. Minted on Robinhood Chain.,164.gif,Blush,Brown,Normal,None
165,Birb #165,A looping painted robin from BirbNation. One sphere. One clock. Minted on Robinhood Chain.,165.gif,White,Gold,Angry,None
166,Birb #166,A looping painted robin from BirbNation. One sphere. One clock. Minted on Robinhood Chain.,166.gif,Forest,Dusk,Normal,Leaf
167,Birb #167,A looping painted robin from BirbNation. One sphere. One clock. Minted on Robinhood Chain.,167.gif,Sky,Frost,Wink,Bandana
168,Birb #168,A looping painted robin from BirbNation. One sphere. One clock. Minted on Robinhood Chain.,168.gif,Cream,Brown,Blep,Leaf
169,Birb #169,A looping painted robin from BirbNation. One sphere. One clock. Minted on Robinhood Chain.,169.gif,Cream,Brown,Starry,Flower
170,Birb #170,A looping painted robin from BirbNation. One sphere. One clock. Minted on Robinhood Chain.,170.gif,Blush,Blue,Blep,Leaf
171,Birb #171,A looping painted robin from BirbNation. One sphere. One clock. Minted on Robinhood Chain.,171.gif,Peach,Dusk,Sparkly,Bandana
172,Birb #172,A looping painted robin from BirbNation. One sphere. One clock. Minted on Robinhood Chain.,172.gif,Peach,Brown,Sparkly,Worm
173,Birb #173,A looping painted robin from BirbNation. One sphere. One clock. Minted on Robinhood Chain.,173.gif,Sky,Rainbow,Angry,None
174,Birb #174,A looping painted robin from BirbNation. One sphere. One clock. Minted on Robinhood Chain.,174.gif,Peach,Blue,Starry,Bandana
175,Birb #175,A looping painted robin from BirbNation. One sphere. One clock. Minted on Robinhood Chain.,175.gif,White,Snow,Sparkly,Hat
176,Birb #176,A looping painted robin from BirbNation. One sphere. One clock. Minted on Robinhood Chain.,176.gif,White,Snow,Heart,Bandana
177,Birb #177,A looping painted robin from BirbNation. One sphere. One clock. Minted on Robinhood Chain.,177.gif,Sky,Pink,Wide,None
178,Birb #178,A looping painted robin from BirbNation. One sphere. One clock. Minted on Robinhood Chain.,178.gif,Blush,Gold,Normal,None
179,Birb #179,A looping painted robin from BirbNation. One sphere. One clock. Minted on Robinhood Chain.,179.gif,Forest,Green,Blep,None
180,Birb #180,A looping painted robin from BirbNation. One sphere. One clock. Minted on Robinhood Chain.,180.gif,Forest,Blue,Wink,Bandana
181,Birb #181,A looping painted robin from BirbNation. One sphere. One clock. Minted on Robinhood Chain.,181.gif,Cream,Rainbow,Starry,Hat
182,Birb #182,A looping painted robin from BirbNation. One sphere. One clock. Minted on Robinhood Chain.,182.gif,Sky,Pink,Sleepy,None
183,Birb #183,A looping painted robin from BirbNation. One sphere. One clock. Minted on Robinhood Chain.,183.gif,Forest,Snow,Sleepy,Leaf
184,Birb #184,A looping painted robin from BirbNation. One sphere. One clock. Minted on Robinhood Chain.,184.gif,Forest,Brown,Blep,Worm
185,Birb #185,A looping painted robin from BirbNation. One sphere. One clock. Minted on Robinhood Chain.,185.gif,Space,Brown,Blep,Bow
186,Birb #186,A looping painted robin from BirbNation. One sphere. One clock. Minted on Robinhood Chain.,186.gif,Blush,Green,Sleepy,None
187,Birb #187,A looping painted robin from BirbNation. One sphere. One clock. Minted on Robinhood Chain.,187.gif,White,Frost,Starry,Hat
188,Birb #188,A looping painted robin from BirbNation. One sphere. One clock. Minted on Robinhood Chain.,188.gif,Peach,Brown,Wide,None
189,Birb #189,A looping painted robin from BirbNation. One sphere. One clock. Minted on Robinhood Chain.,189.gif,Forest,Blue,Sleepy,Leaf
190,Birb #190,A looping painted robin from BirbNation. One sphere. One clock. Minted on Robinhood Chain.,190.gif,Sky,Pink,Starry,None
191,Birb #191,A looping painted robin from BirbNation. One sphere. One clock. Minted on Robinhood Chain.,191.gif,Mint,Rainbow,Wink,Bandana
192,Birb #192,A looping painted robin from BirbNation. One sphere. One clock. Minted on Robinhood Chain.,192.gif,White,Frost,Sparkly,Hat
193,Birb #193,A looping painted robin from BirbNation. One sphere. One clock. Minted on Robinhood Chain.,193.gif,Cream,Blue,Sad,None
194,Birb #194,A looping painted robin from BirbNation. One sphere. One clock. Minted on Robinhood Chain.,194.gif,Sky,Rainbow,Blep,None
195,Birb #195,A looping painted robin from BirbNation. One sphere. One clock. Minted on Robinhood Chain.,195.gif,Forest,Brown,Heart,Bandana
196,Birb #196,A looping painted robin from BirbNation. One sphere. One clock. Minted on Robinhood Chain.,196.gif,Mint,Snow,Blep,None
197,Birb #197,A looping painted robin from BirbNation. One sphere. One clock. Minted on Robinhood Chain.,197.gif,Dusk,Dusk,Wide,Flower
198,Birb #198,A looping painted robin from BirbNation. One sphere. One clock. Minted on Robinhood Chain.,198.gif,Forest,Rainbow,Wide,Leaf
199,Birb #199,A looping painted robin from BirbNation. One sphere. One clock. Minted on Robinhood Chain.,199.gif,Cream,Green,Wide,None
200,Birb #200,A looping painted robin from BirbNation. One sphere. One clock. Minted on Robinhood Chain.,200.gif,Dusk,Brown,Normal,None
201,Birb #201,A looping painted robin from BirbNation. One sphere. One clock. Minted on Robinhood Chain.,201.gif,Sky,Brown,Normal,None
202,Birb #202,A looping painted robin from BirbNation. One sphere. One clock. Minted on Robinhood Chain.,202.gif,Blush,Blue,Normal,Flower
203,Birb #203,A looping painted robin from BirbNation. One sphere. One clock. Minted on Robinhood Chain.,203.gif,Mint,Blue,Sleepy,Bandana
204,Birb #204,A looping painted robin from BirbNation. One sphere. One clock. Minted on Robinhood Chain.,204.gif,Sky,Snow,Normal,Flower
205,Birb #205,A looping painted robin from BirbNation. One sphere. One clock. Minted on Robinhood Chain.,205.gif,Blush,Blue,Wink,Worm
206,Birb #206,A looping painted robin from BirbNation. One sphere. One clock. Minted on Robinhood Chain.,206.gif,Dusk,Frost,Sparkly,Berry
207,Birb #207,A looping painted robin from BirbNation. One sphere. One clock. Minted on Robinhood Chain.,207.gif,Mint,Brown,Heart,Leaf
208,Birb #208,A looping painted robin from BirbNation. One sphere. One clock. Minted on Robinhood Chain.,208.gif,Mint,Rainbow,Sparkly,Bandana
209,Birb #209,A looping painted robin from BirbNation. One sphere. One clock. Minted on Robinhood Chain.,209.gif,Cream,Blue,Sleepy,None
210,Birb #210,A looping painted robin from BirbNation. One sphere. One clock. Minted on Robinhood Chain.,210.gif,White,Brown,Sleepy,Crown
211,Birb #211,A looping painted robin from BirbNation. One sphere. One clock. Minted on Robinhood Chain.,211.gif,White,Dusk,Blep,Bandana
212,Birb #212,A looping painted robin from BirbNation. One sphere. One clock. Minted on Robinhood Chain.,212.gif,Mint,Snow,Blep,Bow
213,Birb #213,A looping painted robin from BirbNation. One sphere. One clock. Minted on Robinhood Chain.,213.gif,Dusk,Brown,Heart,None
214,Birb #214,A looping painted robin from BirbNation. One sphere. One clock. Minted on Robinhood Chain.,214.gif,Sky,Blue,Sparkly,Berry
215,Birb #215,A looping painted robin from BirbNation. One sphere. One clock. Minted on Robinhood Chain.,215.gif,Blush,Green,Sleepy,Worm
216,Birb #216,A looping painted robin from BirbNation. One sphere. One clock. Minted on Robinhood Chain.,216.gif,Space,Brown,Blep,None
217,Birb #217,A looping painted robin from BirbNation. One sphere. One clock. Minted on Robinhood Chain.,217.gif,Sky,Blue,Heart,None
218,Birb #218,A looping painted robin from BirbNation. One sphere. One clock. Minted on Robinhood Chain.,218.gif,Peach,Brown,Normal,None
219,Birb #219,A looping painted robin from BirbNation. One sphere. One clock. Minted on Robinhood Chain.,219.gif,Blush,Snow,Wide,Bandana
220,Birb #220,A looping painted robin from BirbNation. One sphere. One clock. Minted on Robinhood Chain.,220.gif,Blush,Pink,Sparkly,None
221,Birb #221,A looping painted robin from BirbNation. One sphere. One clock. Minted on Robinhood Chain.,221.gif,White,Brown,Sad,Bandana
222,Birb #222,A looping painted robin from BirbNation. One sphere. One clock. Minted on Robinhood Chain.,222.gif,Peach,Green,Angry,Flower
223,Birb #223,A looping painted robin from BirbNation. One sphere. One clock. Minted on Robinhood Chain.,223.gif,Dusk,Void,Normal,Leaf
224,Birb #224,A looping painted robin from BirbNation. One sphere. One clock. Minted on Robinhood Chain.,224.gif,Blush,Blue,Blep,Bandana
225,Birb #225,A looping painted robin from BirbNation. One sphere. One clock. Minted on Robinhood Chain.,225.gif,Sky,Brown,Sparkly,None
226,Birb #226,A looping painted robin from BirbNation. One sphere. One clock. Minted on Robinhood Chain.,226.gif,White,Blue,Wide,None
227,Birb #227,A looping painted robin from BirbNation. One sphere. One clock. Minted on Robinhood Chain.,227.gif,Forest,Brown,Wink,Worm
228,Birb #228,A looping painted robin from BirbNation. One sphere. One clock. Minted on Robinhood Chain.,228.gif,White,Blue,Sleepy,Leaf
229,Birb #229,A looping painted robin from BirbNation. One sphere. One clock. Minted on Robinhood Chain.,229.gif,Cream,Rainbow,Starry,Bow
230,Birb #230,A looping painted robin from BirbNation. One sphere. One clock. Minted on Robinhood Chain.,230.gif,Dusk,Brown,Sad,Flower
231,Birb #231,A looping painted robin from BirbNation. One sphere. One clock. Minted on Robinhood Chain.,231.gif,White,Blue,Wide,Bandana
232,Birb #232,A looping painted robin from BirbNation. One sphere. One clock. Minted on Robinhood Chain.,232.gif,Peach,Brown,Sleepy,Flower
233,Birb #233,A looping painted robin from BirbNation. One sphere. One clock. Minted on Robinhood Chain.,233.gif,Forest,Brown,Blep,Leaf
234,Birb #234,A looping painted robin from BirbNation. One sphere. One clock. Minted on Robinhood Chain.,234.gif,Forest,Blue,Wink,None
235,Birb #235,A looping painted robin from BirbNation. One sphere. One clock. Minted on Robinhood Chain.,235.gif,White,Void,Angry,None
236,Birb #236,A looping painted robin from BirbNation. One sphere. One clock. Minted on Robinhood Chain.,236.gif,Space,Brown,Starry,Flower
237,Birb #237,A looping painted robin from BirbNation. One sphere. One clock. Minted on Robinhood Chain.,237.gif,Cream,Pink,Sleepy,Bow
238,Birb #238,A looping painted robin from BirbNation. One sphere. One clock. Minted on Robinhood Chain.,238.gif,Blush,Void,Sleepy,Hat
239,Birb #239,A looping painted robin from BirbNation. One sphere. One clock. Minted on Robinhood Chain.,239.gif,Dusk,Brown,Sleepy,None
240,Birb #240,A looping painted robin from BirbNation. One sphere. One clock. Minted on Robinhood Chain.,240.gif,Mint,Pink,Normal,Bandana
241,Birb #241,A looping painted robin from BirbNation. One sphere. One clock. Minted on Robinhood Chain.,241.gif,Blush,Brown,Normal,Berry
242,Birb #242,A looping painted robin from BirbNation. One sphere. One clock. Minted on Robinhood Chain.,242.gif,Cream,Blue,Normal,None
243,Birb #243,A looping painted robin from BirbNation. One sphere. One clock. Minted on Robinhood Chain.,243.gif,Forest,Brown,Sleepy,None
244,Birb #244,A looping painted robin from BirbNation. One sphere. One clock. Minted on Robinhood Chain.,244.gif,Blush,Green,Angry,None
245,Birb #245,A looping painted robin from BirbNation. One sphere. One clock. Minted on Robinhood Chain.,245.gif,Sky,Blue,Wide,Bandana
246,Birb #246,A looping painted robin from BirbNation. One sphere. One clock. Minted on Robinhood Chain.,246.gif,Forest,Dusk,Normal,None
247,Birb #247,A looping painted robin from BirbNation. One sphere. One clock. Minted on Robinhood Chain.,247.gif,Space,Frost,Blep,Hat
248,Birb #248,A looping painted robin from BirbNation. One sphere. One clock. Minted on Robinhood Chain.,248.gif,Mint,Frost,Normal,None
249,Birb #249,A looping painted robin from BirbNation. One sphere. One clock. Minted on Robinhood Chain.,249.gif,Blush,Snow,Wink,Bow
250,Birb #250,A looping painted robin from BirbNation. One sphere. One clock. Minted on Robinhood Chain.,250.gif,Sky,Green,Blep,Bandana
251,Birb #251,A looping painted robin from BirbNation. One sphere. One clock. Minted on Robinhood Chain.,251.gif,White,Blue,Sad,None
252,Birb #252,A looping painted robin from BirbNation. One sphere. One clock. Minted on Robinhood Chain.,252.gif,White,Gold,Blep,Leaf
253,Birb #253,A looping painted robin from BirbNation. One sphere. One clock. Minted on Robinhood Chain.,253.gif,Peach,Gold,Sleepy,Flower
254,Birb #254,A looping painted robin from BirbNation. One sphere. One clock. Minted on Robinhood Chain.,254.gif,Sky,Snow,Angry,Bandana
255,Birb #255,A looping painted robin from BirbNation. One sphere. One clock. Minted on Robinhood Chain.,255.gif,Mint,Rainbow,Sleepy,None
256,Birb #256,A looping painted robin from BirbNation. One sphere. One clock. Minted on Robinhood Chain.,256.gif,Peach,Gold,Wink,Flower
257,Birb #257,A looping painted robin from BirbNation. One sphere. One clock. Minted on Robinhood Chain.,257.gif,Peach,Brown,Wide,Berry
258,Birb #258,A looping painted robin from BirbNation. One sphere. One clock. Minted on Robinhood Chain.,258.gif,Dusk,Void,Blep,None
259,Birb #259,A looping painted robin from BirbNation. One sphere. One clock. Minted on Robinhood Chain.,259.gif,Space,Green,Wink,Leaf
260,Birb #260,A looping painted robin from BirbNation. One sphere. One clock. Minted on Robinhood Chain.,260.gif,Forest,Gold,Normal,Bow
261,Birb #261,A looping painted robin from BirbNation. One sphere. One clock. Minted on Robinhood Chain.,261.gif,Forest,Dusk,Angry,Bow
262,Birb #262,A looping painted robin from BirbNation. One sphere. One clock. Minted on Robinhood Chain.,262.gif,Mint,Pink,Blep,Worm
263,Birb #263,A looping painted robin from BirbNation. One sphere. One clock. Minted on Robinhood Chain.,263.gif,Blush,Dusk,Normal,None
264,Birb #264,A looping painted robin from BirbNation. One sphere. One clock. Minted on Robinhood Chain.,264.gif,Sky,Green,Sad,Bandana
265,Birb #265,A looping painted robin from BirbNation. One sphere. One clock. Minted on Robinhood Chain.,265.gif,Forest,Gold,Blep,Crown
266,Birb #266,A looping painted robin from BirbNation. One sphere. One clock. Minted on Robinhood Chain.,266.gif,Space,Blue,Sparkly,Worm
267,Birb #267,A looping painted robin from BirbNation. One sphere. One clock. Minted on Robinhood Chain.,267.gif,Dusk,Dusk,Angry,Leaf
268,Birb #268,A looping painted robin from BirbNation. One sphere. One clock. Minted on Robinhood Chain.,268.gif,Dusk,Snow,Angry,None
269,Birb #269,A looping painted robin from BirbNation. One sphere. One clock. Minted on Robinhood Chain.,269.gif,White,Snow,Sparkly,Flower
270,Birb #270,A looping painted robin from BirbNation. One sphere. One clock. Minted on Robinhood Chain.,270.gif,Forest,Blue,Wide,Worm
271,Birb #271,A looping painted robin from BirbNation. One sphere. One clock. Minted on Robinhood Chain.,271.gif,Cream,Gold,Angry,Hat
272,Birb #272,A looping painted robin from BirbNation. One sphere. One clock. Minted on Robinhood Chain.,272.gif,Peach,Brown,Normal,Hat
273,Birb #273,A looping painted robin from BirbNation. One sphere. One clock. Minted on Robinhood Chain.,273.gif,Sky,Brown,Sleepy,Bow
274,Birb #274,A looping painted robin from BirbNation. One sphere. One clock. Minted on Robinhood Chain.,274.gif,White,Gold,Sad,Bandana
275,Birb #275,A looping painted robin from BirbNation. One sphere. One clock. Minted on Robinhood Chain.,275.gif,White,Green,Blep,None
276,Birb #276,A looping painted robin from BirbNation. One sphere. One clock. Minted on Robinhood Chain.,276.gif,Cream,Snow,Wide,Bow
277,Birb #277,A looping painted robin from BirbNation. One sphere. One clock. Minted on Robinhood Chain.,277.gif,Cream,Pink,Sad,Bandana
278,Birb #278,A looping painted robin from BirbNation. One sphere. One clock. Minted on Robinhood Chain.,278.gif,Forest,Blue,Blep,None
279,Birb #279,A looping painted robin from BirbNation. One sphere. One clock. Minted on Robinhood Chain.,279.gif,Peach,Rainbow,Sleepy,None
280,Birb #280,A looping painted robin from BirbNation. One sphere. One clock. Minted on Robinhood Chain.,280.gif,Cream,Gold,Wink,Berry
281,Birb #281,A looping painted robin from BirbNation. One sphere. One clock. Minted on Robinhood Chain.,281.gif,Sky,Rainbow,Blep,Berry
282,Birb #282,A looping painted robin from BirbNation. One sphere. One clock. Minted on Robinhood Chain.,282.gif,White,Rainbow,Wink,Flower
283,Birb #283,A looping painted robin from BirbNation. One sphere. One clock. Minted on Robinhood Chain.,283.gif,Cream,Brown,Blep,Hat
284,Birb #284,A looping painted robin from BirbNation. One sphere. One clock. Minted on Robinhood Chain.,284.gif,Cream,Void,Normal,None
285,Birb #285,A looping painted robin from BirbNation. One sphere. One clock. Minted on Robinhood Chain.,285.gif,Peach,Green,Angry,None
286,Birb #286,A looping painted robin from BirbNation. One sphere. One clock. Minted on Robinhood Chain.,286.gif,Forest,Pink,Blep,Leaf
287,Birb #287,A looping painted robin from BirbNation. One sphere. One clock. Minted on Robinhood Chain.,287.gif,Cream,Brown,Wink,Leaf
288,Birb #288,A looping painted robin from BirbNation. One sphere. One clock. Minted on Robinhood Chain.,288.gif,Peach,Snow,Blep,Leaf
289,Birb #289,A looping painted robin from BirbNation. One sphere. One clock. Minted on Robinhood Chain.,289.gif,White,Frost,Normal,None
290,Birb #290,A looping painted robin from BirbNation. One sphere. One clock. Minted on Robinhood Chain.,290.gif,Mint,Dusk,Blep,None
291,Birb #291,A looping painted robin from BirbNation. One sphere. One clock. Minted on Robinhood Chain.,291.gif,Dusk,Brown,Sparkly,None
292,Birb #292,A looping painted robin from BirbNation. One sphere. One clock. Minted on Robinhood Chain.,292.gif,Mint,Green,Normal,Bandana
293,Birb #293,A looping painted robin from BirbNation. One sphere. One clock. Minted on Robinhood Chain.,293.gif,White,Blue,Wide,Flower
294,Birb #294,A looping painted robin from BirbNation. One sphere. One clock. Minted on Robinhood Chain.,294.gif,Dusk,Gold,Blep,Bandana
295,Birb #295,A looping painted robin from BirbNation. One sphere. One clock. Minted on Robinhood Chain.,295.gif,Peach,Gold,Starry,Worm
296,Birb #296,A looping painted robin from BirbNation. One sphere. One clock. Minted on Robinhood Chain.,296.gif,Blush,Gold,Wide,None
297,Birb #297,A looping painted robin from BirbNation. One sphere. One clock. Minted on Robinhood Chain.,297.gif,Peach,Blue,Starry,None
298,Birb #298,A looping painted robin from BirbNation. One sphere. One clock. Minted on Robinhood Chain.,298.gif,Cream,Frost,Angry,Flower
299,Birb #299,A looping painted robin from BirbNation. One sphere. One clock. Minted on Robinhood Chain.,299.gif,White,Green,Sleepy,None
300,Birb #300,A looping painted robin from BirbNation. One sphere. One clock. Minted on Robinhood Chain.,300.gif,White,Brown,Blep,Bandana
301,Birb #301,A looping painted robin from BirbNation. One sphere. One clock. Minted on Robinhood Chain.,301.gif,Dusk,Dusk,Blep,None
302,Birb #302,A looping painted robin from BirbNation. One sphere. One clock. Minted on Robinhood Chain.,302.gif,Sky,Brown,Heart,Flower
303,Birb #303,A looping painted robin from BirbNation. One sphere. One clock. Minted on Robinhood Chain.,303.gif,Forest,Gold,Blep,None
304,Birb #304,A looping painted robin from BirbNation. One sphere. One clock. Minted on Robinhood Chain.,304.gif,Mint,Blue,Sleepy,None
305,Birb #305,A looping painted robin from BirbNation. One sphere. One clock. Minted on Robinhood Chain.,305.gif,Peach,Pink,Sleepy,Worm
306,Birb #306,A looping painted robin from BirbNation. One sphere. One clock. Minted on Robinhood Chain.,306.gif,Forest,Snow,Sparkly,Leaf
307,Birb #307,A looping painted robin from BirbNation. One sphere. One clock. Minted on Robinhood Chain.,307.gif,White,Blue,Blep,None
308,Birb #308,A looping painted robin from BirbNation. One sphere. One clock. Minted on Robinhood Chain.,308.gif,Sky,Frost,Blep,Bandana
309,Birb #309,A looping painted robin from BirbNation. One sphere. One clock. Minted on Robinhood Chain.,309.gif,Forest,Pink,Blep,None
310,Birb #310,A looping painted robin from BirbNation. One sphere. One clock. Minted on Robinhood Chain.,310.gif,Blush,Brown,Wink,Berry
311,Birb #311,A looping painted robin from BirbNation. One sphere. One clock. Minted on Robinhood Chain.,311.gif,Blush,Blue,Wide,Leaf
312,Birb #312,A looping painted robin from BirbNation. One sphere. One clock. Minted on Robinhood Chain.,312.gif,Blush,Blue,Heart,Flower
313,Birb #313,A looping painted robin from BirbNation. One sphere. One clock. Minted on Robinhood Chain.,313.gif,Peach,Brown,Wink,Worm
314,Birb #314,A looping painted robin from BirbNation. One sphere. One clock. Minted on Robinhood Chain.,314.gif,Mint,Snow,Wide,Leaf
315,Birb #315,A looping painted robin from BirbNation. One sphere. One clock. Minted on Robinhood Chain.,315.gif,Mint,Pink,Normal,Bow
316,Birb #316,A looping painted robin from BirbNation. One sphere. One clock. Minted on Robinhood Chain.,316.gif,Peach,Brown,Wink,Crown
317,Birb #317,A looping painted robin from BirbNation. One sphere. One clock. Minted on Robinhood Chain.,317.gif,Sky,Frost,Sparkly,Berry
318,Birb #318,A looping painted robin from BirbNation. One sphere. One clock. Minted on Robinhood Chain.,318.gif,Peach,Brown,Sparkly,Bandana
319,Birb #319,A looping painted robin from BirbNation. One sphere. One clock. Minted on Robinhood Chain.,319.gif,Space,Brown,Normal,Berry
320,Birb #320,A looping painted robin from BirbNation. One sphere. One clock. Minted on Robinhood Chain.,320.gif,Blush,Green,Sparkly,Flower
321,Birb #321,A looping painted robin from BirbNation. One sphere. One clock. Minted on Robinhood Chain.,321.gif,Sky,Pink,Normal,None
322,Birb #322,A looping painted robin from BirbNation. One sphere. One clock. Minted on Robinhood Chain.,322.gif,Cream,Snow,Blep,Bandana
323,Birb #323,A looping painted robin from BirbNation. One sphere. One clock. Minted on Robinhood Chain.,323.gif,White,Green,Blep,Berry
324,Birb #324,A looping painted robin from BirbNation. One sphere. One clock. Minted on Robinhood Chain.,324.gif,Dusk,Dusk,Sleepy,Worm
325,Birb #325,A looping painted robin from BirbNation. One sphere. One clock. Minted on Robinhood Chain.,325.gif,White,Dusk,Blep,None
326,Birb #326,A looping painted robin from BirbNation. One sphere. One clock. Minted on Robinhood Chain.,326.gif,Peach,Pink,Normal,Bandana
327,Birb #327,A looping painted robin from BirbNation. One sphere. One clock. Minted on Robinhood Chain.,327.gif,Sky,Blue,Heart,Leaf
328,Birb #328,A looping painted robin from BirbNation. One sphere. One clock. Minted on Robinhood Chain.,328.gif,Mint,Brown,Sparkly,Worm
329,Birb #329,A looping painted robin from BirbNation. One sphere. One clock. Minted on Robinhood Chain.,329.gif,Space,Brown,Sleepy,Bandana
330,Birb #330,A looping painted robin from BirbNation. One sphere. One clock. Minted on Robinhood Chain.,330.gif,Blush,Brown,Sleepy,Hat
331,Birb #331,A looping painted robin from BirbNation. One sphere. One clock. Minted on Robinhood Chain.,331.gif,White,Brown,Sparkly,None
332,Birb #332,A looping painted robin from BirbNation. One sphere. One clock. Minted on Robinhood Chain.,332.gif,White,Snow,Sleepy,Flower
333,Birb #333,A looping painted robin from BirbNation. One sphere. One clock. Minted on Robinhood Chain.,333.gif,Mint,Gold,Normal,None
334,Birb #334,A looping painted robin from BirbNation. One sphere. One clock. Minted on Robinhood Chain.,334.gif,Dusk,Brown,Wink,None
335,Birb #335,A looping painted robin from BirbNation. One sphere. One clock. Minted on Robinhood Chain.,335.gif,Blush,Blue,Wink,None
336,Birb #336,A looping painted robin from BirbNation. One sphere. One clock. Minted on Robinhood Chain.,336.gif,Space,Gold,Wink,None
337,Birb #337,A looping painted robin from BirbNation. One sphere. One clock. Minted on Robinhood Chain.,337.gif,Dusk,Brown,Sparkly,Worm
338,Birb #338,A looping painted robin from BirbNation. One sphere. One clock. Minted on Robinhood Chain.,338.gif,White,Blue,Sparkly,Leaf
339,Birb #339,A looping painted robin from BirbNation. One sphere. One clock. Minted on Robinhood Chain.,339.gif,Cream,Brown,Normal,Hat
340,Birb #340,A looping painted robin from BirbNation. One sphere. One clock. Minted on Robinhood Chain.,340.gif,Cream,Brown,Sleepy,Bow
341,Birb #341,A looping painted robin from BirbNation. One sphere. One clock. Minted on Robinhood Chain.,341.gif,Peach,Green,Sleepy,None
342,Birb #342,A looping painted robin from BirbNation. One sphere. One clock. Minted on Robinhood Chain.,342.gif,Sky,Blue,Normal,None
343,Birb #343,A looping painted robin from BirbNation. One sphere. One clock. Minted on Robinhood Chain.,343.gif,Blush,Pink,Sleepy,Bandana
344,Birb #344,A looping painted robin from BirbNation. One sphere. One clock. Minted on Robinhood Chain.,344.gif,White,Brown,Normal,Hat
345,Birb #345,A looping painted robin from BirbNation. One sphere. One clock. Minted on Robinhood Chain.,345.gif,Forest,Frost,Wide,Worm
346,Birb #346,A looping painted robin from BirbNation. One sphere. One clock. Minted on Robinhood Chain.,346.gif,Blush,Green,Sparkly,Worm
347,Birb #347,A looping painted robin from BirbNation. One sphere. One clock. Minted on Robinhood Chain.,347.gif,Sky,Dusk,Wink,Crown
348,Birb #348,A looping painted robin from BirbNation. One sphere. One clock. Minted on Robinhood Chain.,348.gif,Mint,Green,Sleepy,Leaf
349,Birb #349,A looping painted robin from BirbNation. One sphere. One clock. Minted on Robinhood Chain.,349.gif,Space,Blue,Sad,Leaf
350,Birb #350,A looping painted robin from BirbNation. One sphere. One clock. Minted on Robinhood Chain.,350.gif,Blush,Snow,Sparkly,Leaf
351,Birb #351,A looping painted robin from BirbNation. One sphere. One clock. Minted on Robinhood Chain.,351.gif,Cream,Green,Wink,Flower
352,Birb #352,A looping painted robin from BirbNation. One sphere. One clock. Minted on Robinhood Chain.,352.gif,Sky,Frost,Blep,Worm
353,Birb #353,A looping painted robin from BirbNation. One sphere. One clock. Minted on Robinhood Chain.,353.gif,Dusk,Green,Blep,Worm
354,Birb #354,A looping painted robin from BirbNation. One sphere. One clock. Minted on Robinhood Chain.,354.gif,Blush,Green,Blep,Hat
355,Birb #355,A looping painted robin from BirbNation. One sphere. One clock. Minted on Robinhood Chain.,355.gif,Blush,Green,Blep,Berry
356,Birb #356,A looping painted robin from BirbNation. One sphere. One clock. Minted on Robinhood Chain.,356.gif,Forest,Brown,Angry,Leaf
357,Birb #357,A looping painted robin from BirbNation. One sphere. One clock. Minted on Robinhood Chain.,357.gif,Forest,Pink,Normal,None
358,Birb #358,A looping painted robin from BirbNation. One sphere. One clock. Minted on Robinhood Chain.,358.gif,Cream,Green,Blep,None
359,Birb #359,A looping painted robin from BirbNation. One sphere. One clock. Minted on Robinhood Chain.,359.gif,Sky,Green,Sleepy,Berry
360,Birb #360,A looping painted robin from BirbNation. One sphere. One clock. Minted on Robinhood Chain.,360.gif,Blush,Brown,Wide,None
361,Birb #361,A looping painted robin from BirbNation. One sphere. One clock. Minted on Robinhood Chain.,361.gif,Mint,Rainbow,Normal,Crown
362,Birb #362,A looping painted robin from BirbNation. One sphere. One clock. Minted on Robinhood Chain.,362.gif,Blush,Green,Normal,Flower
363,Birb #363,A looping painted robin from BirbNation. One sphere. One clock. Minted on Robinhood Chain.,363.gif,Space,Blue,Blep,Flower
364,Birb #364,A looping painted robin from BirbNation. One sphere. One clock. Minted on Robinhood Chain.,364.gif,Blush,Pink,Normal,None
365,Birb #365,A looping painted robin from BirbNation. One sphere. One clock. Minted on Robinhood Chain.,365.gif,White,Brown,Wide,Leaf
366,Birb #366,A looping painted robin from BirbNation. One sphere. One clock. Minted on Robinhood Chain.,366.gif,Sky,Rainbow,Normal,Bandana
367,Birb #367,A looping painted robin from BirbNation. One sphere. One clock. Minted on Robinhood Chain.,367.gif,Blush,Void,Normal,None
368,Birb #368,A looping painted robin from BirbNation. One sphere. One clock. Minted on Robinhood Chain.,368.gif,Space,Rainbow,Sleepy,None
369,Birb #369,A looping painted robin from BirbNation. One sphere. One clock. Minted on Robinhood Chain.,369.gif,Mint,Blue,Angry,Worm
370,Birb #370,A looping painted robin from BirbNation. One sphere. One clock. Minted on Robinhood Chain.,370.gif,Dusk,Brown,Wide,None
371,Birb #371,A looping painted robin from BirbNation. One sphere. One clock. Minted on Robinhood Chain.,371.gif,White,Pink,Blep,Crown
372,Birb #372,A looping painted robin from BirbNation. One sphere. One clock. Minted on Robinhood Chain.,372.gif,Forest,Blue,Sleepy,Berry
373,Birb #373,A looping painted robin from BirbNation. One sphere. One clock. Minted on Robinhood Chain.,373.gif,Mint,Green,Blep,Hat
374,Birb #374,A looping painted robin from BirbNation. One sphere. One clock. Minted on Robinhood Chain.,374.gif,Space,Gold,Blep,None
375,Birb #375,A looping painted robin from BirbNation. One sphere. One clock. Minted on Robinhood Chain.,375.gif,Mint,Blue,Blep,Flower
376,Birb #376,A looping painted robin from BirbNation. One sphere. One clock. Minted on Robinhood Chain.,376.gif,White,Brown,Normal,Bow
377,Birb #377,A looping painted robin from BirbNation. One sphere. One clock. Minted on Robinhood Chain.,377.gif,Space,Blue,Blep,Crown
378,Birb #378,A looping painted robin from BirbNation. One sphere. One clock. Minted on Robinhood Chain.,378.gif,Peach,Blue,Wink,None
379,Birb #379,A looping painted robin from BirbNation. One sphere. One clock. Minted on Robinhood Chain.,379.gif,White,Blue,Starry,Flower
380,Birb #380,A looping painted robin from BirbNation. One sphere. One clock. Minted on Robinhood Chain.,380.gif,White,Green,Normal,Berry
381,Birb #381,A looping painted robin from BirbNation. One sphere. One clock. Minted on Robinhood Chain.,381.gif,Space,Snow,Sparkly,Bandana
382,Birb #382,A looping painted robin from BirbNation. One sphere. One clock. Minted on Robinhood Chain.,382.gif,Forest,Brown,Sad,Berry
383,Birb #383,A looping painted robin from BirbNation. One sphere. One clock. Minted on Robinhood Chain.,383.gif,Mint,Void,Sad,None
384,Birb #384,A looping painted robin from BirbNation. One sphere. One clock. Minted on Robinhood Chain.,384.gif,White,Brown,Sleepy,Bandana
385,Birb #385,A looping painted robin from BirbNation. One sphere. One clock. Minted on Robinhood Chain.,385.gif,Cream,Dusk,Wink,Bandana
386,Birb #386,A looping painted robin from BirbNation. One sphere. One clock. Minted on Robinhood Chain.,386.gif,Cream,Frost,Wink,None
387,Birb #387,A looping painted robin from BirbNation. One sphere. One clock. Minted on Robinhood Chain.,387.gif,Mint,Rainbow,Blep,Berry
388,Birb #388,A looping painted robin from BirbNation. One sphere. One clock. Minted on Robinhood Chain.,388.gif,White,Brown,Normal,Leaf
389,Birb #389,A looping painted robin from BirbNation. One sphere. One clock. Minted on Robinhood Chain.,389.gif,Dusk,Pink,Sleepy,Berry
390,Birb #390,A looping painted robin from BirbNation. One sphere. One clock. Minted on Robinhood Chain.,390.gif,White,Blue,Starry,Berry
391,Birb #391,A looping painted robin from BirbNation. One sphere. One clock. Minted on Robinhood Chain.,391.gif,Blush,Pink,Wink,Berry
392,Birb #392,A looping painted robin from BirbNation. One sphere. One clock. Minted on Robinhood Chain.,392.gif,Sky,Snow,Blep,Bandana
393,Birb #393,A looping painted robin from BirbNation. One sphere. One clock. Minted on Robinhood Chain.,393.gif,Dusk,Brown,Wink,Bow
394,Birb #394,A looping painted robin from BirbNation. One sphere. One clock. Minted on Robinhood Chain.,394.gif,Cream,Gold,Blep,Worm
395,Birb #395,A looping painted robin from BirbNation. One sphere. One clock. Minted on Robinhood Chain.,395.gif,Mint,Blue,Wide,Flower
396,Birb #396,A looping painted robin from BirbNation. One sphere. One clock. Minted on Robinhood Chain.,396.gif,White,Green,Blep,Bandana
397,Birb #397,A looping painted robin from BirbNation. One sphere. One clock. Minted on Robinhood Chain.,397.gif,Cream,Green,Starry,Worm
398,Birb #398,A looping painted robin from BirbNation. One sphere. One clock. Minted on Robinhood Chain.,398.gif,Blush,Rainbow,Blep,None
399,Birb #399,A looping painted robin from BirbNation. One sphere. One clock. Minted on Robinhood Chain.,399.gif,Mint,Blue,Normal,Bandana
400,Birb #400,A looping painted robin from BirbNation. One sphere. One clock. Minted on Robinhood Chain.,400.gif,White,Pink,Starry,None
401,Birb #401,A looping painted robin from BirbNation. One sphere. One clock. Minted on Robinhood Chain.,401.gif,Mint,Pink,Sleepy,None
402,Birb #402,A looping painted robin from BirbNation. One sphere. One clock. Minted on Robinhood Chain.,402.gif,Space,Brown,Sparkly,None
403,Birb #403,A looping painted robin from BirbNation. One sphere. One clock. Minted on Robinhood Chain.,403.gif,Peach,Brown,Wide,Bow
404,Birb #404,A looping painted robin from BirbNation. One sphere. One clock. Minted on Robinhood Chain.,404.gif,Dusk,Gold,Sparkly,Berry
405,Birb #405,A looping painted robin from BirbNation. One sphere. One clock. Minted on Robinhood Chain.,405.gif,Sky,Green,Heart,Bandana
406,Birb #406,A looping painted robin from BirbNation. One sphere. One clock. Minted on Robinhood Chain.,406.gif,Dusk,Frost,Sleepy,None
407,Birb #407,A looping painted robin from BirbNation. One sphere. One clock. Minted on Robinhood Chain.,407.gif,Blush,Brown,Wink,Leaf
408,Birb #408,A looping painted robin from BirbNation. One sphere. One clock. Minted on Robinhood Chain.,408.gif,Sky,Green,Normal,None
409,Birb #409,A looping painted robin from BirbNation. One sphere. One clock. Minted on Robinhood Chain.,409.gif,Space,Brown,Sad,Flower
410,Birb #410,A looping painted robin from BirbNation. One sphere. One clock. Minted on Robinhood Chain.,410.gif,Dusk,Frost,Wink,Bow
411,Birb #411,A looping painted robin from BirbNation. One sphere. One clock. Minted on Robinhood Chain.,411.gif,Blush,Green,Sparkly,None
412,Birb #412,A looping painted robin from BirbNation. One sphere. One clock. Minted on Robinhood Chain.,412.gif,Mint,Brown,Wink,None
413,Birb #413,A looping painted robin from BirbNation. One sphere. One clock. Minted on Robinhood Chain.,413.gif,Sky,Pink,Blep,Worm
414,Birb #414,A looping painted robin from BirbNation. One sphere. One clock. Minted on Robinhood Chain.,414.gif,Mint,Frost,Blep,Hat
415,Birb #415,A looping painted robin from BirbNation. One sphere. One clock. Minted on Robinhood Chain.,415.gif,Blush,Frost,Blep,Worm
416,Birb #416,A looping painted robin from BirbNation. One sphere. One clock. Minted on Robinhood Chain.,416.gif,Cream,Rainbow,Blep,Flower
417,Birb #417,A looping painted robin from BirbNation. One sphere. One clock. Minted on Robinhood Chain.,417.gif,Mint,Pink,Sleepy,Flower
418,Birb #418,A looping painted robin from BirbNation. One sphere. One clock. Minted on Robinhood Chain.,418.gif,White,Brown,Starry,None
419,Birb #419,A looping painted robin from BirbNation. One sphere. One clock. Minted on Robinhood Chain.,419.gif,Peach,Gold,Blep,Leaf
420,Birb #420,A looping painted robin from BirbNation. One sphere. One clock. Minted on Robinhood Chain.,420.gif,Mint,Gold,Starry,Bandana
421,Birb #421,A looping painted robin from BirbNation. One sphere. One clock. Minted on Robinhood Chain.,421.gif,Mint,Brown,Sparkly,Berry
422,Birb #422,A looping painted robin from BirbNation. One sphere. One clock. Minted on Robinhood Chain.,422.gif,Space,Pink,Normal,Hat
423,Birb #423,A looping painted robin from BirbNation. One sphere. One clock. Minted on Robinhood Chain.,423.gif,Mint,Dusk,Sleepy,Bow
424,Birb #424,A looping painted robin from BirbNation. One sphere. One clock. Minted on Robinhood Chain.,424.gif,Mint,Gold,Wink,Worm
425,Birb #425,A looping painted robin from BirbNation. One sphere. One clock. Minted on Robinhood Chain.,425.gif,White,Pink,Wink,Berry
426,Birb #426,A looping painted robin from BirbNation. One sphere. One clock. Minted on Robinhood Chain.,426.gif,Cream,Green,Blep,Flower
427,Birb #427,A looping painted robin from BirbNation. One sphere. One clock. Minted on Robinhood Chain.,427.gif,Forest,Green,Starry,Berry
428,Birb #428,A looping painted robin from BirbNation. One sphere. One clock. Minted on Robinhood Chain.,428.gif,Peach,Blue,Normal,None
429,Birb #429,A looping painted robin from BirbNation. One sphere. One clock. Minted on Robinhood Chain.,429.gif,Peach,Pink,Starry,None
430,Birb #430,A looping painted robin from BirbNation. One sphere. One clock. Minted on Robinhood Chain.,430.gif,Cream,Blue,Wink,Worm
431,Birb #431,A looping painted robin from BirbNation. One sphere. One clock. Minted on Robinhood Chain.,431.gif,Cream,Gold,Wide,None
432,Birb #432,A looping painted robin from BirbNation. One sphere. One clock. Minted on Robinhood Chain.,432.gif,White,Gold,Sad,None
433,Birb #433,A looping painted robin from BirbNation. One sphere. One clock. Minted on Robinhood Chain.,433.gif,Peach,Gold,Heart,None
434,Birb #434,A looping painted robin from BirbNation. One sphere. One clock. Minted on Robinhood Chain.,434.gif,Peach,Dusk,Blep,Flower
435,Birb #435,A looping painted robin from BirbNation. One sphere. One clock. Minted on Robinhood Chain.,435.gif,Sky,Brown,Sad,None
436,Birb #436,A looping painted robin from BirbNation. One sphere. One clock. Minted on Robinhood Chain.,436.gif,White,Frost,Wide,Crown
437,Birb #437,A looping painted robin from BirbNation. One sphere. One clock. Minted on Robinhood Chain.,437.gif,Mint,Frost,Blep,None
438,Birb #438,A looping painted robin from BirbNation. One sphere. One clock. Minted on Robinhood Chain.,438.gif,Sky,Pink,Sleepy,Berry
439,Birb #439,A looping painted robin from BirbNation. One sphere. One clock. Minted on Robinhood Chain.,439.gif,White,Snow,Blep,Hat
440,Birb #440,A looping painted robin from BirbNation. One sphere. One clock. Minted on Robinhood Chain.,440.gif,Sky,Brown,Normal,Hat
441,Birb #441,A looping painted robin from BirbNation. One sphere. One clock. Minted on Robinhood Chain.,441.gif,Sky,Gold,Sparkly,Flower
442,Birb #442,A looping painted robin from BirbNation. One sphere. One clock. Minted on Robinhood Chain.,442.gif,Dusk,Gold,Normal,Bow
443,Birb #443,A looping painted robin from BirbNation. One sphere. One clock. Minted on Robinhood Chain.,443.gif,Dusk,Green,Blep,Flower
444,Birb #444,A looping painted robin from BirbNation. One sphere. One clock. Minted on Robinhood Chain.,444.gif,Sky,Gold,Blep,Hat
445,Birb #445,A looping painted robin from BirbNation. One sphere. One clock. Minted on Robinhood Chain.,445.gif,Cream,Brown,Angry,Crown
446,Birb #446,A looping painted robin from BirbNation. One sphere. One clock. Minted on Robinhood Chain.,446.gif,Cream,Pink,Heart,Leaf
447,Birb #447,A looping painted robin from BirbNation. One sphere. One clock. Minted on Robinhood Chain.,447.gif,Space,Green,Normal,Bandana
448,Birb #448,A looping painted robin from BirbNation. One sphere. One clock. Minted on Robinhood Chain.,448.gif,Space,Blue,Wide,Flower
449,Birb #449,A looping painted robin from BirbNation. One sphere. One clock. Minted on Robinhood Chain.,449.gif,Sky,Snow,Wink,None
450,Birb #450,A looping painted robin from BirbNation. One sphere. One clock. Minted on Robinhood Chain.,450.gif,Mint,Frost,Wink,None
451,Birb #451,A looping painted robin from BirbNation. One sphere. One clock. Minted on Robinhood Chain.,451.gif,Space,Blue,Heart,Worm
452,Birb #452,A looping painted robin from BirbNation. One sphere. One clock. Minted on Robinhood Chain.,452.gif,Blush,Frost,Normal,Flower
453,Birb #453,A looping painted robin from BirbNation. One sphere. One clock. Minted on Robinhood Chain.,453.gif,White,Green,Sad,None
454,Birb #454,A looping painted robin from BirbNation. One sphere. One clock. Minted on Robinhood Chain.,454.gif,Peach,Gold,Blep,None
455,Birb #455,A looping painted robin from BirbNation. One sphere. One clock. Minted on Robinhood Chain.,455.gif,White,Blue,Sleepy,Berry
456,Birb #456,A looping painted robin from BirbNation. One sphere. One clock. Minted on Robinhood Chain.,456.gif,Mint,Blue,Wink,Berry
457,Birb #457,A looping painted robin from BirbNation. One sphere. One clock. Minted on Robinhood Chain.,457.gif,Dusk,Pink,Blep,Leaf
458,Birb #458,A looping painted robin from BirbNation. One sphere. One clock. Minted on Robinhood Chain.,458.gif,Peach,Blue,Wide,None
459,Birb #459,A looping painted robin from BirbNation. One sphere. One clock. Minted on Robinhood Chain.,459.gif,Cream,Pink,Normal,Bandana
460,Birb #460,A looping painted robin from BirbNation. One sphere. One clock. Minted on Robinhood Chain.,460.gif,Blush,Pink,Normal,Bandana
461,Birb #461,A looping painted robin from BirbNation. One sphere. One clock. Minted on Robinhood Chain.,461.gif,Sky,Green,Sleepy,Flower
462,Birb #462,A looping painted robin from BirbNation. One sphere. One clock. Minted on Robinhood Chain.,462.gif,Dusk,Dusk,Wink,None
463,Birb #463,A looping painted robin from BirbNation. One sphere. One clock. Minted on Robinhood Chain.,463.gif,Space,Green,Sleepy,Worm
464,Birb #464,A looping painted robin from BirbNation. One sphere. One clock. Minted on Robinhood Chain.,464.gif,Mint,Pink,Sleepy,Crown
465,Birb #465,A looping painted robin from BirbNation. One sphere. One clock. Minted on Robinhood Chain.,465.gif,Mint,Gold,Normal,Worm
466,Birb #466,A looping painted robin from BirbNation. One sphere. One clock. Minted on Robinhood Chain.,466.gif,Cream,Green,Starry,None
467,Birb #467,A looping painted robin from BirbNation. One sphere. One clock. Minted on Robinhood Chain.,467.gif,Sky,Blue,Sleepy,Leaf
468,Birb #468,A looping painted robin from BirbNation. One sphere. One clock. Minted on Robinhood Chain.,468.gif,Peach,Brown,Normal,Leaf
469,Birb #469,A looping painted robin from BirbNation. One sphere. One clock. Minted on Robinhood Chain.,469.gif,Cream,Blue,Wink,None
470,Birb #470,A looping painted robin from BirbNation. One sphere. One clock. Minted on Robinhood Chain.,470.gif,Sky,Green,Normal,Crown
471,Birb #471,A looping painted robin from BirbNation. One sphere. One clock. Minted on Robinhood Chain.,471.gif,Forest,Blue,Blep,Hat
472,Birb #472,A looping painted robin from BirbNation. One sphere. One clock. Minted on Robinhood Chain.,472.gif,Cream,Blue,Blep,None
473,Birb #473,A looping painted robin from BirbNation. One sphere. One clock. Minted on Robinhood Chain.,473.gif,Forest,Dusk,Sleepy,Flower
474,Birb #474,A looping painted robin from BirbNation. One sphere. One clock. Minted on Robinhood Chain.,474.gif,Space,Blue,Starry,Berry
475,Birb #475,A looping painted robin from BirbNation. One sphere. One clock. Minted on Robinhood Chain.,475.gif,Sky,Pink,Blep,None
476,Birb #476,A looping painted robin from BirbNation. One sphere. One clock. Minted on Robinhood Chain.,476.gif,White,Gold,Blep,None
477,Birb #477,A looping painted robin from BirbNation. One sphere. One clock. Minted on Robinhood Chain.,477.gif,Dusk,Blue,Normal,Bow
478,Birb #478,A looping painted robin from BirbNation. One sphere. One clock. Minted on Robinhood Chain.,478.gif,Forest,Blue,Sad,Flower
479,Birb #479,A looping painted robin from BirbNation. One sphere. One clock. Minted on Robinhood Chain.,479.gif,Blush,Gold,Sparkly,Hat
480,Birb #480,A looping painted robin from BirbNation. One sphere. One clock. Minted on Robinhood Chain.,480.gif,Forest,Frost,Blep,None
481,Birb #481,A looping painted robin from BirbNation. One sphere. One clock. Minted on Robinhood Chain.,481.gif,Space,Rainbow,Sad,Bandana
482,Birb #482,A looping painted robin from BirbNation. One sphere. One clock. Minted on Robinhood Chain.,482.gif,White,Brown,Normal,Worm
483,Birb #483,A looping painted robin from BirbNation. One sphere. One clock. Minted on Robinhood Chain.,483.gif,White,Brown,Sad,None
484,Birb #484,A looping painted robin from BirbNation. One sphere. One clock. Minted on Robinhood Chain.,484.gif,Dusk,Rainbow,Sparkly,None
485,Birb #485,A looping painted robin from BirbNation. One sphere. One clock. Minted on Robinhood Chain.,485.gif,Space,Snow,Wink,Crown
486,Birb #486,A looping painted robin from BirbNation. One sphere. One clock. Minted on Robinhood Chain.,486.gif,White,Brown,Wink,Berry
487,Birb #487,A looping painted robin from BirbNation. One sphere. One clock. Minted on Robinhood Chain.,487.gif,Sky,Blue,Blep,Berry
488,Birb #488,A looping painted robin from BirbNation. One sphere. One clock. Minted on Robinhood Chain.,488.gif,Space,Blue,Sparkly,Bandana
489,Birb #489,A looping painted robin from BirbNation. One sphere. One clock. Minted on Robinhood Chain.,489.gif,Space,Pink,Normal,None
490,Birb #490,A looping painted robin from BirbNation. One sphere. One clock. Minted on Robinhood Chain.,490.gif,Sky,Frost,Sleepy,None
491,Birb #491,A looping painted robin from BirbNation. One sphere. One clock. Minted on Robinhood Chain.,491.gif,Cream,Frost,Starry,Hat
492,Birb #492,A looping painted robin from BirbNation. One sphere. One clock. Minted on Robinhood Chain.,492.gif,Mint,Brown,Sparkly,None
493,Birb #493,A looping painted robin from BirbNation. One sphere. One clock. Minted on Robinhood Chain.,493.gif,Space,Gold,Normal,None
494,Birb #494,A looping painted robin from BirbNation. One sphere. One clock. Minted on Robinhood Chain.,494.gif,Cream,Brown,Sleepy,None
495,Birb #495,A looping painted robin from BirbNation. One sphere. One clock. Minted on Robinhood Chain.,495.gif,Sky,Dusk,Wink,Flower
496,Birb #496,A looping painted robin from BirbNation. One sphere. One clock. Minted on Robinhood Chain.,496.gif,Peach,Blue,Blep,None
497,Birb #497,A looping painted robin from BirbNation. One sphere. One clock. Minted on Robinhood Chain.,497.gif,Sky,Blue,Sleepy,None
498,Birb #498,A looping painted robin from BirbNation. One sphere. One clock. Minted on Robinhood Chain.,498.gif,Blush,Pink,Blep,None
499,Birb #499,A looping painted robin from BirbNation. One sphere. One clock. Minted on Robinhood Chain.,499.gif,Cream,Blue,Sparkly,Leaf
500,Birb #500,A looping painted robin from BirbNation. One sphere. One clock. Minted on Robinhood Chain.,500.gif,Peach,Pink,Angry,Bow
501,Birb #501,A looping painted robin from BirbNation. One sphere. One clock. Minted on Robinhood Chain.,501.gif,Peach,Pink,Blep,None
502,Birb #502,A looping painted robin from BirbNation. One sphere. One clock. Minted on Robinhood Chain.,502.gif,Cream,Blue,Angry,Flower
503,Birb #503,A looping painted robin from BirbNation. One sphere. One clock. Minted on Robinhood Chain.,503.gif,Blush,Blue,Sparkly,Worm
504,Birb #504,A looping painted robin from BirbNation. One sphere. One clock. Minted on Robinhood Chain.,504.gif,Dusk,Rainbow,Angry,Bow
505,Birb #505,A looping painted robin from BirbNation. One sphere. One clock. Minted on Robinhood Chain.,505.gif,Cream,Green,Sparkly,None
506,Birb #506,A looping painted robin from BirbNation. One sphere. One clock. Minted on Robinhood Chain.,506.gif,Cream,Blue,Angry,None
507,Birb #507,A looping painted robin from BirbNation. One sphere. One clock. Minted on Robinhood Chain.,507.gif,Forest,Green,Wink,Bow
508,Birb #508,A looping painted robin from BirbNation. One sphere. One clock. Minted on Robinhood Chain.,508.gif,Dusk,Brown,Sparkly,Flower
509,Birb #509,A looping painted robin from BirbNation. One sphere. One clock. Minted on Robinhood Chain.,509.gif,Mint,Green,Blep,Flower
510,Birb #510,A looping painted robin from BirbNation. One sphere. One clock. Minted on Robinhood Chain.,510.gif,Cream,Rainbow,Wide,None
511,Birb #511,A looping painted robin from BirbNation. One sphere. One clock. Minted on Robinhood Chain.,511.gif,Cream,Brown,Sleepy,Leaf
512,Birb #512,A looping painted robin from BirbNation. One sphere. One clock. Minted on Robinhood Chain.,512.gif,Forest,Brown,Normal,None
513,Birb #513,A looping painted robin from BirbNation. One sphere. One clock. Minted on Robinhood Chain.,513.gif,Blush,Frost,Sleepy,None
514,Birb #514,A looping painted robin from BirbNation. One sphere. One clock. Minted on Robinhood Chain.,514.gif,Cream,Brown,Blep,None
515,Birb #515,A looping painted robin from BirbNation. One sphere. One clock. Minted on Robinhood Chain.,515.gif,White,Pink,Normal,None
516,Birb #516,A looping painted robin from BirbNation. One sphere. One clock. Minted on Robinhood Chain.,516.gif,Cream,Brown,Sparkly,Bandana
517,Birb #517,A looping painted robin from BirbNation. One sphere. One clock. Minted on Robinhood Chain.,517.gif,Dusk,Snow,Blep,None
518,Birb #518,A looping painted robin from BirbNation. One sphere. One clock. Minted on Robinhood Chain.,518.gif,Dusk,Pink,Normal,Bandana
519,Birb #519,A looping painted robin from BirbNation. One sphere. One clock. Minted on Robinhood Chain.,519.gif,White,Brown,Wide,Flower
520,Birb #520,A looping painted robin from BirbNation. One sphere. One clock. Minted on Robinhood Chain.,520.gif,Sky,Brown,Blep,None
521,Birb #521,A looping painted robin from BirbNation. One sphere. One clock. Minted on Robinhood Chain.,521.gif,White,Green,Angry,None
522,Birb #522,A looping painted robin from BirbNation. One sphere. One clock. Minted on Robinhood Chain.,522.gif,Mint,Gold,Wide,None
523,Birb #523,A looping painted robin from BirbNation. One sphere. One clock. Minted on Robinhood Chain.,523.gif,Mint,Pink,Sleepy,Leaf
524,Birb #524,A looping painted robin from BirbNation. One sphere. One clock. Minted on Robinhood Chain.,524.gif,Space,Snow,Normal,Flower
525,Birb #525,A looping painted robin from BirbNation. One sphere. One clock. Minted on Robinhood Chain.,525.gif,Space,Snow,Blep,None
526,Birb #526,A looping painted robin from BirbNation. One sphere. One clock. Minted on Robinhood Chain.,526.gif,White,Rainbow,Normal,Leaf
527,Birb #527,A looping painted robin from BirbNation. One sphere. One clock. Minted on Robinhood Chain.,527.gif,White,Gold,Starry,Hat
528,Birb #528,A looping painted robin from BirbNation. One sphere. One clock. Minted on Robinhood Chain.,528.gif,Blush,Gold,Sleepy,Flower
529,Birb #529,A looping painted robin from BirbNation. One sphere. One clock. Minted on Robinhood Chain.,529.gif,White,Blue,Blep,Flower
530,Birb #530,A looping painted robin from BirbNation. One sphere. One clock. Minted on Robinhood Chain.,530.gif,Sky,Dusk,Sparkly,Berry
531,Birb #531,A looping painted robin from BirbNation. One sphere. One clock. Minted on Robinhood Chain.,531.gif,White,Brown,Wink,Leaf
532,Birb #532,A looping painted robin from BirbNation. One sphere. One clock. Minted on Robinhood Chain.,532.gif,Peach,Pink,Normal,Hat
533,Birb #533,A looping painted robin from BirbNation. One sphere. One clock. Minted on Robinhood Chain.,533.gif,Sky,Brown,Blep,Worm
534,Birb #534,A looping painted robin from BirbNation. One sphere. One clock. Minted on Robinhood Chain.,534.gif,Peach,Green,Blep,Hat
535,Birb #535,A looping painted robin from BirbNation. One sphere. One clock. Minted on Robinhood Chain.,535.gif,Sky,Brown,Blep,Bandana
536,Birb #536,A looping painted robin from BirbNation. One sphere. One clock. Minted on Robinhood Chain.,536.gif,Blush,Green,Wink,Flower
537,Birb #537,A looping painted robin from BirbNation. One sphere. One clock. Minted on Robinhood Chain.,537.gif,Peach,Brown,Sad,Bandana
538,Birb #538,A looping painted robin from BirbNation. One sphere. One clock. Minted on Robinhood Chain.,538.gif,Blush,Snow,Blep,Flower
539,Birb #539,A looping painted robin from BirbNation. One sphere. One clock. Minted on Robinhood Chain.,539.gif,Mint,Brown,Sad,Bow
540,Birb #540,A looping painted robin from BirbNation. One sphere. One clock. Minted on Robinhood Chain.,540.gif,Cream,Brown,Angry,None
541,Birb #541,A looping painted robin from BirbNation. One sphere. One clock. Minted on Robinhood Chain.,541.gif,Blush,Blue,Sparkly,Bandana
542,Birb #542,A looping painted robin from BirbNation. One sphere. One clock. Minted on Robinhood Chain.,542.gif,Dusk,Green,Sad,Hat
543,Birb #543,A looping painted robin from BirbNation. One sphere. One clock. Minted on Robinhood Chain.,543.gif,Dusk,Pink,Sparkly,None
544,Birb #544,A looping painted robin from BirbNation. One sphere. One clock. Minted on Robinhood Chain.,544.gif,Sky,Pink,Blep,Hat
545,Birb #545,A looping painted robin from BirbNation. One sphere. One clock. Minted on Robinhood Chain.,545.gif,Sky,Rainbow,Blep,Worm
546,Birb #546,A looping painted robin from BirbNation. One sphere. One clock. Minted on Robinhood Chain.,546.gif,Blush,Dusk,Angry,None
547,Birb #547,A looping painted robin from BirbNation. One sphere. One clock. Minted on Robinhood Chain.,547.gif,Mint,Snow,Sleepy,None
548,Birb #548,A looping painted robin from BirbNation. One sphere. One clock. Minted on Robinhood Chain.,548.gif,Blush,Blue,Starry,None
549,Birb #549,A looping painted robin from BirbNation. One sphere. One clock. Minted on Robinhood Chain.,549.gif,Sky,Brown,Wide,None
550,Birb #550,A looping painted robin from BirbNation. One sphere. One clock. Minted on Robinhood Chain.,550.gif,Peach,Pink,Sleepy,Leaf
551,Birb #551,A looping painted robin from BirbNation. One sphere. One clock. Minted on Robinhood Chain.,551.gif,Cream,Brown,Blep,Flower
552,Birb #552,A looping painted robin from BirbNation. One sphere. One clock. Minted on Robinhood Chain.,552.gif,White,Blue,Blep,Leaf
553,Birb #553,A looping painted robin from BirbNation. One sphere. One clock. Minted on Robinhood Chain.,553.gif,Forest,Void,Blep,Berry
554,Birb #554,A looping painted robin from BirbNation. One sphere. One clock. Minted on Robinhood Chain.,554.gif,Peach,Gold,Wink,Berry
555,Birb #555,A looping painted robin from BirbNation. One sphere. One clock. Minted on Robinhood Chain.,555.gif,White,Frost,Angry,Crown
556,Birb #556,A looping painted robin from BirbNation. One sphere. One clock. Minted on Robinhood Chain.,556.gif,Sky,Frost,Normal,None
557,Birb #557,A looping painted robin from BirbNation. One sphere. One clock. Minted on Robinhood Chain.,557.gif,Mint,Brown,Blep,None
558,Birb #558,A looping painted robin from BirbNation. One sphere. One clock. Minted on Robinhood Chain.,558.gif,Blush,Blue,Sleepy,None
559,Birb #559,A looping painted robin from BirbNation. One sphere. One clock. Minted on Robinhood Chain.,559.gif,Dusk,Gold,Blep,None
560,Birb #560,A looping painted robin from BirbNation. One sphere. One clock. Minted on Robinhood Chain.,560.gif,White,Green,Wink,Berry
561,Birb #561,A looping painted robin from BirbNation. One sphere. One clock. Minted on Robinhood Chain.,561.gif,Dusk,Gold,Angry,None
562,Birb #562,A looping painted robin from BirbNation. One sphere. One clock. Minted on Robinhood Chain.,562.gif,Forest,Frost,Normal,None
563,Birb #563,A looping painted robin from BirbNation. One sphere. One clock. Minted on Robinhood Chain.,563.gif,Forest,Green,Sparkly,None
564,Birb #564,A looping painted robin from BirbNation. One sphere. One clock. Minted on Robinhood Chain.,564.gif,Blush,Dusk,Starry,Hat
565,Birb #565,A looping painted robin from BirbNation. One sphere. One clock. Minted on Robinhood Chain.,565.gif,Sky,Dusk,Wide,Leaf
566,Birb #566,A looping painted robin from BirbNation. One sphere. One clock. Minted on Robinhood Chain.,566.gif,Dusk,Snow,Sparkly,Flower
567,Birb #567,A looping painted robin from BirbNation. One sphere. One clock. Minted on Robinhood Chain.,567.gif,Mint,Void,Normal,Berry
568,Birb #568,A looping painted robin from BirbNation. One sphere. One clock. Minted on Robinhood Chain.,568.gif,Space,Brown,Blep,Bandana
569,Birb #569,A looping painted robin from BirbNation. One sphere. One clock. Minted on Robinhood Chain.,569.gif,Sky,Blue,Sparkly,Flower
570,Birb #570,A looping painted robin from BirbNation. One sphere. One clock. Minted on Robinhood Chain.,570.gif,Peach,Blue,Blep,Flower
571,Birb #571,A looping painted robin from BirbNation. One sphere. One clock. Minted on Robinhood Chain.,571.gif,Cream,Pink,Angry,None
572,Birb #572,A looping painted robin from BirbNation. One sphere. One clock. Minted on Robinhood Chain.,572.gif,Mint,Rainbow,Wide,Berry
573,Birb #573,A looping painted robin from BirbNation. One sphere. One clock. Minted on Robinhood Chain.,573.gif,White,Green,Blep,Leaf
574,Birb #574,A looping painted robin from BirbNation. One sphere. One clock. Minted on Robinhood Chain.,574.gif,White,Brown,Normal,Flower
575,Birb #575,A looping painted robin from BirbNation. One sphere. One clock. Minted on Robinhood Chain.,575.gif,Peach,Green,Sparkly,None
576,Birb #576,A looping painted robin from BirbNation. One sphere. One clock. Minted on Robinhood Chain.,576.gif,Space,Blue,Sleepy,None
577,Birb #577,A looping painted robin from BirbNation. One sphere. One clock. Minted on Robinhood Chain.,577.gif,Dusk,Brown,Blep,Leaf
578,Birb #578,A looping painted robin from BirbNation. One sphere. One clock. Minted on Robinhood Chain.,578.gif,Peach,Dusk,Sleepy,Worm
579,Birb #579,A looping painted robin from BirbNation. One sphere. One clock. Minted on Robinhood Chain.,579.gif,White,Snow,Blep,Worm
580,Birb #580,A looping painted robin from BirbNation. One sphere. One clock. Minted on Robinhood Chain.,580.gif,Mint,Snow,Blep,Leaf
581,Birb #581,A looping painted robin from BirbNation. One sphere. One clock. Minted on Robinhood Chain.,581.gif,White,Brown,Blep,Flower
582,Birb #582,A looping painted robin from BirbNation. One sphere. One clock. Minted on Robinhood Chain.,582.gif,Sky,Frost,Sleepy,Bandana
583,Birb #583,A looping painted robin from BirbNation. One sphere. One clock. Minted on Robinhood Chain.,583.gif,Cream,Green,Wink,Bow
584,Birb #584,A looping painted robin from BirbNation. One sphere. One clock. Minted on Robinhood Chain.,584.gif,Dusk,Brown,Heart,Leaf
585,Birb #585,A looping painted robin from BirbNation. One sphere. One clock. Minted on Robinhood Chain.,585.gif,Space,Dusk,Blep,None
586,Birb #586,A looping painted robin from BirbNation. One sphere. One clock. Minted on Robinhood Chain.,586.gif,Mint,Green,Normal,Hat
587,Birb #587,A looping painted robin from BirbNation. One sphere. One clock. Minted on Robinhood Chain.,587.gif,Mint,Pink,Blep,Berry
588,Birb #588,A looping painted robin from BirbNation. One sphere. One clock. Minted on Robinhood Chain.,588.gif,Peach,Gold,Sleepy,Bandana
589,Birb #589,A looping painted robin from BirbNation. One sphere. One clock. Minted on Robinhood Chain.,589.gif,Mint,Brown,Normal,Flower
590,Birb #590,A looping painted robin from BirbNation. One sphere. One clock. Minted on Robinhood Chain.,590.gif,Peach,Brown,Sleepy,None
591,Birb #591,A looping painted robin from BirbNation. One sphere. One clock. Minted on Robinhood Chain.,591.gif,Dusk,Frost,Blep,Leaf
592,Birb #592,A looping painted robin from BirbNation. One sphere. One clock. Minted on Robinhood Chain.,592.gif,Dusk,Gold,Angry,Worm
593,Birb #593,A looping painted robin from BirbNation. One sphere. One clock. Minted on Robinhood Chain.,593.gif,Blush,Gold,Normal,Crown
594,Birb #594,A looping painted robin from BirbNation. One sphere. One clock. Minted on Robinhood Chain.,594.gif,Peach,Snow,Sad,None
595,Birb #595,A looping painted robin from BirbNation. One sphere. One clock. Minted on Robinhood Chain.,595.gif,White,Gold,Wide,None
596,Birb #596,A looping painted robin from BirbNation. One sphere. One clock. Minted on Robinhood Chain.,596.gif,Forest,Brown,Wide,None
597,Birb #597,A looping painted robin from BirbNation. One sphere. One clock. Minted on Robinhood Chain.,597.gif,Sky,Blue,Blep,Hat
598,Birb #598,A looping painted robin from BirbNation. One sphere. One clock. Minted on Robinhood Chain.,598.gif,Peach,Frost,Wink,Bandana
599,Birb #599,A looping painted robin from BirbNation. One sphere. One clock. Minted on Robinhood Chain.,599.gif,White,Snow,Sparkly,None
600,Birb #600,A looping painted robin from BirbNation. One sphere. One clock. Minted on Robinhood Chain.,600.gif,Sky,Snow,Sleepy,Berry
601,Birb #601,A looping painted robin from BirbNation. One sphere. One clock. Minted on Robinhood Chain.,601.gif,Space,Blue,Normal,Worm
602,Birb #602,A looping painted robin from BirbNation. One sphere. One clock. Minted on Robinhood Chain.,602.gif,Forest,Dusk,Sleepy,Crown
603,Birb #603,A looping painted robin from BirbNation. One sphere. One clock. Minted on Robinhood Chain.,603.gif,Peach,Pink,Blep,Worm
604,Birb #604,A looping painted robin from BirbNation. One sphere. One clock. Minted on Robinhood Chain.,604.gif,Sky,Green,Blep,Flower
605,Birb #605,A looping painted robin from BirbNation. One sphere. One clock. Minted on Robinhood Chain.,605.gif,Mint,Brown,Blep,Leaf
606,Birb #606,A looping painted robin from BirbNation. One sphere. One clock. Minted on Robinhood Chain.,606.gif,Dusk,Snow,Normal,None
607,Birb #607,A looping painted robin from BirbNation. One sphere. One clock. Minted on Robinhood Chain.,607.gif,Sky,Void,Wink,Bandana
608,Birb #608,A looping painted robin from BirbNation. One sphere. One clock. Minted on Robinhood Chain.,608.gif,Peach,Blue,Sparkly,None
609,Birb #609,A looping painted robin from BirbNation. One sphere. One clock. Minted on Robinhood Chain.,609.gif,Blush,Pink,Wide,None
610,Birb #610,A looping painted robin from BirbNation. One sphere. One clock. Minted on Robinhood Chain.,610.gif,White,Brown,Angry,Crown
611,Birb #611,A looping painted robin from BirbNation. One sphere. One clock. Minted on Robinhood Chain.,611.gif,Space,Blue,Wink,Berry
612,Birb #612,A looping painted robin from BirbNation. One sphere. One clock. Minted on Robinhood Chain.,612.gif,Dusk,Green,Normal,Leaf
613,Birb #613,A looping painted robin from BirbNation. One sphere. One clock. Minted on Robinhood Chain.,613.gif,Dusk,Brown,Normal,Flower
614,Birb #614,A looping painted robin from BirbNation. One sphere. One clock. Minted on Robinhood Chain.,614.gif,Cream,Rainbow,Starry,Flower
615,Birb #615,A looping painted robin from BirbNation. One sphere. One clock. Minted on Robinhood Chain.,615.gif,Mint,Dusk,Wide,None
616,Birb #616,A looping painted robin from BirbNation. One sphere. One clock. Minted on Robinhood Chain.,616.gif,Mint,Dusk,Sparkly,None
617,Birb #617,A looping painted robin from BirbNation. One sphere. One clock. Minted on Robinhood Chain.,617.gif,Dusk,Snow,Wink,Worm
618,Birb #618,A looping painted robin from BirbNation. One sphere. One clock. Minted on Robinhood Chain.,618.gif,Mint,Dusk,Angry,Leaf
619,Birb #619,A looping painted robin from BirbNation. One sphere. One clock. Minted on Robinhood Chain.,619.gif,Sky,Brown,Angry,Bow
620,Birb #620,A looping painted robin from BirbNation. One sphere. One clock. Minted on Robinhood Chain.,620.gif,Mint,Green,Blep,None
621,Birb #621,A looping painted robin from BirbNation. One sphere. One clock. Minted on Robinhood Chain.,621.gif,Peach,Blue,Blep,Bow
622,Birb #622,A looping painted robin from BirbNation. One sphere. One clock. Minted on Robinhood Chain.,622.gif,Sky,Pink,Sleepy,Worm
623,Birb #623,A looping painted robin from BirbNation. One sphere. One clock. Minted on Robinhood Chain.,623.gif,White,Blue,Sparkly,None
624,Birb #624,A looping painted robin from BirbNation. One sphere. One clock. Minted on Robinhood Chain.,624.gif,Forest,Green,Sleepy,Worm
625,Birb #625,A looping painted robin from BirbNation. One sphere. One clock. Minted on Robinhood Chain.,625.gif,Forest,Pink,Starry,Bow
626,Birb #626,A looping painted robin from BirbNation. One sphere. One clock. Minted on Robinhood Chain.,626.gif,Peach,Pink,Wink,Hat
627,Birb #627,A looping painted robin from BirbNation. One sphere. One clock. Minted on Robinhood Chain.,627.gif,White,Rainbow,Sad,Leaf
628,Birb #628,A looping painted robin from BirbNation. One sphere. One clock. Minted on Robinhood Chain.,628.gif,Sky,Brown,Wide,Worm
629,Birb #629,A looping painted robin from BirbNation. One sphere. One clock. Minted on Robinhood Chain.,629.gif,Dusk,Green,Starry,None
630,Birb #630,A looping painted robin from BirbNation. One sphere. One clock. Minted on Robinhood Chain.,630.gif,Blush,Green,Wink,Berry
631,Birb #631,A looping painted robin from BirbNation. One sphere. One clock. Minted on Robinhood Chain.,631.gif,Sky,Brown,Blep,Crown
632,Birb #632,A looping painted robin from BirbNation. One sphere. One clock. Minted on Robinhood Chain.,632.gif,Cream,Green,Sleepy,None
633,Birb #633,A looping painted robin from BirbNation. One sphere. One clock. Minted on Robinhood Chain.,633.gif,Sky,Green,Sparkly,None
634,Birb #634,A looping painted robin from BirbNation. One sphere. One clock. Minted on Robinhood Chain.,634.gif,Forest,Void,Starry,Leaf
635,Birb #635,A looping painted robin from BirbNation. One sphere. One clock. Minted on Robinhood Chain.,635.gif,Blush,Green,Normal,None
636,Birb #636,A looping painted robin from BirbNation. One sphere. One clock. Minted on Robinhood Chain.,636.gif,Sky,Snow,Normal,Leaf
637,Birb #637,A looping painted robin from BirbNation. One sphere. One clock. Minted on Robinhood Chain.,637.gif,Mint,Green,Sparkly,Hat
638,Birb #638,A looping painted robin from BirbNation. One sphere. One clock. Minted on Robinhood Chain.,638.gif,Peach,Brown,Sleepy,Leaf
639,Birb #639,A looping painted robin from BirbNation. One sphere. One clock. Minted on Robinhood Chain.,639.gif,Cream,Green,Wide,Berry
640,Birb #640,A looping painted robin from BirbNation. One sphere. One clock. Minted on Robinhood Chain.,640.gif,Space,Brown,Wide,Flower
641,Birb #641,A looping painted robin from BirbNation. One sphere. One clock. Minted on Robinhood Chain.,641.gif,Sky,Void,Blep,Bow
642,Birb #642,A looping painted robin from BirbNation. One sphere. One clock. Minted on Robinhood Chain.,642.gif,Blush,Green,Normal,Leaf
643,Birb #643,A looping painted robin from BirbNation. One sphere. One clock. Minted on Robinhood Chain.,643.gif,White,Brown,Sleepy,None
644,Birb #644,A looping painted robin from BirbNation. One sphere. One clock. Minted on Robinhood Chain.,644.gif,Blush,Blue,Blep,None
645,Birb #645,A looping painted robin from BirbNation. One sphere. One clock. Minted on Robinhood Chain.,645.gif,Space,Pink,Normal,Flower
646,Birb #646,A looping painted robin from BirbNation. One sphere. One clock. Minted on Robinhood Chain.,646.gif,Blush,Brown,Sad,None
647,Birb #647,A looping painted robin from BirbNation. One sphere. One clock. Minted on Robinhood Chain.,647.gif,Blush,Snow,Heart,Leaf
648,Birb #648,A looping painted robin from BirbNation. One sphere. One clock. Minted on Robinhood Chain.,648.gif,Mint,Brown,Wide,Bandana
649,Birb #649,A looping painted robin from BirbNation. One sphere. One clock. Minted on Robinhood Chain.,649.gif,Sky,Green,Sparkly,Bow
650,Birb #650,A looping painted robin from BirbNation. One sphere. One clock. Minted on Robinhood Chain.,650.gif,Dusk,Blue,Sparkly,Flower
651,Birb #651,A looping painted robin from BirbNation. One sphere. One clock. Minted on Robinhood Chain.,651.gif,Forest,Brown,Normal,Worm
652,Birb #652,A looping painted robin from BirbNation. One sphere. One clock. Minted on Robinhood Chain.,652.gif,Forest,Green,Sparkly,Crown
653,Birb #653,A looping painted robin from BirbNation. One sphere. One clock. Minted on Robinhood Chain.,653.gif,Blush,Green,Blep,Worm
654,Birb #654,A looping painted robin from BirbNation. One sphere. One clock. Minted on Robinhood Chain.,654.gif,Sky,Green,Sparkly,Bandana
655,Birb #655,A looping painted robin from BirbNation. One sphere. One clock. Minted on Robinhood Chain.,655.gif,Mint,Snow,Sparkly,None
656,Birb #656,A looping painted robin from BirbNation. One sphere. One clock. Minted on Robinhood Chain.,656.gif,Mint,Snow,Sad,None
657,Birb #657,A looping painted robin from BirbNation. One sphere. One clock. Minted on Robinhood Chain.,657.gif,Mint,Brown,Normal,Worm
658,Birb #658,A looping painted robin from BirbNation. One sphere. One clock. Minted on Robinhood Chain.,658.gif,Dusk,Void,Wink,Flower
659,Birb #659,A looping painted robin from BirbNation. One sphere. One clock. Minted on Robinhood Chain.,659.gif,Mint,Green,Wide,Bandana
660,Birb #660,A looping painted robin from BirbNation. One sphere. One clock. Minted on Robinhood Chain.,660.gif,Forest,Dusk,Starry,Bandana
661,Birb #661,A looping painted robin from BirbNation. One sphere. One clock. Minted on Robinhood Chain.,661.gif,Sky,Gold,Wink,Bandana
662,Birb #662,A looping painted robin from BirbNation. One sphere. One clock. Minted on Robinhood Chain.,662.gif,Forest,Green,Blep,Bandana
663,Birb #663,A looping painted robin from BirbNation. One sphere. One clock. Minted on Robinhood Chain.,663.gif,White,Blue,Wink,None
664,Birb #664,A looping painted robin from BirbNation. One sphere. One clock. Minted on Robinhood Chain.,664.gif,Peach,Gold,Blep,Berry
665,Birb #665,A looping painted robin from BirbNation. One sphere. One clock. Minted on Robinhood Chain.,665.gif,Dusk,Green,Heart,None
666,Birb #666,A looping painted robin from BirbNation. One sphere. One clock. Minted on Robinhood Chain.,666.gif,Blush,Snow,Blep,Leaf
667,Birb #667,A looping painted robin from BirbNation. One sphere. One clock. Minted on Robinhood Chain.,667.gif,Dusk,Gold,Wide,Leaf
668,Birb #668,A looping painted robin from BirbNation. One sphere. One clock. Minted on Robinhood Chain.,668.gif,Space,Pink,Normal,Berry
669,Birb #669,A looping painted robin from BirbNation. One sphere. One clock. Minted on Robinhood Chain.,669.gif,Sky,Brown,Sad,Bandana
670,Birb #670,A looping painted robin from BirbNation. One sphere. One clock. Minted on Robinhood Chain.,670.gif,Blush,Pink,Blep,Flower
671,Birb #671,A looping painted robin from BirbNation. One sphere. One clock. Minted on Robinhood Chain.,671.gif,Mint,Pink,Sleepy,Bandana
672,Birb #672,A looping painted robin from BirbNation. One sphere. One clock. Minted on Robinhood Chain.,672.gif,Blush,Brown,Normal,Bandana
673,Birb #673,A looping painted robin from BirbNation. One sphere. One clock. Minted on Robinhood Chain.,673.gif,Dusk,Gold,Sleepy,Bandana
674,Birb #674,A looping painted robin from BirbNation. One sphere. One clock. Minted on Robinhood Chain.,674.gif,Cream,Blue,Blep,Berry
675,Birb #675,A looping painted robin from BirbNation. One sphere. One clock. Minted on Robinhood Chain.,675.gif,Space,Brown,Normal,None
676,Birb #676,A looping painted robin from BirbNation. One sphere. One clock. Minted on Robinhood Chain.,676.gif,Cream,Snow,Angry,None
677,Birb #677,A looping painted robin from BirbNation. One sphere. One clock. Minted on Robinhood Chain.,677.gif,Forest,Void,Wide,Bow
678,Birb #678,A looping painted robin from BirbNation. One sphere. One clock. Minted on Robinhood Chain.,678.gif,Peach,Brown,Blep,None
679,Birb #679,A looping painted robin from BirbNation. One sphere. One clock. Minted on Robinhood Chain.,679.gif,Mint,Brown,Normal,Bandana
680,Birb #680,A looping painted robin from BirbNation. One sphere. One clock. Minted on Robinhood Chain.,680.gif,Dusk,Brown,Sparkly,Hat
681,Birb #681,A looping painted robin from BirbNation. One sphere. One clock. Minted on Robinhood Chain.,681.gif,Forest,Brown,Sleepy,Worm
682,Birb #682,A looping painted robin from BirbNation. One sphere. One clock. Minted on Robinhood Chain.,682.gif,Peach,Brown,Sleepy,Worm
683,Birb #683,A looping painted robin from BirbNation. One sphere. One clock. Minted on Robinhood Chain.,683.gif,White,Pink,Wink,Leaf
684,Birb #684,A looping painted robin from BirbNation. One sphere. One clock. Minted on Robinhood Chain.,684.gif,Cream,Frost,Wink,Hat
685,Birb #685,A looping painted robin from BirbNation. One sphere. One clock. Minted on Robinhood Chain.,685.gif,White,Pink,Sparkly,Flower
686,Birb #686,A looping painted robin from BirbNation. One sphere. One clock. Minted on Robinhood Chain.,686.gif,Cream,Pink,Normal,None
687,Birb #687,A looping painted robin from BirbNation. One sphere. One clock. Minted on Robinhood Chain.,687.gif,Sky,Green,Normal,Hat
688,Birb #688,A looping painted robin from BirbNation. One sphere. One clock. Minted on Robinhood Chain.,688.gif,White,Blue,Normal,Leaf
689,Birb #689,A looping painted robin from BirbNation. One sphere. One clock. Minted on Robinhood Chain.,689.gif,Blush,Blue,Sparkly,None
690,Birb #690,A looping painted robin from BirbNation. One sphere. One clock. Minted on Robinhood Chain.,690.gif,White,Brown,Heart,Bandana
691,Birb #691,A looping painted robin from BirbNation. One sphere. One clock. Minted on Robinhood Chain.,691.gif,White,Gold,Blep,Hat
692,Birb #692,A looping painted robin from BirbNation. One sphere. One clock. Minted on Robinhood Chain.,692.gif,Dusk,Brown,Sparkly,Bandana
693,Birb #693,A looping painted robin from BirbNation. One sphere. One clock. Minted on Robinhood Chain.,693.gif,Forest,Dusk,Sparkly,Crown
694,Birb #694,A looping painted robin from BirbNation. One sphere. One clock. Minted on Robinhood Chain.,694.gif,Sky,Brown,Blep,Berry
695,Birb #695,A looping painted robin from BirbNation. One sphere. One clock. Minted on Robinhood Chain.,695.gif,Forest,Green,Sparkly,Flower
696,Birb #696,A looping painted robin from BirbNation. One sphere. One clock. Minted on Robinhood Chain.,696.gif,Dusk,Blue,Angry,None
697,Birb #697,A looping painted robin from BirbNation. One sphere. One clock. Minted on Robinhood Chain.,697.gif,White,Blue,Sleepy,Bandana
698,Birb #698,A looping painted robin from BirbNation. One sphere. One clock. Minted on Robinhood Chain.,698.gif,Dusk,Dusk,Sleepy,Leaf
699,Birb #699,A looping painted robin from BirbNation. One sphere. One clock. Minted on Robinhood Chain.,699.gif,Mint,Green,Sad,Bandana
700,Birb #700,A looping painted robin from BirbNation. One sphere. One clock. Minted on Robinhood Chain.,700.gif,Mint,Blue,Sparkly,Berry
701,Birb #701,A looping painted robin from BirbNation. One sphere. One clock. Minted on Robinhood Chain.,701.gif,Mint,Pink,Wink,Leaf
702,Birb #702,A looping painted robin from BirbNation. One sphere. One clock. Minted on Robinhood Chain.,702.gif,Peach,Dusk,Angry,Flower
703,Birb #703,A looping painted robin from BirbNation. One sphere. One clock. Minted on Robinhood Chain.,703.gif,Peach,Green,Heart,Worm
704,Birb #704,A looping painted robin from BirbNation. One sphere. One clock. Minted on Robinhood Chain.,704.gif,Forest,Brown,Sparkly,None
705,Birb #705,A looping painted robin from BirbNation. One sphere. One clock. Minted on Robinhood Chain.,705.gif,Cream,Gold,Starry,Berry
706,Birb #706,A looping painted robin from BirbNation. One sphere. One clock. Minted on Robinhood Chain.,706.gif,Dusk,Gold,Sad,Flower
707,Birb #707,A looping painted robin from BirbNation. One sphere. One clock. Minted on Robinhood Chain.,707.gif,Cream,Blue,Sparkly,Worm
708,Birb #708,A looping painted robin from BirbNation. One sphere. One clock. Minted on Robinhood Chain.,708.gif,Sky,Pink,Angry,None
709,Birb #709,A looping painted robin from BirbNation. One sphere. One clock. Minted on Robinhood Chain.,709.gif,Peach,Frost,Wink,None
710,Birb #710,A looping painted robin from BirbNation. One sphere. One clock. Minted on Robinhood Chain.,710.gif,Dusk,Blue,Sparkly,Hat
711,Birb #711,A looping painted robin from BirbNation. One sphere. One clock. Minted on Robinhood Chain.,711.gif,White,Snow,Wide,Bandana
712,Birb #712,A looping painted robin from BirbNation. One sphere. One clock. Minted on Robinhood Chain.,712.gif,White,Snow,Sparkly,Worm
713,Birb #713,A looping painted robin from BirbNation. One sphere. One clock. Minted on Robinhood Chain.,713.gif,Sky,Dusk,Wink,None
714,Birb #714,A looping painted robin from BirbNation. One sphere. One clock. Minted on Robinhood Chain.,714.gif,White,Blue,Sleepy,None
715,Birb #715,A looping painted robin from BirbNation. One sphere. One clock. Minted on Robinhood Chain.,715.gif,Dusk,Green,Sparkly,Bandana
716,Birb #716,A looping painted robin from BirbNation. One sphere. One clock. Minted on Robinhood Chain.,716.gif,Peach,Rainbow,Sparkly,Flower
717,Birb #717,A looping painted robin from BirbNation. One sphere. One clock. Minted on Robinhood Chain.,717.gif,Cream,Rainbow,Angry,None
718,Birb #718,A looping painted robin from BirbNation. One sphere. One clock. Minted on Robinhood Chain.,718.gif,Blush,Snow,Starry,Leaf
719,Birb #719,A looping painted robin from BirbNation. One sphere. One clock. Minted on Robinhood Chain.,719.gif,Sky,Blue,Wide,None
720,Birb #720,A looping painted robin from BirbNation. One sphere. One clock. Minted on Robinhood Chain.,720.gif,Peach,Dusk,Sparkly,Berry
721,Birb #721,A looping painted robin from BirbNation. One sphere. One clock. Minted on Robinhood Chain.,721.gif,Space,Gold,Sad,Flower
722,Birb #722,A looping painted robin from BirbNation. One sphere. One clock. Minted on Robinhood Chain.,722.gif,Forest,Pink,Normal,Berry
723,Birb #723,A looping painted robin from BirbNation. One sphere. One clock. Minted on Robinhood Chain.,723.gif,Sky,Blue,Blep,Flower
724,Birb #724,A looping painted robin from BirbNation. One sphere. One clock. Minted on Robinhood Chain.,724.gif,Peach,Brown,Starry,None
725,Birb #725,A looping painted robin from BirbNation. One sphere. One clock. Minted on Robinhood Chain.,725.gif,Space,Gold,Wink,Berry
726,Birb #726,A looping painted robin from BirbNation. One sphere. One clock. Minted on Robinhood Chain.,726.gif,Cream,Brown,Sparkly,Worm
727,Birb #727,A looping painted robin from BirbNation. One sphere. One clock. Minted on Robinhood Chain.,727.gif,Dusk,Green,Wink,None
728,Birb #728,A looping painted robin from BirbNation. One sphere. One clock. Minted on Robinhood Chain.,728.gif,Peach,Snow,Sparkly,Leaf
729,Birb #729,A looping painted robin from BirbNation. One sphere. One clock. Minted on Robinhood Chain.,729.gif,Dusk,Gold,Angry,Bow
730,Birb #730,A looping painted robin from BirbNation. One sphere. One clock. Minted on Robinhood Chain.,730.gif,White,Rainbow,Sleepy,None
731,Birb #731,A looping painted robin from BirbNation. One sphere. One clock. Minted on Robinhood Chain.,731.gif,Mint,Blue,Blep,None
732,Birb #732,A looping painted robin from BirbNation. One sphere. One clock. Minted on Robinhood Chain.,732.gif,Mint,Brown,Blep,Hat
733,Birb #733,A looping painted robin from BirbNation. One sphere. One clock. Minted on Robinhood Chain.,733.gif,Forest,Rainbow,Normal,Bandana
734,Birb #734,A looping painted robin from BirbNation. One sphere. One clock. Minted on Robinhood Chain.,734.gif,Cream,Green,Sparkly,Worm
735,Birb #735,A looping painted robin from BirbNation. One sphere. One clock. Minted on Robinhood Chain.,735.gif,Space,Dusk,Blep,Berry
736,Birb #736,A looping painted robin from BirbNation. One sphere. One clock. Minted on Robinhood Chain.,736.gif,Peach,Gold,Sparkly,Bandana
737,Birb #737,A looping painted robin from BirbNation. One sphere. One clock. Minted on Robinhood Chain.,737.gif,Dusk,Blue,Sleepy,Berry
738,Birb #738,A looping painted robin from BirbNation. One sphere. One clock. Minted on Robinhood Chain.,738.gif,White,Pink,Wink,Worm
739,Birb #739,A looping painted robin from BirbNation. One sphere. One clock. Minted on Robinhood Chain.,739.gif,Mint,Blue,Normal,None
740,Birb #740,A looping painted robin from BirbNation. One sphere. One clock. Minted on Robinhood Chain.,740.gif,White,Gold,Sparkly,None
741,Birb #741,A looping painted robin from BirbNation. One sphere. One clock. Minted on Robinhood Chain.,741.gif,Cream,Brown,Normal,Flower
742,Birb #742,A looping painted robin from BirbNation. One sphere. One clock. Minted on Robinhood Chain.,742.gif,Peach,Frost,Sparkly,Worm
743,Birb #743,A looping painted robin from BirbNation. One sphere. One clock. Minted on Robinhood Chain.,743.gif,Forest,Pink,Angry,None
744,Birb #744,A looping painted robin from BirbNation. One sphere. One clock. Minted on Robinhood Chain.,744.gif,Dusk,Blue,Normal,None
745,Birb #745,A looping painted robin from BirbNation. One sphere. One clock. Minted on Robinhood Chain.,745.gif,Mint,Rainbow,Sparkly,None
746,Birb #746,A looping painted robin from BirbNation. One sphere. One clock. Minted on Robinhood Chain.,746.gif,White,Pink,Sparkly,Berry
747,Birb #747,A looping painted robin from BirbNation. One sphere. One clock. Minted on Robinhood Chain.,747.gif,Peach,Dusk,Wink,Worm
748,Birb #748,A looping painted robin from BirbNation. One sphere. One clock. Minted on Robinhood Chain.,748.gif,Dusk,Snow,Sleepy,None
749,Birb #749,A looping painted robin from BirbNation. One sphere. One clock. Minted on Robinhood Chain.,749.gif,Forest,Brown,Wide,Crown
750,Birb #750,A looping painted robin from BirbNation. One sphere. One clock. Minted on Robinhood Chain.,750.gif,Cream,Green,Sleepy,Berry
751,Birb #751,A looping painted robin from BirbNation. One sphere. One clock. Minted on Robinhood Chain.,751.gif,Dusk,Green,Normal,Bandana
752,Birb #752,A looping painted robin from BirbNation. One sphere. One clock. Minted on Robinhood Chain.,752.gif,Sky,Snow,Sleepy,None
753,Birb #753,A looping painted robin from BirbNation. One sphere. One clock. Minted on Robinhood Chain.,753.gif,Cream,Blue,Angry,Worm
754,Birb #754,A looping painted robin from BirbNation. One sphere. One clock. Minted on Robinhood Chain.,754.gif,Mint,Gold,Sparkly,None
755,Birb #755,A looping painted robin from BirbNation. One sphere. One clock. Minted on Robinhood Chain.,755.gif,Sky,Green,Wink,None
756,Birb #756,A looping painted robin from BirbNation. One sphere. One clock. Minted on Robinhood Chain.,756.gif,Peach,Dusk,Sleepy,None
757,Birb #757,A looping painted robin from BirbNation. One sphere. One clock. Minted on Robinhood Chain.,757.gif,Peach,Gold,Sleepy,None
758,Birb #758,A looping painted robin from BirbNation. One sphere. One clock. Minted on Robinhood Chain.,758.gif,Forest,Blue,Starry,Worm
759,Birb #759,A looping painted robin from BirbNation. One sphere. One clock. Minted on Robinhood Chain.,759.gif,Peach,Green,Wide,Hat
760,Birb #760,A looping painted robin from BirbNation. One sphere. One clock. Minted on Robinhood Chain.,760.gif,Mint,Green,Wink,None
761,Birb #761,A looping painted robin from BirbNation. One sphere. One clock. Minted on Robinhood Chain.,761.gif,White,Blue,Blep,Bandana
762,Birb #762,A looping painted robin from BirbNation. One sphere. One clock. Minted on Robinhood Chain.,762.gif,Dusk,Blue,Starry,Berry
763,Birb #763,A looping painted robin from BirbNation. One sphere. One clock. Minted on Robinhood Chain.,763.gif,Sky,Blue,Starry,Leaf
764,Birb #764,A looping painted robin from BirbNation. One sphere. One clock. Minted on Robinhood Chain.,764.gif,White,Brown,Sparkly,Bandana
765,Birb #765,A looping painted robin from BirbNation. One sphere. One clock. Minted on Robinhood Chain.,765.gif,White,Blue,Angry,Berry
766,Birb #766,A looping painted robin from BirbNation. One sphere. One clock. Minted on Robinhood Chain.,766.gif,Space,Snow,Blep,Berry
767,Birb #767,A looping painted robin from BirbNation. One sphere. One clock. Minted on Robinhood Chain.,767.gif,Sky,Frost,Angry,Flower
768,Birb #768,A looping painted robin from BirbNation. One sphere. One clock. Minted on Robinhood Chain.,768.gif,Blush,Brown,Blep,Bandana
769,Birb #769,A looping painted robin from BirbNation. One sphere. One clock. Minted on Robinhood Chain.,769.gif,Mint,Blue,Sleepy,Berry
770,Birb #770,A looping painted robin from BirbNation. One sphere. One clock. Minted on Robinhood Chain.,770.gif,Peach,Green,Blep,None
771,Birb #771,A looping painted robin from BirbNation. One sphere. One clock. Minted on Robinhood Chain.,771.gif,Cream,Green,Wink,Berry
772,Birb #772,A looping painted robin from BirbNation. One sphere. One clock. Minted on Robinhood Chain.,772.gif,Blush,Snow,Normal,Flower
773,Birb #773,A looping painted robin from BirbNation. One sphere. One clock. Minted on Robinhood Chain.,773.gif,Space,Pink,Blep,None
774,Birb #774,A looping painted robin from BirbNation. One sphere. One clock. Minted on Robinhood Chain.,774.gif,Cream,Snow,Sleepy,Worm
775,Birb #775,A looping painted robin from BirbNation. One sphere. One clock. Minted on Robinhood Chain.,775.gif,Peach,Dusk,Blep,Berry
776,Birb #776,A looping painted robin from BirbNation. One sphere. One clock. Minted on Robinhood Chain.,776.gif,Blush,Blue,Sparkly,Hat
777,Birb #777,A looping painted robin from BirbNation. One sphere. One clock. Minted on Robinhood Chain.,777.gif,Blush,Blue,Normal,Bandana
778,Birb #778,A looping painted robin from BirbNation. One sphere. One clock. Minted on Robinhood Chain.,778.gif,Peach,Pink,Wide,None
779,Birb #779,A looping painted robin from BirbNation. One sphere. One clock. Minted on Robinhood Chain.,779.gif,Dusk,Snow,Blep,Leaf
780,Birb #780,A looping painted robin from BirbNation. One sphere. One clock. Minted on Robinhood Chain.,780.gif,White,Blue,Blep,Worm
781,Birb #781,A looping painted robin from BirbNation. One sphere. One clock. Minted on Robinhood Chain.,781.gif,Space,Pink,Wide,Bandana
782,Birb #782,A looping painted robin from BirbNation. One sphere. One clock. Minted on Robinhood Chain.,782.gif,Dusk,Brown,Sleepy,Leaf
783,Birb #783,A looping painted robin from BirbNation. One sphere. One clock. Minted on Robinhood Chain.,783.gif,Blush,Gold,Normal,Bow
784,Birb #784,A looping painted robin from BirbNation. One sphere. One clock. Minted on Robinhood Chain.,784.gif,Space,Pink,Normal,Leaf
785,Birb #785,A looping painted robin from BirbNation. One sphere. One clock. Minted on Robinhood Chain.,785.gif,Cream,Pink,Heart,None
786,Birb #786,A looping painted robin from BirbNation. One sphere. One clock. Minted on Robinhood Chain.,786.gif,Cream,Blue,Sparkly,Hat
787,Birb #787,A looping painted robin from BirbNation. One sphere. One clock. Minted on Robinhood Chain.,787.gif,Blush,Brown,Angry,None
788,Birb #788,A looping painted robin from BirbNation. One sphere. One clock. Minted on Robinhood Chain.,788.gif,White,Pink,Blep,Worm
789,Birb #789,A looping painted robin from BirbNation. One sphere. One clock. Minted on Robinhood Chain.,789.gif,Forest,Brown,Sad,None
790,Birb #790,A looping painted robin from BirbNation. One sphere. One clock. Minted on Robinhood Chain.,790.gif,Cream,Pink,Sparkly,Leaf
791,Birb #791,A looping painted robin from BirbNation. One sphere. One clock. Minted on Robinhood Chain.,791.gif,Blush,Rainbow,Angry,Bandana
792,Birb #792,A looping painted robin from BirbNation. One sphere. One clock. Minted on Robinhood Chain.,792.gif,Dusk,Blue,Sleepy,None
793,Birb #793,A looping painted robin from BirbNation. One sphere. One clock. Minted on Robinhood Chain.,793.gif,Peach,Gold,Sad,Bandana
794,Birb #794,A looping painted robin from BirbNation. One sphere. One clock. Minted on Robinhood Chain.,794.gif,White,Brown,Sleepy,Hat
795,Birb #795,A looping painted robin from BirbNation. One sphere. One clock. Minted on Robinhood Chain.,795.gif,Sky,Blue,Normal,Bandana
796,Birb #796,A looping painted robin from BirbNation. One sphere. One clock. Minted on Robinhood Chain.,796.gif,Mint,Dusk,Sparkly,Bandana
797,Birb #797,A looping painted robin from BirbNation. One sphere. One clock. Minted on Robinhood Chain.,797.gif,Blush,Snow,Normal,None
798,Birb #798,A looping painted robin from BirbNation. One sphere. One clock. Minted on Robinhood Chain.,798.gif,Cream,Frost,Sparkly,None
799,Birb #799,A looping painted robin from BirbNation. One sphere. One clock. Minted on Robinhood Chain.,799.gif,Blush,Snow,Wink,Flower
800,Birb #800,A looping painted robin from BirbNation. One sphere. One clock. Minted on Robinhood Chain.,800.gif,Cream,Dusk,Sad,Berry
801,Birb #801,A looping painted robin from BirbNation. One sphere. One clock. Minted on Robinhood Chain.,801.gif,Dusk,Brown,Blep,None
802,Birb #802,A looping painted robin from BirbNation. One sphere. One clock. Minted on Robinhood Chain.,802.gif,Blush,Brown,Wide,Flower
803,Birb #803,A looping painted robin from BirbNation. One sphere. One clock. Minted on Robinhood Chain.,803.gif,Dusk,Blue,Normal,Leaf
804,Birb #804,A looping painted robin from BirbNation. One sphere. One clock. Minted on Robinhood Chain.,804.gif,Sky,Brown,Sleepy,None
805,Birb #805,A looping painted robin from BirbNation. One sphere. One clock. Minted on Robinhood Chain.,805.gif,Sky,Frost,Sparkly,Leaf
806,Birb #806,A looping painted robin from BirbNation. One sphere. One clock. Minted on Robinhood Chain.,806.gif,Cream,Blue,Blep,Leaf
807,Birb #807,A looping painted robin from BirbNation. One sphere. One clock. Minted on Robinhood Chain.,807.gif,Cream,Dusk,Sparkly,Bandana
808,Birb #808,A looping painted robin from BirbNation. One sphere. One clock. Minted on Robinhood Chain.,808.gif,Peach,Dusk,Normal,None
809,Birb #809,A looping painted robin from BirbNation. One sphere. One clock. Minted on Robinhood Chain.,809.gif,Forest,Pink,Sparkly,None
810,Birb #810,A looping painted robin from BirbNation. One sphere. One clock. Minted on Robinhood Chain.,810.gif,Sky,Green,Blep,None
811,Birb #811,A looping painted robin from BirbNation. One sphere. One clock. Minted on Robinhood Chain.,811.gif,Space,Pink,Sad,Leaf
812,Birb #812,A looping painted robin from BirbNation. One sphere. One clock. Minted on Robinhood Chain.,812.gif,Dusk,Green,Sleepy,Bow
813,Birb #813,A looping painted robin from BirbNation. One sphere. One clock. Minted on Robinhood Chain.,813.gif,Blush,Green,Blep,Crown
814,Birb #814,A looping painted robin from BirbNation. One sphere. One clock. Minted on Robinhood Chain.,814.gif,Dusk,Blue,Wide,Bandana
815,Birb #815,A looping painted robin from BirbNation. One sphere. One clock. Minted on Robinhood Chain.,815.gif,Blush,Pink,Blep,Berry
816,Birb #816,A looping painted robin from BirbNation. One sphere. One clock. Minted on Robinhood Chain.,816.gif,Peach,Green,Wide,Bandana
817,Birb #817,A looping painted robin from BirbNation. One sphere. One clock. Minted on Robinhood Chain.,817.gif,Cream,Blue,Sparkly,Flower
818,Birb #818,A looping painted robin from BirbNation. One sphere. One clock. Minted on Robinhood Chain.,818.gif,Peach,Green,Angry,Bow
819,Birb #819,A looping painted robin from BirbNation. One sphere. One clock. Minted on Robinhood Chain.,819.gif,White,Green,Wide,Bandana
820,Birb #820,A looping painted robin from BirbNation. One sphere. One clock. Minted on Robinhood Chain.,820.gif,Forest,Brown,Blep,None
821,Birb #821,A looping painted robin from BirbNation. One sphere. One clock. Minted on Robinhood Chain.,821.gif,Dusk,Rainbow,Normal,Crown
822,Birb #822,A looping painted robin from BirbNation. One sphere. One clock. Minted on Robinhood Chain.,822.gif,Dusk,Pink,Wink,None
823,Birb #823,A looping painted robin from BirbNation. One sphere. One clock. Minted on Robinhood Chain.,823.gif,Dusk,Blue,Wide,None
824,Birb #824,A looping painted robin from BirbNation. One sphere. One clock. Minted on Robinhood Chain.,824.gif,Peach,Brown,Angry,Berry
825,Birb #825,A looping painted robin from BirbNation. One sphere. One clock. Minted on Robinhood Chain.,825.gif,Sky,Brown,Sleepy,Leaf
826,Birb #826,A looping painted robin from BirbNation. One sphere. One clock. Minted on Robinhood Chain.,826.gif,Blush,Frost,Blep,Crown
827,Birb #827,A looping painted robin from BirbNation. One sphere. One clock. Minted on Robinhood Chain.,827.gif,Sky,Brown,Wide,Bandana
828,Birb #828,A looping painted robin from BirbNation. One sphere. One clock. Minted on Robinhood Chain.,828.gif,Mint,Rainbow,Sparkly,Crown
829,Birb #829,A looping painted robin from BirbNation. One sphere. One clock. Minted on Robinhood Chain.,829.gif,Dusk,Rainbow,Wink,Flower
830,Birb #830,A looping painted robin from BirbNation. One sphere. One clock. Minted on Robinhood Chain.,830.gif,Forest,Green,Sleepy,None
831,Birb #831,A looping painted robin from BirbNation. One sphere. One clock. Minted on Robinhood Chain.,831.gif,Space,Brown,Sleepy,None
832,Birb #832,A looping painted robin from BirbNation. One sphere. One clock. Minted on Robinhood Chain.,832.gif,Blush,Green,Normal,Crown
833,Birb #833,A looping painted robin from BirbNation. One sphere. One clock. Minted on Robinhood Chain.,833.gif,White,Blue,Wide,Leaf
834,Birb #834,A looping painted robin from BirbNation. One sphere. One clock. Minted on Robinhood Chain.,834.gif,Forest,Blue,Blep,Bandana
835,Birb #835,A looping painted robin from BirbNation. One sphere. One clock. Minted on Robinhood Chain.,835.gif,Cream,Gold,Sad,None
836,Birb #836,A looping painted robin from BirbNation. One sphere. One clock. Minted on Robinhood Chain.,836.gif,Blush,Brown,Angry,Crown
837,Birb #837,A looping painted robin from BirbNation. One sphere. One clock. Minted on Robinhood Chain.,837.gif,White,Gold,Normal,None
838,Birb #838,A looping painted robin from BirbNation. One sphere. One clock. Minted on Robinhood Chain.,838.gif,Cream,Dusk,Blep,Hat
839,Birb #839,A looping painted robin from BirbNation. One sphere. One clock. Minted on Robinhood Chain.,839.gif,Cream,Brown,Wink,None
840,Birb #840,A looping painted robin from BirbNation. One sphere. One clock. Minted on Robinhood Chain.,840.gif,Cream,Snow,Wink,Berry
841,Birb #841,A looping painted robin from BirbNation. One sphere. One clock. Minted on Robinhood Chain.,841.gif,Mint,Brown,Wide,Hat
842,Birb #842,A looping painted robin from BirbNation. One sphere. One clock. Minted on Robinhood Chain.,842.gif,Peach,Snow,Sleepy,Crown
843,Birb #843,A looping painted robin from BirbNation. One sphere. One clock. Minted on Robinhood Chain.,843.gif,Mint,Blue,Wink,None
844,Birb #844,A looping painted robin from BirbNation. One sphere. One clock. Minted on Robinhood Chain.,844.gif,Blush,Pink,Normal,Crown
845,Birb #845,A looping painted robin from BirbNation. One sphere. One clock. Minted on Robinhood Chain.,845.gif,Peach,Blue,Sleepy,None
846,Birb #846,A looping painted robin from BirbNation. One sphere. One clock. Minted on Robinhood Chain.,846.gif,Forest,Pink,Sleepy,Hat
847,Birb #847,A looping painted robin from BirbNation. One sphere. One clock. Minted on Robinhood Chain.,847.gif,White,Rainbow,Heart,Flower
848,Birb #848,A looping painted robin from BirbNation. One sphere. One clock. Minted on Robinhood Chain.,848.gif,Mint,Void,Blep,Leaf
849,Birb #849,A looping painted robin from BirbNation. One sphere. One clock. Minted on Robinhood Chain.,849.gif,Peach,Green,Sparkly,Flower
850,Birb #850,A looping painted robin from BirbNation. One sphere. One clock. Minted on Robinhood Chain.,850.gif,Blush,Brown,Heart,Berry
851,Birb #851,A looping painted robin from BirbNation. One sphere. One clock. Minted on Robinhood Chain.,851.gif,Cream,Snow,Normal,None
852,Birb #852,A looping painted robin from BirbNation. One sphere. One clock. Minted on Robinhood Chain.,852.gif,White,Frost,Wink,Leaf
853,Birb #853,A looping painted robin from BirbNation. One sphere. One clock. Minted on Robinhood Chain.,853.gif,White,Pink,Sparkly,Bow
854,Birb #854,A looping painted robin from BirbNation. One sphere. One clock. Minted on Robinhood Chain.,854.gif,Cream,Green,Heart,Hat
855,Birb #855,A looping painted robin from BirbNation. One sphere. One clock. Minted on Robinhood Chain.,855.gif,Cream,Snow,Sleepy,Flower
856,Birb #856,A looping painted robin from BirbNation. One sphere. One clock. Minted on Robinhood Chain.,856.gif,Cream,Gold,Sparkly,None
857,Birb #857,A looping painted robin from BirbNation. One sphere. One clock. Minted on Robinhood Chain.,857.gif,Forest,Snow,Sleepy,None
858,Birb #858,A looping painted robin from BirbNation. One sphere. One clock. Minted on Robinhood Chain.,858.gif,Space,Dusk,Sleepy,None
859,Birb #859,A looping painted robin from BirbNation. One sphere. One clock. Minted on Robinhood Chain.,859.gif,Sky,Void,Blep,Bandana
860,Birb #860,A looping painted robin from BirbNation. One sphere. One clock. Minted on Robinhood Chain.,860.gif,Space,Frost,Sparkly,None
861,Birb #861,A looping painted robin from BirbNation. One sphere. One clock. Minted on Robinhood Chain.,861.gif,Peach,Dusk,Normal,Hat
862,Birb #862,A looping painted robin from BirbNation. One sphere. One clock. Minted on Robinhood Chain.,862.gif,Cream,Snow,Wink,Worm
863,Birb #863,A looping painted robin from BirbNation. One sphere. One clock. Minted on Robinhood Chain.,863.gif,Mint,Snow,Normal,Flower
864,Birb #864,A looping painted robin from BirbNation. One sphere. One clock. Minted on Robinhood Chain.,864.gif,Cream,Pink,Wide,None
865,Birb #865,A looping painted robin from BirbNation. One sphere. One clock. Minted on Robinhood Chain.,865.gif,Mint,Green,Sleepy,Bow
866,Birb #866,A looping painted robin from BirbNation. One sphere. One clock. Minted on Robinhood Chain.,866.gif,Sky,Brown,Sleepy,Worm
867,Birb #867,A looping painted robin from BirbNation. One sphere. One clock. Minted on Robinhood Chain.,867.gif,Dusk,Frost,Sleepy,Leaf
868,Birb #868,A looping painted robin from BirbNation. One sphere. One clock. Minted on Robinhood Chain.,868.gif,Peach,Gold,Blep,Crown
869,Birb #869,A looping painted robin from BirbNation. One sphere. One clock. Minted on Robinhood Chain.,869.gif,Mint,Pink,Wink,None
870,Birb #870,A looping painted robin from BirbNation. One sphere. One clock. Minted on Robinhood Chain.,870.gif,Blush,Dusk,Wink,Bandana
871,Birb #871,A looping painted robin from BirbNation. One sphere. One clock. Minted on Robinhood Chain.,871.gif,Dusk,Blue,Sparkly,None
872,Birb #872,A looping painted robin from BirbNation. One sphere. One clock. Minted on Robinhood Chain.,872.gif,Forest,Blue,Sparkly,Bandana
873,Birb #873,A looping painted robin from BirbNation. One sphere. One clock. Minted on Robinhood Chain.,873.gif,Cream,Brown,Sparkly,Bow
874,Birb #874,A looping painted robin from BirbNation. One sphere. One clock. Minted on Robinhood Chain.,874.gif,Blush,Snow,Wide,Flower
875,Birb #875,A looping painted robin from BirbNation. One sphere. One clock. Minted on Robinhood Chain.,875.gif,White,Pink,Wide,Flower
876,Birb #876,A looping painted robin from BirbNation. One sphere. One clock. Minted on Robinhood Chain.,876.gif,White,Green,Normal,Flower
877,Birb #877,A looping painted robin from BirbNation. One sphere. One clock. Minted on Robinhood Chain.,877.gif,Dusk,Blue,Wink,Bandana
878,Birb #878,A looping painted robin from BirbNation. One sphere. One clock. Minted on Robinhood Chain.,878.gif,Dusk,Dusk,Heart,Worm
879,Birb #879,A looping painted robin from BirbNation. One sphere. One clock. Minted on Robinhood Chain.,879.gif,Peach,Blue,Wink,Bandana
880,Birb #880,A looping painted robin from BirbNation. One sphere. One clock. Minted on Robinhood Chain.,880.gif,Cream,Blue,Sparkly,None
881,Birb #881,A looping painted robin from BirbNation. One sphere. One clock. Minted on Robinhood Chain.,881.gif,Cream,Pink,Sparkly,Worm
882,Birb #882,A looping painted robin from BirbNation. One sphere. One clock. Minted on Robinhood Chain.,882.gif,Peach,Green,Normal,Flower
883,Birb #883,A looping painted robin from BirbNation. One sphere. One clock. Minted on Robinhood Chain.,883.gif,Forest,Green,Angry,Flower
884,Birb #884,A looping painted robin from BirbNation. One sphere. One clock. Minted on Robinhood Chain.,884.gif,Peach,Brown,Sparkly,Crown
885,Birb #885,A looping painted robin from BirbNation. One sphere. One clock. Minted on Robinhood Chain.,885.gif,Cream,Green,Normal,Bandana
886,Birb #886,A looping painted robin from BirbNation. One sphere. One clock. Minted on Robinhood Chain.,886.gif,White,Pink,Normal,Flower
887,Birb #887,A looping painted robin from BirbNation. One sphere. One clock. Minted on Robinhood Chain.,887.gif,Mint,Brown,Heart,None
888,Birb #888,A looping painted robin from BirbNation. One sphere. One clock. Minted on Robinhood Chain.,888.gif,Mint,Frost,Heart,Leaf
889,Birb #889,A looping painted robin from BirbNation. One sphere. One clock. Minted on Robinhood Chain.,889.gif,Cream,Gold,Sad,Berry
890,Birb #890,A looping painted robin from BirbNation. One sphere. One clock. Minted on Robinhood Chain.,890.gif,Sky,Blue,Wink,None
891,Birb #891,A looping painted robin from BirbNation. One sphere. One clock. Minted on Robinhood Chain.,891.gif,Cream,Dusk,Wide,Flower
892,Birb #892,A looping painted robin from BirbNation. One sphere. One clock. Minted on Robinhood Chain.,892.gif,Forest,Snow,Sparkly,Flower
893,Birb #893,A looping painted robin from BirbNation. One sphere. One clock. Minted on Robinhood Chain.,893.gif,Mint,Gold,Blep,Hat
894,Birb #894,A looping painted robin from BirbNation. One sphere. One clock. Minted on Robinhood Chain.,894.gif,Cream,Brown,Sparkly,Berry
895,Birb #895,A looping painted robin from BirbNation. One sphere. One clock. Minted on Robinhood Chain.,895.gif,Dusk,Gold,Wink,Flower
896,Birb #896,A looping painted robin from BirbNation. One sphere. One clock. Minted on Robinhood Chain.,896.gif,Peach,Pink,Angry,None
897,Birb #897,A looping painted robin from BirbNation. One sphere. One clock. Minted on Robinhood Chain.,897.gif,Mint,Green,Blep,Berry
898,Birb #898,A looping painted robin from BirbNation. One sphere. One clock. Minted on Robinhood Chain.,898.gif,Peach,Blue,Heart,Flower
899,Birb #899,A looping painted robin from BirbNation. One sphere. One clock. Minted on Robinhood Chain.,899.gif,White,Pink,Sleepy,Leaf
900,Birb #900,A looping painted robin from BirbNation. One sphere. One clock. Minted on Robinhood Chain.,900.gif,Space,Brown,Starry,Hat
901,Birb #901,A looping painted robin from BirbNation. One sphere. One clock. Minted on Robinhood Chain.,901.gif,White,Gold,Blep,Flower
902,Birb #902,A looping painted robin from BirbNation. One sphere. One clock. Minted on Robinhood Chain.,902.gif,Dusk,Green,Blep,Leaf
903,Birb #903,A looping painted robin from BirbNation. One sphere. One clock. Minted on Robinhood Chain.,903.gif,Cream,Brown,Normal,None
904,Birb #904,A looping painted robin from BirbNation. One sphere. One clock. Minted on Robinhood Chain.,904.gif,Blush,Frost,Sleepy,Bow
905,Birb #905,A looping painted robin from BirbNation. One sphere. One clock. Minted on Robinhood Chain.,905.gif,Dusk,Snow,Wide,Hat
906,Birb #906,A looping painted robin from BirbNation. One sphere. One clock. Minted on Robinhood Chain.,906.gif,Dusk,Snow,Blep,Hat
907,Birb #907,A looping painted robin from BirbNation. One sphere. One clock. Minted on Robinhood Chain.,907.gif,Blush,Snow,Sleepy,None
908,Birb #908,A looping painted robin from BirbNation. One sphere. One clock. Minted on Robinhood Chain.,908.gif,Cream,Green,Normal,Bow
909,Birb #909,A looping painted robin from BirbNation. One sphere. One clock. Minted on Robinhood Chain.,909.gif,White,Gold,Sparkly,Leaf
910,Birb #910,A looping painted robin from BirbNation. One sphere. One clock. Minted on Robinhood Chain.,910.gif,Peach,Snow,Sleepy,None
911,Birb #911,A looping painted robin from BirbNation. One sphere. One clock. Minted on Robinhood Chain.,911.gif,Mint,Frost,Normal,Flower
912,Birb #912,A looping painted robin from BirbNation. One sphere. One clock. Minted on Robinhood Chain.,912.gif,Forest,Pink,Wink,Bow
913,Birb #913,A looping painted robin from BirbNation. One sphere. One clock. Minted on Robinhood Chain.,913.gif,Space,Blue,Sparkly,None
914,Birb #914,A looping painted robin from BirbNation. One sphere. One clock. Minted on Robinhood Chain.,914.gif,White,Dusk,Heart,Berry
915,Birb #915,A looping painted robin from BirbNation. One sphere. One clock. Minted on Robinhood Chain.,915.gif,Dusk,Snow,Heart,Bandana
916,Birb #916,A looping painted robin from BirbNation. One sphere. One clock. Minted on Robinhood Chain.,916.gif,Mint,Dusk,Starry,Bandana
917,Birb #917,A looping painted robin from BirbNation. One sphere. One clock. Minted on Robinhood Chain.,917.gif,Blush,Pink,Wink,Leaf
918,Birb #918,A looping painted robin from BirbNation. One sphere. One clock. Minted on Robinhood Chain.,918.gif,Cream,Blue,Blep,Crown
919,Birb #919,A looping painted robin from BirbNation. One sphere. One clock. Minted on Robinhood Chain.,919.gif,Sky,Pink,Wink,Flower
920,Birb #920,A looping painted robin from BirbNation. One sphere. One clock. Minted on Robinhood Chain.,920.gif,Mint,Void,Normal,Worm
921,Birb #921,A looping painted robin from BirbNation. One sphere. One clock. Minted on Robinhood Chain.,921.gif,Mint,Gold,Angry,Hat
922,Birb #922,A looping painted robin from BirbNation. One sphere. One clock. Minted on Robinhood Chain.,922.gif,White,Green,Normal,None
923,Birb #923,A looping painted robin from BirbNation. One sphere. One clock. Minted on Robinhood Chain.,923.gif,Dusk,Gold,Blep,Hat
924,Birb #924,A looping painted robin from BirbNation. One sphere. One clock. Minted on Robinhood Chain.,924.gif,Cream,Blue,Blep,Bow
925,Birb #925,A looping painted robin from BirbNation. One sphere. One clock. Minted on Robinhood Chain.,925.gif,Dusk,Brown,Wide,Bandana
926,Birb #926,A looping painted robin from BirbNation. One sphere. One clock. Minted on Robinhood Chain.,926.gif,Sky,Brown,Sparkly,Worm
927,Birb #927,A looping painted robin from BirbNation. One sphere. One clock. Minted on Robinhood Chain.,927.gif,Dusk,Gold,Normal,None
928,Birb #928,A looping painted robin from BirbNation. One sphere. One clock. Minted on Robinhood Chain.,928.gif,Forest,Brown,Angry,Crown
929,Birb #929,A looping painted robin from BirbNation. One sphere. One clock. Minted on Robinhood Chain.,929.gif,Forest,Gold,Sparkly,None
930,Birb #930,A looping painted robin from BirbNation. One sphere. One clock. Minted on Robinhood Chain.,930.gif,Sky,Blue,Sleepy,Bandana
931,Birb #931,A looping painted robin from BirbNation. One sphere. One clock. Minted on Robinhood Chain.,931.gif,Peach,Pink,Angry,Flower
932,Birb #932,A looping painted robin from BirbNation. One sphere. One clock. Minted on Robinhood Chain.,932.gif,Forest,Pink,Angry,Flower
933,Birb #933,A looping painted robin from BirbNation. One sphere. One clock. Minted on Robinhood Chain.,933.gif,White,Pink,Angry,Bandana
934,Birb #934,A looping painted robin from BirbNation. One sphere. One clock. Minted on Robinhood Chain.,934.gif,Blush,Frost,Blep,None
935,Birb #935,A looping painted robin from BirbNation. One sphere. One clock. Minted on Robinhood Chain.,935.gif,White,Brown,Wink,Bandana
936,Birb #936,A looping painted robin from BirbNation. One sphere. One clock. Minted on Robinhood Chain.,936.gif,Peach,Brown,Angry,Crown
937,Birb #937,A looping painted robin from BirbNation. One sphere. One clock. Minted on Robinhood Chain.,937.gif,Forest,Pink,Wink,None
938,Birb #938,A looping painted robin from BirbNation. One sphere. One clock. Minted on Robinhood Chain.,938.gif,White,Blue,Starry,None
939,Birb #939,A looping painted robin from BirbNation. One sphere. One clock. Minted on Robinhood Chain.,939.gif,Space,Snow,Sad,Leaf
940,Birb #940,A looping painted robin from BirbNation. One sphere. One clock. Minted on Robinhood Chain.,940.gif,Sky,Snow,Blep,Worm
941,Birb #941,A looping painted robin from BirbNation. One sphere. One clock. Minted on Robinhood Chain.,941.gif,Forest,Green,Normal,None
942,Birb #942,A looping painted robin from BirbNation. One sphere. One clock. Minted on Robinhood Chain.,942.gif,Cream,Blue,Blep,Worm
943,Birb #943,A looping painted robin from BirbNation. One sphere. One clock. Minted on Robinhood Chain.,943.gif,Mint,Brown,Sad,None
944,Birb #944,A looping painted robin from BirbNation. One sphere. One clock. Minted on Robinhood Chain.,944.gif,Sky,Frost,Wink,Leaf
945,Birb #945,A looping painted robin from BirbNation. One sphere. One clock. Minted on Robinhood Chain.,945.gif,Sky,Rainbow,Sparkly,Bandana
946,Birb #946,A looping painted robin from BirbNation. One sphere. One clock. Minted on Robinhood Chain.,946.gif,Peach,Brown,Blep,Leaf
947,Birb #947,A looping painted robin from BirbNation. One sphere. One clock. Minted on Robinhood Chain.,947.gif,Mint,Green,Sad,None
948,Birb #948,A looping painted robin from BirbNation. One sphere. One clock. Minted on Robinhood Chain.,948.gif,White,Brown,Sad,Bow
949,Birb #949,A looping painted robin from BirbNation. One sphere. One clock. Minted on Robinhood Chain.,949.gif,Blush,Green,Wide,Bandana
950,Birb #950,A looping painted robin from BirbNation. One sphere. One clock. Minted on Robinhood Chain.,950.gif,Peach,Brown,Normal,Crown
951,Birb #951,A looping painted robin from BirbNation. One sphere. One clock. Minted on Robinhood Chain.,951.gif,Space,Gold,Sparkly,Hat
952,Birb #952,A looping painted robin from BirbNation. One sphere. One clock. Minted on Robinhood Chain.,952.gif,Cream,Pink,Starry,Flower
953,Birb #953,A looping painted robin from BirbNation. One sphere. One clock. Minted on Robinhood Chain.,953.gif,Peach,Gold,Sparkly,None
954,Birb #954,A looping painted robin from BirbNation. One sphere. One clock. Minted on Robinhood Chain.,954.gif,Peach,Blue,Angry,None
955,Birb #955,A looping painted robin from BirbNation. One sphere. One clock. Minted on Robinhood Chain.,955.gif,Sky,Frost,Sad,None
956,Birb #956,A looping painted robin from BirbNation. One sphere. One clock. Minted on Robinhood Chain.,956.gif,Peach,Brown,Blep,Bow
957,Birb #957,A looping painted robin from BirbNation. One sphere. One clock. Minted on Robinhood Chain.,957.gif,Cream,Pink,Wink,Flower
958,Birb #958,A looping painted robin from BirbNation. One sphere. One clock. Minted on Robinhood Chain.,958.gif,Cream,Blue,Normal,Crown
959,Birb #959,A looping painted robin from BirbNation. One sphere. One clock. Minted on Robinhood Chain.,959.gif,White,Brown,Sad,Leaf
960,Birb #960,A looping painted robin from BirbNation. One sphere. One clock. Minted on Robinhood Chain.,960.gif,White,Frost,Blep,Hat
961,Birb #961,A looping painted robin from BirbNation. One sphere. One clock. Minted on Robinhood Chain.,961.gif,White,Snow,Wink,Leaf
962,Birb #962,A looping painted robin from BirbNation. One sphere. One clock. Minted on Robinhood Chain.,962.gif,Sky,Blue,Blep,Bow
963,Birb #963,A looping painted robin from BirbNation. One sphere. One clock. Minted on Robinhood Chain.,963.gif,White,Blue,Sleepy,Bow
964,Birb #964,A looping painted robin from BirbNation. One sphere. One clock. Minted on Robinhood Chain.,964.gif,Mint,Rainbow,Angry,Bow
965,Birb #965,A looping painted robin from BirbNation. One sphere. One clock. Minted on Robinhood Chain.,965.gif,Peach,Pink,Sad,None
966,Birb #966,A looping painted robin from BirbNation. One sphere. One clock. Minted on Robinhood Chain.,966.gif,Blush,Pink,Wink,Bandana
967,Birb #967,A looping painted robin from BirbNation. One sphere. One clock. Minted on Robinhood Chain.,967.gif,White,Gold,Sleepy,Flower
968,Birb #968,A looping painted robin from BirbNation. One sphere. One clock. Minted on Robinhood Chain.,968.gif,Dusk,Snow,Blep,Flower
969,Birb #969,A looping painted robin from BirbNation. One sphere. One clock. Minted on Robinhood Chain.,969.gif,Dusk,Brown,Sleepy,Berry
970,Birb #970,A looping painted robin from BirbNation. One sphere. One clock. Minted on Robinhood Chain.,970.gif,White,Frost,Wide,None
971,Birb #971,A looping painted robin from BirbNation. One sphere. One clock. Minted on Robinhood Chain.,971.gif,White,Gold,Sleepy,Bandana
972,Birb #972,A looping painted robin from BirbNation. One sphere. One clock. Minted on Robinhood Chain.,972.gif,Blush,Pink,Angry,Bandana
973,Birb #973,A looping painted robin from BirbNation. One sphere. One clock. Minted on Robinhood Chain.,973.gif,White,Rainbow,Normal,None
974,Birb #974,A looping painted robin from BirbNation. One sphere. One clock. Minted on Robinhood Chain.,974.gif,Peach,Brown,Heart,Worm
975,Birb #975,A looping painted robin from BirbNation. One sphere. One clock. Minted on Robinhood Chain.,975.gif,Dusk,Blue,Wink,Worm
976,Birb #976,A looping painted robin from BirbNation. One sphere. One clock. Minted on Robinhood Chain.,976.gif,Dusk,Brown,Angry,None
977,Birb #977,A looping painted robin from BirbNation. One sphere. One clock. Minted on Robinhood Chain.,977.gif,Peach,Gold,Sparkly,Leaf
978,Birb #978,A looping painted robin from BirbNation. One sphere. One clock. Minted on Robinhood Chain.,978.gif,Cream,Blue,Angry,Bow
979,Birb #979,A looping painted robin from BirbNation. One sphere. One clock. Minted on Robinhood Chain.,979.gif,Sky,Gold,Sleepy,None
980,Birb #980,A looping painted robin from BirbNation. One sphere. One clock. Minted on Robinhood Chain.,980.gif,Blush,Blue,Sleepy,Bandana
981,Birb #981,A looping painted robin from BirbNation. One sphere. One clock. Minted on Robinhood Chain.,981.gif,Cream,Brown,Normal,Leaf
982,Birb #982,A looping painted robin from BirbNation. One sphere. One clock. Minted on Robinhood Chain.,982.gif,Forest,Blue,Wide,None
983,Birb #983,A looping painted robin from BirbNation. One sphere. One clock. Minted on Robinhood Chain.,983.gif,Sky,Gold,Starry,Bandana
984,Birb #984,A looping painted robin from BirbNation. One sphere. One clock. Minted on Robinhood Chain.,984.gif,Mint,Gold,Sparkly,Leaf
985,Birb #985,A looping painted robin from BirbNation. One sphere. One clock. Minted on Robinhood Chain.,985.gif,Blush,Snow,Sparkly,Worm
986,Birb #986,A looping painted robin from BirbNation. One sphere. One clock. Minted on Robinhood Chain.,986.gif,Space,Brown,Wide,None
987,Birb #987,A looping painted robin from BirbNation. One sphere. One clock. Minted on Robinhood Chain.,987.gif,Forest,Gold,Heart,None
988,Birb #988,A looping painted robin from BirbNation. One sphere. One clock. Minted on Robinhood Chain.,988.gif,White,Brown,Blep,Leaf
989,Birb #989,A looping painted robin from BirbNation. One sphere. One clock. Minted on Robinhood Chain.,989.gif,Dusk,Pink,Blep,None
990,Birb #990,A looping painted robin from BirbNation. One sphere. One clock. Minted on Robinhood Chain.,990.gif,Sky,Snow,Angry,None
991,Birb #991,A looping painted robin from BirbNation. One sphere. One clock. Minted on Robinhood Chain.,991.gif,Dusk,Green,Sparkly,None
992,Birb #992,A looping painted robin from BirbNation. One sphere. One clock. Minted on Robinhood Chain.,992.gif,Forest,Snow,Sleepy,Bow
993,Birb #993,A looping painted robin from BirbNation. One sphere. One clock. Minted on Robinhood Chain.,993.gif,White,Pink,Wink,Flower
994,Birb #994,A looping painted robin from BirbNation. One sphere. One clock. Minted on Robinhood Chain.,994.gif,White,Blue,Sparkly,Crown
995,Birb #995,A looping painted robin from BirbNation. One sphere. One clock. Minted on Robinhood Chain.,995.gif,Forest,Green,Blep,Berry
996,Birb #996,A looping painted robin from BirbNation. One sphere. One clock. Minted on Robinhood Chain.,996.gif,Blush,Brown,Starry,Flower
997,Birb #997,A looping painted robin from BirbNation. One sphere. One clock. Minted on Robinhood Chain.,997.gif,Peach,Blue,Sparkly,Worm
998,Birb #998,A looping painted robin from BirbNation. One sphere. One clock. Minted on Robinhood Chain.,998.gif,Forest,Frost,Sleepy,Bandana
999,Birb #999,A looping painted robin from BirbNation. One sphere. One clock. Minted on Robinhood Chain.,999.gif,Dusk,Green,Normal,Berry
1000,Birb #1000,A looping painted robin from BirbNation. One sphere. One clock. Minted on Robinhood Chain.,1000.gif,Space,Blue,Heart,Berry
1001,Birb #1001,A looping painted robin from BirbNation. One sphere. One clock. Minted on Robinhood Chain.,1001.gif,Peach,Brown,Sparkly,Flower
1002,Birb #1002,A looping painted robin from BirbNation. One sphere. One clock. Minted on Robinhood Chain.,1002.gif,Peach,Green,Normal,Leaf
1003,Birb #1003,A looping painted robin from BirbNation. One sphere. One clock. Minted on Robinhood Chain.,1003.gif,Blush,Dusk,Sad,None
1004,Birb #1004,A looping painted robin from BirbNation. One sphere. One clock. Minted on Robinhood Chain.,1004.gif,Blush,Snow,Heart,Berry
1005,Birb #1005,A looping painted robin from BirbNation. One sphere. One clock. Minted on Robinhood Chain.,1005.gif,Blush,Brown,Wide,Berry
1006,Birb #1006,A looping painted robin from BirbNation. One sphere. One clock. Minted on Robinhood Chain.,1006.gif,White,Snow,Normal,Leaf
1007,Birb #1007,A looping painted robin from BirbNation. One sphere. One clock. Minted on Robinhood Chain.,1007.gif,Mint,Brown,Angry,Flower
1008,Birb #1008,A looping painted robin from BirbNation. One sphere. One clock. Minted on Robinhood Chain.,1008.gif,White,Rainbow,Starry,Flower
1009,Birb #1009,A looping painted robin from BirbNation. One sphere. One clock. Minted on Robinhood Chain.,1009.gif,Blush,Pink,Angry,Flower
1010,Birb #1010,A looping painted robin from BirbNation. One sphere. One clock. Minted on Robinhood Chain.,1010.gif,Cream,Dusk,Blep,Berry
1011,Birb #1011,A looping painted robin from BirbNation. One sphere. One clock. Minted on Robinhood Chain.,1011.gif,Dusk,Pink,Sad,Crown
1012,Birb #1012,A looping painted robin from BirbNation. One sphere. One clock. Minted on Robinhood Chain.,1012.gif,Space,Brown,Blep,Leaf
1013,Birb #1013,A looping painted robin from BirbNation. One sphere. One clock. Minted on Robinhood Chain.,1013.gif,Peach,Snow,Normal,None
1014,Birb #1014,A looping painted robin from BirbNation. One sphere. One clock. Minted on Robinhood Chain.,1014.gif,Peach,Void,Angry,Berry
1015,Birb #1015,A looping painted robin from BirbNation. One sphere. One clock. Minted on Robinhood Chain.,1015.gif,Peach,Brown,Blep,Hat
1016,Birb #1016,A looping painted robin from BirbNation. One sphere. One clock. Minted on Robinhood Chain.,1016.gif,Peach,Gold,Starry,None
1017,Birb #1017,A looping painted robin from BirbNation. One sphere. One clock. Minted on Robinhood Chain.,1017.gif,White,Green,Wink,Bandana
1018,Birb #1018,A looping painted robin from BirbNation. One sphere. One clock. Minted on Robinhood Chain.,1018.gif,Dusk,Rainbow,Starry,Flower
1019,Birb #1019,A looping painted robin from BirbNation. One sphere. One clock. Minted on Robinhood Chain.,1019.gif,White,Pink,Blep,None
1020,Birb #1020,A looping painted robin from BirbNation. One sphere. One clock. Minted on Robinhood Chain.,1020.gif,Cream,Green,Sleepy,Hat
1021,Birb #1021,A looping painted robin from BirbNation. One sphere. One clock. Minted on Robinhood Chain.,1021.gif,White,Rainbow,Sparkly,Bandana
1022,Birb #1022,A looping painted robin from BirbNation. One sphere. One clock. Minted on Robinhood Chain.,1022.gif,Blush,Green,Blep,Bandana
1023,Birb #1023,A looping painted robin from BirbNation. One sphere. One clock. Minted on Robinhood Chain.,1023.gif,Sky,Green,Angry,Flower
1024,Birb #1024,A looping painted robin from BirbNation. One sphere. One clock. Minted on Robinhood Chain.,1024.gif,Space,Blue,Blep,Leaf
1025,Birb #1025,A looping painted robin from BirbNation. One sphere. One clock. Minted on Robinhood Chain.,1025.gif,Blush,Blue,Sparkly,Flower
1026,Birb #1026,A looping painted robin from BirbNation. One sphere. One clock. Minted on Robinhood Chain.,1026.gif,Cream,Green,Wide,Worm
1027,Birb #1027,A looping painted robin from BirbNation. One sphere. One clock. Minted on Robinhood Chain.,1027.gif,Blush,Snow,Wink,None
1028,Birb #1028,A looping painted robin from BirbNation. One sphere. One clock. Minted on Robinhood Chain.,1028.gif,Cream,Gold,Normal,Hat
1029,Birb #1029,A looping painted robin from BirbNation. One sphere. One clock. Minted on Robinhood Chain.,1029.gif,Sky,Green,Starry,None
1030,Birb #1030,A looping painted robin from BirbNation. One sphere. One clock. Minted on Robinhood Chain.,1030.gif,Cream,Green,Starry,Flower
1031,Birb #1031,A looping painted robin from BirbNation. One sphere. One clock. Minted on Robinhood Chain.,1031.gif,Cream,Pink,Blep,Leaf
1032,Birb #1032,A looping painted robin from BirbNation. One sphere. One clock. Minted on Robinhood Chain.,1032.gif,Cream,Snow,Wide,None
1033,Birb #1033,A looping painted robin from BirbNation. One sphere. One clock. Minted on Robinhood Chain.,1033.gif,Sky,Frost,Starry,Bandana
1034,Birb #1034,A looping painted robin from BirbNation. One sphere. One clock. Minted on Robinhood Chain.,1034.gif,Cream,Blue,Angry,Berry
1035,Birb #1035,A looping painted robin from BirbNation. One sphere. One clock. Minted on Robinhood Chain.,1035.gif,Dusk,Dusk,Blep,Bandana
1036,Birb #1036,A looping painted robin from BirbNation. One sphere. One clock. Minted on Robinhood Chain.,1036.gif,Sky,Frost,Wink,Berry
1037,Birb #1037,A looping painted robin from BirbNation. One sphere. One clock. Minted on Robinhood Chain.,1037.gif,Cream,Dusk,Wink,None
1038,Birb #1038,A looping painted robin from BirbNation. One sphere. One clock. Minted on Robinhood Chain.,1038.gif,Peach,Void,Sad,None
1039,Birb #1039,A looping painted robin from BirbNation. One sphere. One clock. Minted on Robinhood Chain.,1039.gif,Cream,Dusk,Blep,None
1040,Birb #1040,A looping painted robin from BirbNation. One sphere. One clock. Minted on Robinhood Chain.,1040.gif,Blush,Pink,Starry,Leaf
1041,Birb #1041,A looping painted robin from BirbNation. One sphere. One clock. Minted on Robinhood Chain.,1041.gif,Blush,Brown,Blep,Hat
1042,Birb #1042,A looping painted robin from BirbNation. One sphere. One clock. Minted on Robinhood Chain.,1042.gif,Forest,Gold,Starry,Flower
1043,Birb #1043,A looping painted robin from BirbNation. One sphere. One clock. Minted on Robinhood Chain.,1043.gif,White,Brown,Normal,Bandana
1044,Birb #1044,A looping painted robin from BirbNation. One sphere. One clock. Minted on Robinhood Chain.,1044.gif,Forest,Green,Normal,Flower
1045,Birb #1045,A looping painted robin from BirbNation. One sphere. One clock. Minted on Robinhood Chain.,1045.gif,Peach,Void,Blep,Worm
1046,Birb #1046,A looping painted robin from BirbNation. One sphere. One clock. Minted on Robinhood Chain.,1046.gif,Forest,Void,Angry,None
1047,Birb #1047,A looping painted robin from BirbNation. One sphere. One clock. Minted on Robinhood Chain.,1047.gif,White,Blue,Blep,Berry
1048,Birb #1048,A looping painted robin from BirbNation. One sphere. One clock. Minted on Robinhood Chain.,1048.gif,Dusk,Brown,Heart,Worm
1049,Birb #1049,A looping painted robin from BirbNation. One sphere. One clock. Minted on Robinhood Chain.,1049.gif,White,Pink,Wink,None
1050,Birb #1050,A looping painted robin from BirbNation. One sphere. One clock. Minted on Robinhood Chain.,1050.gif,Peach,Gold,Normal,Flower
1051,Birb #1051,A looping painted robin from BirbNation. One sphere. One clock. Minted on Robinhood Chain.,1051.gif,Sky,Rainbow,Wide,Bow
1052,Birb #1052,A looping painted robin from BirbNation. One sphere. One clock. Minted on Robinhood Chain.,1052.gif,Dusk,Snow,Heart,None
1053,Birb #1053,A looping painted robin from BirbNation. One sphere. One clock. Minted on Robinhood Chain.,1053.gif,Dusk,Pink,Blep,Bow
1054,Birb #1054,A looping painted robin from BirbNation. One sphere. One clock. Minted on Robinhood Chain.,1054.gif,Dusk,Green,Wide,Bow
1055,Birb #1055,A looping painted robin from BirbNation. One sphere. One clock. Minted on Robinhood Chain.,1055.gif,Cream,Void,Sleepy,Worm
1056,Birb #1056,A looping painted robin from BirbNation. One sphere. One clock. Minted on Robinhood Chain.,1056.gif,Cream,Void,Sparkly,None
1057,Birb #1057,A looping painted robin from BirbNation. One sphere. One clock. Minted on Robinhood Chain.,1057.gif,Forest,Brown,Sad,Worm
1058,Birb #1058,A looping painted robin from BirbNation. One sphere. One clock. Minted on Robinhood Chain.,1058.gif,Blush,Pink,Starry,Bandana
1059,Birb #1059,A looping painted robin from BirbNation. One sphere. One clock. Minted on Robinhood Chain.,1059.gif,Dusk,Dusk,Normal,Worm
1060,Birb #1060,A looping painted robin from BirbNation. One sphere. One clock. Minted on Robinhood Chain.,1060.gif,Forest,Snow,Sparkly,None
1061,Birb #1061,A looping painted robin from BirbNation. One sphere. One clock. Minted on Robinhood Chain.,1061.gif,Dusk,Blue,Blep,Berry
1062,Birb #1062,A looping painted robin from BirbNation. One sphere. One clock. Minted on Robinhood Chain.,1062.gif,Space,Green,Blep,Leaf
1063,Birb #1063,A looping painted robin from BirbNation. One sphere. One clock. Minted on Robinhood Chain.,1063.gif,Mint,Dusk,Blep,Bandana
1064,Birb #1064,A looping painted robin from BirbNation. One sphere. One clock. Minted on Robinhood Chain.,1064.gif,Cream,Snow,Sleepy,Leaf
1065,Birb #1065,A looping painted robin from BirbNation. One sphere. One clock. Minted on Robinhood Chain.,1065.gif,Sky,Dusk,Blep,Leaf
1066,Birb #1066,A looping painted robin from BirbNation. One sphere. One clock. Minted on Robinhood Chain.,1066.gif,Dusk,Dusk,Angry,Berry
1067,Birb #1067,A looping painted robin from BirbNation. One sphere. One clock. Minted on Robinhood Chain.,1067.gif,Cream,Snow,Normal,Bow
1068,Birb #1068,A looping painted robin from BirbNation. One sphere. One clock. Minted on Robinhood Chain.,1068.gif,Dusk,Brown,Blep,Bandana
1069,Birb #1069,A looping painted robin from BirbNation. One sphere. One clock. Minted on Robinhood Chain.,1069.gif,Mint,Frost,Heart,Bandana
1070,Birb #1070,A looping painted robin from BirbNation. One sphere. One clock. Minted on Robinhood Chain.,1070.gif,Cream,Pink,Blep,None
1071,Birb #1071,A looping painted robin from BirbNation. One sphere. One clock. Minted on Robinhood Chain.,1071.gif,Cream,Gold,Wide,Leaf
1072,Birb #1072,A looping painted robin from BirbNation. One sphere. One clock. Minted on Robinhood Chain.,1072.gif,Sky,Brown,Wink,Leaf
1073,Birb #1073,A looping painted robin from BirbNation. One sphere. One clock. Minted on Robinhood Chain.,1073.gif,Dusk,Gold,Sleepy,Hat
1074,Birb #1074,A looping painted robin from BirbNation. One sphere. One clock. Minted on Robinhood Chain.,1074.gif,White,Gold,Normal,Flower
1075,Birb #1075,A looping painted robin from BirbNation. One sphere. One clock. Minted on Robinhood Chain.,1075.gif,Forest,Pink,Blep,Crown
1076,Birb #1076,A looping painted robin from BirbNation. One sphere. One clock. Minted on Robinhood Chain.,1076.gif,Blush,Brown,Blep,Berry
1077,Birb #1077,A looping painted robin from BirbNation. One sphere. One clock. Minted on Robinhood Chain.,1077.gif,White,Brown,Angry,Hat
1078,Birb #1078,A looping painted robin from BirbNation. One sphere. One clock. Minted on Robinhood Chain.,1078.gif,White,Brown,Wink,Hat
1079,Birb #1079,A looping painted robin from BirbNation. One sphere. One clock. Minted on Robinhood Chain.,1079.gif,Cream,Frost,Sleepy,Hat
1080,Birb #1080,A looping painted robin from BirbNation. One sphere. One clock. Minted on Robinhood Chain.,1080.gif,White,Frost,Sparkly,None
1081,Birb #1081,A looping painted robin from BirbNation. One sphere. One clock. Minted on Robinhood Chain.,1081.gif,Space,Brown,Normal,Flower
1082,Birb #1082,A looping painted robin from BirbNation. One sphere. One clock. Minted on Robinhood Chain.,1082.gif,Forest,Void,Wink,Leaf
1083,Birb #1083,A looping painted robin from BirbNation. One sphere. One clock. Minted on Robinhood Chain.,1083.gif,Forest,Blue,Normal,Hat
1084,Birb #1084,A looping painted robin from BirbNation. One sphere. One clock. Minted on Robinhood Chain.,1084.gif,Dusk,Void,Blep,Flower
1085,Birb #1085,A looping painted robin from BirbNation. One sphere. One clock. Minted on Robinhood Chain.,1085.gif,White,Snow,Angry,None
1086,Birb #1086,A looping painted robin from BirbNation. One sphere. One clock. Minted on Robinhood Chain.,1086.gif,Mint,Blue,Wink,Bow
1087,Birb #1087,A looping painted robin from BirbNation. One sphere. One clock. Minted on Robinhood Chain.,1087.gif,White,Gold,Wink,Worm
1088,Birb #1088,A looping painted robin from BirbNation. One sphere. One clock. Minted on Robinhood Chain.,1088.gif,Blush,Gold,Blep,Leaf
1089,Birb #1089,A looping painted robin from BirbNation. One sphere. One clock. Minted on Robinhood Chain.,1089.gif,Mint,Gold,Wide,Leaf
1090,Birb #1090,A looping painted robin from BirbNation. One sphere. One clock. Minted on Robinhood Chain.,1090.gif,White,Pink,Sleepy,Berry
1091,Birb #1091,A looping painted robin from BirbNation. One sphere. One clock. Minted on Robinhood Chain.,1091.gif,Mint,Brown,Heart,Hat
1092,Birb #1092,A looping painted robin from BirbNation. One sphere. One clock. Minted on Robinhood Chain.,1092.gif,Mint,Frost,Blep,Flower
1093,Birb #1093,A looping painted robin from BirbNation. One sphere. One clock. Minted on Robinhood Chain.,1093.gif,White,Pink,Normal,Worm
1094,Birb #1094,A looping painted robin from BirbNation. One sphere. One clock. Minted on Robinhood Chain.,1094.gif,Blush,Snow,Blep,None
1095,Birb #1095,A looping painted robin from BirbNation. One sphere. One clock. Minted on Robinhood Chain.,1095.gif,Forest,Brown,Blep,Berry
1096,Birb #1096,A looping painted robin from BirbNation. One sphere. One clock. Minted on Robinhood Chain.,1096.gif,Forest,Brown,Normal,Crown
1097,Birb #1097,A looping painted robin from BirbNation. One sphere. One clock. Minted on Robinhood Chain.,1097.gif,Dusk,Blue,Sparkly,Worm
1098,Birb #1098,A looping painted robin from BirbNation. One sphere. One clock. Minted on Robinhood Chain.,1098.gif,Cream,Rainbow,Starry,Bandana
1099,Birb #1099,A looping painted robin from BirbNation. One sphere. One clock. Minted on Robinhood Chain.,1099.gif,Sky,Brown,Angry,Leaf
1100,Birb #1100,A looping painted robin from BirbNation. One sphere. One clock. Minted on Robinhood Chain.,1100.gif,White,Green,Normal,Leaf
1101,Birb #1101,A looping painted robin from BirbNation. One sphere. One clock. Minted on Robinhood Chain.,1101.gif,Mint,Pink,Normal,Hat
1102,Birb #1102,A looping painted robin from BirbNation. One sphere. One clock. Minted on Robinhood Chain.,1102.gif,White,Dusk,Blep,Berry
1103,Birb #1103,A looping painted robin from BirbNation. One sphere. One clock. Minted on Robinhood Chain.,1103.gif,Sky,Dusk,Normal,Hat
1104,Birb #1104,A looping painted robin from BirbNation. One sphere. One clock. Minted on Robinhood Chain.,1104.gif,Sky,Snow,Normal,None
1105,Birb #1105,A looping painted robin from BirbNation. One sphere. One clock. Minted on Robinhood Chain.,1105.gif,Forest,Brown,Starry,Hat
1106,Birb #1106,A looping painted robin from BirbNation. One sphere. One clock. Minted on Robinhood Chain.,1106.gif,Sky,Brown,Wink,None
1107,Birb #1107,A looping painted robin from BirbNation. One sphere. One clock. Minted on Robinhood Chain.,1107.gif,Forest,Brown,Heart,None
1108,Birb #1108,A looping painted robin from BirbNation. One sphere. One clock. Minted on Robinhood Chain.,1108.gif,Dusk,Pink,Sad,None
1109,Birb #1109,A looping painted robin from BirbNation. One sphere. One clock. Minted on Robinhood Chain.,1109.gif,Blush,Green,Blep,Flower
1110,Birb #1110,A looping painted robin from BirbNation. One sphere. One clock. Minted on Robinhood Chain.,1110.gif,Peach,Dusk,Sleepy,Berry
1111,Birb #1111,A looping painted robin from BirbNation. One sphere. One clock. Minted on Robinhood Chain.,1111.gif,Forest,Green,Wide,Hat
1112,Birb #1112,A looping painted robin from BirbNation. One sphere. One clock. Minted on Robinhood Chain.,1112.gif,Blush,Pink,Blep,Hat
1113,Birb #1113,A looping painted robin from BirbNation. One sphere. One clock. Minted on Robinhood Chain.,1113.gif,Sky,Void,Sleepy,Berry
1114,Birb #1114,A looping painted robin from BirbNation. One sphere. One clock. Minted on Robinhood Chain.,1114.gif,Peach,Brown,Wink,Berry
1115,Birb #1115,A looping painted robin from BirbNation. One sphere. One clock. Minted on Robinhood Chain.,1115.gif,Blush,Pink,Sleepy,None
1116,Birb #1116,A looping painted robin from BirbNation. One sphere. One clock. Minted on Robinhood Chain.,1116.gif,Peach,Void,Normal,None
1117,Birb #1117,A looping painted robin from BirbNation. One sphere. One clock. Minted on Robinhood Chain.,1117.gif,Dusk,Pink,Sleepy,Bow
1118,Birb #1118,A looping painted robin from BirbNation. One sphere. One clock. Minted on Robinhood Chain.,1118.gif,Cream,Rainbow,Sleepy,Leaf
1119,Birb #1119,A looping painted robin from BirbNation. One sphere. One clock. Minted on Robinhood Chain.,1119.gif,Space,Brown,Sleepy,Flower
1120,Birb #1120,A looping painted robin from BirbNation. One sphere. One clock. Minted on Robinhood Chain.,1120.gif,White,Snow,Normal,None
1121,Birb #1121,A looping painted robin from BirbNation. One sphere. One clock. Minted on Robinhood Chain.,1121.gif,White,Brown,Wink,None
1122,Birb #1122,A looping painted robin from BirbNation. One sphere. One clock. Minted on Robinhood Chain.,1122.gif,Sky,Brown,Normal,Bow
1123,Birb #1123,A looping painted robin from BirbNation. One sphere. One clock. Minted on Robinhood Chain.,1123.gif,Space,Snow,Angry,None
1124,Birb #1124,A looping painted robin from BirbNation. One sphere. One clock. Minted on Robinhood Chain.,1124.gif,Sky,Green,Sleepy,None
1125,Birb #1125,A looping painted robin from BirbNation. One sphere. One clock. Minted on Robinhood Chain.,1125.gif,Dusk,Brown,Normal,Bandana
1126,Birb #1126,A looping painted robin from BirbNation. One sphere. One clock. Minted on Robinhood Chain.,1126.gif,Peach,Brown,Starry,Crown
1127,Birb #1127,A looping painted robin from BirbNation. One sphere. One clock. Minted on Robinhood Chain.,1127.gif,Blush,Pink,Angry,Crown
1128,Birb #1128,A looping painted robin from BirbNation. One sphere. One clock. Minted on Robinhood Chain.,1128.gif,White,Void,Starry,Hat
1129,Birb #1129,A looping painted robin from BirbNation. One sphere. One clock. Minted on Robinhood Chain.,1129.gif,Sky,Pink,Blep,Leaf
1130,Birb #1130,A looping painted robin from BirbNation. One sphere. One clock. Minted on Robinhood Chain.,1130.gif,Dusk,Green,Sparkly,Flower
1131,Birb #1131,A looping painted robin from BirbNation. One sphere. One clock. Minted on Robinhood Chain.,1131.gif,Mint,Frost,Normal,Bow
1132,Birb #1132,A looping painted robin from BirbNation. One sphere. One clock. Minted on Robinhood Chain.,1132.gif,Peach,Pink,Wink,Berry
1133,Birb #1133,A looping painted robin from BirbNation. One sphere. One clock. Minted on Robinhood Chain.,1133.gif,Blush,Brown,Angry,Bandana
1134,Birb #1134,A looping painted robin from BirbNation. One sphere. One clock. Minted on Robinhood Chain.,1134.gif,Forest,Brown,Normal,Bandana
1135,Birb #1135,A looping painted robin from BirbNation. One sphere. One clock. Minted on Robinhood Chain.,1135.gif,Sky,Rainbow,Sleepy,Bandana
1136,Birb #1136,A looping painted robin from BirbNation. One sphere. One clock. Minted on Robinhood Chain.,1136.gif,Dusk,Brown,Normal,Worm
1137,Birb #1137,A looping painted robin from BirbNation. One sphere. One clock. Minted on Robinhood Chain.,1137.gif,White,Snow,Blep,Bandana
1138,Birb #1138,A looping painted robin from BirbNation. One sphere. One clock. Minted on Robinhood Chain.,1138.gif,Mint,Brown,Wide,Leaf
1139,Birb #1139,A looping painted robin from BirbNation. One sphere. One clock. Minted on Robinhood Chain.,1139.gif,Blush,Snow,Angry,None
1140,Birb #1140,A looping painted robin from BirbNation. One sphere. One clock. Minted on Robinhood Chain.,1140.gif,Cream,Frost,Blep,Flower
1141,Birb #1141,A looping painted robin from BirbNation. One sphere. One clock. Minted on Robinhood Chain.,1141.gif,Blush,Dusk,Angry,Bandana
1142,Birb #1142,A looping painted robin from BirbNation. One sphere. One clock. Minted on Robinhood Chain.,1142.gif,White,Pink,Sparkly,None
1143,Birb #1143,A looping painted robin from BirbNation. One sphere. One clock. Minted on Robinhood Chain.,1143.gif,Cream,Rainbow,Sparkly,Leaf
1144,Birb #1144,A looping painted robin from BirbNation. One sphere. One clock. Minted on Robinhood Chain.,1144.gif,Peach,Pink,Angry,Bandana
1145,Birb #1145,A looping painted robin from BirbNation. One sphere. One clock. Minted on Robinhood Chain.,1145.gif,Peach,Gold,Sad,None
1146,Birb #1146,A looping painted robin from BirbNation. One sphere. One clock. Minted on Robinhood Chain.,1146.gif,Mint,Gold,Normal,Hat
1147,Birb #1147,A looping painted robin from BirbNation. One sphere. One clock. Minted on Robinhood Chain.,1147.gif,Cream,Green,Wide,Flower
1148,Birb #1148,A looping painted robin from BirbNation. One sphere. One clock. Minted on Robinhood Chain.,1148.gif,Dusk,Pink,Heart,Bow
1149,Birb #1149,A looping painted robin from BirbNation. One sphere. One clock. Minted on Robinhood Chain.,1149.gif,Sky,Brown,Sparkly,Crown
1150,Birb #1150,A looping painted robin from BirbNation. One sphere. One clock. Minted on Robinhood Chain.,1150.gif,Blush,Gold,Sparkly,Bow
1151,Birb #1151,A looping painted robin from BirbNation. One sphere. One clock. Minted on Robinhood Chain.,1151.gif,Mint,Frost,Blep,Berry
1152,Birb #1152,A looping painted robin from BirbNation. One sphere. One clock. Minted on Robinhood Chain.,1152.gif,Peach,Pink,Normal,Flower
1153,Birb #1153,A looping painted robin from BirbNation. One sphere. One clock. Minted on Robinhood Chain.,1153.gif,Blush,Brown,Normal,Crown
1154,Birb #1154,A looping painted robin from BirbNation. One sphere. One clock. Minted on Robinhood Chain.,1154.gif,Peach,Dusk,Sad,Bow
1155,Birb #1155,A looping painted robin from BirbNation. One sphere. One clock. Minted on Robinhood Chain.,1155.gif,Cream,Pink,Sparkly,Berry
1156,Birb #1156,A looping painted robin from BirbNation. One sphere. One clock. Minted on Robinhood Chain.,1156.gif,Peach,Green,Sleepy,Leaf
1157,Birb #1157,A looping painted robin from BirbNation. One sphere. One clock. Minted on Robinhood Chain.,1157.gif,White,Blue,Angry,Worm
1158,Birb #1158,A looping painted robin from BirbNation. One sphere. One clock. Minted on Robinhood Chain.,1158.gif,Mint,Brown,Angry,None
1159,Birb #1159,A looping painted robin from BirbNation. One sphere. One clock. Minted on Robinhood Chain.,1159.gif,Forest,Snow,Heart,Worm
1160,Birb #1160,A looping painted robin from BirbNation. One sphere. One clock. Minted on Robinhood Chain.,1160.gif,White,Snow,Wide,None
1161,Birb #1161,A looping painted robin from BirbNation. One sphere. One clock. Minted on Robinhood Chain.,1161.gif,Forest,Gold,Blep,Berry
1162,Birb #1162,A looping painted robin from BirbNation. One sphere. One clock. Minted on Robinhood Chain.,1162.gif,Cream,Snow,Normal,Bandana
1163,Birb #1163,A looping painted robin from BirbNation. One sphere. One clock. Minted on Robinhood Chain.,1163.gif,Space,Void,Wink,None
1164,Birb #1164,A looping painted robin from BirbNation. One sphere. One clock. Minted on Robinhood Chain.,1164.gif,Sky,Gold,Blep,None
1165,Birb #1165,A looping painted robin from BirbNation. One sphere. One clock. Minted on Robinhood Chain.,1165.gif,Cream,Blue,Sparkly,Bandana
1166,Birb #1166,A looping painted robin from BirbNation. One sphere. One clock. Minted on Robinhood Chain.,1166.gif,White,Rainbow,Heart,None
1167,Birb #1167,A looping painted robin from BirbNation. One sphere. One clock. Minted on Robinhood Chain.,1167.gif,White,Blue,Angry,Crown
1168,Birb #1168,A looping painted robin from BirbNation. One sphere. One clock. Minted on Robinhood Chain.,1168.gif,Cream,Frost,Heart,None
1169,Birb #1169,A looping painted robin from BirbNation. One sphere. One clock. Minted on Robinhood Chain.,1169.gif,Peach,Rainbow,Sparkly,Bandana
1170,Birb #1170,A looping painted robin from BirbNation. One sphere. One clock. Minted on Robinhood Chain.,1170.gif,Cream,Pink,Blep,Berry
1171,Birb #1171,A looping painted robin from BirbNation. One sphere. One clock. Minted on Robinhood Chain.,1171.gif,White,Brown,Sparkly,Flower
1172,Birb #1172,A looping painted robin from BirbNation. One sphere. One clock. Minted on Robinhood Chain.,1172.gif,Dusk,Blue,Angry,Leaf
1173,Birb #1173,A looping painted robin from BirbNation. One sphere. One clock. Minted on Robinhood Chain.,1173.gif,White,Gold,Blep,Bandana
1174,Birb #1174,A looping painted robin from BirbNation. One sphere. One clock. Minted on Robinhood Chain.,1174.gif,Sky,Snow,Sleepy,Bandana
1175,Birb #1175,A looping painted robin from BirbNation. One sphere. One clock. Minted on Robinhood Chain.,1175.gif,Dusk,Green,Blep,None
1176,Birb #1176,A looping painted robin from BirbNation. One sphere. One clock. Minted on Robinhood Chain.,1176.gif,Forest,Pink,Blep,Worm
1177,Birb #1177,A looping painted robin from BirbNation. One sphere. One clock. Minted on Robinhood Chain.,1177.gif,Sky,Brown,Sad,Bow
1178,Birb #1178,A looping painted robin from BirbNation. One sphere. One clock. Minted on Robinhood Chain.,1178.gif,Sky,Brown,Wide,Berry
1179,Birb #1179,A looping painted robin from BirbNation. One sphere. One clock. Minted on Robinhood Chain.,1179.gif,Forest,Pink,Angry,Bandana
1180,Birb #1180,A looping painted robin from BirbNation. One sphere. One clock. Minted on Robinhood Chain.,1180.gif,Cream,Gold,Blep,Hat
1181,Birb #1181,A looping painted robin from BirbNation. One sphere. One clock. Minted on Robinhood Chain.,1181.gif,Space,Void,Blep,None
1182,Birb #1182,A looping painted robin from BirbNation. One sphere. One clock. Minted on Robinhood Chain.,1182.gif,White,Gold,Starry,Worm
1183,Birb #1183,A looping painted robin from BirbNation. One sphere. One clock. Minted on Robinhood Chain.,1183.gif,White,Gold,Normal,Bow
1184,Birb #1184,A looping painted robin from BirbNation. One sphere. One clock. Minted on Robinhood Chain.,1184.gif,Dusk,Blue,Blep,Hat
1185,Birb #1185,A looping painted robin from BirbNation. One sphere. One clock. Minted on Robinhood Chain.,1185.gif,Mint,Rainbow,Sleepy,Flower
1186,Birb #1186,A looping painted robin from BirbNation. One sphere. One clock. Minted on Robinhood Chain.,1186.gif,White,Pink,Wide,None
1187,Birb #1187,A looping painted robin from BirbNation. One sphere. One clock. Minted on Robinhood Chain.,1187.gif,Blush,Gold,Starry,Worm
1188,Birb #1188,A looping painted robin from BirbNation. One sphere. One clock. Minted on Robinhood Chain.,1188.gif,White,Gold,Sad,Berry
1189,Birb #1189,A looping painted robin from BirbNation. One sphere. One clock. Minted on Robinhood Chain.,1189.gif,Mint,Pink,Blep,None
1190,Birb #1190,A looping painted robin from BirbNation. One sphere. One clock. Minted on Robinhood Chain.,1190.gif,Dusk,Pink,Normal,Hat
1191,Birb #1191,A looping painted robin from BirbNation. One sphere. One clock. Minted on Robinhood Chain.,1191.gif,Mint,Blue,Normal,Berry
1192,Birb #1192,A looping painted robin from BirbNation. One sphere. One clock. Minted on Robinhood Chain.,1192.gif,White,Blue,Sparkly,Hat
1193,Birb #1193,A looping painted robin from BirbNation. One sphere. One clock. Minted on Robinhood Chain.,1193.gif,White,Dusk,Angry,None
1194,Birb #1194,A looping painted robin from BirbNation. One sphere. One clock. Minted on Robinhood Chain.,1194.gif,Blush,Blue,Sleepy,Leaf
1195,Birb #1195,A looping painted robin from BirbNation. One sphere. One clock. Minted on Robinhood Chain.,1195.gif,Peach,Brown,Blep,Bandana
1196,Birb #1196,A looping painted robin from BirbNation. One sphere. One clock. Minted on Robinhood Chain.,1196.gif,Sky,Snow,Blep,Leaf
1197,Birb #1197,A looping painted robin from BirbNation. One sphere. One clock. Minted on Robinhood Chain.,1197.gif,Space,Dusk,Blep,Leaf
1198,Birb #1198,A looping painted robin from BirbNation. One sphere. One clock. Minted on Robinhood Chain.,1198.gif,Blush,Blue,Normal,None
1199,Birb #1199,A looping painted robin from BirbNation. One sphere. One clock. Minted on Robinhood Chain.,1199.gif,Sky,Gold,Normal,None
1200,Birb #1200,A looping painted robin from BirbNation. One sphere. One clock. Minted on Robinhood Chain.,1200.gif,Blush,Brown,Heart,Bandana
1201,Birb #1201,A looping painted robin from BirbNation. One sphere. One clock. Minted on Robinhood Chain.,1201.gif,Forest,Dusk,Wink,Bow
1202,Birb #1202,A looping painted robin from BirbNation. One sphere. One clock. Minted on Robinhood Chain.,1202.gif,Cream,Gold,Normal,Berry
1203,Birb #1203,A looping painted robin from BirbNation. One sphere. One clock. Minted on Robinhood Chain.,1203.gif,Cream,Pink,Normal,Flower
1204,Birb #1204,A looping painted robin from BirbNation. One sphere. One clock. Minted on Robinhood Chain.,1204.gif,Mint,Blue,Blep,Hat
1205,Birb #1205,A looping painted robin from BirbNation. One sphere. One clock. Minted on Robinhood Chain.,1205.gif,Peach,Pink,Sleepy,Hat
1206,Birb #1206,A looping painted robin from BirbNation. One sphere. One clock. Minted on Robinhood Chain.,1206.gif,Mint,Brown,Sparkly,Bandana
1207,Birb #1207,A looping painted robin from BirbNation. One sphere. One clock. Minted on Robinhood Chain.,1207.gif,White,Blue,Angry,Leaf
1208,Birb #1208,A looping painted robin from BirbNation. One sphere. One clock. Minted on Robinhood Chain.,1208.gif,Mint,Pink,Sad,Berry
1209,Birb #1209,A looping painted robin from BirbNation. One sphere. One clock. Minted on Robinhood Chain.,1209.gif,Mint,Green,Sparkly,Worm
1210,Birb #1210,A looping painted robin from BirbNation. One sphere. One clock. Minted on Robinhood Chain.,1210.gif,Cream,Void,Blep,Leaf
1211,Birb #1211,A looping painted robin from BirbNation. One sphere. One clock. Minted on Robinhood Chain.,1211.gif,White,Pink,Blep,Leaf
1212,Birb #1212,A looping painted robin from BirbNation. One sphere. One clock. Minted on Robinhood Chain.,1212.gif,Cream,Gold,Normal,Flower
1213,Birb #1213,A looping painted robin from BirbNation. One sphere. One clock. Minted on Robinhood Chain.,1213.gif,Cream,Green,Sparkly,Bandana
1214,Birb #1214,A looping painted robin from BirbNation. One sphere. One clock. Minted on Robinhood Chain.,1214.gif,Peach,Brown,Wink,None
1215,Birb #1215,A looping painted robin from BirbNation. One sphere. One clock. Minted on Robinhood Chain.,1215.gif,Space,Brown,Wink,None
1216,Birb #1216,A looping painted robin from BirbNation. One sphere. One clock. Minted on Robinhood Chain.,1216.gif,Dusk,Gold,Sleepy,None
1217,Birb #1217,A looping painted robin from BirbNation. One sphere. One clock. Minted on Robinhood Chain.,1217.gif,White,Brown,Normal,Berry
1218,Birb #1218,A looping painted robin from BirbNation. One sphere. One clock. Minted on Robinhood Chain.,1218.gif,Blush,Brown,Wink,Hat
1219,Birb #1219,A looping painted robin from BirbNation. One sphere. One clock. Minted on Robinhood Chain.,1219.gif,Space,Snow,Angry,Flower
1220,Birb #1220,A looping painted robin from BirbNation. One sphere. One clock. Minted on Robinhood Chain.,1220.gif,White,Gold,Blep,Bow
1221,Birb #1221,A looping painted robin from BirbNation. One sphere. One clock. Minted on Robinhood Chain.,1221.gif,Dusk,Green,Normal,None
1222,Birb #1222,A looping painted robin from BirbNation. One sphere. One clock. Minted on Robinhood Chain.,1222.gif,Blush,Rainbow,Starry,Flower
1223,Birb #1223,A looping painted robin from BirbNation. One sphere. One clock. Minted on Robinhood Chain.,1223.gif,Mint,Void,Sleepy,Crown
1224,Birb #1224,A looping painted robin from BirbNation. One sphere. One clock. Minted on Robinhood Chain.,1224.gif,Space,Dusk,Sleepy,Crown
1225,Birb #1225,A looping painted robin from BirbNation. One sphere. One clock. Minted on Robinhood Chain.,1225.gif,Mint,Green,Angry,None
1226,Birb #1226,A looping painted robin from BirbNation. One sphere. One clock. Minted on Robinhood Chain.,1226.gif,Dusk,Frost,Normal,Flower
1227,Birb #1227,A looping painted robin from BirbNation. One sphere. One clock. Minted on Robinhood Chain.,1227.gif,Mint,Void,Normal,None
1228,Birb #1228,A looping painted robin from BirbNation. One sphere. One clock. Minted on Robinhood Chain.,1228.gif,Sky,Gold,Blep,Bandana
1229,Birb #1229,A looping painted robin from BirbNation. One sphere. One clock. Minted on Robinhood Chain.,1229.gif,Forest,Gold,Sleepy,Crown
1230,Birb #1230,A looping painted robin from BirbNation. One sphere. One clock. Minted on Robinhood Chain.,1230.gif,Mint,Dusk,Sad,None
1231,Birb #1231,A looping painted robin from BirbNation. One sphere. One clock. Minted on Robinhood Chain.,1231.gif,Space,Dusk,Sparkly,None
1232,Birb #1232,A looping painted robin from BirbNation. One sphere. One clock. Minted on Robinhood Chain.,1232.gif,Forest,Blue,Wide,Bow
1233,Birb #1233,A looping painted robin from BirbNation. One sphere. One clock. Minted on Robinhood Chain.,1233.gif,Dusk,Brown,Starry,Hat
1234,Birb #1234,A looping painted robin from BirbNation. One sphere. One clock. Minted on Robinhood Chain.,1234.gif,Blush,Brown,Sleepy,Berry
1235,Birb #1235,A looping painted robin from BirbNation. One sphere. One clock. Minted on Robinhood Chain.,1235.gif,Blush,Pink,Blep,Crown
1236,Birb #1236,A looping painted robin from BirbNation. One sphere. One clock. Minted on Robinhood Chain.,1236.gif,Sky,Blue,Starry,Flower
1237,Birb #1237,A looping painted robin from BirbNation. One sphere. One clock. Minted on Robinhood Chain.,1237.gif,Peach,Blue,Normal,Berry
1238,Birb #1238,A looping painted robin from BirbNation. One sphere. One clock. Minted on Robinhood Chain.,1238.gif,Peach,Blue,Sad,None
1239,Birb #1239,A looping painted robin from BirbNation. One sphere. One clock. Minted on Robinhood Chain.,1239.gif,Peach,Snow,Blep,Bow
1240,Birb #1240,A looping painted robin from BirbNation. One sphere. One clock. Minted on Robinhood Chain.,1240.gif,Forest,Snow,Blep,None
1241,Birb #1241,A looping painted robin from BirbNation. One sphere. One clock. Minted on Robinhood Chain.,1241.gif,Mint,Rainbow,Blep,Bow
1242,Birb #1242,A looping painted robin from BirbNation. One sphere. One clock. Minted on Robinhood Chain.,1242.gif,Dusk,Pink,Normal,Leaf
1243,Birb #1243,A looping painted robin from BirbNation. One sphere. One clock. Minted on Robinhood Chain.,1243.gif,White,Rainbow,Blep,Hat
1244,Birb #1244,A looping painted robin from BirbNation. One sphere. One clock. Minted on Robinhood Chain.,1244.gif,Sky,Brown,Normal,Bandana
1245,Birb #1245,A looping painted robin from BirbNation. One sphere. One clock. Minted on Robinhood Chain.,1245.gif,Mint,Brown,Normal,Bow
1246,Birb #1246,A looping painted robin from BirbNation. One sphere. One clock. Minted on Robinhood Chain.,1246.gif,Cream,Brown,Sad,Crown
1247,Birb #1247,A looping painted robin from BirbNation. One sphere. One clock. Minted on Robinhood Chain.,1247.gif,Space,Brown,Heart,None
1248,Birb #1248,A looping painted robin from BirbNation. One sphere. One clock. Minted on Robinhood Chain.,1248.gif,Dusk,Gold,Blep,Bow
1249,Birb #1249,A looping painted robin from BirbNation. One sphere. One clock. Minted on Robinhood Chain.,1249.gif,Dusk,Frost,Blep,Flower
1250,Birb #1250,A looping painted robin from BirbNation. One sphere. One clock. Minted on Robinhood Chain.,1250.gif,Cream,Brown,Starry,Worm
1251,Birb #1251,A looping painted robin from BirbNation. One sphere. One clock. Minted on Robinhood Chain.,1251.gif,Space,Frost,Wink,Worm
1252,Birb #1252,A looping painted robin from BirbNation. One sphere. One clock. Minted on Robinhood Chain.,1252.gif,Blush,Green,Wink,Hat
1253,Birb #1253,A looping painted robin from BirbNation. One sphere. One clock. Minted on Robinhood Chain.,1253.gif,Sky,Pink,Blep,Berry
1254,Birb #1254,A looping painted robin from BirbNation. One sphere. One clock. Minted on Robinhood Chain.,1254.gif,Blush,Dusk,Wink,Bow
1255,Birb #1255,A looping painted robin from BirbNation. One sphere. One clock. Minted on Robinhood Chain.,1255.gif,Blush,Green,Sparkly,Berry
1256,Birb #1256,A looping painted robin from BirbNation. One sphere. One clock. Minted on Robinhood Chain.,1256.gif,Blush,Brown,Normal,Leaf
1257,Birb #1257,A looping painted robin from BirbNation. One sphere. One clock. Minted on Robinhood Chain.,1257.gif,Blush,Green,Blep,None
1258,Birb #1258,A looping painted robin from BirbNation. One sphere. One clock. Minted on Robinhood Chain.,1258.gif,White,Rainbow,Blep,Berry
1259,Birb #1259,A looping painted robin from BirbNation. One sphere. One clock. Minted on Robinhood Chain.,1259.gif,Mint,Brown,Normal,Berry
1260,Birb #1260,A looping painted robin from BirbNation. One sphere. One clock. Minted on Robinhood Chain.,1260.gif,Forest,Void,Wide,None
1261,Birb #1261,A looping painted robin from BirbNation. One sphere. One clock. Minted on Robinhood Chain.,1261.gif,Blush,Snow,Sad,Leaf
1262,Birb #1262,A looping painted robin from BirbNation. One sphere. One clock. Minted on Robinhood Chain.,1262.gif,Mint,Pink,Blep,Bow
1263,Birb #1263,A looping painted robin from BirbNation. One sphere. One clock. Minted on Robinhood Chain.,1263.gif,Mint,Brown,Sad,Flower
1264,Birb #1264,A looping painted robin from BirbNation. One sphere. One clock. Minted on Robinhood Chain.,1264.gif,Dusk,Snow,Sleepy,Leaf
1265,Birb #1265,A looping painted robin from BirbNation. One sphere. One clock. Minted on Robinhood Chain.,1265.gif,White,Rainbow,Sparkly,None
1266,Birb #1266,A looping painted robin from BirbNation. One sphere. One clock. Minted on Robinhood Chain.,1266.gif,Forest,Blue,Blep,Berry
1267,Birb #1267,A looping painted robin from BirbNation. One sphere. One clock. Minted on Robinhood Chain.,1267.gif,Cream,Brown,Wink,Crown
1268,Birb #1268,A looping painted robin from BirbNation. One sphere. One clock. Minted on Robinhood Chain.,1268.gif,Cream,Green,Normal,Hat
1269,Birb #1269,A looping painted robin from BirbNation. One sphere. One clock. Minted on Robinhood Chain.,1269.gif,Blush,Pink,Wink,None
1270,Birb #1270,A looping painted robin from BirbNation. One sphere. One clock. Minted on Robinhood Chain.,1270.gif,Peach,Snow,Normal,Hat
1271,Birb #1271,A looping painted robin from BirbNation. One sphere. One clock. Minted on Robinhood Chain.,1271.gif,Sky,Rainbow,Sleepy,Hat
1272,Birb #1272,A looping painted robin from BirbNation. One sphere. One clock. Minted on Robinhood Chain.,1272.gif,Cream,Brown,Heart,None
1273,Birb #1273,A looping painted robin from BirbNation. One sphere. One clock. Minted on Robinhood Chain.,1273.gif,Forest,Blue,Wide,Hat
1274,Birb #1274,A looping painted robin from BirbNation. One sphere. One clock. Minted on Robinhood Chain.,1274.gif,Blush,Blue,Wink,Hat
1275,Birb #1275,A looping painted robin from BirbNation. One sphere. One clock. Minted on Robinhood Chain.,1275.gif,Peach,Gold,Wide,Bow
1276,Birb #1276,A looping painted robin from BirbNation. One sphere. One clock. Minted on Robinhood Chain.,1276.gif,Space,Snow,Sparkly,Worm
1277,Birb #1277,A looping painted robin from BirbNation. One sphere. One clock. Minted on Robinhood Chain.,1277.gif,Blush,Brown,Wide,Hat
1278,Birb #1278,A looping painted robin from BirbNation. One sphere. One clock. Minted on Robinhood Chain.,1278.gif,Dusk,Green,Blep,Hat
1279,Birb #1279,A looping painted robin from BirbNation. One sphere. One clock. Minted on Robinhood Chain.,1279.gif,Sky,Gold,Blep,Worm
1280,Birb #1280,A looping painted robin from BirbNation. One sphere. One clock. Minted on Robinhood Chain.,1280.gif,Blush,Green,Wide,Crown
1281,Birb #1281,A looping painted robin from BirbNation. One sphere. One clock. Minted on Robinhood Chain.,1281.gif,Cream,Green,Wink,None
1282,Birb #1282,A looping painted robin from BirbNation. One sphere. One clock. Minted on Robinhood Chain.,1282.gif,Blush,Gold,Starry,None
1283,Birb #1283,A looping painted robin from BirbNation. One sphere. One clock. Minted on Robinhood Chain.,1283.gif,Peach,Brown,Starry,Bandana
1284,Birb #1284,A looping painted robin from BirbNation. One sphere. One clock. Minted on Robinhood Chain.,1284.gif,Peach,Snow,Wide,Flower
1285,Birb #1285,A looping painted robin from BirbNation. One sphere. One clock. Minted on Robinhood Chain.,1285.gif,Mint,Green,Wide,Flower
1286,Birb #1286,A looping painted robin from BirbNation. One sphere. One clock. Minted on Robinhood Chain.,1286.gif,Blush,Void,Angry,None
1287,Birb #1287,A looping painted robin from BirbNation. One sphere. One clock. Minted on Robinhood Chain.,1287.gif,Blush,Snow,Wide,None
1288,Birb #1288,A looping painted robin from BirbNation. One sphere. One clock. Minted on Robinhood Chain.,1288.gif,Forest,Rainbow,Sparkly,Bandana
1289,Birb #1289,A looping painted robin from BirbNation. One sphere. One clock. Minted on Robinhood Chain.,1289.gif,Mint,Brown,Starry,None
1290,Birb #1290,A looping painted robin from BirbNation. One sphere. One clock. Minted on Robinhood Chain.,1290.gif,White,Green,Blep,Flower
1291,Birb #1291,A looping painted robin from BirbNation. One sphere. One clock. Minted on Robinhood Chain.,1291.gif,White,Gold,Heart,None
1292,Birb #1292,A looping painted robin from BirbNation. One sphere. One clock. Minted on Robinhood Chain.,1292.gif,Blush,Dusk,Normal,Flower
1293,Birb #1293,A looping painted robin from BirbNation. One sphere. One clock. Minted on Robinhood Chain.,1293.gif,Forest,Pink,Sparkly,Worm
1294,Birb #1294,A looping painted robin from BirbNation. One sphere. One clock. Minted on Robinhood Chain.,1294.gif,White,Blue,Angry,None
1295,Birb #1295,A looping painted robin from BirbNation. One sphere. One clock. Minted on Robinhood Chain.,1295.gif,Mint,Gold,Blep,None
1296,Birb #1296,A looping painted robin from BirbNation. One sphere. One clock. Minted on Robinhood Chain.,1296.gif,Space,Gold,Sparkly,None
1297,Birb #1297,A looping painted robin from BirbNation. One sphere. One clock. Minted on Robinhood Chain.,1297.gif,Forest,Blue,Blep,Worm
1298,Birb #1298,A looping painted robin from BirbNation. One sphere. One clock. Minted on Robinhood Chain.,1298.gif,Dusk,Rainbow,Sleepy,None
1299,Birb #1299,A looping painted robin from BirbNation. One sphere. One clock. Minted on Robinhood Chain.,1299.gif,Dusk,Brown,Starry,Leaf
1300,Birb #1300,A looping painted robin from BirbNation. One sphere. One clock. Minted on Robinhood Chain.,1300.gif,White,Brown,Blep,Berry
1301,Birb #1301,A looping painted robin from BirbNation. One sphere. One clock. Minted on Robinhood Chain.,1301.gif,Blush,Pink,Sparkly,Bandana
1302,Birb #1302,A looping painted robin from BirbNation. One sphere. One clock. Minted on Robinhood Chain.,1302.gif,Cream,Frost,Angry,None
1303,Birb #1303,A looping painted robin from BirbNation. One sphere. One clock. Minted on Robinhood Chain.,1303.gif,Blush,Brown,Sparkly,Flower
1304,Birb #1304,A looping painted robin from BirbNation. One sphere. One clock. Minted on Robinhood Chain.,1304.gif,Blush,Brown,Sleepy,Bandana
1305,Birb #1305,A looping painted robin from BirbNation. One sphere. One clock. Minted on Robinhood Chain.,1305.gif,Blush,Frost,Sparkly,Flower
1306,Birb #1306,A looping painted robin from BirbNation. One sphere. One clock. Minted on Robinhood Chain.,1306.gif,Mint,Brown,Starry,Bow
1307,Birb #1307,A looping painted robin from BirbNation. One sphere. One clock. Minted on Robinhood Chain.,1307.gif,White,Green,Wink,None
1308,Birb #1308,A looping painted robin from BirbNation. One sphere. One clock. Minted on Robinhood Chain.,1308.gif,White,Rainbow,Wink,Hat
1309,Birb #1309,A looping painted robin from BirbNation. One sphere. One clock. Minted on Robinhood Chain.,1309.gif,Sky,Green,Wide,None
1310,Birb #1310,A looping painted robin from BirbNation. One sphere. One clock. Minted on Robinhood Chain.,1310.gif,Space,Brown,Sparkly,Bandana
1311,Birb #1311,A looping painted robin from BirbNation. One sphere. One clock. Minted on Robinhood Chain.,1311.gif,Blush,Frost,Sparkly,Berry
1312,Birb #1312,A looping painted robin from BirbNation. One sphere. One clock. Minted on Robinhood Chain.,1312.gif,White,Green,Wide,Crown
1313,Birb #1313,A looping painted robin from BirbNation. One sphere. One clock. Minted on Robinhood Chain.,1313.gif,Cream,Dusk,Sparkly,Hat
1314,Birb #1314,A looping painted robin from BirbNation. One sphere. One clock. Minted on Robinhood Chain.,1314.gif,Forest,Frost,Angry,Worm
1315,Birb #1315,A looping painted robin from BirbNation. One sphere. One clock. Minted on Robinhood Chain.,1315.gif,Dusk,Gold,Blep,Flower
1316,Birb #1316,A looping painted robin from BirbNation. One sphere. One clock. Minted on Robinhood Chain.,1316.gif,Cream,Snow,Angry,Berry
1317,Birb #1317,A looping painted robin from BirbNation. One sphere. One clock. Minted on Robinhood Chain.,1317.gif,Forest,Pink,Starry,Flower
1318,Birb #1318,A looping painted robin from BirbNation. One sphere. One clock. Minted on Robinhood Chain.,1318.gif,Forest,Green,Starry,Bandana
1319,Birb #1319,A looping painted robin from BirbNation. One sphere. One clock. Minted on Robinhood Chain.,1319.gif,Peach,Gold,Normal,Leaf
1320,Birb #1320,A looping painted robin from BirbNation. One sphere. One clock. Minted on Robinhood Chain.,1320.gif,Space,Blue,Blep,Bow
1321,Birb #1321,A looping painted robin from BirbNation. One sphere. One clock. Minted on Robinhood Chain.,1321.gif,Peach,Blue,Normal,Worm
1322,Birb #1322,A looping painted robin from BirbNation. One sphere. One clock. Minted on Robinhood Chain.,1322.gif,White,Rainbow,Angry,Berry
1323,Birb #1323,A looping painted robin from BirbNation. One sphere. One clock. Minted on Robinhood Chain.,1323.gif,Mint,Gold,Blep,Worm
1324,Birb #1324,A looping painted robin from BirbNation. One sphere. One clock. Minted on Robinhood Chain.,1324.gif,White,Void,Normal,Hat
1325,Birb #1325,A looping painted robin from BirbNation. One sphere. One clock. Minted on Robinhood Chain.,1325.gif,Mint,Rainbow,Blep,Worm
1326,Birb #1326,A looping painted robin from BirbNation. One sphere. One clock. Minted on Robinhood Chain.,1326.gif,Cream,Green,Angry,Bow
1327,Birb #1327,A looping painted robin from BirbNation. One sphere. One clock. Minted on Robinhood Chain.,1327.gif,Sky,Green,Angry,None
1328,Birb #1328,A looping painted robin from BirbNation. One sphere. One clock. Minted on Robinhood Chain.,1328.gif,Sky,Brown,Wink,Hat
1329,Birb #1329,A looping painted robin from BirbNation. One sphere. One clock. Minted on Robinhood Chain.,1329.gif,Sky,Blue,Angry,None
1330,Birb #1330,A looping painted robin from BirbNation. One sphere. One clock. Minted on Robinhood Chain.,1330.gif,Sky,Green,Wink,Flower
1331,Birb #1331,A looping painted robin from BirbNation. One sphere. One clock. Minted on Robinhood Chain.,1331.gif,Peach,Brown,Angry,Bow
1332,Birb #1332,A looping painted robin from BirbNation. One sphere. One clock. Minted on Robinhood Chain.,1332.gif,Space,Pink,Sad,None
1333,Birb #1333,A looping painted robin from BirbNation. One sphere. One clock. Minted on Robinhood Chain.,1333.gif,Peach,Rainbow,Sparkly,Crown
1334,Birb #1334,A looping painted robin from BirbNation. One sphere. One clock. Minted on Robinhood Chain.,1334.gif,Dusk,Blue,Sleepy,Hat
1335,Birb #1335,A looping painted robin from BirbNation. One sphere. One clock. Minted on Robinhood Chain.,1335.gif,Mint,Brown,Sparkly,Flower
1336,Birb #1336,A looping painted robin from BirbNation. One sphere. One clock. Minted on Robinhood Chain.,1336.gif,Sky,Dusk,Wink,Hat
1337,Birb #1337,A looping painted robin from BirbNation. One sphere. One clock. Minted on Robinhood Chain.,1337.gif,White,Green,Starry,Crown
1338,Birb #1338,A looping painted robin from BirbNation. One sphere. One clock. Minted on Robinhood Chain.,1338.gif,Forest,Brown,Normal,Hat
1339,Birb #1339,A looping painted robin from BirbNation. One sphere. One clock. Minted on Robinhood Chain.,1339.gif,Mint,Gold,Sad,Leaf
1340,Birb #1340,A looping painted robin from BirbNation. One sphere. One clock. Minted on Robinhood Chain.,1340.gif,Dusk,Pink,Sleepy,Bandana
1341,Birb #1341,A looping painted robin from BirbNation. One sphere. One clock. Minted on Robinhood Chain.,1341.gif,Forest,Green,Wink,Bandana
1342,Birb #1342,A looping painted robin from BirbNation. One sphere. One clock. Minted on Robinhood Chain.,1342.gif,Cream,Brown,Sparkly,Hat
1343,Birb #1343,A looping painted robin from BirbNation. One sphere. One clock. Minted on Robinhood Chain.,1343.gif,Sky,Blue,Sad,Leaf
1344,Birb #1344,A looping painted robin from BirbNation. One sphere. One clock. Minted on Robinhood Chain.,1344.gif,Sky,Snow,Blep,Flower
1345,Birb #1345,A looping painted robin from BirbNation. One sphere. One clock. Minted on Robinhood Chain.,1345.gif,Cream,Pink,Blep,Hat
1346,Birb #1346,A looping painted robin from BirbNation. One sphere. One clock. Minted on Robinhood Chain.,1346.gif,Dusk,Blue,Blep,None
1347,Birb #1347,A looping painted robin from BirbNation. One sphere. One clock. Minted on Robinhood Chain.,1347.gif,Space,Pink,Sad,Flower
1348,Birb #1348,A looping painted robin from BirbNation. One sphere. One clock. Minted on Robinhood Chain.,1348.gif,Blush,Pink,Normal,Berry
1349,Birb #1349,A looping painted robin from BirbNation. One sphere. One clock. Minted on Robinhood Chain.,1349.gif,White,Green,Sparkly,Bow
1350,Birb #1350,A looping painted robin from BirbNation. One sphere. One clock. Minted on Robinhood Chain.,1350.gif,Peach,Rainbow,Sparkly,Berry
1351,Birb #1351,A looping painted robin from BirbNation. One sphere. One clock. Minted on Robinhood Chain.,1351.gif,Peach,Pink,Blep,Hat
1352,Birb #1352,A looping painted robin from BirbNation. One sphere. One clock. Minted on Robinhood Chain.,1352.gif,Blush,Rainbow,Blep,Worm
1353,Birb #1353,A looping painted robin from BirbNation. One sphere. One clock. Minted on Robinhood Chain.,1353.gif,Sky,Blue,Angry,Crown
1354,Birb #1354,A looping painted robin from BirbNation. One sphere. One clock. Minted on Robinhood Chain.,1354.gif,Sky,Blue,Blep,Leaf
1355,Birb #1355,A looping painted robin from BirbNation. One sphere. One clock. Minted on Robinhood Chain.,1355.gif,Peach,Blue,Blep,Leaf
1356,Birb #1356,A looping painted robin from BirbNation. One sphere. One clock. Minted on Robinhood Chain.,1356.gif,Blush,Pink,Angry,None
1357,Birb #1357,A looping painted robin from BirbNation. One sphere. One clock. Minted on Robinhood Chain.,1357.gif,Blush,Dusk,Sleepy,None
1358,Birb #1358,A looping painted robin from BirbNation. One sphere. One clock. Minted on Robinhood Chain.,1358.gif,Sky,Dusk,Normal,None
1359,Birb #1359,A looping painted robin from BirbNation. One sphere. One clock. Minted on Robinhood Chain.,1359.gif,Mint,Dusk,Blep,Bow
1360,Birb #1360,A looping painted robin from BirbNation. One sphere. One clock. Minted on Robinhood Chain.,1360.gif,Mint,Rainbow,Wink,None
1361,Birb #1361,A looping painted robin from BirbNation. One sphere. One clock. Minted on Robinhood Chain.,1361.gif,Sky,Rainbow,Normal,Hat
1362,Birb #1362,A looping painted robin from BirbNation. One sphere. One clock. Minted on Robinhood Chain.,1362.gif,Sky,Blue,Sparkly,Leaf
1363,Birb #1363,A looping painted robin from BirbNation. One sphere. One clock. Minted on Robinhood Chain.,1363.gif,Peach,Rainbow,Wink,Bandana
1364,Birb #1364,A looping painted robin from BirbNation. One sphere. One clock. Minted on Robinhood Chain.,1364.gif,Blush,Green,Sleepy,Leaf
1365,Birb #1365,A looping painted robin from BirbNation. One sphere. One clock. Minted on Robinhood Chain.,1365.gif,Mint,Dusk,Heart,None
1366,Birb #1366,A looping painted robin from BirbNation. One sphere. One clock. Minted on Robinhood Chain.,1366.gif,Blush,Blue,Wink,Leaf
1367,Birb #1367,A looping painted robin from BirbNation. One sphere. One clock. Minted on Robinhood Chain.,1367.gif,Mint,Brown,Normal,Crown
1368,Birb #1368,A looping painted robin from BirbNation. One sphere. One clock. Minted on Robinhood Chain.,1368.gif,Sky,Blue,Sad,Flower
1369,Birb #1369,A looping painted robin from BirbNation. One sphere. One clock. Minted on Robinhood Chain.,1369.gif,Cream,Blue,Sparkly,Crown
1370,Birb #1370,A looping painted robin from BirbNation. One sphere. One clock. Minted on Robinhood Chain.,1370.gif,Space,Green,Angry,Hat
1371,Birb #1371,A looping painted robin from BirbNation. One sphere. One clock. Minted on Robinhood Chain.,1371.gif,Sky,Green,Wink,Worm
1372,Birb #1372,A looping painted robin from BirbNation. One sphere. One clock. Minted on Robinhood Chain.,1372.gif,Sky,Green,Heart,Hat
1373,Birb #1373,A looping painted robin from BirbNation. One sphere. One clock. Minted on Robinhood Chain.,1373.gif,Forest,Gold,Wink,Leaf
1374,Birb #1374,A looping painted robin from BirbNation. One sphere. One clock. Minted on Robinhood Chain.,1374.gif,Cream,Gold,Sleepy,Berry
1375,Birb #1375,A looping painted robin from BirbNation. One sphere. One clock. Minted on Robinhood Chain.,1375.gif,Sky,Brown,Sleepy,Hat
1376,Birb #1376,A looping painted robin from BirbNation. One sphere. One clock. Minted on Robinhood Chain.,1376.gif,Sky,Pink,Angry,Bandana
1377,Birb #1377,A looping painted robin from BirbNation. One sphere. One clock. Minted on Robinhood Chain.,1377.gif,Dusk,Brown,Wink,Leaf
1378,Birb #1378,A looping painted robin from BirbNation. One sphere. One clock. Minted on Robinhood Chain.,1378.gif,Mint,Brown,Blep,Bow
1379,Birb #1379,A looping painted robin from BirbNation. One sphere. One clock. Minted on Robinhood Chain.,1379.gif,Mint,Snow,Wink,None
1380,Birb #1380,A looping painted robin from BirbNation. One sphere. One clock. Minted on Robinhood Chain.,1380.gif,Space,Blue,Sleepy,Bow
1381,Birb #1381,A looping painted robin from BirbNation. One sphere. One clock. Minted on Robinhood Chain.,1381.gif,Space,Blue,Angry,Flower
1382,Birb #1382,A looping painted robin from BirbNation. One sphere. One clock. Minted on Robinhood Chain.,1382.gif,Blush,Gold,Angry,None
1383,Birb #1383,A looping painted robin from BirbNation. One sphere. One clock. Minted on Robinhood Chain.,1383.gif,Forest,Blue,Blep,Flower
1384,Birb #1384,A looping painted robin from BirbNation. One sphere. One clock. Minted on Robinhood Chain.,1384.gif,White,Rainbow,Blep,Bandana
1385,Birb #1385,A looping painted robin from BirbNation. One sphere. One clock. Minted on Robinhood Chain.,1385.gif,White,Snow,Blep,Berry
1386,Birb #1386,A looping painted robin from BirbNation. One sphere. One clock. Minted on Robinhood Chain.,1386.gif,White,Snow,Angry,Worm
1387,Birb #1387,A looping painted robin from BirbNation. One sphere. One clock. Minted on Robinhood Chain.,1387.gif,Forest,Blue,Starry,None
1388,Birb #1388,A looping painted robin from BirbNation. One sphere. One clock. Minted on Robinhood Chain.,1388.gif,Sky,Green,Starry,Berry
1389,Birb #1389,A looping painted robin from BirbNation. One sphere. One clock. Minted on Robinhood Chain.,1389.gif,Cream,Dusk,Sparkly,Worm
1390,Birb #1390,A looping painted robin from BirbNation. One sphere. One clock. Minted on Robinhood Chain.,1390.gif,Blush,Dusk,Sparkly,Bandana
1391,Birb #1391,A looping painted robin from BirbNation. One sphere. One clock. Minted on Robinhood Chain.,1391.gif,White,Gold,Wink,Berry
1392,Birb #1392,A looping painted robin from BirbNation. One sphere. One clock. Minted on Robinhood Chain.,1392.gif,White,Blue,Normal,None
1393,Birb #1393,A looping painted robin from BirbNation. One sphere. One clock. Minted on Robinhood Chain.,1393.gif,Forest,Blue,Normal,Bandana
1394,Birb #1394,A looping painted robin from BirbNation. One sphere. One clock. Minted on Robinhood Chain.,1394.gif,Sky,Rainbow,Angry,Berry
1395,Birb #1395,A looping painted robin from BirbNation. One sphere. One clock. Minted on Robinhood Chain.,1395.gif,Cream,Brown,Blep,Worm
1396,Birb #1396,A looping painted robin from BirbNation. One sphere. One clock. Minted on Robinhood Chain.,1396.gif,Cream,Dusk,Sleepy,Flower
1397,Birb #1397,A looping painted robin from BirbNation. One sphere. One clock. Minted on Robinhood Chain.,1397.gif,White,Snow,Wink,None
1398,Birb #1398,A looping painted robin from BirbNation. One sphere. One clock. Minted on Robinhood Chain.,1398.gif,Sky,Brown,Heart,Hat
1399,Birb #1399,A looping painted robin from BirbNation. One sphere. One clock. Minted on Robinhood Chain.,1399.gif,Cream,Rainbow,Blep,None
1400,Birb #1400,A looping painted robin from BirbNation. One sphere. One clock. Minted on Robinhood Chain.,1400.gif,White,Pink,Starry,Leaf
1401,Birb #1401,A looping painted robin from BirbNation. One sphere. One clock. Minted on Robinhood Chain.,1401.gif,White,Pink,Angry,None
1402,Birb #1402,A looping painted robin from BirbNation. One sphere. One clock. Minted on Robinhood Chain.,1402.gif,Blush,Blue,Starry,Bow
1403,Birb #1403,A looping painted robin from BirbNation. One sphere. One clock. Minted on Robinhood Chain.,1403.gif,Sky,Frost,Normal,Flower
1404,Birb #1404,A looping painted robin from BirbNation. One sphere. One clock. Minted on Robinhood Chain.,1404.gif,Forest,Gold,Normal,None
1405,Birb #1405,A looping painted robin from BirbNation. One sphere. One clock. Minted on Robinhood Chain.,1405.gif,White,Green,Wide,Flower
1406,Birb #1406,A looping painted robin from BirbNation. One sphere. One clock. Minted on Robinhood Chain.,1406.gif,Cream,Brown,Sleepy,Crown
1407,Birb #1407,A looping painted robin from BirbNation. One sphere. One clock. Minted on Robinhood Chain.,1407.gif,Mint,Brown,Wide,None
1408,Birb #1408,A looping painted robin from BirbNation. One sphere. One clock. Minted on Robinhood Chain.,1408.gif,White,Dusk,Sad,Bandana
1409,Birb #1409,A looping painted robin from BirbNation. One sphere. One clock. Minted on Robinhood Chain.,1409.gif,Blush,Brown,Sleepy,Flower
1410,Birb #1410,A looping painted robin from BirbNation. One sphere. One clock. Minted on Robinhood Chain.,1410.gif,Sky,Green,Sleepy,Bow
1411,Birb #1411,A looping painted robin from BirbNation. One sphere. One clock. Minted on Robinhood Chain.,1411.gif,Dusk,Green,Wide,None
1412,Birb #1412,A looping painted robin from BirbNation. One sphere. One clock. Minted on Robinhood Chain.,1412.gif,Blush,Blue,Angry,None
1413,Birb #1413,A looping painted robin from BirbNation. One sphere. One clock. Minted on Robinhood Chain.,1413.gif,Mint,Dusk,Sleepy,None
1414,Birb #1414,A looping painted robin from BirbNation. One sphere. One clock. Minted on Robinhood Chain.,1414.gif,Space,Gold,Sparkly,Bandana
1415,Birb #1415,A looping painted robin from BirbNation. One sphere. One clock. Minted on Robinhood Chain.,1415.gif,Sky,Pink,Sparkly,None
1416,Birb #1416,A looping painted robin from BirbNation. One sphere. One clock. Minted on Robinhood Chain.,1416.gif,White,Frost,Sleepy,None
1417,Birb #1417,A looping painted robin from BirbNation. One sphere. One clock. Minted on Robinhood Chain.,1417.gif,Sky,Void,Angry,None
1418,Birb #1418,A looping painted robin from BirbNation. One sphere. One clock. Minted on Robinhood Chain.,1418.gif,Peach,Brown,Sleepy,Bow
1419,Birb #1419,A looping painted robin from BirbNation. One sphere. One clock. Minted on Robinhood Chain.,1419.gif,Forest,Dusk,Wide,Leaf
1420,Birb #1420,A looping painted robin from BirbNation. One sphere. One clock. Minted on Robinhood Chain.,1420.gif,Cream,Void,Blep,None
1421,Birb #1421,A looping painted robin from BirbNation. One sphere. One clock. Minted on Robinhood Chain.,1421.gif,Peach,Dusk,Blep,None
1422,Birb #1422,A looping painted robin from BirbNation. One sphere. One clock. Minted on Robinhood Chain.,1422.gif,Cream,Gold,Wide,Crown
1423,Birb #1423,A looping painted robin from BirbNation. One sphere. One clock. Minted on Robinhood Chain.,1423.gif,Forest,Green,Sparkly,Bandana
1424,Birb #1424,A looping painted robin from BirbNation. One sphere. One clock. Minted on Robinhood Chain.,1424.gif,Cream,Frost,Wide,Bow
1425,Birb #1425,A looping painted robin from BirbNation. One sphere. One clock. Minted on Robinhood Chain.,1425.gif,Mint,Snow,Normal,Berry
1426,Birb #1426,A looping painted robin from BirbNation. One sphere. One clock. Minted on Robinhood Chain.,1426.gif,White,Gold,Angry,Hat
1427,Birb #1427,A looping painted robin from BirbNation. One sphere. One clock. Minted on Robinhood Chain.,1427.gif,Blush,Brown,Normal,Flower
1428,Birb #1428,A looping painted robin from BirbNation. One sphere. One clock. Minted on Robinhood Chain.,1428.gif,White,Frost,Wide,Bandana
1429,Birb #1429,A looping painted robin from BirbNation. One sphere. One clock. Minted on Robinhood Chain.,1429.gif,Sky,Brown,Normal,Berry
1430,Birb #1430,A looping painted robin from BirbNation. One sphere. One clock. Minted on Robinhood Chain.,1430.gif,Cream,Rainbow,Normal,None
1431,Birb #1431,A looping painted robin from BirbNation. One sphere. One clock. Minted on Robinhood Chain.,1431.gif,Blush,Snow,Wink,Leaf
1432,Birb #1432,A looping painted robin from BirbNation. One sphere. One clock. Minted on Robinhood Chain.,1432.gif,Sky,Pink,Sparkly,Worm
1433,Birb #1433,A looping painted robin from BirbNation. One sphere. One clock. Minted on Robinhood Chain.,1433.gif,White,Pink,Sleepy,Bow
1434,Birb #1434,A looping painted robin from BirbNation. One sphere. One clock. Minted on Robinhood Chain.,1434.gif,Mint,Snow,Starry,None
1435,Birb #1435,A looping painted robin from BirbNation. One sphere. One clock. Minted on Robinhood Chain.,1435.gif,Blush,Blue,Wide,Berry
1436,Birb #1436,A looping painted robin from BirbNation. One sphere. One clock. Minted on Robinhood Chain.,1436.gif,Mint,Snow,Normal,None
1437,Birb #1437,A looping painted robin from BirbNation. One sphere. One clock. Minted on Robinhood Chain.,1437.gif,Peach,Brown,Starry,Worm
1438,Birb #1438,A looping painted robin from BirbNation. One sphere. One clock. Minted on Robinhood Chain.,1438.gif,Dusk,Frost,Blep,None
1439,Birb #1439,A looping painted robin from BirbNation. One sphere. One clock. Minted on Robinhood Chain.,1439.gif,Forest,Snow,Sparkly,Hat
1440,Birb #1440,A looping painted robin from BirbNation. One sphere. One clock. Minted on Robinhood Chain.,1440.gif,Forest,Brown,Angry,Hat
1441,Birb #1441,A looping painted robin from BirbNation. One sphere. One clock. Minted on Robinhood Chain.,1441.gif,Peach,Blue,Sleepy,Leaf
1442,Birb #1442,A looping painted robin from BirbNation. One sphere. One clock. Minted on Robinhood Chain.,1442.gif,Dusk,Brown,Sparkly,Bow
1443,Birb #1443,A looping painted robin from BirbNation. One sphere. One clock. Minted on Robinhood Chain.,1443.gif,Mint,Pink,Sparkly,Hat
1444,Birb #1444,A looping painted robin from BirbNation. One sphere. One clock. Minted on Robinhood Chain.,1444.gif,Space,Green,Sleepy,None
1445,Birb #1445,A looping painted robin from BirbNation. One sphere. One clock. Minted on Robinhood Chain.,1445.gif,Dusk,Pink,Normal,None
1446,Birb #1446,A looping painted robin from BirbNation. One sphere. One clock. Minted on Robinhood Chain.,1446.gif,Cream,Gold,Normal,None
1447,Birb #1447,A looping painted robin from BirbNation. One sphere. One clock. Minted on Robinhood Chain.,1447.gif,Dusk,Pink,Heart,None
1448,Birb #1448,A looping painted robin from BirbNation. One sphere. One clock. Minted on Robinhood Chain.,1448.gif,Dusk,Gold,Wink,None
1449,Birb #1449,A looping painted robin from BirbNation. One sphere. One clock. Minted on Robinhood Chain.,1449.gif,Blush,Dusk,Starry,Bandana
1450,Birb #1450,A looping painted robin from BirbNation. One sphere. One clock. Minted on Robinhood Chain.,1450.gif,Space,Rainbow,Sparkly,None
1451,Birb #1451,A looping painted robin from BirbNation. One sphere. One clock. Minted on Robinhood Chain.,1451.gif,Cream,Blue,Normal,Bandana
1452,Birb #1452,A looping painted robin from BirbNation. One sphere. One clock. Minted on Robinhood Chain.,1452.gif,Forest,Gold,Blep,Hat
1453,Birb #1453,A looping painted robin from BirbNation. One sphere. One clock. Minted on Robinhood Chain.,1453.gif,Forest,Gold,Wink,Bandana
1454,Birb #1454,A looping painted robin from BirbNation. One sphere. One clock. Minted on Robinhood Chain.,1454.gif,Forest,Pink,Blep,Hat
1455,Birb #1455,A looping painted robin from BirbNation. One sphere. One clock. Minted on Robinhood Chain.,1455.gif,Forest,Void,Sparkly,Leaf
1456,Birb #1456,A looping painted robin from BirbNation. One sphere. One clock. Minted on Robinhood Chain.,1456.gif,Peach,Green,Wink,None
1457,Birb #1457,A looping painted robin from BirbNation. One sphere. One clock. Minted on Robinhood Chain.,1457.gif,Dusk,Frost,Normal,Worm
1458,Birb #1458,A looping painted robin from BirbNation. One sphere. One clock. Minted on Robinhood Chain.,1458.gif,Blush,Pink,Wide,Leaf
1459,Birb #1459,A looping painted robin from BirbNation. One sphere. One clock. Minted on Robinhood Chain.,1459.gif,Cream,Frost,Sad,Leaf
1460,Birb #1460,A looping painted robin from BirbNation. One sphere. One clock. Minted on Robinhood Chain.,1460.gif,Blush,Gold,Sleepy,Bandana
1461,Birb #1461,A looping painted robin from BirbNation. One sphere. One clock. Minted on Robinhood Chain.,1461.gif,Sky,Brown,Blep,Flower
1462,Birb #1462,A looping painted robin from BirbNation. One sphere. One clock. Minted on Robinhood Chain.,1462.gif,Blush,Blue,Angry,Berry
1463,Birb #1463,A looping painted robin from BirbNation. One sphere. One clock. Minted on Robinhood Chain.,1463.gif,Sky,Snow,Normal,Bow
1464,Birb #1464,A looping painted robin from BirbNation. One sphere. One clock. Minted on Robinhood Chain.,1464.gif,Peach,Dusk,Wink,None
1465,Birb #1465,A looping painted robin from BirbNation. One sphere. One clock. Minted on Robinhood Chain.,1465.gif,White,Pink,Sparkly,Crown
1466,Birb #1466,A looping painted robin from BirbNation. One sphere. One clock. Minted on Robinhood Chain.,1466.gif,White,Rainbow,Sparkly,Flower
1467,Birb #1467,A looping painted robin from BirbNation. One sphere. One clock. Minted on Robinhood Chain.,1467.gif,White,Pink,Heart,Flower
1468,Birb #1468,A looping painted robin from BirbNation. One sphere. One clock. Minted on Robinhood Chain.,1468.gif,Sky,Green,Blep,Worm
1469,Birb #1469,A looping painted robin from BirbNation. One sphere. One clock. Minted on Robinhood Chain.,1469.gif,Space,Brown,Sleepy,Bow
1470,Birb #1470,A looping painted robin from BirbNation. One sphere. One clock. Minted on Robinhood Chain.,1470.gif,Dusk,Brown,Starry,None
1471,Birb #1471,A looping painted robin from BirbNation. One sphere. One clock. Minted on Robinhood Chain.,1471.gif,White,Rainbow,Sparkly,Bow
1472,Birb #1472,A looping painted robin from BirbNation. One sphere. One clock. Minted on Robinhood Chain.,1472.gif,Mint,Pink,Normal,Flower
1473,Birb #1473,A looping painted robin from BirbNation. One sphere. One clock. Minted on Robinhood Chain.,1473.gif,Mint,Rainbow,Blep,Leaf
1474,Birb #1474,A looping painted robin from BirbNation. One sphere. One clock. Minted on Robinhood Chain.,1474.gif,Cream,Green,Angry,Berry
1475,Birb #1475,A looping painted robin from BirbNation. One sphere. One clock. Minted on Robinhood Chain.,1475.gif,Peach,Dusk,Angry,Worm
1476,Birb #1476,A looping painted robin from BirbNation. One sphere. One clock. Minted on Robinhood Chain.,1476.gif,Forest,Green,Normal,Worm
1477,Birb #1477,A looping painted robin from BirbNation. One sphere. One clock. Minted on Robinhood Chain.,1477.gif,Sky,Void,Blep,Flower
1478,Birb #1478,A looping painted robin from BirbNation. One sphere. One clock. Minted on Robinhood Chain.,1478.gif,Blush,Dusk,Blep,Bandana
1479,Birb #1479,A looping painted robin from BirbNation. One sphere. One clock. Minted on Robinhood Chain.,1479.gif,Sky,Green,Blep,Crown
1480,Birb #1480,A looping painted robin from BirbNation. One sphere. One clock. Minted on Robinhood Chain.,1480.gif,Blush,Snow,Normal,Berry
1481,Birb #1481,A looping painted robin from BirbNation. One sphere. One clock. Minted on Robinhood Chain.,1481.gif,Forest,Pink,Blep,Bandana
1482,Birb #1482,A looping painted robin from BirbNation. One sphere. One clock. Minted on Robinhood Chain.,1482.gif,Blush,Blue,Normal,Leaf
1483,Birb #1483,A looping painted robin from BirbNation. One sphere. One clock. Minted on Robinhood Chain.,1483.gif,Mint,Frost,Sleepy,Bandana
1484,Birb #1484,A looping painted robin from BirbNation. One sphere. One clock. Minted on Robinhood Chain.,1484.gif,White,Green,Angry,Flower
1485,Birb #1485,A looping painted robin from BirbNation. One sphere. One clock. Minted on Robinhood Chain.,1485.gif,White,Void,Normal,Flower
1486,Birb #1486,A looping painted robin from BirbNation. One sphere. One clock. Minted on Robinhood Chain.,1486.gif,Forest,Brown,Starry,Bow
1487,Birb #1487,A looping painted robin from BirbNation. One sphere. One clock. Minted on Robinhood Chain.,1487.gif,Sky,Pink,Sad,Bandana
1488,Birb #1488,A looping painted robin from BirbNation. One sphere. One clock. Minted on Robinhood Chain.,1488.gif,Space,Gold,Blep,Flower
1489,Birb #1489,A looping painted robin from BirbNation. One sphere. One clock. Minted on Robinhood Chain.,1489.gif,White,Rainbow,Sad,Flower
1490,Birb #1490,A looping painted robin from BirbNation. One sphere. One clock. Minted on Robinhood Chain.,1490.gif,Cream,Pink,Wide,Flower
1491,Birb #1491,A looping painted robin from BirbNation. One sphere. One clock. Minted on Robinhood Chain.,1491.gif,Cream,Brown,Wink,Bandana
1492,Birb #1492,A looping painted robin from BirbNation. One sphere. One clock. Minted on Robinhood Chain.,1492.gif,Sky,Green,Sad,None
1493,Birb #1493,A looping painted robin from BirbNation. One sphere. One clock. Minted on Robinhood Chain.,1493.gif,Peach,Rainbow,Wink,None
1494,Birb #1494,A looping painted robin from BirbNation. One sphere. One clock. Minted on Robinhood Chain.,1494.gif,Cream,Rainbow,Wink,Worm
1495,Birb #1495,A looping painted robin from BirbNation. One sphere. One clock. Minted on Robinhood Chain.,1495.gif,White,Gold,Starry,Leaf
1496,Birb #1496,A looping painted robin from BirbNation. One sphere. One clock. Minted on Robinhood Chain.,1496.gif,Forest,Rainbow,Wink,None
1497,Birb #1497,A looping painted robin from BirbNation. One sphere. One clock. Minted on Robinhood Chain.,1497.gif,White,Dusk,Normal,Bow
1498,Birb #1498,A looping painted robin from BirbNation. One sphere. One clock. Minted on Robinhood Chain.,1498.gif,Forest,Blue,Angry,Leaf
1499,Birb #1499,A looping painted robin from BirbNation. One sphere. One clock. Minted on Robinhood Chain.,1499.gif,Forest,Dusk,Blep,Bandana
1500,Birb #1500,A looping painted robin from BirbNation. One sphere. One clock. Minted on Robinhood Chain.,1500.gif,Blush,Green,Sleepy,Hat
1501,Birb #1501,A looping painted robin from BirbNation. One sphere. One clock. Minted on Robinhood Chain.,1501.gif,Peach,Blue,Sad,Leaf
1502,Birb #1502,A looping painted robin from BirbNation. One sphere. One clock. Minted on Robinhood Chain.,1502.gif,Cream,Brown,Sad,None
1503,Birb #1503,A looping painted robin from BirbNation. One sphere. One clock. Minted on Robinhood Chain.,1503.gif,Cream,Dusk,Wide,None
1504,Birb #1504,A looping painted robin from BirbNation. One sphere. One clock. Minted on Robinhood Chain.,1504.gif,Cream,Gold,Sad,Hat
1505,Birb #1505,A looping painted robin from BirbNation. One sphere. One clock. Minted on Robinhood Chain.,1505.gif,Blush,Dusk,Wink,Leaf
1506,Birb #1506,A looping painted robin from BirbNation. One sphere. One clock. Minted on Robinhood Chain.,1506.gif,Cream,Green,Sad,Bandana
1507,Birb #1507,A looping painted robin from BirbNation. One sphere. One clock. Minted on Robinhood Chain.,1507.gif,Peach,Gold,Normal,Hat
1508,Birb #1508,A looping painted robin from BirbNation. One sphere. One clock. Minted on Robinhood Chain.,1508.gif,Sky,Pink,Sleepy,Leaf
1509,Birb #1509,A looping painted robin from BirbNation. One sphere. One clock. Minted on Robinhood Chain.,1509.gif,Space,Gold,Sad,Leaf
1510,Birb #1510,A looping painted robin from BirbNation. One sphere. One clock. Minted on Robinhood Chain.,1510.gif,Peach,Green,Angry,Bandana
1511,Birb #1511,A looping painted robin from BirbNation. One sphere. One clock. Minted on Robinhood Chain.,1511.gif,Peach,Void,Blep,None
1512,Birb #1512,A looping painted robin from BirbNation. One sphere. One clock. Minted on Robinhood Chain.,1512.gif,Mint,Green,Wink,Bandana
1513,Birb #1513,A looping painted robin from BirbNation. One sphere. One clock. Minted on Robinhood Chain.,1513.gif,Dusk,Brown,Starry,Flower
1514,Birb #1514,A looping painted robin from BirbNation. One sphere. One clock. Minted on Robinhood Chain.,1514.gif,Mint,Green,Sleepy,None
1515,Birb #1515,A looping painted robin from BirbNation. One sphere. One clock. Minted on Robinhood Chain.,1515.gif,Forest,Void,Heart,None
1516,Birb #1516,A looping painted robin from BirbNation. One sphere. One clock. Minted on Robinhood Chain.,1516.gif,Forest,Gold,Normal,Bandana
1517,Birb #1517,A looping painted robin from BirbNation. One sphere. One clock. Minted on Robinhood Chain.,1517.gif,Sky,Blue,Wide,Bow
1518,Birb #1518,A looping painted robin from BirbNation. One sphere. One clock. Minted on Robinhood Chain.,1518.gif,White,Blue,Normal,Bandana
1519,Birb #1519,A looping painted robin from BirbNation. One sphere. One clock. Minted on Robinhood Chain.,1519.gif,Mint,Pink,Normal,Crown
1520,Birb #1520,A looping painted robin from BirbNation. One sphere. One clock. Minted on Robinhood Chain.,1520.gif,Forest,Rainbow,Blep,Bow
1521,Birb #1521,A looping painted robin from BirbNation. One sphere. One clock. Minted on Robinhood Chain.,1521.gif,Dusk,Dusk,Angry,None
1522,Birb #1522,A looping painted robin from BirbNation. One sphere. One clock. Minted on Robinhood Chain.,1522.gif,Blush,Brown,Blep,Worm
1523,Birb #1523,A looping painted robin from BirbNation. One sphere. One clock. Minted on Robinhood Chain.,1523.gif,Blush,Rainbow,Sad,Berry
1524,Birb #1524,A looping painted robin from BirbNation. One sphere. One clock. Minted on Robinhood Chain.,1524.gif,White,Blue,Wink,Hat
1525,Birb #1525,A looping painted robin from BirbNation. One sphere. One clock. Minted on Robinhood Chain.,1525.gif,Mint,Green,Normal,None
1526,Birb #1526,A looping painted robin from BirbNation. One sphere. One clock. Minted on Robinhood Chain.,1526.gif,Cream,Snow,Sparkly,None
1527,Birb #1527,A looping painted robin from BirbNation. One sphere. One clock. Minted on Robinhood Chain.,1527.gif,Cream,Snow,Wide,Flower
1528,Birb #1528,A looping painted robin from BirbNation. One sphere. One clock. Minted on Robinhood Chain.,1528.gif,Cream,Snow,Sad,Worm
1529,Birb #1529,A looping painted robin from BirbNation. One sphere. One clock. Minted on Robinhood Chain.,1529.gif,Mint,Brown,Angry,Leaf
1530,Birb #1530,A looping painted robin from BirbNation. One sphere. One clock. Minted on Robinhood Chain.,1530.gif,Blush,Pink,Sleepy,Bow
1531,Birb #1531,A looping painted robin from BirbNation. One sphere. One clock. Minted on Robinhood Chain.,1531.gif,Dusk,Blue,Angry,Flower
1532,Birb #1532,A looping painted robin from BirbNation. One sphere. One clock. Minted on Robinhood Chain.,1532.gif,Dusk,Green,Angry,None
1533,Birb #1533,A looping painted robin from BirbNation. One sphere. One clock. Minted on Robinhood Chain.,1533.gif,Mint,Frost,Sleepy,None
1534,Birb #1534,A looping painted robin from BirbNation. One sphere. One clock. Minted on Robinhood Chain.,1534.gif,White,Pink,Starry,Worm
1535,Birb #1535,A looping painted robin from BirbNation. One sphere. One clock. Minted on Robinhood Chain.,1535.gif,Sky,Brown,Sparkly,Flower
1536,Birb #1536,A looping painted robin from BirbNation. One sphere. One clock. Minted on Robinhood Chain.,1536.gif,Sky,Brown,Angry,Berry
1537,Birb #1537,A looping painted robin from BirbNation. One sphere. One clock. Minted on Robinhood Chain.,1537.gif,Mint,Blue,Blep,Worm
1538,Birb #1538,A looping painted robin from BirbNation. One sphere. One clock. Minted on Robinhood Chain.,1538.gif,Peach,Dusk,Angry,Bandana
1539,Birb #1539,A looping painted robin from BirbNation. One sphere. One clock. Minted on Robinhood Chain.,1539.gif,Blush,Pink,Normal,Bow
1540,Birb #1540,A looping painted robin from BirbNation. One sphere. One clock. Minted on Robinhood Chain.,1540.gif,Dusk,Rainbow,Wide,Bandana
1541,Birb #1541,A looping painted robin from BirbNation. One sphere. One clock. Minted on Robinhood Chain.,1541.gif,Peach,Green,Sparkly,Leaf
1542,Birb #1542,A looping painted robin from BirbNation. One sphere. One clock. Minted on Robinhood Chain.,1542.gif,White,Snow,Heart,None
1543,Birb #1543,A looping painted robin from BirbNation. One sphere. One clock. Minted on Robinhood Chain.,1543.gif,White,Blue,Blep,Bow
1544,Birb #1544,A looping painted robin from BirbNation. One sphere. One clock. Minted on Robinhood Chain.,1544.gif,Dusk,Green,Wink,Flower
1545,Birb #1545,A looping painted robin from BirbNation. One sphere. One clock. Minted on Robinhood Chain.,1545.gif,Blush,Brown,Sleepy,Worm
1546,Birb #1546,A looping painted robin from BirbNation. One sphere. One clock. Minted on Robinhood Chain.,1546.gif,Mint,Dusk,Sleepy,Leaf
1547,Birb #1547,A looping painted robin from BirbNation. One sphere. One clock. Minted on Robinhood Chain.,1547.gif,Blush,Frost,Normal,Worm
1548,Birb #1548,A looping painted robin from BirbNation. One sphere. One clock. Minted on Robinhood Chain.,1548.gif,White,Green,Wide,None
1549,Birb #1549,A looping painted robin from BirbNation. One sphere. One clock. Minted on Robinhood Chain.,1549.gif,Blush,Gold,Angry,Flower
1550,Birb #1550,A looping painted robin from BirbNation. One sphere. One clock. Minted on Robinhood Chain.,1550.gif,Forest,Pink,Normal,Leaf
1551,Birb #1551,A looping painted robin from BirbNation. One sphere. One clock. Minted on Robinhood Chain.,1551.gif,Forest,Green,Heart,Berry
1552,Birb #1552,A looping painted robin from BirbNation. One sphere. One clock. Minted on Robinhood Chain.,1552.gif,Forest,Brown,Sparkly,Leaf
1553,Birb #1553,A looping painted robin from BirbNation. One sphere. One clock. Minted on Robinhood Chain.,1553.gif,Peach,Green,Starry,None
1554,Birb #1554,A looping painted robin from BirbNation. One sphere. One clock. Minted on Robinhood Chain.,1554.gif,White,Brown,Sleepy,Leaf
1555,Birb #1555,A looping painted robin from BirbNation. One sphere. One clock. Minted on Robinhood Chain.,1555.gif,Sky,Dusk,Sleepy,None
1556,Birb #1556,A looping painted robin from BirbNation. One sphere. One clock. Minted on Robinhood Chain.,1556.gif,Peach,Frost,Starry,None
1557,Birb #1557,A looping painted robin from BirbNation. One sphere. One clock. Minted on Robinhood Chain.,1557.gif,Mint,Snow,Normal,Worm
1558,Birb #1558,A looping painted robin from BirbNation. One sphere. One clock. Minted on Robinhood Chain.,1558.gif,White,Gold,Wink,Hat
1559,Birb #1559,A looping painted robin from BirbNation. One sphere. One clock. Minted on Robinhood Chain.,1559.gif,Space,Blue,Sparkly,Flower
1560,Birb #1560,A looping painted robin from BirbNation. One sphere. One clock. Minted on Robinhood Chain.,1560.gif,White,Gold,Normal,Hat
1561,Birb #1561,A looping painted robin from BirbNation. One sphere. One clock. Minted on Robinhood Chain.,1561.gif,Mint,Dusk,Sleepy,Worm
1562,Birb #1562,A looping painted robin from BirbNation. One sphere. One clock. Minted on Robinhood Chain.,1562.gif,Cream,Dusk,Angry,None
1563,Birb #1563,A looping painted robin from BirbNation. One sphere. One clock. Minted on Robinhood Chain.,1563.gif,Cream,Brown,Sad,Bandana
1564,Birb #1564,A looping painted robin from BirbNation. One sphere. One clock. Minted on Robinhood Chain.,1564.gif,White,Green,Normal,Bandana
1565,Birb #1565,A looping painted robin from BirbNation. One sphere. One clock. Minted on Robinhood Chain.,1565.gif,Mint,Blue,Sad,Bandana
1566,Birb #1566,A looping painted robin from BirbNation. One sphere. One clock. Minted on Robinhood Chain.,1566.gif,White,Gold,Sleepy,Berry
1567,Birb #1567,A looping painted robin from BirbNation. One sphere. One clock. Minted on Robinhood Chain.,1567.gif,Blush,Rainbow,Normal,Bandana
1568,Birb #1568,A looping painted robin from BirbNation. One sphere. One clock. Minted on Robinhood Chain.,1568.gif,Peach,Brown,Blep,Worm
1569,Birb #1569,A looping painted robin from BirbNation. One sphere. One clock. Minted on Robinhood Chain.,1569.gif,White,Blue,Normal,Worm
1570,Birb #1570,A looping painted robin from BirbNation. One sphere. One clock. Minted on Robinhood Chain.,1570.gif,Peach,Rainbow,Normal,None
1571,Birb #1571,A looping painted robin from BirbNation. One sphere. One clock. Minted on Robinhood Chain.,1571.gif,Forest,Pink,Wide,Flower
1572,Birb #1572,A looping painted robin from BirbNation. One sphere. One clock. Minted on Robinhood Chain.,1572.gif,Dusk,Snow,Normal,Bandana
1573,Birb #1573,A looping painted robin from BirbNation. One sphere. One clock. Minted on Robinhood Chain.,1573.gif,Forest,Green,Sparkly,Berry
1574,Birb #1574,A looping painted robin from BirbNation. One sphere. One clock. Minted on Robinhood Chain.,1574.gif,White,Snow,Sleepy,None
1575,Birb #1575,A looping painted robin from BirbNation. One sphere. One clock. Minted on Robinhood Chain.,1575.gif,Mint,Green,Normal,Berry
1576,Birb #1576,A looping painted robin from BirbNation. One sphere. One clock. Minted on Robinhood Chain.,1576.gif,Forest,Pink,Sparkly,Bandana
1577,Birb #1577,A looping painted robin from BirbNation. One sphere. One clock. Minted on Robinhood Chain.,1577.gif,Forest,Pink,Heart,Worm
1578,Birb #1578,A looping painted robin from BirbNation. One sphere. One clock. Minted on Robinhood Chain.,1578.gif,Mint,Green,Wink,Crown
1579,Birb #1579,A looping painted robin from BirbNation. One sphere. One clock. Minted on Robinhood Chain.,1579.gif,Cream,Green,Wide,Hat
1580,Birb #1580,A looping painted robin from BirbNation. One sphere. One clock. Minted on Robinhood Chain.,1580.gif,Sky,Gold,Sparkly,Crown
1581,Birb #1581,A looping painted robin from BirbNation. One sphere. One clock. Minted on Robinhood Chain.,1581.gif,Dusk,Pink,Wink,Bandana
1582,Birb #1582,A looping painted robin from BirbNation. One sphere. One clock. Minted on Robinhood Chain.,1582.gif,Mint,Frost,Sparkly,None
1583,Birb #1583,A looping painted robin from BirbNation. One sphere. One clock. Minted on Robinhood Chain.,1583.gif,Cream,Dusk,Blep,Worm
1584,Birb #1584,A looping painted robin from BirbNation. One sphere. One clock. Minted on Robinhood Chain.,1584.gif,Blush,Blue,Wide,Crown
1585,Birb #1585,A looping painted robin from BirbNation. One sphere. One clock. Minted on Robinhood Chain.,1585.gif,Dusk,Blue,Sad,None
1586,Birb #1586,A looping painted robin from BirbNation. One sphere. One clock. Minted on Robinhood Chain.,1586.gif,Dusk,Pink,Sad,Hat
1587,Birb #1587,A looping painted robin from BirbNation. One sphere. One clock. Minted on Robinhood Chain.,1587.gif,White,Green,Blep,Hat
1588,Birb #1588,A looping painted robin from BirbNation. One sphere. One clock. Minted on Robinhood Chain.,1588.gif,White,Brown,Wide,Bow
1589,Birb #1589,A looping painted robin from BirbNation. One sphere. One clock. Minted on Robinhood Chain.,1589.gif,White,Blue,Wide,Crown
1590,Birb #1590,A looping painted robin from BirbNation. One sphere. One clock. Minted on Robinhood Chain.,1590.gif,Dusk,Pink,Starry,None
1591,Birb #1591,A looping painted robin from BirbNation. One sphere. One clock. Minted on Robinhood Chain.,1591.gif,White,Rainbow,Normal,Bandana
1592,Birb #1592,A looping painted robin from BirbNation. One sphere. One clock. Minted on Robinhood Chain.,1592.gif,Sky,Gold,Wink,None
1593,Birb #1593,A looping painted robin from BirbNation. One sphere. One clock. Minted on Robinhood Chain.,1593.gif,Cream,Rainbow,Wide,Bandana
1594,Birb #1594,A looping painted robin from BirbNation. One sphere. One clock. Minted on Robinhood Chain.,1594.gif,Sky,Blue,Sad,Bandana
1595,Birb #1595,A looping painted robin from BirbNation. One sphere. One clock. Minted on Robinhood Chain.,1595.gif,Sky,Snow,Wink,Bandana
1596,Birb #1596,A looping painted robin from BirbNation. One sphere. One clock. Minted on Robinhood Chain.,1596.gif,Sky,Pink,Wink,Hat
1597,Birb #1597,A looping painted robin from BirbNation. One sphere. One clock. Minted on Robinhood Chain.,1597.gif,Sky,Blue,Normal,Berry
1598,Birb #1598,A looping painted robin from BirbNation. One sphere. One clock. Minted on Robinhood Chain.,1598.gif,Forest,Brown,Angry,Bandana
1599,Birb #1599,A looping painted robin from BirbNation. One sphere. One clock. Minted on Robinhood Chain.,1599.gif,Sky,Green,Wide,Hat
1600,Birb #1600,A looping painted robin from BirbNation. One sphere. One clock. Minted on Robinhood Chain.,1600.gif,Cream,Blue,Sparkly,Berry
1601,Birb #1601,A looping painted robin from BirbNation. One sphere. One clock. Minted on Robinhood Chain.,1601.gif,Peach,Snow,Sparkly,None
1602,Birb #1602,A looping painted robin from BirbNation. One sphere. One clock. Minted on Robinhood Chain.,1602.gif,Dusk,Pink,Angry,None
1603,Birb #1603,A looping painted robin from BirbNation. One sphere. One clock. Minted on Robinhood Chain.,1603.gif,Blush,Pink,Wink,Worm
1604,Birb #1604,A looping painted robin from BirbNation. One sphere. One clock. Minted on Robinhood Chain.,1604.gif,Dusk,Snow,Sparkly,Crown
1605,Birb #1605,A looping painted robin from BirbNation. One sphere. One clock. Minted on Robinhood Chain.,1605.gif,Forest,Gold,Wide,Berry
1606,Birb #1606,A looping painted robin from BirbNation. One sphere. One clock. Minted on Robinhood Chain.,1606.gif,Space,Blue,Normal,Flower
1607,Birb #1607,A looping painted robin from BirbNation. One sphere. One clock. Minted on Robinhood Chain.,1607.gif,White,Gold,Wink,None
1608,Birb #1608,A looping painted robin from BirbNation. One sphere. One clock. Minted on Robinhood Chain.,1608.gif,Peach,Blue,Heart,Bow
1609,Birb #1609,A looping painted robin from BirbNation. One sphere. One clock. Minted on Robinhood Chain.,1609.gif,Mint,Brown,Blep,Bandana
1610,Birb #1610,A looping painted robin from BirbNation. One sphere. One clock. Minted on Robinhood Chain.,1610.gif,Forest,Gold,Blep,Leaf
1611,Birb #1611,A looping painted robin from BirbNation. One sphere. One clock. Minted on Robinhood Chain.,1611.gif,Cream,Green,Normal,Leaf
1612,Birb #1612,A looping painted robin from BirbNation. One sphere. One clock. Minted on Robinhood Chain.,1612.gif,Blush,Blue,Sad,Bandana
1613,Birb #1613,A looping painted robin from BirbNation. One sphere. One clock. Minted on Robinhood Chain.,1613.gif,Cream,Void,Starry,None
1614,Birb #1614,A looping painted robin from BirbNation. One sphere. One clock. Minted on Robinhood Chain.,1614.gif,Mint,Brown,Wide,Worm
1615,Birb #1615,A looping painted robin from BirbNation. One sphere. One clock. Minted on Robinhood Chain.,1615.gif,Sky,Pink,Sparkly,Leaf
1616,Birb #1616,A looping painted robin from BirbNation. One sphere. One clock. Minted on Robinhood Chain.,1616.gif,Blush,Pink,Heart,Hat
1617,Birb #1617,A looping painted robin from BirbNation. One sphere. One clock. Minted on Robinhood Chain.,1617.gif,Forest,Brown,Sleepy,Bandana
1618,Birb #1618,A looping painted robin from BirbNation. One sphere. One clock. Minted on Robinhood Chain.,1618.gif,Mint,Brown,Blep,Worm
1619,Birb #1619,A looping painted robin from BirbNation. One sphere. One clock. Minted on Robinhood Chain.,1619.gif,Sky,Void,Sparkly,Bandana
1620,Birb #1620,A looping painted robin from BirbNation. One sphere. One clock. Minted on Robinhood Chain.,1620.gif,White,Green,Normal,Bow
1621,Birb #1621,A looping painted robin from BirbNation. One sphere. One clock. Minted on Robinhood Chain.,1621.gif,Mint,Brown,Heart,Worm
1622,Birb #1622,A looping painted robin from BirbNation. One sphere. One clock. Minted on Robinhood Chain.,1622.gif,Dusk,Brown,Blep,Berry
1623,Birb #1623,A looping painted robin from BirbNation. One sphere. One clock. Minted on Robinhood Chain.,1623.gif,Sky,Blue,Blep,Bandana
1624,Birb #1624,A looping painted robin from BirbNation. One sphere. One clock. Minted on Robinhood Chain.,1624.gif,Forest,Brown,Angry,None
1625,Birb #1625,A looping painted robin from BirbNation. One sphere. One clock. Minted on Robinhood Chain.,1625.gif,Sky,Pink,Wide,Flower
1626,Birb #1626,A looping painted robin from BirbNation. One sphere. One clock. Minted on Robinhood Chain.,1626.gif,Sky,Pink,Wink,Bandana
1627,Birb #1627,A looping painted robin from BirbNation. One sphere. One clock. Minted on Robinhood Chain.,1627.gif,Blush,Green,Normal,Bow
1628,Birb #1628,A looping painted robin from BirbNation. One sphere. One clock. Minted on Robinhood Chain.,1628.gif,Mint,Dusk,Blep,Hat
1629,Birb #1629,A looping painted robin from BirbNation. One sphere. One clock. Minted on Robinhood Chain.,1629.gif,Peach,Blue,Angry,Berry
1630,Birb #1630,A looping painted robin from BirbNation. One sphere. One clock. Minted on Robinhood Chain.,1630.gif,Peach,Pink,Sparkly,Berry
1631,Birb #1631,A looping painted robin from BirbNation. One sphere. One clock. Minted on Robinhood Chain.,1631.gif,Sky,Void,Starry,Worm
1632,Birb #1632,A looping painted robin from BirbNation. One sphere. One clock. Minted on Robinhood Chain.,1632.gif,Dusk,Void,Sleepy,None
1633,Birb #1633,A looping painted robin from BirbNation. One sphere. One clock. Minted on Robinhood Chain.,1633.gif,Dusk,Green,Sleepy,Flower
1634,Birb #1634,A looping painted robin from BirbNation. One sphere. One clock. Minted on Robinhood Chain.,1634.gif,Cream,Pink,Wink,None
1635,Birb #1635,A looping painted robin from BirbNation. One sphere. One clock. Minted on Robinhood Chain.,1635.gif,White,Pink,Wide,Leaf
1636,Birb #1636,A looping painted robin from BirbNation. One sphere. One clock. Minted on Robinhood Chain.,1636.gif,Sky,Blue,Normal,Bow
1637,Birb #1637,A looping painted robin from BirbNation. One sphere. One clock. Minted on Robinhood Chain.,1637.gif,White,Pink,Blep,Bow
1638,Birb #1638,A looping painted robin from BirbNation. One sphere. One clock. Minted on Robinhood Chain.,1638.gif,Forest,Green,Blep,Hat
1639,Birb #1639,A looping painted robin from BirbNation. One sphere. One clock. Minted on Robinhood Chain.,1639.gif,Space,Snow,Wide,Bandana
1640,Birb #1640,A looping painted robin from BirbNation. One sphere. One clock. Minted on Robinhood Chain.,1640.gif,Cream,Brown,Angry,Hat
1641,Birb #1641,A looping painted robin from BirbNation. One sphere. One clock. Minted on Robinhood Chain.,1641.gif,Blush,Green,Starry,Hat
1642,Birb #1642,A looping painted robin from BirbNation. One sphere. One clock. Minted on Robinhood Chain.,1642.gif,Mint,Blue,Sad,None
1643,Birb #1643,A looping painted robin from BirbNation. One sphere. One clock. Minted on Robinhood Chain.,1643.gif,Peach,Pink,Blep,Bandana
1644,Birb #1644,A looping painted robin from BirbNation. One sphere. One clock. Minted on Robinhood Chain.,1644.gif,Space,Brown,Sparkly,Leaf
1645,Birb #1645,A looping painted robin from BirbNation. One sphere. One clock. Minted on Robinhood Chain.,1645.gif,Blush,Void,Sparkly,Leaf
1646,Birb #1646,A looping painted robin from BirbNation. One sphere. One clock. Minted on Robinhood Chain.,1646.gif,Cream,Green,Normal,Flower
1647,Birb #1647,A looping painted robin from BirbNation. One sphere. One clock. Minted on Robinhood Chain.,1647.gif,Forest,Frost,Blep,Leaf
1648,Birb #1648,A looping painted robin from BirbNation. One sphere. One clock. Minted on Robinhood Chain.,1648.gif,Peach,Brown,Starry,Bow
1649,Birb #1649,A looping painted robin from BirbNation. One sphere. One clock. Minted on Robinhood Chain.,1649.gif,Sky,Brown,Angry,None
1650,Birb #1650,A looping painted robin from BirbNation. One sphere. One clock. Minted on Robinhood Chain.,1650.gif,Forest,Brown,Blep,Bandana
1651,Birb #1651,A looping painted robin from BirbNation. One sphere. One clock. Minted on Robinhood Chain.,1651.gif,Mint,Dusk,Wink,None
1652,Birb #1652,A looping painted robin from BirbNation. One sphere. One clock. Minted on Robinhood Chain.,1652.gif,Sky,Void,Normal,Hat
1653,Birb #1653,A looping painted robin from BirbNation. One sphere. One clock. Minted on Robinhood Chain.,1653.gif,Space,Blue,Starry,Worm
1654,Birb #1654,A looping painted robin from BirbNation. One sphere. One clock. Minted on Robinhood Chain.,1654.gif,Blush,Pink,Sleepy,Hat
1655,Birb #1655,A looping painted robin from BirbNation. One sphere. One clock. Minted on Robinhood Chain.,1655.gif,White,Frost,Angry,Leaf
1656,Birb #1656,A looping painted robin from BirbNation. One sphere. One clock. Minted on Robinhood Chain.,1656.gif,White,Pink,Sad,Leaf
1657,Birb #1657,A looping painted robin from BirbNation. One sphere. One clock. Minted on Robinhood Chain.,1657.gif,Blush,Brown,Wink,Flower
1658,Birb #1658,A looping painted robin from BirbNation. One sphere. One clock. Minted on Robinhood Chain.,1658.gif,Cream,Pink,Wide,Berry
1659,Birb #1659,A looping painted robin from BirbNation. One sphere. One clock. Minted on Robinhood Chain.,1659.gif,Forest,Green,Heart,None
1660,Birb #1660,A looping painted robin from BirbNation. One sphere. One clock. Minted on Robinhood Chain.,1660.gif,Cream,Gold,Normal,Leaf
1661,Birb #1661,A looping painted robin from BirbNation. One sphere. One clock. Minted on Robinhood Chain.,1661.gif,Sky,Blue,Starry,Bandana
1662,Birb #1662,A looping painted robin from BirbNation. One sphere. One clock. Minted on Robinhood Chain.,1662.gif,Blush,Brown,Blep,Flower
1663,Birb #1663,A looping painted robin from BirbNation. One sphere. One clock. Minted on Robinhood Chain.,1663.gif,Blush,Void,Wink,None
1664,Birb #1664,A looping painted robin from BirbNation. One sphere. One clock. Minted on Robinhood Chain.,1664.gif,Cream,Snow,Sad,None
1665,Birb #1665,A looping painted robin from BirbNation. One sphere. One clock. Minted on Robinhood Chain.,1665.gif,Peach,Rainbow,Normal,Bandana
1666,Birb #1666,A looping painted robin from BirbNation. One sphere. One clock. Minted on Robinhood Chain.,1666.gif,Mint,Brown,Sleepy,Flower
1667,Birb #1667,A looping painted robin from BirbNation. One sphere. One clock. Minted on Robinhood Chain.,1667.gif,Peach,Gold,Blep,Bow
1668,Birb #1668,A looping painted robin from BirbNation. One sphere. One clock. Minted on Robinhood Chain.,1668.gif,Sky,Brown,Sleepy,Berry
1669,Birb #1669,A looping painted robin from BirbNation. One sphere. One clock. Minted on Robinhood Chain.,1669.gif,Cream,Gold,Wink,Crown
1670,Birb #1670,A looping painted robin from BirbNation. One sphere. One clock. Minted on Robinhood Chain.,1670.gif,Forest,Void,Normal,Hat
1671,Birb #1671,A looping painted robin from BirbNation. One sphere. One clock. Minted on Robinhood Chain.,1671.gif,Peach,Pink,Blep,Bow
1672,Birb #1672,A looping painted robin from BirbNation. One sphere. One clock. Minted on Robinhood Chain.,1672.gif,Cream,Pink,Starry,None
1673,Birb #1673,A looping painted robin from BirbNation. One sphere. One clock. Minted on Robinhood Chain.,1673.gif,Sky,Pink,Wide,Leaf
1674,Birb #1674,A looping painted robin from BirbNation. One sphere. One clock. Minted on Robinhood Chain.,1674.gif,Forest,Snow,Sad,Bow
1675,Birb #1675,A looping painted robin from BirbNation. One sphere. One clock. Minted on Robinhood Chain.,1675.gif,Cream,Blue,Normal,Berry
1676,Birb #1676,A looping painted robin from BirbNation. One sphere. One clock. Minted on Robinhood Chain.,1676.gif,White,Snow,Sleepy,Leaf
1677,Birb #1677,A looping painted robin from BirbNation. One sphere. One clock. Minted on Robinhood Chain.,1677.gif,Forest,Dusk,Sleepy,Leaf
1678,Birb #1678,A looping painted robin from BirbNation. One sphere. One clock. Minted on Robinhood Chain.,1678.gif,Space,Frost,Sparkly,Leaf
1679,Birb #1679,A looping painted robin from BirbNation. One sphere. One clock. Minted on Robinhood Chain.,1679.gif,Space,Void,Sleepy,None
1680,Birb #1680,A looping painted robin from BirbNation. One sphere. One clock. Minted on Robinhood Chain.,1680.gif,Cream,Blue,Heart,None
1681,Birb #1681,A looping painted robin from BirbNation. One sphere. One clock. Minted on Robinhood Chain.,1681.gif,Blush,Brown,Sparkly,Leaf
1682,Birb #1682,A looping painted robin from BirbNation. One sphere. One clock. Minted on Robinhood Chain.,1682.gif,Dusk,Blue,Wide,Crown
1683,Birb #1683,A looping painted robin from BirbNation. One sphere. One clock. Minted on Robinhood Chain.,1683.gif,Peach,Blue,Normal,Hat
1684,Birb #1684,A looping painted robin from BirbNation. One sphere. One clock. Minted on Robinhood Chain.,1684.gif,Peach,Rainbow,Angry,Bandana
1685,Birb #1685,A looping painted robin from BirbNation. One sphere. One clock. Minted on Robinhood Chain.,1685.gif,Sky,Brown,Starry,Crown
1686,Birb #1686,A looping painted robin from BirbNation. One sphere. One clock. Minted on Robinhood Chain.,1686.gif,Dusk,Gold,Sparkly,Flower
1687,Birb #1687,A looping painted robin from BirbNation. One sphere. One clock. Minted on Robinhood Chain.,1687.gif,Blush,Gold,Blep,Flower
1688,Birb #1688,A looping painted robin from BirbNation. One sphere. One clock. Minted on Robinhood Chain.,1688.gif,Forest,Dusk,Normal,Hat
1689,Birb #1689,A looping painted robin from BirbNation. One sphere. One clock. Minted on Robinhood Chain.,1689.gif,Dusk,Blue,Wink,Leaf
1690,Birb #1690,A looping painted robin from BirbNation. One sphere. One clock. Minted on Robinhood Chain.,1690.gif,Peach,Brown,Sleepy,Berry
1691,Birb #1691,A looping painted robin from BirbNation. One sphere. One clock. Minted on Robinhood Chain.,1691.gif,Cream,Pink,Normal,Berry
1692,Birb #1692,A looping painted robin from BirbNation. One sphere. One clock. Minted on Robinhood Chain.,1692.gif,Sky,Snow,Sad,Worm
1693,Birb #1693,A looping painted robin from BirbNation. One sphere. One clock. Minted on Robinhood Chain.,1693.gif,Cream,Dusk,Wink,Flower
1694,Birb #1694,A looping painted robin from BirbNation. One sphere. One clock. Minted on Robinhood Chain.,1694.gif,Blush,Pink,Angry,Berry
1695,Birb #1695,A looping painted robin from BirbNation. One sphere. One clock. Minted on Robinhood Chain.,1695.gif,Peach,Blue,Sparkly,Berry
1696,Birb #1696,A looping painted robin from BirbNation. One sphere. One clock. Minted on Robinhood Chain.,1696.gif,Peach,Rainbow,Sad,None
1697,Birb #1697,A looping painted robin from BirbNation. One sphere. One clock. Minted on Robinhood Chain.,1697.gif,Cream,Void,Sleepy,Bandana
1698,Birb #1698,A looping painted robin from BirbNation. One sphere. One clock. Minted on Robinhood Chain.,1698.gif,Dusk,Green,Sleepy,None
1699,Birb #1699,A looping painted robin from BirbNation. One sphere. One clock. Minted on Robinhood Chain.,1699.gif,White,Blue,Wink,Bow
1700,Birb #1700,A looping painted robin from BirbNation. One sphere. One clock. Minted on Robinhood Chain.,1700.gif,Peach,Brown,Heart,None
1701,Birb #1701,A looping painted robin from BirbNation. One sphere. One clock. Minted on Robinhood Chain.,1701.gif,Mint,Blue,Sleepy,Leaf
1702,Birb #1702,A looping painted robin from BirbNation. One sphere. One clock. Minted on Robinhood Chain.,1702.gif,White,Pink,Heart,Hat
1703,Birb #1703,A looping painted robin from BirbNation. One sphere. One clock. Minted on Robinhood Chain.,1703.gif,Space,Green,Wink,None
1704,Birb #1704,A looping painted robin from BirbNation. One sphere. One clock. Minted on Robinhood Chain.,1704.gif,White,Dusk,Sparkly,Leaf
1705,Birb #1705,A looping painted robin from BirbNation. One sphere. One clock. Minted on Robinhood Chain.,1705.gif,White,Green,Sad,Berry
1706,Birb #1706,A looping painted robin from BirbNation. One sphere. One clock. Minted on Robinhood Chain.,1706.gif,White,Void,Sleepy,None
1707,Birb #1707,A looping painted robin from BirbNation. One sphere. One clock. Minted on Robinhood Chain.,1707.gif,Mint,Dusk,Heart,Flower
1708,Birb #1708,A looping painted robin from BirbNation. One sphere. One clock. Minted on Robinhood Chain.,1708.gif,Blush,Brown,Sparkly,Bow
1709,Birb #1709,A looping painted robin from BirbNation. One sphere. One clock. Minted on Robinhood Chain.,1709.gif,Cream,Pink,Sparkly,None
1710,Birb #1710,A looping painted robin from BirbNation. One sphere. One clock. Minted on Robinhood Chain.,1710.gif,White,Gold,Heart,Bandana
1711,Birb #1711,A looping painted robin from BirbNation. One sphere. One clock. Minted on Robinhood Chain.,1711.gif,Sky,Brown,Blep,Bow
1712,Birb #1712,A looping painted robin from BirbNation. One sphere. One clock. Minted on Robinhood Chain.,1712.gif,Forest,Green,Wide,Flower
1713,Birb #1713,A looping painted robin from BirbNation. One sphere. One clock. Minted on Robinhood Chain.,1713.gif,White,Gold,Sleepy,Hat
1714,Birb #1714,A looping painted robin from BirbNation. One sphere. One clock. Minted on Robinhood Chain.,1714.gif,Peach,Pink,Sleepy,Flower
1715,Birb #1715,A looping painted robin from BirbNation. One sphere. One clock. Minted on Robinhood Chain.,1715.gif,White,Snow,Normal,Berry
1716,Birb #1716,A looping painted robin from BirbNation. One sphere. One clock. Minted on Robinhood Chain.,1716.gif,Sky,Pink,Sparkly,Crown
1717,Birb #1717,A looping painted robin from BirbNation. One sphere. One clock. Minted on Robinhood Chain.,1717.gif,Cream,Gold,Sparkly,Bandana
1718,Birb #1718,A looping painted robin from BirbNation. One sphere. One clock. Minted on Robinhood Chain.,1718.gif,Mint,Green,Sparkly,None
1719,Birb #1719,A looping painted robin from BirbNation. One sphere. One clock. Minted on Robinhood Chain.,1719.gif,Blush,Blue,Angry,Worm
1720,Birb #1720,A looping painted robin from BirbNation. One sphere. One clock. Minted on Robinhood Chain.,1720.gif,White,Void,Starry,None
1721,Birb #1721,A looping painted robin from BirbNation. One sphere. One clock. Minted on Robinhood Chain.,1721.gif,Peach,Frost,Angry,None
1722,Birb #1722,A looping painted robin from BirbNation. One sphere. One clock. Minted on Robinhood Chain.,1722.gif,Cream,Blue,Sleepy,Bow
1723,Birb #1723,A looping painted robin from BirbNation. One sphere. One clock. Minted on Robinhood Chain.,1723.gif,Cream,Brown,Heart,Bow
1724,Birb #1724,A looping painted robin from BirbNation. One sphere. One clock. Minted on Robinhood Chain.,1724.gif,Mint,Rainbow,Angry,Berry
1725,Birb #1725,A looping painted robin from BirbNation. One sphere. One clock. Minted on Robinhood Chain.,1725.gif,Space,Green,Heart,None
1726,Birb #1726,A looping painted robin from BirbNation. One sphere. One clock. Minted on Robinhood Chain.,1726.gif,Mint,Green,Blep,Bandana
1727,Birb #1727,A looping painted robin from BirbNation. One sphere. One clock. Minted on Robinhood Chain.,1727.gif,Dusk,Green,Sparkly,Berry
1728,Birb #1728,A looping painted robin from BirbNation. One sphere. One clock. Minted on Robinhood Chain.,1728.gif,Blush,Pink,Sparkly,Hat
1729,Birb #1729,A looping painted robin from BirbNation. One sphere. One clock. Minted on Robinhood Chain.,1729.gif,Forest,Pink,Sleepy,None
1730,Birb #1730,A looping painted robin from BirbNation. One sphere. One clock. Minted on Robinhood Chain.,1730.gif,Peach,Brown,Blep,Flower
1731,Birb #1731,A looping painted robin from BirbNation. One sphere. One clock. Minted on Robinhood Chain.,1731.gif,Blush,Brown,Wide,Crown
1732,Birb #1732,A looping painted robin from BirbNation. One sphere. One clock. Minted on Robinhood Chain.,1732.gif,Cream,Snow,Blep,None
1733,Birb #1733,A looping painted robin from BirbNation. One sphere. One clock. Minted on Robinhood Chain.,1733.gif,Sky,Gold,Normal,Leaf
1734,Birb #1734,A looping painted robin from BirbNation. One sphere. One clock. Minted on Robinhood Chain.,1734.gif,Cream,Snow,Wide,Bandana
1735,Birb #1735,A looping painted robin from BirbNation. One sphere. One clock. Minted on Robinhood Chain.,1735.gif,Blush,Blue,Sad,Leaf
1736,Birb #1736,A looping painted robin from BirbNation. One sphere. One clock. Minted on Robinhood Chain.,1736.gif,Cream,Snow,Normal,Hat
1737,Birb #1737,A looping painted robin from BirbNation. One sphere. One clock. Minted on Robinhood Chain.,1737.gif,White,Blue,Wink,Worm
1738,Birb #1738,A looping painted robin from BirbNation. One sphere. One clock. Minted on Robinhood Chain.,1738.gif,Blush,Gold,Sparkly,None
1739,Birb #1739,A looping painted robin from BirbNation. One sphere. One clock. Minted on Robinhood Chain.,1739.gif,Forest,Brown,Sparkly,Bandana
1740,Birb #1740,A looping painted robin from BirbNation. One sphere. One clock. Minted on Robinhood Chain.,1740.gif,White,Gold,Sad,Flower
1741,Birb #1741,A looping painted robin from BirbNation. One sphere. One clock. Minted on Robinhood Chain.,1741.gif,Space,Pink,Wide,None
1742,Birb #1742,A looping painted robin from BirbNation. One sphere. One clock. Minted on Robinhood Chain.,1742.gif,Cream,Brown,Wink,Berry
1743,Birb #1743,A looping painted robin from BirbNation. One sphere. One clock. Minted on Robinhood Chain.,1743.gif,Blush,Brown,Normal,Hat
1744,Birb #1744,A looping painted robin from BirbNation. One sphere. One clock. Minted on Robinhood Chain.,1744.gif,Peach,Gold,Sleepy,Worm
1745,Birb #1745,A looping painted robin from BirbNation. One sphere. One clock. Minted on Robinhood Chain.,1745.gif,Forest,Brown,Wink,Berry
1746,Birb #1746,A looping painted robin from BirbNation. One sphere. One clock. Minted on Robinhood Chain.,1746.gif,Mint,Green,Sleepy,Crown
1747,Birb #1747,A looping painted robin from BirbNation. One sphere. One clock. Minted on Robinhood Chain.,1747.gif,Sky,Brown,Sparkly,Berry
1748,Birb #1748,A looping painted robin from BirbNation. One sphere. One clock. Minted on Robinhood Chain.,1748.gif,Forest,Pink,Wide,None
1749,Birb #1749,A looping painted robin from BirbNation. One sphere. One clock. Minted on Robinhood Chain.,1749.gif,Cream,Rainbow,Wink,None
1750,Birb #1750,A looping painted robin from BirbNation. One sphere. One clock. Minted on Robinhood Chain.,1750.gif,White,Green,Blep,Bow
1751,Birb #1751,A looping painted robin from BirbNation. One sphere. One clock. Minted on Robinhood Chain.,1751.gif,Cream,Pink,Normal,Worm
1752,Birb #1752,A looping painted robin from BirbNation. One sphere. One clock. Minted on Robinhood Chain.,1752.gif,Sky,Gold,Angry,Berry
1753,Birb #1753,A looping painted robin from BirbNation. One sphere. One clock. Minted on Robinhood Chain.,1753.gif,Mint,Gold,Sparkly,Berry
1754,Birb #1754,A looping painted robin from BirbNation. One sphere. One clock. Minted on Robinhood Chain.,1754.gif,Blush,Brown,Sleepy,Leaf
1755,Birb #1755,A looping painted robin from BirbNation. One sphere. One clock. Minted on Robinhood Chain.,1755.gif,Sky,Frost,Wide,Crown
1756,Birb #1756,A looping painted robin from BirbNation. One sphere. One clock. Minted on Robinhood Chain.,1756.gif,Sky,Snow,Angry,Hat
1757,Birb #1757,A looping painted robin from BirbNation. One sphere. One clock. Minted on Robinhood Chain.,1757.gif,White,Green,Sparkly,Hat
1758,Birb #1758,A looping painted robin from BirbNation. One sphere. One clock. Minted on Robinhood Chain.,1758.gif,Blush,Gold,Sparkly,Worm
1759,Birb #1759,A looping painted robin from BirbNation. One sphere. One clock. Minted on Robinhood Chain.,1759.gif,Peach,Rainbow,Sparkly,Bow
1760,Birb #1760,A looping painted robin from BirbNation. One sphere. One clock. Minted on Robinhood Chain.,1760.gif,Space,Snow,Normal,Bow
1761,Birb #1761,A looping painted robin from BirbNation. One sphere. One clock. Minted on Robinhood Chain.,1761.gif,Cream,Gold,Wide,Hat
1762,Birb #1762,A looping painted robin from BirbNation. One sphere. One clock. Minted on Robinhood Chain.,1762.gif,Cream,Green,Wink,Hat
1763,Birb #1763,A looping painted robin from BirbNation. One sphere. One clock. Minted on Robinhood Chain.,1763.gif,Sky,Blue,Wink,Bow
1764,Birb #1764,A looping painted robin from BirbNation. One sphere. One clock. Minted on Robinhood Chain.,1764.gif,Forest,Green,Wide,Worm
1765,Birb #1765,A looping painted robin from BirbNation. One sphere. One clock. Minted on Robinhood Chain.,1765.gif,Sky,Snow,Normal,Worm
1766,Birb #1766,A looping painted robin from BirbNation. One sphere. One clock. Minted on Robinhood Chain.,1766.gif,Dusk,Brown,Wink,Flower
1767,Birb #1767,A looping painted robin from BirbNation. One sphere. One clock. Minted on Robinhood Chain.,1767.gif,White,Dusk,Blep,Bow
1768,Birb #1768,A looping painted robin from BirbNation. One sphere. One clock. Minted on Robinhood Chain.,1768.gif,Peach,Snow,Sad,Flower
1769,Birb #1769,A looping painted robin from BirbNation. One sphere. One clock. Minted on Robinhood Chain.,1769.gif,Peach,Rainbow,Sleepy,Flower
1770,Birb #1770,A looping painted robin from BirbNation. One sphere. One clock. Minted on Robinhood Chain.,1770.gif,Dusk,Pink,Sleepy,None
1771,Birb #1771,A looping painted robin from BirbNation. One sphere. One clock. Minted on Robinhood Chain.,1771.gif,White,Brown,Sleepy,Berry
1772,Birb #1772,A looping painted robin from BirbNation. One sphere. One clock. Minted on Robinhood Chain.,1772.gif,Mint,Brown,Starry,Crown
1773,Birb #1773,A looping painted robin from BirbNation. One sphere. One clock. Minted on Robinhood Chain.,1773.gif,Sky,Green,Sleepy,Bandana
1774,Birb #1774,A looping painted robin from BirbNation. One sphere. One clock. Minted on Robinhood Chain.,1774.gif,Sky,Frost,Sleepy,Leaf
1775,Birb #1775,A looping painted robin from BirbNation. One sphere. One clock. Minted on Robinhood Chain.,1775.gif,Forest,Snow,Wide,None
1776,Birb #1776,A looping painted robin from BirbNation. One sphere. One clock. Minted on Robinhood Chain.,1776.gif,Peach,Dusk,Wink,Flower
1777,Birb #1777,A looping painted robin from BirbNation. One sphere. One clock. Minted on Robinhood Chain.,1777.gif,Dusk,Frost,Sparkly,Hat
1778,Birb #1778,A looping painted robin from BirbNation. One sphere. One clock. Minted on Robinhood Chain.,1778.gif,Peach,Blue,Sleepy,Bandana
1779,Birb #1779,A looping painted robin from BirbNation. One sphere. One clock. Minted on Robinhood Chain.,1779.gif,Space,Rainbow,Sparkly,Bandana
1780,Birb #1780,A looping painted robin from BirbNation. One sphere. One clock. Minted on Robinhood Chain.,1780.gif,Cream,Blue,Blep,Flower
1781,Birb #1781,A looping painted robin from BirbNation. One sphere. One clock. Minted on Robinhood Chain.,1781.gif,Forest,Gold,Angry,Hat
1782,Birb #1782,A looping painted robin from BirbNation. One sphere. One clock. Minted on Robinhood Chain.,1782.gif,Mint,Blue,Sparkly,Leaf
1783,Birb #1783,A looping painted robin from BirbNation. One sphere. One clock. Minted on Robinhood Chain.,1783.gif,Peach,Blue,Wide,Bandana
1784,Birb #1784,A looping painted robin from BirbNation. One sphere. One clock. Minted on Robinhood Chain.,1784.gif,Blush,Green,Starry,Bandana
1785,Birb #1785,A looping painted robin from BirbNation. One sphere. One clock. Minted on Robinhood Chain.,1785.gif,Blush,Blue,Heart,Hat
1786,Birb #1786,A looping painted robin from BirbNation. One sphere. One clock. Minted on Robinhood Chain.,1786.gif,Cream,Green,Wide,Leaf
1787,Birb #1787,A looping painted robin from BirbNation. One sphere. One clock. Minted on Robinhood Chain.,1787.gif,Sky,Snow,Wide,None
1788,Birb #1788,A looping painted robin from BirbNation. One sphere. One clock. Minted on Robinhood Chain.,1788.gif,Sky,Blue,Wide,Hat
1789,Birb #1789,A looping painted robin from BirbNation. One sphere. One clock. Minted on Robinhood Chain.,1789.gif,Dusk,Pink,Sleepy,Flower
1790,Birb #1790,A looping painted robin from BirbNation. One sphere. One clock. Minted on Robinhood Chain.,1790.gif,Blush,Green,Sparkly,Leaf
1791,Birb #1791,A looping painted robin from BirbNation. One sphere. One clock. Minted on Robinhood Chain.,1791.gif,Peach,Rainbow,Blep,Flower
1792,Birb #1792,A looping painted robin from BirbNation. One sphere. One clock. Minted on Robinhood Chain.,1792.gif,Space,Brown,Sparkly,Flower
1793,Birb #1793,A looping painted robin from BirbNation. One sphere. One clock. Minted on Robinhood Chain.,1793.gif,Peach,Dusk,Wink,Bandana
1794,Birb #1794,A looping painted robin from BirbNation. One sphere. One clock. Minted on Robinhood Chain.,1794.gif,Cream,Green,Starry,Bandana
1795,Birb #1795,A looping painted robin from BirbNation. One sphere. One clock. Minted on Robinhood Chain.,1795.gif,Sky,Frost,Blep,Flower
1796,Birb #1796,A looping painted robin from BirbNation. One sphere. One clock. Minted on Robinhood Chain.,1796.gif,Peach,Frost,Sad,Berry
1797,Birb #1797,A looping painted robin from BirbNation. One sphere. One clock. Minted on Robinhood Chain.,1797.gif,Forest,Green,Blep,Leaf
1798,Birb #1798,A looping painted robin from BirbNation. One sphere. One clock. Minted on Robinhood Chain.,1798.gif,Dusk,Rainbow,Wink,Berry
1799,Birb #1799,A looping painted robin from BirbNation. One sphere. One clock. Minted on Robinhood Chain.,1799.gif,Space,Frost,Wink,Flower
1800,Birb #1800,A looping painted robin from BirbNation. One sphere. One clock. Minted on Robinhood Chain.,1800.gif,Space,Frost,Blep,Leaf
1801,Birb #1801,A looping painted robin from BirbNation. One sphere. One clock. Minted on Robinhood Chain.,1801.gif,White,Dusk,Blep,Leaf
1802,Birb #1802,A looping painted robin from BirbNation. One sphere. One clock. Minted on Robinhood Chain.,1802.gif,White,Void,Wink,Flower
1803,Birb #1803,A looping painted robin from BirbNation. One sphere. One clock. Minted on Robinhood Chain.,1803.gif,Mint,Brown,Starry,Berry
1804,Birb #1804,A looping painted robin from BirbNation. One sphere. One clock. Minted on Robinhood Chain.,1804.gif,White,Pink,Sleepy,Hat
1805,Birb #1805,A looping painted robin from BirbNation. One sphere. One clock. Minted on Robinhood Chain.,1805.gif,Sky,Pink,Wink,Bow
1806,Birb #1806,A looping painted robin from BirbNation. One sphere. One clock. Minted on Robinhood Chain.,1806.gif,Blush,Blue,Wide,Bow
1807,Birb #1807,A looping painted robin from BirbNation. One sphere. One clock. Minted on Robinhood Chain.,1807.gif,Mint,Snow,Blep,Flower
1808,Birb #1808,A looping painted robin from BirbNation. One sphere. One clock. Minted on Robinhood Chain.,1808.gif,White,Frost,Normal,Worm
1809,Birb #1809,A looping painted robin from BirbNation. One sphere. One clock. Minted on Robinhood Chain.,1809.gif,Mint,Frost,Normal,Bandana
1810,Birb #1810,A looping painted robin from BirbNation. One sphere. One clock. Minted on Robinhood Chain.,1810.gif,Cream,Dusk,Sleepy,None
1811,Birb #1811,A looping painted robin from BirbNation. One sphere. One clock. Minted on Robinhood Chain.,1811.gif,Mint,Blue,Sparkly,Hat
1812,Birb #1812,A looping painted robin from BirbNation. One sphere. One clock. Minted on Robinhood Chain.,1812.gif,Peach,Green,Sleepy,Bandana
1813,Birb #1813,A looping painted robin from BirbNation. One sphere. One clock. Minted on Robinhood Chain.,1813.gif,Blush,Blue,Wink,Crown
1814,Birb #1814,A looping painted robin from BirbNation. One sphere. One clock. Minted on Robinhood Chain.,1814.gif,Cream,Dusk,Angry,Bandana
1815,Birb #1815,A looping painted robin from BirbNation. One sphere. One clock. Minted on Robinhood Chain.,1815.gif,Mint,Rainbow,Wide,None
1816,Birb #1816,A looping painted robin from BirbNation. One sphere. One clock. Minted on Robinhood Chain.,1816.gif,Mint,Blue,Heart,Hat
1817,Birb #1817,A looping painted robin from BirbNation. One sphere. One clock. Minted on Robinhood Chain.,1817.gif,Peach,Pink,Normal,None
1818,Birb #1818,A looping painted robin from BirbNation. One sphere. One clock. Minted on Robinhood Chain.,1818.gif,Blush,Brown,Sparkly,Worm
1819,Birb #1819,A looping painted robin from BirbNation. One sphere. One clock. Minted on Robinhood Chain.,1819.gif,Peach,Dusk,Normal,Flower
1820,Birb #1820,A looping painted robin from BirbNation. One sphere. One clock. Minted on Robinhood Chain.,1820.gif,White,Brown,Angry,Worm
1821,Birb #1821,A looping painted robin from BirbNation. One sphere. One clock. Minted on Robinhood Chain.,1821.gif,Forest,Pink,Sad,Flower
1822,Birb #1822,A looping painted robin from BirbNation. One sphere. One clock. Minted on Robinhood Chain.,1822.gif,Peach,Blue,Wide,Leaf
1823,Birb #1823,A looping painted robin from BirbNation. One sphere. One clock. Minted on Robinhood Chain.,1823.gif,Space,Snow,Blep,Hat
1824,Birb #1824,A looping painted robin from BirbNation. One sphere. One clock. Minted on Robinhood Chain.,1824.gif,Dusk,Gold,Sparkly,Hat
1825,Birb #1825,A looping painted robin from BirbNation. One sphere. One clock. Minted on Robinhood Chain.,1825.gif,Mint,Dusk,Starry,Hat
1826,Birb #1826,A looping painted robin from BirbNation. One sphere. One clock. Minted on Robinhood Chain.,1826.gif,Sky,Snow,Sleepy,Flower
1827,Birb #1827,A looping painted robin from BirbNation. One sphere. One clock. Minted on Robinhood Chain.,1827.gif,Blush,Blue,Sparkly,Berry
1828,Birb #1828,A looping painted robin from BirbNation. One sphere. One clock. Minted on Robinhood Chain.,1828.gif,Mint,Brown,Normal,Hat
1829,Birb #1829,A looping painted robin from BirbNation. One sphere. One clock. Minted on Robinhood Chain.,1829.gif,Dusk,Dusk,Blep,Crown
1830,Birb #1830,A looping painted robin from BirbNation. One sphere. One clock. Minted on Robinhood Chain.,1830.gif,Mint,Pink,Blep,Leaf
1831,Birb #1831,A looping painted robin from BirbNation. One sphere. One clock. Minted on Robinhood Chain.,1831.gif,White,Brown,Sleepy,Worm
1832,Birb #1832,A looping painted robin from BirbNation. One sphere. One clock. Minted on Robinhood Chain.,1832.gif,Dusk,Pink,Blep,Hat
1833,Birb #1833,A looping painted robin from BirbNation. One sphere. One clock. Minted on Robinhood Chain.,1833.gif,Sky,Brown,Sparkly,Hat
1834,Birb #1834,A looping painted robin from BirbNation. One sphere. One clock. Minted on Robinhood Chain.,1834.gif,Blush,Pink,Blep,Leaf
1835,Birb #1835,A looping painted robin from BirbNation. One sphere. One clock. Minted on Robinhood Chain.,1835.gif,Space,Brown,Normal,Worm
1836,Birb #1836,A looping painted robin from BirbNation. One sphere. One clock. Minted on Robinhood Chain.,1836.gif,Mint,Blue,Sad,Berry
1837,Birb #1837,A looping painted robin from BirbNation. One sphere. One clock. Minted on Robinhood Chain.,1837.gif,Cream,Frost,Blep,Hat
1838,Birb #1838,A looping painted robin from BirbNation. One sphere. One clock. Minted on Robinhood Chain.,1838.gif,Mint,Green,Sad,Flower
1839,Birb #1839,A looping painted robin from BirbNation. One sphere. One clock. Minted on Robinhood Chain.,1839.gif,Forest,Green,Sparkly,Worm
1840,Birb #1840,A looping painted robin from BirbNation. One sphere. One clock. Minted on Robinhood Chain.,1840.gif,Blush,Blue,Heart,Bandana
1841,Birb #1841,A looping painted robin from BirbNation. One sphere. One clock. Minted on Robinhood Chain.,1841.gif,White,Blue,Heart,Berry
1842,Birb #1842,A looping painted robin from BirbNation. One sphere. One clock. Minted on Robinhood Chain.,1842.gif,Mint,Green,Wide,Worm
1843,Birb #1843,A looping painted robin from BirbNation. One sphere. One clock. Minted on Robinhood Chain.,1843.gif,Dusk,Pink,Heart,Hat
1844,Birb #1844,A looping painted robin from BirbNation. One sphere. One clock. Minted on Robinhood Chain.,1844.gif,Peach,Brown,Wide,Crown
1845,Birb #1845,A looping painted robin from BirbNation. One sphere. One clock. Minted on Robinhood Chain.,1845.gif,Forest,Gold,Angry,None
1846,Birb #1846,A looping painted robin from BirbNation. One sphere. One clock. Minted on Robinhood Chain.,1846.gif,Cream,Pink,Normal,Leaf
1847,Birb #1847,A looping painted robin from BirbNation. One sphere. One clock. Minted on Robinhood Chain.,1847.gif,Blush,Green,Wide,None
1848,Birb #1848,A looping painted robin from BirbNation. One sphere. One clock. Minted on Robinhood Chain.,1848.gif,White,Green,Starry,None
1849,Birb #1849,A looping painted robin from BirbNation. One sphere. One clock. Minted on Robinhood Chain.,1849.gif,Peach,Dusk,Starry,None
1850,Birb #1850,A looping painted robin from BirbNation. One sphere. One clock. Minted on Robinhood Chain.,1850.gif,Mint,Frost,Normal,Crown
1851,Birb #1851,A looping painted robin from BirbNation. One sphere. One clock. Minted on Robinhood Chain.,1851.gif,Sky,Blue,Starry,Crown
1852,Birb #1852,A looping painted robin from BirbNation. One sphere. One clock. Minted on Robinhood Chain.,1852.gif,Peach,Brown,Normal,Bandana
1853,Birb #1853,A looping painted robin from BirbNation. One sphere. One clock. Minted on Robinhood Chain.,1853.gif,Cream,Gold,Blep,Leaf
1854,Birb #1854,A looping painted robin from BirbNation. One sphere. One clock. Minted on Robinhood Chain.,1854.gif,Mint,Gold,Blep,Bandana
1855,Birb #1855,A looping painted robin from BirbNation. One sphere. One clock. Minted on Robinhood Chain.,1855.gif,White,Frost,Sad,Leaf
1856,Birb #1856,A looping painted robin from BirbNation. One sphere. One clock. Minted on Robinhood Chain.,1856.gif,Sky,Brown,Heart,Bandana
1857,Birb #1857,A looping painted robin from BirbNation. One sphere. One clock. Minted on Robinhood Chain.,1857.gif,Cream,Void,Blep,Flower
1858,Birb #1858,A looping painted robin from BirbNation. One sphere. One clock. Minted on Robinhood Chain.,1858.gif,Peach,Void,Normal,Leaf
1859,Birb #1859,A looping painted robin from BirbNation. One sphere. One clock. Minted on Robinhood Chain.,1859.gif,Cream,Frost,Wink,Flower
1860,Birb #1860,A looping painted robin from BirbNation. One sphere. One clock. Minted on Robinhood Chain.,1860.gif,Cream,Brown,Angry,Worm
1861,Birb #1861,A looping painted robin from BirbNation. One sphere. One clock. Minted on Robinhood Chain.,1861.gif,Mint,Snow,Normal,Bandana
1862,Birb #1862,A looping painted robin from BirbNation. One sphere. One clock. Minted on Robinhood Chain.,1862.gif,Blush,Gold,Starry,Leaf
1863,Birb #1863,A looping painted robin from BirbNation. One sphere. One clock. Minted on Robinhood Chain.,1863.gif,White,Blue,Sleepy,Crown
1864,Birb #1864,A looping painted robin from BirbNation. One sphere. One clock. Minted on Robinhood Chain.,1864.gif,Mint,Gold,Sparkly,Flower
1865,Birb #1865,A looping painted robin from BirbNation. One sphere. One clock. Minted on Robinhood Chain.,1865.gif,Sky,Dusk,Normal,Bandana
1866,Birb #1866,A looping painted robin from BirbNation. One sphere. One clock. Minted on Robinhood Chain.,1866.gif,White,Dusk,Starry,None
1867,Birb #1867,A looping painted robin from BirbNation. One sphere. One clock. Minted on Robinhood Chain.,1867.gif,White,Pink,Sleepy,None
1868,Birb #1868,A looping painted robin from BirbNation. One sphere. One clock. Minted on Robinhood Chain.,1868.gif,Blush,Blue,Sad,None
1869,Birb #1869,A looping painted robin from BirbNation. One sphere. One clock. Minted on Robinhood Chain.,1869.gif,Dusk,Rainbow,Blep,None
1870,Birb #1870,A looping painted robin from BirbNation. One sphere. One clock. Minted on Robinhood Chain.,1870.gif,White,Blue,Sleepy,Hat
1871,Birb #1871,A looping painted robin from BirbNation. One sphere. One clock. Minted on Robinhood Chain.,1871.gif,Forest,Green,Sad,Flower
1872,Birb #1872,A looping painted robin from BirbNation. One sphere. One clock. Minted on Robinhood Chain.,1872.gif,Forest,Void,Normal,None
1873,Birb #1873,A looping painted robin from BirbNation. One sphere. One clock. Minted on Robinhood Chain.,1873.gif,Sky,Blue,Starry,None
1874,Birb #1874,A looping painted robin from BirbNation. One sphere. One clock. Minted on Robinhood Chain.,1874.gif,White,Snow,Sad,None
1875,Birb #1875,A looping painted robin from BirbNation. One sphere. One clock. Minted on Robinhood Chain.,1875.gif,Forest,Blue,Heart,Crown
1876,Birb #1876,A looping painted robin from BirbNation. One sphere. One clock. Minted on Robinhood Chain.,1876.gif,Blush,Dusk,Wide,Leaf
1877,Birb #1877,A looping painted robin from BirbNation. One sphere. One clock. Minted on Robinhood Chain.,1877.gif,Mint,Frost,Sad,None
1878,Birb #1878,A looping painted robin from BirbNation. One sphere. One clock. Minted on Robinhood Chain.,1878.gif,Cream,Dusk,Normal,None
1879,Birb #1879,A looping painted robin from BirbNation. One sphere. One clock. Minted on Robinhood Chain.,1879.gif,Mint,Dusk,Blep,Berry
1880,Birb #1880,A looping painted robin from BirbNation. One sphere. One clock. Minted on Robinhood Chain.,1880.gif,Space,Snow,Normal,Leaf
1881,Birb #1881,A looping painted robin from BirbNation. One sphere. One clock. Minted on Robinhood Chain.,1881.gif,Forest,Gold,Blep,Bandana
1882,Birb #1882,A looping painted robin from BirbNation. One sphere. One clock. Minted on Robinhood Chain.,1882.gif,White,Snow,Blep,None
1883,Birb #1883,A looping painted robin from BirbNation. One sphere. One clock. Minted on Robinhood Chain.,1883.gif,Blush,Void,Wide,Bow
1884,Birb #1884,A looping painted robin from BirbNation. One sphere. One clock. Minted on Robinhood Chain.,1884.gif,Dusk,Pink,Sleepy,Hat
1885,Birb #1885,A looping painted robin from BirbNation. One sphere. One clock. Minted on Robinhood Chain.,1885.gif,Mint,Green,Wide,Bow
1886,Birb #1886,A looping painted robin from BirbNation. One sphere. One clock. Minted on Robinhood Chain.,1886.gif,Sky,Rainbow,Sparkly,Bow
1887,Birb #1887,A looping painted robin from BirbNation. One sphere. One clock. Minted on Robinhood Chain.,1887.gif,Blush,Pink,Starry,Flower
1888,Birb #1888,A looping painted robin from BirbNation. One sphere. One clock. Minted on Robinhood Chain.,1888.gif,Peach,Blue,Wide,Flower
1889,Birb #1889,A looping painted robin from BirbNation. One sphere. One clock. Minted on Robinhood Chain.,1889.gif,Forest,Snow,Normal,None
1890,Birb #1890,A looping painted robin from BirbNation. One sphere. One clock. Minted on Robinhood Chain.,1890.gif,Space,Pink,Wink,Hat
1891,Birb #1891,A looping painted robin from BirbNation. One sphere. One clock. Minted on Robinhood Chain.,1891.gif,Forest,Gold,Wink,None
1892,Birb #1892,A looping painted robin from BirbNation. One sphere. One clock. Minted on Robinhood Chain.,1892.gif,Dusk,Snow,Sparkly,Bow
1893,Birb #1893,A looping painted robin from BirbNation. One sphere. One clock. Minted on Robinhood Chain.,1893.gif,Space,Pink,Blep,Berry
1894,Birb #1894,A looping painted robin from BirbNation. One sphere. One clock. Minted on Robinhood Chain.,1894.gif,White,Dusk,Starry,Berry
1895,Birb #1895,A looping painted robin from BirbNation. One sphere. One clock. Minted on Robinhood Chain.,1895.gif,Sky,Brown,Angry,Crown
1896,Birb #1896,A looping painted robin from BirbNation. One sphere. One clock. Minted on Robinhood Chain.,1896.gif,Space,Blue,Normal,None
1897,Birb #1897,A looping painted robin from BirbNation. One sphere. One clock. Minted on Robinhood Chain.,1897.gif,Forest,Gold,Sad,Crown
1898,Birb #1898,A looping painted robin from BirbNation. One sphere. One clock. Minted on Robinhood Chain.,1898.gif,Space,Gold,Angry,Hat
1899,Birb #1899,A looping painted robin from BirbNation. One sphere. One clock. Minted on Robinhood Chain.,1899.gif,Sky,Blue,Sad,None
1900,Birb #1900,A looping painted robin from BirbNation. One sphere. One clock. Minted on Robinhood Chain.,1900.gif,Cream,Blue,Wide,Leaf
1901,Birb #1901,A looping painted robin from BirbNation. One sphere. One clock. Minted on Robinhood Chain.,1901.gif,Forest,Pink,Normal,Flower
1902,Birb #1902,A looping painted robin from BirbNation. One sphere. One clock. Minted on Robinhood Chain.,1902.gif,Cream,Brown,Sparkly,Flower
1903,Birb #1903,A looping painted robin from BirbNation. One sphere. One clock. Minted on Robinhood Chain.,1903.gif,White,Pink,Sleepy,Crown
1904,Birb #1904,A looping painted robin from BirbNation. One sphere. One clock. Minted on Robinhood Chain.,1904.gif,Blush,Brown,Sparkly,Berry
1905,Birb #1905,A looping painted robin from BirbNation. One sphere. One clock. Minted on Robinhood Chain.,1905.gif,Peach,Void,Sparkly,Leaf
1906,Birb #1906,A looping painted robin from BirbNation. One sphere. One clock. Minted on Robinhood Chain.,1906.gif,Mint,Brown,Sleepy,Leaf
1907,Birb #1907,A looping painted robin from BirbNation. One sphere. One clock. Minted on Robinhood Chain.,1907.gif,White,Dusk,Normal,None
1908,Birb #1908,A looping painted robin from BirbNation. One sphere. One clock. Minted on Robinhood Chain.,1908.gif,White,Pink,Wink,Bandana
1909,Birb #1909,A looping painted robin from BirbNation. One sphere. One clock. Minted on Robinhood Chain.,1909.gif,Peach,Green,Sleepy,Flower
1910,Birb #1910,A looping painted robin from BirbNation. One sphere. One clock. Minted on Robinhood Chain.,1910.gif,Peach,Brown,Normal,Bow
1911,Birb #1911,A looping painted robin from BirbNation. One sphere. One clock. Minted on Robinhood Chain.,1911.gif,Cream,Snow,Normal,Worm
1912,Birb #1912,A looping painted robin from BirbNation. One sphere. One clock. Minted on Robinhood Chain.,1912.gif,Sky,Blue,Sleepy,Flower
1913,Birb #1913,A looping painted robin from BirbNation. One sphere. One clock. Minted on Robinhood Chain.,1913.gif,Peach,Blue,Wink,Flower
1914,Birb #1914,A looping painted robin from BirbNation. One sphere. One clock. Minted on Robinhood Chain.,1914.gif,White,Brown,Sad,Flower
1915,Birb #1915,A looping painted robin from BirbNation. One sphere. One clock. Minted on Robinhood Chain.,1915.gif,Mint,Blue,Blep,Bow
1916,Birb #1916,A looping painted robin from BirbNation. One sphere. One clock. Minted on Robinhood Chain.,1916.gif,Blush,Rainbow,Sad,Worm
1917,Birb #1917,A looping painted robin from BirbNation. One sphere. One clock. Minted on Robinhood Chain.,1917.gif,Cream,Frost,Blep,Leaf
1918,Birb #1918,A looping painted robin from BirbNation. One sphere. One clock. Minted on Robinhood Chain.,1918.gif,Space,Brown,Wide,Crown
1919,Birb #1919,A looping painted robin from BirbNation. One sphere. One clock. Minted on Robinhood Chain.,1919.gif,White,Green,Sleepy,Berry
1920,Birb #1920,A looping painted robin from BirbNation. One sphere. One clock. Minted on Robinhood Chain.,1920.gif,Forest,Green,Normal,Leaf
1921,Birb #1921,A looping painted robin from BirbNation. One sphere. One clock. Minted on Robinhood Chain.,1921.gif,Sky,Green,Wide,Bandana
1922,Birb #1922,A looping painted robin from BirbNation. One sphere. One clock. Minted on Robinhood Chain.,1922.gif,Space,Snow,Normal,None
1923,Birb #1923,A looping painted robin from BirbNation. One sphere. One clock. Minted on Robinhood Chain.,1923.gif,Peach,Pink,Wide,Leaf
1924,Birb #1924,A looping painted robin from BirbNation. One sphere. One clock. Minted on Robinhood Chain.,1924.gif,Space,Blue,Wink,Bandana
1925,Birb #1925,A looping painted robin from BirbNation. One sphere. One clock. Minted on Robinhood Chain.,1925.gif,White,Frost,Sleepy,Bandana
1926,Birb #1926,A looping painted robin from BirbNation. One sphere. One clock. Minted on Robinhood Chain.,1926.gif,Peach,Pink,Sleepy,None
1927,Birb #1927,A looping painted robin from BirbNation. One sphere. One clock. Minted on Robinhood Chain.,1927.gif,Cream,Brown,Normal,Bow
1928,Birb #1928,A looping painted robin from BirbNation. One sphere. One clock. Minted on Robinhood Chain.,1928.gif,Dusk,Snow,Sparkly,Leaf
1929,Birb #1929,A looping painted robin from BirbNation. One sphere. One clock. Minted on Robinhood Chain.,1929.gif,Blush,Green,Starry,None
1930,Birb #1930,A looping painted robin from BirbNation. One sphere. One clock. Minted on Robinhood Chain.,1930.gif,Mint,Dusk,Blep,Leaf
1931,Birb #1931,A looping painted robin from BirbNation. One sphere. One clock. Minted on Robinhood Chain.,1931.gif,Peach,Green,Starry,Berry
1932,Birb #1932,A looping painted robin from BirbNation. One sphere. One clock. Minted on Robinhood Chain.,1932.gif,Sky,Pink,Normal,Bandana
1933,Birb #1933,A looping painted robin from BirbNation. One sphere. One clock. Minted on Robinhood Chain.,1933.gif,Peach,Rainbow,Blep,Bandana
1934,Birb #1934,A looping painted robin from BirbNation. One sphere. One clock. Minted on Robinhood Chain.,1934.gif,Blush,Blue,Sleepy,Berry
1935,Birb #1935,A looping painted robin from BirbNation. One sphere. One clock. Minted on Robinhood Chain.,1935.gif,Dusk,Brown,Heart,Hat
1936,Birb #1936,A looping painted robin from BirbNation. One sphere. One clock. Minted on Robinhood Chain.,1936.gif,Dusk,Pink,Wide,Berry
1937,Birb #1937,A looping painted robin from BirbNation. One sphere. One clock. Minted on Robinhood Chain.,1937.gif,Blush,Frost,Sad,None
1938,Birb #1938,A looping painted robin from BirbNation. One sphere. One clock. Minted on Robinhood Chain.,1938.gif,Space,Gold,Starry,Bow
1939,Birb #1939,A looping painted robin from BirbNation. One sphere. One clock. Minted on Robinhood Chain.,1939.gif,Blush,Blue,Sleepy,Flower
1940,Birb #1940,A looping painted robin from BirbNation. One sphere. One clock. Minted on Robinhood Chain.,1940.gif,Blush,Gold,Wide,Berry
1941,Birb #1941,A looping painted robin from BirbNation. One sphere. One clock. Minted on Robinhood Chain.,1941.gif,Space,Pink,Angry,Bandana
1942,Birb #1942,A looping painted robin from BirbNation. One sphere. One clock. Minted on Robinhood Chain.,1942.gif,Sky,Rainbow,Sparkly,Hat
1943,Birb #1943,A looping painted robin from BirbNation. One sphere. One clock. Minted on Robinhood Chain.,1943.gif,Forest,Pink,Blep,Bow
1944,Birb #1944,A looping painted robin from BirbNation. One sphere. One clock. Minted on Robinhood Chain.,1944.gif,Dusk,Pink,Blep,Bandana
1945,Birb #1945,A looping painted robin from BirbNation. One sphere. One clock. Minted on Robinhood Chain.,1945.gif,Mint,Rainbow,Blep,None
1946,Birb #1946,A looping painted robin from BirbNation. One sphere. One clock. Minted on Robinhood Chain.,1946.gif,Dusk,Dusk,Blep,Berry
1947,Birb #1947,A looping painted robin from BirbNation. One sphere. One clock. Minted on Robinhood Chain.,1947.gif,Peach,Blue,Blep,Bandana
1948,Birb #1948,A looping painted robin from BirbNation. One sphere. One clock. Minted on Robinhood Chain.,1948.gif,Sky,Pink,Wink,Berry
1949,Birb #1949,A looping painted robin from BirbNation. One sphere. One clock. Minted on Robinhood Chain.,1949.gif,Mint,Pink,Wide,None
1950,Birb #1950,A looping painted robin from BirbNation. One sphere. One clock. Minted on Robinhood Chain.,1950.gif,Sky,Pink,Normal,Flower
1951,Birb #1951,A looping painted robin from BirbNation. One sphere. One clock. Minted on Robinhood Chain.,1951.gif,Peach,Green,Wink,Hat
1952,Birb #1952,A looping painted robin from BirbNation. One sphere. One clock. Minted on Robinhood Chain.,1952.gif,Cream,Blue,Blep,Bandana
1953,Birb #1953,A looping painted robin from BirbNation. One sphere. One clock. Minted on Robinhood Chain.,1953.gif,Blush,Gold,Wink,Flower
1954,Birb #1954,A looping painted robin from BirbNation. One sphere. One clock. Minted on Robinhood Chain.,1954.gif,Mint,Blue,Normal,Leaf
1955,Birb #1955,A looping painted robin from BirbNation. One sphere. One clock. Minted on Robinhood Chain.,1955.gif,Space,Void,Wide,Bow
1956,Birb #1956,A looping painted robin from BirbNation. One sphere. One clock. Minted on Robinhood Chain.,1956.gif,White,Rainbow,Blep,None
1957,Birb #1957,A looping painted robin from BirbNation. One sphere. One clock. Minted on Robinhood Chain.,1957.gif,Cream,Green,Blep,Berry
1958,Birb #1958,A looping painted robin from BirbNation. One sphere. One clock. Minted on Robinhood Chain.,1958.gif,Forest,Gold,Sparkly,Leaf
1959,Birb #1959,A looping painted robin from BirbNation. One sphere. One clock. Minted on Robinhood Chain.,1959.gif,Sky,Dusk,Blep,None
1960,Birb #1960,A looping painted robin from BirbNation. One sphere. One clock. Minted on Robinhood Chain.,1960.gif,Cream,Blue,Starry,Berry
1961,Birb #1961,A looping painted robin from BirbNation. One sphere. One clock. Minted on Robinhood Chain.,1961.gif,Forest,Void,Starry,Flower
1962,Birb #1962,A looping painted robin from BirbNation. One sphere. One clock. Minted on Robinhood Chain.,1962.gif,Peach,Gold,Angry,Bow
1963,Birb #1963,A looping painted robin from BirbNation. One sphere. One clock. Minted on Robinhood Chain.,1963.gif,Forest,Blue,Wide,Flower
1964,Birb #1964,A looping painted robin from BirbNation. One sphere. One clock. Minted on Robinhood Chain.,1964.gif,Peach,Pink,Sparkly,None
1965,Birb #1965,A looping painted robin from BirbNation. One sphere. One clock. Minted on Robinhood Chain.,1965.gif,Forest,Frost,Blep,Flower
1966,Birb #1966,A looping painted robin from BirbNation. One sphere. One clock. Minted on Robinhood Chain.,1966.gif,White,Green,Heart,None
1967,Birb #1967,A looping painted robin from BirbNation. One sphere. One clock. Minted on Robinhood Chain.,1967.gif,Mint,Gold,Normal,Berry
1968,Birb #1968,A looping painted robin from BirbNation. One sphere. One clock. Minted on Robinhood Chain.,1968.gif,Blush,Blue,Normal,Bow
1969,Birb #1969,A looping painted robin from BirbNation. One sphere. One clock. Minted on Robinhood Chain.,1969.gif,Cream,Brown,Normal,Bandana
1970,Birb #1970,A looping painted robin from BirbNation. One sphere. One clock. Minted on Robinhood Chain.,1970.gif,Sky,Green,Normal,Bandana
1971,Birb #1971,A looping painted robin from BirbNation. One sphere. One clock. Minted on Robinhood Chain.,1971.gif,Cream,Pink,Blep,Bandana
1972,Birb #1972,A looping painted robin from BirbNation. One sphere. One clock. Minted on Robinhood Chain.,1972.gif,Space,Green,Normal,Hat
1973,Birb #1973,A looping painted robin from BirbNation. One sphere. One clock. Minted on Robinhood Chain.,1973.gif,Peach,Dusk,Blep,Leaf
1974,Birb #1974,A looping painted robin from BirbNation. One sphere. One clock. Minted on Robinhood Chain.,1974.gif,Cream,Green,Starry,Berry
1975,Birb #1975,A looping painted robin from BirbNation. One sphere. One clock. Minted on Robinhood Chain.,1975.gif,Dusk,Gold,Sparkly,None
1976,Birb #1976,A looping painted robin from BirbNation. One sphere. One clock. Minted on Robinhood Chain.,1976.gif,White,Brown,Wink,Flower
1977,Birb #1977,A looping painted robin from BirbNation. One sphere. One clock. Minted on Robinhood Chain.,1977.gif,Cream,Dusk,Blep,Crown
1978,Birb #1978,A looping painted robin from BirbNation. One sphere. One clock. Minted on Robinhood Chain.,1978.gif,Mint,Dusk,Angry,None
1979,Birb #1979,A looping painted robin from BirbNation. One sphere. One clock. Minted on Robinhood Chain.,1979.gif,Dusk,Green,Wink,Crown
1980,Birb #1980,A looping painted robin from BirbNation. One sphere. One clock. Minted on Robinhood Chain.,1980.gif,Forest,Brown,Wide,Flower
1981,Birb #1981,A looping painted robin from BirbNation. One sphere. One clock. Minted on Robinhood Chain.,1981.gif,Sky,Pink,Normal,Worm
1982,Birb #1982,A looping painted robin from BirbNation. One sphere. One clock. Minted on Robinhood Chain.,1982.gif,Cream,Green,Starry,Hat
1983,Birb #1983,A looping painted robin from BirbNation. One sphere. One clock. Minted on Robinhood Chain.,1983.gif,White,Green,Sparkly,Flower
1984,Birb #1984,A looping painted robin from BirbNation. One sphere. One clock. Minted on Robinhood Chain.,1984.gif,Peach,Snow,Wide,Bandana
1985,Birb #1985,A looping painted robin from BirbNation. One sphere. One clock. Minted on Robinhood Chain.,1985.gif,Peach,Frost,Blep,Bow
1986,Birb #1986,A looping painted robin from BirbNation. One sphere. One clock. Minted on Robinhood Chain.,1986.gif,Dusk,Pink,Sparkly,Bandana
1987,Birb #1987,A looping painted robin from BirbNation. One sphere. One clock. Minted on Robinhood Chain.,1987.gif,Sky,Rainbow,Angry,Bow
1988,Birb #1988,A looping painted robin from BirbNation. One sphere. One clock. Minted on Robinhood Chain.,1988.gif,Cream,Snow,Sleepy,Bandana
1989,Birb #1989,A looping painted robin from BirbNation. One sphere. One clock. Minted on Robinhood Chain.,1989.gif,Forest,Blue,Sleepy,Crown
1990,Birb #1990,A looping painted robin from BirbNation. One sphere. One clock. Minted on Robinhood Chain.,1990.gif,Peach,Frost,Normal,Flower
1991,Birb #1991,A looping painted robin from BirbNation. One sphere. One clock. Minted on Robinhood Chain.,1991.gif,Sky,Dusk,Starry,None
1992,Birb #1992,A looping painted robin from BirbNation. One sphere. One clock. Minted on Robinhood Chain.,1992.gif,Peach,Blue,Sparkly,Bow
1993,Birb #1993,A looping painted robin from BirbNation. One sphere. One clock. Minted on Robinhood Chain.,1993.gif,Sky,Brown,Sleepy,Bandana
1994,Birb #1994,A looping painted robin from BirbNation. One sphere. One clock. Minted on Robinhood Chain.,1994.gif,Sky,Green,Normal,Bow
1995,Birb #1995,A looping painted robin from BirbNation. One sphere. One clock. Minted on Robinhood Chain.,1995.gif,Mint,Frost,Angry,None
1996,Birb #1996,A looping painted robin from BirbNation. One sphere. One clock. Minted on Robinhood Chain.,1996.gif,Blush,Snow,Sad,Flower
1997,Birb #1997,A looping painted robin from BirbNation. One sphere. One clock. Minted on Robinhood Chain.,1997.gif,Forest,Dusk,Sparkly,Worm
1998,Birb #1998,A looping painted robin from BirbNation. One sphere. One clock. Minted on Robinhood Chain.,1998.gif,White,Blue,Angry,Bandana
1999,Birb #1999,A looping painted robin from BirbNation. One sphere. One clock. Minted on Robinhood Chain.,1999.gif,Sky,Gold,Sleepy,Crown
2000,Birb #2000,A looping painted robin from BirbNation. One sphere. One clock. Minted on Robinhood Chain.,2000.gif,Blush,Brown,Sad,Berry
2001,Birb #2001,A looping painted robin from BirbNation. One sphere. One clock. Minted on Robinhood Chain.,2001.gif,White,Void,Angry,Leaf
2002,Birb #2002,A looping painted robin from BirbNation. One sphere. One clock. Minted on Robinhood Chain.,2002.gif,Cream,Gold,Normal,Crown
2003,Birb #2003,A looping painted robin from BirbNation. One sphere. One clock. Minted on Robinhood Chain.,2003.gif,Peach,Blue,Sleepy,Hat
2004,Birb #2004,A looping painted robin from BirbNation. One sphere. One clock. Minted on Robinhood Chain.,2004.gif,Mint,Frost,Normal,Berry
2005,Birb #2005,A looping painted robin from BirbNation. One sphere. One clock. Minted on Robinhood Chain.,2005.gif,Sky,Green,Sad,Leaf
2006,Birb #2006,A looping painted robin from BirbNation. One sphere. One clock. Minted on Robinhood Chain.,2006.gif,White,Blue,Wide,Bow
2007,Birb #2007,A looping painted robin from BirbNation. One sphere. One clock. Minted on Robinhood Chain.,2007.gif,White,Pink,Blep,Bandana
2008,Birb #2008,A looping painted robin from BirbNation. One sphere. One clock. Minted on Robinhood Chain.,2008.gif,Cream,Snow,Blep,Leaf
2009,Birb #2009,A looping painted robin from BirbNation. One sphere. One clock. Minted on Robinhood Chain.,2009.gif,Forest,Void,Blep,Bandana
2010,Birb #2010,A looping painted robin from BirbNation. One sphere. One clock. Minted on Robinhood Chain.,2010.gif,Forest,Pink,Sleepy,Flower
2011,Birb #2011,A looping painted robin from BirbNation. One sphere. One clock. Minted on Robinhood Chain.,2011.gif,Mint,Blue,Heart,None
2012,Birb #2012,A looping painted robin from BirbNation. One sphere. One clock. Minted on Robinhood Chain.,2012.gif,Mint,Frost,Wink,Bandana
2013,Birb #2013,A looping painted robin from BirbNation. One sphere. One clock. Minted on Robinhood Chain.,2013.gif,Forest,Brown,Angry,Bow
2014,Birb #2014,A looping painted robin from BirbNation. One sphere. One clock. Minted on Robinhood Chain.,2014.gif,Forest,Brown,Blep,Hat
2015,Birb #2015,A looping painted robin from BirbNation. One sphere. One clock. Minted on Robinhood Chain.,2015.gif,Peach,Blue,Sparkly,Bandana
2016,Birb #2016,A looping painted robin from BirbNation. One sphere. One clock. Minted on Robinhood Chain.,2016.gif,Dusk,Snow,Normal,Leaf
2017,Birb #2017,A looping painted robin from BirbNation. One sphere. One clock. Minted on Robinhood Chain.,2017.gif,Cream,Dusk,Blep,Bow
2018,Birb #2018,A looping painted robin from BirbNation. One sphere. One clock. Minted on Robinhood Chain.,2018.gif,White,Brown,Sleepy,Flower
2019,Birb #2019,A looping painted robin from BirbNation. One sphere. One clock. Minted on Robinhood Chain.,2019.gif,Cream,Blue,Normal,Worm
2020,Birb #2020,A looping painted robin from BirbNation. One sphere. One clock. Minted on Robinhood Chain.,2020.gif,Mint,Dusk,Starry,None
2021,Birb #2021,A looping painted robin from BirbNation. One sphere. One clock. Minted on Robinhood Chain.,2021.gif,Blush,Green,Normal,Berry
2022,Birb #2022,A looping painted robin from BirbNation. One sphere. One clock. Minted on Robinhood Chain.,2022.gif,Blush,Blue,Wide,Bandana
2023,Birb #2023,A looping painted robin from BirbNation. One sphere. One clock. Minted on Robinhood Chain.,2023.gif,Blush,Gold,Blep,Crown
2024,Birb #2024,A looping painted robin from BirbNation. One sphere. One clock. Minted on Robinhood Chain.,2024.gif,Cream,Frost,Sparkly,Berry
2025,Birb #2025,A looping painted robin from BirbNation. One sphere. One clock. Minted on Robinhood Chain.,2025.gif,Cream,Blue,Normal,Leaf
2026,Birb #2026,A looping painted robin from BirbNation. One sphere. One clock. Minted on Robinhood Chain.,2026.gif,Blush,Rainbow,Blep,Berry
2027,Birb #2027,A looping painted robin from BirbNation. One sphere. One clock. Minted on Robinhood Chain.,2027.gif,Forest,Frost,Wink,Worm
2028,Birb #2028,A looping painted robin from BirbNation. One sphere. One clock. Minted on Robinhood Chain.,2028.gif,Blush,Blue,Angry,Crown
2029,Birb #2029,A looping painted robin from BirbNation. One sphere. One clock. Minted on Robinhood Chain.,2029.gif,Cream,Frost,Wink,Berry
2030,Birb #2030,A looping painted robin from BirbNation. One sphere. One clock. Minted on Robinhood Chain.,2030.gif,White,Brown,Angry,None
2031,Birb #2031,A looping painted robin from BirbNation. One sphere. One clock. Minted on Robinhood Chain.,2031.gif,Dusk,Blue,Heart,None
2032,Birb #2032,A looping painted robin from BirbNation. One sphere. One clock. Minted on Robinhood Chain.,2032.gif,Space,Brown,Blep,Hat
2033,Birb #2033,A looping painted robin from BirbNation. One sphere. One clock. Minted on Robinhood Chain.,2033.gif,Sky,Blue,Starry,Bow
2034,Birb #2034,A looping painted robin from BirbNation. One sphere. One clock. Minted on Robinhood Chain.,2034.gif,Mint,Brown,Wink,Berry
2035,Birb #2035,A looping painted robin from BirbNation. One sphere. One clock. Minted on Robinhood Chain.,2035.gif,Mint,Pink,Wide,Bandana
2036,Birb #2036,A looping painted robin from BirbNation. One sphere. One clock. Minted on Robinhood Chain.,2036.gif,Cream,Rainbow,Sleepy,Flower
2037,Birb #2037,A looping painted robin from BirbNation. One sphere. One clock. Minted on Robinhood Chain.,2037.gif,Mint,Dusk,Normal,Flower
2038,Birb #2038,A looping painted robin from BirbNation. One sphere. One clock. Minted on Robinhood Chain.,2038.gif,Forest,Blue,Sleepy,None
2039,Birb #2039,A looping painted robin from BirbNation. One sphere. One clock. Minted on Robinhood Chain.,2039.gif,Forest,Rainbow,Sparkly,None
2040,Birb #2040,A looping painted robin from BirbNation. One sphere. One clock. Minted on Robinhood Chain.,2040.gif,Cream,Rainbow,Wink,Leaf
2041,Birb #2041,A looping painted robin from BirbNation. One sphere. One clock. Minted on Robinhood Chain.,2041.gif,Forest,Blue,Sparkly,None
2042,Birb #2042,A looping painted robin from BirbNation. One sphere. One clock. Minted on Robinhood Chain.,2042.gif,Dusk,Frost,Normal,None
2043,Birb #2043,A looping painted robin from BirbNation. One sphere. One clock. Minted on Robinhood Chain.,2043.gif,Mint,Green,Sleepy,Flower
2044,Birb #2044,A looping painted robin from BirbNation. One sphere. One clock. Minted on Robinhood Chain.,2044.gif,Blush,Green,Angry,Berry
2045,Birb #2045,A looping painted robin from BirbNation. One sphere. One clock. Minted on Robinhood Chain.,2045.gif,Mint,Gold,Wide,Worm
2046,Birb #2046,A looping painted robin from BirbNation. One sphere. One clock. Minted on Robinhood Chain.,2046.gif,Dusk,Void,Blep,Hat
2047,Birb #2047,A looping painted robin from BirbNation. One sphere. One clock. Minted on Robinhood Chain.,2047.gif,Blush,Blue,Wide,Flower
2048,Birb #2048,A looping painted robin from BirbNation. One sphere. One clock. Minted on Robinhood Chain.,2048.gif,Sky,Dusk,Normal,Worm
2049,Birb #2049,A looping painted robin from BirbNation. One sphere. One clock. Minted on Robinhood Chain.,2049.gif,Space,Pink,Sparkly,None
2050,Birb #2050,A looping painted robin from BirbNation. One sphere. One clock. Minted on Robinhood Chain.,2050.gif,Space,Blue,Angry,Hat
2051,Birb #2051,A looping painted robin from BirbNation. One sphere. One clock. Minted on Robinhood Chain.,2051.gif,Blush,Green,Starry,Berry
2052,Birb #2052,A looping painted robin from BirbNation. One sphere. One clock. Minted on Robinhood Chain.,2052.gif,Blush,Brown,Wink,None
2053,Birb #2053,A looping painted robin from BirbNation. One sphere. One clock. Minted on Robinhood Chain.,2053.gif,White,Gold,Normal,Bandana
2054,Birb #2054,A looping painted robin from BirbNation. One sphere. One clock. Minted on Robinhood Chain.,2054.gif,Blush,Snow,Sparkly,None
2055,Birb #2055,A looping painted robin from BirbNation. One sphere. One clock. Minted on Robinhood Chain.,2055.gif,White,Brown,Heart,Hat
2056,Birb #2056,A looping painted robin from BirbNation. One sphere. One clock. Minted on Robinhood Chain.,2056.gif,Peach,Snow,Normal,Berry
2057,Birb #2057,A looping painted robin from BirbNation. One sphere. One clock. Minted on Robinhood Chain.,2057.gif,Space,Brown,Blep,Worm
2058,Birb #2058,A looping painted robin from BirbNation. One sphere. One clock. Minted on Robinhood Chain.,2058.gif,Peach,Brown,Normal,Worm
2059,Birb #2059,A looping painted robin from BirbNation. One sphere. One clock. Minted on Robinhood Chain.,2059.gif,Peach,Blue,Normal,Crown
2060,Birb #2060,A looping painted robin from BirbNation. One sphere. One clock. Minted on Robinhood Chain.,2060.gif,Blush,Blue,Starry,Leaf
2061,Birb #2061,A looping painted robin from BirbNation. One sphere. One clock. Minted on Robinhood Chain.,2061.gif,Cream,Snow,Sleepy,Berry
2062,Birb #2062,A looping painted robin from BirbNation. One sphere. One clock. Minted on Robinhood Chain.,2062.gif,Mint,Gold,Sad,None
2063,Birb #2063,A looping painted robin from BirbNation. One sphere. One clock. Minted on Robinhood Chain.,2063.gif,Forest,Blue,Normal,Worm
2064,Birb #2064,A looping painted robin from BirbNation. One sphere. One clock. Minted on Robinhood Chain.,2064.gif,Cream,Gold,Sleepy,Hat
2065,Birb #2065,A looping painted robin from BirbNation. One sphere. One clock. Minted on Robinhood Chain.,2065.gif,White,Blue,Sparkly,Worm
2066,Birb #2066,A looping painted robin from BirbNation. One sphere. One clock. Minted on Robinhood Chain.,2066.gif,Mint,Pink,Heart,Hat
2067,Birb #2067,A looping painted robin from BirbNation. One sphere. One clock. Minted on Robinhood Chain.,2067.gif,Mint,Green,Sparkly,Bandana
2068,Birb #2068,A looping painted robin from BirbNation. One sphere. One clock. Minted on Robinhood Chain.,2068.gif,Mint,Blue,Normal,Flower
2069,Birb #2069,A looping painted robin from BirbNation. One sphere. One clock. Minted on Robinhood Chain.,2069.gif,Forest,Green,Wink,Hat
2070,Birb #2070,A looping painted robin from BirbNation. One sphere. One clock. Minted on Robinhood Chain.,2070.gif,Mint,Blue,Heart,Flower
2071,Birb #2071,A looping painted robin from BirbNation. One sphere. One clock. Minted on Robinhood Chain.,2071.gif,Peach,Brown,Wink,Flower
2072,Birb #2072,A looping painted robin from BirbNation. One sphere. One clock. Minted on Robinhood Chain.,2072.gif,Blush,Dusk,Sparkly,Worm
2073,Birb #2073,A looping painted robin from BirbNation. One sphere. One clock. Minted on Robinhood Chain.,2073.gif,Blush,Frost,Angry,None
2074,Birb #2074,A looping painted robin from BirbNation. One sphere. One clock. Minted on Robinhood Chain.,2074.gif,Mint,Green,Wide,None
2075,Birb #2075,A looping painted robin from BirbNation. One sphere. One clock. Minted on Robinhood Chain.,2075.gif,Cream,Brown,Starry,Bow
2076,Birb #2076,A looping painted robin from BirbNation. One sphere. One clock. Minted on Robinhood Chain.,2076.gif,Cream,Blue,Starry,None
2077,Birb #2077,A looping painted robin from BirbNation. One sphere. One clock. Minted on Robinhood Chain.,2077.gif,Space,Frost,Wink,None
2078,Birb #2078,A looping painted robin from BirbNation. One sphere. One clock. Minted on Robinhood Chain.,2078.gif,Mint,Green,Heart,Flower
2079,Birb #2079,A looping painted robin from BirbNation. One sphere. One clock. Minted on Robinhood Chain.,2079.gif,Space,Frost,Blep,Crown
2080,Birb #2080,A looping painted robin from BirbNation. One sphere. One clock. Minted on Robinhood Chain.,2080.gif,Space,Rainbow,Sparkly,Worm
2081,Birb #2081,A looping painted robin from BirbNation. One sphere. One clock. Minted on Robinhood Chain.,2081.gif,Mint,Pink,Heart,Leaf
2082,Birb #2082,A looping painted robin from BirbNation. One sphere. One clock. Minted on Robinhood Chain.,2082.gif,Peach,Pink,Starry,Crown
2083,Birb #2083,A looping painted robin from BirbNation. One sphere. One clock. Minted on Robinhood Chain.,2083.gif,White,Brown,Starry,Bandana
2084,Birb #2084,A looping painted robin from BirbNation. One sphere. One clock. Minted on Robinhood Chain.,2084.gif,Cream,Green,Sparkly,Crown
2085,Birb #2085,A looping painted robin from BirbNation. One sphere. One clock. Minted on Robinhood Chain.,2085.gif,Forest,Rainbow,Sparkly,Leaf
2086,Birb #2086,A looping painted robin from BirbNation. One sphere. One clock. Minted on Robinhood Chain.,2086.gif,Blush,Green,Wink,None
2087,Birb #2087,A looping painted robin from BirbNation. One sphere. One clock. Minted on Robinhood Chain.,2087.gif,White,Dusk,Sparkly,Bow
2088,Birb #2088,A looping painted robin from BirbNation. One sphere. One clock. Minted on Robinhood Chain.,2088.gif,Sky,Green,Sparkly,Berry
2089,Birb #2089,A looping painted robin from BirbNation. One sphere. One clock. Minted on Robinhood Chain.,2089.gif,White,Gold,Sparkly,Flower
2090,Birb #2090,A looping painted robin from BirbNation. One sphere. One clock. Minted on Robinhood Chain.,2090.gif,Mint,Dusk,Sparkly,Leaf
2091,Birb #2091,A looping painted robin from BirbNation. One sphere. One clock. Minted on Robinhood Chain.,2091.gif,Peach,Pink,Sparkly,Bandana
2092,Birb #2092,A looping painted robin from BirbNation. One sphere. One clock. Minted on Robinhood Chain.,2092.gif,Forest,Blue,Wink,Hat
2093,Birb #2093,A looping painted robin from BirbNation. One sphere. One clock. Minted on Robinhood Chain.,2093.gif,Cream,Brown,Normal,Berry
2094,Birb #2094,A looping painted robin from BirbNation. One sphere. One clock. Minted on Robinhood Chain.,2094.gif,Dusk,Brown,Angry,Flower
2095,Birb #2095,A looping painted robin from BirbNation. One sphere. One clock. Minted on Robinhood Chain.,2095.gif,Forest,Snow,Wide,Leaf
2096,Birb #2096,A looping painted robin from BirbNation. One sphere. One clock. Minted on Robinhood Chain.,2096.gif,Blush,Dusk,Sparkly,None
2097,Birb #2097,A looping painted robin from BirbNation. One sphere. One clock. Minted on Robinhood Chain.,2097.gif,Blush,Pink,Normal,Flower
2098,Birb #2098,A looping painted robin from BirbNation. One sphere. One clock. Minted on Robinhood Chain.,2098.gif,Sky,Rainbow,Wide,None
2099,Birb #2099,A looping painted robin from BirbNation. One sphere. One clock. Minted on Robinhood Chain.,2099.gif,Mint,Snow,Blep,Crown
2100,Birb #2100,A looping painted robin from BirbNation. One sphere. One clock. Minted on Robinhood Chain.,2100.gif,Forest,Snow,Blep,Bow
2101,Birb #2101,A looping painted robin from BirbNation. One sphere. One clock. Minted on Robinhood Chain.,2101.gif,Dusk,Green,Sleepy,Bandana
2102,Birb #2102,A looping painted robin from BirbNation. One sphere. One clock. Minted on Robinhood Chain.,2102.gif,Cream,Dusk,Sleepy,Bandana
2103,Birb #2103,A looping painted robin from BirbNation. One sphere. One clock. Minted on Robinhood Chain.,2103.gif,Blush,Green,Blep,Leaf
2104,Birb #2104,A looping painted robin from BirbNation. One sphere. One clock. Minted on Robinhood Chain.,2104.gif,White,Void,Wink,Hat
2105,Birb #2105,A looping painted robin from BirbNation. One sphere. One clock. Minted on Robinhood Chain.,2105.gif,Dusk,Gold,Wide,None
2106,Birb #2106,A looping painted robin from BirbNation. One sphere. One clock. Minted on Robinhood Chain.,2106.gif,Blush,Pink,Sad,Flower
2107,Birb #2107,A looping painted robin from BirbNation. One sphere. One clock. Minted on Robinhood Chain.,2107.gif,White,Dusk,Wink,None
2108,Birb #2108,A looping painted robin from BirbNation. One sphere. One clock. Minted on Robinhood Chain.,2108.gif,White,Dusk,Normal,Berry
2109,Birb #2109,A looping painted robin from BirbNation. One sphere. One clock. Minted on Robinhood Chain.,2109.gif,Forest,Gold,Sleepy,Berry
2110,Birb #2110,A looping painted robin from BirbNation. One sphere. One clock. Minted on Robinhood Chain.,2110.gif,Peach,Frost,Blep,None
2111,Birb #2111,A looping painted robin from BirbNation. One sphere. One clock. Minted on Robinhood Chain.,2111.gif,Mint,Pink,Normal,None
2112,Birb #2112,A looping painted robin from BirbNation. One sphere. One clock. Minted on Robinhood Chain.,2112.gif,Peach,Void,Sparkly,None
2113,Birb #2113,A looping painted robin from BirbNation. One sphere. One clock. Minted on Robinhood Chain.,2113.gif,Sky,Brown,Wink,Worm
2114,Birb #2114,A looping painted robin from BirbNation. One sphere. One clock. Minted on Robinhood Chain.,2114.gif,White,Snow,Angry,Crown
2115,Birb #2115,A looping painted robin from BirbNation. One sphere. One clock. Minted on Robinhood Chain.,2115.gif,Forest,Gold,Sparkly,Worm
2116,Birb #2116,A looping painted robin from BirbNation. One sphere. One clock. Minted on Robinhood Chain.,2116.gif,Peach,Frost,Normal,Berry
2117,Birb #2117,A looping painted robin from BirbNation. One sphere. One clock. Minted on Robinhood Chain.,2117.gif,Mint,Blue,Angry,Berry
2118,Birb #2118,A looping painted robin from BirbNation. One sphere. One clock. Minted on Robinhood Chain.,2118.gif,Mint,Snow,Normal,Hat
2119,Birb #2119,A looping painted robin from BirbNation. One sphere. One clock. Minted on Robinhood Chain.,2119.gif,Forest,Snow,Sleepy,Bandana
2120,Birb #2120,A looping painted robin from BirbNation. One sphere. One clock. Minted on Robinhood Chain.,2120.gif,Peach,Brown,Wide,Leaf
2121,Birb #2121,A looping painted robin from BirbNation. One sphere. One clock. Minted on Robinhood Chain.,2121.gif,Peach,Void,Sparkly,Flower
2122,Birb #2122,A looping painted robin from BirbNation. One sphere. One clock. Minted on Robinhood Chain.,2122.gif,Sky,Void,Blep,Worm
2123,Birb #2123,A looping painted robin from BirbNation. One sphere. One clock. Minted on Robinhood Chain.,2123.gif,Cream,Rainbow,Blep,Bandana
2124,Birb #2124,A looping painted robin from BirbNation. One sphere. One clock. Minted on Robinhood Chain.,2124.gif,Cream,Snow,Sparkly,Flower
2125,Birb #2125,A looping painted robin from BirbNation. One sphere. One clock. Minted on Robinhood Chain.,2125.gif,Cream,Gold,Sleepy,Bandana
2126,Birb #2126,A looping painted robin from BirbNation. One sphere. One clock. Minted on Robinhood Chain.,2126.gif,Dusk,Blue,Blep,Bow
2127,Birb #2127,A looping painted robin from BirbNation. One sphere. One clock. Minted on Robinhood Chain.,2127.gif,Forest,Blue,Sparkly,Berry
2128,Birb #2128,A looping painted robin from BirbNation. One sphere. One clock. Minted on Robinhood Chain.,2128.gif,Peach,Rainbow,Sleepy,Worm
2129,Birb #2129,A looping painted robin from BirbNation. One sphere. One clock. Minted on Robinhood Chain.,2129.gif,Cream,Green,Wink,Bandana
2130,Birb #2130,A looping painted robin from BirbNation. One sphere. One clock. Minted on Robinhood Chain.,2130.gif,Forest,Gold,Blep,Flower
2131,Birb #2131,A looping painted robin from BirbNation. One sphere. One clock. Minted on Robinhood Chain.,2131.gif,Cream,Pink,Sleepy,None
2132,Birb #2132,A looping painted robin from BirbNation. One sphere. One clock. Minted on Robinhood Chain.,2132.gif,Peach,Green,Normal,None
2133,Birb #2133,A looping painted robin from BirbNation. One sphere. One clock. Minted on Robinhood Chain.,2133.gif,Forest,Void,Wide,Bandana
2134,Birb #2134,A looping painted robin from BirbNation. One sphere. One clock. Minted on Robinhood Chain.,2134.gif,Cream,Gold,Wide,Berry
2135,Birb #2135,A looping painted robin from BirbNation. One sphere. One clock. Minted on Robinhood Chain.,2135.gif,Space,Blue,Wink,None
2136,Birb #2136,A looping painted robin from BirbNation. One sphere. One clock. Minted on Robinhood Chain.,2136.gif,White,Dusk,Angry,Bandana
2137,Birb #2137,A looping painted robin from BirbNation. One sphere. One clock. Minted on Robinhood Chain.,2137.gif,Blush,Pink,Sparkly,Leaf
2138,Birb #2138,A looping painted robin from BirbNation. One sphere. One clock. Minted on Robinhood Chain.,2138.gif,Forest,Gold,Starry,Berry
2139,Birb #2139,A looping painted robin from BirbNation. One sphere. One clock. Minted on Robinhood Chain.,2139.gif,Forest,Green,Sad,Leaf
2140,Birb #2140,A looping painted robin from BirbNation. One sphere. One clock. Minted on Robinhood Chain.,2140.gif,Forest,Snow,Normal,Leaf
2141,Birb #2141,A looping painted robin from BirbNation. One sphere. One clock. Minted on Robinhood Chain.,2141.gif,Cream,Pink,Sparkly,Hat
2142,Birb #2142,A looping painted robin from BirbNation. One sphere. One clock. Minted on Robinhood Chain.,2142.gif,Cream,Brown,Sleepy,Bandana
2143,Birb #2143,A looping painted robin from BirbNation. One sphere. One clock. Minted on Robinhood Chain.,2143.gif,Forest,Blue,Normal,Leaf
2144,Birb #2144,A looping painted robin from BirbNation. One sphere. One clock. Minted on Robinhood Chain.,2144.gif,Blush,Gold,Sleepy,Bow
2145,Birb #2145,A looping painted robin from BirbNation. One sphere. One clock. Minted on Robinhood Chain.,2145.gif,Mint,Snow,Wide,Worm
2146,Birb #2146,A looping painted robin from BirbNation. One sphere. One clock. Minted on Robinhood Chain.,2146.gif,Mint,Dusk,Sad,Hat
2147,Birb #2147,A looping painted robin from BirbNation. One sphere. One clock. Minted on Robinhood Chain.,2147.gif,Blush,Green,Sad,Bandana
2148,Birb #2148,A looping painted robin from BirbNation. One sphere. One clock. Minted on Robinhood Chain.,2148.gif,Peach,Frost,Normal,Leaf
2149,Birb #2149,A looping painted robin from BirbNation. One sphere. One clock. Minted on Robinhood Chain.,2149.gif,Forest,Blue,Sleepy,Flower
2150,Birb #2150,A looping painted robin from BirbNation. One sphere. One clock. Minted on Robinhood Chain.,2150.gif,Cream,Gold,Angry,Bandana
2151,Birb #2151,A looping painted robin from BirbNation. One sphere. One clock. Minted on Robinhood Chain.,2151.gif,Blush,Frost,Sparkly,None
2152,Birb #2152,A looping painted robin from BirbNation. One sphere. One clock. Minted on Robinhood Chain.,2152.gif,Forest,Void,Blep,Crown
2153,Birb #2153,A looping painted robin from BirbNation. One sphere. One clock. Minted on Robinhood Chain.,2153.gif,Blush,Green,Angry,Hat
2154,Birb #2154,A looping painted robin from BirbNation. One sphere. One clock. Minted on Robinhood Chain.,2154.gif,Mint,Blue,Heart,Bandana
2155,Birb #2155,A looping painted robin from BirbNation. One sphere. One clock. Minted on Robinhood Chain.,2155.gif,Cream,Pink,Sad,Berry
2156,Birb #2156,A looping painted robin from BirbNation. One sphere. One clock. Minted on Robinhood Chain.,2156.gif,White,Green,Sparkly,Bandana
2157,Birb #2157,A looping painted robin from BirbNation. One sphere. One clock. Minted on Robinhood Chain.,2157.gif,Sky,Gold,Normal,Berry
2158,Birb #2158,A looping painted robin from BirbNation. One sphere. One clock. Minted on Robinhood Chain.,2158.gif,Blush,Snow,Angry,Worm
2159,Birb #2159,A looping painted robin from BirbNation. One sphere. One clock. Minted on Robinhood Chain.,2159.gif,Cream,Snow,Blep,Berry
2160,Birb #2160,A looping painted robin from BirbNation. One sphere. One clock. Minted on Robinhood Chain.,2160.gif,Cream,Dusk,Normal,Bandana
2161,Birb #2161,A looping painted robin from BirbNation. One sphere. One clock. Minted on Robinhood Chain.,2161.gif,Sky,Pink,Wide,Hat
2162,Birb #2162,A looping painted robin from BirbNation. One sphere. One clock. Minted on Robinhood Chain.,2162.gif,White,Snow,Wink,Hat
2163,Birb #2163,A looping painted robin from BirbNation. One sphere. One clock. Minted on Robinhood Chain.,2163.gif,White,Pink,Sleepy,Worm
2164,Birb #2164,A looping painted robin from BirbNation. One sphere. One clock. Minted on Robinhood Chain.,2164.gif,Mint,Pink,Wide,Bow
2165,Birb #2165,A looping painted robin from BirbNation. One sphere. One clock. Minted on Robinhood Chain.,2165.gif,Space,Brown,Normal,Crown
2166,Birb #2166,A looping painted robin from BirbNation. One sphere. One clock. Minted on Robinhood Chain.,2166.gif,Forest,Gold,Normal,Leaf
2167,Birb #2167,A looping painted robin from BirbNation. One sphere. One clock. Minted on Robinhood Chain.,2167.gif,Blush,Blue,Sleepy,Hat
2168,Birb #2168,A looping painted robin from BirbNation. One sphere. One clock. Minted on Robinhood Chain.,2168.gif,Dusk,Green,Wide,Berry
2169,Birb #2169,A looping painted robin from BirbNation. One sphere. One clock. Minted on Robinhood Chain.,2169.gif,Forest,Rainbow,Normal,None
2170,Birb #2170,A looping painted robin from BirbNation. One sphere. One clock. Minted on Robinhood Chain.,2170.gif,Dusk,Rainbow,Sad,Bow
2171,Birb #2171,A looping painted robin from BirbNation. One sphere. One clock. Minted on Robinhood Chain.,2171.gif,Forest,Dusk,Normal,Crown
2172,Birb #2172,A looping painted robin from BirbNation. One sphere. One clock. Minted on Robinhood Chain.,2172.gif,Space,Rainbow,Blep,Berry
2173,Birb #2173,A looping painted robin from BirbNation. One sphere. One clock. Minted on Robinhood Chain.,2173.gif,Space,Snow,Sleepy,None
2174,Birb #2174,A looping painted robin from BirbNation. One sphere. One clock. Minted on Robinhood Chain.,2174.gif,Space,Brown,Angry,Bandana
2175,Birb #2175,A looping painted robin from BirbNation. One sphere. One clock. Minted on Robinhood Chain.,2175.gif,Peach,Frost,Sad,None
2176,Birb #2176,A looping painted robin from BirbNation. One sphere. One clock. Minted on Robinhood Chain.,2176.gif,Peach,Green,Wide,Crown
2177,Birb #2177,A looping painted robin from BirbNation. One sphere. One clock. Minted on Robinhood Chain.,2177.gif,Mint,Green,Normal,Crown
2178,Birb #2178,A looping painted robin from BirbNation. One sphere. One clock. Minted on Robinhood Chain.,2178.gif,Blush,Brown,Blep,Crown
2179,Birb #2179,A looping painted robin from BirbNation. One sphere. One clock. Minted on Robinhood Chain.,2179.gif,Cream,Brown,Angry,Bow
2180,Birb #2180,A looping painted robin from BirbNation. One sphere. One clock. Minted on Robinhood Chain.,2180.gif,Cream,Rainbow,Blep,Berry
2181,Birb #2181,A looping painted robin from BirbNation. One sphere. One clock. Minted on Robinhood Chain.,2181.gif,Dusk,Pink,Blep,Crown
2182,Birb #2182,A looping painted robin from BirbNation. One sphere. One clock. Minted on Robinhood Chain.,2182.gif,Cream,Blue,Normal,Flower
2183,Birb #2183,A looping painted robin from BirbNation. One sphere. One clock. Minted on Robinhood Chain.,2183.gif,White,Rainbow,Wide,Bow
2184,Birb #2184,A looping painted robin from BirbNation. One sphere. One clock. Minted on Robinhood Chain.,2184.gif,Mint,Blue,Starry,Bandana
2185,Birb #2185,A looping painted robin from BirbNation. One sphere. One clock. Minted on Robinhood Chain.,2185.gif,Sky,Green,Blep,Berry
2186,Birb #2186,A looping painted robin from BirbNation. One sphere. One clock. Minted on Robinhood Chain.,2186.gif,Forest,Blue,Blep,Leaf
2187,Birb #2187,A looping painted robin from BirbNation. One sphere. One clock. Minted on Robinhood Chain.,2187.gif,Forest,Green,Sad,Bandana
2188,Birb #2188,A looping painted robin from BirbNation. One sphere. One clock. Minted on Robinhood Chain.,2188.gif,White,Frost,Wink,Berry
2189,Birb #2189,A looping painted robin from BirbNation. One sphere. One clock. Minted on Robinhood Chain.,2189.gif,Peach,Brown,Wide,Worm
2190,Birb #2190,A looping painted robin from BirbNation. One sphere. One clock. Minted on Robinhood Chain.,2190.gif,White,Brown,Heart,Leaf
2191,Birb #2191,A looping painted robin from BirbNation. One sphere. One clock. Minted on Robinhood Chain.,2191.gif,Sky,Pink,Sleepy,Crown
2192,Birb #2192,A looping painted robin from BirbNation. One sphere. One clock. Minted on Robinhood Chain.,2192.gif,Mint,Void,Angry,Crown
2193,Birb #2193,A looping painted robin from BirbNation. One sphere. One clock. Minted on Robinhood Chain.,2193.gif,Blush,Blue,Angry,Bandana
2194,Birb #2194,A looping painted robin from BirbNation. One sphere. One clock. Minted on Robinhood Chain.,2194.gif,Mint,Brown,Wink,Bandana
2195,Birb #2195,A looping painted robin from BirbNation. One sphere. One clock. Minted on Robinhood Chain.,2195.gif,Peach,Blue,Wide,Bow
2196,Birb #2196,A looping painted robin from BirbNation. One sphere. One clock. Minted on Robinhood Chain.,2196.gif,Cream,Pink,Sleepy,Berry
2197,Birb #2197,A looping painted robin from BirbNation. One sphere. One clock. Minted on Robinhood Chain.,2197.gif,Peach,Gold,Wide,Crown
2198,Birb #2198,A looping painted robin from BirbNation. One sphere. One clock. Minted on Robinhood Chain.,2198.gif,Sky,Rainbow,Sad,Flower
2199,Birb #2199,A looping painted robin from BirbNation. One sphere. One clock. Minted on Robinhood Chain.,2199.gif,Cream,Pink,Wink,Hat
2200,Birb #2200,A looping painted robin from BirbNation. One sphere. One clock. Minted on Robinhood Chain.,2200.gif,Blush,Gold,Normal,Bandana
2201,Birb #2201,A looping painted robin from BirbNation. One sphere. One clock. Minted on Robinhood Chain.,2201.gif,Peach,Blue,Wink,Worm
2202,Birb #2202,A looping painted robin from BirbNation. One sphere. One clock. Minted on Robinhood Chain.,2202.gif,Dusk,Void,Sparkly,Flower
2203,Birb #2203,A looping painted robin from BirbNation. One sphere. One clock. Minted on Robinhood Chain.,2203.gif,White,Green,Angry,Bandana
2204,Birb #2204,A looping painted robin from BirbNation. One sphere. One clock. Minted on Robinhood Chain.,2204.gif,Forest,Green,Sleepy,Leaf
2205,Birb #2205,A looping painted robin from BirbNation. One sphere. One clock. Minted on Robinhood Chain.,2205.gif,Blush,Brown,Wink,Bandana
2206,Birb #2206,A looping painted robin from BirbNation. One sphere. One clock. Minted on Robinhood Chain.,2206.gif,White,Brown,Blep,Bow
2207,Birb #2207,A looping painted robin from BirbNation. One sphere. One clock. Minted on Robinhood Chain.,2207.gif,Peach,Brown,Angry,None
2208,Birb #2208,A looping painted robin from BirbNation. One sphere. One clock. Minted on Robinhood Chain.,2208.gif,Sky,Brown,Sparkly,Bow
2209,Birb #2209,A looping painted robin from BirbNation. One sphere. One clock. Minted on Robinhood Chain.,2209.gif,Forest,Green,Blep,Flower
2210,Birb #2210,A looping painted robin from BirbNation. One sphere. One clock. Minted on Robinhood Chain.,2210.gif,Dusk,Blue,Normal,Flower
2211,Birb #2211,A looping painted robin from BirbNation. One sphere. One clock. Minted on Robinhood Chain.,2211.gif,Cream,Frost,Sleepy,None
2212,Birb #2212,A looping painted robin from BirbNation. One sphere. One clock. Minted on Robinhood Chain.,2212.gif,Blush,Frost,Blep,Bandana
2213,Birb #2213,A looping painted robin from BirbNation. One sphere. One clock. Minted on Robinhood Chain.,2213.gif,Peach,Void,Blep,Flower
2214,Birb #2214,A looping painted robin from BirbNation. One sphere. One clock. Minted on Robinhood Chain.,2214.gif,Forest,Brown,Starry,None
2215,Birb #2215,A looping painted robin from BirbNation. One sphere. One clock. Minted on Robinhood Chain.,2215.gif,Dusk,Rainbow,Angry,None
2216,Birb #2216,A looping painted robin from BirbNation. One sphere. One clock. Minted on Robinhood Chain.,2216.gif,Space,Rainbow,Wink,None
2217,Birb #2217,A looping painted robin from BirbNation. One sphere. One clock. Minted on Robinhood Chain.,2217.gif,Cream,Void,Blep,Worm
2218,Birb #2218,A looping painted robin from BirbNation. One sphere. One clock. Minted on Robinhood Chain.,2218.gif,Dusk,Dusk,Sparkly,None
2219,Birb #2219,A looping painted robin from BirbNation. One sphere. One clock. Minted on Robinhood Chain.,2219.gif,Blush,Brown,Angry,Hat
2220,Birb #2220,A looping painted robin from BirbNation. One sphere. One clock. Minted on Robinhood Chain.,2220.gif,Peach,Void,Normal,Bow
2221,Birb #2221,A looping painted robin from BirbNation. One sphere. One clock. Minted on Robinhood Chain.,2221.gif,Peach,Green,Sparkly,Crown
2222,Birb #2222,A looping painted robin from BirbNation. One sphere. One clock. Minted on Robinhood Chain.,2222.gif,Peach,Rainbow,Sparkly,Worm
