tokenID,name,description,file_name,attributes[Field],attributes[Body],attributes[Mug],attributes[Hat],attributes[Wrap],attributes[Charm]
1,Scribblin #1,A looping doodle critter from Scribblins. Four bodies. One friendly cartoon. One clock. Minted on Base.,1.gif,Cream,Bunny,Grin,Headphones,None,Star
2,Scribblin #2,A looping doodle critter from Scribblins. Four bodies. One friendly cartoon. One clock. Minted on Base.,2.gif,Sky,Bear,Sleepy,Beanie,Scarf,None
3,Scribblin #3,A looping doodle critter from Scribblins. Four bodies. One friendly cartoon. One clock. Minted on Base.,3.gif,Clay,Pup,Wink,Cap,Bandana,Pencil
4,Scribblin #4,A looping doodle critter from Scribblins. Four bodies. One friendly cartoon. One clock. Minted on Base.,4.gif,Butter,Frog,Blep,Leaf,None,Balloon
5,Scribblin #5,A looping doodle critter from Scribblins. Four bodies. One friendly cartoon. One clock. Minted on Base.,5.gif,Cream,Bear,Sparkly,Bow,Bowtie,Heart
6,Scribblin #6,A looping doodle critter from Scribblins. Four bodies. One friendly cartoon. One clock. Minted on Base.,6.gif,Sky,Bunny,Pout,Flower,Scarf,None
7,Scribblin #7,A looping doodle critter from Scribblins. Four bodies. One friendly cartoon. One clock. Minted on Base.,7.gif,Clay,Frog,Grin,Headphones,None,Star
8,Scribblin #8,A looping doodle critter from Scribblins. Four bodies. One friendly cartoon. One clock. Minted on Base.,8.gif,Butter,Pup,Heart,Beanie,Bowtie,Pencil
9,Scribblin #9,A looping doodle critter from Scribblins. Four bodies. One friendly cartoon. One clock. Minted on Base.,9.gif,Cream,Frog,Sleepy,None,Bandana,Balloon
10,Scribblin #10,A looping doodle critter from Scribblins. Four bodies. One friendly cartoon. One clock. Minted on Base.,10.gif,Sky,Pup,Normal,Flower,None,Heart
11,Scribblin #11,A looping doodle critter from Scribblins. Four bodies. One friendly cartoon. One clock. Minted on Base.,11.gif,Clay,Bunny,Sparkly,Cap,Scarf,Star
12,Scribblin #12,A looping doodle critter from Scribblins. Four bodies. One friendly cartoon. One clock. Minted on Base.,12.gif,Butter,Bear,Wink,Headphones,None,None
13,Scribblin #13,A looping doodle critter from Scribblins. Four bodies. One friendly cartoon. One clock. Minted on Base.,13.gif,Cream,Pup,Grin,Bow,Bandana,Balloon
14,Scribblin #14,A looping doodle critter from Scribblins. Four bodies. One friendly cartoon. One clock. Minted on Base.,14.gif,Sky,Frog,Pout,Beanie,Bowtie,Pencil
15,Scribblin #15,A looping doodle critter from Scribblins. Four bodies. One friendly cartoon. One clock. Minted on Base.,15.gif,Clay,Bear,Blep,Leaf,Scarf,Heart
16,Scribblin #16,A looping doodle critter from Scribblins. Four bodies. One friendly cartoon. One clock. Minted on Base.,16.gif,Butter,Bunny,Sleepy,None,None,Star
17,Scribblin #17,A looping doodle critter from Scribblins. Four bodies. One friendly cartoon. One clock. Minted on Base.,17.gif,Butter,Bunny,Pout,Beanie,None,None
18,Scribblin #18,A looping doodle critter from Scribblins. Four bodies. One friendly cartoon. One clock. Minted on Base.,18.gif,Clay,Bear,Grin,Headphones,Bandana,None
19,Scribblin #19,A looping doodle critter from Scribblins. Four bodies. One friendly cartoon. One clock. Minted on Base.,19.gif,Cream,Bunny,Pout,Headphones,Bandana,Star
20,Scribblin #20,A looping doodle critter from Scribblins. Four bodies. One friendly cartoon. One clock. Minted on Base.,20.gif,Sky,Bunny,Sparkly,Cap,Bandana,None
21,Scribblin #21,A looping doodle critter from Scribblins. Four bodies. One friendly cartoon. One clock. Minted on Base.,21.gif,Cream,Pup,Wink,None,Scarf,Heart
22,Scribblin #22,A looping doodle critter from Scribblins. Four bodies. One friendly cartoon. One clock. Minted on Base.,22.gif,Cream,Bunny,Pout,Headphones,Scarf,None
23,Scribblin #23,A looping doodle critter from Scribblins. Four bodies. One friendly cartoon. One clock. Minted on Base.,23.gif,Cream,Bunny,Wink,None,Bandana,Star
24,Scribblin #24,A looping doodle critter from Scribblins. Four bodies. One friendly cartoon. One clock. Minted on Base.,24.gif,Sky,Pup,Blep,Beanie,Bandana,Pencil
25,Scribblin #25,A looping doodle critter from Scribblins. Four bodies. One friendly cartoon. One clock. Minted on Base.,25.gif,Butter,Frog,Wink,Beanie,None,Star
26,Scribblin #26,A looping doodle critter from Scribblins. Four bodies. One friendly cartoon. One clock. Minted on Base.,26.gif,Clay,Bunny,Wink,None,Bandana,Heart
27,Scribblin #27,A looping doodle critter from Scribblins. Four bodies. One friendly cartoon. One clock. Minted on Base.,27.gif,Cream,Frog,Sparkly,None,None,Star
28,Scribblin #28,A looping doodle critter from Scribblins. Four bodies. One friendly cartoon. One clock. Minted on Base.,28.gif,Sky,Bear,Blep,None,None,Pencil
29,Scribblin #29,A looping doodle critter from Scribblins. Four bodies. One friendly cartoon. One clock. Minted on Base.,29.gif,Clay,Bunny,Grin,Bow,None,None
30,Scribblin #30,A looping doodle critter from Scribblins. Four bodies. One friendly cartoon. One clock. Minted on Base.,30.gif,Butter,Bunny,Sleepy,None,Bowtie,None
31,Scribblin #31,A looping doodle critter from Scribblins. Four bodies. One friendly cartoon. One clock. Minted on Base.,31.gif,Cream,Bear,Grin,Flower,None,Star
32,Scribblin #32,A looping doodle critter from Scribblins. Four bodies. One friendly cartoon. One clock. Minted on Base.,32.gif,Sky,Bear,Grin,None,None,None
33,Scribblin #33,A looping doodle critter from Scribblins. Four bodies. One friendly cartoon. One clock. Minted on Base.,33.gif,Butter,Bear,Grin,Beanie,Bandana,None
34,Scribblin #34,A looping doodle critter from Scribblins. Four bodies. One friendly cartoon. One clock. Minted on Base.,34.gif,Butter,Bunny,Grin,Beanie,Bowtie,Pencil
35,Scribblin #35,A looping doodle critter from Scribblins. Four bodies. One friendly cartoon. One clock. Minted on Base.,35.gif,Cream,Bear,Sleepy,None,Scarf,Star
36,Scribblin #36,A looping doodle critter from Scribblins. Four bodies. One friendly cartoon. One clock. Minted on Base.,36.gif,Sky,Frog,Normal,Flower,Scarf,Star
37,Scribblin #37,A looping doodle critter from Scribblins. Four bodies. One friendly cartoon. One clock. Minted on Base.,37.gif,Butter,Frog,Sparkly,Beanie,Scarf,None
38,Scribblin #38,A looping doodle critter from Scribblins. Four bodies. One friendly cartoon. One clock. Minted on Base.,38.gif,Cream,Bunny,Wink,Beanie,None,Star
39,Scribblin #39,A looping doodle critter from Scribblins. Four bodies. One friendly cartoon. One clock. Minted on Base.,39.gif,Sky,Bunny,Blep,Bow,None,Pencil
40,Scribblin #40,A looping doodle critter from Scribblins. Four bodies. One friendly cartoon. One clock. Minted on Base.,40.gif,Clay,Bunny,Heart,Cap,Bowtie,Balloon
41,Scribblin #41,A looping doodle critter from Scribblins. Four bodies. One friendly cartoon. One clock. Minted on Base.,41.gif,Clay,Bear,Sleepy,Beanie,Bandana,Star
42,Scribblin #42,A looping doodle critter from Scribblins. Four bodies. One friendly cartoon. One clock. Minted on Base.,42.gif,Clay,Bear,Pout,Headphones,None,Star
43,Scribblin #43,A looping doodle critter from Scribblins. Four bodies. One friendly cartoon. One clock. Minted on Base.,43.gif,Sky,Bear,Normal,None,Bowtie,Balloon
44,Scribblin #44,A looping doodle critter from Scribblins. Four bodies. One friendly cartoon. One clock. Minted on Base.,44.gif,Sky,Frog,Normal,Leaf,None,None
45,Scribblin #45,A looping doodle critter from Scribblins. Four bodies. One friendly cartoon. One clock. Minted on Base.,45.gif,Sky,Bunny,Grin,None,None,Star
46,Scribblin #46,A looping doodle critter from Scribblins. Four bodies. One friendly cartoon. One clock. Minted on Base.,46.gif,Cream,Bunny,Pout,Cap,Bowtie,None
47,Scribblin #47,A looping doodle critter from Scribblins. Four bodies. One friendly cartoon. One clock. Minted on Base.,47.gif,Cream,Pup,Sparkly,None,Bandana,Heart
48,Scribblin #48,A looping doodle critter from Scribblins. Four bodies. One friendly cartoon. One clock. Minted on Base.,48.gif,Cream,Pup,Wink,None,Bandana,Heart
49,Scribblin #49,A looping doodle critter from Scribblins. Four bodies. One friendly cartoon. One clock. Minted on Base.,49.gif,Cream,Bunny,Sleepy,Headphones,Scarf,Pencil
50,Scribblin #50,A looping doodle critter from Scribblins. Four bodies. One friendly cartoon. One clock. Minted on Base.,50.gif,Cream,Bunny,Normal,Flower,None,Star
51,Scribblin #51,A looping doodle critter from Scribblins. Four bodies. One friendly cartoon. One clock. Minted on Base.,51.gif,Clay,Pup,Heart,Leaf,None,Star
52,Scribblin #52,A looping doodle critter from Scribblins. Four bodies. One friendly cartoon. One clock. Minted on Base.,52.gif,Clay,Bunny,Sleepy,None,None,Balloon
53,Scribblin #53,A looping doodle critter from Scribblins. Four bodies. One friendly cartoon. One clock. Minted on Base.,53.gif,Butter,Bunny,Wink,Bow,Bandana,Balloon
54,Scribblin #54,A looping doodle critter from Scribblins. Four bodies. One friendly cartoon. One clock. Minted on Base.,54.gif,Cream,Bunny,Heart,Cap,None,Pencil
55,Scribblin #55,A looping doodle critter from Scribblins. Four bodies. One friendly cartoon. One clock. Minted on Base.,55.gif,Cream,Bunny,Wink,Bow,None,None
56,Scribblin #56,A looping doodle critter from Scribblins. Four bodies. One friendly cartoon. One clock. Minted on Base.,56.gif,Cream,Bear,Heart,Leaf,Scarf,Heart
57,Scribblin #57,A looping doodle critter from Scribblins. Four bodies. One friendly cartoon. One clock. Minted on Base.,57.gif,Sky,Pup,Grin,Beanie,Scarf,Star
58,Scribblin #58,A looping doodle critter from Scribblins. Four bodies. One friendly cartoon. One clock. Minted on Base.,58.gif,Clay,Bunny,Pout,Leaf,Scarf,None
59,Scribblin #59,A looping doodle critter from Scribblins. Four bodies. One friendly cartoon. One clock. Minted on Base.,59.gif,Clay,Bear,Pout,Headphones,Bandana,Heart
60,Scribblin #60,A looping doodle critter from Scribblins. Four bodies. One friendly cartoon. One clock. Minted on Base.,60.gif,Sky,Frog,Wink,Cap,None,Pencil
61,Scribblin #61,A looping doodle critter from Scribblins. Four bodies. One friendly cartoon. One clock. Minted on Base.,61.gif,Cream,Pup,Sparkly,None,Bowtie,Star
62,Scribblin #62,A looping doodle critter from Scribblins. Four bodies. One friendly cartoon. One clock. Minted on Base.,62.gif,Butter,Pup,Grin,Headphones,Bowtie,Pencil
63,Scribblin #63,A looping doodle critter from Scribblins. Four bodies. One friendly cartoon. One clock. Minted on Base.,63.gif,Clay,Frog,Sparkly,Bow,None,None
64,Scribblin #64,A looping doodle critter from Scribblins. Four bodies. One friendly cartoon. One clock. Minted on Base.,64.gif,Butter,Pup,Normal,Bow,None,Balloon
65,Scribblin #65,A looping doodle critter from Scribblins. Four bodies. One friendly cartoon. One clock. Minted on Base.,65.gif,Clay,Bunny,Grin,None,None,Heart
66,Scribblin #66,A looping doodle critter from Scribblins. Four bodies. One friendly cartoon. One clock. Minted on Base.,66.gif,Clay,Bear,Sparkly,Cap,Scarf,Star
67,Scribblin #67,A looping doodle critter from Scribblins. Four bodies. One friendly cartoon. One clock. Minted on Base.,67.gif,Sky,Bunny,Sleepy,Cap,Bowtie,Pencil
68,Scribblin #68,A looping doodle critter from Scribblins. Four bodies. One friendly cartoon. One clock. Minted on Base.,68.gif,Sky,Pup,Wink,Beanie,None,None
69,Scribblin #69,A looping doodle critter from Scribblins. Four bodies. One friendly cartoon. One clock. Minted on Base.,69.gif,Cream,Bear,Sleepy,Flower,None,Pencil
70,Scribblin #70,A looping doodle critter from Scribblins. Four bodies. One friendly cartoon. One clock. Minted on Base.,70.gif,Clay,Bunny,Normal,Bow,Bandana,None
71,Scribblin #71,A looping doodle critter from Scribblins. Four bodies. One friendly cartoon. One clock. Minted on Base.,71.gif,Clay,Pup,Wink,Cap,Bowtie,Star
72,Scribblin #72,A looping doodle critter from Scribblins. Four bodies. One friendly cartoon. One clock. Minted on Base.,72.gif,Cream,Pup,Grin,Leaf,Scarf,None
73,Scribblin #73,A looping doodle critter from Scribblins. Four bodies. One friendly cartoon. One clock. Minted on Base.,73.gif,Clay,Bunny,Sparkly,Flower,Bandana,Balloon
74,Scribblin #74,A looping doodle critter from Scribblins. Four bodies. One friendly cartoon. One clock. Minted on Base.,74.gif,Clay,Bunny,Grin,Flower,Scarf,None
75,Scribblin #75,A looping doodle critter from Scribblins. Four bodies. One friendly cartoon. One clock. Minted on Base.,75.gif,Cream,Bunny,Sleepy,None,None,None
76,Scribblin #76,A looping doodle critter from Scribblins. Four bodies. One friendly cartoon. One clock. Minted on Base.,76.gif,Sky,Bunny,Grin,Beanie,None,Star
77,Scribblin #77,A looping doodle critter from Scribblins. Four bodies. One friendly cartoon. One clock. Minted on Base.,77.gif,Clay,Bunny,Grin,Headphones,None,Star
78,Scribblin #78,A looping doodle critter from Scribblins. Four bodies. One friendly cartoon. One clock. Minted on Base.,78.gif,Clay,Bunny,Wink,Cap,None,Pencil
79,Scribblin #79,A looping doodle critter from Scribblins. Four bodies. One friendly cartoon. One clock. Minted on Base.,79.gif,Sky,Pup,Sparkly,Cap,None,Star
80,Scribblin #80,A looping doodle critter from Scribblins. Four bodies. One friendly cartoon. One clock. Minted on Base.,80.gif,Butter,Bunny,Normal,None,None,Heart
81,Scribblin #81,A looping doodle critter from Scribblins. Four bodies. One friendly cartoon. One clock. Minted on Base.,81.gif,Clay,Bunny,Wink,Cap,Bowtie,Heart
82,Scribblin #82,A looping doodle critter from Scribblins. Four bodies. One friendly cartoon. One clock. Minted on Base.,82.gif,Cream,Bunny,Grin,None,Bowtie,None
83,Scribblin #83,A looping doodle critter from Scribblins. Four bodies. One friendly cartoon. One clock. Minted on Base.,83.gif,Cream,Bunny,Blep,Beanie,None,Star
84,Scribblin #84,A looping doodle critter from Scribblins. Four bodies. One friendly cartoon. One clock. Minted on Base.,84.gif,Sky,Bear,Grin,Flower,None,Heart
85,Scribblin #85,A looping doodle critter from Scribblins. Four bodies. One friendly cartoon. One clock. Minted on Base.,85.gif,Sky,Bear,Normal,None,Bandana,Pencil
86,Scribblin #86,A looping doodle critter from Scribblins. Four bodies. One friendly cartoon. One clock. Minted on Base.,86.gif,Sky,Bear,Heart,Headphones,Bowtie,Heart
87,Scribblin #87,A looping doodle critter from Scribblins. Four bodies. One friendly cartoon. One clock. Minted on Base.,87.gif,Butter,Bunny,Blep,None,Bandana,Pencil
88,Scribblin #88,A looping doodle critter from Scribblins. Four bodies. One friendly cartoon. One clock. Minted on Base.,88.gif,Sky,Bunny,Pout,Bow,Bandana,Pencil
89,Scribblin #89,A looping doodle critter from Scribblins. Four bodies. One friendly cartoon. One clock. Minted on Base.,89.gif,Sky,Bear,Normal,Headphones,None,None
90,Scribblin #90,A looping doodle critter from Scribblins. Four bodies. One friendly cartoon. One clock. Minted on Base.,90.gif,Clay,Frog,Sleepy,None,None,None
91,Scribblin #91,A looping doodle critter from Scribblins. Four bodies. One friendly cartoon. One clock. Minted on Base.,91.gif,Cream,Bunny,Grin,Flower,None,Star
92,Scribblin #92,A looping doodle critter from Scribblins. Four bodies. One friendly cartoon. One clock. Minted on Base.,92.gif,Sky,Bear,Wink,Beanie,Bowtie,None
93,Scribblin #93,A looping doodle critter from Scribblins. Four bodies. One friendly cartoon. One clock. Minted on Base.,93.gif,Sky,Bunny,Sparkly,Headphones,Bowtie,None
94,Scribblin #94,A looping doodle critter from Scribblins. Four bodies. One friendly cartoon. One clock. Minted on Base.,94.gif,Cream,Bear,Heart,Beanie,Bandana,Pencil
95,Scribblin #95,A looping doodle critter from Scribblins. Four bodies. One friendly cartoon. One clock. Minted on Base.,95.gif,Clay,Pup,Blep,Bow,Scarf,Star
96,Scribblin #96,A looping doodle critter from Scribblins. Four bodies. One friendly cartoon. One clock. Minted on Base.,96.gif,Clay,Bunny,Wink,Bow,Bowtie,None
97,Scribblin #97,A looping doodle critter from Scribblins. Four bodies. One friendly cartoon. One clock. Minted on Base.,97.gif,Sky,Pup,Normal,Cap,Bowtie,None
98,Scribblin #98,A looping doodle critter from Scribblins. Four bodies. One friendly cartoon. One clock. Minted on Base.,98.gif,Sky,Bunny,Sparkly,Bow,Bowtie,Heart
99,Scribblin #99,A looping doodle critter from Scribblins. Four bodies. One friendly cartoon. One clock. Minted on Base.,99.gif,Butter,Bunny,Sleepy,Headphones,None,Star
100,Scribblin #100,A looping doodle critter from Scribblins. Four bodies. One friendly cartoon. One clock. Minted on Base.,100.gif,Butter,Frog,Normal,Headphones,None,None
101,Scribblin #101,A looping doodle critter from Scribblins. Four bodies. One friendly cartoon. One clock. Minted on Base.,101.gif,Sky,Pup,Blep,Beanie,Scarf,Balloon
102,Scribblin #102,A looping doodle critter from Scribblins. Four bodies. One friendly cartoon. One clock. Minted on Base.,102.gif,Clay,Bear,Normal,None,Bowtie,Heart
103,Scribblin #103,A looping doodle critter from Scribblins. Four bodies. One friendly cartoon. One clock. Minted on Base.,103.gif,Cream,Bunny,Sleepy,Leaf,None,Heart
104,Scribblin #104,A looping doodle critter from Scribblins. Four bodies. One friendly cartoon. One clock. Minted on Base.,104.gif,Sky,Bear,Sleepy,Cap,Bowtie,None
105,Scribblin #105,A looping doodle critter from Scribblins. Four bodies. One friendly cartoon. One clock. Minted on Base.,105.gif,Sky,Frog,Sleepy,Bow,None,None
106,Scribblin #106,A looping doodle critter from Scribblins. Four bodies. One friendly cartoon. One clock. Minted on Base.,106.gif,Cream,Bear,Wink,None,Bowtie,Star
107,Scribblin #107,A looping doodle critter from Scribblins. Four bodies. One friendly cartoon. One clock. Minted on Base.,107.gif,Butter,Frog,Wink,Beanie,None,None
108,Scribblin #108,A looping doodle critter from Scribblins. Four bodies. One friendly cartoon. One clock. Minted on Base.,108.gif,Butter,Frog,Wink,Flower,Bowtie,None
109,Scribblin #109,A looping doodle critter from Scribblins. Four bodies. One friendly cartoon. One clock. Minted on Base.,109.gif,Cream,Bear,Heart,None,None,Heart
110,Scribblin #110,A looping doodle critter from Scribblins. Four bodies. One friendly cartoon. One clock. Minted on Base.,110.gif,Sky,Pup,Normal,Leaf,Bandana,Pencil
111,Scribblin #111,A looping doodle critter from Scribblins. Four bodies. One friendly cartoon. One clock. Minted on Base.,111.gif,Sky,Pup,Sparkly,Beanie,Scarf,None
112,Scribblin #112,A looping doodle critter from Scribblins. Four bodies. One friendly cartoon. One clock. Minted on Base.,112.gif,Clay,Bunny,Blep,Cap,None,Pencil
113,Scribblin #113,A looping doodle critter from Scribblins. Four bodies. One friendly cartoon. One clock. Minted on Base.,113.gif,Clay,Pup,Pout,None,None,None
114,Scribblin #114,A looping doodle critter from Scribblins. Four bodies. One friendly cartoon. One clock. Minted on Base.,114.gif,Sky,Bear,Sparkly,Headphones,None,Star
115,Scribblin #115,A looping doodle critter from Scribblins. Four bodies. One friendly cartoon. One clock. Minted on Base.,115.gif,Cream,Bunny,Sparkly,Headphones,Bowtie,Balloon
116,Scribblin #116,A looping doodle critter from Scribblins. Four bodies. One friendly cartoon. One clock. Minted on Base.,116.gif,Clay,Pup,Blep,Headphones,None,Balloon
117,Scribblin #117,A looping doodle critter from Scribblins. Four bodies. One friendly cartoon. One clock. Minted on Base.,117.gif,Cream,Frog,Wink,Bow,Scarf,Heart
118,Scribblin #118,A looping doodle critter from Scribblins. Four bodies. One friendly cartoon. One clock. Minted on Base.,118.gif,Sky,Frog,Wink,Beanie,Bandana,Star
119,Scribblin #119,A looping doodle critter from Scribblins. Four bodies. One friendly cartoon. One clock. Minted on Base.,119.gif,Cream,Frog,Sleepy,Bow,Bandana,Pencil
120,Scribblin #120,A looping doodle critter from Scribblins. Four bodies. One friendly cartoon. One clock. Minted on Base.,120.gif,Cream,Bunny,Normal,Beanie,None,Star
121,Scribblin #121,A looping doodle critter from Scribblins. Four bodies. One friendly cartoon. One clock. Minted on Base.,121.gif,Clay,Bunny,Sleepy,Beanie,Bowtie,Heart
122,Scribblin #122,A looping doodle critter from Scribblins. Four bodies. One friendly cartoon. One clock. Minted on Base.,122.gif,Butter,Bunny,Blep,Bow,Scarf,None
123,Scribblin #123,A looping doodle critter from Scribblins. Four bodies. One friendly cartoon. One clock. Minted on Base.,123.gif,Butter,Pup,Normal,Cap,Bandana,Star
124,Scribblin #124,A looping doodle critter from Scribblins. Four bodies. One friendly cartoon. One clock. Minted on Base.,124.gif,Clay,Bunny,Sparkly,None,Bowtie,Balloon
125,Scribblin #125,A looping doodle critter from Scribblins. Four bodies. One friendly cartoon. One clock. Minted on Base.,125.gif,Cream,Bear,Pout,Cap,None,Pencil
126,Scribblin #126,A looping doodle critter from Scribblins. Four bodies. One friendly cartoon. One clock. Minted on Base.,126.gif,Butter,Bunny,Blep,None,Scarf,None
127,Scribblin #127,A looping doodle critter from Scribblins. Four bodies. One friendly cartoon. One clock. Minted on Base.,127.gif,Sky,Bear,Grin,None,Bandana,None
128,Scribblin #128,A looping doodle critter from Scribblins. Four bodies. One friendly cartoon. One clock. Minted on Base.,128.gif,Sky,Pup,Blep,None,Bandana,Star
129,Scribblin #129,A looping doodle critter from Scribblins. Four bodies. One friendly cartoon. One clock. Minted on Base.,129.gif,Clay,Bunny,Grin,None,Scarf,None
130,Scribblin #130,A looping doodle critter from Scribblins. Four bodies. One friendly cartoon. One clock. Minted on Base.,130.gif,Cream,Bunny,Grin,Beanie,Bowtie,Star
131,Scribblin #131,A looping doodle critter from Scribblins. Four bodies. One friendly cartoon. One clock. Minted on Base.,131.gif,Cream,Bear,Normal,None,None,Star
132,Scribblin #132,A looping doodle critter from Scribblins. Four bodies. One friendly cartoon. One clock. Minted on Base.,132.gif,Sky,Pup,Sparkly,None,Bandana,Heart
133,Scribblin #133,A looping doodle critter from Scribblins. Four bodies. One friendly cartoon. One clock. Minted on Base.,133.gif,Sky,Bunny,Sleepy,Flower,None,Heart
134,Scribblin #134,A looping doodle critter from Scribblins. Four bodies. One friendly cartoon. One clock. Minted on Base.,134.gif,Cream,Bear,Wink,Cap,Bowtie,Star
135,Scribblin #135,A looping doodle critter from Scribblins. Four bodies. One friendly cartoon. One clock. Minted on Base.,135.gif,Cream,Bunny,Sparkly,Leaf,Bandana,None
136,Scribblin #136,A looping doodle critter from Scribblins. Four bodies. One friendly cartoon. One clock. Minted on Base.,136.gif,Clay,Bunny,Sleepy,Headphones,Bandana,Star
137,Scribblin #137,A looping doodle critter from Scribblins. Four bodies. One friendly cartoon. One clock. Minted on Base.,137.gif,Clay,Pup,Sleepy,Bow,None,None
138,Scribblin #138,A looping doodle critter from Scribblins. Four bodies. One friendly cartoon. One clock. Minted on Base.,138.gif,Cream,Pup,Normal,None,None,Pencil
139,Scribblin #139,A looping doodle critter from Scribblins. Four bodies. One friendly cartoon. One clock. Minted on Base.,139.gif,Sky,Bunny,Grin,Cap,Bandana,None
140,Scribblin #140,A looping doodle critter from Scribblins. Four bodies. One friendly cartoon. One clock. Minted on Base.,140.gif,Clay,Bunny,Pout,Cap,None,Balloon
141,Scribblin #141,A looping doodle critter from Scribblins. Four bodies. One friendly cartoon. One clock. Minted on Base.,141.gif,Cream,Bear,Normal,Flower,Bandana,Star
142,Scribblin #142,A looping doodle critter from Scribblins. Four bodies. One friendly cartoon. One clock. Minted on Base.,142.gif,Clay,Pup,Normal,None,Bowtie,Heart
143,Scribblin #143,A looping doodle critter from Scribblins. Four bodies. One friendly cartoon. One clock. Minted on Base.,143.gif,Clay,Frog,Heart,None,Bandana,None
144,Scribblin #144,A looping doodle critter from Scribblins. Four bodies. One friendly cartoon. One clock. Minted on Base.,144.gif,Sky,Bear,Heart,Beanie,None,Balloon
145,Scribblin #145,A looping doodle critter from Scribblins. Four bodies. One friendly cartoon. One clock. Minted on Base.,145.gif,Clay,Pup,Grin,None,Scarf,None
146,Scribblin #146,A looping doodle critter from Scribblins. Four bodies. One friendly cartoon. One clock. Minted on Base.,146.gif,Clay,Bunny,Grin,None,Bowtie,Pencil
147,Scribblin #147,A looping doodle critter from Scribblins. Four bodies. One friendly cartoon. One clock. Minted on Base.,147.gif,Butter,Bunny,Normal,None,None,None
148,Scribblin #148,A looping doodle critter from Scribblins. Four bodies. One friendly cartoon. One clock. Minted on Base.,148.gif,Butter,Bear,Sleepy,Flower,None,Balloon
149,Scribblin #149,A looping doodle critter from Scribblins. Four bodies. One friendly cartoon. One clock. Minted on Base.,149.gif,Cream,Bear,Blep,None,Bandana,Balloon
150,Scribblin #150,A looping doodle critter from Scribblins. Four bodies. One friendly cartoon. One clock. Minted on Base.,150.gif,Cream,Frog,Grin,None,Bandana,Heart
151,Scribblin #151,A looping doodle critter from Scribblins. Four bodies. One friendly cartoon. One clock. Minted on Base.,151.gif,Clay,Frog,Sparkly,Headphones,Bandana,None
152,Scribblin #152,A looping doodle critter from Scribblins. Four bodies. One friendly cartoon. One clock. Minted on Base.,152.gif,Sky,Bunny,Sleepy,Flower,None,None
153,Scribblin #153,A looping doodle critter from Scribblins. Four bodies. One friendly cartoon. One clock. Minted on Base.,153.gif,Sky,Bear,Sleepy,Cap,Bandana,Heart
154,Scribblin #154,A looping doodle critter from Scribblins. Four bodies. One friendly cartoon. One clock. Minted on Base.,154.gif,Cream,Frog,Sleepy,Cap,None,None
155,Scribblin #155,A looping doodle critter from Scribblins. Four bodies. One friendly cartoon. One clock. Minted on Base.,155.gif,Butter,Pup,Normal,Beanie,Scarf,None
156,Scribblin #156,A looping doodle critter from Scribblins. Four bodies. One friendly cartoon. One clock. Minted on Base.,156.gif,Butter,Bunny,Blep,Headphones,None,None
157,Scribblin #157,A looping doodle critter from Scribblins. Four bodies. One friendly cartoon. One clock. Minted on Base.,157.gif,Cream,Frog,Grin,Beanie,Scarf,Pencil
158,Scribblin #158,A looping doodle critter from Scribblins. Four bodies. One friendly cartoon. One clock. Minted on Base.,158.gif,Sky,Bear,Sleepy,Beanie,Bandana,Pencil
159,Scribblin #159,A looping doodle critter from Scribblins. Four bodies. One friendly cartoon. One clock. Minted on Base.,159.gif,Sky,Frog,Sleepy,Bow,None,Star
160,Scribblin #160,A looping doodle critter from Scribblins. Four bodies. One friendly cartoon. One clock. Minted on Base.,160.gif,Cream,Frog,Grin,Beanie,None,Balloon
161,Scribblin #161,A looping doodle critter from Scribblins. Four bodies. One friendly cartoon. One clock. Minted on Base.,161.gif,Clay,Bunny,Sleepy,Beanie,Bandana,None
162,Scribblin #162,A looping doodle critter from Scribblins. Four bodies. One friendly cartoon. One clock. Minted on Base.,162.gif,Butter,Bear,Blep,Headphones,None,Balloon
163,Scribblin #163,A looping doodle critter from Scribblins. Four bodies. One friendly cartoon. One clock. Minted on Base.,163.gif,Cream,Pup,Grin,Headphones,Scarf,Star
164,Scribblin #164,A looping doodle critter from Scribblins. Four bodies. One friendly cartoon. One clock. Minted on Base.,164.gif,Butter,Pup,Heart,Beanie,Bandana,None
165,Scribblin #165,A looping doodle critter from Scribblins. Four bodies. One friendly cartoon. One clock. Minted on Base.,165.gif,Clay,Bear,Pout,Cap,Scarf,Heart
166,Scribblin #166,A looping doodle critter from Scribblins. Four bodies. One friendly cartoon. One clock. Minted on Base.,166.gif,Cream,Bunny,Sparkly,Headphones,Bowtie,None
167,Scribblin #167,A looping doodle critter from Scribblins. Four bodies. One friendly cartoon. One clock. Minted on Base.,167.gif,Clay,Pup,Sleepy,Cap,Bowtie,Heart
168,Scribblin #168,A looping doodle critter from Scribblins. Four bodies. One friendly cartoon. One clock. Minted on Base.,168.gif,Butter,Pup,Blep,Leaf,Bandana,Pencil
169,Scribblin #169,A looping doodle critter from Scribblins. Four bodies. One friendly cartoon. One clock. Minted on Base.,169.gif,Butter,Bunny,Wink,Cap,None,Balloon
170,Scribblin #170,A looping doodle critter from Scribblins. Four bodies. One friendly cartoon. One clock. Minted on Base.,170.gif,Cream,Frog,Blep,Flower,Scarf,None
171,Scribblin #171,A looping doodle critter from Scribblins. Four bodies. One friendly cartoon. One clock. Minted on Base.,171.gif,Cream,Bunny,Blep,Bow,Scarf,Pencil
172,Scribblin #172,A looping doodle critter from Scribblins. Four bodies. One friendly cartoon. One clock. Minted on Base.,172.gif,Cream,Frog,Normal,Bow,Bandana,Star
173,Scribblin #173,A looping doodle critter from Scribblins. Four bodies. One friendly cartoon. One clock. Minted on Base.,173.gif,Cream,Pup,Grin,Flower,None,Heart
174,Scribblin #174,A looping doodle critter from Scribblins. Four bodies. One friendly cartoon. One clock. Minted on Base.,174.gif,Clay,Bunny,Sleepy,Flower,None,Balloon
175,Scribblin #175,A looping doodle critter from Scribblins. Four bodies. One friendly cartoon. One clock. Minted on Base.,175.gif,Clay,Bear,Heart,Beanie,None,Heart
176,Scribblin #176,A looping doodle critter from Scribblins. Four bodies. One friendly cartoon. One clock. Minted on Base.,176.gif,Cream,Frog,Grin,None,None,Pencil
177,Scribblin #177,A looping doodle critter from Scribblins. Four bodies. One friendly cartoon. One clock. Minted on Base.,177.gif,Butter,Pup,Normal,Headphones,None,Heart
178,Scribblin #178,A looping doodle critter from Scribblins. Four bodies. One friendly cartoon. One clock. Minted on Base.,178.gif,Cream,Bear,Normal,None,None,Heart
179,Scribblin #179,A looping doodle critter from Scribblins. Four bodies. One friendly cartoon. One clock. Minted on Base.,179.gif,Cream,Bunny,Sleepy,Leaf,Scarf,Heart
180,Scribblin #180,A looping doodle critter from Scribblins. Four bodies. One friendly cartoon. One clock. Minted on Base.,180.gif,Cream,Bear,Heart,None,None,None
181,Scribblin #181,A looping doodle critter from Scribblins. Four bodies. One friendly cartoon. One clock. Minted on Base.,181.gif,Butter,Bunny,Normal,Cap,Bandana,None
182,Scribblin #182,A looping doodle critter from Scribblins. Four bodies. One friendly cartoon. One clock. Minted on Base.,182.gif,Cream,Bear,Blep,Beanie,Bandana,None
183,Scribblin #183,A looping doodle critter from Scribblins. Four bodies. One friendly cartoon. One clock. Minted on Base.,183.gif,Butter,Pup,Grin,Beanie,Scarf,None
184,Scribblin #184,A looping doodle critter from Scribblins. Four bodies. One friendly cartoon. One clock. Minted on Base.,184.gif,Cream,Pup,Normal,Cap,Scarf,None
185,Scribblin #185,A looping doodle critter from Scribblins. Four bodies. One friendly cartoon. One clock. Minted on Base.,185.gif,Clay,Bunny,Sleepy,Bow,Bandana,Star
186,Scribblin #186,A looping doodle critter from Scribblins. Four bodies. One friendly cartoon. One clock. Minted on Base.,186.gif,Sky,Bunny,Wink,Beanie,Bowtie,Star
187,Scribblin #187,A looping doodle critter from Scribblins. Four bodies. One friendly cartoon. One clock. Minted on Base.,187.gif,Clay,Bunny,Wink,Beanie,None,Star
188,Scribblin #188,A looping doodle critter from Scribblins. Four bodies. One friendly cartoon. One clock. Minted on Base.,188.gif,Clay,Pup,Heart,Leaf,Scarf,Star
189,Scribblin #189,A looping doodle critter from Scribblins. Four bodies. One friendly cartoon. One clock. Minted on Base.,189.gif,Clay,Bear,Wink,Leaf,None,Heart
190,Scribblin #190,A looping doodle critter from Scribblins. Four bodies. One friendly cartoon. One clock. Minted on Base.,190.gif,Clay,Pup,Blep,Leaf,None,Balloon
191,Scribblin #191,A looping doodle critter from Scribblins. Four bodies. One friendly cartoon. One clock. Minted on Base.,191.gif,Cream,Bear,Sleepy,None,Scarf,Balloon
192,Scribblin #192,A looping doodle critter from Scribblins. Four bodies. One friendly cartoon. One clock. Minted on Base.,192.gif,Cream,Bunny,Heart,Headphones,Scarf,Star
193,Scribblin #193,A looping doodle critter from Scribblins. Four bodies. One friendly cartoon. One clock. Minted on Base.,193.gif,Cream,Bear,Wink,Beanie,Bandana,Heart
194,Scribblin #194,A looping doodle critter from Scribblins. Four bodies. One friendly cartoon. One clock. Minted on Base.,194.gif,Clay,Pup,Wink,None,Scarf,None
195,Scribblin #195,A looping doodle critter from Scribblins. Four bodies. One friendly cartoon. One clock. Minted on Base.,195.gif,Cream,Frog,Normal,Beanie,Bandana,None
196,Scribblin #196,A looping doodle critter from Scribblins. Four bodies. One friendly cartoon. One clock. Minted on Base.,196.gif,Sky,Bunny,Grin,None,Bandana,Heart
197,Scribblin #197,A looping doodle critter from Scribblins. Four bodies. One friendly cartoon. One clock. Minted on Base.,197.gif,Cream,Bunny,Sleepy,Headphones,Bowtie,Pencil
198,Scribblin #198,A looping doodle critter from Scribblins. Four bodies. One friendly cartoon. One clock. Minted on Base.,198.gif,Sky,Bear,Normal,Flower,None,Balloon
199,Scribblin #199,A looping doodle critter from Scribblins. Four bodies. One friendly cartoon. One clock. Minted on Base.,199.gif,Sky,Bunny,Grin,Beanie,None,None
200,Scribblin #200,A looping doodle critter from Scribblins. Four bodies. One friendly cartoon. One clock. Minted on Base.,200.gif,Cream,Bunny,Pout,Beanie,None,Pencil
201,Scribblin #201,A looping doodle critter from Scribblins. Four bodies. One friendly cartoon. One clock. Minted on Base.,201.gif,Sky,Bunny,Wink,None,Scarf,Pencil
202,Scribblin #202,A looping doodle critter from Scribblins. Four bodies. One friendly cartoon. One clock. Minted on Base.,202.gif,Butter,Pup,Sparkly,None,Bowtie,Pencil
203,Scribblin #203,A looping doodle critter from Scribblins. Four bodies. One friendly cartoon. One clock. Minted on Base.,203.gif,Cream,Pup,Wink,Flower,None,Pencil
204,Scribblin #204,A looping doodle critter from Scribblins. Four bodies. One friendly cartoon. One clock. Minted on Base.,204.gif,Sky,Bunny,Sleepy,Beanie,Scarf,Heart
205,Scribblin #205,A looping doodle critter from Scribblins. Four bodies. One friendly cartoon. One clock. Minted on Base.,205.gif,Butter,Pup,Wink,Headphones,Bandana,Pencil
206,Scribblin #206,A looping doodle critter from Scribblins. Four bodies. One friendly cartoon. One clock. Minted on Base.,206.gif,Sky,Bunny,Grin,Flower,None,Heart
207,Scribblin #207,A looping doodle critter from Scribblins. Four bodies. One friendly cartoon. One clock. Minted on Base.,207.gif,Sky,Pup,Sleepy,Beanie,None,Pencil
208,Scribblin #208,A looping doodle critter from Scribblins. Four bodies. One friendly cartoon. One clock. Minted on Base.,208.gif,Sky,Pup,Sleepy,Bow,None,None
209,Scribblin #209,A looping doodle critter from Scribblins. Four bodies. One friendly cartoon. One clock. Minted on Base.,209.gif,Butter,Pup,Blep,Bow,Scarf,None
210,Scribblin #210,A looping doodle critter from Scribblins. Four bodies. One friendly cartoon. One clock. Minted on Base.,210.gif,Clay,Bunny,Sleepy,Flower,None,None
211,Scribblin #211,A looping doodle critter from Scribblins. Four bodies. One friendly cartoon. One clock. Minted on Base.,211.gif,Clay,Bunny,Grin,Beanie,Bandana,None
212,Scribblin #212,A looping doodle critter from Scribblins. Four bodies. One friendly cartoon. One clock. Minted on Base.,212.gif,Butter,Bear,Grin,Cap,Bandana,Heart
213,Scribblin #213,A looping doodle critter from Scribblins. Four bodies. One friendly cartoon. One clock. Minted on Base.,213.gif,Butter,Bunny,Grin,Bow,Scarf,None
214,Scribblin #214,A looping doodle critter from Scribblins. Four bodies. One friendly cartoon. One clock. Minted on Base.,214.gif,Butter,Bunny,Normal,Flower,Scarf,Star
215,Scribblin #215,A looping doodle critter from Scribblins. Four bodies. One friendly cartoon. One clock. Minted on Base.,215.gif,Sky,Bunny,Sparkly,Leaf,Bandana,Pencil
216,Scribblin #216,A looping doodle critter from Scribblins. Four bodies. One friendly cartoon. One clock. Minted on Base.,216.gif,Sky,Bear,Pout,None,Scarf,Star
217,Scribblin #217,A looping doodle critter from Scribblins. Four bodies. One friendly cartoon. One clock. Minted on Base.,217.gif,Sky,Bunny,Grin,Bow,None,None
218,Scribblin #218,A looping doodle critter from Scribblins. Four bodies. One friendly cartoon. One clock. Minted on Base.,218.gif,Cream,Bear,Grin,Cap,Bandana,Heart
219,Scribblin #219,A looping doodle critter from Scribblins. Four bodies. One friendly cartoon. One clock. Minted on Base.,219.gif,Sky,Frog,Normal,Cap,None,None
220,Scribblin #220,A looping doodle critter from Scribblins. Four bodies. One friendly cartoon. One clock. Minted on Base.,220.gif,Cream,Bunny,Sleepy,Flower,Bowtie,None
221,Scribblin #221,A looping doodle critter from Scribblins. Four bodies. One friendly cartoon. One clock. Minted on Base.,221.gif,Cream,Pup,Wink,Cap,Scarf,Star
222,Scribblin #222,A looping doodle critter from Scribblins. Four bodies. One friendly cartoon. One clock. Minted on Base.,222.gif,Clay,Pup,Blep,Cap,Bandana,Pencil
223,Scribblin #223,A looping doodle critter from Scribblins. Four bodies. One friendly cartoon. One clock. Minted on Base.,223.gif,Clay,Bunny,Normal,Headphones,Bowtie,Balloon
224,Scribblin #224,A looping doodle critter from Scribblins. Four bodies. One friendly cartoon. One clock. Minted on Base.,224.gif,Clay,Bear,Sleepy,Flower,None,Pencil
225,Scribblin #225,A looping doodle critter from Scribblins. Four bodies. One friendly cartoon. One clock. Minted on Base.,225.gif,Butter,Pup,Blep,Bow,None,None
226,Scribblin #226,A looping doodle critter from Scribblins. Four bodies. One friendly cartoon. One clock. Minted on Base.,226.gif,Butter,Frog,Blep,Flower,None,None
227,Scribblin #227,A looping doodle critter from Scribblins. Four bodies. One friendly cartoon. One clock. Minted on Base.,227.gif,Clay,Pup,Blep,Cap,Bandana,Heart
228,Scribblin #228,A looping doodle critter from Scribblins. Four bodies. One friendly cartoon. One clock. Minted on Base.,228.gif,Cream,Pup,Grin,Bow,None,Star
229,Scribblin #229,A looping doodle critter from Scribblins. Four bodies. One friendly cartoon. One clock. Minted on Base.,229.gif,Sky,Pup,Blep,Bow,Bowtie,None
230,Scribblin #230,A looping doodle critter from Scribblins. Four bodies. One friendly cartoon. One clock. Minted on Base.,230.gif,Clay,Pup,Wink,Headphones,Bandana,Star
231,Scribblin #231,A looping doodle critter from Scribblins. Four bodies. One friendly cartoon. One clock. Minted on Base.,231.gif,Cream,Bear,Blep,Beanie,None,Heart
232,Scribblin #232,A looping doodle critter from Scribblins. Four bodies. One friendly cartoon. One clock. Minted on Base.,232.gif,Cream,Bunny,Wink,Headphones,Scarf,Pencil
233,Scribblin #233,A looping doodle critter from Scribblins. Four bodies. One friendly cartoon. One clock. Minted on Base.,233.gif,Clay,Bunny,Heart,Bow,None,Pencil
234,Scribblin #234,A looping doodle critter from Scribblins. Four bodies. One friendly cartoon. One clock. Minted on Base.,234.gif,Cream,Pup,Wink,Beanie,Bowtie,None
235,Scribblin #235,A looping doodle critter from Scribblins. Four bodies. One friendly cartoon. One clock. Minted on Base.,235.gif,Cream,Bunny,Sleepy,None,Scarf,Heart
236,Scribblin #236,A looping doodle critter from Scribblins. Four bodies. One friendly cartoon. One clock. Minted on Base.,236.gif,Clay,Bear,Grin,None,Bowtie,Star
237,Scribblin #237,A looping doodle critter from Scribblins. Four bodies. One friendly cartoon. One clock. Minted on Base.,237.gif,Sky,Bear,Normal,Bow,Bowtie,Pencil
238,Scribblin #238,A looping doodle critter from Scribblins. Four bodies. One friendly cartoon. One clock. Minted on Base.,238.gif,Cream,Bunny,Blep,Beanie,Bowtie,Star
239,Scribblin #239,A looping doodle critter from Scribblins. Four bodies. One friendly cartoon. One clock. Minted on Base.,239.gif,Cream,Pup,Normal,Cap,Bandana,Star
240,Scribblin #240,A looping doodle critter from Scribblins. Four bodies. One friendly cartoon. One clock. Minted on Base.,240.gif,Sky,Bear,Normal,None,None,None
241,Scribblin #241,A looping doodle critter from Scribblins. Four bodies. One friendly cartoon. One clock. Minted on Base.,241.gif,Sky,Pup,Heart,Flower,Bandana,None
242,Scribblin #242,A looping doodle critter from Scribblins. Four bodies. One friendly cartoon. One clock. Minted on Base.,242.gif,Cream,Bunny,Heart,Flower,Bowtie,Star
243,Scribblin #243,A looping doodle critter from Scribblins. Four bodies. One friendly cartoon. One clock. Minted on Base.,243.gif,Clay,Bunny,Grin,Leaf,Bandana,None
244,Scribblin #244,A looping doodle critter from Scribblins. Four bodies. One friendly cartoon. One clock. Minted on Base.,244.gif,Clay,Pup,Wink,Flower,None,None
245,Scribblin #245,A looping doodle critter from Scribblins. Four bodies. One friendly cartoon. One clock. Minted on Base.,245.gif,Cream,Bunny,Normal,Leaf,Scarf,Pencil
246,Scribblin #246,A looping doodle critter from Scribblins. Four bodies. One friendly cartoon. One clock. Minted on Base.,246.gif,Butter,Pup,Sparkly,Beanie,Bandana,Star
247,Scribblin #247,A looping doodle critter from Scribblins. Four bodies. One friendly cartoon. One clock. Minted on Base.,247.gif,Cream,Pup,Blep,None,Scarf,None
248,Scribblin #248,A looping doodle critter from Scribblins. Four bodies. One friendly cartoon. One clock. Minted on Base.,248.gif,Cream,Pup,Normal,None,Scarf,Balloon
249,Scribblin #249,A looping doodle critter from Scribblins. Four bodies. One friendly cartoon. One clock. Minted on Base.,249.gif,Sky,Frog,Heart,Headphones,Bandana,None
250,Scribblin #250,A looping doodle critter from Scribblins. Four bodies. One friendly cartoon. One clock. Minted on Base.,250.gif,Clay,Frog,Pout,None,None,Star
251,Scribblin #251,A looping doodle critter from Scribblins. Four bodies. One friendly cartoon. One clock. Minted on Base.,251.gif,Butter,Frog,Pout,Leaf,Bandana,Heart
252,Scribblin #252,A looping doodle critter from Scribblins. Four bodies. One friendly cartoon. One clock. Minted on Base.,252.gif,Cream,Bunny,Sleepy,Bow,Bowtie,None
253,Scribblin #253,A looping doodle critter from Scribblins. Four bodies. One friendly cartoon. One clock. Minted on Base.,253.gif,Clay,Bear,Blep,Headphones,None,None
254,Scribblin #254,A looping doodle critter from Scribblins. Four bodies. One friendly cartoon. One clock. Minted on Base.,254.gif,Sky,Pup,Normal,Flower,None,Pencil
255,Scribblin #255,A looping doodle critter from Scribblins. Four bodies. One friendly cartoon. One clock. Minted on Base.,255.gif,Cream,Bear,Normal,Headphones,Bandana,Pencil
256,Scribblin #256,A looping doodle critter from Scribblins. Four bodies. One friendly cartoon. One clock. Minted on Base.,256.gif,Clay,Bunny,Blep,Bow,Scarf,Balloon
257,Scribblin #257,A looping doodle critter from Scribblins. Four bodies. One friendly cartoon. One clock. Minted on Base.,257.gif,Clay,Pup,Pout,Bow,Bandana,Pencil
258,Scribblin #258,A looping doodle critter from Scribblins. Four bodies. One friendly cartoon. One clock. Minted on Base.,258.gif,Cream,Bunny,Normal,Cap,Scarf,Heart
259,Scribblin #259,A looping doodle critter from Scribblins. Four bodies. One friendly cartoon. One clock. Minted on Base.,259.gif,Cream,Bunny,Sparkly,None,None,None
260,Scribblin #260,A looping doodle critter from Scribblins. Four bodies. One friendly cartoon. One clock. Minted on Base.,260.gif,Clay,Bunny,Heart,Headphones,Bandana,None
261,Scribblin #261,A looping doodle critter from Scribblins. Four bodies. One friendly cartoon. One clock. Minted on Base.,261.gif,Sky,Bear,Normal,Flower,Scarf,Heart
262,Scribblin #262,A looping doodle critter from Scribblins. Four bodies. One friendly cartoon. One clock. Minted on Base.,262.gif,Clay,Bear,Normal,Cap,Scarf,Balloon
263,Scribblin #263,A looping doodle critter from Scribblins. Four bodies. One friendly cartoon. One clock. Minted on Base.,263.gif,Clay,Pup,Sleepy,Headphones,None,Heart
264,Scribblin #264,A looping doodle critter from Scribblins. Four bodies. One friendly cartoon. One clock. Minted on Base.,264.gif,Sky,Bunny,Grin,Flower,Bowtie,Star
265,Scribblin #265,A looping doodle critter from Scribblins. Four bodies. One friendly cartoon. One clock. Minted on Base.,265.gif,Butter,Bear,Wink,Cap,Scarf,Balloon
266,Scribblin #266,A looping doodle critter from Scribblins. Four bodies. One friendly cartoon. One clock. Minted on Base.,266.gif,Sky,Pup,Sleepy,Bow,None,Heart
267,Scribblin #267,A looping doodle critter from Scribblins. Four bodies. One friendly cartoon. One clock. Minted on Base.,267.gif,Cream,Bunny,Sparkly,Beanie,Scarf,Balloon
268,Scribblin #268,A looping doodle critter from Scribblins. Four bodies. One friendly cartoon. One clock. Minted on Base.,268.gif,Sky,Bunny,Sparkly,Bow,Bowtie,None
269,Scribblin #269,A looping doodle critter from Scribblins. Four bodies. One friendly cartoon. One clock. Minted on Base.,269.gif,Butter,Pup,Sparkly,None,None,Balloon
270,Scribblin #270,A looping doodle critter from Scribblins. Four bodies. One friendly cartoon. One clock. Minted on Base.,270.gif,Clay,Bunny,Heart,Headphones,Scarf,Balloon
271,Scribblin #271,A looping doodle critter from Scribblins. Four bodies. One friendly cartoon. One clock. Minted on Base.,271.gif,Sky,Bear,Normal,Bow,None,Balloon
272,Scribblin #272,A looping doodle critter from Scribblins. Four bodies. One friendly cartoon. One clock. Minted on Base.,272.gif,Sky,Pup,Sleepy,Flower,None,None
273,Scribblin #273,A looping doodle critter from Scribblins. Four bodies. One friendly cartoon. One clock. Minted on Base.,273.gif,Butter,Bear,Pout,None,None,None
274,Scribblin #274,A looping doodle critter from Scribblins. Four bodies. One friendly cartoon. One clock. Minted on Base.,274.gif,Clay,Bunny,Sleepy,Headphones,Bandana,Pencil
275,Scribblin #275,A looping doodle critter from Scribblins. Four bodies. One friendly cartoon. One clock. Minted on Base.,275.gif,Cream,Bunny,Heart,Leaf,None,None
276,Scribblin #276,A looping doodle critter from Scribblins. Four bodies. One friendly cartoon. One clock. Minted on Base.,276.gif,Cream,Bunny,Grin,Leaf,Scarf,None
277,Scribblin #277,A looping doodle critter from Scribblins. Four bodies. One friendly cartoon. One clock. Minted on Base.,277.gif,Sky,Bear,Heart,Beanie,None,Heart
278,Scribblin #278,A looping doodle critter from Scribblins. Four bodies. One friendly cartoon. One clock. Minted on Base.,278.gif,Butter,Frog,Blep,None,Bandana,Balloon
279,Scribblin #279,A looping doodle critter from Scribblins. Four bodies. One friendly cartoon. One clock. Minted on Base.,279.gif,Sky,Bear,Sleepy,Beanie,Scarf,Pencil
280,Scribblin #280,A looping doodle critter from Scribblins. Four bodies. One friendly cartoon. One clock. Minted on Base.,280.gif,Cream,Bear,Sleepy,None,Bandana,None
281,Scribblin #281,A looping doodle critter from Scribblins. Four bodies. One friendly cartoon. One clock. Minted on Base.,281.gif,Clay,Frog,Sparkly,None,None,None
282,Scribblin #282,A looping doodle critter from Scribblins. Four bodies. One friendly cartoon. One clock. Minted on Base.,282.gif,Clay,Bear,Heart,Headphones,None,Heart
283,Scribblin #283,A looping doodle critter from Scribblins. Four bodies. One friendly cartoon. One clock. Minted on Base.,283.gif,Cream,Frog,Sleepy,Flower,None,None
284,Scribblin #284,A looping doodle critter from Scribblins. Four bodies. One friendly cartoon. One clock. Minted on Base.,284.gif,Clay,Pup,Blep,Bow,None,Heart
285,Scribblin #285,A looping doodle critter from Scribblins. Four bodies. One friendly cartoon. One clock. Minted on Base.,285.gif,Cream,Bunny,Normal,Bow,None,None
286,Scribblin #286,A looping doodle critter from Scribblins. Four bodies. One friendly cartoon. One clock. Minted on Base.,286.gif,Sky,Bear,Sleepy,Leaf,Scarf,Star
287,Scribblin #287,A looping doodle critter from Scribblins. Four bodies. One friendly cartoon. One clock. Minted on Base.,287.gif,Clay,Bunny,Grin,Beanie,Scarf,None
288,Scribblin #288,A looping doodle critter from Scribblins. Four bodies. One friendly cartoon. One clock. Minted on Base.,288.gif,Clay,Bear,Sparkly,Headphones,Bandana,Star
289,Scribblin #289,A looping doodle critter from Scribblins. Four bodies. One friendly cartoon. One clock. Minted on Base.,289.gif,Butter,Bunny,Normal,Beanie,Scarf,Star
290,Scribblin #290,A looping doodle critter from Scribblins. Four bodies. One friendly cartoon. One clock. Minted on Base.,290.gif,Sky,Bunny,Sleepy,Cap,None,None
291,Scribblin #291,A looping doodle critter from Scribblins. Four bodies. One friendly cartoon. One clock. Minted on Base.,291.gif,Cream,Bunny,Normal,None,Bowtie,Pencil
292,Scribblin #292,A looping doodle critter from Scribblins. Four bodies. One friendly cartoon. One clock. Minted on Base.,292.gif,Butter,Pup,Grin,Beanie,Bandana,None
293,Scribblin #293,A looping doodle critter from Scribblins. Four bodies. One friendly cartoon. One clock. Minted on Base.,293.gif,Butter,Pup,Normal,Bow,Bandana,Star
294,Scribblin #294,A looping doodle critter from Scribblins. Four bodies. One friendly cartoon. One clock. Minted on Base.,294.gif,Clay,Pup,Wink,Beanie,None,Balloon
295,Scribblin #295,A looping doodle critter from Scribblins. Four bodies. One friendly cartoon. One clock. Minted on Base.,295.gif,Clay,Bear,Pout,None,Bandana,None
296,Scribblin #296,A looping doodle critter from Scribblins. Four bodies. One friendly cartoon. One clock. Minted on Base.,296.gif,Clay,Bear,Grin,None,Scarf,Heart
297,Scribblin #297,A looping doodle critter from Scribblins. Four bodies. One friendly cartoon. One clock. Minted on Base.,297.gif,Clay,Frog,Blep,Bow,Bandana,Star
298,Scribblin #298,A looping doodle critter from Scribblins. Four bodies. One friendly cartoon. One clock. Minted on Base.,298.gif,Sky,Frog,Pout,None,Scarf,None
299,Scribblin #299,A looping doodle critter from Scribblins. Four bodies. One friendly cartoon. One clock. Minted on Base.,299.gif,Cream,Bear,Wink,None,None,None
300,Scribblin #300,A looping doodle critter from Scribblins. Four bodies. One friendly cartoon. One clock. Minted on Base.,300.gif,Sky,Bunny,Sleepy,Headphones,None,Star
301,Scribblin #301,A looping doodle critter from Scribblins. Four bodies. One friendly cartoon. One clock. Minted on Base.,301.gif,Cream,Bear,Sparkly,Flower,Bandana,None
302,Scribblin #302,A looping doodle critter from Scribblins. Four bodies. One friendly cartoon. One clock. Minted on Base.,302.gif,Cream,Bunny,Pout,Cap,Scarf,Pencil
303,Scribblin #303,A looping doodle critter from Scribblins. Four bodies. One friendly cartoon. One clock. Minted on Base.,303.gif,Clay,Bunny,Blep,Bow,Bowtie,Pencil
304,Scribblin #304,A looping doodle critter from Scribblins. Four bodies. One friendly cartoon. One clock. Minted on Base.,304.gif,Cream,Bear,Sleepy,Bow,Scarf,Star
305,Scribblin #305,A looping doodle critter from Scribblins. Four bodies. One friendly cartoon. One clock. Minted on Base.,305.gif,Sky,Bunny,Sleepy,Bow,Bandana,None
306,Scribblin #306,A looping doodle critter from Scribblins. Four bodies. One friendly cartoon. One clock. Minted on Base.,306.gif,Sky,Bear,Normal,Flower,None,None
307,Scribblin #307,A looping doodle critter from Scribblins. Four bodies. One friendly cartoon. One clock. Minted on Base.,307.gif,Cream,Pup,Sleepy,Bow,None,Pencil
308,Scribblin #308,A looping doodle critter from Scribblins. Four bodies. One friendly cartoon. One clock. Minted on Base.,308.gif,Butter,Frog,Sleepy,Beanie,None,Star
309,Scribblin #309,A looping doodle critter from Scribblins. Four bodies. One friendly cartoon. One clock. Minted on Base.,309.gif,Clay,Bunny,Normal,Cap,Bowtie,Star
310,Scribblin #310,A looping doodle critter from Scribblins. Four bodies. One friendly cartoon. One clock. Minted on Base.,310.gif,Cream,Pup,Sparkly,Leaf,None,Balloon
311,Scribblin #311,A looping doodle critter from Scribblins. Four bodies. One friendly cartoon. One clock. Minted on Base.,311.gif,Cream,Bunny,Blep,Beanie,None,None
312,Scribblin #312,A looping doodle critter from Scribblins. Four bodies. One friendly cartoon. One clock. Minted on Base.,312.gif,Butter,Pup,Sparkly,Headphones,Bandana,Heart
313,Scribblin #313,A looping doodle critter from Scribblins. Four bodies. One friendly cartoon. One clock. Minted on Base.,313.gif,Clay,Bunny,Normal,Flower,Bowtie,None
314,Scribblin #314,A looping doodle critter from Scribblins. Four bodies. One friendly cartoon. One clock. Minted on Base.,314.gif,Clay,Bear,Grin,Headphones,Bandana,Pencil
315,Scribblin #315,A looping doodle critter from Scribblins. Four bodies. One friendly cartoon. One clock. Minted on Base.,315.gif,Cream,Bear,Wink,Beanie,None,None
316,Scribblin #316,A looping doodle critter from Scribblins. Four bodies. One friendly cartoon. One clock. Minted on Base.,316.gif,Sky,Bunny,Normal,Beanie,Bandana,None
317,Scribblin #317,A looping doodle critter from Scribblins. Four bodies. One friendly cartoon. One clock. Minted on Base.,317.gif,Butter,Pup,Sleepy,None,None,None
318,Scribblin #318,A looping doodle critter from Scribblins. Four bodies. One friendly cartoon. One clock. Minted on Base.,318.gif,Cream,Bear,Blep,None,None,Balloon
319,Scribblin #319,A looping doodle critter from Scribblins. Four bodies. One friendly cartoon. One clock. Minted on Base.,319.gif,Butter,Frog,Pout,None,Scarf,Balloon
320,Scribblin #320,A looping doodle critter from Scribblins. Four bodies. One friendly cartoon. One clock. Minted on Base.,320.gif,Clay,Bunny,Sleepy,Cap,Scarf,Pencil
321,Scribblin #321,A looping doodle critter from Scribblins. Four bodies. One friendly cartoon. One clock. Minted on Base.,321.gif,Cream,Bunny,Blep,Leaf,Bandana,Heart
322,Scribblin #322,A looping doodle critter from Scribblins. Four bodies. One friendly cartoon. One clock. Minted on Base.,322.gif,Butter,Pup,Normal,Beanie,None,Heart
323,Scribblin #323,A looping doodle critter from Scribblins. Four bodies. One friendly cartoon. One clock. Minted on Base.,323.gif,Cream,Frog,Sparkly,None,Bandana,Star
324,Scribblin #324,A looping doodle critter from Scribblins. Four bodies. One friendly cartoon. One clock. Minted on Base.,324.gif,Clay,Bunny,Normal,Flower,None,Star
325,Scribblin #325,A looping doodle critter from Scribblins. Four bodies. One friendly cartoon. One clock. Minted on Base.,325.gif,Cream,Bunny,Normal,Flower,None,Heart
326,Scribblin #326,A looping doodle critter from Scribblins. Four bodies. One friendly cartoon. One clock. Minted on Base.,326.gif,Cream,Bear,Sleepy,None,Scarf,None
327,Scribblin #327,A looping doodle critter from Scribblins. Four bodies. One friendly cartoon. One clock. Minted on Base.,327.gif,Cream,Pup,Normal,Beanie,Bowtie,Star
328,Scribblin #328,A looping doodle critter from Scribblins. Four bodies. One friendly cartoon. One clock. Minted on Base.,328.gif,Clay,Bunny,Grin,Beanie,Scarf,Heart
329,Scribblin #329,A looping doodle critter from Scribblins. Four bodies. One friendly cartoon. One clock. Minted on Base.,329.gif,Clay,Bunny,Wink,Bow,Scarf,Pencil
330,Scribblin #330,A looping doodle critter from Scribblins. Four bodies. One friendly cartoon. One clock. Minted on Base.,330.gif,Cream,Bear,Grin,Flower,Bandana,None
331,Scribblin #331,A looping doodle critter from Scribblins. Four bodies. One friendly cartoon. One clock. Minted on Base.,331.gif,Sky,Bunny,Normal,Leaf,Bandana,Star
332,Scribblin #332,A looping doodle critter from Scribblins. Four bodies. One friendly cartoon. One clock. Minted on Base.,332.gif,Butter,Bunny,Blep,Headphones,Scarf,Balloon
333,Scribblin #333,A looping doodle critter from Scribblins. Four bodies. One friendly cartoon. One clock. Minted on Base.,333.gif,Clay,Bunny,Wink,None,None,Balloon
334,Scribblin #334,A looping doodle critter from Scribblins. Four bodies. One friendly cartoon. One clock. Minted on Base.,334.gif,Cream,Pup,Sparkly,Leaf,Bowtie,None
335,Scribblin #335,A looping doodle critter from Scribblins. Four bodies. One friendly cartoon. One clock. Minted on Base.,335.gif,Clay,Pup,Sleepy,Flower,None,Star
336,Scribblin #336,A looping doodle critter from Scribblins. Four bodies. One friendly cartoon. One clock. Minted on Base.,336.gif,Cream,Bear,Grin,Beanie,None,Balloon
337,Scribblin #337,A looping doodle critter from Scribblins. Four bodies. One friendly cartoon. One clock. Minted on Base.,337.gif,Clay,Bunny,Wink,Beanie,Bandana,Star
338,Scribblin #338,A looping doodle critter from Scribblins. Four bodies. One friendly cartoon. One clock. Minted on Base.,338.gif,Cream,Bear,Normal,Beanie,None,Heart
339,Scribblin #339,A looping doodle critter from Scribblins. Four bodies. One friendly cartoon. One clock. Minted on Base.,339.gif,Sky,Bunny,Sleepy,Cap,None,Pencil
340,Scribblin #340,A looping doodle critter from Scribblins. Four bodies. One friendly cartoon. One clock. Minted on Base.,340.gif,Cream,Bunny,Grin,Headphones,Bandana,Pencil
341,Scribblin #341,A looping doodle critter from Scribblins. Four bodies. One friendly cartoon. One clock. Minted on Base.,341.gif,Sky,Bear,Normal,Beanie,Scarf,Pencil
342,Scribblin #342,A looping doodle critter from Scribblins. Four bodies. One friendly cartoon. One clock. Minted on Base.,342.gif,Butter,Frog,Pout,None,None,None
343,Scribblin #343,A looping doodle critter from Scribblins. Four bodies. One friendly cartoon. One clock. Minted on Base.,343.gif,Clay,Bunny,Heart,Cap,Scarf,None
344,Scribblin #344,A looping doodle critter from Scribblins. Four bodies. One friendly cartoon. One clock. Minted on Base.,344.gif,Cream,Bunny,Sparkly,None,Bowtie,Heart
345,Scribblin #345,A looping doodle critter from Scribblins. Four bodies. One friendly cartoon. One clock. Minted on Base.,345.gif,Cream,Bunny,Sleepy,Leaf,Scarf,None
346,Scribblin #346,A looping doodle critter from Scribblins. Four bodies. One friendly cartoon. One clock. Minted on Base.,346.gif,Clay,Bear,Blep,Beanie,Scarf,Balloon
347,Scribblin #347,A looping doodle critter from Scribblins. Four bodies. One friendly cartoon. One clock. Minted on Base.,347.gif,Butter,Bear,Sleepy,Bow,None,Heart
348,Scribblin #348,A looping doodle critter from Scribblins. Four bodies. One friendly cartoon. One clock. Minted on Base.,348.gif,Clay,Bear,Blep,Cap,Bowtie,None
349,Scribblin #349,A looping doodle critter from Scribblins. Four bodies. One friendly cartoon. One clock. Minted on Base.,349.gif,Butter,Bear,Blep,Beanie,Scarf,None
350,Scribblin #350,A looping doodle critter from Scribblins. Four bodies. One friendly cartoon. One clock. Minted on Base.,350.gif,Clay,Bunny,Pout,None,Scarf,None
351,Scribblin #351,A looping doodle critter from Scribblins. Four bodies. One friendly cartoon. One clock. Minted on Base.,351.gif,Butter,Bear,Sparkly,Beanie,Bandana,None
352,Scribblin #352,A looping doodle critter from Scribblins. Four bodies. One friendly cartoon. One clock. Minted on Base.,352.gif,Clay,Bunny,Blep,Flower,Scarf,None
353,Scribblin #353,A looping doodle critter from Scribblins. Four bodies. One friendly cartoon. One clock. Minted on Base.,353.gif,Clay,Bear,Blep,Bow,None,Pencil
354,Scribblin #354,A looping doodle critter from Scribblins. Four bodies. One friendly cartoon. One clock. Minted on Base.,354.gif,Clay,Bear,Sleepy,Cap,Bowtie,Heart
355,Scribblin #355,A looping doodle critter from Scribblins. Four bodies. One friendly cartoon. One clock. Minted on Base.,355.gif,Cream,Bunny,Grin,Flower,Bowtie,Star
356,Scribblin #356,A looping doodle critter from Scribblins. Four bodies. One friendly cartoon. One clock. Minted on Base.,356.gif,Sky,Bunny,Heart,None,Bowtie,Star
357,Scribblin #357,A looping doodle critter from Scribblins. Four bodies. One friendly cartoon. One clock. Minted on Base.,357.gif,Butter,Bear,Blep,None,Scarf,Pencil
358,Scribblin #358,A looping doodle critter from Scribblins. Four bodies. One friendly cartoon. One clock. Minted on Base.,358.gif,Cream,Bunny,Normal,None,Bandana,Heart
359,Scribblin #359,A looping doodle critter from Scribblins. Four bodies. One friendly cartoon. One clock. Minted on Base.,359.gif,Butter,Bunny,Blep,Leaf,Bandana,Heart
360,Scribblin #360,A looping doodle critter from Scribblins. Four bodies. One friendly cartoon. One clock. Minted on Base.,360.gif,Sky,Bunny,Sleepy,Beanie,None,None
361,Scribblin #361,A looping doodle critter from Scribblins. Four bodies. One friendly cartoon. One clock. Minted on Base.,361.gif,Cream,Bear,Grin,Cap,Scarf,Balloon
362,Scribblin #362,A looping doodle critter from Scribblins. Four bodies. One friendly cartoon. One clock. Minted on Base.,362.gif,Butter,Bear,Heart,Flower,None,Pencil
363,Scribblin #363,A looping doodle critter from Scribblins. Four bodies. One friendly cartoon. One clock. Minted on Base.,363.gif,Clay,Bunny,Normal,None,Scarf,Balloon
364,Scribblin #364,A looping doodle critter from Scribblins. Four bodies. One friendly cartoon. One clock. Minted on Base.,364.gif,Butter,Bear,Sleepy,None,Bandana,None
365,Scribblin #365,A looping doodle critter from Scribblins. Four bodies. One friendly cartoon. One clock. Minted on Base.,365.gif,Cream,Pup,Heart,Cap,Scarf,Balloon
366,Scribblin #366,A looping doodle critter from Scribblins. Four bodies. One friendly cartoon. One clock. Minted on Base.,366.gif,Butter,Bunny,Sleepy,Cap,None,Star
367,Scribblin #367,A looping doodle critter from Scribblins. Four bodies. One friendly cartoon. One clock. Minted on Base.,367.gif,Sky,Bunny,Normal,None,Scarf,Heart
368,Scribblin #368,A looping doodle critter from Scribblins. Four bodies. One friendly cartoon. One clock. Minted on Base.,368.gif,Cream,Bunny,Grin,Beanie,None,Star
369,Scribblin #369,A looping doodle critter from Scribblins. Four bodies. One friendly cartoon. One clock. Minted on Base.,369.gif,Butter,Bear,Sparkly,Cap,Scarf,Heart
370,Scribblin #370,A looping doodle critter from Scribblins. Four bodies. One friendly cartoon. One clock. Minted on Base.,370.gif,Cream,Bear,Wink,Headphones,None,Balloon
371,Scribblin #371,A looping doodle critter from Scribblins. Four bodies. One friendly cartoon. One clock. Minted on Base.,371.gif,Sky,Bear,Sleepy,None,Bandana,Heart
372,Scribblin #372,A looping doodle critter from Scribblins. Four bodies. One friendly cartoon. One clock. Minted on Base.,372.gif,Clay,Pup,Pout,None,Scarf,None
373,Scribblin #373,A looping doodle critter from Scribblins. Four bodies. One friendly cartoon. One clock. Minted on Base.,373.gif,Clay,Pup,Sparkly,Beanie,None,Balloon
374,Scribblin #374,A looping doodle critter from Scribblins. Four bodies. One friendly cartoon. One clock. Minted on Base.,374.gif,Cream,Bear,Sleepy,Flower,Scarf,Balloon
375,Scribblin #375,A looping doodle critter from Scribblins. Four bodies. One friendly cartoon. One clock. Minted on Base.,375.gif,Cream,Pup,Blep,Leaf,None,Star
376,Scribblin #376,A looping doodle critter from Scribblins. Four bodies. One friendly cartoon. One clock. Minted on Base.,376.gif,Cream,Frog,Blep,Leaf,None,Pencil
377,Scribblin #377,A looping doodle critter from Scribblins. Four bodies. One friendly cartoon. One clock. Minted on Base.,377.gif,Cream,Bunny,Grin,Headphones,None,None
378,Scribblin #378,A looping doodle critter from Scribblins. Four bodies. One friendly cartoon. One clock. Minted on Base.,378.gif,Butter,Bear,Sparkly,Flower,Bowtie,None
379,Scribblin #379,A looping doodle critter from Scribblins. Four bodies. One friendly cartoon. One clock. Minted on Base.,379.gif,Clay,Bear,Pout,Headphones,None,None
380,Scribblin #380,A looping doodle critter from Scribblins. Four bodies. One friendly cartoon. One clock. Minted on Base.,380.gif,Sky,Pup,Grin,None,Scarf,Balloon
381,Scribblin #381,A looping doodle critter from Scribblins. Four bodies. One friendly cartoon. One clock. Minted on Base.,381.gif,Butter,Bunny,Wink,Headphones,Scarf,Balloon
382,Scribblin #382,A looping doodle critter from Scribblins. Four bodies. One friendly cartoon. One clock. Minted on Base.,382.gif,Butter,Bear,Normal,Leaf,None,Star
383,Scribblin #383,A looping doodle critter from Scribblins. Four bodies. One friendly cartoon. One clock. Minted on Base.,383.gif,Cream,Frog,Grin,None,Scarf,Heart
384,Scribblin #384,A looping doodle critter from Scribblins. Four bodies. One friendly cartoon. One clock. Minted on Base.,384.gif,Clay,Pup,Normal,Flower,None,Balloon
385,Scribblin #385,A looping doodle critter from Scribblins. Four bodies. One friendly cartoon. One clock. Minted on Base.,385.gif,Clay,Pup,Grin,Flower,Scarf,Star
386,Scribblin #386,A looping doodle critter from Scribblins. Four bodies. One friendly cartoon. One clock. Minted on Base.,386.gif,Clay,Frog,Sparkly,Leaf,None,None
387,Scribblin #387,A looping doodle critter from Scribblins. Four bodies. One friendly cartoon. One clock. Minted on Base.,387.gif,Butter,Bunny,Grin,None,None,Pencil
388,Scribblin #388,A looping doodle critter from Scribblins. Four bodies. One friendly cartoon. One clock. Minted on Base.,388.gif,Clay,Bear,Normal,None,Scarf,None
389,Scribblin #389,A looping doodle critter from Scribblins. Four bodies. One friendly cartoon. One clock. Minted on Base.,389.gif,Butter,Bear,Normal,Leaf,Bowtie,None
390,Scribblin #390,A looping doodle critter from Scribblins. Four bodies. One friendly cartoon. One clock. Minted on Base.,390.gif,Cream,Bear,Sparkly,None,Scarf,None
391,Scribblin #391,A looping doodle critter from Scribblins. Four bodies. One friendly cartoon. One clock. Minted on Base.,391.gif,Clay,Bunny,Sleepy,None,None,None
392,Scribblin #392,A looping doodle critter from Scribblins. Four bodies. One friendly cartoon. One clock. Minted on Base.,392.gif,Butter,Bear,Sleepy,Flower,Bandana,Pencil
393,Scribblin #393,A looping doodle critter from Scribblins. Four bodies. One friendly cartoon. One clock. Minted on Base.,393.gif,Cream,Frog,Pout,Bow,Bandana,Heart
394,Scribblin #394,A looping doodle critter from Scribblins. Four bodies. One friendly cartoon. One clock. Minted on Base.,394.gif,Clay,Bear,Wink,None,Bowtie,Star
395,Scribblin #395,A looping doodle critter from Scribblins. Four bodies. One friendly cartoon. One clock. Minted on Base.,395.gif,Clay,Bunny,Normal,Headphones,Bowtie,Pencil
396,Scribblin #396,A looping doodle critter from Scribblins. Four bodies. One friendly cartoon. One clock. Minted on Base.,396.gif,Cream,Bear,Grin,Flower,Bowtie,Balloon
397,Scribblin #397,A looping doodle critter from Scribblins. Four bodies. One friendly cartoon. One clock. Minted on Base.,397.gif,Butter,Frog,Wink,None,Bowtie,Balloon
398,Scribblin #398,A looping doodle critter from Scribblins. Four bodies. One friendly cartoon. One clock. Minted on Base.,398.gif,Clay,Bunny,Normal,Bow,None,Heart
399,Scribblin #399,A looping doodle critter from Scribblins. Four bodies. One friendly cartoon. One clock. Minted on Base.,399.gif,Sky,Frog,Grin,Cap,None,Pencil
400,Scribblin #400,A looping doodle critter from Scribblins. Four bodies. One friendly cartoon. One clock. Minted on Base.,400.gif,Cream,Frog,Wink,Headphones,None,None
401,Scribblin #401,A looping doodle critter from Scribblins. Four bodies. One friendly cartoon. One clock. Minted on Base.,401.gif,Cream,Bunny,Grin,Leaf,None,None
402,Scribblin #402,A looping doodle critter from Scribblins. Four bodies. One friendly cartoon. One clock. Minted on Base.,402.gif,Sky,Pup,Wink,Bow,Bandana,None
403,Scribblin #403,A looping doodle critter from Scribblins. Four bodies. One friendly cartoon. One clock. Minted on Base.,403.gif,Sky,Bear,Sleepy,Beanie,None,None
404,Scribblin #404,A looping doodle critter from Scribblins. Four bodies. One friendly cartoon. One clock. Minted on Base.,404.gif,Butter,Pup,Pout,Leaf,None,Heart
405,Scribblin #405,A looping doodle critter from Scribblins. Four bodies. One friendly cartoon. One clock. Minted on Base.,405.gif,Sky,Pup,Sparkly,Beanie,None,Balloon
406,Scribblin #406,A looping doodle critter from Scribblins. Four bodies. One friendly cartoon. One clock. Minted on Base.,406.gif,Sky,Bunny,Grin,Beanie,Bandana,Balloon
407,Scribblin #407,A looping doodle critter from Scribblins. Four bodies. One friendly cartoon. One clock. Minted on Base.,407.gif,Butter,Bunny,Wink,Headphones,Bowtie,Balloon
408,Scribblin #408,A looping doodle critter from Scribblins. Four bodies. One friendly cartoon. One clock. Minted on Base.,408.gif,Clay,Bunny,Wink,Bow,None,Pencil
409,Scribblin #409,A looping doodle critter from Scribblins. Four bodies. One friendly cartoon. One clock. Minted on Base.,409.gif,Sky,Pup,Pout,Leaf,Bandana,Heart
410,Scribblin #410,A looping doodle critter from Scribblins. Four bodies. One friendly cartoon. One clock. Minted on Base.,410.gif,Cream,Bear,Grin,Bow,Scarf,Balloon
411,Scribblin #411,A looping doodle critter from Scribblins. Four bodies. One friendly cartoon. One clock. Minted on Base.,411.gif,Sky,Bunny,Grin,Leaf,Bowtie,None
412,Scribblin #412,A looping doodle critter from Scribblins. Four bodies. One friendly cartoon. One clock. Minted on Base.,412.gif,Cream,Bunny,Sleepy,Beanie,Bandana,None
413,Scribblin #413,A looping doodle critter from Scribblins. Four bodies. One friendly cartoon. One clock. Minted on Base.,413.gif,Cream,Bunny,Pout,Leaf,Bowtie,Pencil
414,Scribblin #414,A looping doodle critter from Scribblins. Four bodies. One friendly cartoon. One clock. Minted on Base.,414.gif,Cream,Bear,Normal,Bow,Scarf,Star
415,Scribblin #415,A looping doodle critter from Scribblins. Four bodies. One friendly cartoon. One clock. Minted on Base.,415.gif,Sky,Frog,Normal,Flower,Scarf,None
416,Scribblin #416,A looping doodle critter from Scribblins. Four bodies. One friendly cartoon. One clock. Minted on Base.,416.gif,Cream,Bear,Heart,Flower,Bandana,Heart
417,Scribblin #417,A looping doodle critter from Scribblins. Four bodies. One friendly cartoon. One clock. Minted on Base.,417.gif,Clay,Bear,Normal,Flower,Scarf,Star
418,Scribblin #418,A looping doodle critter from Scribblins. Four bodies. One friendly cartoon. One clock. Minted on Base.,418.gif,Cream,Bunny,Wink,None,Scarf,Star
419,Scribblin #419,A looping doodle critter from Scribblins. Four bodies. One friendly cartoon. One clock. Minted on Base.,419.gif,Clay,Pup,Wink,Cap,Bowtie,None
420,Scribblin #420,A looping doodle critter from Scribblins. Four bodies. One friendly cartoon. One clock. Minted on Base.,420.gif,Cream,Bear,Sleepy,Beanie,None,Pencil
421,Scribblin #421,A looping doodle critter from Scribblins. Four bodies. One friendly cartoon. One clock. Minted on Base.,421.gif,Cream,Bear,Grin,Beanie,Bowtie,Balloon
422,Scribblin #422,A looping doodle critter from Scribblins. Four bodies. One friendly cartoon. One clock. Minted on Base.,422.gif,Cream,Pup,Grin,Beanie,Bandana,Heart
423,Scribblin #423,A looping doodle critter from Scribblins. Four bodies. One friendly cartoon. One clock. Minted on Base.,423.gif,Sky,Pup,Normal,Beanie,Scarf,None
424,Scribblin #424,A looping doodle critter from Scribblins. Four bodies. One friendly cartoon. One clock. Minted on Base.,424.gif,Sky,Frog,Blep,None,None,Heart
425,Scribblin #425,A looping doodle critter from Scribblins. Four bodies. One friendly cartoon. One clock. Minted on Base.,425.gif,Cream,Bear,Sleepy,Beanie,Bowtie,Pencil
426,Scribblin #426,A looping doodle critter from Scribblins. Four bodies. One friendly cartoon. One clock. Minted on Base.,426.gif,Sky,Frog,Sparkly,Cap,Bandana,None
427,Scribblin #427,A looping doodle critter from Scribblins. Four bodies. One friendly cartoon. One clock. Minted on Base.,427.gif,Butter,Bear,Sparkly,Bow,Scarf,Star
428,Scribblin #428,A looping doodle critter from Scribblins. Four bodies. One friendly cartoon. One clock. Minted on Base.,428.gif,Sky,Bunny,Grin,Flower,Bowtie,Pencil
429,Scribblin #429,A looping doodle critter from Scribblins. Four bodies. One friendly cartoon. One clock. Minted on Base.,429.gif,Clay,Bunny,Blep,Headphones,None,Heart
430,Scribblin #430,A looping doodle critter from Scribblins. Four bodies. One friendly cartoon. One clock. Minted on Base.,430.gif,Sky,Bunny,Heart,Bow,None,Pencil
431,Scribblin #431,A looping doodle critter from Scribblins. Four bodies. One friendly cartoon. One clock. Minted on Base.,431.gif,Sky,Bunny,Heart,Flower,None,None
432,Scribblin #432,A looping doodle critter from Scribblins. Four bodies. One friendly cartoon. One clock. Minted on Base.,432.gif,Cream,Bunny,Normal,Flower,Scarf,None
433,Scribblin #433,A looping doodle critter from Scribblins. Four bodies. One friendly cartoon. One clock. Minted on Base.,433.gif,Cream,Bear,Pout,Bow,Scarf,Pencil
434,Scribblin #434,A looping doodle critter from Scribblins. Four bodies. One friendly cartoon. One clock. Minted on Base.,434.gif,Cream,Bear,Grin,Cap,Scarf,None
435,Scribblin #435,A looping doodle critter from Scribblins. Four bodies. One friendly cartoon. One clock. Minted on Base.,435.gif,Cream,Bear,Blep,None,Bandana,Heart
436,Scribblin #436,A looping doodle critter from Scribblins. Four bodies. One friendly cartoon. One clock. Minted on Base.,436.gif,Cream,Frog,Heart,Headphones,Bandana,Star
437,Scribblin #437,A looping doodle critter from Scribblins. Four bodies. One friendly cartoon. One clock. Minted on Base.,437.gif,Butter,Pup,Blep,None,Bandana,None
438,Scribblin #438,A looping doodle critter from Scribblins. Four bodies. One friendly cartoon. One clock. Minted on Base.,438.gif,Sky,Bunny,Normal,Bow,Scarf,Star
439,Scribblin #439,A looping doodle critter from Scribblins. Four bodies. One friendly cartoon. One clock. Minted on Base.,439.gif,Sky,Bunny,Sleepy,Headphones,Scarf,Balloon
440,Scribblin #440,A looping doodle critter from Scribblins. Four bodies. One friendly cartoon. One clock. Minted on Base.,440.gif,Sky,Pup,Grin,Leaf,Bowtie,None
441,Scribblin #441,A looping doodle critter from Scribblins. Four bodies. One friendly cartoon. One clock. Minted on Base.,441.gif,Butter,Bunny,Wink,Beanie,Scarf,None
442,Scribblin #442,A looping doodle critter from Scribblins. Four bodies. One friendly cartoon. One clock. Minted on Base.,442.gif,Sky,Bear,Heart,Flower,Bandana,Star
443,Scribblin #443,A looping doodle critter from Scribblins. Four bodies. One friendly cartoon. One clock. Minted on Base.,443.gif,Cream,Pup,Heart,Leaf,None,Star
444,Scribblin #444,A looping doodle critter from Scribblins. Four bodies. One friendly cartoon. One clock. Minted on Base.,444.gif,Cream,Bunny,Sleepy,None,Bowtie,Star
445,Scribblin #445,A looping doodle critter from Scribblins. Four bodies. One friendly cartoon. One clock. Minted on Base.,445.gif,Sky,Pup,Heart,Flower,None,Heart
446,Scribblin #446,A looping doodle critter from Scribblins. Four bodies. One friendly cartoon. One clock. Minted on Base.,446.gif,Cream,Pup,Grin,Cap,Scarf,None
447,Scribblin #447,A looping doodle critter from Scribblins. Four bodies. One friendly cartoon. One clock. Minted on Base.,447.gif,Sky,Pup,Sleepy,Flower,Bowtie,None
448,Scribblin #448,A looping doodle critter from Scribblins. Four bodies. One friendly cartoon. One clock. Minted on Base.,448.gif,Sky,Bear,Grin,None,Scarf,Pencil
449,Scribblin #449,A looping doodle critter from Scribblins. Four bodies. One friendly cartoon. One clock. Minted on Base.,449.gif,Clay,Bear,Blep,None,None,Star
450,Scribblin #450,A looping doodle critter from Scribblins. Four bodies. One friendly cartoon. One clock. Minted on Base.,450.gif,Sky,Bear,Pout,Leaf,Bandana,Balloon
451,Scribblin #451,A looping doodle critter from Scribblins. Four bodies. One friendly cartoon. One clock. Minted on Base.,451.gif,Cream,Frog,Wink,Beanie,None,Balloon
452,Scribblin #452,A looping doodle critter from Scribblins. Four bodies. One friendly cartoon. One clock. Minted on Base.,452.gif,Clay,Bunny,Sleepy,None,None,Pencil
453,Scribblin #453,A looping doodle critter from Scribblins. Four bodies. One friendly cartoon. One clock. Minted on Base.,453.gif,Butter,Bear,Wink,None,Bowtie,Balloon
454,Scribblin #454,A looping doodle critter from Scribblins. Four bodies. One friendly cartoon. One clock. Minted on Base.,454.gif,Butter,Pup,Sparkly,None,None,Pencil
455,Scribblin #455,A looping doodle critter from Scribblins. Four bodies. One friendly cartoon. One clock. Minted on Base.,455.gif,Cream,Frog,Normal,Beanie,Bowtie,None
456,Scribblin #456,A looping doodle critter from Scribblins. Four bodies. One friendly cartoon. One clock. Minted on Base.,456.gif,Cream,Pup,Normal,Leaf,None,None
457,Scribblin #457,A looping doodle critter from Scribblins. Four bodies. One friendly cartoon. One clock. Minted on Base.,457.gif,Butter,Bunny,Grin,None,Scarf,Balloon
458,Scribblin #458,A looping doodle critter from Scribblins. Four bodies. One friendly cartoon. One clock. Minted on Base.,458.gif,Butter,Bear,Normal,Bow,None,Heart
459,Scribblin #459,A looping doodle critter from Scribblins. Four bodies. One friendly cartoon. One clock. Minted on Base.,459.gif,Cream,Frog,Sparkly,Flower,Scarf,Pencil
460,Scribblin #460,A looping doodle critter from Scribblins. Four bodies. One friendly cartoon. One clock. Minted on Base.,460.gif,Cream,Pup,Normal,None,Bowtie,None
461,Scribblin #461,A looping doodle critter from Scribblins. Four bodies. One friendly cartoon. One clock. Minted on Base.,461.gif,Clay,Bear,Normal,Headphones,Bandana,None
462,Scribblin #462,A looping doodle critter from Scribblins. Four bodies. One friendly cartoon. One clock. Minted on Base.,462.gif,Cream,Bunny,Wink,Cap,None,Star
463,Scribblin #463,A looping doodle critter from Scribblins. Four bodies. One friendly cartoon. One clock. Minted on Base.,463.gif,Sky,Bunny,Blep,Headphones,None,Heart
464,Scribblin #464,A looping doodle critter from Scribblins. Four bodies. One friendly cartoon. One clock. Minted on Base.,464.gif,Cream,Bunny,Blep,None,None,Heart
465,Scribblin #465,A looping doodle critter from Scribblins. Four bodies. One friendly cartoon. One clock. Minted on Base.,465.gif,Cream,Pup,Normal,Beanie,Scarf,Pencil
466,Scribblin #466,A looping doodle critter from Scribblins. Four bodies. One friendly cartoon. One clock. Minted on Base.,466.gif,Sky,Bunny,Grin,None,Scarf,Pencil
467,Scribblin #467,A looping doodle critter from Scribblins. Four bodies. One friendly cartoon. One clock. Minted on Base.,467.gif,Cream,Frog,Normal,Headphones,None,Balloon
468,Scribblin #468,A looping doodle critter from Scribblins. Four bodies. One friendly cartoon. One clock. Minted on Base.,468.gif,Cream,Frog,Sleepy,Flower,None,Star
469,Scribblin #469,A looping doodle critter from Scribblins. Four bodies. One friendly cartoon. One clock. Minted on Base.,469.gif,Sky,Bear,Grin,Beanie,Bandana,None
470,Scribblin #470,A looping doodle critter from Scribblins. Four bodies. One friendly cartoon. One clock. Minted on Base.,470.gif,Cream,Frog,Normal,Leaf,Scarf,None
471,Scribblin #471,A looping doodle critter from Scribblins. Four bodies. One friendly cartoon. One clock. Minted on Base.,471.gif,Cream,Bear,Blep,Headphones,Bandana,None
472,Scribblin #472,A looping doodle critter from Scribblins. Four bodies. One friendly cartoon. One clock. Minted on Base.,472.gif,Cream,Bunny,Wink,None,None,Heart
473,Scribblin #473,A looping doodle critter from Scribblins. Four bodies. One friendly cartoon. One clock. Minted on Base.,473.gif,Clay,Bear,Heart,Cap,Bandana,Pencil
474,Scribblin #474,A looping doodle critter from Scribblins. Four bodies. One friendly cartoon. One clock. Minted on Base.,474.gif,Clay,Pup,Normal,Cap,Scarf,Pencil
475,Scribblin #475,A looping doodle critter from Scribblins. Four bodies. One friendly cartoon. One clock. Minted on Base.,475.gif,Sky,Bear,Normal,Cap,Scarf,Star
476,Scribblin #476,A looping doodle critter from Scribblins. Four bodies. One friendly cartoon. One clock. Minted on Base.,476.gif,Sky,Bear,Blep,Flower,Bandana,None
477,Scribblin #477,A looping doodle critter from Scribblins. Four bodies. One friendly cartoon. One clock. Minted on Base.,477.gif,Cream,Frog,Wink,Bow,None,Heart
478,Scribblin #478,A looping doodle critter from Scribblins. Four bodies. One friendly cartoon. One clock. Minted on Base.,478.gif,Cream,Bunny,Grin,Leaf,Scarf,Star
479,Scribblin #479,A looping doodle critter from Scribblins. Four bodies. One friendly cartoon. One clock. Minted on Base.,479.gif,Butter,Bear,Sparkly,Flower,Bandana,None
480,Scribblin #480,A looping doodle critter from Scribblins. Four bodies. One friendly cartoon. One clock. Minted on Base.,480.gif,Sky,Bear,Heart,None,Bowtie,Pencil
481,Scribblin #481,A looping doodle critter from Scribblins. Four bodies. One friendly cartoon. One clock. Minted on Base.,481.gif,Clay,Frog,Blep,None,None,Heart
482,Scribblin #482,A looping doodle critter from Scribblins. Four bodies. One friendly cartoon. One clock. Minted on Base.,482.gif,Cream,Pup,Blep,Flower,Bandana,Star
483,Scribblin #483,A looping doodle critter from Scribblins. Four bodies. One friendly cartoon. One clock. Minted on Base.,483.gif,Cream,Bear,Heart,Cap,Scarf,Star
484,Scribblin #484,A looping doodle critter from Scribblins. Four bodies. One friendly cartoon. One clock. Minted on Base.,484.gif,Cream,Bear,Wink,None,None,Pencil
485,Scribblin #485,A looping doodle critter from Scribblins. Four bodies. One friendly cartoon. One clock. Minted on Base.,485.gif,Sky,Pup,Blep,None,None,Pencil
486,Scribblin #486,A looping doodle critter from Scribblins. Four bodies. One friendly cartoon. One clock. Minted on Base.,486.gif,Butter,Bear,Pout,None,Bandana,Star
487,Scribblin #487,A looping doodle critter from Scribblins. Four bodies. One friendly cartoon. One clock. Minted on Base.,487.gif,Butter,Bear,Wink,Beanie,None,None
488,Scribblin #488,A looping doodle critter from Scribblins. Four bodies. One friendly cartoon. One clock. Minted on Base.,488.gif,Sky,Frog,Normal,Beanie,None,None
489,Scribblin #489,A looping doodle critter from Scribblins. Four bodies. One friendly cartoon. One clock. Minted on Base.,489.gif,Clay,Bunny,Wink,Headphones,Scarf,Heart
490,Scribblin #490,A looping doodle critter from Scribblins. Four bodies. One friendly cartoon. One clock. Minted on Base.,490.gif,Butter,Bunny,Blep,None,Scarf,Balloon
491,Scribblin #491,A looping doodle critter from Scribblins. Four bodies. One friendly cartoon. One clock. Minted on Base.,491.gif,Cream,Bear,Normal,Leaf,Bowtie,None
492,Scribblin #492,A looping doodle critter from Scribblins. Four bodies. One friendly cartoon. One clock. Minted on Base.,492.gif,Cream,Bunny,Grin,None,Bandana,Heart
493,Scribblin #493,A looping doodle critter from Scribblins. Four bodies. One friendly cartoon. One clock. Minted on Base.,493.gif,Cream,Bear,Normal,Beanie,Bowtie,Balloon
494,Scribblin #494,A looping doodle critter from Scribblins. Four bodies. One friendly cartoon. One clock. Minted on Base.,494.gif,Cream,Bunny,Sleepy,Headphones,Bowtie,None
495,Scribblin #495,A looping doodle critter from Scribblins. Four bodies. One friendly cartoon. One clock. Minted on Base.,495.gif,Cream,Bear,Sleepy,None,None,None
496,Scribblin #496,A looping doodle critter from Scribblins. Four bodies. One friendly cartoon. One clock. Minted on Base.,496.gif,Cream,Pup,Wink,Bow,None,Star
497,Scribblin #497,A looping doodle critter from Scribblins. Four bodies. One friendly cartoon. One clock. Minted on Base.,497.gif,Clay,Pup,Blep,Bow,Scarf,Heart
498,Scribblin #498,A looping doodle critter from Scribblins. Four bodies. One friendly cartoon. One clock. Minted on Base.,498.gif,Clay,Frog,Sleepy,Flower,None,Star
499,Scribblin #499,A looping doodle critter from Scribblins. Four bodies. One friendly cartoon. One clock. Minted on Base.,499.gif,Cream,Pup,Sparkly,Beanie,Scarf,Heart
500,Scribblin #500,A looping doodle critter from Scribblins. Four bodies. One friendly cartoon. One clock. Minted on Base.,500.gif,Butter,Bear,Grin,Cap,Bandana,None
501,Scribblin #501,A looping doodle critter from Scribblins. Four bodies. One friendly cartoon. One clock. Minted on Base.,501.gif,Clay,Pup,Pout,Cap,Bandana,None
502,Scribblin #502,A looping doodle critter from Scribblins. Four bodies. One friendly cartoon. One clock. Minted on Base.,502.gif,Butter,Bear,Sleepy,Cap,None,None
503,Scribblin #503,A looping doodle critter from Scribblins. Four bodies. One friendly cartoon. One clock. Minted on Base.,503.gif,Butter,Pup,Wink,None,None,None
504,Scribblin #504,A looping doodle critter from Scribblins. Four bodies. One friendly cartoon. One clock. Minted on Base.,504.gif,Clay,Bear,Blep,None,None,Pencil
505,Scribblin #505,A looping doodle critter from Scribblins. Four bodies. One friendly cartoon. One clock. Minted on Base.,505.gif,Sky,Frog,Grin,Beanie,Scarf,Pencil
506,Scribblin #506,A looping doodle critter from Scribblins. Four bodies. One friendly cartoon. One clock. Minted on Base.,506.gif,Cream,Bunny,Wink,Flower,None,Pencil
507,Scribblin #507,A looping doodle critter from Scribblins. Four bodies. One friendly cartoon. One clock. Minted on Base.,507.gif,Clay,Bear,Grin,None,Scarf,Pencil
508,Scribblin #508,A looping doodle critter from Scribblins. Four bodies. One friendly cartoon. One clock. Minted on Base.,508.gif,Cream,Frog,Normal,None,None,None
509,Scribblin #509,A looping doodle critter from Scribblins. Four bodies. One friendly cartoon. One clock. Minted on Base.,509.gif,Cream,Pup,Blep,Leaf,Bowtie,Heart
510,Scribblin #510,A looping doodle critter from Scribblins. Four bodies. One friendly cartoon. One clock. Minted on Base.,510.gif,Butter,Bear,Blep,Beanie,Bowtie,Heart
511,Scribblin #511,A looping doodle critter from Scribblins. Four bodies. One friendly cartoon. One clock. Minted on Base.,511.gif,Butter,Pup,Normal,Headphones,Bandana,Star
512,Scribblin #512,A looping doodle critter from Scribblins. Four bodies. One friendly cartoon. One clock. Minted on Base.,512.gif,Clay,Bear,Pout,None,None,Pencil
513,Scribblin #513,A looping doodle critter from Scribblins. Four bodies. One friendly cartoon. One clock. Minted on Base.,513.gif,Butter,Bear,Grin,Beanie,Scarf,None
514,Scribblin #514,A looping doodle critter from Scribblins. Four bodies. One friendly cartoon. One clock. Minted on Base.,514.gif,Clay,Pup,Grin,Headphones,Bandana,Balloon
515,Scribblin #515,A looping doodle critter from Scribblins. Four bodies. One friendly cartoon. One clock. Minted on Base.,515.gif,Cream,Bunny,Grin,None,Bowtie,Heart
516,Scribblin #516,A looping doodle critter from Scribblins. Four bodies. One friendly cartoon. One clock. Minted on Base.,516.gif,Clay,Bunny,Normal,Headphones,Bandana,None
517,Scribblin #517,A looping doodle critter from Scribblins. Four bodies. One friendly cartoon. One clock. Minted on Base.,517.gif,Sky,Bunny,Sleepy,Bow,None,Balloon
518,Scribblin #518,A looping doodle critter from Scribblins. Four bodies. One friendly cartoon. One clock. Minted on Base.,518.gif,Sky,Bunny,Wink,None,Bandana,None
519,Scribblin #519,A looping doodle critter from Scribblins. Four bodies. One friendly cartoon. One clock. Minted on Base.,519.gif,Clay,Bunny,Sleepy,Beanie,None,Heart
520,Scribblin #520,A looping doodle critter from Scribblins. Four bodies. One friendly cartoon. One clock. Minted on Base.,520.gif,Butter,Bear,Blep,None,None,Star
521,Scribblin #521,A looping doodle critter from Scribblins. Four bodies. One friendly cartoon. One clock. Minted on Base.,521.gif,Clay,Frog,Normal,Beanie,Bowtie,None
522,Scribblin #522,A looping doodle critter from Scribblins. Four bodies. One friendly cartoon. One clock. Minted on Base.,522.gif,Cream,Pup,Normal,Beanie,None,None
523,Scribblin #523,A looping doodle critter from Scribblins. Four bodies. One friendly cartoon. One clock. Minted on Base.,523.gif,Cream,Frog,Grin,Cap,None,Pencil
524,Scribblin #524,A looping doodle critter from Scribblins. Four bodies. One friendly cartoon. One clock. Minted on Base.,524.gif,Cream,Bunny,Grin,Flower,None,Balloon
525,Scribblin #525,A looping doodle critter from Scribblins. Four bodies. One friendly cartoon. One clock. Minted on Base.,525.gif,Cream,Pup,Grin,Beanie,Scarf,Star
526,Scribblin #526,A looping doodle critter from Scribblins. Four bodies. One friendly cartoon. One clock. Minted on Base.,526.gif,Cream,Bear,Wink,Leaf,None,Star
527,Scribblin #527,A looping doodle critter from Scribblins. Four bodies. One friendly cartoon. One clock. Minted on Base.,527.gif,Cream,Bear,Sparkly,Beanie,Bandana,Heart
528,Scribblin #528,A looping doodle critter from Scribblins. Four bodies. One friendly cartoon. One clock. Minted on Base.,528.gif,Cream,Bunny,Wink,None,None,None
529,Scribblin #529,A looping doodle critter from Scribblins. Four bodies. One friendly cartoon. One clock. Minted on Base.,529.gif,Cream,Bear,Blep,Leaf,None,Pencil
530,Scribblin #530,A looping doodle critter from Scribblins. Four bodies. One friendly cartoon. One clock. Minted on Base.,530.gif,Cream,Pup,Sleepy,Beanie,None,Heart
531,Scribblin #531,A looping doodle critter from Scribblins. Four bodies. One friendly cartoon. One clock. Minted on Base.,531.gif,Cream,Bunny,Normal,Beanie,Bandana,None
532,Scribblin #532,A looping doodle critter from Scribblins. Four bodies. One friendly cartoon. One clock. Minted on Base.,532.gif,Clay,Bear,Wink,Headphones,Scarf,Star
533,Scribblin #533,A looping doodle critter from Scribblins. Four bodies. One friendly cartoon. One clock. Minted on Base.,533.gif,Sky,Bunny,Grin,Leaf,None,Pencil
534,Scribblin #534,A looping doodle critter from Scribblins. Four bodies. One friendly cartoon. One clock. Minted on Base.,534.gif,Cream,Bunny,Normal,Beanie,Scarf,Star
535,Scribblin #535,A looping doodle critter from Scribblins. Four bodies. One friendly cartoon. One clock. Minted on Base.,535.gif,Cream,Bunny,Grin,Beanie,None,None
536,Scribblin #536,A looping doodle critter from Scribblins. Four bodies. One friendly cartoon. One clock. Minted on Base.,536.gif,Sky,Frog,Blep,None,Bowtie,None
537,Scribblin #537,A looping doodle critter from Scribblins. Four bodies. One friendly cartoon. One clock. Minted on Base.,537.gif,Clay,Bunny,Wink,Beanie,Bandana,Pencil
538,Scribblin #538,A looping doodle critter from Scribblins. Four bodies. One friendly cartoon. One clock. Minted on Base.,538.gif,Clay,Bunny,Pout,Leaf,Bowtie,Heart
539,Scribblin #539,A looping doodle critter from Scribblins. Four bodies. One friendly cartoon. One clock. Minted on Base.,539.gif,Cream,Bunny,Grin,Headphones,Bandana,Star
540,Scribblin #540,A looping doodle critter from Scribblins. Four bodies. One friendly cartoon. One clock. Minted on Base.,540.gif,Butter,Bear,Sleepy,Beanie,Bandana,None
541,Scribblin #541,A looping doodle critter from Scribblins. Four bodies. One friendly cartoon. One clock. Minted on Base.,541.gif,Clay,Pup,Blep,None,None,Pencil
542,Scribblin #542,A looping doodle critter from Scribblins. Four bodies. One friendly cartoon. One clock. Minted on Base.,542.gif,Cream,Bunny,Grin,Flower,Scarf,Balloon
543,Scribblin #543,A looping doodle critter from Scribblins. Four bodies. One friendly cartoon. One clock. Minted on Base.,543.gif,Cream,Bear,Grin,Beanie,Bandana,Heart
544,Scribblin #544,A looping doodle critter from Scribblins. Four bodies. One friendly cartoon. One clock. Minted on Base.,544.gif,Sky,Bear,Sleepy,Cap,Bandana,Pencil
545,Scribblin #545,A looping doodle critter from Scribblins. Four bodies. One friendly cartoon. One clock. Minted on Base.,545.gif,Cream,Bunny,Grin,None,Bandana,Balloon
546,Scribblin #546,A looping doodle critter from Scribblins. Four bodies. One friendly cartoon. One clock. Minted on Base.,546.gif,Cream,Bear,Normal,None,None,Pencil
547,Scribblin #547,A looping doodle critter from Scribblins. Four bodies. One friendly cartoon. One clock. Minted on Base.,547.gif,Sky,Bunny,Blep,Headphones,Scarf,None
548,Scribblin #548,A looping doodle critter from Scribblins. Four bodies. One friendly cartoon. One clock. Minted on Base.,548.gif,Sky,Frog,Blep,Beanie,None,None
549,Scribblin #549,A looping doodle critter from Scribblins. Four bodies. One friendly cartoon. One clock. Minted on Base.,549.gif,Clay,Bear,Heart,Cap,Bandana,Star
550,Scribblin #550,A looping doodle critter from Scribblins. Four bodies. One friendly cartoon. One clock. Minted on Base.,550.gif,Sky,Frog,Blep,Headphones,None,Balloon
551,Scribblin #551,A looping doodle critter from Scribblins. Four bodies. One friendly cartoon. One clock. Minted on Base.,551.gif,Sky,Bear,Normal,Cap,Bowtie,Pencil
552,Scribblin #552,A looping doodle critter from Scribblins. Four bodies. One friendly cartoon. One clock. Minted on Base.,552.gif,Cream,Bunny,Blep,None,Bowtie,Pencil
553,Scribblin #553,A looping doodle critter from Scribblins. Four bodies. One friendly cartoon. One clock. Minted on Base.,553.gif,Sky,Frog,Normal,Headphones,Bandana,Star
554,Scribblin #554,A looping doodle critter from Scribblins. Four bodies. One friendly cartoon. One clock. Minted on Base.,554.gif,Cream,Bunny,Blep,Bow,Bandana,Star
555,Scribblin #555,A looping doodle critter from Scribblins. Four bodies. One friendly cartoon. One clock. Minted on Base.,555.gif,Sky,Frog,Normal,Headphones,Bandana,Balloon
556,Scribblin #556,A looping doodle critter from Scribblins. Four bodies. One friendly cartoon. One clock. Minted on Base.,556.gif,Butter,Bear,Blep,Bow,Bandana,None
557,Scribblin #557,A looping doodle critter from Scribblins. Four bodies. One friendly cartoon. One clock. Minted on Base.,557.gif,Clay,Bear,Wink,Beanie,Bandana,Star
558,Scribblin #558,A looping doodle critter from Scribblins. Four bodies. One friendly cartoon. One clock. Minted on Base.,558.gif,Cream,Pup,Sleepy,Headphones,Bowtie,Star
559,Scribblin #559,A looping doodle critter from Scribblins. Four bodies. One friendly cartoon. One clock. Minted on Base.,559.gif,Clay,Pup,Pout,None,None,Heart
560,Scribblin #560,A looping doodle critter from Scribblins. Four bodies. One friendly cartoon. One clock. Minted on Base.,560.gif,Sky,Pup,Pout,Leaf,Bandana,None
561,Scribblin #561,A looping doodle critter from Scribblins. Four bodies. One friendly cartoon. One clock. Minted on Base.,561.gif,Butter,Bear,Normal,Bow,None,Balloon
562,Scribblin #562,A looping doodle critter from Scribblins. Four bodies. One friendly cartoon. One clock. Minted on Base.,562.gif,Sky,Pup,Blep,Beanie,None,Star
563,Scribblin #563,A looping doodle critter from Scribblins. Four bodies. One friendly cartoon. One clock. Minted on Base.,563.gif,Butter,Pup,Blep,None,None,Star
564,Scribblin #564,A looping doodle critter from Scribblins. Four bodies. One friendly cartoon. One clock. Minted on Base.,564.gif,Sky,Pup,Sparkly,None,Scarf,Star
565,Scribblin #565,A looping doodle critter from Scribblins. Four bodies. One friendly cartoon. One clock. Minted on Base.,565.gif,Cream,Bear,Blep,Leaf,Bowtie,Star
566,Scribblin #566,A looping doodle critter from Scribblins. Four bodies. One friendly cartoon. One clock. Minted on Base.,566.gif,Clay,Bear,Heart,Cap,Scarf,Star
567,Scribblin #567,A looping doodle critter from Scribblins. Four bodies. One friendly cartoon. One clock. Minted on Base.,567.gif,Sky,Frog,Wink,Flower,Bandana,None
568,Scribblin #568,A looping doodle critter from Scribblins. Four bodies. One friendly cartoon. One clock. Minted on Base.,568.gif,Butter,Bunny,Blep,Leaf,None,None
569,Scribblin #569,A looping doodle critter from Scribblins. Four bodies. One friendly cartoon. One clock. Minted on Base.,569.gif,Clay,Frog,Heart,Cap,Bowtie,None
570,Scribblin #570,A looping doodle critter from Scribblins. Four bodies. One friendly cartoon. One clock. Minted on Base.,570.gif,Clay,Frog,Sparkly,Bow,None,Balloon
571,Scribblin #571,A looping doodle critter from Scribblins. Four bodies. One friendly cartoon. One clock. Minted on Base.,571.gif,Cream,Bear,Wink,Bow,None,None
572,Scribblin #572,A looping doodle critter from Scribblins. Four bodies. One friendly cartoon. One clock. Minted on Base.,572.gif,Sky,Pup,Sleepy,Cap,Bandana,Star
573,Scribblin #573,A looping doodle critter from Scribblins. Four bodies. One friendly cartoon. One clock. Minted on Base.,573.gif,Sky,Frog,Sleepy,Beanie,Scarf,Star
574,Scribblin #574,A looping doodle critter from Scribblins. Four bodies. One friendly cartoon. One clock. Minted on Base.,574.gif,Sky,Bunny,Pout,Bow,None,None
575,Scribblin #575,A looping doodle critter from Scribblins. Four bodies. One friendly cartoon. One clock. Minted on Base.,575.gif,Clay,Bunny,Sleepy,Beanie,None,None
576,Scribblin #576,A looping doodle critter from Scribblins. Four bodies. One friendly cartoon. One clock. Minted on Base.,576.gif,Cream,Bear,Normal,Bow,None,Pencil
577,Scribblin #577,A looping doodle critter from Scribblins. Four bodies. One friendly cartoon. One clock. Minted on Base.,577.gif,Clay,Bear,Normal,Headphones,None,Pencil
578,Scribblin #578,A looping doodle critter from Scribblins. Four bodies. One friendly cartoon. One clock. Minted on Base.,578.gif,Butter,Frog,Grin,None,Bowtie,Heart
579,Scribblin #579,A looping doodle critter from Scribblins. Four bodies. One friendly cartoon. One clock. Minted on Base.,579.gif,Butter,Frog,Blep,Bow,None,None
580,Scribblin #580,A looping doodle critter from Scribblins. Four bodies. One friendly cartoon. One clock. Minted on Base.,580.gif,Sky,Pup,Normal,Cap,Bowtie,Pencil
581,Scribblin #581,A looping doodle critter from Scribblins. Four bodies. One friendly cartoon. One clock. Minted on Base.,581.gif,Clay,Frog,Sleepy,Headphones,None,Star
582,Scribblin #582,A looping doodle critter from Scribblins. Four bodies. One friendly cartoon. One clock. Minted on Base.,582.gif,Cream,Pup,Sleepy,Headphones,Bowtie,None
583,Scribblin #583,A looping doodle critter from Scribblins. Four bodies. One friendly cartoon. One clock. Minted on Base.,583.gif,Cream,Frog,Wink,None,Scarf,None
584,Scribblin #584,A looping doodle critter from Scribblins. Four bodies. One friendly cartoon. One clock. Minted on Base.,584.gif,Sky,Bunny,Sleepy,Flower,Bandana,Heart
585,Scribblin #585,A looping doodle critter from Scribblins. Four bodies. One friendly cartoon. One clock. Minted on Base.,585.gif,Butter,Bear,Sparkly,None,Scarf,Pencil
586,Scribblin #586,A looping doodle critter from Scribblins. Four bodies. One friendly cartoon. One clock. Minted on Base.,586.gif,Clay,Frog,Sparkly,Flower,None,Heart
587,Scribblin #587,A looping doodle critter from Scribblins. Four bodies. One friendly cartoon. One clock. Minted on Base.,587.gif,Cream,Bunny,Wink,Cap,None,Pencil
588,Scribblin #588,A looping doodle critter from Scribblins. Four bodies. One friendly cartoon. One clock. Minted on Base.,588.gif,Cream,Pup,Blep,Leaf,Bandana,Pencil
589,Scribblin #589,A looping doodle critter from Scribblins. Four bodies. One friendly cartoon. One clock. Minted on Base.,589.gif,Clay,Bunny,Normal,Bow,None,None
590,Scribblin #590,A looping doodle critter from Scribblins. Four bodies. One friendly cartoon. One clock. Minted on Base.,590.gif,Sky,Bunny,Pout,None,Bandana,None
591,Scribblin #591,A looping doodle critter from Scribblins. Four bodies. One friendly cartoon. One clock. Minted on Base.,591.gif,Sky,Bunny,Grin,None,None,Heart
592,Scribblin #592,A looping doodle critter from Scribblins. Four bodies. One friendly cartoon. One clock. Minted on Base.,592.gif,Clay,Bunny,Wink,Leaf,Bowtie,None
593,Scribblin #593,A looping doodle critter from Scribblins. Four bodies. One friendly cartoon. One clock. Minted on Base.,593.gif,Sky,Frog,Pout,Cap,Scarf,None
594,Scribblin #594,A looping doodle critter from Scribblins. Four bodies. One friendly cartoon. One clock. Minted on Base.,594.gif,Butter,Frog,Blep,Leaf,None,Star
595,Scribblin #595,A looping doodle critter from Scribblins. Four bodies. One friendly cartoon. One clock. Minted on Base.,595.gif,Cream,Pup,Grin,Cap,None,Balloon
596,Scribblin #596,A looping doodle critter from Scribblins. Four bodies. One friendly cartoon. One clock. Minted on Base.,596.gif,Cream,Bear,Normal,Leaf,None,Star
597,Scribblin #597,A looping doodle critter from Scribblins. Four bodies. One friendly cartoon. One clock. Minted on Base.,597.gif,Butter,Bunny,Blep,Flower,Scarf,Balloon
598,Scribblin #598,A looping doodle critter from Scribblins. Four bodies. One friendly cartoon. One clock. Minted on Base.,598.gif,Cream,Bear,Blep,Beanie,Bowtie,None
599,Scribblin #599,A looping doodle critter from Scribblins. Four bodies. One friendly cartoon. One clock. Minted on Base.,599.gif,Butter,Bunny,Wink,Beanie,Bandana,Star
600,Scribblin #600,A looping doodle critter from Scribblins. Four bodies. One friendly cartoon. One clock. Minted on Base.,600.gif,Cream,Pup,Sparkly,Flower,None,None
601,Scribblin #601,A looping doodle critter from Scribblins. Four bodies. One friendly cartoon. One clock. Minted on Base.,601.gif,Butter,Bunny,Grin,None,Scarf,Heart
602,Scribblin #602,A looping doodle critter from Scribblins. Four bodies. One friendly cartoon. One clock. Minted on Base.,602.gif,Clay,Bunny,Wink,Flower,Scarf,Pencil
603,Scribblin #603,A looping doodle critter from Scribblins. Four bodies. One friendly cartoon. One clock. Minted on Base.,603.gif,Butter,Frog,Pout,Beanie,None,None
604,Scribblin #604,A looping doodle critter from Scribblins. Four bodies. One friendly cartoon. One clock. Minted on Base.,604.gif,Cream,Frog,Blep,Cap,Scarf,Balloon
605,Scribblin #605,A looping doodle critter from Scribblins. Four bodies. One friendly cartoon. One clock. Minted on Base.,605.gif,Sky,Bunny,Grin,Flower,Scarf,None
606,Scribblin #606,A looping doodle critter from Scribblins. Four bodies. One friendly cartoon. One clock. Minted on Base.,606.gif,Cream,Pup,Normal,None,None,Balloon
607,Scribblin #607,A looping doodle critter from Scribblins. Four bodies. One friendly cartoon. One clock. Minted on Base.,607.gif,Butter,Pup,Grin,Cap,None,Heart
608,Scribblin #608,A looping doodle critter from Scribblins. Four bodies. One friendly cartoon. One clock. Minted on Base.,608.gif,Clay,Pup,Normal,Bow,None,Balloon
609,Scribblin #609,A looping doodle critter from Scribblins. Four bodies. One friendly cartoon. One clock. Minted on Base.,609.gif,Cream,Bunny,Grin,Bow,Bandana,None
610,Scribblin #610,A looping doodle critter from Scribblins. Four bodies. One friendly cartoon. One clock. Minted on Base.,610.gif,Butter,Frog,Blep,Bow,Bowtie,Pencil
611,Scribblin #611,A looping doodle critter from Scribblins. Four bodies. One friendly cartoon. One clock. Minted on Base.,611.gif,Clay,Bunny,Grin,Bow,Bowtie,Star
612,Scribblin #612,A looping doodle critter from Scribblins. Four bodies. One friendly cartoon. One clock. Minted on Base.,612.gif,Butter,Frog,Blep,None,Scarf,None
613,Scribblin #613,A looping doodle critter from Scribblins. Four bodies. One friendly cartoon. One clock. Minted on Base.,613.gif,Clay,Bear,Heart,None,None,Star
614,Scribblin #614,A looping doodle critter from Scribblins. Four bodies. One friendly cartoon. One clock. Minted on Base.,614.gif,Sky,Frog,Normal,None,Bowtie,Pencil
615,Scribblin #615,A looping doodle critter from Scribblins. Four bodies. One friendly cartoon. One clock. Minted on Base.,615.gif,Sky,Bunny,Wink,Headphones,Bandana,Star
616,Scribblin #616,A looping doodle critter from Scribblins. Four bodies. One friendly cartoon. One clock. Minted on Base.,616.gif,Sky,Bunny,Sleepy,Bow,Scarf,Star
617,Scribblin #617,A looping doodle critter from Scribblins. Four bodies. One friendly cartoon. One clock. Minted on Base.,617.gif,Butter,Pup,Grin,Flower,None,Pencil
618,Scribblin #618,A looping doodle critter from Scribblins. Four bodies. One friendly cartoon. One clock. Minted on Base.,618.gif,Clay,Bunny,Normal,Beanie,None,Heart
619,Scribblin #619,A looping doodle critter from Scribblins. Four bodies. One friendly cartoon. One clock. Minted on Base.,619.gif,Sky,Bunny,Normal,Leaf,Bandana,None
620,Scribblin #620,A looping doodle critter from Scribblins. Four bodies. One friendly cartoon. One clock. Minted on Base.,620.gif,Sky,Pup,Sparkly,Headphones,Bandana,Star
621,Scribblin #621,A looping doodle critter from Scribblins. Four bodies. One friendly cartoon. One clock. Minted on Base.,621.gif,Clay,Bunny,Sparkly,Flower,None,Star
622,Scribblin #622,A looping doodle critter from Scribblins. Four bodies. One friendly cartoon. One clock. Minted on Base.,622.gif,Cream,Bear,Grin,Beanie,None,Star
623,Scribblin #623,A looping doodle critter from Scribblins. Four bodies. One friendly cartoon. One clock. Minted on Base.,623.gif,Cream,Bear,Pout,None,Bandana,Pencil
624,Scribblin #624,A looping doodle critter from Scribblins. Four bodies. One friendly cartoon. One clock. Minted on Base.,624.gif,Sky,Bunny,Pout,Flower,None,Star
625,Scribblin #625,A looping doodle critter from Scribblins. Four bodies. One friendly cartoon. One clock. Minted on Base.,625.gif,Cream,Frog,Wink,Beanie,Scarf,None
626,Scribblin #626,A looping doodle critter from Scribblins. Four bodies. One friendly cartoon. One clock. Minted on Base.,626.gif,Clay,Frog,Sparkly,Flower,Bandana,Star
627,Scribblin #627,A looping doodle critter from Scribblins. Four bodies. One friendly cartoon. One clock. Minted on Base.,627.gif,Butter,Frog,Sleepy,Cap,Bandana,None
628,Scribblin #628,A looping doodle critter from Scribblins. Four bodies. One friendly cartoon. One clock. Minted on Base.,628.gif,Butter,Bunny,Sparkly,Beanie,Scarf,None
629,Scribblin #629,A looping doodle critter from Scribblins. Four bodies. One friendly cartoon. One clock. Minted on Base.,629.gif,Cream,Bunny,Sleepy,Flower,None,Pencil
630,Scribblin #630,A looping doodle critter from Scribblins. Four bodies. One friendly cartoon. One clock. Minted on Base.,630.gif,Sky,Bear,Heart,None,Bandana,None
631,Scribblin #631,A looping doodle critter from Scribblins. Four bodies. One friendly cartoon. One clock. Minted on Base.,631.gif,Clay,Frog,Normal,Cap,Bandana,Balloon
632,Scribblin #632,A looping doodle critter from Scribblins. Four bodies. One friendly cartoon. One clock. Minted on Base.,632.gif,Sky,Bunny,Grin,Bow,Bowtie,Pencil
633,Scribblin #633,A looping doodle critter from Scribblins. Four bodies. One friendly cartoon. One clock. Minted on Base.,633.gif,Cream,Bunny,Sparkly,Flower,Bowtie,None
634,Scribblin #634,A looping doodle critter from Scribblins. Four bodies. One friendly cartoon. One clock. Minted on Base.,634.gif,Butter,Bunny,Normal,None,Bandana,Star
635,Scribblin #635,A looping doodle critter from Scribblins. Four bodies. One friendly cartoon. One clock. Minted on Base.,635.gif,Butter,Pup,Heart,Flower,Bowtie,Pencil
636,Scribblin #636,A looping doodle critter from Scribblins. Four bodies. One friendly cartoon. One clock. Minted on Base.,636.gif,Butter,Bear,Sparkly,Bow,None,Star
637,Scribblin #637,A looping doodle critter from Scribblins. Four bodies. One friendly cartoon. One clock. Minted on Base.,637.gif,Cream,Frog,Normal,None,None,Pencil
638,Scribblin #638,A looping doodle critter from Scribblins. Four bodies. One friendly cartoon. One clock. Minted on Base.,638.gif,Clay,Bunny,Sleepy,None,Scarf,None
639,Scribblin #639,A looping doodle critter from Scribblins. Four bodies. One friendly cartoon. One clock. Minted on Base.,639.gif,Cream,Bunny,Normal,Cap,None,Star
640,Scribblin #640,A looping doodle critter from Scribblins. Four bodies. One friendly cartoon. One clock. Minted on Base.,640.gif,Butter,Bunny,Sparkly,Beanie,Bandana,Pencil
641,Scribblin #641,A looping doodle critter from Scribblins. Four bodies. One friendly cartoon. One clock. Minted on Base.,641.gif,Butter,Bear,Grin,None,Scarf,Star
642,Scribblin #642,A looping doodle critter from Scribblins. Four bodies. One friendly cartoon. One clock. Minted on Base.,642.gif,Butter,Pup,Grin,Flower,Scarf,Star
643,Scribblin #643,A looping doodle critter from Scribblins. Four bodies. One friendly cartoon. One clock. Minted on Base.,643.gif,Cream,Bunny,Wink,Beanie,Scarf,Star
644,Scribblin #644,A looping doodle critter from Scribblins. Four bodies. One friendly cartoon. One clock. Minted on Base.,644.gif,Cream,Pup,Normal,None,None,Star
645,Scribblin #645,A looping doodle critter from Scribblins. Four bodies. One friendly cartoon. One clock. Minted on Base.,645.gif,Cream,Bear,Grin,Headphones,Bandana,None
646,Scribblin #646,A looping doodle critter from Scribblins. Four bodies. One friendly cartoon. One clock. Minted on Base.,646.gif,Cream,Frog,Pout,Leaf,None,None
647,Scribblin #647,A looping doodle critter from Scribblins. Four bodies. One friendly cartoon. One clock. Minted on Base.,647.gif,Sky,Bear,Wink,None,None,None
648,Scribblin #648,A looping doodle critter from Scribblins. Four bodies. One friendly cartoon. One clock. Minted on Base.,648.gif,Clay,Pup,Normal,Cap,None,None
649,Scribblin #649,A looping doodle critter from Scribblins. Four bodies. One friendly cartoon. One clock. Minted on Base.,649.gif,Clay,Bear,Grin,Leaf,Bowtie,Pencil
650,Scribblin #650,A looping doodle critter from Scribblins. Four bodies. One friendly cartoon. One clock. Minted on Base.,650.gif,Cream,Frog,Grin,Leaf,Bowtie,None
651,Scribblin #651,A looping doodle critter from Scribblins. Four bodies. One friendly cartoon. One clock. Minted on Base.,651.gif,Clay,Bunny,Pout,Beanie,Scarf,Balloon
652,Scribblin #652,A looping doodle critter from Scribblins. Four bodies. One friendly cartoon. One clock. Minted on Base.,652.gif,Clay,Bear,Pout,Beanie,Bandana,Star
653,Scribblin #653,A looping doodle critter from Scribblins. Four bodies. One friendly cartoon. One clock. Minted on Base.,653.gif,Sky,Bear,Heart,None,Scarf,Star
654,Scribblin #654,A looping doodle critter from Scribblins. Four bodies. One friendly cartoon. One clock. Minted on Base.,654.gif,Clay,Frog,Normal,Beanie,Bandana,Star
655,Scribblin #655,A looping doodle critter from Scribblins. Four bodies. One friendly cartoon. One clock. Minted on Base.,655.gif,Clay,Bunny,Grin,Flower,Bowtie,None
656,Scribblin #656,A looping doodle critter from Scribblins. Four bodies. One friendly cartoon. One clock. Minted on Base.,656.gif,Butter,Bear,Sleepy,None,Scarf,Star
657,Scribblin #657,A looping doodle critter from Scribblins. Four bodies. One friendly cartoon. One clock. Minted on Base.,657.gif,Butter,Bunny,Sleepy,None,Bowtie,Heart
658,Scribblin #658,A looping doodle critter from Scribblins. Four bodies. One friendly cartoon. One clock. Minted on Base.,658.gif,Clay,Bear,Wink,Leaf,Bowtie,Star
659,Scribblin #659,A looping doodle critter from Scribblins. Four bodies. One friendly cartoon. One clock. Minted on Base.,659.gif,Butter,Bunny,Wink,Cap,None,Star
660,Scribblin #660,A looping doodle critter from Scribblins. Four bodies. One friendly cartoon. One clock. Minted on Base.,660.gif,Clay,Frog,Normal,Bow,Bowtie,Heart
661,Scribblin #661,A looping doodle critter from Scribblins. Four bodies. One friendly cartoon. One clock. Minted on Base.,661.gif,Sky,Bear,Wink,Headphones,Bowtie,None
662,Scribblin #662,A looping doodle critter from Scribblins. Four bodies. One friendly cartoon. One clock. Minted on Base.,662.gif,Sky,Bunny,Normal,None,Scarf,Balloon
663,Scribblin #663,A looping doodle critter from Scribblins. Four bodies. One friendly cartoon. One clock. Minted on Base.,663.gif,Cream,Bunny,Sparkly,None,Scarf,None
664,Scribblin #664,A looping doodle critter from Scribblins. Four bodies. One friendly cartoon. One clock. Minted on Base.,664.gif,Cream,Bear,Normal,Flower,Scarf,Pencil
665,Scribblin #665,A looping doodle critter from Scribblins. Four bodies. One friendly cartoon. One clock. Minted on Base.,665.gif,Butter,Bunny,Normal,Cap,Scarf,Pencil
666,Scribblin #666,A looping doodle critter from Scribblins. Four bodies. One friendly cartoon. One clock. Minted on Base.,666.gif,Clay,Bunny,Normal,None,None,Heart
667,Scribblin #667,A looping doodle critter from Scribblins. Four bodies. One friendly cartoon. One clock. Minted on Base.,667.gif,Clay,Bunny,Pout,Bow,None,None
668,Scribblin #668,A looping doodle critter from Scribblins. Four bodies. One friendly cartoon. One clock. Minted on Base.,668.gif,Sky,Bear,Sleepy,Cap,Bowtie,Balloon
669,Scribblin #669,A looping doodle critter from Scribblins. Four bodies. One friendly cartoon. One clock. Minted on Base.,669.gif,Clay,Bunny,Normal,Cap,None,Heart
670,Scribblin #670,A looping doodle critter from Scribblins. Four bodies. One friendly cartoon. One clock. Minted on Base.,670.gif,Butter,Bear,Normal,Headphones,None,Heart
671,Scribblin #671,A looping doodle critter from Scribblins. Four bodies. One friendly cartoon. One clock. Minted on Base.,671.gif,Sky,Frog,Pout,Beanie,Scarf,Heart
672,Scribblin #672,A looping doodle critter from Scribblins. Four bodies. One friendly cartoon. One clock. Minted on Base.,672.gif,Clay,Pup,Pout,Bow,None,Balloon
673,Scribblin #673,A looping doodle critter from Scribblins. Four bodies. One friendly cartoon. One clock. Minted on Base.,673.gif,Clay,Pup,Sparkly,Flower,Scarf,None
674,Scribblin #674,A looping doodle critter from Scribblins. Four bodies. One friendly cartoon. One clock. Minted on Base.,674.gif,Clay,Bear,Pout,Beanie,None,None
675,Scribblin #675,A looping doodle critter from Scribblins. Four bodies. One friendly cartoon. One clock. Minted on Base.,675.gif,Cream,Bunny,Sleepy,Bow,None,None
676,Scribblin #676,A looping doodle critter from Scribblins. Four bodies. One friendly cartoon. One clock. Minted on Base.,676.gif,Sky,Pup,Heart,Bow,Scarf,None
677,Scribblin #677,A looping doodle critter from Scribblins. Four bodies. One friendly cartoon. One clock. Minted on Base.,677.gif,Sky,Bear,Sparkly,Beanie,Bandana,None
678,Scribblin #678,A looping doodle critter from Scribblins. Four bodies. One friendly cartoon. One clock. Minted on Base.,678.gif,Sky,Bear,Normal,None,Scarf,Balloon
679,Scribblin #679,A looping doodle critter from Scribblins. Four bodies. One friendly cartoon. One clock. Minted on Base.,679.gif,Sky,Frog,Normal,Leaf,Bowtie,Star
680,Scribblin #680,A looping doodle critter from Scribblins. Four bodies. One friendly cartoon. One clock. Minted on Base.,680.gif,Sky,Pup,Normal,Cap,None,Star
681,Scribblin #681,A looping doodle critter from Scribblins. Four bodies. One friendly cartoon. One clock. Minted on Base.,681.gif,Clay,Bunny,Sparkly,None,None,None
682,Scribblin #682,A looping doodle critter from Scribblins. Four bodies. One friendly cartoon. One clock. Minted on Base.,682.gif,Sky,Bear,Blep,None,Scarf,Pencil
683,Scribblin #683,A looping doodle critter from Scribblins. Four bodies. One friendly cartoon. One clock. Minted on Base.,683.gif,Cream,Pup,Sleepy,Cap,Scarf,Balloon
684,Scribblin #684,A looping doodle critter from Scribblins. Four bodies. One friendly cartoon. One clock. Minted on Base.,684.gif,Cream,Bear,Sleepy,Headphones,Scarf,None
685,Scribblin #685,A looping doodle critter from Scribblins. Four bodies. One friendly cartoon. One clock. Minted on Base.,685.gif,Clay,Bunny,Grin,Beanie,None,Balloon
686,Scribblin #686,A looping doodle critter from Scribblins. Four bodies. One friendly cartoon. One clock. Minted on Base.,686.gif,Cream,Pup,Normal,Beanie,None,Star
687,Scribblin #687,A looping doodle critter from Scribblins. Four bodies. One friendly cartoon. One clock. Minted on Base.,687.gif,Cream,Bunny,Grin,Beanie,None,Heart
688,Scribblin #688,A looping doodle critter from Scribblins. Four bodies. One friendly cartoon. One clock. Minted on Base.,688.gif,Cream,Bear,Sleepy,Headphones,Scarf,Star
689,Scribblin #689,A looping doodle critter from Scribblins. Four bodies. One friendly cartoon. One clock. Minted on Base.,689.gif,Sky,Frog,Blep,None,Bandana,None
690,Scribblin #690,A looping doodle critter from Scribblins. Four bodies. One friendly cartoon. One clock. Minted on Base.,690.gif,Cream,Bunny,Sleepy,Beanie,None,None
691,Scribblin #691,A looping doodle critter from Scribblins. Four bodies. One friendly cartoon. One clock. Minted on Base.,691.gif,Cream,Pup,Heart,Bow,Bandana,Star
692,Scribblin #692,A looping doodle critter from Scribblins. Four bodies. One friendly cartoon. One clock. Minted on Base.,692.gif,Cream,Bear,Heart,None,Scarf,Heart
693,Scribblin #693,A looping doodle critter from Scribblins. Four bodies. One friendly cartoon. One clock. Minted on Base.,693.gif,Clay,Pup,Wink,Bow,None,Star
694,Scribblin #694,A looping doodle critter from Scribblins. Four bodies. One friendly cartoon. One clock. Minted on Base.,694.gif,Sky,Frog,Sleepy,Leaf,None,Balloon
695,Scribblin #695,A looping doodle critter from Scribblins. Four bodies. One friendly cartoon. One clock. Minted on Base.,695.gif,Butter,Bunny,Sparkly,Cap,Bandana,Balloon
696,Scribblin #696,A looping doodle critter from Scribblins. Four bodies. One friendly cartoon. One clock. Minted on Base.,696.gif,Sky,Bear,Pout,Beanie,Bowtie,None
697,Scribblin #697,A looping doodle critter from Scribblins. Four bodies. One friendly cartoon. One clock. Minted on Base.,697.gif,Sky,Bunny,Sleepy,Bow,None,Pencil
698,Scribblin #698,A looping doodle critter from Scribblins. Four bodies. One friendly cartoon. One clock. Minted on Base.,698.gif,Sky,Bunny,Sparkly,Cap,Bowtie,Heart
699,Scribblin #699,A looping doodle critter from Scribblins. Four bodies. One friendly cartoon. One clock. Minted on Base.,699.gif,Clay,Bunny,Blep,None,Scarf,Heart
700,Scribblin #700,A looping doodle critter from Scribblins. Four bodies. One friendly cartoon. One clock. Minted on Base.,700.gif,Sky,Bear,Normal,Beanie,Bandana,Star
701,Scribblin #701,A looping doodle critter from Scribblins. Four bodies. One friendly cartoon. One clock. Minted on Base.,701.gif,Cream,Pup,Normal,None,Bandana,Star
702,Scribblin #702,A looping doodle critter from Scribblins. Four bodies. One friendly cartoon. One clock. Minted on Base.,702.gif,Cream,Bear,Heart,Leaf,None,Star
703,Scribblin #703,A looping doodle critter from Scribblins. Four bodies. One friendly cartoon. One clock. Minted on Base.,703.gif,Cream,Bear,Pout,None,None,Pencil
704,Scribblin #704,A looping doodle critter from Scribblins. Four bodies. One friendly cartoon. One clock. Minted on Base.,704.gif,Cream,Bunny,Sparkly,Bow,Bowtie,Pencil
705,Scribblin #705,A looping doodle critter from Scribblins. Four bodies. One friendly cartoon. One clock. Minted on Base.,705.gif,Sky,Bear,Wink,Beanie,Bowtie,Pencil
706,Scribblin #706,A looping doodle critter from Scribblins. Four bodies. One friendly cartoon. One clock. Minted on Base.,706.gif,Sky,Pup,Blep,Headphones,Bandana,Pencil
707,Scribblin #707,A looping doodle critter from Scribblins. Four bodies. One friendly cartoon. One clock. Minted on Base.,707.gif,Clay,Bunny,Heart,None,None,None
708,Scribblin #708,A looping doodle critter from Scribblins. Four bodies. One friendly cartoon. One clock. Minted on Base.,708.gif,Clay,Bunny,Wink,Headphones,Bandana,Heart
709,Scribblin #709,A looping doodle critter from Scribblins. Four bodies. One friendly cartoon. One clock. Minted on Base.,709.gif,Cream,Bear,Pout,Leaf,None,None
710,Scribblin #710,A looping doodle critter from Scribblins. Four bodies. One friendly cartoon. One clock. Minted on Base.,710.gif,Clay,Bunny,Heart,Flower,Bowtie,None
711,Scribblin #711,A looping doodle critter from Scribblins. Four bodies. One friendly cartoon. One clock. Minted on Base.,711.gif,Cream,Frog,Normal,None,None,Heart
712,Scribblin #712,A looping doodle critter from Scribblins. Four bodies. One friendly cartoon. One clock. Minted on Base.,712.gif,Butter,Bear,Normal,None,None,Pencil
713,Scribblin #713,A looping doodle critter from Scribblins. Four bodies. One friendly cartoon. One clock. Minted on Base.,713.gif,Clay,Bunny,Normal,Cap,None,Pencil
714,Scribblin #714,A looping doodle critter from Scribblins. Four bodies. One friendly cartoon. One clock. Minted on Base.,714.gif,Cream,Bunny,Grin,Headphones,None,Pencil
715,Scribblin #715,A looping doodle critter from Scribblins. Four bodies. One friendly cartoon. One clock. Minted on Base.,715.gif,Butter,Bunny,Sparkly,Bow,Bandana,Balloon
716,Scribblin #716,A looping doodle critter from Scribblins. Four bodies. One friendly cartoon. One clock. Minted on Base.,716.gif,Clay,Pup,Grin,Leaf,Bandana,None
717,Scribblin #717,A looping doodle critter from Scribblins. Four bodies. One friendly cartoon. One clock. Minted on Base.,717.gif,Sky,Bunny,Pout,Flower,None,None
718,Scribblin #718,A looping doodle critter from Scribblins. Four bodies. One friendly cartoon. One clock. Minted on Base.,718.gif,Clay,Pup,Normal,Cap,Bandana,None
719,Scribblin #719,A looping doodle critter from Scribblins. Four bodies. One friendly cartoon. One clock. Minted on Base.,719.gif,Clay,Pup,Blep,Flower,None,Balloon
720,Scribblin #720,A looping doodle critter from Scribblins. Four bodies. One friendly cartoon. One clock. Minted on Base.,720.gif,Sky,Bear,Wink,None,Scarf,Balloon
721,Scribblin #721,A looping doodle critter from Scribblins. Four bodies. One friendly cartoon. One clock. Minted on Base.,721.gif,Sky,Pup,Wink,Leaf,Bandana,None
722,Scribblin #722,A looping doodle critter from Scribblins. Four bodies. One friendly cartoon. One clock. Minted on Base.,722.gif,Butter,Bear,Sleepy,Flower,Scarf,Star
723,Scribblin #723,A looping doodle critter from Scribblins. Four bodies. One friendly cartoon. One clock. Minted on Base.,723.gif,Clay,Bunny,Normal,Leaf,Scarf,None
724,Scribblin #724,A looping doodle critter from Scribblins. Four bodies. One friendly cartoon. One clock. Minted on Base.,724.gif,Cream,Bear,Sleepy,Bow,Bowtie,None
725,Scribblin #725,A looping doodle critter from Scribblins. Four bodies. One friendly cartoon. One clock. Minted on Base.,725.gif,Clay,Pup,Sparkly,Leaf,Scarf,Balloon
726,Scribblin #726,A looping doodle critter from Scribblins. Four bodies. One friendly cartoon. One clock. Minted on Base.,726.gif,Cream,Bear,Grin,None,None,Heart
727,Scribblin #727,A looping doodle critter from Scribblins. Four bodies. One friendly cartoon. One clock. Minted on Base.,727.gif,Clay,Bunny,Heart,Bow,None,None
728,Scribblin #728,A looping doodle critter from Scribblins. Four bodies. One friendly cartoon. One clock. Minted on Base.,728.gif,Sky,Bear,Pout,Headphones,Scarf,Heart
729,Scribblin #729,A looping doodle critter from Scribblins. Four bodies. One friendly cartoon. One clock. Minted on Base.,729.gif,Sky,Bunny,Wink,Cap,None,None
730,Scribblin #730,A looping doodle critter from Scribblins. Four bodies. One friendly cartoon. One clock. Minted on Base.,730.gif,Clay,Frog,Sleepy,Cap,None,Star
731,Scribblin #731,A looping doodle critter from Scribblins. Four bodies. One friendly cartoon. One clock. Minted on Base.,731.gif,Butter,Pup,Heart,Bow,Scarf,Balloon
732,Scribblin #732,A looping doodle critter from Scribblins. Four bodies. One friendly cartoon. One clock. Minted on Base.,732.gif,Butter,Frog,Heart,None,Bandana,Pencil
733,Scribblin #733,A looping doodle critter from Scribblins. Four bodies. One friendly cartoon. One clock. Minted on Base.,733.gif,Butter,Pup,Wink,Bow,Bowtie,None
734,Scribblin #734,A looping doodle critter from Scribblins. Four bodies. One friendly cartoon. One clock. Minted on Base.,734.gif,Clay,Bunny,Sleepy,Leaf,Bandana,Balloon
735,Scribblin #735,A looping doodle critter from Scribblins. Four bodies. One friendly cartoon. One clock. Minted on Base.,735.gif,Butter,Frog,Pout,Beanie,Bandana,Pencil
736,Scribblin #736,A looping doodle critter from Scribblins. Four bodies. One friendly cartoon. One clock. Minted on Base.,736.gif,Cream,Pup,Blep,Headphones,Bandana,Pencil
737,Scribblin #737,A looping doodle critter from Scribblins. Four bodies. One friendly cartoon. One clock. Minted on Base.,737.gif,Cream,Bear,Sleepy,Beanie,Bowtie,None
738,Scribblin #738,A looping doodle critter from Scribblins. Four bodies. One friendly cartoon. One clock. Minted on Base.,738.gif,Butter,Bear,Blep,None,Bowtie,Star
739,Scribblin #739,A looping doodle critter from Scribblins. Four bodies. One friendly cartoon. One clock. Minted on Base.,739.gif,Sky,Bunny,Normal,Bow,None,None
740,Scribblin #740,A looping doodle critter from Scribblins. Four bodies. One friendly cartoon. One clock. Minted on Base.,740.gif,Sky,Frog,Sparkly,Headphones,Bowtie,None
741,Scribblin #741,A looping doodle critter from Scribblins. Four bodies. One friendly cartoon. One clock. Minted on Base.,741.gif,Sky,Bunny,Normal,Beanie,Bandana,Heart
742,Scribblin #742,A looping doodle critter from Scribblins. Four bodies. One friendly cartoon. One clock. Minted on Base.,742.gif,Cream,Frog,Blep,Beanie,None,None
743,Scribblin #743,A looping doodle critter from Scribblins. Four bodies. One friendly cartoon. One clock. Minted on Base.,743.gif,Butter,Bunny,Normal,Beanie,None,Heart
744,Scribblin #744,A looping doodle critter from Scribblins. Four bodies. One friendly cartoon. One clock. Minted on Base.,744.gif,Sky,Pup,Sparkly,Bow,Bandana,None
745,Scribblin #745,A looping doodle critter from Scribblins. Four bodies. One friendly cartoon. One clock. Minted on Base.,745.gif,Clay,Bear,Wink,None,Scarf,Pencil
746,Scribblin #746,A looping doodle critter from Scribblins. Four bodies. One friendly cartoon. One clock. Minted on Base.,746.gif,Sky,Bunny,Blep,Flower,Bandana,None
747,Scribblin #747,A looping doodle critter from Scribblins. Four bodies. One friendly cartoon. One clock. Minted on Base.,747.gif,Clay,Bear,Grin,Beanie,Bandana,Heart
748,Scribblin #748,A looping doodle critter from Scribblins. Four bodies. One friendly cartoon. One clock. Minted on Base.,748.gif,Butter,Bear,Sleepy,Flower,Bowtie,Heart
749,Scribblin #749,A looping doodle critter from Scribblins. Four bodies. One friendly cartoon. One clock. Minted on Base.,749.gif,Butter,Bunny,Sparkly,Headphones,None,Pencil
750,Scribblin #750,A looping doodle critter from Scribblins. Four bodies. One friendly cartoon. One clock. Minted on Base.,750.gif,Sky,Bear,Blep,Headphones,Bowtie,Pencil
751,Scribblin #751,A looping doodle critter from Scribblins. Four bodies. One friendly cartoon. One clock. Minted on Base.,751.gif,Sky,Bear,Sleepy,Bow,Bowtie,Star
752,Scribblin #752,A looping doodle critter from Scribblins. Four bodies. One friendly cartoon. One clock. Minted on Base.,752.gif,Sky,Bunny,Blep,Beanie,Scarf,None
753,Scribblin #753,A looping doodle critter from Scribblins. Four bodies. One friendly cartoon. One clock. Minted on Base.,753.gif,Butter,Bear,Grin,Flower,None,None
754,Scribblin #754,A looping doodle critter from Scribblins. Four bodies. One friendly cartoon. One clock. Minted on Base.,754.gif,Sky,Bunny,Grin,Flower,None,None
755,Scribblin #755,A looping doodle critter from Scribblins. Four bodies. One friendly cartoon. One clock. Minted on Base.,755.gif,Clay,Bunny,Grin,Bow,Scarf,Pencil
756,Scribblin #756,A looping doodle critter from Scribblins. Four bodies. One friendly cartoon. One clock. Minted on Base.,756.gif,Cream,Bear,Grin,Bow,None,Pencil
757,Scribblin #757,A looping doodle critter from Scribblins. Four bodies. One friendly cartoon. One clock. Minted on Base.,757.gif,Butter,Bear,Normal,None,Scarf,None
758,Scribblin #758,A looping doodle critter from Scribblins. Four bodies. One friendly cartoon. One clock. Minted on Base.,758.gif,Cream,Pup,Heart,None,Bandana,Heart
759,Scribblin #759,A looping doodle critter from Scribblins. Four bodies. One friendly cartoon. One clock. Minted on Base.,759.gif,Clay,Bear,Wink,Beanie,Scarf,Heart
760,Scribblin #760,A looping doodle critter from Scribblins. Four bodies. One friendly cartoon. One clock. Minted on Base.,760.gif,Sky,Frog,Pout,Beanie,None,Balloon
761,Scribblin #761,A looping doodle critter from Scribblins. Four bodies. One friendly cartoon. One clock. Minted on Base.,761.gif,Clay,Bunny,Grin,Bow,None,Star
762,Scribblin #762,A looping doodle critter from Scribblins. Four bodies. One friendly cartoon. One clock. Minted on Base.,762.gif,Sky,Bunny,Wink,Bow,None,None
763,Scribblin #763,A looping doodle critter from Scribblins. Four bodies. One friendly cartoon. One clock. Minted on Base.,763.gif,Cream,Frog,Pout,None,None,Heart
764,Scribblin #764,A looping doodle critter from Scribblins. Four bodies. One friendly cartoon. One clock. Minted on Base.,764.gif,Sky,Bear,Pout,Flower,None,None
765,Scribblin #765,A looping doodle critter from Scribblins. Four bodies. One friendly cartoon. One clock. Minted on Base.,765.gif,Sky,Bunny,Grin,Beanie,Bandana,None
766,Scribblin #766,A looping doodle critter from Scribblins. Four bodies. One friendly cartoon. One clock. Minted on Base.,766.gif,Cream,Pup,Sparkly,Flower,None,Pencil
767,Scribblin #767,A looping doodle critter from Scribblins. Four bodies. One friendly cartoon. One clock. Minted on Base.,767.gif,Cream,Pup,Grin,Bow,Scarf,Balloon
768,Scribblin #768,A looping doodle critter from Scribblins. Four bodies. One friendly cartoon. One clock. Minted on Base.,768.gif,Butter,Pup,Grin,None,None,None
769,Scribblin #769,A looping doodle critter from Scribblins. Four bodies. One friendly cartoon. One clock. Minted on Base.,769.gif,Butter,Frog,Wink,Cap,Bandana,Pencil
770,Scribblin #770,A looping doodle critter from Scribblins. Four bodies. One friendly cartoon. One clock. Minted on Base.,770.gif,Cream,Bunny,Blep,Cap,None,None
771,Scribblin #771,A looping doodle critter from Scribblins. Four bodies. One friendly cartoon. One clock. Minted on Base.,771.gif,Sky,Frog,Pout,Beanie,None,Star
772,Scribblin #772,A looping doodle critter from Scribblins. Four bodies. One friendly cartoon. One clock. Minted on Base.,772.gif,Clay,Frog,Wink,Flower,Bowtie,None
773,Scribblin #773,A looping doodle critter from Scribblins. Four bodies. One friendly cartoon. One clock. Minted on Base.,773.gif,Cream,Bear,Sparkly,None,None,Pencil
774,Scribblin #774,A looping doodle critter from Scribblins. Four bodies. One friendly cartoon. One clock. Minted on Base.,774.gif,Cream,Bunny,Normal,None,None,Balloon
775,Scribblin #775,A looping doodle critter from Scribblins. Four bodies. One friendly cartoon. One clock. Minted on Base.,775.gif,Cream,Pup,Normal,Headphones,None,None
776,Scribblin #776,A looping doodle critter from Scribblins. Four bodies. One friendly cartoon. One clock. Minted on Base.,776.gif,Cream,Bear,Normal,None,Bandana,Balloon
777,Scribblin #777,A looping doodle critter from Scribblins. Four bodies. One friendly cartoon. One clock. Minted on Base.,777.gif,Sky,Bear,Heart,Flower,Scarf,Pencil
778,Scribblin #778,A looping doodle critter from Scribblins. Four bodies. One friendly cartoon. One clock. Minted on Base.,778.gif,Sky,Bunny,Normal,Bow,Bandana,Pencil
779,Scribblin #779,A looping doodle critter from Scribblins. Four bodies. One friendly cartoon. One clock. Minted on Base.,779.gif,Cream,Bunny,Wink,Bow,Scarf,Balloon
780,Scribblin #780,A looping doodle critter from Scribblins. Four bodies. One friendly cartoon. One clock. Minted on Base.,780.gif,Sky,Bear,Pout,Bow,Scarf,Balloon
781,Scribblin #781,A looping doodle critter from Scribblins. Four bodies. One friendly cartoon. One clock. Minted on Base.,781.gif,Butter,Pup,Normal,Bow,Scarf,Pencil
782,Scribblin #782,A looping doodle critter from Scribblins. Four bodies. One friendly cartoon. One clock. Minted on Base.,782.gif,Butter,Bunny,Sparkly,Headphones,Bandana,Heart
783,Scribblin #783,A looping doodle critter from Scribblins. Four bodies. One friendly cartoon. One clock. Minted on Base.,783.gif,Clay,Bunny,Sleepy,Headphones,Bowtie,Pencil
784,Scribblin #784,A looping doodle critter from Scribblins. Four bodies. One friendly cartoon. One clock. Minted on Base.,784.gif,Cream,Bear,Normal,Cap,None,Star
785,Scribblin #785,A looping doodle critter from Scribblins. Four bodies. One friendly cartoon. One clock. Minted on Base.,785.gif,Clay,Bear,Heart,Bow,Bowtie,Star
786,Scribblin #786,A looping doodle critter from Scribblins. Four bodies. One friendly cartoon. One clock. Minted on Base.,786.gif,Clay,Bunny,Grin,Flower,None,Heart
787,Scribblin #787,A looping doodle critter from Scribblins. Four bodies. One friendly cartoon. One clock. Minted on Base.,787.gif,Cream,Bunny,Grin,None,Bandana,Star
788,Scribblin #788,A looping doodle critter from Scribblins. Four bodies. One friendly cartoon. One clock. Minted on Base.,788.gif,Cream,Pup,Grin,None,Scarf,None
789,Scribblin #789,A looping doodle critter from Scribblins. Four bodies. One friendly cartoon. One clock. Minted on Base.,789.gif,Cream,Bunny,Sleepy,Cap,None,None
790,Scribblin #790,A looping doodle critter from Scribblins. Four bodies. One friendly cartoon. One clock. Minted on Base.,790.gif,Sky,Pup,Heart,None,None,Heart
791,Scribblin #791,A looping doodle critter from Scribblins. Four bodies. One friendly cartoon. One clock. Minted on Base.,791.gif,Cream,Pup,Sparkly,Beanie,Bandana,Balloon
792,Scribblin #792,A looping doodle critter from Scribblins. Four bodies. One friendly cartoon. One clock. Minted on Base.,792.gif,Clay,Frog,Blep,Bow,None,Star
793,Scribblin #793,A looping doodle critter from Scribblins. Four bodies. One friendly cartoon. One clock. Minted on Base.,793.gif,Clay,Frog,Pout,Leaf,Bandana,None
794,Scribblin #794,A looping doodle critter from Scribblins. Four bodies. One friendly cartoon. One clock. Minted on Base.,794.gif,Clay,Bunny,Heart,Headphones,Bowtie,Heart
795,Scribblin #795,A looping doodle critter from Scribblins. Four bodies. One friendly cartoon. One clock. Minted on Base.,795.gif,Butter,Bear,Normal,None,Bandana,Pencil
796,Scribblin #796,A looping doodle critter from Scribblins. Four bodies. One friendly cartoon. One clock. Minted on Base.,796.gif,Sky,Bear,Normal,Bow,Bandana,None
797,Scribblin #797,A looping doodle critter from Scribblins. Four bodies. One friendly cartoon. One clock. Minted on Base.,797.gif,Butter,Frog,Pout,Headphones,Scarf,None
798,Scribblin #798,A looping doodle critter from Scribblins. Four bodies. One friendly cartoon. One clock. Minted on Base.,798.gif,Sky,Pup,Wink,None,None,Star
799,Scribblin #799,A looping doodle critter from Scribblins. Four bodies. One friendly cartoon. One clock. Minted on Base.,799.gif,Clay,Frog,Sleepy,Bow,Bandana,Heart
800,Scribblin #800,A looping doodle critter from Scribblins. Four bodies. One friendly cartoon. One clock. Minted on Base.,800.gif,Butter,Bunny,Sparkly,Bow,Bowtie,Star
801,Scribblin #801,A looping doodle critter from Scribblins. Four bodies. One friendly cartoon. One clock. Minted on Base.,801.gif,Butter,Bear,Wink,Beanie,None,Heart
802,Scribblin #802,A looping doodle critter from Scribblins. Four bodies. One friendly cartoon. One clock. Minted on Base.,802.gif,Clay,Bunny,Blep,None,None,Pencil
803,Scribblin #803,A looping doodle critter from Scribblins. Four bodies. One friendly cartoon. One clock. Minted on Base.,803.gif,Clay,Bunny,Heart,Headphones,None,Star
804,Scribblin #804,A looping doodle critter from Scribblins. Four bodies. One friendly cartoon. One clock. Minted on Base.,804.gif,Clay,Bunny,Blep,Cap,Scarf,Pencil
805,Scribblin #805,A looping doodle critter from Scribblins. Four bodies. One friendly cartoon. One clock. Minted on Base.,805.gif,Butter,Bunny,Sleepy,Headphones,Bowtie,Star
806,Scribblin #806,A looping doodle critter from Scribblins. Four bodies. One friendly cartoon. One clock. Minted on Base.,806.gif,Cream,Bunny,Grin,Bow,Bandana,Pencil
807,Scribblin #807,A looping doodle critter from Scribblins. Four bodies. One friendly cartoon. One clock. Minted on Base.,807.gif,Clay,Pup,Normal,Flower,None,Pencil
808,Scribblin #808,A looping doodle critter from Scribblins. Four bodies. One friendly cartoon. One clock. Minted on Base.,808.gif,Sky,Pup,Sparkly,Cap,Bandana,None
809,Scribblin #809,A looping doodle critter from Scribblins. Four bodies. One friendly cartoon. One clock. Minted on Base.,809.gif,Clay,Bear,Normal,Bow,Bandana,None
810,Scribblin #810,A looping doodle critter from Scribblins. Four bodies. One friendly cartoon. One clock. Minted on Base.,810.gif,Sky,Bunny,Blep,None,Bowtie,None
811,Scribblin #811,A looping doodle critter from Scribblins. Four bodies. One friendly cartoon. One clock. Minted on Base.,811.gif,Cream,Bunny,Sleepy,Beanie,Scarf,Star
812,Scribblin #812,A looping doodle critter from Scribblins. Four bodies. One friendly cartoon. One clock. Minted on Base.,812.gif,Sky,Bear,Sparkly,Leaf,Bandana,Heart
813,Scribblin #813,A looping doodle critter from Scribblins. Four bodies. One friendly cartoon. One clock. Minted on Base.,813.gif,Cream,Pup,Wink,Bow,Scarf,None
814,Scribblin #814,A looping doodle critter from Scribblins. Four bodies. One friendly cartoon. One clock. Minted on Base.,814.gif,Clay,Frog,Grin,Flower,None,None
815,Scribblin #815,A looping doodle critter from Scribblins. Four bodies. One friendly cartoon. One clock. Minted on Base.,815.gif,Sky,Bear,Grin,Beanie,Scarf,Star
816,Scribblin #816,A looping doodle critter from Scribblins. Four bodies. One friendly cartoon. One clock. Minted on Base.,816.gif,Cream,Bear,Blep,None,Bowtie,None
817,Scribblin #817,A looping doodle critter from Scribblins. Four bodies. One friendly cartoon. One clock. Minted on Base.,817.gif,Butter,Bunny,Pout,Beanie,Bowtie,Heart
818,Scribblin #818,A looping doodle critter from Scribblins. Four bodies. One friendly cartoon. One clock. Minted on Base.,818.gif,Sky,Bunny,Pout,Beanie,Scarf,None
819,Scribblin #819,A looping doodle critter from Scribblins. Four bodies. One friendly cartoon. One clock. Minted on Base.,819.gif,Clay,Bear,Heart,Bow,Scarf,None
820,Scribblin #820,A looping doodle critter from Scribblins. Four bodies. One friendly cartoon. One clock. Minted on Base.,820.gif,Clay,Bear,Sleepy,Flower,Bandana,Star
821,Scribblin #821,A looping doodle critter from Scribblins. Four bodies. One friendly cartoon. One clock. Minted on Base.,821.gif,Clay,Bear,Blep,Beanie,Bandana,Pencil
822,Scribblin #822,A looping doodle critter from Scribblins. Four bodies. One friendly cartoon. One clock. Minted on Base.,822.gif,Clay,Bear,Blep,Headphones,Bowtie,Heart
823,Scribblin #823,A looping doodle critter from Scribblins. Four bodies. One friendly cartoon. One clock. Minted on Base.,823.gif,Clay,Frog,Wink,None,None,Balloon
824,Scribblin #824,A looping doodle critter from Scribblins. Four bodies. One friendly cartoon. One clock. Minted on Base.,824.gif,Sky,Bunny,Pout,Bow,None,Balloon
825,Scribblin #825,A looping doodle critter from Scribblins. Four bodies. One friendly cartoon. One clock. Minted on Base.,825.gif,Cream,Bunny,Heart,Beanie,Bowtie,None
826,Scribblin #826,A looping doodle critter from Scribblins. Four bodies. One friendly cartoon. One clock. Minted on Base.,826.gif,Sky,Frog,Normal,Leaf,Bandana,None
827,Scribblin #827,A looping doodle critter from Scribblins. Four bodies. One friendly cartoon. One clock. Minted on Base.,827.gif,Cream,Bunny,Wink,Leaf,None,None
828,Scribblin #828,A looping doodle critter from Scribblins. Four bodies. One friendly cartoon. One clock. Minted on Base.,828.gif,Cream,Pup,Sparkly,None,None,None
829,Scribblin #829,A looping doodle critter from Scribblins. Four bodies. One friendly cartoon. One clock. Minted on Base.,829.gif,Sky,Bunny,Sleepy,Bow,Scarf,Balloon
830,Scribblin #830,A looping doodle critter from Scribblins. Four bodies. One friendly cartoon. One clock. Minted on Base.,830.gif,Butter,Bear,Normal,Cap,Scarf,None
831,Scribblin #831,A looping doodle critter from Scribblins. Four bodies. One friendly cartoon. One clock. Minted on Base.,831.gif,Cream,Pup,Wink,Cap,None,Heart
832,Scribblin #832,A looping doodle critter from Scribblins. Four bodies. One friendly cartoon. One clock. Minted on Base.,832.gif,Clay,Bunny,Normal,Beanie,Bowtie,None
833,Scribblin #833,A looping doodle critter from Scribblins. Four bodies. One friendly cartoon. One clock. Minted on Base.,833.gif,Cream,Bear,Blep,Leaf,Bowtie,None
834,Scribblin #834,A looping doodle critter from Scribblins. Four bodies. One friendly cartoon. One clock. Minted on Base.,834.gif,Butter,Bear,Normal,Beanie,None,Heart
835,Scribblin #835,A looping doodle critter from Scribblins. Four bodies. One friendly cartoon. One clock. Minted on Base.,835.gif,Cream,Bunny,Pout,None,Scarf,Heart
836,Scribblin #836,A looping doodle critter from Scribblins. Four bodies. One friendly cartoon. One clock. Minted on Base.,836.gif,Sky,Bunny,Normal,Bow,Scarf,None
837,Scribblin #837,A looping doodle critter from Scribblins. Four bodies. One friendly cartoon. One clock. Minted on Base.,837.gif,Cream,Bunny,Normal,Bow,Bandana,Balloon
838,Scribblin #838,A looping doodle critter from Scribblins. Four bodies. One friendly cartoon. One clock. Minted on Base.,838.gif,Cream,Frog,Normal,Beanie,Bandana,Pencil
839,Scribblin #839,A looping doodle critter from Scribblins. Four bodies. One friendly cartoon. One clock. Minted on Base.,839.gif,Cream,Frog,Sparkly,Beanie,Bandana,None
840,Scribblin #840,A looping doodle critter from Scribblins. Four bodies. One friendly cartoon. One clock. Minted on Base.,840.gif,Sky,Frog,Wink,Cap,Bandana,Star
841,Scribblin #841,A looping doodle critter from Scribblins. Four bodies. One friendly cartoon. One clock. Minted on Base.,841.gif,Cream,Bunny,Grin,Headphones,None,Heart
842,Scribblin #842,A looping doodle critter from Scribblins. Four bodies. One friendly cartoon. One clock. Minted on Base.,842.gif,Clay,Bear,Pout,None,Bandana,Heart
843,Scribblin #843,A looping doodle critter from Scribblins. Four bodies. One friendly cartoon. One clock. Minted on Base.,843.gif,Sky,Bunny,Wink,Beanie,None,Pencil
844,Scribblin #844,A looping doodle critter from Scribblins. Four bodies. One friendly cartoon. One clock. Minted on Base.,844.gif,Cream,Bear,Normal,Flower,Scarf,None
845,Scribblin #845,A looping doodle critter from Scribblins. Four bodies. One friendly cartoon. One clock. Minted on Base.,845.gif,Cream,Bear,Sparkly,None,Bowtie,Balloon
846,Scribblin #846,A looping doodle critter from Scribblins. Four bodies. One friendly cartoon. One clock. Minted on Base.,846.gif,Cream,Bunny,Heart,Flower,None,Heart
847,Scribblin #847,A looping doodle critter from Scribblins. Four bodies. One friendly cartoon. One clock. Minted on Base.,847.gif,Cream,Frog,Grin,Flower,None,Pencil
848,Scribblin #848,A looping doodle critter from Scribblins. Four bodies. One friendly cartoon. One clock. Minted on Base.,848.gif,Sky,Bunny,Sleepy,Leaf,Bowtie,None
849,Scribblin #849,A looping doodle critter from Scribblins. Four bodies. One friendly cartoon. One clock. Minted on Base.,849.gif,Butter,Frog,Heart,Flower,Bandana,Star
850,Scribblin #850,A looping doodle critter from Scribblins. Four bodies. One friendly cartoon. One clock. Minted on Base.,850.gif,Cream,Pup,Pout,Flower,None,None
851,Scribblin #851,A looping doodle critter from Scribblins. Four bodies. One friendly cartoon. One clock. Minted on Base.,851.gif,Butter,Bunny,Heart,None,None,None
852,Scribblin #852,A looping doodle critter from Scribblins. Four bodies. One friendly cartoon. One clock. Minted on Base.,852.gif,Sky,Bunny,Grin,None,Bandana,Star
853,Scribblin #853,A looping doodle critter from Scribblins. Four bodies. One friendly cartoon. One clock. Minted on Base.,853.gif,Cream,Pup,Sleepy,Beanie,None,Star
854,Scribblin #854,A looping doodle critter from Scribblins. Four bodies. One friendly cartoon. One clock. Minted on Base.,854.gif,Cream,Bear,Normal,None,Bandana,Pencil
855,Scribblin #855,A looping doodle critter from Scribblins. Four bodies. One friendly cartoon. One clock. Minted on Base.,855.gif,Sky,Pup,Normal,None,Bowtie,Pencil
856,Scribblin #856,A looping doodle critter from Scribblins. Four bodies. One friendly cartoon. One clock. Minted on Base.,856.gif,Butter,Pup,Wink,Bow,None,Star
857,Scribblin #857,A looping doodle critter from Scribblins. Four bodies. One friendly cartoon. One clock. Minted on Base.,857.gif,Sky,Bunny,Sparkly,Bow,None,None
858,Scribblin #858,A looping doodle critter from Scribblins. Four bodies. One friendly cartoon. One clock. Minted on Base.,858.gif,Clay,Pup,Grin,Headphones,Scarf,None
859,Scribblin #859,A looping doodle critter from Scribblins. Four bodies. One friendly cartoon. One clock. Minted on Base.,859.gif,Butter,Bear,Normal,Beanie,None,None
860,Scribblin #860,A looping doodle critter from Scribblins. Four bodies. One friendly cartoon. One clock. Minted on Base.,860.gif,Cream,Pup,Grin,Leaf,None,Pencil
861,Scribblin #861,A looping doodle critter from Scribblins. Four bodies. One friendly cartoon. One clock. Minted on Base.,861.gif,Butter,Bunny,Wink,None,Bowtie,None
862,Scribblin #862,A looping doodle critter from Scribblins. Four bodies. One friendly cartoon. One clock. Minted on Base.,862.gif,Cream,Frog,Sleepy,Cap,Scarf,Heart
863,Scribblin #863,A looping doodle critter from Scribblins. Four bodies. One friendly cartoon. One clock. Minted on Base.,863.gif,Sky,Bunny,Wink,None,None,None
864,Scribblin #864,A looping doodle critter from Scribblins. Four bodies. One friendly cartoon. One clock. Minted on Base.,864.gif,Clay,Bunny,Normal,Bow,Scarf,None
865,Scribblin #865,A looping doodle critter from Scribblins. Four bodies. One friendly cartoon. One clock. Minted on Base.,865.gif,Cream,Bear,Wink,None,Scarf,Star
866,Scribblin #866,A looping doodle critter from Scribblins. Four bodies. One friendly cartoon. One clock. Minted on Base.,866.gif,Clay,Bunny,Sleepy,Cap,None,None
867,Scribblin #867,A looping doodle critter from Scribblins. Four bodies. One friendly cartoon. One clock. Minted on Base.,867.gif,Clay,Bunny,Sparkly,Flower,Bowtie,Balloon
868,Scribblin #868,A looping doodle critter from Scribblins. Four bodies. One friendly cartoon. One clock. Minted on Base.,868.gif,Sky,Bear,Pout,Flower,Scarf,None
869,Scribblin #869,A looping doodle critter from Scribblins. Four bodies. One friendly cartoon. One clock. Minted on Base.,869.gif,Clay,Bunny,Pout,Cap,Bandana,Balloon
870,Scribblin #870,A looping doodle critter from Scribblins. Four bodies. One friendly cartoon. One clock. Minted on Base.,870.gif,Sky,Bunny,Normal,Headphones,Scarf,Balloon
871,Scribblin #871,A looping doodle critter from Scribblins. Four bodies. One friendly cartoon. One clock. Minted on Base.,871.gif,Cream,Bunny,Normal,Beanie,Bandana,Balloon
872,Scribblin #872,A looping doodle critter from Scribblins. Four bodies. One friendly cartoon. One clock. Minted on Base.,872.gif,Cream,Bear,Wink,Leaf,Bandana,Star
873,Scribblin #873,A looping doodle critter from Scribblins. Four bodies. One friendly cartoon. One clock. Minted on Base.,873.gif,Clay,Frog,Grin,Headphones,Bowtie,None
874,Scribblin #874,A looping doodle critter from Scribblins. Four bodies. One friendly cartoon. One clock. Minted on Base.,874.gif,Sky,Bunny,Grin,Leaf,Bandana,Star
875,Scribblin #875,A looping doodle critter from Scribblins. Four bodies. One friendly cartoon. One clock. Minted on Base.,875.gif,Sky,Bunny,Normal,Cap,Bandana,None
876,Scribblin #876,A looping doodle critter from Scribblins. Four bodies. One friendly cartoon. One clock. Minted on Base.,876.gif,Sky,Bear,Normal,Headphones,None,Balloon
877,Scribblin #877,A looping doodle critter from Scribblins. Four bodies. One friendly cartoon. One clock. Minted on Base.,877.gif,Butter,Bunny,Sleepy,Flower,None,Heart
878,Scribblin #878,A looping doodle critter from Scribblins. Four bodies. One friendly cartoon. One clock. Minted on Base.,878.gif,Butter,Bunny,Normal,Bow,Scarf,Star
879,Scribblin #879,A looping doodle critter from Scribblins. Four bodies. One friendly cartoon. One clock. Minted on Base.,879.gif,Clay,Pup,Sleepy,Bow,None,Pencil
880,Scribblin #880,A looping doodle critter from Scribblins. Four bodies. One friendly cartoon. One clock. Minted on Base.,880.gif,Sky,Bear,Sleepy,Flower,None,Heart
881,Scribblin #881,A looping doodle critter from Scribblins. Four bodies. One friendly cartoon. One clock. Minted on Base.,881.gif,Sky,Bunny,Sparkly,Bow,Scarf,Heart
882,Scribblin #882,A looping doodle critter from Scribblins. Four bodies. One friendly cartoon. One clock. Minted on Base.,882.gif,Cream,Pup,Normal,None,Bandana,Balloon
883,Scribblin #883,A looping doodle critter from Scribblins. Four bodies. One friendly cartoon. One clock. Minted on Base.,883.gif,Clay,Pup,Normal,Leaf,None,Pencil
884,Scribblin #884,A looping doodle critter from Scribblins. Four bodies. One friendly cartoon. One clock. Minted on Base.,884.gif,Sky,Pup,Grin,None,Bandana,None
885,Scribblin #885,A looping doodle critter from Scribblins. Four bodies. One friendly cartoon. One clock. Minted on Base.,885.gif,Butter,Bear,Heart,None,None,None
886,Scribblin #886,A looping doodle critter from Scribblins. Four bodies. One friendly cartoon. One clock. Minted on Base.,886.gif,Sky,Bear,Pout,Bow,None,Pencil
887,Scribblin #887,A looping doodle critter from Scribblins. Four bodies. One friendly cartoon. One clock. Minted on Base.,887.gif,Clay,Bunny,Normal,Beanie,None,None
888,Scribblin #888,A looping doodle critter from Scribblins. Four bodies. One friendly cartoon. One clock. Minted on Base.,888.gif,Cream,Bear,Blep,None,None,Star
889,Scribblin #889,A looping doodle critter from Scribblins. Four bodies. One friendly cartoon. One clock. Minted on Base.,889.gif,Butter,Bunny,Heart,Leaf,Scarf,Pencil
890,Scribblin #890,A looping doodle critter from Scribblins. Four bodies. One friendly cartoon. One clock. Minted on Base.,890.gif,Sky,Bear,Grin,Flower,None,Star
891,Scribblin #891,A looping doodle critter from Scribblins. Four bodies. One friendly cartoon. One clock. Minted on Base.,891.gif,Clay,Frog,Normal,None,Scarf,Star
892,Scribblin #892,A looping doodle critter from Scribblins. Four bodies. One friendly cartoon. One clock. Minted on Base.,892.gif,Cream,Bear,Pout,Beanie,None,Star
893,Scribblin #893,A looping doodle critter from Scribblins. Four bodies. One friendly cartoon. One clock. Minted on Base.,893.gif,Sky,Bunny,Grin,Headphones,None,Pencil
894,Scribblin #894,A looping doodle critter from Scribblins. Four bodies. One friendly cartoon. One clock. Minted on Base.,894.gif,Butter,Bear,Normal,None,None,Heart
895,Scribblin #895,A looping doodle critter from Scribblins. Four bodies. One friendly cartoon. One clock. Minted on Base.,895.gif,Sky,Pup,Sparkly,Headphones,None,None
896,Scribblin #896,A looping doodle critter from Scribblins. Four bodies. One friendly cartoon. One clock. Minted on Base.,896.gif,Sky,Bear,Wink,Beanie,None,None
897,Scribblin #897,A looping doodle critter from Scribblins. Four bodies. One friendly cartoon. One clock. Minted on Base.,897.gif,Clay,Bear,Normal,Bow,None,Star
898,Scribblin #898,A looping doodle critter from Scribblins. Four bodies. One friendly cartoon. One clock. Minted on Base.,898.gif,Clay,Bunny,Blep,Headphones,Bandana,None
899,Scribblin #899,A looping doodle critter from Scribblins. Four bodies. One friendly cartoon. One clock. Minted on Base.,899.gif,Clay,Bunny,Grin,Bow,Scarf,Heart
900,Scribblin #900,A looping doodle critter from Scribblins. Four bodies. One friendly cartoon. One clock. Minted on Base.,900.gif,Cream,Bunny,Pout,None,None,Balloon
901,Scribblin #901,A looping doodle critter from Scribblins. Four bodies. One friendly cartoon. One clock. Minted on Base.,901.gif,Butter,Bunny,Grin,None,Scarf,None
902,Scribblin #902,A looping doodle critter from Scribblins. Four bodies. One friendly cartoon. One clock. Minted on Base.,902.gif,Cream,Pup,Blep,Flower,Bandana,Pencil
903,Scribblin #903,A looping doodle critter from Scribblins. Four bodies. One friendly cartoon. One clock. Minted on Base.,903.gif,Sky,Bunny,Sleepy,Bow,Bowtie,None
904,Scribblin #904,A looping doodle critter from Scribblins. Four bodies. One friendly cartoon. One clock. Minted on Base.,904.gif,Sky,Pup,Sparkly,Beanie,None,Star
905,Scribblin #905,A looping doodle critter from Scribblins. Four bodies. One friendly cartoon. One clock. Minted on Base.,905.gif,Clay,Bunny,Grin,Cap,Bowtie,None
906,Scribblin #906,A looping doodle critter from Scribblins. Four bodies. One friendly cartoon. One clock. Minted on Base.,906.gif,Sky,Pup,Grin,Headphones,Scarf,None
907,Scribblin #907,A looping doodle critter from Scribblins. Four bodies. One friendly cartoon. One clock. Minted on Base.,907.gif,Clay,Bunny,Sleepy,None,Bowtie,Pencil
908,Scribblin #908,A looping doodle critter from Scribblins. Four bodies. One friendly cartoon. One clock. Minted on Base.,908.gif,Butter,Bunny,Grin,Cap,None,None
909,Scribblin #909,A looping doodle critter from Scribblins. Four bodies. One friendly cartoon. One clock. Minted on Base.,909.gif,Cream,Bunny,Sleepy,Bow,Bandana,Star
910,Scribblin #910,A looping doodle critter from Scribblins. Four bodies. One friendly cartoon. One clock. Minted on Base.,910.gif,Cream,Bear,Grin,None,Bowtie,None
911,Scribblin #911,A looping doodle critter from Scribblins. Four bodies. One friendly cartoon. One clock. Minted on Base.,911.gif,Butter,Bunny,Normal,Cap,None,None
912,Scribblin #912,A looping doodle critter from Scribblins. Four bodies. One friendly cartoon. One clock. Minted on Base.,912.gif,Butter,Pup,Grin,Leaf,None,None
913,Scribblin #913,A looping doodle critter from Scribblins. Four bodies. One friendly cartoon. One clock. Minted on Base.,913.gif,Cream,Pup,Sparkly,Headphones,Bowtie,Heart
914,Scribblin #914,A looping doodle critter from Scribblins. Four bodies. One friendly cartoon. One clock. Minted on Base.,914.gif,Cream,Bunny,Normal,Cap,Scarf,Star
915,Scribblin #915,A looping doodle critter from Scribblins. Four bodies. One friendly cartoon. One clock. Minted on Base.,915.gif,Clay,Bunny,Heart,None,Bowtie,Star
916,Scribblin #916,A looping doodle critter from Scribblins. Four bodies. One friendly cartoon. One clock. Minted on Base.,916.gif,Clay,Bunny,Sparkly,None,Scarf,None
917,Scribblin #917,A looping doodle critter from Scribblins. Four bodies. One friendly cartoon. One clock. Minted on Base.,917.gif,Cream,Pup,Heart,Leaf,Scarf,None
918,Scribblin #918,A looping doodle critter from Scribblins. Four bodies. One friendly cartoon. One clock. Minted on Base.,918.gif,Clay,Bear,Wink,Bow,None,None
919,Scribblin #919,A looping doodle critter from Scribblins. Four bodies. One friendly cartoon. One clock. Minted on Base.,919.gif,Sky,Pup,Sleepy,Headphones,Bowtie,Heart
920,Scribblin #920,A looping doodle critter from Scribblins. Four bodies. One friendly cartoon. One clock. Minted on Base.,920.gif,Butter,Frog,Normal,Bow,None,None
921,Scribblin #921,A looping doodle critter from Scribblins. Four bodies. One friendly cartoon. One clock. Minted on Base.,921.gif,Sky,Pup,Normal,Bow,None,Star
922,Scribblin #922,A looping doodle critter from Scribblins. Four bodies. One friendly cartoon. One clock. Minted on Base.,922.gif,Clay,Bunny,Normal,Cap,None,None
923,Scribblin #923,A looping doodle critter from Scribblins. Four bodies. One friendly cartoon. One clock. Minted on Base.,923.gif,Cream,Bunny,Normal,None,Bowtie,Star
924,Scribblin #924,A looping doodle critter from Scribblins. Four bodies. One friendly cartoon. One clock. Minted on Base.,924.gif,Cream,Bear,Normal,Beanie,None,None
925,Scribblin #925,A looping doodle critter from Scribblins. Four bodies. One friendly cartoon. One clock. Minted on Base.,925.gif,Sky,Pup,Grin,Flower,Scarf,None
926,Scribblin #926,A looping doodle critter from Scribblins. Four bodies. One friendly cartoon. One clock. Minted on Base.,926.gif,Clay,Bear,Pout,Cap,None,Star
927,Scribblin #927,A looping doodle critter from Scribblins. Four bodies. One friendly cartoon. One clock. Minted on Base.,927.gif,Cream,Pup,Wink,Bow,Bowtie,None
928,Scribblin #928,A looping doodle critter from Scribblins. Four bodies. One friendly cartoon. One clock. Minted on Base.,928.gif,Cream,Pup,Heart,Cap,Bowtie,Star
929,Scribblin #929,A looping doodle critter from Scribblins. Four bodies. One friendly cartoon. One clock. Minted on Base.,929.gif,Cream,Pup,Pout,Beanie,Scarf,None
930,Scribblin #930,A looping doodle critter from Scribblins. Four bodies. One friendly cartoon. One clock. Minted on Base.,930.gif,Clay,Bear,Sleepy,Bow,Scarf,None
931,Scribblin #931,A looping doodle critter from Scribblins. Four bodies. One friendly cartoon. One clock. Minted on Base.,931.gif,Butter,Bear,Pout,Flower,Scarf,None
932,Scribblin #932,A looping doodle critter from Scribblins. Four bodies. One friendly cartoon. One clock. Minted on Base.,932.gif,Clay,Bear,Wink,Bow,None,Star
933,Scribblin #933,A looping doodle critter from Scribblins. Four bodies. One friendly cartoon. One clock. Minted on Base.,933.gif,Sky,Bunny,Sparkly,Cap,None,Heart
934,Scribblin #934,A looping doodle critter from Scribblins. Four bodies. One friendly cartoon. One clock. Minted on Base.,934.gif,Clay,Pup,Blep,Cap,Scarf,Star
935,Scribblin #935,A looping doodle critter from Scribblins. Four bodies. One friendly cartoon. One clock. Minted on Base.,935.gif,Clay,Frog,Sparkly,Headphones,None,Balloon
936,Scribblin #936,A looping doodle critter from Scribblins. Four bodies. One friendly cartoon. One clock. Minted on Base.,936.gif,Butter,Frog,Grin,Flower,Bowtie,Heart
937,Scribblin #937,A looping doodle critter from Scribblins. Four bodies. One friendly cartoon. One clock. Minted on Base.,937.gif,Sky,Bear,Wink,Cap,None,Star
938,Scribblin #938,A looping doodle critter from Scribblins. Four bodies. One friendly cartoon. One clock. Minted on Base.,938.gif,Sky,Bunny,Grin,Flower,None,Star
939,Scribblin #939,A looping doodle critter from Scribblins. Four bodies. One friendly cartoon. One clock. Minted on Base.,939.gif,Sky,Bunny,Normal,Cap,Scarf,Balloon
940,Scribblin #940,A looping doodle critter from Scribblins. Four bodies. One friendly cartoon. One clock. Minted on Base.,940.gif,Butter,Pup,Grin,Beanie,Bandana,Heart
941,Scribblin #941,A looping doodle critter from Scribblins. Four bodies. One friendly cartoon. One clock. Minted on Base.,941.gif,Cream,Frog,Blep,Cap,Bowtie,Star
942,Scribblin #942,A looping doodle critter from Scribblins. Four bodies. One friendly cartoon. One clock. Minted on Base.,942.gif,Butter,Bear,Wink,Headphones,None,Heart
943,Scribblin #943,A looping doodle critter from Scribblins. Four bodies. One friendly cartoon. One clock. Minted on Base.,943.gif,Clay,Pup,Normal,Headphones,Scarf,Pencil
944,Scribblin #944,A looping doodle critter from Scribblins. Four bodies. One friendly cartoon. One clock. Minted on Base.,944.gif,Cream,Bear,Sparkly,Headphones,Bandana,Heart
945,Scribblin #945,A looping doodle critter from Scribblins. Four bodies. One friendly cartoon. One clock. Minted on Base.,945.gif,Butter,Bunny,Sleepy,None,Scarf,None
946,Scribblin #946,A looping doodle critter from Scribblins. Four bodies. One friendly cartoon. One clock. Minted on Base.,946.gif,Clay,Bunny,Normal,Beanie,Bandana,Balloon
947,Scribblin #947,A looping doodle critter from Scribblins. Four bodies. One friendly cartoon. One clock. Minted on Base.,947.gif,Butter,Bear,Pout,Flower,None,Pencil
948,Scribblin #948,A looping doodle critter from Scribblins. Four bodies. One friendly cartoon. One clock. Minted on Base.,948.gif,Cream,Bunny,Wink,None,Scarf,Heart
949,Scribblin #949,A looping doodle critter from Scribblins. Four bodies. One friendly cartoon. One clock. Minted on Base.,949.gif,Cream,Pup,Blep,None,None,None
950,Scribblin #950,A looping doodle critter from Scribblins. Four bodies. One friendly cartoon. One clock. Minted on Base.,950.gif,Cream,Bunny,Sparkly,Headphones,None,None
951,Scribblin #951,A looping doodle critter from Scribblins. Four bodies. One friendly cartoon. One clock. Minted on Base.,951.gif,Clay,Bunny,Sleepy,Flower,Bowtie,None
952,Scribblin #952,A looping doodle critter from Scribblins. Four bodies. One friendly cartoon. One clock. Minted on Base.,952.gif,Butter,Frog,Heart,None,Bandana,Balloon
953,Scribblin #953,A looping doodle critter from Scribblins. Four bodies. One friendly cartoon. One clock. Minted on Base.,953.gif,Clay,Bear,Grin,None,Scarf,Star
954,Scribblin #954,A looping doodle critter from Scribblins. Four bodies. One friendly cartoon. One clock. Minted on Base.,954.gif,Butter,Bear,Normal,Flower,Scarf,Star
955,Scribblin #955,A looping doodle critter from Scribblins. Four bodies. One friendly cartoon. One clock. Minted on Base.,955.gif,Cream,Bear,Grin,Bow,Scarf,None
956,Scribblin #956,A looping doodle critter from Scribblins. Four bodies. One friendly cartoon. One clock. Minted on Base.,956.gif,Butter,Pup,Blep,Bow,Scarf,Pencil
957,Scribblin #957,A looping doodle critter from Scribblins. Four bodies. One friendly cartoon. One clock. Minted on Base.,957.gif,Cream,Bunny,Blep,Bow,Bandana,Pencil
958,Scribblin #958,A looping doodle critter from Scribblins. Four bodies. One friendly cartoon. One clock. Minted on Base.,958.gif,Cream,Bunny,Grin,Beanie,Bandana,Star
959,Scribblin #959,A looping doodle critter from Scribblins. Four bodies. One friendly cartoon. One clock. Minted on Base.,959.gif,Cream,Bunny,Wink,Cap,Scarf,None
960,Scribblin #960,A looping doodle critter from Scribblins. Four bodies. One friendly cartoon. One clock. Minted on Base.,960.gif,Butter,Frog,Grin,Headphones,None,None
961,Scribblin #961,A looping doodle critter from Scribblins. Four bodies. One friendly cartoon. One clock. Minted on Base.,961.gif,Butter,Bunny,Wink,Headphones,None,None
962,Scribblin #962,A looping doodle critter from Scribblins. Four bodies. One friendly cartoon. One clock. Minted on Base.,962.gif,Cream,Pup,Heart,Bow,None,None
963,Scribblin #963,A looping doodle critter from Scribblins. Four bodies. One friendly cartoon. One clock. Minted on Base.,963.gif,Cream,Frog,Blep,Bow,None,None
964,Scribblin #964,A looping doodle critter from Scribblins. Four bodies. One friendly cartoon. One clock. Minted on Base.,964.gif,Cream,Bunny,Normal,Leaf,None,None
965,Scribblin #965,A looping doodle critter from Scribblins. Four bodies. One friendly cartoon. One clock. Minted on Base.,965.gif,Cream,Bear,Wink,Beanie,Bandana,Star
966,Scribblin #966,A looping doodle critter from Scribblins. Four bodies. One friendly cartoon. One clock. Minted on Base.,966.gif,Clay,Bunny,Normal,None,Scarf,Heart
967,Scribblin #967,A looping doodle critter from Scribblins. Four bodies. One friendly cartoon. One clock. Minted on Base.,967.gif,Cream,Bear,Wink,Leaf,Bowtie,Pencil
968,Scribblin #968,A looping doodle critter from Scribblins. Four bodies. One friendly cartoon. One clock. Minted on Base.,968.gif,Sky,Frog,Sleepy,None,Scarf,Pencil
969,Scribblin #969,A looping doodle critter from Scribblins. Four bodies. One friendly cartoon. One clock. Minted on Base.,969.gif,Butter,Bear,Sparkly,Flower,Bandana,Heart
970,Scribblin #970,A looping doodle critter from Scribblins. Four bodies. One friendly cartoon. One clock. Minted on Base.,970.gif,Clay,Bunny,Wink,Cap,None,None
971,Scribblin #971,A looping doodle critter from Scribblins. Four bodies. One friendly cartoon. One clock. Minted on Base.,971.gif,Clay,Pup,Grin,Leaf,None,Balloon
972,Scribblin #972,A looping doodle critter from Scribblins. Four bodies. One friendly cartoon. One clock. Minted on Base.,972.gif,Clay,Bear,Heart,Beanie,Bowtie,None
973,Scribblin #973,A looping doodle critter from Scribblins. Four bodies. One friendly cartoon. One clock. Minted on Base.,973.gif,Cream,Frog,Sleepy,None,None,None
974,Scribblin #974,A looping doodle critter from Scribblins. Four bodies. One friendly cartoon. One clock. Minted on Base.,974.gif,Cream,Pup,Grin,Leaf,Bowtie,None
975,Scribblin #975,A looping doodle critter from Scribblins. Four bodies. One friendly cartoon. One clock. Minted on Base.,975.gif,Cream,Bunny,Normal,None,None,Star
976,Scribblin #976,A looping doodle critter from Scribblins. Four bodies. One friendly cartoon. One clock. Minted on Base.,976.gif,Butter,Bear,Grin,None,Bowtie,Heart
977,Scribblin #977,A looping doodle critter from Scribblins. Four bodies. One friendly cartoon. One clock. Minted on Base.,977.gif,Butter,Bunny,Sleepy,Cap,None,Pencil
978,Scribblin #978,A looping doodle critter from Scribblins. Four bodies. One friendly cartoon. One clock. Minted on Base.,978.gif,Clay,Pup,Grin,None,Scarf,Star
979,Scribblin #979,A looping doodle critter from Scribblins. Four bodies. One friendly cartoon. One clock. Minted on Base.,979.gif,Sky,Pup,Sparkly,Leaf,None,None
980,Scribblin #980,A looping doodle critter from Scribblins. Four bodies. One friendly cartoon. One clock. Minted on Base.,980.gif,Clay,Bear,Sleepy,None,Bowtie,Balloon
981,Scribblin #981,A looping doodle critter from Scribblins. Four bodies. One friendly cartoon. One clock. Minted on Base.,981.gif,Cream,Frog,Normal,Flower,None,None
982,Scribblin #982,A looping doodle critter from Scribblins. Four bodies. One friendly cartoon. One clock. Minted on Base.,982.gif,Sky,Bunny,Normal,Beanie,Scarf,Star
983,Scribblin #983,A looping doodle critter from Scribblins. Four bodies. One friendly cartoon. One clock. Minted on Base.,983.gif,Cream,Bunny,Normal,Beanie,Bowtie,Star
984,Scribblin #984,A looping doodle critter from Scribblins. Four bodies. One friendly cartoon. One clock. Minted on Base.,984.gif,Cream,Bear,Sleepy,Bow,None,None
985,Scribblin #985,A looping doodle critter from Scribblins. Four bodies. One friendly cartoon. One clock. Minted on Base.,985.gif,Clay,Pup,Normal,Leaf,None,Balloon
986,Scribblin #986,A looping doodle critter from Scribblins. Four bodies. One friendly cartoon. One clock. Minted on Base.,986.gif,Butter,Bunny,Blep,Bow,Bandana,None
987,Scribblin #987,A looping doodle critter from Scribblins. Four bodies. One friendly cartoon. One clock. Minted on Base.,987.gif,Clay,Bear,Wink,Leaf,Scarf,None
988,Scribblin #988,A looping doodle critter from Scribblins. Four bodies. One friendly cartoon. One clock. Minted on Base.,988.gif,Butter,Bear,Grin,Beanie,Bandana,Heart
989,Scribblin #989,A looping doodle critter from Scribblins. Four bodies. One friendly cartoon. One clock. Minted on Base.,989.gif,Sky,Frog,Normal,Bow,Scarf,Heart
990,Scribblin #990,A looping doodle critter from Scribblins. Four bodies. One friendly cartoon. One clock. Minted on Base.,990.gif,Butter,Pup,Wink,Cap,None,None
991,Scribblin #991,A looping doodle critter from Scribblins. Four bodies. One friendly cartoon. One clock. Minted on Base.,991.gif,Sky,Frog,Sleepy,Flower,Bowtie,Heart
992,Scribblin #992,A looping doodle critter from Scribblins. Four bodies. One friendly cartoon. One clock. Minted on Base.,992.gif,Cream,Pup,Sleepy,None,None,Pencil
993,Scribblin #993,A looping doodle critter from Scribblins. Four bodies. One friendly cartoon. One clock. Minted on Base.,993.gif,Clay,Bunny,Wink,Leaf,None,Star
994,Scribblin #994,A looping doodle critter from Scribblins. Four bodies. One friendly cartoon. One clock. Minted on Base.,994.gif,Butter,Pup,Sparkly,Bow,None,Balloon
995,Scribblin #995,A looping doodle critter from Scribblins. Four bodies. One friendly cartoon. One clock. Minted on Base.,995.gif,Sky,Bunny,Sleepy,Cap,None,Balloon
996,Scribblin #996,A looping doodle critter from Scribblins. Four bodies. One friendly cartoon. One clock. Minted on Base.,996.gif,Cream,Bear,Wink,Cap,Scarf,Star
997,Scribblin #997,A looping doodle critter from Scribblins. Four bodies. One friendly cartoon. One clock. Minted on Base.,997.gif,Sky,Bear,Grin,Cap,None,Balloon
998,Scribblin #998,A looping doodle critter from Scribblins. Four bodies. One friendly cartoon. One clock. Minted on Base.,998.gif,Cream,Pup,Sleepy,None,Bandana,Star
999,Scribblin #999,A looping doodle critter from Scribblins. Four bodies. One friendly cartoon. One clock. Minted on Base.,999.gif,Cream,Frog,Grin,None,Bowtie,Balloon
1000,Scribblin #1000,A looping doodle critter from Scribblins. Four bodies. One friendly cartoon. One clock. Minted on Base.,1000.gif,Cream,Bunny,Sleepy,Flower,Bandana,Heart
1001,Scribblin #1001,A looping doodle critter from Scribblins. Four bodies. One friendly cartoon. One clock. Minted on Base.,1001.gif,Cream,Pup,Grin,Beanie,None,None
1002,Scribblin #1002,A looping doodle critter from Scribblins. Four bodies. One friendly cartoon. One clock. Minted on Base.,1002.gif,Cream,Bear,Pout,Cap,None,None
1003,Scribblin #1003,A looping doodle critter from Scribblins. Four bodies. One friendly cartoon. One clock. Minted on Base.,1003.gif,Sky,Bunny,Sparkly,Cap,Scarf,Heart
1004,Scribblin #1004,A looping doodle critter from Scribblins. Four bodies. One friendly cartoon. One clock. Minted on Base.,1004.gif,Cream,Frog,Normal,None,Scarf,None
1005,Scribblin #1005,A looping doodle critter from Scribblins. Four bodies. One friendly cartoon. One clock. Minted on Base.,1005.gif,Clay,Pup,Blep,Cap,Scarf,None
1006,Scribblin #1006,A looping doodle critter from Scribblins. Four bodies. One friendly cartoon. One clock. Minted on Base.,1006.gif,Cream,Pup,Grin,Flower,Bandana,Star
1007,Scribblin #1007,A looping doodle critter from Scribblins. Four bodies. One friendly cartoon. One clock. Minted on Base.,1007.gif,Sky,Bunny,Sleepy,None,None,Pencil
1008,Scribblin #1008,A looping doodle critter from Scribblins. Four bodies. One friendly cartoon. One clock. Minted on Base.,1008.gif,Sky,Bunny,Grin,Headphones,Bandana,None
1009,Scribblin #1009,A looping doodle critter from Scribblins. Four bodies. One friendly cartoon. One clock. Minted on Base.,1009.gif,Sky,Bunny,Wink,Beanie,Scarf,Star
1010,Scribblin #1010,A looping doodle critter from Scribblins. Four bodies. One friendly cartoon. One clock. Minted on Base.,1010.gif,Butter,Pup,Sparkly,Headphones,Bowtie,None
1011,Scribblin #1011,A looping doodle critter from Scribblins. Four bodies. One friendly cartoon. One clock. Minted on Base.,1011.gif,Cream,Pup,Sparkly,Leaf,None,Heart
1012,Scribblin #1012,A looping doodle critter from Scribblins. Four bodies. One friendly cartoon. One clock. Minted on Base.,1012.gif,Clay,Bunny,Grin,None,None,None
1013,Scribblin #1013,A looping doodle critter from Scribblins. Four bodies. One friendly cartoon. One clock. Minted on Base.,1013.gif,Sky,Bear,Grin,Bow,None,Balloon
1014,Scribblin #1014,A looping doodle critter from Scribblins. Four bodies. One friendly cartoon. One clock. Minted on Base.,1014.gif,Cream,Pup,Wink,Beanie,None,None
1015,Scribblin #1015,A looping doodle critter from Scribblins. Four bodies. One friendly cartoon. One clock. Minted on Base.,1015.gif,Sky,Bear,Wink,Headphones,None,Star
1016,Scribblin #1016,A looping doodle critter from Scribblins. Four bodies. One friendly cartoon. One clock. Minted on Base.,1016.gif,Sky,Bunny,Pout,Headphones,None,Heart
1017,Scribblin #1017,A looping doodle critter from Scribblins. Four bodies. One friendly cartoon. One clock. Minted on Base.,1017.gif,Cream,Pup,Normal,Flower,Scarf,None
1018,Scribblin #1018,A looping doodle critter from Scribblins. Four bodies. One friendly cartoon. One clock. Minted on Base.,1018.gif,Cream,Pup,Grin,Flower,Bandana,Pencil
1019,Scribblin #1019,A looping doodle critter from Scribblins. Four bodies. One friendly cartoon. One clock. Minted on Base.,1019.gif,Sky,Frog,Sleepy,Flower,Scarf,Heart
1020,Scribblin #1020,A looping doodle critter from Scribblins. Four bodies. One friendly cartoon. One clock. Minted on Base.,1020.gif,Butter,Pup,Heart,Cap,Bowtie,Star
1021,Scribblin #1021,A looping doodle critter from Scribblins. Four bodies. One friendly cartoon. One clock. Minted on Base.,1021.gif,Clay,Bear,Sleepy,Leaf,None,Balloon
1022,Scribblin #1022,A looping doodle critter from Scribblins. Four bodies. One friendly cartoon. One clock. Minted on Base.,1022.gif,Butter,Bunny,Normal,Headphones,Bandana,Heart
1023,Scribblin #1023,A looping doodle critter from Scribblins. Four bodies. One friendly cartoon. One clock. Minted on Base.,1023.gif,Clay,Bunny,Wink,None,None,Heart
1024,Scribblin #1024,A looping doodle critter from Scribblins. Four bodies. One friendly cartoon. One clock. Minted on Base.,1024.gif,Cream,Bunny,Normal,Leaf,None,Heart
1025,Scribblin #1025,A looping doodle critter from Scribblins. Four bodies. One friendly cartoon. One clock. Minted on Base.,1025.gif,Clay,Bear,Wink,Flower,None,Pencil
1026,Scribblin #1026,A looping doodle critter from Scribblins. Four bodies. One friendly cartoon. One clock. Minted on Base.,1026.gif,Butter,Frog,Normal,Beanie,Bandana,None
1027,Scribblin #1027,A looping doodle critter from Scribblins. Four bodies. One friendly cartoon. One clock. Minted on Base.,1027.gif,Sky,Pup,Grin,Beanie,None,Balloon
1028,Scribblin #1028,A looping doodle critter from Scribblins. Four bodies. One friendly cartoon. One clock. Minted on Base.,1028.gif,Butter,Bunny,Normal,Headphones,Scarf,None
1029,Scribblin #1029,A looping doodle critter from Scribblins. Four bodies. One friendly cartoon. One clock. Minted on Base.,1029.gif,Clay,Bunny,Wink,None,None,None
1030,Scribblin #1030,A looping doodle critter from Scribblins. Four bodies. One friendly cartoon. One clock. Minted on Base.,1030.gif,Sky,Pup,Grin,None,None,Star
1031,Scribblin #1031,A looping doodle critter from Scribblins. Four bodies. One friendly cartoon. One clock. Minted on Base.,1031.gif,Cream,Pup,Normal,Leaf,Scarf,None
1032,Scribblin #1032,A looping doodle critter from Scribblins. Four bodies. One friendly cartoon. One clock. Minted on Base.,1032.gif,Butter,Bunny,Sparkly,None,None,Star
1033,Scribblin #1033,A looping doodle critter from Scribblins. Four bodies. One friendly cartoon. One clock. Minted on Base.,1033.gif,Sky,Bear,Blep,Headphones,Bowtie,None
1034,Scribblin #1034,A looping doodle critter from Scribblins. Four bodies. One friendly cartoon. One clock. Minted on Base.,1034.gif,Butter,Bunny,Sparkly,Bow,None,None
1035,Scribblin #1035,A looping doodle critter from Scribblins. Four bodies. One friendly cartoon. One clock. Minted on Base.,1035.gif,Clay,Bear,Wink,Cap,Bowtie,None
1036,Scribblin #1036,A looping doodle critter from Scribblins. Four bodies. One friendly cartoon. One clock. Minted on Base.,1036.gif,Clay,Frog,Grin,Headphones,Scarf,None
1037,Scribblin #1037,A looping doodle critter from Scribblins. Four bodies. One friendly cartoon. One clock. Minted on Base.,1037.gif,Clay,Pup,Sleepy,Beanie,None,Pencil
1038,Scribblin #1038,A looping doodle critter from Scribblins. Four bodies. One friendly cartoon. One clock. Minted on Base.,1038.gif,Clay,Bear,Normal,Flower,Scarf,Pencil
1039,Scribblin #1039,A looping doodle critter from Scribblins. Four bodies. One friendly cartoon. One clock. Minted on Base.,1039.gif,Clay,Bunny,Sparkly,Bow,Scarf,Star
1040,Scribblin #1040,A looping doodle critter from Scribblins. Four bodies. One friendly cartoon. One clock. Minted on Base.,1040.gif,Sky,Bunny,Normal,Beanie,Bowtie,Star
1041,Scribblin #1041,A looping doodle critter from Scribblins. Four bodies. One friendly cartoon. One clock. Minted on Base.,1041.gif,Butter,Pup,Wink,Bow,Bandana,Star
1042,Scribblin #1042,A looping doodle critter from Scribblins. Four bodies. One friendly cartoon. One clock. Minted on Base.,1042.gif,Sky,Bunny,Normal,None,Bowtie,None
1043,Scribblin #1043,A looping doodle critter from Scribblins. Four bodies. One friendly cartoon. One clock. Minted on Base.,1043.gif,Sky,Bunny,Sparkly,Headphones,Scarf,None
1044,Scribblin #1044,A looping doodle critter from Scribblins. Four bodies. One friendly cartoon. One clock. Minted on Base.,1044.gif,Clay,Bunny,Sleepy,Beanie,Scarf,Star
1045,Scribblin #1045,A looping doodle critter from Scribblins. Four bodies. One friendly cartoon. One clock. Minted on Base.,1045.gif,Sky,Bear,Normal,Flower,Bowtie,Star
1046,Scribblin #1046,A looping doodle critter from Scribblins. Four bodies. One friendly cartoon. One clock. Minted on Base.,1046.gif,Clay,Bear,Sleepy,None,Bandana,Pencil
1047,Scribblin #1047,A looping doodle critter from Scribblins. Four bodies. One friendly cartoon. One clock. Minted on Base.,1047.gif,Cream,Pup,Wink,Headphones,None,Heart
1048,Scribblin #1048,A looping doodle critter from Scribblins. Four bodies. One friendly cartoon. One clock. Minted on Base.,1048.gif,Sky,Bear,Sleepy,None,None,None
1049,Scribblin #1049,A looping doodle critter from Scribblins. Four bodies. One friendly cartoon. One clock. Minted on Base.,1049.gif,Clay,Bunny,Wink,None,None,Pencil
1050,Scribblin #1050,A looping doodle critter from Scribblins. Four bodies. One friendly cartoon. One clock. Minted on Base.,1050.gif,Cream,Bear,Normal,Beanie,Scarf,Star
1051,Scribblin #1051,A looping doodle critter from Scribblins. Four bodies. One friendly cartoon. One clock. Minted on Base.,1051.gif,Cream,Bunny,Blep,None,Scarf,Pencil
1052,Scribblin #1052,A looping doodle critter from Scribblins. Four bodies. One friendly cartoon. One clock. Minted on Base.,1052.gif,Sky,Bear,Wink,Leaf,None,Star
1053,Scribblin #1053,A looping doodle critter from Scribblins. Four bodies. One friendly cartoon. One clock. Minted on Base.,1053.gif,Cream,Bunny,Sleepy,Headphones,Bandana,None
1054,Scribblin #1054,A looping doodle critter from Scribblins. Four bodies. One friendly cartoon. One clock. Minted on Base.,1054.gif,Clay,Bunny,Pout,Headphones,None,None
1055,Scribblin #1055,A looping doodle critter from Scribblins. Four bodies. One friendly cartoon. One clock. Minted on Base.,1055.gif,Clay,Pup,Normal,Flower,Scarf,Balloon
1056,Scribblin #1056,A looping doodle critter from Scribblins. Four bodies. One friendly cartoon. One clock. Minted on Base.,1056.gif,Cream,Pup,Sparkly,Leaf,Scarf,Pencil
1057,Scribblin #1057,A looping doodle critter from Scribblins. Four bodies. One friendly cartoon. One clock. Minted on Base.,1057.gif,Sky,Bear,Heart,Flower,Bandana,Balloon
1058,Scribblin #1058,A looping doodle critter from Scribblins. Four bodies. One friendly cartoon. One clock. Minted on Base.,1058.gif,Clay,Bear,Sleepy,Beanie,None,Star
1059,Scribblin #1059,A looping doodle critter from Scribblins. Four bodies. One friendly cartoon. One clock. Minted on Base.,1059.gif,Cream,Bunny,Sleepy,Beanie,Bowtie,Pencil
1060,Scribblin #1060,A looping doodle critter from Scribblins. Four bodies. One friendly cartoon. One clock. Minted on Base.,1060.gif,Butter,Bear,Wink,Beanie,Bandana,Star
1061,Scribblin #1061,A looping doodle critter from Scribblins. Four bodies. One friendly cartoon. One clock. Minted on Base.,1061.gif,Cream,Frog,Heart,None,None,None
1062,Scribblin #1062,A looping doodle critter from Scribblins. Four bodies. One friendly cartoon. One clock. Minted on Base.,1062.gif,Cream,Bear,Blep,Headphones,Bowtie,None
1063,Scribblin #1063,A looping doodle critter from Scribblins. Four bodies. One friendly cartoon. One clock. Minted on Base.,1063.gif,Sky,Pup,Wink,Leaf,Scarf,Heart
1064,Scribblin #1064,A looping doodle critter from Scribblins. Four bodies. One friendly cartoon. One clock. Minted on Base.,1064.gif,Sky,Bear,Heart,Bow,None,Pencil
1065,Scribblin #1065,A looping doodle critter from Scribblins. Four bodies. One friendly cartoon. One clock. Minted on Base.,1065.gif,Clay,Bunny,Blep,None,Bandana,Balloon
1066,Scribblin #1066,A looping doodle critter from Scribblins. Four bodies. One friendly cartoon. One clock. Minted on Base.,1066.gif,Cream,Bear,Normal,Cap,Bowtie,None
1067,Scribblin #1067,A looping doodle critter from Scribblins. Four bodies. One friendly cartoon. One clock. Minted on Base.,1067.gif,Clay,Frog,Pout,Leaf,Scarf,Star
1068,Scribblin #1068,A looping doodle critter from Scribblins. Four bodies. One friendly cartoon. One clock. Minted on Base.,1068.gif,Clay,Bunny,Normal,None,None,Pencil
1069,Scribblin #1069,A looping doodle critter from Scribblins. Four bodies. One friendly cartoon. One clock. Minted on Base.,1069.gif,Butter,Pup,Normal,None,None,None
1070,Scribblin #1070,A looping doodle critter from Scribblins. Four bodies. One friendly cartoon. One clock. Minted on Base.,1070.gif,Butter,Bear,Blep,None,Bowtie,None
1071,Scribblin #1071,A looping doodle critter from Scribblins. Four bodies. One friendly cartoon. One clock. Minted on Base.,1071.gif,Butter,Bunny,Wink,Flower,Bandana,Pencil
1072,Scribblin #1072,A looping doodle critter from Scribblins. Four bodies. One friendly cartoon. One clock. Minted on Base.,1072.gif,Clay,Bear,Sparkly,Flower,None,Star
1073,Scribblin #1073,A looping doodle critter from Scribblins. Four bodies. One friendly cartoon. One clock. Minted on Base.,1073.gif,Butter,Bunny,Sleepy,Flower,Scarf,Pencil
1074,Scribblin #1074,A looping doodle critter from Scribblins. Four bodies. One friendly cartoon. One clock. Minted on Base.,1074.gif,Butter,Bunny,Heart,Leaf,None,Heart
1075,Scribblin #1075,A looping doodle critter from Scribblins. Four bodies. One friendly cartoon. One clock. Minted on Base.,1075.gif,Clay,Bunny,Sparkly,Flower,Bandana,Star
1076,Scribblin #1076,A looping doodle critter from Scribblins. Four bodies. One friendly cartoon. One clock. Minted on Base.,1076.gif,Sky,Frog,Sleepy,Cap,None,None
1077,Scribblin #1077,A looping doodle critter from Scribblins. Four bodies. One friendly cartoon. One clock. Minted on Base.,1077.gif,Cream,Bear,Heart,Leaf,Bowtie,Balloon
1078,Scribblin #1078,A looping doodle critter from Scribblins. Four bodies. One friendly cartoon. One clock. Minted on Base.,1078.gif,Clay,Frog,Grin,Headphones,None,Heart
1079,Scribblin #1079,A looping doodle critter from Scribblins. Four bodies. One friendly cartoon. One clock. Minted on Base.,1079.gif,Clay,Pup,Sparkly,Flower,Bowtie,Star
1080,Scribblin #1080,A looping doodle critter from Scribblins. Four bodies. One friendly cartoon. One clock. Minted on Base.,1080.gif,Cream,Pup,Wink,Beanie,Scarf,None
1081,Scribblin #1081,A looping doodle critter from Scribblins. Four bodies. One friendly cartoon. One clock. Minted on Base.,1081.gif,Cream,Bunny,Blep,None,Scarf,None
1082,Scribblin #1082,A looping doodle critter from Scribblins. Four bodies. One friendly cartoon. One clock. Minted on Base.,1082.gif,Cream,Bunny,Pout,Cap,Scarf,None
1083,Scribblin #1083,A looping doodle critter from Scribblins. Four bodies. One friendly cartoon. One clock. Minted on Base.,1083.gif,Clay,Frog,Sleepy,Bow,Bowtie,Star
1084,Scribblin #1084,A looping doodle critter from Scribblins. Four bodies. One friendly cartoon. One clock. Minted on Base.,1084.gif,Sky,Frog,Normal,Cap,Scarf,Star
1085,Scribblin #1085,A looping doodle critter from Scribblins. Four bodies. One friendly cartoon. One clock. Minted on Base.,1085.gif,Cream,Bunny,Grin,None,Scarf,None
1086,Scribblin #1086,A looping doodle critter from Scribblins. Four bodies. One friendly cartoon. One clock. Minted on Base.,1086.gif,Sky,Bunny,Sparkly,Beanie,Bowtie,None
1087,Scribblin #1087,A looping doodle critter from Scribblins. Four bodies. One friendly cartoon. One clock. Minted on Base.,1087.gif,Clay,Bunny,Pout,Headphones,None,Star
1088,Scribblin #1088,A looping doodle critter from Scribblins. Four bodies. One friendly cartoon. One clock. Minted on Base.,1088.gif,Sky,Pup,Sleepy,Headphones,None,Heart
1089,Scribblin #1089,A looping doodle critter from Scribblins. Four bodies. One friendly cartoon. One clock. Minted on Base.,1089.gif,Clay,Frog,Wink,Beanie,Scarf,Pencil
1090,Scribblin #1090,A looping doodle critter from Scribblins. Four bodies. One friendly cartoon. One clock. Minted on Base.,1090.gif,Cream,Pup,Blep,Leaf,Bowtie,Pencil
1091,Scribblin #1091,A looping doodle critter from Scribblins. Four bodies. One friendly cartoon. One clock. Minted on Base.,1091.gif,Cream,Bunny,Wink,Bow,Scarf,Pencil
1092,Scribblin #1092,A looping doodle critter from Scribblins. Four bodies. One friendly cartoon. One clock. Minted on Base.,1092.gif,Sky,Pup,Pout,Leaf,None,None
1093,Scribblin #1093,A looping doodle critter from Scribblins. Four bodies. One friendly cartoon. One clock. Minted on Base.,1093.gif,Cream,Pup,Heart,Bow,None,Balloon
1094,Scribblin #1094,A looping doodle critter from Scribblins. Four bodies. One friendly cartoon. One clock. Minted on Base.,1094.gif,Clay,Bunny,Sleepy,Leaf,None,Heart
1095,Scribblin #1095,A looping doodle critter from Scribblins. Four bodies. One friendly cartoon. One clock. Minted on Base.,1095.gif,Sky,Bunny,Grin,Headphones,Scarf,Balloon
1096,Scribblin #1096,A looping doodle critter from Scribblins. Four bodies. One friendly cartoon. One clock. Minted on Base.,1096.gif,Sky,Bunny,Normal,Leaf,Bandana,Balloon
1097,Scribblin #1097,A looping doodle critter from Scribblins. Four bodies. One friendly cartoon. One clock. Minted on Base.,1097.gif,Sky,Bear,Grin,Leaf,None,None
1098,Scribblin #1098,A looping doodle critter from Scribblins. Four bodies. One friendly cartoon. One clock. Minted on Base.,1098.gif,Cream,Bunny,Normal,Headphones,None,Star
1099,Scribblin #1099,A looping doodle critter from Scribblins. Four bodies. One friendly cartoon. One clock. Minted on Base.,1099.gif,Cream,Bunny,Sleepy,Flower,Bandana,None
1100,Scribblin #1100,A looping doodle critter from Scribblins. Four bodies. One friendly cartoon. One clock. Minted on Base.,1100.gif,Cream,Bunny,Heart,None,None,Heart
1101,Scribblin #1101,A looping doodle critter from Scribblins. Four bodies. One friendly cartoon. One clock. Minted on Base.,1101.gif,Clay,Pup,Normal,None,Bowtie,None
1102,Scribblin #1102,A looping doodle critter from Scribblins. Four bodies. One friendly cartoon. One clock. Minted on Base.,1102.gif,Cream,Pup,Wink,None,Scarf,Balloon
1103,Scribblin #1103,A looping doodle critter from Scribblins. Four bodies. One friendly cartoon. One clock. Minted on Base.,1103.gif,Cream,Bear,Normal,None,Bowtie,Star
1104,Scribblin #1104,A looping doodle critter from Scribblins. Four bodies. One friendly cartoon. One clock. Minted on Base.,1104.gif,Butter,Bear,Grin,None,Bandana,None
1105,Scribblin #1105,A looping doodle critter from Scribblins. Four bodies. One friendly cartoon. One clock. Minted on Base.,1105.gif,Sky,Bunny,Grin,None,Bandana,None
1106,Scribblin #1106,A looping doodle critter from Scribblins. Four bodies. One friendly cartoon. One clock. Minted on Base.,1106.gif,Sky,Frog,Blep,Leaf,Bowtie,None
1107,Scribblin #1107,A looping doodle critter from Scribblins. Four bodies. One friendly cartoon. One clock. Minted on Base.,1107.gif,Cream,Bunny,Normal,Cap,Bowtie,Balloon
1108,Scribblin #1108,A looping doodle critter from Scribblins. Four bodies. One friendly cartoon. One clock. Minted on Base.,1108.gif,Sky,Pup,Pout,Cap,None,Pencil
1109,Scribblin #1109,A looping doodle critter from Scribblins. Four bodies. One friendly cartoon. One clock. Minted on Base.,1109.gif,Clay,Bear,Blep,Bow,Bowtie,None
1110,Scribblin #1110,A looping doodle critter from Scribblins. Four bodies. One friendly cartoon. One clock. Minted on Base.,1110.gif,Cream,Bunny,Wink,Headphones,None,Heart
1111,Scribblin #1111,A looping doodle critter from Scribblins. Four bodies. One friendly cartoon. One clock. Minted on Base.,1111.gif,Cream,Frog,Sparkly,Flower,None,None
1112,Scribblin #1112,A looping doodle critter from Scribblins. Four bodies. One friendly cartoon. One clock. Minted on Base.,1112.gif,Butter,Pup,Normal,Cap,None,Star
1113,Scribblin #1113,A looping doodle critter from Scribblins. Four bodies. One friendly cartoon. One clock. Minted on Base.,1113.gif,Clay,Bear,Grin,None,Scarf,None
1114,Scribblin #1114,A looping doodle critter from Scribblins. Four bodies. One friendly cartoon. One clock. Minted on Base.,1114.gif,Butter,Bunny,Normal,Cap,None,Star
1115,Scribblin #1115,A looping doodle critter from Scribblins. Four bodies. One friendly cartoon. One clock. Minted on Base.,1115.gif,Butter,Bunny,Grin,Bow,Bowtie,Balloon
1116,Scribblin #1116,A looping doodle critter from Scribblins. Four bodies. One friendly cartoon. One clock. Minted on Base.,1116.gif,Sky,Bunny,Normal,Headphones,None,None
1117,Scribblin #1117,A looping doodle critter from Scribblins. Four bodies. One friendly cartoon. One clock. Minted on Base.,1117.gif,Clay,Frog,Blep,None,None,Pencil
1118,Scribblin #1118,A looping doodle critter from Scribblins. Four bodies. One friendly cartoon. One clock. Minted on Base.,1118.gif,Sky,Frog,Grin,Cap,None,Star
1119,Scribblin #1119,A looping doodle critter from Scribblins. Four bodies. One friendly cartoon. One clock. Minted on Base.,1119.gif,Sky,Pup,Sleepy,None,None,Star
1120,Scribblin #1120,A looping doodle critter from Scribblins. Four bodies. One friendly cartoon. One clock. Minted on Base.,1120.gif,Clay,Bear,Sleepy,Bow,None,Star
1121,Scribblin #1121,A looping doodle critter from Scribblins. Four bodies. One friendly cartoon. One clock. Minted on Base.,1121.gif,Sky,Bunny,Sleepy,Flower,Scarf,Star
1122,Scribblin #1122,A looping doodle critter from Scribblins. Four bodies. One friendly cartoon. One clock. Minted on Base.,1122.gif,Cream,Frog,Sparkly,Cap,None,Balloon
1123,Scribblin #1123,A looping doodle critter from Scribblins. Four bodies. One friendly cartoon. One clock. Minted on Base.,1123.gif,Sky,Bunny,Sleepy,Leaf,None,Heart
1124,Scribblin #1124,A looping doodle critter from Scribblins. Four bodies. One friendly cartoon. One clock. Minted on Base.,1124.gif,Clay,Bunny,Sparkly,Beanie,Bowtie,Balloon
1125,Scribblin #1125,A looping doodle critter from Scribblins. Four bodies. One friendly cartoon. One clock. Minted on Base.,1125.gif,Cream,Bear,Blep,Leaf,None,Balloon
1126,Scribblin #1126,A looping doodle critter from Scribblins. Four bodies. One friendly cartoon. One clock. Minted on Base.,1126.gif,Clay,Frog,Sparkly,Leaf,Scarf,Pencil
1127,Scribblin #1127,A looping doodle critter from Scribblins. Four bodies. One friendly cartoon. One clock. Minted on Base.,1127.gif,Clay,Bear,Sleepy,Leaf,Bowtie,Star
1128,Scribblin #1128,A looping doodle critter from Scribblins. Four bodies. One friendly cartoon. One clock. Minted on Base.,1128.gif,Clay,Frog,Normal,Leaf,None,None
1129,Scribblin #1129,A looping doodle critter from Scribblins. Four bodies. One friendly cartoon. One clock. Minted on Base.,1129.gif,Cream,Bunny,Grin,None,Bandana,None
1130,Scribblin #1130,A looping doodle critter from Scribblins. Four bodies. One friendly cartoon. One clock. Minted on Base.,1130.gif,Sky,Bunny,Normal,Cap,Scarf,Pencil
1131,Scribblin #1131,A looping doodle critter from Scribblins. Four bodies. One friendly cartoon. One clock. Minted on Base.,1131.gif,Cream,Frog,Pout,Cap,Scarf,Balloon
1132,Scribblin #1132,A looping doodle critter from Scribblins. Four bodies. One friendly cartoon. One clock. Minted on Base.,1132.gif,Sky,Bear,Normal,None,Scarf,None
1133,Scribblin #1133,A looping doodle critter from Scribblins. Four bodies. One friendly cartoon. One clock. Minted on Base.,1133.gif,Clay,Bunny,Sparkly,Bow,None,None
1134,Scribblin #1134,A looping doodle critter from Scribblins. Four bodies. One friendly cartoon. One clock. Minted on Base.,1134.gif,Clay,Bunny,Sleepy,Headphones,None,None
1135,Scribblin #1135,A looping doodle critter from Scribblins. Four bodies. One friendly cartoon. One clock. Minted on Base.,1135.gif,Butter,Pup,Normal,None,Bandana,Balloon
1136,Scribblin #1136,A looping doodle critter from Scribblins. Four bodies. One friendly cartoon. One clock. Minted on Base.,1136.gif,Sky,Bunny,Pout,Beanie,Bandana,None
1137,Scribblin #1137,A looping doodle critter from Scribblins. Four bodies. One friendly cartoon. One clock. Minted on Base.,1137.gif,Sky,Bunny,Sleepy,Bow,None,None
1138,Scribblin #1138,A looping doodle critter from Scribblins. Four bodies. One friendly cartoon. One clock. Minted on Base.,1138.gif,Sky,Bear,Heart,Leaf,None,Balloon
1139,Scribblin #1139,A looping doodle critter from Scribblins. Four bodies. One friendly cartoon. One clock. Minted on Base.,1139.gif,Sky,Bear,Pout,Bow,Bowtie,None
1140,Scribblin #1140,A looping doodle critter from Scribblins. Four bodies. One friendly cartoon. One clock. Minted on Base.,1140.gif,Sky,Bear,Blep,Bow,Scarf,Pencil
1141,Scribblin #1141,A looping doodle critter from Scribblins. Four bodies. One friendly cartoon. One clock. Minted on Base.,1141.gif,Butter,Bunny,Wink,None,None,Pencil
1142,Scribblin #1142,A looping doodle critter from Scribblins. Four bodies. One friendly cartoon. One clock. Minted on Base.,1142.gif,Clay,Bear,Grin,Beanie,None,Pencil
1143,Scribblin #1143,A looping doodle critter from Scribblins. Four bodies. One friendly cartoon. One clock. Minted on Base.,1143.gif,Cream,Frog,Sparkly,None,Scarf,Balloon
1144,Scribblin #1144,A looping doodle critter from Scribblins. Four bodies. One friendly cartoon. One clock. Minted on Base.,1144.gif,Butter,Bear,Heart,Headphones,Bowtie,Heart
1145,Scribblin #1145,A looping doodle critter from Scribblins. Four bodies. One friendly cartoon. One clock. Minted on Base.,1145.gif,Sky,Bunny,Blep,Bow,Bowtie,None
1146,Scribblin #1146,A looping doodle critter from Scribblins. Four bodies. One friendly cartoon. One clock. Minted on Base.,1146.gif,Cream,Bear,Normal,Flower,Bowtie,Balloon
1147,Scribblin #1147,A looping doodle critter from Scribblins. Four bodies. One friendly cartoon. One clock. Minted on Base.,1147.gif,Butter,Bunny,Grin,None,None,None
1148,Scribblin #1148,A looping doodle critter from Scribblins. Four bodies. One friendly cartoon. One clock. Minted on Base.,1148.gif,Clay,Bear,Grin,Leaf,None,None
1149,Scribblin #1149,A looping doodle critter from Scribblins. Four bodies. One friendly cartoon. One clock. Minted on Base.,1149.gif,Sky,Pup,Normal,Cap,Bandana,None
1150,Scribblin #1150,A looping doodle critter from Scribblins. Four bodies. One friendly cartoon. One clock. Minted on Base.,1150.gif,Butter,Bunny,Grin,Bow,None,None
1151,Scribblin #1151,A looping doodle critter from Scribblins. Four bodies. One friendly cartoon. One clock. Minted on Base.,1151.gif,Sky,Bunny,Sleepy,None,None,Balloon
1152,Scribblin #1152,A looping doodle critter from Scribblins. Four bodies. One friendly cartoon. One clock. Minted on Base.,1152.gif,Cream,Bear,Heart,Cap,Bandana,None
1153,Scribblin #1153,A looping doodle critter from Scribblins. Four bodies. One friendly cartoon. One clock. Minted on Base.,1153.gif,Butter,Bear,Blep,Beanie,Bandana,None
1154,Scribblin #1154,A looping doodle critter from Scribblins. Four bodies. One friendly cartoon. One clock. Minted on Base.,1154.gif,Sky,Bear,Blep,Beanie,None,None
1155,Scribblin #1155,A looping doodle critter from Scribblins. Four bodies. One friendly cartoon. One clock. Minted on Base.,1155.gif,Butter,Bunny,Blep,Beanie,None,None
1156,Scribblin #1156,A looping doodle critter from Scribblins. Four bodies. One friendly cartoon. One clock. Minted on Base.,1156.gif,Sky,Pup,Grin,Headphones,None,Pencil
1157,Scribblin #1157,A looping doodle critter from Scribblins. Four bodies. One friendly cartoon. One clock. Minted on Base.,1157.gif,Cream,Frog,Sparkly,Flower,None,Star
1158,Scribblin #1158,A looping doodle critter from Scribblins. Four bodies. One friendly cartoon. One clock. Minted on Base.,1158.gif,Clay,Frog,Normal,Bow,Scarf,Balloon
1159,Scribblin #1159,A looping doodle critter from Scribblins. Four bodies. One friendly cartoon. One clock. Minted on Base.,1159.gif,Cream,Pup,Sleepy,Cap,None,None
1160,Scribblin #1160,A looping doodle critter from Scribblins. Four bodies. One friendly cartoon. One clock. Minted on Base.,1160.gif,Butter,Bear,Heart,Leaf,Scarf,None
1161,Scribblin #1161,A looping doodle critter from Scribblins. Four bodies. One friendly cartoon. One clock. Minted on Base.,1161.gif,Sky,Bear,Sleepy,Beanie,Bandana,None
1162,Scribblin #1162,A looping doodle critter from Scribblins. Four bodies. One friendly cartoon. One clock. Minted on Base.,1162.gif,Sky,Pup,Blep,Headphones,Bandana,Star
1163,Scribblin #1163,A looping doodle critter from Scribblins. Four bodies. One friendly cartoon. One clock. Minted on Base.,1163.gif,Clay,Bunny,Sparkly,Beanie,Bandana,Heart
1164,Scribblin #1164,A looping doodle critter from Scribblins. Four bodies. One friendly cartoon. One clock. Minted on Base.,1164.gif,Cream,Bunny,Sparkly,Bow,None,Balloon
1165,Scribblin #1165,A looping doodle critter from Scribblins. Four bodies. One friendly cartoon. One clock. Minted on Base.,1165.gif,Cream,Bunny,Sleepy,Beanie,Bowtie,Balloon
1166,Scribblin #1166,A looping doodle critter from Scribblins. Four bodies. One friendly cartoon. One clock. Minted on Base.,1166.gif,Clay,Pup,Sparkly,Cap,Bandana,None
1167,Scribblin #1167,A looping doodle critter from Scribblins. Four bodies. One friendly cartoon. One clock. Minted on Base.,1167.gif,Cream,Pup,Sleepy,Headphones,Scarf,Star
1168,Scribblin #1168,A looping doodle critter from Scribblins. Four bodies. One friendly cartoon. One clock. Minted on Base.,1168.gif,Clay,Bear,Normal,Headphones,None,Heart
1169,Scribblin #1169,A looping doodle critter from Scribblins. Four bodies. One friendly cartoon. One clock. Minted on Base.,1169.gif,Sky,Bunny,Heart,None,Scarf,None
1170,Scribblin #1170,A looping doodle critter from Scribblins. Four bodies. One friendly cartoon. One clock. Minted on Base.,1170.gif,Clay,Bear,Grin,Bow,None,Pencil
1171,Scribblin #1171,A looping doodle critter from Scribblins. Four bodies. One friendly cartoon. One clock. Minted on Base.,1171.gif,Clay,Bunny,Heart,Flower,None,Pencil
1172,Scribblin #1172,A looping doodle critter from Scribblins. Four bodies. One friendly cartoon. One clock. Minted on Base.,1172.gif,Clay,Pup,Grin,Beanie,Scarf,Pencil
1173,Scribblin #1173,A looping doodle critter from Scribblins. Four bodies. One friendly cartoon. One clock. Minted on Base.,1173.gif,Clay,Bear,Normal,Leaf,Bandana,None
1174,Scribblin #1174,A looping doodle critter from Scribblins. Four bodies. One friendly cartoon. One clock. Minted on Base.,1174.gif,Sky,Bunny,Blep,None,Bandana,None
1175,Scribblin #1175,A looping doodle critter from Scribblins. Four bodies. One friendly cartoon. One clock. Minted on Base.,1175.gif,Cream,Bear,Pout,None,None,Heart
1176,Scribblin #1176,A looping doodle critter from Scribblins. Four bodies. One friendly cartoon. One clock. Minted on Base.,1176.gif,Sky,Bunny,Blep,Flower,None,Star
1177,Scribblin #1177,A looping doodle critter from Scribblins. Four bodies. One friendly cartoon. One clock. Minted on Base.,1177.gif,Cream,Bear,Blep,Cap,Bowtie,Pencil
1178,Scribblin #1178,A looping doodle critter from Scribblins. Four bodies. One friendly cartoon. One clock. Minted on Base.,1178.gif,Cream,Bunny,Sparkly,Bow,None,Star
1179,Scribblin #1179,A looping doodle critter from Scribblins. Four bodies. One friendly cartoon. One clock. Minted on Base.,1179.gif,Clay,Bunny,Blep,Beanie,None,Heart
1180,Scribblin #1180,A looping doodle critter from Scribblins. Four bodies. One friendly cartoon. One clock. Minted on Base.,1180.gif,Cream,Bear,Blep,Flower,Scarf,Heart
1181,Scribblin #1181,A looping doodle critter from Scribblins. Four bodies. One friendly cartoon. One clock. Minted on Base.,1181.gif,Cream,Bunny,Wink,Beanie,None,None
1182,Scribblin #1182,A looping doodle critter from Scribblins. Four bodies. One friendly cartoon. One clock. Minted on Base.,1182.gif,Cream,Bear,Sparkly,Flower,Bandana,Heart
1183,Scribblin #1183,A looping doodle critter from Scribblins. Four bodies. One friendly cartoon. One clock. Minted on Base.,1183.gif,Butter,Bunny,Sparkly,Headphones,Scarf,Heart
1184,Scribblin #1184,A looping doodle critter from Scribblins. Four bodies. One friendly cartoon. One clock. Minted on Base.,1184.gif,Sky,Frog,Blep,Flower,None,None
1185,Scribblin #1185,A looping doodle critter from Scribblins. Four bodies. One friendly cartoon. One clock. Minted on Base.,1185.gif,Sky,Bear,Pout,Flower,Scarf,Star
1186,Scribblin #1186,A looping doodle critter from Scribblins. Four bodies. One friendly cartoon. One clock. Minted on Base.,1186.gif,Butter,Pup,Wink,Flower,None,Star
1187,Scribblin #1187,A looping doodle critter from Scribblins. Four bodies. One friendly cartoon. One clock. Minted on Base.,1187.gif,Sky,Pup,Wink,Bow,None,Balloon
1188,Scribblin #1188,A looping doodle critter from Scribblins. Four bodies. One friendly cartoon. One clock. Minted on Base.,1188.gif,Cream,Bear,Normal,Flower,None,None
1189,Scribblin #1189,A looping doodle critter from Scribblins. Four bodies. One friendly cartoon. One clock. Minted on Base.,1189.gif,Cream,Pup,Sleepy,Headphones,None,Balloon
1190,Scribblin #1190,A looping doodle critter from Scribblins. Four bodies. One friendly cartoon. One clock. Minted on Base.,1190.gif,Butter,Bunny,Grin,Flower,None,Balloon
1191,Scribblin #1191,A looping doodle critter from Scribblins. Four bodies. One friendly cartoon. One clock. Minted on Base.,1191.gif,Sky,Bunny,Sleepy,Headphones,Scarf,Star
1192,Scribblin #1192,A looping doodle critter from Scribblins. Four bodies. One friendly cartoon. One clock. Minted on Base.,1192.gif,Clay,Bunny,Wink,Leaf,None,None
1193,Scribblin #1193,A looping doodle critter from Scribblins. Four bodies. One friendly cartoon. One clock. Minted on Base.,1193.gif,Butter,Bear,Sparkly,Beanie,Scarf,None
1194,Scribblin #1194,A looping doodle critter from Scribblins. Four bodies. One friendly cartoon. One clock. Minted on Base.,1194.gif,Cream,Bunny,Sleepy,Bow,Bandana,None
1195,Scribblin #1195,A looping doodle critter from Scribblins. Four bodies. One friendly cartoon. One clock. Minted on Base.,1195.gif,Butter,Bunny,Sparkly,Flower,Scarf,None
1196,Scribblin #1196,A looping doodle critter from Scribblins. Four bodies. One friendly cartoon. One clock. Minted on Base.,1196.gif,Sky,Pup,Grin,Cap,Scarf,None
1197,Scribblin #1197,A looping doodle critter from Scribblins. Four bodies. One friendly cartoon. One clock. Minted on Base.,1197.gif,Cream,Bunny,Heart,Leaf,Scarf,Pencil
1198,Scribblin #1198,A looping doodle critter from Scribblins. Four bodies. One friendly cartoon. One clock. Minted on Base.,1198.gif,Cream,Bunny,Normal,Cap,Scarf,None
1199,Scribblin #1199,A looping doodle critter from Scribblins. Four bodies. One friendly cartoon. One clock. Minted on Base.,1199.gif,Cream,Frog,Grin,Flower,None,Heart
1200,Scribblin #1200,A looping doodle critter from Scribblins. Four bodies. One friendly cartoon. One clock. Minted on Base.,1200.gif,Cream,Bear,Heart,Headphones,None,Star
1201,Scribblin #1201,A looping doodle critter from Scribblins. Four bodies. One friendly cartoon. One clock. Minted on Base.,1201.gif,Clay,Pup,Normal,Cap,None,Balloon
1202,Scribblin #1202,A looping doodle critter from Scribblins. Four bodies. One friendly cartoon. One clock. Minted on Base.,1202.gif,Clay,Bunny,Grin,Beanie,None,Star
1203,Scribblin #1203,A looping doodle critter from Scribblins. Four bodies. One friendly cartoon. One clock. Minted on Base.,1203.gif,Sky,Bunny,Normal,Leaf,Bandana,Pencil
1204,Scribblin #1204,A looping doodle critter from Scribblins. Four bodies. One friendly cartoon. One clock. Minted on Base.,1204.gif,Cream,Pup,Grin,Leaf,Bandana,Heart
1205,Scribblin #1205,A looping doodle critter from Scribblins. Four bodies. One friendly cartoon. One clock. Minted on Base.,1205.gif,Butter,Bunny,Sparkly,None,Bowtie,None
1206,Scribblin #1206,A looping doodle critter from Scribblins. Four bodies. One friendly cartoon. One clock. Minted on Base.,1206.gif,Cream,Bunny,Sparkly,Beanie,None,Pencil
1207,Scribblin #1207,A looping doodle critter from Scribblins. Four bodies. One friendly cartoon. One clock. Minted on Base.,1207.gif,Butter,Pup,Wink,None,Scarf,None
1208,Scribblin #1208,A looping doodle critter from Scribblins. Four bodies. One friendly cartoon. One clock. Minted on Base.,1208.gif,Cream,Frog,Sleepy,Flower,Bandana,Star
1209,Scribblin #1209,A looping doodle critter from Scribblins. Four bodies. One friendly cartoon. One clock. Minted on Base.,1209.gif,Sky,Bunny,Sleepy,None,Scarf,None
1210,Scribblin #1210,A looping doodle critter from Scribblins. Four bodies. One friendly cartoon. One clock. Minted on Base.,1210.gif,Clay,Bear,Blep,Leaf,Scarf,None
1211,Scribblin #1211,A looping doodle critter from Scribblins. Four bodies. One friendly cartoon. One clock. Minted on Base.,1211.gif,Butter,Bear,Sparkly,Leaf,Bowtie,None
1212,Scribblin #1212,A looping doodle critter from Scribblins. Four bodies. One friendly cartoon. One clock. Minted on Base.,1212.gif,Sky,Pup,Grin,Beanie,Scarf,None
1213,Scribblin #1213,A looping doodle critter from Scribblins. Four bodies. One friendly cartoon. One clock. Minted on Base.,1213.gif,Clay,Bear,Pout,None,None,Heart
1214,Scribblin #1214,A looping doodle critter from Scribblins. Four bodies. One friendly cartoon. One clock. Minted on Base.,1214.gif,Cream,Bunny,Grin,Cap,None,Star
1215,Scribblin #1215,A looping doodle critter from Scribblins. Four bodies. One friendly cartoon. One clock. Minted on Base.,1215.gif,Sky,Bunny,Sleepy,Bow,Bandana,Pencil
1216,Scribblin #1216,A looping doodle critter from Scribblins. Four bodies. One friendly cartoon. One clock. Minted on Base.,1216.gif,Cream,Bunny,Normal,Beanie,Scarf,None
1217,Scribblin #1217,A looping doodle critter from Scribblins. Four bodies. One friendly cartoon. One clock. Minted on Base.,1217.gif,Butter,Bunny,Sleepy,Beanie,None,None
1218,Scribblin #1218,A looping doodle critter from Scribblins. Four bodies. One friendly cartoon. One clock. Minted on Base.,1218.gif,Sky,Bear,Grin,Beanie,Bandana,Heart
1219,Scribblin #1219,A looping doodle critter from Scribblins. Four bodies. One friendly cartoon. One clock. Minted on Base.,1219.gif,Clay,Bunny,Normal,None,Scarf,None
1220,Scribblin #1220,A looping doodle critter from Scribblins. Four bodies. One friendly cartoon. One clock. Minted on Base.,1220.gif,Clay,Bunny,Pout,Leaf,None,None
1221,Scribblin #1221,A looping doodle critter from Scribblins. Four bodies. One friendly cartoon. One clock. Minted on Base.,1221.gif,Butter,Bunny,Pout,Cap,Bandana,Star
1222,Scribblin #1222,A looping doodle critter from Scribblins. Four bodies. One friendly cartoon. One clock. Minted on Base.,1222.gif,Butter,Bear,Sparkly,Headphones,None,None
1223,Scribblin #1223,A looping doodle critter from Scribblins. Four bodies. One friendly cartoon. One clock. Minted on Base.,1223.gif,Sky,Bunny,Sparkly,Cap,Scarf,Balloon
1224,Scribblin #1224,A looping doodle critter from Scribblins. Four bodies. One friendly cartoon. One clock. Minted on Base.,1224.gif,Cream,Bear,Normal,None,None,None
1225,Scribblin #1225,A looping doodle critter from Scribblins. Four bodies. One friendly cartoon. One clock. Minted on Base.,1225.gif,Sky,Bear,Sleepy,Headphones,Bandana,None
1226,Scribblin #1226,A looping doodle critter from Scribblins. Four bodies. One friendly cartoon. One clock. Minted on Base.,1226.gif,Clay,Frog,Wink,Leaf,Scarf,Balloon
1227,Scribblin #1227,A looping doodle critter from Scribblins. Four bodies. One friendly cartoon. One clock. Minted on Base.,1227.gif,Sky,Bunny,Wink,None,None,Star
1228,Scribblin #1228,A looping doodle critter from Scribblins. Four bodies. One friendly cartoon. One clock. Minted on Base.,1228.gif,Butter,Pup,Sleepy,Leaf,None,Pencil
1229,Scribblin #1229,A looping doodle critter from Scribblins. Four bodies. One friendly cartoon. One clock. Minted on Base.,1229.gif,Sky,Frog,Wink,Headphones,Scarf,None
1230,Scribblin #1230,A looping doodle critter from Scribblins. Four bodies. One friendly cartoon. One clock. Minted on Base.,1230.gif,Sky,Bunny,Grin,None,None,None
1231,Scribblin #1231,A looping doodle critter from Scribblins. Four bodies. One friendly cartoon. One clock. Minted on Base.,1231.gif,Butter,Pup,Heart,Leaf,Scarf,Star
1232,Scribblin #1232,A looping doodle critter from Scribblins. Four bodies. One friendly cartoon. One clock. Minted on Base.,1232.gif,Sky,Bear,Wink,Bow,Bowtie,Star
1233,Scribblin #1233,A looping doodle critter from Scribblins. Four bodies. One friendly cartoon. One clock. Minted on Base.,1233.gif,Sky,Pup,Normal,None,Bandana,None
1234,Scribblin #1234,A looping doodle critter from Scribblins. Four bodies. One friendly cartoon. One clock. Minted on Base.,1234.gif,Clay,Frog,Heart,Bow,Bandana,Star
1235,Scribblin #1235,A looping doodle critter from Scribblins. Four bodies. One friendly cartoon. One clock. Minted on Base.,1235.gif,Sky,Frog,Grin,None,None,Balloon
1236,Scribblin #1236,A looping doodle critter from Scribblins. Four bodies. One friendly cartoon. One clock. Minted on Base.,1236.gif,Sky,Pup,Wink,Cap,Bowtie,Pencil
1237,Scribblin #1237,A looping doodle critter from Scribblins. Four bodies. One friendly cartoon. One clock. Minted on Base.,1237.gif,Cream,Frog,Wink,None,None,None
1238,Scribblin #1238,A looping doodle critter from Scribblins. Four bodies. One friendly cartoon. One clock. Minted on Base.,1238.gif,Clay,Bunny,Grin,None,Bandana,Balloon
1239,Scribblin #1239,A looping doodle critter from Scribblins. Four bodies. One friendly cartoon. One clock. Minted on Base.,1239.gif,Clay,Pup,Heart,Flower,Bandana,Heart
1240,Scribblin #1240,A looping doodle critter from Scribblins. Four bodies. One friendly cartoon. One clock. Minted on Base.,1240.gif,Butter,Bear,Grin,Bow,Bowtie,Heart
1241,Scribblin #1241,A looping doodle critter from Scribblins. Four bodies. One friendly cartoon. One clock. Minted on Base.,1241.gif,Cream,Frog,Pout,None,Bandana,Heart
1242,Scribblin #1242,A looping doodle critter from Scribblins. Four bodies. One friendly cartoon. One clock. Minted on Base.,1242.gif,Clay,Bunny,Blep,Beanie,None,None
1243,Scribblin #1243,A looping doodle critter from Scribblins. Four bodies. One friendly cartoon. One clock. Minted on Base.,1243.gif,Cream,Bunny,Grin,Headphones,Bowtie,Star
1244,Scribblin #1244,A looping doodle critter from Scribblins. Four bodies. One friendly cartoon. One clock. Minted on Base.,1244.gif,Cream,Bunny,Sparkly,None,Scarf,Star
1245,Scribblin #1245,A looping doodle critter from Scribblins. Four bodies. One friendly cartoon. One clock. Minted on Base.,1245.gif,Clay,Bear,Sparkly,Leaf,None,Heart
1246,Scribblin #1246,A looping doodle critter from Scribblins. Four bodies. One friendly cartoon. One clock. Minted on Base.,1246.gif,Cream,Pup,Normal,Headphones,Bandana,Star
1247,Scribblin #1247,A looping doodle critter from Scribblins. Four bodies. One friendly cartoon. One clock. Minted on Base.,1247.gif,Sky,Bunny,Blep,Beanie,None,None
1248,Scribblin #1248,A looping doodle critter from Scribblins. Four bodies. One friendly cartoon. One clock. Minted on Base.,1248.gif,Cream,Bear,Grin,Flower,Bandana,Heart
1249,Scribblin #1249,A looping doodle critter from Scribblins. Four bodies. One friendly cartoon. One clock. Minted on Base.,1249.gif,Sky,Pup,Sleepy,Flower,Scarf,Pencil
1250,Scribblin #1250,A looping doodle critter from Scribblins. Four bodies. One friendly cartoon. One clock. Minted on Base.,1250.gif,Sky,Pup,Grin,Bow,Bandana,Pencil
1251,Scribblin #1251,A looping doodle critter from Scribblins. Four bodies. One friendly cartoon. One clock. Minted on Base.,1251.gif,Cream,Pup,Grin,Cap,Bowtie,Heart
1252,Scribblin #1252,A looping doodle critter from Scribblins. Four bodies. One friendly cartoon. One clock. Minted on Base.,1252.gif,Sky,Bear,Grin,Leaf,Bowtie,None
1253,Scribblin #1253,A looping doodle critter from Scribblins. Four bodies. One friendly cartoon. One clock. Minted on Base.,1253.gif,Cream,Bear,Blep,Beanie,None,None
1254,Scribblin #1254,A looping doodle critter from Scribblins. Four bodies. One friendly cartoon. One clock. Minted on Base.,1254.gif,Clay,Bunny,Sparkly,Headphones,None,None
1255,Scribblin #1255,A looping doodle critter from Scribblins. Four bodies. One friendly cartoon. One clock. Minted on Base.,1255.gif,Sky,Frog,Sparkly,Beanie,Scarf,None
1256,Scribblin #1256,A looping doodle critter from Scribblins. Four bodies. One friendly cartoon. One clock. Minted on Base.,1256.gif,Cream,Pup,Pout,Beanie,Bandana,Heart
1257,Scribblin #1257,A looping doodle critter from Scribblins. Four bodies. One friendly cartoon. One clock. Minted on Base.,1257.gif,Cream,Bear,Wink,Headphones,Bandana,Heart
1258,Scribblin #1258,A looping doodle critter from Scribblins. Four bodies. One friendly cartoon. One clock. Minted on Base.,1258.gif,Butter,Bear,Normal,None,Scarf,Pencil
1259,Scribblin #1259,A looping doodle critter from Scribblins. Four bodies. One friendly cartoon. One clock. Minted on Base.,1259.gif,Cream,Bunny,Sleepy,Headphones,None,Star
1260,Scribblin #1260,A looping doodle critter from Scribblins. Four bodies. One friendly cartoon. One clock. Minted on Base.,1260.gif,Clay,Bear,Normal,Bow,Bowtie,Pencil
1261,Scribblin #1261,A looping doodle critter from Scribblins. Four bodies. One friendly cartoon. One clock. Minted on Base.,1261.gif,Cream,Bunny,Wink,Flower,None,None
1262,Scribblin #1262,A looping doodle critter from Scribblins. Four bodies. One friendly cartoon. One clock. Minted on Base.,1262.gif,Clay,Pup,Normal,Headphones,Bowtie,Balloon
1263,Scribblin #1263,A looping doodle critter from Scribblins. Four bodies. One friendly cartoon. One clock. Minted on Base.,1263.gif,Clay,Pup,Wink,None,Scarf,Star
1264,Scribblin #1264,A looping doodle critter from Scribblins. Four bodies. One friendly cartoon. One clock. Minted on Base.,1264.gif,Cream,Bunny,Sleepy,Cap,Bowtie,None
1265,Scribblin #1265,A looping doodle critter from Scribblins. Four bodies. One friendly cartoon. One clock. Minted on Base.,1265.gif,Butter,Frog,Sleepy,Flower,None,None
1266,Scribblin #1266,A looping doodle critter from Scribblins. Four bodies. One friendly cartoon. One clock. Minted on Base.,1266.gif,Clay,Bunny,Normal,Flower,Bandana,Balloon
1267,Scribblin #1267,A looping doodle critter from Scribblins. Four bodies. One friendly cartoon. One clock. Minted on Base.,1267.gif,Cream,Bunny,Sleepy,None,Bandana,Star
1268,Scribblin #1268,A looping doodle critter from Scribblins. Four bodies. One friendly cartoon. One clock. Minted on Base.,1268.gif,Butter,Bear,Grin,None,None,Heart
1269,Scribblin #1269,A looping doodle critter from Scribblins. Four bodies. One friendly cartoon. One clock. Minted on Base.,1269.gif,Cream,Bear,Wink,None,Scarf,Pencil
1270,Scribblin #1270,A looping doodle critter from Scribblins. Four bodies. One friendly cartoon. One clock. Minted on Base.,1270.gif,Sky,Pup,Sleepy,Cap,None,None
1271,Scribblin #1271,A looping doodle critter from Scribblins. Four bodies. One friendly cartoon. One clock. Minted on Base.,1271.gif,Cream,Bunny,Heart,Cap,Bandana,None
1272,Scribblin #1272,A looping doodle critter from Scribblins. Four bodies. One friendly cartoon. One clock. Minted on Base.,1272.gif,Butter,Frog,Grin,Bow,None,Pencil
1273,Scribblin #1273,A looping doodle critter from Scribblins. Four bodies. One friendly cartoon. One clock. Minted on Base.,1273.gif,Sky,Bear,Blep,Beanie,Bandana,None
1274,Scribblin #1274,A looping doodle critter from Scribblins. Four bodies. One friendly cartoon. One clock. Minted on Base.,1274.gif,Cream,Bunny,Heart,None,None,None
1275,Scribblin #1275,A looping doodle critter from Scribblins. Four bodies. One friendly cartoon. One clock. Minted on Base.,1275.gif,Butter,Frog,Normal,Headphones,Scarf,Pencil
1276,Scribblin #1276,A looping doodle critter from Scribblins. Four bodies. One friendly cartoon. One clock. Minted on Base.,1276.gif,Cream,Pup,Sleepy,Beanie,Scarf,Balloon
1277,Scribblin #1277,A looping doodle critter from Scribblins. Four bodies. One friendly cartoon. One clock. Minted on Base.,1277.gif,Butter,Bear,Grin,Bow,None,None
1278,Scribblin #1278,A looping doodle critter from Scribblins. Four bodies. One friendly cartoon. One clock. Minted on Base.,1278.gif,Cream,Bunny,Sparkly,Beanie,None,Star
1279,Scribblin #1279,A looping doodle critter from Scribblins. Four bodies. One friendly cartoon. One clock. Minted on Base.,1279.gif,Sky,Pup,Wink,Cap,None,None
1280,Scribblin #1280,A looping doodle critter from Scribblins. Four bodies. One friendly cartoon. One clock. Minted on Base.,1280.gif,Clay,Pup,Normal,None,Scarf,Balloon
1281,Scribblin #1281,A looping doodle critter from Scribblins. Four bodies. One friendly cartoon. One clock. Minted on Base.,1281.gif,Sky,Bunny,Sparkly,Cap,Bowtie,None
1282,Scribblin #1282,A looping doodle critter from Scribblins. Four bodies. One friendly cartoon. One clock. Minted on Base.,1282.gif,Butter,Bear,Heart,Bow,Scarf,Balloon
1283,Scribblin #1283,A looping doodle critter from Scribblins. Four bodies. One friendly cartoon. One clock. Minted on Base.,1283.gif,Sky,Bear,Normal,None,Scarf,Heart
1284,Scribblin #1284,A looping doodle critter from Scribblins. Four bodies. One friendly cartoon. One clock. Minted on Base.,1284.gif,Cream,Bunny,Sleepy,Cap,Bandana,None
1285,Scribblin #1285,A looping doodle critter from Scribblins. Four bodies. One friendly cartoon. One clock. Minted on Base.,1285.gif,Clay,Bunny,Grin,Bow,Bowtie,None
1286,Scribblin #1286,A looping doodle critter from Scribblins. Four bodies. One friendly cartoon. One clock. Minted on Base.,1286.gif,Cream,Bear,Blep,Flower,Bowtie,Star
1287,Scribblin #1287,A looping doodle critter from Scribblins. Four bodies. One friendly cartoon. One clock. Minted on Base.,1287.gif,Clay,Frog,Normal,Leaf,Bandana,Pencil
1288,Scribblin #1288,A looping doodle critter from Scribblins. Four bodies. One friendly cartoon. One clock. Minted on Base.,1288.gif,Sky,Bear,Heart,Beanie,None,Star
1289,Scribblin #1289,A looping doodle critter from Scribblins. Four bodies. One friendly cartoon. One clock. Minted on Base.,1289.gif,Butter,Bunny,Blep,Beanie,Bowtie,Heart
1290,Scribblin #1290,A looping doodle critter from Scribblins. Four bodies. One friendly cartoon. One clock. Minted on Base.,1290.gif,Sky,Frog,Sleepy,Beanie,None,Star
1291,Scribblin #1291,A looping doodle critter from Scribblins. Four bodies. One friendly cartoon. One clock. Minted on Base.,1291.gif,Butter,Frog,Sleepy,None,None,Balloon
1292,Scribblin #1292,A looping doodle critter from Scribblins. Four bodies. One friendly cartoon. One clock. Minted on Base.,1292.gif,Clay,Frog,Grin,None,Bowtie,Balloon
1293,Scribblin #1293,A looping doodle critter from Scribblins. Four bodies. One friendly cartoon. One clock. Minted on Base.,1293.gif,Cream,Bear,Blep,Flower,Bandana,Balloon
1294,Scribblin #1294,A looping doodle critter from Scribblins. Four bodies. One friendly cartoon. One clock. Minted on Base.,1294.gif,Butter,Bunny,Normal,Headphones,None,Heart
1295,Scribblin #1295,A looping doodle critter from Scribblins. Four bodies. One friendly cartoon. One clock. Minted on Base.,1295.gif,Clay,Frog,Grin,Beanie,Scarf,Heart
1296,Scribblin #1296,A looping doodle critter from Scribblins. Four bodies. One friendly cartoon. One clock. Minted on Base.,1296.gif,Sky,Bunny,Sleepy,Beanie,Bowtie,None
1297,Scribblin #1297,A looping doodle critter from Scribblins. Four bodies. One friendly cartoon. One clock. Minted on Base.,1297.gif,Cream,Pup,Normal,Leaf,Bowtie,None
1298,Scribblin #1298,A looping doodle critter from Scribblins. Four bodies. One friendly cartoon. One clock. Minted on Base.,1298.gif,Clay,Frog,Sleepy,None,Bowtie,Heart
1299,Scribblin #1299,A looping doodle critter from Scribblins. Four bodies. One friendly cartoon. One clock. Minted on Base.,1299.gif,Clay,Bunny,Grin,Cap,Bandana,None
1300,Scribblin #1300,A looping doodle critter from Scribblins. Four bodies. One friendly cartoon. One clock. Minted on Base.,1300.gif,Cream,Bear,Normal,None,Bowtie,Heart
1301,Scribblin #1301,A looping doodle critter from Scribblins. Four bodies. One friendly cartoon. One clock. Minted on Base.,1301.gif,Sky,Bear,Heart,Flower,Bowtie,None
1302,Scribblin #1302,A looping doodle critter from Scribblins. Four bodies. One friendly cartoon. One clock. Minted on Base.,1302.gif,Sky,Bunny,Sparkly,Beanie,Bowtie,Star
1303,Scribblin #1303,A looping doodle critter from Scribblins. Four bodies. One friendly cartoon. One clock. Minted on Base.,1303.gif,Clay,Pup,Normal,None,None,Pencil
1304,Scribblin #1304,A looping doodle critter from Scribblins. Four bodies. One friendly cartoon. One clock. Minted on Base.,1304.gif,Sky,Bunny,Pout,Headphones,Scarf,Pencil
1305,Scribblin #1305,A looping doodle critter from Scribblins. Four bodies. One friendly cartoon. One clock. Minted on Base.,1305.gif,Sky,Pup,Blep,Flower,None,Star
1306,Scribblin #1306,A looping doodle critter from Scribblins. Four bodies. One friendly cartoon. One clock. Minted on Base.,1306.gif,Cream,Pup,Sleepy,Flower,Bandana,Heart
1307,Scribblin #1307,A looping doodle critter from Scribblins. Four bodies. One friendly cartoon. One clock. Minted on Base.,1307.gif,Sky,Bunny,Normal,Beanie,Bowtie,Heart
1308,Scribblin #1308,A looping doodle critter from Scribblins. Four bodies. One friendly cartoon. One clock. Minted on Base.,1308.gif,Butter,Bunny,Sparkly,Cap,Scarf,Heart
1309,Scribblin #1309,A looping doodle critter from Scribblins. Four bodies. One friendly cartoon. One clock. Minted on Base.,1309.gif,Cream,Frog,Grin,None,None,Heart
1310,Scribblin #1310,A looping doodle critter from Scribblins. Four bodies. One friendly cartoon. One clock. Minted on Base.,1310.gif,Butter,Bunny,Normal,Flower,None,None
1311,Scribblin #1311,A looping doodle critter from Scribblins. Four bodies. One friendly cartoon. One clock. Minted on Base.,1311.gif,Butter,Pup,Sleepy,Headphones,Scarf,None
1312,Scribblin #1312,A looping doodle critter from Scribblins. Four bodies. One friendly cartoon. One clock. Minted on Base.,1312.gif,Clay,Pup,Pout,Bow,None,Star
1313,Scribblin #1313,A looping doodle critter from Scribblins. Four bodies. One friendly cartoon. One clock. Minted on Base.,1313.gif,Cream,Bear,Normal,Headphones,Scarf,None
1314,Scribblin #1314,A looping doodle critter from Scribblins. Four bodies. One friendly cartoon. One clock. Minted on Base.,1314.gif,Clay,Frog,Pout,Bow,None,None
1315,Scribblin #1315,A looping doodle critter from Scribblins. Four bodies. One friendly cartoon. One clock. Minted on Base.,1315.gif,Clay,Bunny,Sleepy,None,Bandana,None
1316,Scribblin #1316,A looping doodle critter from Scribblins. Four bodies. One friendly cartoon. One clock. Minted on Base.,1316.gif,Clay,Bunny,Grin,Cap,None,Pencil
1317,Scribblin #1317,A looping doodle critter from Scribblins. Four bodies. One friendly cartoon. One clock. Minted on Base.,1317.gif,Cream,Frog,Sparkly,Cap,Bowtie,Balloon
1318,Scribblin #1318,A looping doodle critter from Scribblins. Four bodies. One friendly cartoon. One clock. Minted on Base.,1318.gif,Cream,Bear,Blep,Flower,Bandana,Pencil
1319,Scribblin #1319,A looping doodle critter from Scribblins. Four bodies. One friendly cartoon. One clock. Minted on Base.,1319.gif,Cream,Pup,Heart,None,Scarf,None
1320,Scribblin #1320,A looping doodle critter from Scribblins. Four bodies. One friendly cartoon. One clock. Minted on Base.,1320.gif,Sky,Pup,Sparkly,Beanie,None,None
1321,Scribblin #1321,A looping doodle critter from Scribblins. Four bodies. One friendly cartoon. One clock. Minted on Base.,1321.gif,Clay,Pup,Sparkly,Cap,None,Balloon
1322,Scribblin #1322,A looping doodle critter from Scribblins. Four bodies. One friendly cartoon. One clock. Minted on Base.,1322.gif,Butter,Pup,Normal,Cap,Bowtie,None
1323,Scribblin #1323,A looping doodle critter from Scribblins. Four bodies. One friendly cartoon. One clock. Minted on Base.,1323.gif,Cream,Bunny,Sleepy,None,None,Balloon
1324,Scribblin #1324,A looping doodle critter from Scribblins. Four bodies. One friendly cartoon. One clock. Minted on Base.,1324.gif,Sky,Bear,Blep,Beanie,Bowtie,None
1325,Scribblin #1325,A looping doodle critter from Scribblins. Four bodies. One friendly cartoon. One clock. Minted on Base.,1325.gif,Butter,Bear,Wink,Bow,Bandana,Pencil
1326,Scribblin #1326,A looping doodle critter from Scribblins. Four bodies. One friendly cartoon. One clock. Minted on Base.,1326.gif,Cream,Bunny,Normal,Beanie,None,None
1327,Scribblin #1327,A looping doodle critter from Scribblins. Four bodies. One friendly cartoon. One clock. Minted on Base.,1327.gif,Butter,Bear,Sleepy,Bow,None,Star
1328,Scribblin #1328,A looping doodle critter from Scribblins. Four bodies. One friendly cartoon. One clock. Minted on Base.,1328.gif,Sky,Bear,Normal,Cap,Scarf,Pencil
1329,Scribblin #1329,A looping doodle critter from Scribblins. Four bodies. One friendly cartoon. One clock. Minted on Base.,1329.gif,Sky,Pup,Normal,Bow,Scarf,Heart
1330,Scribblin #1330,A looping doodle critter from Scribblins. Four bodies. One friendly cartoon. One clock. Minted on Base.,1330.gif,Cream,Frog,Sleepy,None,Scarf,None
1331,Scribblin #1331,A looping doodle critter from Scribblins. Four bodies. One friendly cartoon. One clock. Minted on Base.,1331.gif,Sky,Bear,Normal,Cap,None,Star
1332,Scribblin #1332,A looping doodle critter from Scribblins. Four bodies. One friendly cartoon. One clock. Minted on Base.,1332.gif,Clay,Bunny,Pout,None,None,Pencil
1333,Scribblin #1333,A looping doodle critter from Scribblins. Four bodies. One friendly cartoon. One clock. Minted on Base.,1333.gif,Cream,Bear,Heart,None,Bowtie,Pencil
1334,Scribblin #1334,A looping doodle critter from Scribblins. Four bodies. One friendly cartoon. One clock. Minted on Base.,1334.gif,Sky,Bunny,Sparkly,Bow,None,Heart
1335,Scribblin #1335,A looping doodle critter from Scribblins. Four bodies. One friendly cartoon. One clock. Minted on Base.,1335.gif,Cream,Bear,Blep,Leaf,Scarf,None
1336,Scribblin #1336,A looping doodle critter from Scribblins. Four bodies. One friendly cartoon. One clock. Minted on Base.,1336.gif,Butter,Frog,Wink,Flower,Bandana,Pencil
1337,Scribblin #1337,A looping doodle critter from Scribblins. Four bodies. One friendly cartoon. One clock. Minted on Base.,1337.gif,Butter,Bear,Sparkly,Beanie,Scarf,Balloon
1338,Scribblin #1338,A looping doodle critter from Scribblins. Four bodies. One friendly cartoon. One clock. Minted on Base.,1338.gif,Butter,Bear,Sleepy,None,None,None
1339,Scribblin #1339,A looping doodle critter from Scribblins. Four bodies. One friendly cartoon. One clock. Minted on Base.,1339.gif,Sky,Bunny,Sleepy,Flower,Bandana,None
1340,Scribblin #1340,A looping doodle critter from Scribblins. Four bodies. One friendly cartoon. One clock. Minted on Base.,1340.gif,Butter,Pup,Wink,Bow,Scarf,None
1341,Scribblin #1341,A looping doodle critter from Scribblins. Four bodies. One friendly cartoon. One clock. Minted on Base.,1341.gif,Cream,Bear,Sparkly,Leaf,Bowtie,Pencil
1342,Scribblin #1342,A looping doodle critter from Scribblins. Four bodies. One friendly cartoon. One clock. Minted on Base.,1342.gif,Clay,Frog,Wink,None,None,Star
1343,Scribblin #1343,A looping doodle critter from Scribblins. Four bodies. One friendly cartoon. One clock. Minted on Base.,1343.gif,Clay,Bunny,Sparkly,None,Bandana,None
1344,Scribblin #1344,A looping doodle critter from Scribblins. Four bodies. One friendly cartoon. One clock. Minted on Base.,1344.gif,Sky,Pup,Pout,Flower,None,Pencil
1345,Scribblin #1345,A looping doodle critter from Scribblins. Four bodies. One friendly cartoon. One clock. Minted on Base.,1345.gif,Cream,Bear,Normal,None,Bowtie,None
1346,Scribblin #1346,A looping doodle critter from Scribblins. Four bodies. One friendly cartoon. One clock. Minted on Base.,1346.gif,Cream,Frog,Blep,Bow,None,Balloon
1347,Scribblin #1347,A looping doodle critter from Scribblins. Four bodies. One friendly cartoon. One clock. Minted on Base.,1347.gif,Sky,Frog,Sparkly,Bow,None,Balloon
1348,Scribblin #1348,A looping doodle critter from Scribblins. Four bodies. One friendly cartoon. One clock. Minted on Base.,1348.gif,Butter,Bear,Wink,Cap,None,Star
1349,Scribblin #1349,A looping doodle critter from Scribblins. Four bodies. One friendly cartoon. One clock. Minted on Base.,1349.gif,Clay,Bunny,Pout,Bow,Scarf,Heart
1350,Scribblin #1350,A looping doodle critter from Scribblins. Four bodies. One friendly cartoon. One clock. Minted on Base.,1350.gif,Cream,Pup,Normal,Bow,None,None
1351,Scribblin #1351,A looping doodle critter from Scribblins. Four bodies. One friendly cartoon. One clock. Minted on Base.,1351.gif,Cream,Bear,Blep,Leaf,Bandana,Star
1352,Scribblin #1352,A looping doodle critter from Scribblins. Four bodies. One friendly cartoon. One clock. Minted on Base.,1352.gif,Sky,Frog,Grin,Headphones,Scarf,None
1353,Scribblin #1353,A looping doodle critter from Scribblins. Four bodies. One friendly cartoon. One clock. Minted on Base.,1353.gif,Cream,Bunny,Sparkly,Leaf,Bowtie,Balloon
1354,Scribblin #1354,A looping doodle critter from Scribblins. Four bodies. One friendly cartoon. One clock. Minted on Base.,1354.gif,Clay,Bear,Normal,Flower,Scarf,None
1355,Scribblin #1355,A looping doodle critter from Scribblins. Four bodies. One friendly cartoon. One clock. Minted on Base.,1355.gif,Sky,Bear,Grin,Leaf,Bowtie,Heart
1356,Scribblin #1356,A looping doodle critter from Scribblins. Four bodies. One friendly cartoon. One clock. Minted on Base.,1356.gif,Butter,Bear,Normal,None,Bowtie,None
1357,Scribblin #1357,A looping doodle critter from Scribblins. Four bodies. One friendly cartoon. One clock. Minted on Base.,1357.gif,Cream,Frog,Sparkly,Cap,Scarf,Pencil
1358,Scribblin #1358,A looping doodle critter from Scribblins. Four bodies. One friendly cartoon. One clock. Minted on Base.,1358.gif,Sky,Bunny,Sleepy,Bow,Bandana,Star
1359,Scribblin #1359,A looping doodle critter from Scribblins. Four bodies. One friendly cartoon. One clock. Minted on Base.,1359.gif,Clay,Bear,Wink,Flower,Bowtie,Heart
1360,Scribblin #1360,A looping doodle critter from Scribblins. Four bodies. One friendly cartoon. One clock. Minted on Base.,1360.gif,Butter,Frog,Normal,None,None,Pencil
1361,Scribblin #1361,A looping doodle critter from Scribblins. Four bodies. One friendly cartoon. One clock. Minted on Base.,1361.gif,Butter,Bunny,Normal,Flower,Bowtie,Pencil
1362,Scribblin #1362,A looping doodle critter from Scribblins. Four bodies. One friendly cartoon. One clock. Minted on Base.,1362.gif,Sky,Bear,Sleepy,Bow,None,None
1363,Scribblin #1363,A looping doodle critter from Scribblins. Four bodies. One friendly cartoon. One clock. Minted on Base.,1363.gif,Sky,Bear,Sleepy,Flower,Bowtie,Star
1364,Scribblin #1364,A looping doodle critter from Scribblins. Four bodies. One friendly cartoon. One clock. Minted on Base.,1364.gif,Cream,Frog,Sleepy,Leaf,None,None
1365,Scribblin #1365,A looping doodle critter from Scribblins. Four bodies. One friendly cartoon. One clock. Minted on Base.,1365.gif,Butter,Pup,Heart,Bow,Scarf,Star
1366,Scribblin #1366,A looping doodle critter from Scribblins. Four bodies. One friendly cartoon. One clock. Minted on Base.,1366.gif,Sky,Bunny,Normal,Leaf,None,None
1367,Scribblin #1367,A looping doodle critter from Scribblins. Four bodies. One friendly cartoon. One clock. Minted on Base.,1367.gif,Sky,Bunny,Heart,Leaf,Bowtie,None
1368,Scribblin #1368,A looping doodle critter from Scribblins. Four bodies. One friendly cartoon. One clock. Minted on Base.,1368.gif,Clay,Bear,Sleepy,Flower,Bandana,Balloon
1369,Scribblin #1369,A looping doodle critter from Scribblins. Four bodies. One friendly cartoon. One clock. Minted on Base.,1369.gif,Cream,Bear,Wink,Flower,Scarf,Star
1370,Scribblin #1370,A looping doodle critter from Scribblins. Four bodies. One friendly cartoon. One clock. Minted on Base.,1370.gif,Butter,Pup,Normal,Flower,Scarf,Pencil
1371,Scribblin #1371,A looping doodle critter from Scribblins. Four bodies. One friendly cartoon. One clock. Minted on Base.,1371.gif,Clay,Bear,Grin,Bow,Scarf,Heart
1372,Scribblin #1372,A looping doodle critter from Scribblins. Four bodies. One friendly cartoon. One clock. Minted on Base.,1372.gif,Cream,Bunny,Sleepy,Beanie,None,Heart
1373,Scribblin #1373,A looping doodle critter from Scribblins. Four bodies. One friendly cartoon. One clock. Minted on Base.,1373.gif,Butter,Bunny,Pout,Beanie,Scarf,Pencil
1374,Scribblin #1374,A looping doodle critter from Scribblins. Four bodies. One friendly cartoon. One clock. Minted on Base.,1374.gif,Sky,Bear,Normal,Headphones,Bowtie,Heart
1375,Scribblin #1375,A looping doodle critter from Scribblins. Four bodies. One friendly cartoon. One clock. Minted on Base.,1375.gif,Sky,Pup,Sparkly,Cap,Bowtie,None
1376,Scribblin #1376,A looping doodle critter from Scribblins. Four bodies. One friendly cartoon. One clock. Minted on Base.,1376.gif,Sky,Bear,Normal,Cap,Bandana,None
1377,Scribblin #1377,A looping doodle critter from Scribblins. Four bodies. One friendly cartoon. One clock. Minted on Base.,1377.gif,Clay,Bunny,Normal,Beanie,Scarf,Heart
1378,Scribblin #1378,A looping doodle critter from Scribblins. Four bodies. One friendly cartoon. One clock. Minted on Base.,1378.gif,Cream,Pup,Heart,Headphones,None,None
1379,Scribblin #1379,A looping doodle critter from Scribblins. Four bodies. One friendly cartoon. One clock. Minted on Base.,1379.gif,Cream,Bear,Sleepy,None,None,Balloon
1380,Scribblin #1380,A looping doodle critter from Scribblins. Four bodies. One friendly cartoon. One clock. Minted on Base.,1380.gif,Sky,Pup,Sleepy,Bow,Bowtie,None
1381,Scribblin #1381,A looping doodle critter from Scribblins. Four bodies. One friendly cartoon. One clock. Minted on Base.,1381.gif,Sky,Bear,Blep,None,Bandana,None
1382,Scribblin #1382,A looping doodle critter from Scribblins. Four bodies. One friendly cartoon. One clock. Minted on Base.,1382.gif,Sky,Frog,Normal,Beanie,None,Pencil
1383,Scribblin #1383,A looping doodle critter from Scribblins. Four bodies. One friendly cartoon. One clock. Minted on Base.,1383.gif,Butter,Frog,Heart,Bow,Scarf,Star
1384,Scribblin #1384,A looping doodle critter from Scribblins. Four bodies. One friendly cartoon. One clock. Minted on Base.,1384.gif,Cream,Pup,Blep,Beanie,None,Heart
1385,Scribblin #1385,A looping doodle critter from Scribblins. Four bodies. One friendly cartoon. One clock. Minted on Base.,1385.gif,Butter,Bunny,Grin,Headphones,None,Pencil
1386,Scribblin #1386,A looping doodle critter from Scribblins. Four bodies. One friendly cartoon. One clock. Minted on Base.,1386.gif,Sky,Bunny,Blep,Cap,Scarf,Heart
1387,Scribblin #1387,A looping doodle critter from Scribblins. Four bodies. One friendly cartoon. One clock. Minted on Base.,1387.gif,Sky,Bunny,Sparkly,None,Bowtie,Balloon
1388,Scribblin #1388,A looping doodle critter from Scribblins. Four bodies. One friendly cartoon. One clock. Minted on Base.,1388.gif,Butter,Frog,Sparkly,Beanie,Bowtie,None
1389,Scribblin #1389,A looping doodle critter from Scribblins. Four bodies. One friendly cartoon. One clock. Minted on Base.,1389.gif,Cream,Bunny,Blep,Cap,Bowtie,None
1390,Scribblin #1390,A looping doodle critter from Scribblins. Four bodies. One friendly cartoon. One clock. Minted on Base.,1390.gif,Cream,Pup,Normal,Leaf,Bowtie,Pencil
1391,Scribblin #1391,A looping doodle critter from Scribblins. Four bodies. One friendly cartoon. One clock. Minted on Base.,1391.gif,Butter,Bunny,Wink,Bow,None,Pencil
1392,Scribblin #1392,A looping doodle critter from Scribblins. Four bodies. One friendly cartoon. One clock. Minted on Base.,1392.gif,Sky,Bunny,Heart,Flower,Bowtie,Heart
1393,Scribblin #1393,A looping doodle critter from Scribblins. Four bodies. One friendly cartoon. One clock. Minted on Base.,1393.gif,Sky,Frog,Pout,Beanie,Scarf,None
1394,Scribblin #1394,A looping doodle critter from Scribblins. Four bodies. One friendly cartoon. One clock. Minted on Base.,1394.gif,Cream,Bunny,Normal,Headphones,None,Pencil
1395,Scribblin #1395,A looping doodle critter from Scribblins. Four bodies. One friendly cartoon. One clock. Minted on Base.,1395.gif,Cream,Bunny,Normal,Cap,Bowtie,None
1396,Scribblin #1396,A looping doodle critter from Scribblins. Four bodies. One friendly cartoon. One clock. Minted on Base.,1396.gif,Butter,Pup,Sparkly,None,None,Star
1397,Scribblin #1397,A looping doodle critter from Scribblins. Four bodies. One friendly cartoon. One clock. Minted on Base.,1397.gif,Sky,Bear,Wink,None,Scarf,Pencil
1398,Scribblin #1398,A looping doodle critter from Scribblins. Four bodies. One friendly cartoon. One clock. Minted on Base.,1398.gif,Sky,Bunny,Normal,None,None,None
1399,Scribblin #1399,A looping doodle critter from Scribblins. Four bodies. One friendly cartoon. One clock. Minted on Base.,1399.gif,Clay,Bunny,Wink,Bow,Scarf,Balloon
1400,Scribblin #1400,A looping doodle critter from Scribblins. Four bodies. One friendly cartoon. One clock. Minted on Base.,1400.gif,Cream,Frog,Heart,Flower,Bandana,Heart
1401,Scribblin #1401,A looping doodle critter from Scribblins. Four bodies. One friendly cartoon. One clock. Minted on Base.,1401.gif,Cream,Bear,Blep,Flower,Bowtie,None
1402,Scribblin #1402,A looping doodle critter from Scribblins. Four bodies. One friendly cartoon. One clock. Minted on Base.,1402.gif,Clay,Bunny,Heart,Flower,None,None
1403,Scribblin #1403,A looping doodle critter from Scribblins. Four bodies. One friendly cartoon. One clock. Minted on Base.,1403.gif,Sky,Pup,Normal,Flower,Scarf,None
1404,Scribblin #1404,A looping doodle critter from Scribblins. Four bodies. One friendly cartoon. One clock. Minted on Base.,1404.gif,Sky,Bunny,Grin,None,Scarf,None
1405,Scribblin #1405,A looping doodle critter from Scribblins. Four bodies. One friendly cartoon. One clock. Minted on Base.,1405.gif,Sky,Frog,Wink,Beanie,Scarf,None
1406,Scribblin #1406,A looping doodle critter from Scribblins. Four bodies. One friendly cartoon. One clock. Minted on Base.,1406.gif,Butter,Bunny,Pout,None,Scarf,None
1407,Scribblin #1407,A looping doodle critter from Scribblins. Four bodies. One friendly cartoon. One clock. Minted on Base.,1407.gif,Clay,Bunny,Sleepy,Flower,Bandana,None
1408,Scribblin #1408,A looping doodle critter from Scribblins. Four bodies. One friendly cartoon. One clock. Minted on Base.,1408.gif,Sky,Frog,Normal,Bow,None,Pencil
1409,Scribblin #1409,A looping doodle critter from Scribblins. Four bodies. One friendly cartoon. One clock. Minted on Base.,1409.gif,Butter,Bunny,Wink,Leaf,Bowtie,None
1410,Scribblin #1410,A looping doodle critter from Scribblins. Four bodies. One friendly cartoon. One clock. Minted on Base.,1410.gif,Sky,Bunny,Grin,Bow,None,Heart
1411,Scribblin #1411,A looping doodle critter from Scribblins. Four bodies. One friendly cartoon. One clock. Minted on Base.,1411.gif,Butter,Frog,Normal,Cap,Scarf,Star
1412,Scribblin #1412,A looping doodle critter from Scribblins. Four bodies. One friendly cartoon. One clock. Minted on Base.,1412.gif,Sky,Frog,Heart,None,None,None
1413,Scribblin #1413,A looping doodle critter from Scribblins. Four bodies. One friendly cartoon. One clock. Minted on Base.,1413.gif,Sky,Pup,Wink,Flower,Bandana,Pencil
1414,Scribblin #1414,A looping doodle critter from Scribblins. Four bodies. One friendly cartoon. One clock. Minted on Base.,1414.gif,Butter,Bear,Pout,Cap,None,None
1415,Scribblin #1415,A looping doodle critter from Scribblins. Four bodies. One friendly cartoon. One clock. Minted on Base.,1415.gif,Butter,Bear,Blep,Headphones,Scarf,Star
1416,Scribblin #1416,A looping doodle critter from Scribblins. Four bodies. One friendly cartoon. One clock. Minted on Base.,1416.gif,Cream,Pup,Sleepy,None,Bandana,Pencil
1417,Scribblin #1417,A looping doodle critter from Scribblins. Four bodies. One friendly cartoon. One clock. Minted on Base.,1417.gif,Cream,Bunny,Blep,None,None,Pencil
1418,Scribblin #1418,A looping doodle critter from Scribblins. Four bodies. One friendly cartoon. One clock. Minted on Base.,1418.gif,Butter,Bunny,Sparkly,Cap,None,Heart
1419,Scribblin #1419,A looping doodle critter from Scribblins. Four bodies. One friendly cartoon. One clock. Minted on Base.,1419.gif,Cream,Pup,Normal,Flower,None,Star
1420,Scribblin #1420,A looping doodle critter from Scribblins. Four bodies. One friendly cartoon. One clock. Minted on Base.,1420.gif,Cream,Bear,Heart,None,Scarf,None
1421,Scribblin #1421,A looping doodle critter from Scribblins. Four bodies. One friendly cartoon. One clock. Minted on Base.,1421.gif,Cream,Bear,Pout,Flower,None,None
1422,Scribblin #1422,A looping doodle critter from Scribblins. Four bodies. One friendly cartoon. One clock. Minted on Base.,1422.gif,Clay,Bunny,Wink,Headphones,None,None
1423,Scribblin #1423,A looping doodle critter from Scribblins. Four bodies. One friendly cartoon. One clock. Minted on Base.,1423.gif,Clay,Bunny,Sparkly,Cap,Bowtie,None
1424,Scribblin #1424,A looping doodle critter from Scribblins. Four bodies. One friendly cartoon. One clock. Minted on Base.,1424.gif,Butter,Pup,Grin,Bow,None,Heart
1425,Scribblin #1425,A looping doodle critter from Scribblins. Four bodies. One friendly cartoon. One clock. Minted on Base.,1425.gif,Clay,Pup,Wink,Bow,None,None
1426,Scribblin #1426,A looping doodle critter from Scribblins. Four bodies. One friendly cartoon. One clock. Minted on Base.,1426.gif,Cream,Bear,Grin,Beanie,Scarf,Star
1427,Scribblin #1427,A looping doodle critter from Scribblins. Four bodies. One friendly cartoon. One clock. Minted on Base.,1427.gif,Butter,Bunny,Grin,None,None,Balloon
1428,Scribblin #1428,A looping doodle critter from Scribblins. Four bodies. One friendly cartoon. One clock. Minted on Base.,1428.gif,Cream,Bear,Wink,Beanie,Bowtie,Star
1429,Scribblin #1429,A looping doodle critter from Scribblins. Four bodies. One friendly cartoon. One clock. Minted on Base.,1429.gif,Clay,Frog,Blep,None,None,None
1430,Scribblin #1430,A looping doodle critter from Scribblins. Four bodies. One friendly cartoon. One clock. Minted on Base.,1430.gif,Sky,Bunny,Blep,Beanie,Bandana,None
1431,Scribblin #1431,A looping doodle critter from Scribblins. Four bodies. One friendly cartoon. One clock. Minted on Base.,1431.gif,Sky,Bear,Blep,None,Scarf,Star
1432,Scribblin #1432,A looping doodle critter from Scribblins. Four bodies. One friendly cartoon. One clock. Minted on Base.,1432.gif,Sky,Bunny,Sleepy,Beanie,Bowtie,Star
1433,Scribblin #1433,A looping doodle critter from Scribblins. Four bodies. One friendly cartoon. One clock. Minted on Base.,1433.gif,Clay,Bunny,Grin,None,Scarf,Pencil
1434,Scribblin #1434,A looping doodle critter from Scribblins. Four bodies. One friendly cartoon. One clock. Minted on Base.,1434.gif,Cream,Pup,Sleepy,None,Bowtie,Star
1435,Scribblin #1435,A looping doodle critter from Scribblins. Four bodies. One friendly cartoon. One clock. Minted on Base.,1435.gif,Clay,Bunny,Sleepy,Beanie,Bowtie,Pencil
1436,Scribblin #1436,A looping doodle critter from Scribblins. Four bodies. One friendly cartoon. One clock. Minted on Base.,1436.gif,Sky,Pup,Sparkly,Bow,None,None
1437,Scribblin #1437,A looping doodle critter from Scribblins. Four bodies. One friendly cartoon. One clock. Minted on Base.,1437.gif,Sky,Bear,Pout,Bow,None,Heart
1438,Scribblin #1438,A looping doodle critter from Scribblins. Four bodies. One friendly cartoon. One clock. Minted on Base.,1438.gif,Butter,Bear,Wink,None,None,Balloon
1439,Scribblin #1439,A looping doodle critter from Scribblins. Four bodies. One friendly cartoon. One clock. Minted on Base.,1439.gif,Sky,Bear,Normal,Bow,None,Star
1440,Scribblin #1440,A looping doodle critter from Scribblins. Four bodies. One friendly cartoon. One clock. Minted on Base.,1440.gif,Butter,Frog,Normal,Leaf,None,Star
1441,Scribblin #1441,A looping doodle critter from Scribblins. Four bodies. One friendly cartoon. One clock. Minted on Base.,1441.gif,Butter,Bear,Normal,Flower,Scarf,None
1442,Scribblin #1442,A looping doodle critter from Scribblins. Four bodies. One friendly cartoon. One clock. Minted on Base.,1442.gif,Cream,Frog,Pout,Beanie,None,None
1443,Scribblin #1443,A looping doodle critter from Scribblins. Four bodies. One friendly cartoon. One clock. Minted on Base.,1443.gif,Sky,Bear,Grin,Beanie,Bowtie,Star
1444,Scribblin #1444,A looping doodle critter from Scribblins. Four bodies. One friendly cartoon. One clock. Minted on Base.,1444.gif,Cream,Frog,Grin,Leaf,Scarf,None
1445,Scribblin #1445,A looping doodle critter from Scribblins. Four bodies. One friendly cartoon. One clock. Minted on Base.,1445.gif,Sky,Frog,Heart,Headphones,Bowtie,None
1446,Scribblin #1446,A looping doodle critter from Scribblins. Four bodies. One friendly cartoon. One clock. Minted on Base.,1446.gif,Sky,Pup,Pout,Beanie,Bandana,Star
1447,Scribblin #1447,A looping doodle critter from Scribblins. Four bodies. One friendly cartoon. One clock. Minted on Base.,1447.gif,Cream,Bunny,Pout,None,None,Star
1448,Scribblin #1448,A looping doodle critter from Scribblins. Four bodies. One friendly cartoon. One clock. Minted on Base.,1448.gif,Cream,Frog,Blep,Headphones,None,None
1449,Scribblin #1449,A looping doodle critter from Scribblins. Four bodies. One friendly cartoon. One clock. Minted on Base.,1449.gif,Sky,Bear,Blep,Bow,None,Pencil
1450,Scribblin #1450,A looping doodle critter from Scribblins. Four bodies. One friendly cartoon. One clock. Minted on Base.,1450.gif,Clay,Bunny,Blep,None,None,Heart
1451,Scribblin #1451,A looping doodle critter from Scribblins. Four bodies. One friendly cartoon. One clock. Minted on Base.,1451.gif,Butter,Bunny,Grin,Leaf,None,None
1452,Scribblin #1452,A looping doodle critter from Scribblins. Four bodies. One friendly cartoon. One clock. Minted on Base.,1452.gif,Clay,Bunny,Grin,Cap,Bandana,Pencil
1453,Scribblin #1453,A looping doodle critter from Scribblins. Four bodies. One friendly cartoon. One clock. Minted on Base.,1453.gif,Butter,Bunny,Sparkly,None,Bandana,Pencil
1454,Scribblin #1454,A looping doodle critter from Scribblins. Four bodies. One friendly cartoon. One clock. Minted on Base.,1454.gif,Cream,Bear,Sparkly,Headphones,None,None
1455,Scribblin #1455,A looping doodle critter from Scribblins. Four bodies. One friendly cartoon. One clock. Minted on Base.,1455.gif,Cream,Bunny,Sleepy,Cap,None,Balloon
1456,Scribblin #1456,A looping doodle critter from Scribblins. Four bodies. One friendly cartoon. One clock. Minted on Base.,1456.gif,Cream,Bear,Sparkly,Headphones,Scarf,None
1457,Scribblin #1457,A looping doodle critter from Scribblins. Four bodies. One friendly cartoon. One clock. Minted on Base.,1457.gif,Sky,Bunny,Heart,None,Scarf,Star
1458,Scribblin #1458,A looping doodle critter from Scribblins. Four bodies. One friendly cartoon. One clock. Minted on Base.,1458.gif,Butter,Pup,Sparkly,Bow,Scarf,Star
1459,Scribblin #1459,A looping doodle critter from Scribblins. Four bodies. One friendly cartoon. One clock. Minted on Base.,1459.gif,Clay,Frog,Normal,Flower,None,Balloon
1460,Scribblin #1460,A looping doodle critter from Scribblins. Four bodies. One friendly cartoon. One clock. Minted on Base.,1460.gif,Clay,Bunny,Grin,Beanie,None,None
1461,Scribblin #1461,A looping doodle critter from Scribblins. Four bodies. One friendly cartoon. One clock. Minted on Base.,1461.gif,Cream,Bunny,Blep,Cap,Bowtie,Star
1462,Scribblin #1462,A looping doodle critter from Scribblins. Four bodies. One friendly cartoon. One clock. Minted on Base.,1462.gif,Clay,Bunny,Normal,None,Bowtie,None
1463,Scribblin #1463,A looping doodle critter from Scribblins. Four bodies. One friendly cartoon. One clock. Minted on Base.,1463.gif,Clay,Bunny,Normal,Headphones,Bandana,Pencil
1464,Scribblin #1464,A looping doodle critter from Scribblins. Four bodies. One friendly cartoon. One clock. Minted on Base.,1464.gif,Sky,Bear,Wink,Bow,Bandana,None
1465,Scribblin #1465,A looping doodle critter from Scribblins. Four bodies. One friendly cartoon. One clock. Minted on Base.,1465.gif,Butter,Bunny,Wink,Flower,Bowtie,Star
1466,Scribblin #1466,A looping doodle critter from Scribblins. Four bodies. One friendly cartoon. One clock. Minted on Base.,1466.gif,Sky,Pup,Grin,Leaf,None,Balloon
1467,Scribblin #1467,A looping doodle critter from Scribblins. Four bodies. One friendly cartoon. One clock. Minted on Base.,1467.gif,Cream,Pup,Sleepy,Beanie,Bowtie,Star
1468,Scribblin #1468,A looping doodle critter from Scribblins. Four bodies. One friendly cartoon. One clock. Minted on Base.,1468.gif,Clay,Bunny,Sparkly,Leaf,None,Heart
1469,Scribblin #1469,A looping doodle critter from Scribblins. Four bodies. One friendly cartoon. One clock. Minted on Base.,1469.gif,Clay,Pup,Wink,Bow,Bowtie,Balloon
1470,Scribblin #1470,A looping doodle critter from Scribblins. Four bodies. One friendly cartoon. One clock. Minted on Base.,1470.gif,Cream,Bear,Normal,Flower,None,Star
1471,Scribblin #1471,A looping doodle critter from Scribblins. Four bodies. One friendly cartoon. One clock. Minted on Base.,1471.gif,Sky,Bear,Normal,Beanie,Bandana,None
1472,Scribblin #1472,A looping doodle critter from Scribblins. Four bodies. One friendly cartoon. One clock. Minted on Base.,1472.gif,Sky,Bear,Wink,Beanie,Scarf,Pencil
1473,Scribblin #1473,A looping doodle critter from Scribblins. Four bodies. One friendly cartoon. One clock. Minted on Base.,1473.gif,Clay,Bunny,Wink,Flower,None,Heart
1474,Scribblin #1474,A looping doodle critter from Scribblins. Four bodies. One friendly cartoon. One clock. Minted on Base.,1474.gif,Butter,Pup,Pout,Bow,Bowtie,Pencil
1475,Scribblin #1475,A looping doodle critter from Scribblins. Four bodies. One friendly cartoon. One clock. Minted on Base.,1475.gif,Clay,Pup,Sleepy,Cap,None,None
1476,Scribblin #1476,A looping doodle critter from Scribblins. Four bodies. One friendly cartoon. One clock. Minted on Base.,1476.gif,Sky,Bunny,Sleepy,Flower,None,Star
1477,Scribblin #1477,A looping doodle critter from Scribblins. Four bodies. One friendly cartoon. One clock. Minted on Base.,1477.gif,Butter,Bunny,Wink,None,Bandana,Pencil
1478,Scribblin #1478,A looping doodle critter from Scribblins. Four bodies. One friendly cartoon. One clock. Minted on Base.,1478.gif,Butter,Pup,Grin,Flower,Bowtie,Star
1479,Scribblin #1479,A looping doodle critter from Scribblins. Four bodies. One friendly cartoon. One clock. Minted on Base.,1479.gif,Sky,Bunny,Normal,Beanie,None,Heart
1480,Scribblin #1480,A looping doodle critter from Scribblins. Four bodies. One friendly cartoon. One clock. Minted on Base.,1480.gif,Butter,Bunny,Normal,None,Bandana,Heart
1481,Scribblin #1481,A looping doodle critter from Scribblins. Four bodies. One friendly cartoon. One clock. Minted on Base.,1481.gif,Cream,Frog,Blep,None,None,Pencil
1482,Scribblin #1482,A looping doodle critter from Scribblins. Four bodies. One friendly cartoon. One clock. Minted on Base.,1482.gif,Cream,Pup,Sleepy,Bow,Scarf,Pencil
1483,Scribblin #1483,A looping doodle critter from Scribblins. Four bodies. One friendly cartoon. One clock. Minted on Base.,1483.gif,Sky,Bunny,Normal,Cap,None,None
1484,Scribblin #1484,A looping doodle critter from Scribblins. Four bodies. One friendly cartoon. One clock. Minted on Base.,1484.gif,Cream,Bunny,Sparkly,Flower,Scarf,Star
1485,Scribblin #1485,A looping doodle critter from Scribblins. Four bodies. One friendly cartoon. One clock. Minted on Base.,1485.gif,Clay,Bear,Wink,Beanie,None,Heart
1486,Scribblin #1486,A looping doodle critter from Scribblins. Four bodies. One friendly cartoon. One clock. Minted on Base.,1486.gif,Butter,Bunny,Blep,Flower,Scarf,Heart
1487,Scribblin #1487,A looping doodle critter from Scribblins. Four bodies. One friendly cartoon. One clock. Minted on Base.,1487.gif,Sky,Pup,Normal,Leaf,Scarf,None
1488,Scribblin #1488,A looping doodle critter from Scribblins. Four bodies. One friendly cartoon. One clock. Minted on Base.,1488.gif,Clay,Bunny,Wink,Flower,None,None
1489,Scribblin #1489,A looping doodle critter from Scribblins. Four bodies. One friendly cartoon. One clock. Minted on Base.,1489.gif,Cream,Bunny,Normal,None,Bowtie,Heart
1490,Scribblin #1490,A looping doodle critter from Scribblins. Four bodies. One friendly cartoon. One clock. Minted on Base.,1490.gif,Butter,Bear,Sleepy,Leaf,None,Balloon
1491,Scribblin #1491,A looping doodle critter from Scribblins. Four bodies. One friendly cartoon. One clock. Minted on Base.,1491.gif,Sky,Frog,Pout,Flower,None,Heart
1492,Scribblin #1492,A looping doodle critter from Scribblins. Four bodies. One friendly cartoon. One clock. Minted on Base.,1492.gif,Sky,Bear,Grin,Cap,None,None
1493,Scribblin #1493,A looping doodle critter from Scribblins. Four bodies. One friendly cartoon. One clock. Minted on Base.,1493.gif,Clay,Bunny,Blep,Flower,Bandana,Star
1494,Scribblin #1494,A looping doodle critter from Scribblins. Four bodies. One friendly cartoon. One clock. Minted on Base.,1494.gif,Clay,Bear,Sparkly,Leaf,None,Balloon
1495,Scribblin #1495,A looping doodle critter from Scribblins. Four bodies. One friendly cartoon. One clock. Minted on Base.,1495.gif,Butter,Frog,Normal,Bow,Bandana,Heart
1496,Scribblin #1496,A looping doodle critter from Scribblins. Four bodies. One friendly cartoon. One clock. Minted on Base.,1496.gif,Clay,Frog,Wink,Headphones,None,None
1497,Scribblin #1497,A looping doodle critter from Scribblins. Four bodies. One friendly cartoon. One clock. Minted on Base.,1497.gif,Butter,Pup,Grin,Bow,Bowtie,Heart
1498,Scribblin #1498,A looping doodle critter from Scribblins. Four bodies. One friendly cartoon. One clock. Minted on Base.,1498.gif,Cream,Pup,Sleepy,Beanie,None,None
1499,Scribblin #1499,A looping doodle critter from Scribblins. Four bodies. One friendly cartoon. One clock. Minted on Base.,1499.gif,Cream,Bear,Grin,Beanie,Scarf,None
1500,Scribblin #1500,A looping doodle critter from Scribblins. Four bodies. One friendly cartoon. One clock. Minted on Base.,1500.gif,Butter,Bunny,Heart,Headphones,None,None
1501,Scribblin #1501,A looping doodle critter from Scribblins. Four bodies. One friendly cartoon. One clock. Minted on Base.,1501.gif,Clay,Bunny,Grin,Beanie,None,Pencil
1502,Scribblin #1502,A looping doodle critter from Scribblins. Four bodies. One friendly cartoon. One clock. Minted on Base.,1502.gif,Cream,Bunny,Sleepy,Cap,Scarf,Pencil
1503,Scribblin #1503,A looping doodle critter from Scribblins. Four bodies. One friendly cartoon. One clock. Minted on Base.,1503.gif,Sky,Pup,Wink,Flower,Bandana,Star
1504,Scribblin #1504,A looping doodle critter from Scribblins. Four bodies. One friendly cartoon. One clock. Minted on Base.,1504.gif,Butter,Bear,Sparkly,Flower,None,None
1505,Scribblin #1505,A looping doodle critter from Scribblins. Four bodies. One friendly cartoon. One clock. Minted on Base.,1505.gif,Cream,Bear,Heart,Bow,None,Balloon
1506,Scribblin #1506,A looping doodle critter from Scribblins. Four bodies. One friendly cartoon. One clock. Minted on Base.,1506.gif,Clay,Bunny,Pout,Flower,Bandana,Balloon
1507,Scribblin #1507,A looping doodle critter from Scribblins. Four bodies. One friendly cartoon. One clock. Minted on Base.,1507.gif,Clay,Bear,Pout,None,Bowtie,Pencil
1508,Scribblin #1508,A looping doodle critter from Scribblins. Four bodies. One friendly cartoon. One clock. Minted on Base.,1508.gif,Clay,Bunny,Normal,None,None,Star
1509,Scribblin #1509,A looping doodle critter from Scribblins. Four bodies. One friendly cartoon. One clock. Minted on Base.,1509.gif,Butter,Pup,Grin,None,None,Pencil
1510,Scribblin #1510,A looping doodle critter from Scribblins. Four bodies. One friendly cartoon. One clock. Minted on Base.,1510.gif,Cream,Frog,Grin,Beanie,Scarf,Balloon
1511,Scribblin #1511,A looping doodle critter from Scribblins. Four bodies. One friendly cartoon. One clock. Minted on Base.,1511.gif,Cream,Pup,Sparkly,None,None,Pencil
1512,Scribblin #1512,A looping doodle critter from Scribblins. Four bodies. One friendly cartoon. One clock. Minted on Base.,1512.gif,Clay,Bear,Wink,Headphones,Bandana,Star
1513,Scribblin #1513,A looping doodle critter from Scribblins. Four bodies. One friendly cartoon. One clock. Minted on Base.,1513.gif,Cream,Bunny,Sleepy,None,Scarf,None
1514,Scribblin #1514,A looping doodle critter from Scribblins. Four bodies. One friendly cartoon. One clock. Minted on Base.,1514.gif,Clay,Bunny,Sleepy,Beanie,None,Pencil
1515,Scribblin #1515,A looping doodle critter from Scribblins. Four bodies. One friendly cartoon. One clock. Minted on Base.,1515.gif,Cream,Bunny,Normal,Bow,None,Heart
1516,Scribblin #1516,A looping doodle critter from Scribblins. Four bodies. One friendly cartoon. One clock. Minted on Base.,1516.gif,Sky,Frog,Sparkly,None,None,None
1517,Scribblin #1517,A looping doodle critter from Scribblins. Four bodies. One friendly cartoon. One clock. Minted on Base.,1517.gif,Sky,Pup,Heart,Leaf,None,Star
1518,Scribblin #1518,A looping doodle critter from Scribblins. Four bodies. One friendly cartoon. One clock. Minted on Base.,1518.gif,Sky,Pup,Wink,Cap,Scarf,Pencil
1519,Scribblin #1519,A looping doodle critter from Scribblins. Four bodies. One friendly cartoon. One clock. Minted on Base.,1519.gif,Cream,Bear,Wink,Flower,None,Star
1520,Scribblin #1520,A looping doodle critter from Scribblins. Four bodies. One friendly cartoon. One clock. Minted on Base.,1520.gif,Butter,Bear,Sparkly,Leaf,None,Pencil
1521,Scribblin #1521,A looping doodle critter from Scribblins. Four bodies. One friendly cartoon. One clock. Minted on Base.,1521.gif,Butter,Bunny,Normal,None,Scarf,Heart
1522,Scribblin #1522,A looping doodle critter from Scribblins. Four bodies. One friendly cartoon. One clock. Minted on Base.,1522.gif,Clay,Bunny,Grin,Headphones,Bandana,Balloon
1523,Scribblin #1523,A looping doodle critter from Scribblins. Four bodies. One friendly cartoon. One clock. Minted on Base.,1523.gif,Cream,Pup,Blep,Beanie,None,Balloon
1524,Scribblin #1524,A looping doodle critter from Scribblins. Four bodies. One friendly cartoon. One clock. Minted on Base.,1524.gif,Cream,Pup,Grin,Beanie,None,Star
1525,Scribblin #1525,A looping doodle critter from Scribblins. Four bodies. One friendly cartoon. One clock. Minted on Base.,1525.gif,Clay,Frog,Pout,Beanie,None,Balloon
1526,Scribblin #1526,A looping doodle critter from Scribblins. Four bodies. One friendly cartoon. One clock. Minted on Base.,1526.gif,Sky,Frog,Wink,Cap,Scarf,Heart
1527,Scribblin #1527,A looping doodle critter from Scribblins. Four bodies. One friendly cartoon. One clock. Minted on Base.,1527.gif,Cream,Pup,Sleepy,Bow,None,Star
1528,Scribblin #1528,A looping doodle critter from Scribblins. Four bodies. One friendly cartoon. One clock. Minted on Base.,1528.gif,Cream,Bear,Sleepy,Beanie,Scarf,None
1529,Scribblin #1529,A looping doodle critter from Scribblins. Four bodies. One friendly cartoon. One clock. Minted on Base.,1529.gif,Butter,Pup,Sparkly,Leaf,Bowtie,Balloon
1530,Scribblin #1530,A looping doodle critter from Scribblins. Four bodies. One friendly cartoon. One clock. Minted on Base.,1530.gif,Clay,Bunny,Heart,Bow,None,Star
1531,Scribblin #1531,A looping doodle critter from Scribblins. Four bodies. One friendly cartoon. One clock. Minted on Base.,1531.gif,Sky,Bear,Grin,Beanie,Bandana,Balloon
1532,Scribblin #1532,A looping doodle critter from Scribblins. Four bodies. One friendly cartoon. One clock. Minted on Base.,1532.gif,Butter,Bear,Grin,Beanie,Bowtie,None
1533,Scribblin #1533,A looping doodle critter from Scribblins. Four bodies. One friendly cartoon. One clock. Minted on Base.,1533.gif,Clay,Pup,Blep,Bow,None,Star
1534,Scribblin #1534,A looping doodle critter from Scribblins. Four bodies. One friendly cartoon. One clock. Minted on Base.,1534.gif,Sky,Pup,Wink,Leaf,None,None
1535,Scribblin #1535,A looping doodle critter from Scribblins. Four bodies. One friendly cartoon. One clock. Minted on Base.,1535.gif,Sky,Bear,Grin,Bow,Bowtie,Pencil
1536,Scribblin #1536,A looping doodle critter from Scribblins. Four bodies. One friendly cartoon. One clock. Minted on Base.,1536.gif,Butter,Bunny,Grin,None,None,Star
1537,Scribblin #1537,A looping doodle critter from Scribblins. Four bodies. One friendly cartoon. One clock. Minted on Base.,1537.gif,Cream,Bunny,Pout,Cap,None,Heart
1538,Scribblin #1538,A looping doodle critter from Scribblins. Four bodies. One friendly cartoon. One clock. Minted on Base.,1538.gif,Clay,Bear,Sleepy,Headphones,Bandana,Star
1539,Scribblin #1539,A looping doodle critter from Scribblins. Four bodies. One friendly cartoon. One clock. Minted on Base.,1539.gif,Clay,Bear,Normal,Cap,None,Balloon
1540,Scribblin #1540,A looping doodle critter from Scribblins. Four bodies. One friendly cartoon. One clock. Minted on Base.,1540.gif,Cream,Bunny,Blep,Headphones,Scarf,Pencil
1541,Scribblin #1541,A looping doodle critter from Scribblins. Four bodies. One friendly cartoon. One clock. Minted on Base.,1541.gif,Butter,Bear,Sparkly,Leaf,Scarf,Pencil
1542,Scribblin #1542,A looping doodle critter from Scribblins. Four bodies. One friendly cartoon. One clock. Minted on Base.,1542.gif,Butter,Bear,Normal,None,None,None
1543,Scribblin #1543,A looping doodle critter from Scribblins. Four bodies. One friendly cartoon. One clock. Minted on Base.,1543.gif,Butter,Bunny,Grin,Beanie,None,Pencil
1544,Scribblin #1544,A looping doodle critter from Scribblins. Four bodies. One friendly cartoon. One clock. Minted on Base.,1544.gif,Cream,Bear,Grin,None,Scarf,Heart
1545,Scribblin #1545,A looping doodle critter from Scribblins. Four bodies. One friendly cartoon. One clock. Minted on Base.,1545.gif,Butter,Bunny,Wink,Beanie,None,Balloon
1546,Scribblin #1546,A looping doodle critter from Scribblins. Four bodies. One friendly cartoon. One clock. Minted on Base.,1546.gif,Clay,Bear,Wink,Bow,Bowtie,None
1547,Scribblin #1547,A looping doodle critter from Scribblins. Four bodies. One friendly cartoon. One clock. Minted on Base.,1547.gif,Clay,Bunny,Pout,Cap,Scarf,None
1548,Scribblin #1548,A looping doodle critter from Scribblins. Four bodies. One friendly cartoon. One clock. Minted on Base.,1548.gif,Cream,Bunny,Grin,Leaf,Bowtie,None
1549,Scribblin #1549,A looping doodle critter from Scribblins. Four bodies. One friendly cartoon. One clock. Minted on Base.,1549.gif,Cream,Bunny,Normal,None,Bandana,None
1550,Scribblin #1550,A looping doodle critter from Scribblins. Four bodies. One friendly cartoon. One clock. Minted on Base.,1550.gif,Sky,Bear,Wink,Cap,Bandana,Star
1551,Scribblin #1551,A looping doodle critter from Scribblins. Four bodies. One friendly cartoon. One clock. Minted on Base.,1551.gif,Butter,Frog,Grin,Beanie,None,Star
1552,Scribblin #1552,A looping doodle critter from Scribblins. Four bodies. One friendly cartoon. One clock. Minted on Base.,1552.gif,Sky,Frog,Wink,Headphones,None,Star
1553,Scribblin #1553,A looping doodle critter from Scribblins. Four bodies. One friendly cartoon. One clock. Minted on Base.,1553.gif,Sky,Pup,Grin,Headphones,Bowtie,Star
1554,Scribblin #1554,A looping doodle critter from Scribblins. Four bodies. One friendly cartoon. One clock. Minted on Base.,1554.gif,Cream,Pup,Blep,Bow,None,Heart
1555,Scribblin #1555,A looping doodle critter from Scribblins. Four bodies. One friendly cartoon. One clock. Minted on Base.,1555.gif,Butter,Pup,Grin,Beanie,Scarf,Star
1556,Scribblin #1556,A looping doodle critter from Scribblins. Four bodies. One friendly cartoon. One clock. Minted on Base.,1556.gif,Butter,Bear,Normal,Beanie,Bowtie,Star
1557,Scribblin #1557,A looping doodle critter from Scribblins. Four bodies. One friendly cartoon. One clock. Minted on Base.,1557.gif,Cream,Bear,Normal,Bow,Scarf,Balloon
1558,Scribblin #1558,A looping doodle critter from Scribblins. Four bodies. One friendly cartoon. One clock. Minted on Base.,1558.gif,Clay,Frog,Sleepy,Headphones,Scarf,None
1559,Scribblin #1559,A looping doodle critter from Scribblins. Four bodies. One friendly cartoon. One clock. Minted on Base.,1559.gif,Butter,Bear,Pout,Flower,Bandana,Balloon
1560,Scribblin #1560,A looping doodle critter from Scribblins. Four bodies. One friendly cartoon. One clock. Minted on Base.,1560.gif,Clay,Bunny,Pout,None,None,Star
1561,Scribblin #1561,A looping doodle critter from Scribblins. Four bodies. One friendly cartoon. One clock. Minted on Base.,1561.gif,Cream,Frog,Sleepy,Leaf,Scarf,None
1562,Scribblin #1562,A looping doodle critter from Scribblins. Four bodies. One friendly cartoon. One clock. Minted on Base.,1562.gif,Sky,Bunny,Heart,Headphones,Bandana,Star
1563,Scribblin #1563,A looping doodle critter from Scribblins. Four bodies. One friendly cartoon. One clock. Minted on Base.,1563.gif,Cream,Bunny,Sleepy,None,Bowtie,None
1564,Scribblin #1564,A looping doodle critter from Scribblins. Four bodies. One friendly cartoon. One clock. Minted on Base.,1564.gif,Clay,Bunny,Sleepy,None,Bandana,Star
1565,Scribblin #1565,A looping doodle critter from Scribblins. Four bodies. One friendly cartoon. One clock. Minted on Base.,1565.gif,Clay,Frog,Grin,None,Bowtie,Heart
1566,Scribblin #1566,A looping doodle critter from Scribblins. Four bodies. One friendly cartoon. One clock. Minted on Base.,1566.gif,Sky,Bunny,Sparkly,Bow,Bandana,Heart
1567,Scribblin #1567,A looping doodle critter from Scribblins. Four bodies. One friendly cartoon. One clock. Minted on Base.,1567.gif,Cream,Pup,Grin,Cap,Bandana,None
1568,Scribblin #1568,A looping doodle critter from Scribblins. Four bodies. One friendly cartoon. One clock. Minted on Base.,1568.gif,Sky,Pup,Sleepy,Beanie,None,None
1569,Scribblin #1569,A looping doodle critter from Scribblins. Four bodies. One friendly cartoon. One clock. Minted on Base.,1569.gif,Sky,Bear,Sleepy,None,Bowtie,Pencil
1570,Scribblin #1570,A looping doodle critter from Scribblins. Four bodies. One friendly cartoon. One clock. Minted on Base.,1570.gif,Butter,Pup,Sleepy,None,Bowtie,Heart
1571,Scribblin #1571,A looping doodle critter from Scribblins. Four bodies. One friendly cartoon. One clock. Minted on Base.,1571.gif,Sky,Bear,Sparkly,Leaf,None,None
1572,Scribblin #1572,A looping doodle critter from Scribblins. Four bodies. One friendly cartoon. One clock. Minted on Base.,1572.gif,Cream,Bear,Grin,Flower,None,Pencil
1573,Scribblin #1573,A looping doodle critter from Scribblins. Four bodies. One friendly cartoon. One clock. Minted on Base.,1573.gif,Sky,Bear,Blep,Leaf,Scarf,None
1574,Scribblin #1574,A looping doodle critter from Scribblins. Four bodies. One friendly cartoon. One clock. Minted on Base.,1574.gif,Butter,Bear,Sleepy,None,Bowtie,Pencil
1575,Scribblin #1575,A looping doodle critter from Scribblins. Four bodies. One friendly cartoon. One clock. Minted on Base.,1575.gif,Cream,Pup,Grin,Flower,Scarf,None
1576,Scribblin #1576,A looping doodle critter from Scribblins. Four bodies. One friendly cartoon. One clock. Minted on Base.,1576.gif,Sky,Pup,Heart,None,None,Pencil
1577,Scribblin #1577,A looping doodle critter from Scribblins. Four bodies. One friendly cartoon. One clock. Minted on Base.,1577.gif,Sky,Bunny,Wink,None,Bandana,Star
1578,Scribblin #1578,A looping doodle critter from Scribblins. Four bodies. One friendly cartoon. One clock. Minted on Base.,1578.gif,Clay,Frog,Pout,None,Bowtie,None
1579,Scribblin #1579,A looping doodle critter from Scribblins. Four bodies. One friendly cartoon. One clock. Minted on Base.,1579.gif,Cream,Bear,Heart,Cap,Scarf,Balloon
1580,Scribblin #1580,A looping doodle critter from Scribblins. Four bodies. One friendly cartoon. One clock. Minted on Base.,1580.gif,Clay,Pup,Wink,None,None,None
1581,Scribblin #1581,A looping doodle critter from Scribblins. Four bodies. One friendly cartoon. One clock. Minted on Base.,1581.gif,Butter,Bunny,Pout,Flower,Bandana,Balloon
1582,Scribblin #1582,A looping doodle critter from Scribblins. Four bodies. One friendly cartoon. One clock. Minted on Base.,1582.gif,Sky,Frog,Sparkly,Bow,Bowtie,None
1583,Scribblin #1583,A looping doodle critter from Scribblins. Four bodies. One friendly cartoon. One clock. Minted on Base.,1583.gif,Clay,Bunny,Normal,Beanie,Bandana,None
1584,Scribblin #1584,A looping doodle critter from Scribblins. Four bodies. One friendly cartoon. One clock. Minted on Base.,1584.gif,Sky,Frog,Pout,Flower,None,None
1585,Scribblin #1585,A looping doodle critter from Scribblins. Four bodies. One friendly cartoon. One clock. Minted on Base.,1585.gif,Butter,Frog,Blep,Leaf,Bowtie,Heart
1586,Scribblin #1586,A looping doodle critter from Scribblins. Four bodies. One friendly cartoon. One clock. Minted on Base.,1586.gif,Sky,Bunny,Sparkly,Cap,None,None
1587,Scribblin #1587,A looping doodle critter from Scribblins. Four bodies. One friendly cartoon. One clock. Minted on Base.,1587.gif,Sky,Bunny,Blep,Headphones,Bowtie,Heart
1588,Scribblin #1588,A looping doodle critter from Scribblins. Four bodies. One friendly cartoon. One clock. Minted on Base.,1588.gif,Sky,Bunny,Blep,Flower,Scarf,Balloon
1589,Scribblin #1589,A looping doodle critter from Scribblins. Four bodies. One friendly cartoon. One clock. Minted on Base.,1589.gif,Butter,Pup,Wink,Flower,Scarf,None
1590,Scribblin #1590,A looping doodle critter from Scribblins. Four bodies. One friendly cartoon. One clock. Minted on Base.,1590.gif,Cream,Pup,Blep,Bow,None,None
1591,Scribblin #1591,A looping doodle critter from Scribblins. Four bodies. One friendly cartoon. One clock. Minted on Base.,1591.gif,Clay,Bunny,Sparkly,None,Bandana,Heart
1592,Scribblin #1592,A looping doodle critter from Scribblins. Four bodies. One friendly cartoon. One clock. Minted on Base.,1592.gif,Clay,Bunny,Wink,Headphones,Bandana,Pencil
1593,Scribblin #1593,A looping doodle critter from Scribblins. Four bodies. One friendly cartoon. One clock. Minted on Base.,1593.gif,Butter,Bunny,Heart,Beanie,None,None
1594,Scribblin #1594,A looping doodle critter from Scribblins. Four bodies. One friendly cartoon. One clock. Minted on Base.,1594.gif,Cream,Pup,Grin,Leaf,None,None
1595,Scribblin #1595,A looping doodle critter from Scribblins. Four bodies. One friendly cartoon. One clock. Minted on Base.,1595.gif,Cream,Bunny,Wink,Beanie,None,Pencil
1596,Scribblin #1596,A looping doodle critter from Scribblins. Four bodies. One friendly cartoon. One clock. Minted on Base.,1596.gif,Sky,Bear,Grin,Headphones,None,Pencil
1597,Scribblin #1597,A looping doodle critter from Scribblins. Four bodies. One friendly cartoon. One clock. Minted on Base.,1597.gif,Sky,Bunny,Sleepy,None,Bandana,Star
1598,Scribblin #1598,A looping doodle critter from Scribblins. Four bodies. One friendly cartoon. One clock. Minted on Base.,1598.gif,Cream,Pup,Pout,Cap,Bandana,Balloon
1599,Scribblin #1599,A looping doodle critter from Scribblins. Four bodies. One friendly cartoon. One clock. Minted on Base.,1599.gif,Sky,Bunny,Normal,Bow,None,Heart
1600,Scribblin #1600,A looping doodle critter from Scribblins. Four bodies. One friendly cartoon. One clock. Minted on Base.,1600.gif,Clay,Bunny,Sparkly,Beanie,None,Pencil
1601,Scribblin #1601,A looping doodle critter from Scribblins. Four bodies. One friendly cartoon. One clock. Minted on Base.,1601.gif,Sky,Pup,Blep,Leaf,Bandana,Star
1602,Scribblin #1602,A looping doodle critter from Scribblins. Four bodies. One friendly cartoon. One clock. Minted on Base.,1602.gif,Sky,Bunny,Grin,Beanie,Bandana,Pencil
1603,Scribblin #1603,A looping doodle critter from Scribblins. Four bodies. One friendly cartoon. One clock. Minted on Base.,1603.gif,Cream,Pup,Grin,Beanie,Bowtie,Balloon
1604,Scribblin #1604,A looping doodle critter from Scribblins. Four bodies. One friendly cartoon. One clock. Minted on Base.,1604.gif,Butter,Bunny,Sleepy,Beanie,Bowtie,Pencil
1605,Scribblin #1605,A looping doodle critter from Scribblins. Four bodies. One friendly cartoon. One clock. Minted on Base.,1605.gif,Sky,Bunny,Normal,None,Scarf,Pencil
1606,Scribblin #1606,A looping doodle critter from Scribblins. Four bodies. One friendly cartoon. One clock. Minted on Base.,1606.gif,Butter,Frog,Grin,Bow,Scarf,Star
1607,Scribblin #1607,A looping doodle critter from Scribblins. Four bodies. One friendly cartoon. One clock. Minted on Base.,1607.gif,Butter,Bear,Sleepy,None,Scarf,Heart
1608,Scribblin #1608,A looping doodle critter from Scribblins. Four bodies. One friendly cartoon. One clock. Minted on Base.,1608.gif,Butter,Bunny,Blep,Leaf,Scarf,None
1609,Scribblin #1609,A looping doodle critter from Scribblins. Four bodies. One friendly cartoon. One clock. Minted on Base.,1609.gif,Sky,Bunny,Normal,Beanie,None,Star
1610,Scribblin #1610,A looping doodle critter from Scribblins. Four bodies. One friendly cartoon. One clock. Minted on Base.,1610.gif,Clay,Bunny,Sleepy,Beanie,Bowtie,None
1611,Scribblin #1611,A looping doodle critter from Scribblins. Four bodies. One friendly cartoon. One clock. Minted on Base.,1611.gif,Clay,Bunny,Grin,Beanie,Scarf,Balloon
1612,Scribblin #1612,A looping doodle critter from Scribblins. Four bodies. One friendly cartoon. One clock. Minted on Base.,1612.gif,Clay,Pup,Blep,Leaf,Bandana,Heart
1613,Scribblin #1613,A looping doodle critter from Scribblins. Four bodies. One friendly cartoon. One clock. Minted on Base.,1613.gif,Cream,Bear,Normal,Cap,Bandana,Star
1614,Scribblin #1614,A looping doodle critter from Scribblins. Four bodies. One friendly cartoon. One clock. Minted on Base.,1614.gif,Clay,Bunny,Grin,None,None,Balloon
1615,Scribblin #1615,A looping doodle critter from Scribblins. Four bodies. One friendly cartoon. One clock. Minted on Base.,1615.gif,Sky,Bunny,Grin,Bow,Scarf,Pencil
1616,Scribblin #1616,A looping doodle critter from Scribblins. Four bodies. One friendly cartoon. One clock. Minted on Base.,1616.gif,Clay,Pup,Heart,Beanie,None,None
1617,Scribblin #1617,A looping doodle critter from Scribblins. Four bodies. One friendly cartoon. One clock. Minted on Base.,1617.gif,Clay,Bear,Sleepy,Cap,None,Heart
1618,Scribblin #1618,A looping doodle critter from Scribblins. Four bodies. One friendly cartoon. One clock. Minted on Base.,1618.gif,Clay,Bunny,Blep,Beanie,Bandana,None
1619,Scribblin #1619,A looping doodle critter from Scribblins. Four bodies. One friendly cartoon. One clock. Minted on Base.,1619.gif,Butter,Frog,Heart,None,Bandana,None
1620,Scribblin #1620,A looping doodle critter from Scribblins. Four bodies. One friendly cartoon. One clock. Minted on Base.,1620.gif,Cream,Frog,Normal,Headphones,Scarf,Star
1621,Scribblin #1621,A looping doodle critter from Scribblins. Four bodies. One friendly cartoon. One clock. Minted on Base.,1621.gif,Clay,Frog,Blep,Headphones,Scarf,Star
1622,Scribblin #1622,A looping doodle critter from Scribblins. Four bodies. One friendly cartoon. One clock. Minted on Base.,1622.gif,Sky,Bunny,Pout,Bow,None,Pencil
1623,Scribblin #1623,A looping doodle critter from Scribblins. Four bodies. One friendly cartoon. One clock. Minted on Base.,1623.gif,Sky,Bunny,Wink,Bow,None,Star
1624,Scribblin #1624,A looping doodle critter from Scribblins. Four bodies. One friendly cartoon. One clock. Minted on Base.,1624.gif,Sky,Frog,Blep,Flower,Scarf,Balloon
1625,Scribblin #1625,A looping doodle critter from Scribblins. Four bodies. One friendly cartoon. One clock. Minted on Base.,1625.gif,Sky,Bear,Sparkly,None,Bowtie,Pencil
1626,Scribblin #1626,A looping doodle critter from Scribblins. Four bodies. One friendly cartoon. One clock. Minted on Base.,1626.gif,Butter,Frog,Sparkly,Beanie,Bandana,Pencil
1627,Scribblin #1627,A looping doodle critter from Scribblins. Four bodies. One friendly cartoon. One clock. Minted on Base.,1627.gif,Clay,Pup,Grin,Beanie,Bowtie,None
1628,Scribblin #1628,A looping doodle critter from Scribblins. Four bodies. One friendly cartoon. One clock. Minted on Base.,1628.gif,Sky,Bear,Sleepy,None,Bowtie,Star
1629,Scribblin #1629,A looping doodle critter from Scribblins. Four bodies. One friendly cartoon. One clock. Minted on Base.,1629.gif,Cream,Bear,Pout,Bow,None,Balloon
1630,Scribblin #1630,A looping doodle critter from Scribblins. Four bodies. One friendly cartoon. One clock. Minted on Base.,1630.gif,Cream,Bunny,Sleepy,Bow,None,Star
1631,Scribblin #1631,A looping doodle critter from Scribblins. Four bodies. One friendly cartoon. One clock. Minted on Base.,1631.gif,Sky,Bunny,Grin,Beanie,Scarf,None
1632,Scribblin #1632,A looping doodle critter from Scribblins. Four bodies. One friendly cartoon. One clock. Minted on Base.,1632.gif,Sky,Bunny,Heart,Bow,Scarf,Pencil
1633,Scribblin #1633,A looping doodle critter from Scribblins. Four bodies. One friendly cartoon. One clock. Minted on Base.,1633.gif,Sky,Frog,Pout,Cap,None,Balloon
1634,Scribblin #1634,A looping doodle critter from Scribblins. Four bodies. One friendly cartoon. One clock. Minted on Base.,1634.gif,Clay,Pup,Wink,Headphones,Bandana,Balloon
1635,Scribblin #1635,A looping doodle critter from Scribblins. Four bodies. One friendly cartoon. One clock. Minted on Base.,1635.gif,Cream,Bear,Grin,None,Bowtie,Heart
1636,Scribblin #1636,A looping doodle critter from Scribblins. Four bodies. One friendly cartoon. One clock. Minted on Base.,1636.gif,Sky,Frog,Wink,None,Bandana,Heart
1637,Scribblin #1637,A looping doodle critter from Scribblins. Four bodies. One friendly cartoon. One clock. Minted on Base.,1637.gif,Clay,Bear,Sleepy,Beanie,None,None
1638,Scribblin #1638,A looping doodle critter from Scribblins. Four bodies. One friendly cartoon. One clock. Minted on Base.,1638.gif,Clay,Bunny,Sleepy,Leaf,Bandana,Heart
1639,Scribblin #1639,A looping doodle critter from Scribblins. Four bodies. One friendly cartoon. One clock. Minted on Base.,1639.gif,Sky,Bear,Heart,Bow,Bandana,Balloon
1640,Scribblin #1640,A looping doodle critter from Scribblins. Four bodies. One friendly cartoon. One clock. Minted on Base.,1640.gif,Cream,Bunny,Pout,Flower,None,Heart
1641,Scribblin #1641,A looping doodle critter from Scribblins. Four bodies. One friendly cartoon. One clock. Minted on Base.,1641.gif,Clay,Bunny,Blep,Cap,Bandana,Star
1642,Scribblin #1642,A looping doodle critter from Scribblins. Four bodies. One friendly cartoon. One clock. Minted on Base.,1642.gif,Clay,Pup,Sparkly,Cap,None,Heart
1643,Scribblin #1643,A looping doodle critter from Scribblins. Four bodies. One friendly cartoon. One clock. Minted on Base.,1643.gif,Butter,Frog,Sleepy,Flower,None,Star
1644,Scribblin #1644,A looping doodle critter from Scribblins. Four bodies. One friendly cartoon. One clock. Minted on Base.,1644.gif,Butter,Pup,Sparkly,Beanie,None,None
1645,Scribblin #1645,A looping doodle critter from Scribblins. Four bodies. One friendly cartoon. One clock. Minted on Base.,1645.gif,Sky,Pup,Grin,Cap,Scarf,Heart
1646,Scribblin #1646,A looping doodle critter from Scribblins. Four bodies. One friendly cartoon. One clock. Minted on Base.,1646.gif,Sky,Bunny,Sleepy,Cap,Scarf,Heart
1647,Scribblin #1647,A looping doodle critter from Scribblins. Four bodies. One friendly cartoon. One clock. Minted on Base.,1647.gif,Sky,Bear,Grin,Flower,Bowtie,Heart
1648,Scribblin #1648,A looping doodle critter from Scribblins. Four bodies. One friendly cartoon. One clock. Minted on Base.,1648.gif,Cream,Bunny,Grin,Leaf,None,Heart
1649,Scribblin #1649,A looping doodle critter from Scribblins. Four bodies. One friendly cartoon. One clock. Minted on Base.,1649.gif,Clay,Bear,Sleepy,None,None,None
1650,Scribblin #1650,A looping doodle critter from Scribblins. Four bodies. One friendly cartoon. One clock. Minted on Base.,1650.gif,Clay,Pup,Blep,Beanie,Scarf,None
1651,Scribblin #1651,A looping doodle critter from Scribblins. Four bodies. One friendly cartoon. One clock. Minted on Base.,1651.gif,Cream,Pup,Grin,None,Bandana,None
1652,Scribblin #1652,A looping doodle critter from Scribblins. Four bodies. One friendly cartoon. One clock. Minted on Base.,1652.gif,Sky,Bunny,Heart,Leaf,Scarf,None
1653,Scribblin #1653,A looping doodle critter from Scribblins. Four bodies. One friendly cartoon. One clock. Minted on Base.,1653.gif,Butter,Bunny,Sleepy,Bow,None,Heart
1654,Scribblin #1654,A looping doodle critter from Scribblins. Four bodies. One friendly cartoon. One clock. Minted on Base.,1654.gif,Cream,Bunny,Blep,Leaf,Bandana,Star
1655,Scribblin #1655,A looping doodle critter from Scribblins. Four bodies. One friendly cartoon. One clock. Minted on Base.,1655.gif,Cream,Bear,Wink,Flower,Bowtie,None
1656,Scribblin #1656,A looping doodle critter from Scribblins. Four bodies. One friendly cartoon. One clock. Minted on Base.,1656.gif,Cream,Pup,Grin,None,None,Pencil
1657,Scribblin #1657,A looping doodle critter from Scribblins. Four bodies. One friendly cartoon. One clock. Minted on Base.,1657.gif,Cream,Bunny,Normal,Bow,Scarf,Star
1658,Scribblin #1658,A looping doodle critter from Scribblins. Four bodies. One friendly cartoon. One clock. Minted on Base.,1658.gif,Clay,Frog,Pout,Beanie,None,Pencil
1659,Scribblin #1659,A looping doodle critter from Scribblins. Four bodies. One friendly cartoon. One clock. Minted on Base.,1659.gif,Cream,Pup,Grin,Cap,Scarf,Star
1660,Scribblin #1660,A looping doodle critter from Scribblins. Four bodies. One friendly cartoon. One clock. Minted on Base.,1660.gif,Cream,Pup,Normal,Headphones,Bandana,None
1661,Scribblin #1661,A looping doodle critter from Scribblins. Four bodies. One friendly cartoon. One clock. Minted on Base.,1661.gif,Sky,Bunny,Grin,Leaf,Bandana,None
1662,Scribblin #1662,A looping doodle critter from Scribblins. Four bodies. One friendly cartoon. One clock. Minted on Base.,1662.gif,Cream,Pup,Sleepy,Beanie,Scarf,None
1663,Scribblin #1663,A looping doodle critter from Scribblins. Four bodies. One friendly cartoon. One clock. Minted on Base.,1663.gif,Clay,Pup,Pout,Beanie,None,None
1664,Scribblin #1664,A looping doodle critter from Scribblins. Four bodies. One friendly cartoon. One clock. Minted on Base.,1664.gif,Clay,Pup,Blep,None,Scarf,Star
1665,Scribblin #1665,A looping doodle critter from Scribblins. Four bodies. One friendly cartoon. One clock. Minted on Base.,1665.gif,Cream,Pup,Sparkly,Leaf,Scarf,None
1666,Scribblin #1666,A looping doodle critter from Scribblins. Four bodies. One friendly cartoon. One clock. Minted on Base.,1666.gif,Butter,Frog,Sleepy,Cap,Bowtie,Star
1667,Scribblin #1667,A looping doodle critter from Scribblins. Four bodies. One friendly cartoon. One clock. Minted on Base.,1667.gif,Clay,Pup,Sparkly,Flower,None,Star
1668,Scribblin #1668,A looping doodle critter from Scribblins. Four bodies. One friendly cartoon. One clock. Minted on Base.,1668.gif,Clay,Pup,Heart,Headphones,None,Heart
1669,Scribblin #1669,A looping doodle critter from Scribblins. Four bodies. One friendly cartoon. One clock. Minted on Base.,1669.gif,Cream,Bunny,Sleepy,Beanie,Bowtie,None
1670,Scribblin #1670,A looping doodle critter from Scribblins. Four bodies. One friendly cartoon. One clock. Minted on Base.,1670.gif,Sky,Bear,Wink,Headphones,None,Heart
1671,Scribblin #1671,A looping doodle critter from Scribblins. Four bodies. One friendly cartoon. One clock. Minted on Base.,1671.gif,Clay,Bear,Sleepy,Flower,None,None
1672,Scribblin #1672,A looping doodle critter from Scribblins. Four bodies. One friendly cartoon. One clock. Minted on Base.,1672.gif,Sky,Bunny,Pout,Leaf,Scarf,None
1673,Scribblin #1673,A looping doodle critter from Scribblins. Four bodies. One friendly cartoon. One clock. Minted on Base.,1673.gif,Cream,Bear,Grin,Cap,None,Balloon
1674,Scribblin #1674,A looping doodle critter from Scribblins. Four bodies. One friendly cartoon. One clock. Minted on Base.,1674.gif,Sky,Bunny,Sleepy,Beanie,Scarf,None
1675,Scribblin #1675,A looping doodle critter from Scribblins. Four bodies. One friendly cartoon. One clock. Minted on Base.,1675.gif,Clay,Pup,Heart,None,Bowtie,Balloon
1676,Scribblin #1676,A looping doodle critter from Scribblins. Four bodies. One friendly cartoon. One clock. Minted on Base.,1676.gif,Clay,Bunny,Sparkly,Beanie,Scarf,Heart
1677,Scribblin #1677,A looping doodle critter from Scribblins. Four bodies. One friendly cartoon. One clock. Minted on Base.,1677.gif,Sky,Pup,Wink,Beanie,Bowtie,None
1678,Scribblin #1678,A looping doodle critter from Scribblins. Four bodies. One friendly cartoon. One clock. Minted on Base.,1678.gif,Sky,Bear,Sleepy,None,Scarf,Pencil
1679,Scribblin #1679,A looping doodle critter from Scribblins. Four bodies. One friendly cartoon. One clock. Minted on Base.,1679.gif,Clay,Bunny,Pout,Leaf,Bowtie,Star
1680,Scribblin #1680,A looping doodle critter from Scribblins. Four bodies. One friendly cartoon. One clock. Minted on Base.,1680.gif,Butter,Pup,Grin,Beanie,Bowtie,Heart
1681,Scribblin #1681,A looping doodle critter from Scribblins. Four bodies. One friendly cartoon. One clock. Minted on Base.,1681.gif,Sky,Bunny,Normal,None,Scarf,None
1682,Scribblin #1682,A looping doodle critter from Scribblins. Four bodies. One friendly cartoon. One clock. Minted on Base.,1682.gif,Clay,Frog,Grin,Cap,Bandana,None
1683,Scribblin #1683,A looping doodle critter from Scribblins. Four bodies. One friendly cartoon. One clock. Minted on Base.,1683.gif,Sky,Bear,Sparkly,Leaf,None,Heart
1684,Scribblin #1684,A looping doodle critter from Scribblins. Four bodies. One friendly cartoon. One clock. Minted on Base.,1684.gif,Butter,Pup,Pout,None,Scarf,Balloon
1685,Scribblin #1685,A looping doodle critter from Scribblins. Four bodies. One friendly cartoon. One clock. Minted on Base.,1685.gif,Butter,Bunny,Sleepy,Bow,Bowtie,Balloon
1686,Scribblin #1686,A looping doodle critter from Scribblins. Four bodies. One friendly cartoon. One clock. Minted on Base.,1686.gif,Cream,Bunny,Normal,Bow,Scarf,Balloon
1687,Scribblin #1687,A looping doodle critter from Scribblins. Four bodies. One friendly cartoon. One clock. Minted on Base.,1687.gif,Butter,Bear,Grin,Flower,Scarf,Heart
1688,Scribblin #1688,A looping doodle critter from Scribblins. Four bodies. One friendly cartoon. One clock. Minted on Base.,1688.gif,Sky,Bunny,Normal,Cap,None,Pencil
1689,Scribblin #1689,A looping doodle critter from Scribblins. Four bodies. One friendly cartoon. One clock. Minted on Base.,1689.gif,Sky,Pup,Sleepy,Headphones,Scarf,Heart
1690,Scribblin #1690,A looping doodle critter from Scribblins. Four bodies. One friendly cartoon. One clock. Minted on Base.,1690.gif,Sky,Bunny,Pout,Beanie,Bowtie,None
1691,Scribblin #1691,A looping doodle critter from Scribblins. Four bodies. One friendly cartoon. One clock. Minted on Base.,1691.gif,Sky,Bunny,Normal,Beanie,None,None
1692,Scribblin #1692,A looping doodle critter from Scribblins. Four bodies. One friendly cartoon. One clock. Minted on Base.,1692.gif,Clay,Frog,Blep,Leaf,None,Pencil
1693,Scribblin #1693,A looping doodle critter from Scribblins. Four bodies. One friendly cartoon. One clock. Minted on Base.,1693.gif,Clay,Pup,Sleepy,Flower,Bandana,None
1694,Scribblin #1694,A looping doodle critter from Scribblins. Four bodies. One friendly cartoon. One clock. Minted on Base.,1694.gif,Cream,Bunny,Pout,Beanie,None,None
1695,Scribblin #1695,A looping doodle critter from Scribblins. Four bodies. One friendly cartoon. One clock. Minted on Base.,1695.gif,Cream,Bunny,Sleepy,Cap,Bowtie,Pencil
1696,Scribblin #1696,A looping doodle critter from Scribblins. Four bodies. One friendly cartoon. One clock. Minted on Base.,1696.gif,Clay,Bear,Blep,Flower,None,None
1697,Scribblin #1697,A looping doodle critter from Scribblins. Four bodies. One friendly cartoon. One clock. Minted on Base.,1697.gif,Cream,Bunny,Grin,Beanie,Bandana,None
1698,Scribblin #1698,A looping doodle critter from Scribblins. Four bodies. One friendly cartoon. One clock. Minted on Base.,1698.gif,Clay,Pup,Normal,Flower,None,None
1699,Scribblin #1699,A looping doodle critter from Scribblins. Four bodies. One friendly cartoon. One clock. Minted on Base.,1699.gif,Butter,Bunny,Normal,Flower,Scarf,Heart
1700,Scribblin #1700,A looping doodle critter from Scribblins. Four bodies. One friendly cartoon. One clock. Minted on Base.,1700.gif,Clay,Frog,Sparkly,None,None,Star
1701,Scribblin #1701,A looping doodle critter from Scribblins. Four bodies. One friendly cartoon. One clock. Minted on Base.,1701.gif,Clay,Pup,Blep,Flower,Bandana,Pencil
1702,Scribblin #1702,A looping doodle critter from Scribblins. Four bodies. One friendly cartoon. One clock. Minted on Base.,1702.gif,Clay,Pup,Normal,Bow,Bowtie,None
1703,Scribblin #1703,A looping doodle critter from Scribblins. Four bodies. One friendly cartoon. One clock. Minted on Base.,1703.gif,Clay,Bear,Sleepy,Cap,None,Pencil
1704,Scribblin #1704,A looping doodle critter from Scribblins. Four bodies. One friendly cartoon. One clock. Minted on Base.,1704.gif,Sky,Frog,Wink,Beanie,Bandana,None
1705,Scribblin #1705,A looping doodle critter from Scribblins. Four bodies. One friendly cartoon. One clock. Minted on Base.,1705.gif,Clay,Frog,Grin,Cap,None,None
1706,Scribblin #1706,A looping doodle critter from Scribblins. Four bodies. One friendly cartoon. One clock. Minted on Base.,1706.gif,Clay,Pup,Sleepy,None,Scarf,Star
1707,Scribblin #1707,A looping doodle critter from Scribblins. Four bodies. One friendly cartoon. One clock. Minted on Base.,1707.gif,Sky,Bunny,Sleepy,Headphones,Scarf,Pencil
1708,Scribblin #1708,A looping doodle critter from Scribblins. Four bodies. One friendly cartoon. One clock. Minted on Base.,1708.gif,Sky,Bunny,Blep,Cap,Bandana,Star
1709,Scribblin #1709,A looping doodle critter from Scribblins. Four bodies. One friendly cartoon. One clock. Minted on Base.,1709.gif,Butter,Bunny,Grin,Bow,Bowtie,None
1710,Scribblin #1710,A looping doodle critter from Scribblins. Four bodies. One friendly cartoon. One clock. Minted on Base.,1710.gif,Clay,Bear,Sleepy,Leaf,None,None
1711,Scribblin #1711,A looping doodle critter from Scribblins. Four bodies. One friendly cartoon. One clock. Minted on Base.,1711.gif,Clay,Pup,Wink,Headphones,None,None
1712,Scribblin #1712,A looping doodle critter from Scribblins. Four bodies. One friendly cartoon. One clock. Minted on Base.,1712.gif,Sky,Pup,Blep,Bow,None,None
1713,Scribblin #1713,A looping doodle critter from Scribblins. Four bodies. One friendly cartoon. One clock. Minted on Base.,1713.gif,Cream,Bunny,Wink,None,Scarf,Pencil
1714,Scribblin #1714,A looping doodle critter from Scribblins. Four bodies. One friendly cartoon. One clock. Minted on Base.,1714.gif,Sky,Bunny,Normal,None,Scarf,Star
1715,Scribblin #1715,A looping doodle critter from Scribblins. Four bodies. One friendly cartoon. One clock. Minted on Base.,1715.gif,Cream,Frog,Sleepy,Beanie,Scarf,None
1716,Scribblin #1716,A looping doodle critter from Scribblins. Four bodies. One friendly cartoon. One clock. Minted on Base.,1716.gif,Sky,Bunny,Grin,Leaf,None,None
1717,Scribblin #1717,A looping doodle critter from Scribblins. Four bodies. One friendly cartoon. One clock. Minted on Base.,1717.gif,Cream,Bunny,Heart,None,None,Star
1718,Scribblin #1718,A looping doodle critter from Scribblins. Four bodies. One friendly cartoon. One clock. Minted on Base.,1718.gif,Butter,Bunny,Wink,None,Scarf,None
1719,Scribblin #1719,A looping doodle critter from Scribblins. Four bodies. One friendly cartoon. One clock. Minted on Base.,1719.gif,Sky,Bunny,Pout,None,Scarf,None
1720,Scribblin #1720,A looping doodle critter from Scribblins. Four bodies. One friendly cartoon. One clock. Minted on Base.,1720.gif,Clay,Bunny,Pout,None,Bandana,None
1721,Scribblin #1721,A looping doodle critter from Scribblins. Four bodies. One friendly cartoon. One clock. Minted on Base.,1721.gif,Clay,Bunny,Heart,Leaf,Bandana,Star
1722,Scribblin #1722,A looping doodle critter from Scribblins. Four bodies. One friendly cartoon. One clock. Minted on Base.,1722.gif,Cream,Frog,Blep,Flower,Bandana,None
1723,Scribblin #1723,A looping doodle critter from Scribblins. Four bodies. One friendly cartoon. One clock. Minted on Base.,1723.gif,Butter,Bunny,Sleepy,Flower,Scarf,Star
1724,Scribblin #1724,A looping doodle critter from Scribblins. Four bodies. One friendly cartoon. One clock. Minted on Base.,1724.gif,Clay,Frog,Sleepy,Beanie,Scarf,Balloon
1725,Scribblin #1725,A looping doodle critter from Scribblins. Four bodies. One friendly cartoon. One clock. Minted on Base.,1725.gif,Sky,Frog,Sparkly,Beanie,None,Pencil
1726,Scribblin #1726,A looping doodle critter from Scribblins. Four bodies. One friendly cartoon. One clock. Minted on Base.,1726.gif,Sky,Pup,Blep,None,None,Star
1727,Scribblin #1727,A looping doodle critter from Scribblins. Four bodies. One friendly cartoon. One clock. Minted on Base.,1727.gif,Sky,Pup,Heart,Flower,Bowtie,Star
1728,Scribblin #1728,A looping doodle critter from Scribblins. Four bodies. One friendly cartoon. One clock. Minted on Base.,1728.gif,Sky,Bunny,Sleepy,Leaf,Bandana,Pencil
1729,Scribblin #1729,A looping doodle critter from Scribblins. Four bodies. One friendly cartoon. One clock. Minted on Base.,1729.gif,Clay,Bear,Normal,Beanie,Bowtie,Star
1730,Scribblin #1730,A looping doodle critter from Scribblins. Four bodies. One friendly cartoon. One clock. Minted on Base.,1730.gif,Clay,Bear,Wink,Cap,None,Heart
1731,Scribblin #1731,A looping doodle critter from Scribblins. Four bodies. One friendly cartoon. One clock. Minted on Base.,1731.gif,Cream,Frog,Wink,Headphones,None,Heart
1732,Scribblin #1732,A looping doodle critter from Scribblins. Four bodies. One friendly cartoon. One clock. Minted on Base.,1732.gif,Cream,Bear,Wink,Bow,None,Pencil
1733,Scribblin #1733,A looping doodle critter from Scribblins. Four bodies. One friendly cartoon. One clock. Minted on Base.,1733.gif,Clay,Bunny,Sparkly,Leaf,Scarf,None
1734,Scribblin #1734,A looping doodle critter from Scribblins. Four bodies. One friendly cartoon. One clock. Minted on Base.,1734.gif,Cream,Bunny,Normal,Cap,Bowtie,Star
1735,Scribblin #1735,A looping doodle critter from Scribblins. Four bodies. One friendly cartoon. One clock. Minted on Base.,1735.gif,Cream,Bear,Normal,Beanie,Bandana,None
1736,Scribblin #1736,A looping doodle critter from Scribblins. Four bodies. One friendly cartoon. One clock. Minted on Base.,1736.gif,Cream,Bear,Wink,Cap,None,Pencil
1737,Scribblin #1737,A looping doodle critter from Scribblins. Four bodies. One friendly cartoon. One clock. Minted on Base.,1737.gif,Butter,Bunny,Sleepy,Cap,Scarf,None
1738,Scribblin #1738,A looping doodle critter from Scribblins. Four bodies. One friendly cartoon. One clock. Minted on Base.,1738.gif,Butter,Pup,Pout,Beanie,None,Balloon
1739,Scribblin #1739,A looping doodle critter from Scribblins. Four bodies. One friendly cartoon. One clock. Minted on Base.,1739.gif,Cream,Bear,Blep,Headphones,None,Star
1740,Scribblin #1740,A looping doodle critter from Scribblins. Four bodies. One friendly cartoon. One clock. Minted on Base.,1740.gif,Sky,Pup,Pout,Beanie,Bowtie,Star
1741,Scribblin #1741,A looping doodle critter from Scribblins. Four bodies. One friendly cartoon. One clock. Minted on Base.,1741.gif,Sky,Pup,Heart,Leaf,Bowtie,Pencil
1742,Scribblin #1742,A looping doodle critter from Scribblins. Four bodies. One friendly cartoon. One clock. Minted on Base.,1742.gif,Sky,Bunny,Normal,Headphones,Bowtie,None
1743,Scribblin #1743,A looping doodle critter from Scribblins. Four bodies. One friendly cartoon. One clock. Minted on Base.,1743.gif,Clay,Pup,Wink,Beanie,Scarf,None
1744,Scribblin #1744,A looping doodle critter from Scribblins. Four bodies. One friendly cartoon. One clock. Minted on Base.,1744.gif,Sky,Bear,Normal,Cap,Scarf,None
1745,Scribblin #1745,A looping doodle critter from Scribblins. Four bodies. One friendly cartoon. One clock. Minted on Base.,1745.gif,Clay,Bear,Sparkly,None,Bandana,Star
1746,Scribblin #1746,A looping doodle critter from Scribblins. Four bodies. One friendly cartoon. One clock. Minted on Base.,1746.gif,Clay,Bear,Sleepy,Bow,Bandana,Heart
1747,Scribblin #1747,A looping doodle critter from Scribblins. Four bodies. One friendly cartoon. One clock. Minted on Base.,1747.gif,Cream,Frog,Sleepy,Cap,None,Star
1748,Scribblin #1748,A looping doodle critter from Scribblins. Four bodies. One friendly cartoon. One clock. Minted on Base.,1748.gif,Sky,Bear,Normal,Beanie,None,Heart
1749,Scribblin #1749,A looping doodle critter from Scribblins. Four bodies. One friendly cartoon. One clock. Minted on Base.,1749.gif,Sky,Bunny,Sleepy,Beanie,None,Star
1750,Scribblin #1750,A looping doodle critter from Scribblins. Four bodies. One friendly cartoon. One clock. Minted on Base.,1750.gif,Cream,Bunny,Pout,Headphones,Scarf,Pencil
1751,Scribblin #1751,A looping doodle critter from Scribblins. Four bodies. One friendly cartoon. One clock. Minted on Base.,1751.gif,Clay,Pup,Sparkly,Bow,None,None
1752,Scribblin #1752,A looping doodle critter from Scribblins. Four bodies. One friendly cartoon. One clock. Minted on Base.,1752.gif,Sky,Pup,Grin,Cap,Bandana,None
1753,Scribblin #1753,A looping doodle critter from Scribblins. Four bodies. One friendly cartoon. One clock. Minted on Base.,1753.gif,Clay,Bunny,Pout,Bow,Bowtie,None
1754,Scribblin #1754,A looping doodle critter from Scribblins. Four bodies. One friendly cartoon. One clock. Minted on Base.,1754.gif,Cream,Pup,Normal,None,Bandana,Heart
1755,Scribblin #1755,A looping doodle critter from Scribblins. Four bodies. One friendly cartoon. One clock. Minted on Base.,1755.gif,Butter,Pup,Normal,Cap,Bowtie,Balloon
1756,Scribblin #1756,A looping doodle critter from Scribblins. Four bodies. One friendly cartoon. One clock. Minted on Base.,1756.gif,Cream,Bunny,Wink,Flower,Bowtie,None
1757,Scribblin #1757,A looping doodle critter from Scribblins. Four bodies. One friendly cartoon. One clock. Minted on Base.,1757.gif,Sky,Pup,Pout,Beanie,Scarf,Balloon
1758,Scribblin #1758,A looping doodle critter from Scribblins. Four bodies. One friendly cartoon. One clock. Minted on Base.,1758.gif,Butter,Frog,Normal,None,Bowtie,None
1759,Scribblin #1759,A looping doodle critter from Scribblins. Four bodies. One friendly cartoon. One clock. Minted on Base.,1759.gif,Clay,Bunny,Grin,Leaf,Bandana,Star
1760,Scribblin #1760,A looping doodle critter from Scribblins. Four bodies. One friendly cartoon. One clock. Minted on Base.,1760.gif,Sky,Bunny,Heart,Cap,Scarf,Star
1761,Scribblin #1761,A looping doodle critter from Scribblins. Four bodies. One friendly cartoon. One clock. Minted on Base.,1761.gif,Clay,Bear,Sleepy,Leaf,Bowtie,Heart
1762,Scribblin #1762,A looping doodle critter from Scribblins. Four bodies. One friendly cartoon. One clock. Minted on Base.,1762.gif,Clay,Bunny,Blep,Beanie,Scarf,Star
1763,Scribblin #1763,A looping doodle critter from Scribblins. Four bodies. One friendly cartoon. One clock. Minted on Base.,1763.gif,Cream,Bear,Grin,None,Bandana,None
1764,Scribblin #1764,A looping doodle critter from Scribblins. Four bodies. One friendly cartoon. One clock. Minted on Base.,1764.gif,Cream,Pup,Sparkly,Flower,Bowtie,Star
1765,Scribblin #1765,A looping doodle critter from Scribblins. Four bodies. One friendly cartoon. One clock. Minted on Base.,1765.gif,Sky,Bear,Pout,Beanie,Bandana,Balloon
1766,Scribblin #1766,A looping doodle critter from Scribblins. Four bodies. One friendly cartoon. One clock. Minted on Base.,1766.gif,Butter,Bunny,Grin,Flower,Bandana,Balloon
1767,Scribblin #1767,A looping doodle critter from Scribblins. Four bodies. One friendly cartoon. One clock. Minted on Base.,1767.gif,Cream,Bunny,Sleepy,Beanie,Bandana,Pencil
1768,Scribblin #1768,A looping doodle critter from Scribblins. Four bodies. One friendly cartoon. One clock. Minted on Base.,1768.gif,Sky,Frog,Pout,Headphones,Bandana,Pencil
1769,Scribblin #1769,A looping doodle critter from Scribblins. Four bodies. One friendly cartoon. One clock. Minted on Base.,1769.gif,Butter,Bunny,Normal,Leaf,None,Pencil
1770,Scribblin #1770,A looping doodle critter from Scribblins. Four bodies. One friendly cartoon. One clock. Minted on Base.,1770.gif,Butter,Bunny,Sleepy,Beanie,Scarf,None
1771,Scribblin #1771,A looping doodle critter from Scribblins. Four bodies. One friendly cartoon. One clock. Minted on Base.,1771.gif,Cream,Pup,Pout,Cap,Bandana,None
1772,Scribblin #1772,A looping doodle critter from Scribblins. Four bodies. One friendly cartoon. One clock. Minted on Base.,1772.gif,Clay,Bear,Blep,None,Bandana,None
1773,Scribblin #1773,A looping doodle critter from Scribblins. Four bodies. One friendly cartoon. One clock. Minted on Base.,1773.gif,Butter,Pup,Normal,None,Bowtie,Star
1774,Scribblin #1774,A looping doodle critter from Scribblins. Four bodies. One friendly cartoon. One clock. Minted on Base.,1774.gif,Cream,Bear,Blep,Cap,Bowtie,None
1775,Scribblin #1775,A looping doodle critter from Scribblins. Four bodies. One friendly cartoon. One clock. Minted on Base.,1775.gif,Sky,Bunny,Normal,Flower,Scarf,Heart
1776,Scribblin #1776,A looping doodle critter from Scribblins. Four bodies. One friendly cartoon. One clock. Minted on Base.,1776.gif,Sky,Bear,Normal,Cap,Bandana,Heart
1777,Scribblin #1777,A looping doodle critter from Scribblins. Four bodies. One friendly cartoon. One clock. Minted on Base.,1777.gif,Butter,Bunny,Wink,Leaf,Scarf,Pencil
1778,Scribblin #1778,A looping doodle critter from Scribblins. Four bodies. One friendly cartoon. One clock. Minted on Base.,1778.gif,Sky,Bunny,Grin,None,Bowtie,Heart
1779,Scribblin #1779,A looping doodle critter from Scribblins. Four bodies. One friendly cartoon. One clock. Minted on Base.,1779.gif,Sky,Bear,Normal,Flower,Scarf,Balloon
1780,Scribblin #1780,A looping doodle critter from Scribblins. Four bodies. One friendly cartoon. One clock. Minted on Base.,1780.gif,Sky,Pup,Wink,Flower,None,Star
1781,Scribblin #1781,A looping doodle critter from Scribblins. Four bodies. One friendly cartoon. One clock. Minted on Base.,1781.gif,Butter,Pup,Pout,Bow,Bandana,None
1782,Scribblin #1782,A looping doodle critter from Scribblins. Four bodies. One friendly cartoon. One clock. Minted on Base.,1782.gif,Clay,Bear,Blep,None,Scarf,Star
1783,Scribblin #1783,A looping doodle critter from Scribblins. Four bodies. One friendly cartoon. One clock. Minted on Base.,1783.gif,Clay,Bear,Sparkly,Flower,Scarf,None
1784,Scribblin #1784,A looping doodle critter from Scribblins. Four bodies. One friendly cartoon. One clock. Minted on Base.,1784.gif,Cream,Bear,Normal,None,Scarf,Pencil
1785,Scribblin #1785,A looping doodle critter from Scribblins. Four bodies. One friendly cartoon. One clock. Minted on Base.,1785.gif,Cream,Pup,Sparkly,Cap,Bowtie,Star
1786,Scribblin #1786,A looping doodle critter from Scribblins. Four bodies. One friendly cartoon. One clock. Minted on Base.,1786.gif,Clay,Bear,Wink,Cap,Bandana,None
1787,Scribblin #1787,A looping doodle critter from Scribblins. Four bodies. One friendly cartoon. One clock. Minted on Base.,1787.gif,Cream,Bear,Sparkly,Flower,Bowtie,Star
1788,Scribblin #1788,A looping doodle critter from Scribblins. Four bodies. One friendly cartoon. One clock. Minted on Base.,1788.gif,Sky,Pup,Sleepy,None,Bandana,Balloon
1789,Scribblin #1789,A looping doodle critter from Scribblins. Four bodies. One friendly cartoon. One clock. Minted on Base.,1789.gif,Cream,Bunny,Blep,Leaf,Bowtie,None
1790,Scribblin #1790,A looping doodle critter from Scribblins. Four bodies. One friendly cartoon. One clock. Minted on Base.,1790.gif,Cream,Bear,Wink,Cap,None,None
1791,Scribblin #1791,A looping doodle critter from Scribblins. Four bodies. One friendly cartoon. One clock. Minted on Base.,1791.gif,Sky,Pup,Pout,Bow,Scarf,Star
1792,Scribblin #1792,A looping doodle critter from Scribblins. Four bodies. One friendly cartoon. One clock. Minted on Base.,1792.gif,Butter,Bunny,Blep,Flower,Bowtie,None
1793,Scribblin #1793,A looping doodle critter from Scribblins. Four bodies. One friendly cartoon. One clock. Minted on Base.,1793.gif,Sky,Bear,Pout,Bow,Scarf,None
1794,Scribblin #1794,A looping doodle critter from Scribblins. Four bodies. One friendly cartoon. One clock. Minted on Base.,1794.gif,Butter,Bunny,Heart,Beanie,Bandana,None
1795,Scribblin #1795,A looping doodle critter from Scribblins. Four bodies. One friendly cartoon. One clock. Minted on Base.,1795.gif,Clay,Bear,Heart,Beanie,Scarf,Pencil
1796,Scribblin #1796,A looping doodle critter from Scribblins. Four bodies. One friendly cartoon. One clock. Minted on Base.,1796.gif,Butter,Bunny,Pout,Leaf,Bowtie,Balloon
1797,Scribblin #1797,A looping doodle critter from Scribblins. Four bodies. One friendly cartoon. One clock. Minted on Base.,1797.gif,Clay,Pup,Wink,Beanie,Bandana,Balloon
1798,Scribblin #1798,A looping doodle critter from Scribblins. Four bodies. One friendly cartoon. One clock. Minted on Base.,1798.gif,Butter,Bear,Grin,Cap,None,Heart
1799,Scribblin #1799,A looping doodle critter from Scribblins. Four bodies. One friendly cartoon. One clock. Minted on Base.,1799.gif,Butter,Frog,Wink,Bow,None,None
1800,Scribblin #1800,A looping doodle critter from Scribblins. Four bodies. One friendly cartoon. One clock. Minted on Base.,1800.gif,Clay,Bunny,Sparkly,Headphones,Bandana,Pencil
1801,Scribblin #1801,A looping doodle critter from Scribblins. Four bodies. One friendly cartoon. One clock. Minted on Base.,1801.gif,Sky,Frog,Grin,None,Bandana,None
1802,Scribblin #1802,A looping doodle critter from Scribblins. Four bodies. One friendly cartoon. One clock. Minted on Base.,1802.gif,Cream,Pup,Pout,Headphones,None,None
1803,Scribblin #1803,A looping doodle critter from Scribblins. Four bodies. One friendly cartoon. One clock. Minted on Base.,1803.gif,Clay,Bear,Normal,Flower,None,None
1804,Scribblin #1804,A looping doodle critter from Scribblins. Four bodies. One friendly cartoon. One clock. Minted on Base.,1804.gif,Clay,Pup,Sparkly,Beanie,Bandana,None
1805,Scribblin #1805,A looping doodle critter from Scribblins. Four bodies. One friendly cartoon. One clock. Minted on Base.,1805.gif,Cream,Pup,Sparkly,None,Scarf,Star
1806,Scribblin #1806,A looping doodle critter from Scribblins. Four bodies. One friendly cartoon. One clock. Minted on Base.,1806.gif,Clay,Bunny,Blep,Flower,None,Balloon
1807,Scribblin #1807,A looping doodle critter from Scribblins. Four bodies. One friendly cartoon. One clock. Minted on Base.,1807.gif,Clay,Bear,Normal,None,Bandana,None
1808,Scribblin #1808,A looping doodle critter from Scribblins. Four bodies. One friendly cartoon. One clock. Minted on Base.,1808.gif,Sky,Bear,Heart,Headphones,None,None
1809,Scribblin #1809,A looping doodle critter from Scribblins. Four bodies. One friendly cartoon. One clock. Minted on Base.,1809.gif,Cream,Bear,Sleepy,Leaf,Bowtie,Star
1810,Scribblin #1810,A looping doodle critter from Scribblins. Four bodies. One friendly cartoon. One clock. Minted on Base.,1810.gif,Sky,Bear,Wink,None,Bandana,None
1811,Scribblin #1811,A looping doodle critter from Scribblins. Four bodies. One friendly cartoon. One clock. Minted on Base.,1811.gif,Sky,Bunny,Sleepy,Headphones,None,Balloon
1812,Scribblin #1812,A looping doodle critter from Scribblins. Four bodies. One friendly cartoon. One clock. Minted on Base.,1812.gif,Clay,Bunny,Wink,Headphones,Scarf,None
1813,Scribblin #1813,A looping doodle critter from Scribblins. Four bodies. One friendly cartoon. One clock. Minted on Base.,1813.gif,Butter,Bear,Normal,Flower,None,Heart
1814,Scribblin #1814,A looping doodle critter from Scribblins. Four bodies. One friendly cartoon. One clock. Minted on Base.,1814.gif,Clay,Pup,Sparkly,None,None,None
1815,Scribblin #1815,A looping doodle critter from Scribblins. Four bodies. One friendly cartoon. One clock. Minted on Base.,1815.gif,Butter,Bunny,Normal,Beanie,Bandana,None
1816,Scribblin #1816,A looping doodle critter from Scribblins. Four bodies. One friendly cartoon. One clock. Minted on Base.,1816.gif,Clay,Bear,Heart,None,Bandana,Pencil
1817,Scribblin #1817,A looping doodle critter from Scribblins. Four bodies. One friendly cartoon. One clock. Minted on Base.,1817.gif,Sky,Bunny,Grin,Leaf,Scarf,Balloon
1818,Scribblin #1818,A looping doodle critter from Scribblins. Four bodies. One friendly cartoon. One clock. Minted on Base.,1818.gif,Butter,Bunny,Sleepy,Flower,None,Star
1819,Scribblin #1819,A looping doodle critter from Scribblins. Four bodies. One friendly cartoon. One clock. Minted on Base.,1819.gif,Cream,Pup,Blep,None,Scarf,Star
1820,Scribblin #1820,A looping doodle critter from Scribblins. Four bodies. One friendly cartoon. One clock. Minted on Base.,1820.gif,Clay,Bunny,Grin,None,Scarf,Balloon
1821,Scribblin #1821,A looping doodle critter from Scribblins. Four bodies. One friendly cartoon. One clock. Minted on Base.,1821.gif,Cream,Bear,Blep,Beanie,None,Star
1822,Scribblin #1822,A looping doodle critter from Scribblins. Four bodies. One friendly cartoon. One clock. Minted on Base.,1822.gif,Sky,Pup,Blep,Headphones,None,None
1823,Scribblin #1823,A looping doodle critter from Scribblins. Four bodies. One friendly cartoon. One clock. Minted on Base.,1823.gif,Sky,Pup,Sleepy,Cap,Bandana,Heart
1824,Scribblin #1824,A looping doodle critter from Scribblins. Four bodies. One friendly cartoon. One clock. Minted on Base.,1824.gif,Cream,Bunny,Sleepy,None,Scarf,Pencil
1825,Scribblin #1825,A looping doodle critter from Scribblins. Four bodies. One friendly cartoon. One clock. Minted on Base.,1825.gif,Cream,Bunny,Normal,Cap,None,Balloon
1826,Scribblin #1826,A looping doodle critter from Scribblins. Four bodies. One friendly cartoon. One clock. Minted on Base.,1826.gif,Sky,Bear,Pout,Beanie,None,None
1827,Scribblin #1827,A looping doodle critter from Scribblins. Four bodies. One friendly cartoon. One clock. Minted on Base.,1827.gif,Clay,Bunny,Blep,Leaf,None,None
1828,Scribblin #1828,A looping doodle critter from Scribblins. Four bodies. One friendly cartoon. One clock. Minted on Base.,1828.gif,Cream,Bear,Sleepy,Headphones,Scarf,Heart
1829,Scribblin #1829,A looping doodle critter from Scribblins. Four bodies. One friendly cartoon. One clock. Minted on Base.,1829.gif,Sky,Pup,Normal,Cap,Scarf,Pencil
1830,Scribblin #1830,A looping doodle critter from Scribblins. Four bodies. One friendly cartoon. One clock. Minted on Base.,1830.gif,Clay,Frog,Sleepy,Headphones,Bandana,Star
1831,Scribblin #1831,A looping doodle critter from Scribblins. Four bodies. One friendly cartoon. One clock. Minted on Base.,1831.gif,Clay,Bear,Normal,Beanie,None,Pencil
1832,Scribblin #1832,A looping doodle critter from Scribblins. Four bodies. One friendly cartoon. One clock. Minted on Base.,1832.gif,Sky,Pup,Wink,Bow,Bandana,Balloon
1833,Scribblin #1833,A looping doodle critter from Scribblins. Four bodies. One friendly cartoon. One clock. Minted on Base.,1833.gif,Sky,Bunny,Wink,Bow,Scarf,None
1834,Scribblin #1834,A looping doodle critter from Scribblins. Four bodies. One friendly cartoon. One clock. Minted on Base.,1834.gif,Sky,Pup,Normal,Headphones,Bandana,None
1835,Scribblin #1835,A looping doodle critter from Scribblins. Four bodies. One friendly cartoon. One clock. Minted on Base.,1835.gif,Cream,Bear,Sleepy,Bow,Bandana,Pencil
1836,Scribblin #1836,A looping doodle critter from Scribblins. Four bodies. One friendly cartoon. One clock. Minted on Base.,1836.gif,Sky,Pup,Pout,Flower,Scarf,Star
1837,Scribblin #1837,A looping doodle critter from Scribblins. Four bodies. One friendly cartoon. One clock. Minted on Base.,1837.gif,Butter,Pup,Pout,None,None,Star
1838,Scribblin #1838,A looping doodle critter from Scribblins. Four bodies. One friendly cartoon. One clock. Minted on Base.,1838.gif,Clay,Bear,Normal,Cap,Bowtie,Heart
1839,Scribblin #1839,A looping doodle critter from Scribblins. Four bodies. One friendly cartoon. One clock. Minted on Base.,1839.gif,Sky,Bunny,Sleepy,Leaf,Bowtie,Star
1840,Scribblin #1840,A looping doodle critter from Scribblins. Four bodies. One friendly cartoon. One clock. Minted on Base.,1840.gif,Clay,Bunny,Normal,Leaf,None,Star
1841,Scribblin #1841,A looping doodle critter from Scribblins. Four bodies. One friendly cartoon. One clock. Minted on Base.,1841.gif,Clay,Pup,Sleepy,Leaf,Bowtie,Star
1842,Scribblin #1842,A looping doodle critter from Scribblins. Four bodies. One friendly cartoon. One clock. Minted on Base.,1842.gif,Sky,Bunny,Blep,None,Bowtie,Pencil
1843,Scribblin #1843,A looping doodle critter from Scribblins. Four bodies. One friendly cartoon. One clock. Minted on Base.,1843.gif,Cream,Bear,Blep,None,Scarf,Balloon
1844,Scribblin #1844,A looping doodle critter from Scribblins. Four bodies. One friendly cartoon. One clock. Minted on Base.,1844.gif,Cream,Pup,Grin,Headphones,None,Balloon
1845,Scribblin #1845,A looping doodle critter from Scribblins. Four bodies. One friendly cartoon. One clock. Minted on Base.,1845.gif,Clay,Pup,Blep,Cap,Bowtie,Star
1846,Scribblin #1846,A looping doodle critter from Scribblins. Four bodies. One friendly cartoon. One clock. Minted on Base.,1846.gif,Clay,Bunny,Wink,Beanie,None,Pencil
1847,Scribblin #1847,A looping doodle critter from Scribblins. Four bodies. One friendly cartoon. One clock. Minted on Base.,1847.gif,Sky,Frog,Blep,Beanie,None,Balloon
1848,Scribblin #1848,A looping doodle critter from Scribblins. Four bodies. One friendly cartoon. One clock. Minted on Base.,1848.gif,Cream,Pup,Sparkly,Flower,Bandana,Pencil
1849,Scribblin #1849,A looping doodle critter from Scribblins. Four bodies. One friendly cartoon. One clock. Minted on Base.,1849.gif,Cream,Frog,Sleepy,Beanie,Scarf,Star
1850,Scribblin #1850,A looping doodle critter from Scribblins. Four bodies. One friendly cartoon. One clock. Minted on Base.,1850.gif,Clay,Bear,Wink,Leaf,Bandana,Pencil
1851,Scribblin #1851,A looping doodle critter from Scribblins. Four bodies. One friendly cartoon. One clock. Minted on Base.,1851.gif,Cream,Bunny,Blep,Leaf,None,Pencil
1852,Scribblin #1852,A looping doodle critter from Scribblins. Four bodies. One friendly cartoon. One clock. Minted on Base.,1852.gif,Clay,Pup,Blep,Cap,Scarf,Heart
1853,Scribblin #1853,A looping doodle critter from Scribblins. Four bodies. One friendly cartoon. One clock. Minted on Base.,1853.gif,Cream,Frog,Normal,Leaf,Bandana,None
1854,Scribblin #1854,A looping doodle critter from Scribblins. Four bodies. One friendly cartoon. One clock. Minted on Base.,1854.gif,Cream,Bunny,Sleepy,Leaf,Scarf,Star
1855,Scribblin #1855,A looping doodle critter from Scribblins. Four bodies. One friendly cartoon. One clock. Minted on Base.,1855.gif,Clay,Bunny,Sparkly,Cap,None,Star
1856,Scribblin #1856,A looping doodle critter from Scribblins. Four bodies. One friendly cartoon. One clock. Minted on Base.,1856.gif,Clay,Bear,Sparkly,Beanie,None,Heart
1857,Scribblin #1857,A looping doodle critter from Scribblins. Four bodies. One friendly cartoon. One clock. Minted on Base.,1857.gif,Cream,Bunny,Normal,Flower,None,Balloon
1858,Scribblin #1858,A looping doodle critter from Scribblins. Four bodies. One friendly cartoon. One clock. Minted on Base.,1858.gif,Sky,Pup,Sleepy,Headphones,None,Star
1859,Scribblin #1859,A looping doodle critter from Scribblins. Four bodies. One friendly cartoon. One clock. Minted on Base.,1859.gif,Clay,Frog,Grin,Leaf,Scarf,Star
1860,Scribblin #1860,A looping doodle critter from Scribblins. Four bodies. One friendly cartoon. One clock. Minted on Base.,1860.gif,Cream,Bunny,Grin,Headphones,Scarf,Balloon
1861,Scribblin #1861,A looping doodle critter from Scribblins. Four bodies. One friendly cartoon. One clock. Minted on Base.,1861.gif,Clay,Pup,Grin,None,Bowtie,Pencil
1862,Scribblin #1862,A looping doodle critter from Scribblins. Four bodies. One friendly cartoon. One clock. Minted on Base.,1862.gif,Butter,Bunny,Sparkly,None,Scarf,None
1863,Scribblin #1863,A looping doodle critter from Scribblins. Four bodies. One friendly cartoon. One clock. Minted on Base.,1863.gif,Clay,Bunny,Heart,Leaf,None,None
1864,Scribblin #1864,A looping doodle critter from Scribblins. Four bodies. One friendly cartoon. One clock. Minted on Base.,1864.gif,Sky,Pup,Pout,Flower,Bandana,Heart
1865,Scribblin #1865,A looping doodle critter from Scribblins. Four bodies. One friendly cartoon. One clock. Minted on Base.,1865.gif,Butter,Bear,Blep,Beanie,Bowtie,None
1866,Scribblin #1866,A looping doodle critter from Scribblins. Four bodies. One friendly cartoon. One clock. Minted on Base.,1866.gif,Sky,Pup,Pout,Leaf,Scarf,None
1867,Scribblin #1867,A looping doodle critter from Scribblins. Four bodies. One friendly cartoon. One clock. Minted on Base.,1867.gif,Butter,Bear,Normal,None,Scarf,Star
1868,Scribblin #1868,A looping doodle critter from Scribblins. Four bodies. One friendly cartoon. One clock. Minted on Base.,1868.gif,Clay,Frog,Wink,None,Bowtie,None
1869,Scribblin #1869,A looping doodle critter from Scribblins. Four bodies. One friendly cartoon. One clock. Minted on Base.,1869.gif,Butter,Bunny,Normal,Flower,None,Pencil
1870,Scribblin #1870,A looping doodle critter from Scribblins. Four bodies. One friendly cartoon. One clock. Minted on Base.,1870.gif,Clay,Bunny,Sparkly,Leaf,None,None
1871,Scribblin #1871,A looping doodle critter from Scribblins. Four bodies. One friendly cartoon. One clock. Minted on Base.,1871.gif,Butter,Bear,Pout,Leaf,Bowtie,None
1872,Scribblin #1872,A looping doodle critter from Scribblins. Four bodies. One friendly cartoon. One clock. Minted on Base.,1872.gif,Sky,Bear,Heart,Beanie,Bowtie,Pencil
1873,Scribblin #1873,A looping doodle critter from Scribblins. Four bodies. One friendly cartoon. One clock. Minted on Base.,1873.gif,Clay,Pup,Sparkly,None,Bandana,None
1874,Scribblin #1874,A looping doodle critter from Scribblins. Four bodies. One friendly cartoon. One clock. Minted on Base.,1874.gif,Sky,Bunny,Grin,Headphones,None,None
1875,Scribblin #1875,A looping doodle critter from Scribblins. Four bodies. One friendly cartoon. One clock. Minted on Base.,1875.gif,Clay,Pup,Wink,Leaf,Bowtie,Star
1876,Scribblin #1876,A looping doodle critter from Scribblins. Four bodies. One friendly cartoon. One clock. Minted on Base.,1876.gif,Clay,Frog,Sleepy,Cap,Bandana,Balloon
1877,Scribblin #1877,A looping doodle critter from Scribblins. Four bodies. One friendly cartoon. One clock. Minted on Base.,1877.gif,Clay,Bunny,Blep,Flower,None,Heart
1878,Scribblin #1878,A looping doodle critter from Scribblins. Four bodies. One friendly cartoon. One clock. Minted on Base.,1878.gif,Cream,Bunny,Normal,None,None,Heart
1879,Scribblin #1879,A looping doodle critter from Scribblins. Four bodies. One friendly cartoon. One clock. Minted on Base.,1879.gif,Cream,Bear,Blep,Beanie,Scarf,Heart
1880,Scribblin #1880,A looping doodle critter from Scribblins. Four bodies. One friendly cartoon. One clock. Minted on Base.,1880.gif,Sky,Frog,Sleepy,None,None,Balloon
1881,Scribblin #1881,A looping doodle critter from Scribblins. Four bodies. One friendly cartoon. One clock. Minted on Base.,1881.gif,Sky,Bear,Wink,Cap,None,Heart
1882,Scribblin #1882,A looping doodle critter from Scribblins. Four bodies. One friendly cartoon. One clock. Minted on Base.,1882.gif,Sky,Bunny,Heart,Flower,Scarf,Balloon
1883,Scribblin #1883,A looping doodle critter from Scribblins. Four bodies. One friendly cartoon. One clock. Minted on Base.,1883.gif,Butter,Frog,Sparkly,None,Scarf,Balloon
1884,Scribblin #1884,A looping doodle critter from Scribblins. Four bodies. One friendly cartoon. One clock. Minted on Base.,1884.gif,Cream,Bunny,Pout,Leaf,None,None
1885,Scribblin #1885,A looping doodle critter from Scribblins. Four bodies. One friendly cartoon. One clock. Minted on Base.,1885.gif,Sky,Pup,Sparkly,Headphones,Scarf,Pencil
1886,Scribblin #1886,A looping doodle critter from Scribblins. Four bodies. One friendly cartoon. One clock. Minted on Base.,1886.gif,Clay,Bear,Normal,Cap,Bandana,Pencil
1887,Scribblin #1887,A looping doodle critter from Scribblins. Four bodies. One friendly cartoon. One clock. Minted on Base.,1887.gif,Sky,Bunny,Grin,Cap,Scarf,Pencil
1888,Scribblin #1888,A looping doodle critter from Scribblins. Four bodies. One friendly cartoon. One clock. Minted on Base.,1888.gif,Sky,Bunny,Blep,Flower,None,Pencil
1889,Scribblin #1889,A looping doodle critter from Scribblins. Four bodies. One friendly cartoon. One clock. Minted on Base.,1889.gif,Butter,Frog,Grin,Beanie,Scarf,Pencil
1890,Scribblin #1890,A looping doodle critter from Scribblins. Four bodies. One friendly cartoon. One clock. Minted on Base.,1890.gif,Sky,Bunny,Sparkly,None,Scarf,Star
1891,Scribblin #1891,A looping doodle critter from Scribblins. Four bodies. One friendly cartoon. One clock. Minted on Base.,1891.gif,Sky,Pup,Grin,Beanie,Bandana,None
1892,Scribblin #1892,A looping doodle critter from Scribblins. Four bodies. One friendly cartoon. One clock. Minted on Base.,1892.gif,Cream,Bear,Blep,Cap,None,Star
1893,Scribblin #1893,A looping doodle critter from Scribblins. Four bodies. One friendly cartoon. One clock. Minted on Base.,1893.gif,Sky,Bunny,Pout,None,Bandana,Pencil
1894,Scribblin #1894,A looping doodle critter from Scribblins. Four bodies. One friendly cartoon. One clock. Minted on Base.,1894.gif,Clay,Frog,Normal,Headphones,None,Balloon
1895,Scribblin #1895,A looping doodle critter from Scribblins. Four bodies. One friendly cartoon. One clock. Minted on Base.,1895.gif,Cream,Bunny,Blep,None,Bowtie,Star
1896,Scribblin #1896,A looping doodle critter from Scribblins. Four bodies. One friendly cartoon. One clock. Minted on Base.,1896.gif,Cream,Bunny,Wink,Leaf,Bowtie,Star
1897,Scribblin #1897,A looping doodle critter from Scribblins. Four bodies. One friendly cartoon. One clock. Minted on Base.,1897.gif,Butter,Pup,Grin,Headphones,Scarf,Heart
1898,Scribblin #1898,A looping doodle critter from Scribblins. Four bodies. One friendly cartoon. One clock. Minted on Base.,1898.gif,Cream,Bear,Blep,Headphones,Bandana,Star
1899,Scribblin #1899,A looping doodle critter from Scribblins. Four bodies. One friendly cartoon. One clock. Minted on Base.,1899.gif,Sky,Pup,Wink,Flower,None,Heart
1900,Scribblin #1900,A looping doodle critter from Scribblins. Four bodies. One friendly cartoon. One clock. Minted on Base.,1900.gif,Clay,Pup,Grin,Cap,Scarf,Star
1901,Scribblin #1901,A looping doodle critter from Scribblins. Four bodies. One friendly cartoon. One clock. Minted on Base.,1901.gif,Cream,Bear,Normal,None,Scarf,Star
1902,Scribblin #1902,A looping doodle critter from Scribblins. Four bodies. One friendly cartoon. One clock. Minted on Base.,1902.gif,Sky,Frog,Normal,Beanie,None,Balloon
1903,Scribblin #1903,A looping doodle critter from Scribblins. Four bodies. One friendly cartoon. One clock. Minted on Base.,1903.gif,Clay,Bear,Grin,Leaf,Bandana,None
1904,Scribblin #1904,A looping doodle critter from Scribblins. Four bodies. One friendly cartoon. One clock. Minted on Base.,1904.gif,Sky,Frog,Grin,None,Bowtie,Star
1905,Scribblin #1905,A looping doodle critter from Scribblins. Four bodies. One friendly cartoon. One clock. Minted on Base.,1905.gif,Cream,Bunny,Sparkly,Flower,Scarf,Heart
1906,Scribblin #1906,A looping doodle critter from Scribblins. Four bodies. One friendly cartoon. One clock. Minted on Base.,1906.gif,Clay,Pup,Grin,Headphones,Bandana,Heart
1907,Scribblin #1907,A looping doodle critter from Scribblins. Four bodies. One friendly cartoon. One clock. Minted on Base.,1907.gif,Sky,Bear,Sparkly,Bow,None,Star
1908,Scribblin #1908,A looping doodle critter from Scribblins. Four bodies. One friendly cartoon. One clock. Minted on Base.,1908.gif,Clay,Pup,Grin,None,Bandana,Balloon
1909,Scribblin #1909,A looping doodle critter from Scribblins. Four bodies. One friendly cartoon. One clock. Minted on Base.,1909.gif,Cream,Frog,Grin,Headphones,Bowtie,Star
1910,Scribblin #1910,A looping doodle critter from Scribblins. Four bodies. One friendly cartoon. One clock. Minted on Base.,1910.gif,Sky,Pup,Wink,Bow,Bowtie,None
1911,Scribblin #1911,A looping doodle critter from Scribblins. Four bodies. One friendly cartoon. One clock. Minted on Base.,1911.gif,Clay,Bunny,Blep,Cap,Bowtie,None
1912,Scribblin #1912,A looping doodle critter from Scribblins. Four bodies. One friendly cartoon. One clock. Minted on Base.,1912.gif,Sky,Frog,Wink,Cap,Bowtie,Star
1913,Scribblin #1913,A looping doodle critter from Scribblins. Four bodies. One friendly cartoon. One clock. Minted on Base.,1913.gif,Cream,Bear,Sparkly,Leaf,None,None
1914,Scribblin #1914,A looping doodle critter from Scribblins. Four bodies. One friendly cartoon. One clock. Minted on Base.,1914.gif,Cream,Pup,Wink,Flower,None,Heart
1915,Scribblin #1915,A looping doodle critter from Scribblins. Four bodies. One friendly cartoon. One clock. Minted on Base.,1915.gif,Clay,Bear,Heart,None,Bandana,Star
1916,Scribblin #1916,A looping doodle critter from Scribblins. Four bodies. One friendly cartoon. One clock. Minted on Base.,1916.gif,Cream,Bunny,Normal,Cap,None,None
1917,Scribblin #1917,A looping doodle critter from Scribblins. Four bodies. One friendly cartoon. One clock. Minted on Base.,1917.gif,Cream,Pup,Pout,Cap,Bowtie,Heart
1918,Scribblin #1918,A looping doodle critter from Scribblins. Four bodies. One friendly cartoon. One clock. Minted on Base.,1918.gif,Butter,Frog,Sparkly,None,Scarf,None
1919,Scribblin #1919,A looping doodle critter from Scribblins. Four bodies. One friendly cartoon. One clock. Minted on Base.,1919.gif,Sky,Frog,Normal,Leaf,Scarf,Balloon
1920,Scribblin #1920,A looping doodle critter from Scribblins. Four bodies. One friendly cartoon. One clock. Minted on Base.,1920.gif,Cream,Bunny,Normal,Flower,Bowtie,Balloon
1921,Scribblin #1921,A looping doodle critter from Scribblins. Four bodies. One friendly cartoon. One clock. Minted on Base.,1921.gif,Butter,Bunny,Grin,Bow,Bandana,Star
1922,Scribblin #1922,A looping doodle critter from Scribblins. Four bodies. One friendly cartoon. One clock. Minted on Base.,1922.gif,Clay,Bear,Grin,Leaf,Bandana,Star
1923,Scribblin #1923,A looping doodle critter from Scribblins. Four bodies. One friendly cartoon. One clock. Minted on Base.,1923.gif,Clay,Bear,Normal,Headphones,Bandana,Heart
1924,Scribblin #1924,A looping doodle critter from Scribblins. Four bodies. One friendly cartoon. One clock. Minted on Base.,1924.gif,Clay,Frog,Normal,Bow,Bandana,Star
1925,Scribblin #1925,A looping doodle critter from Scribblins. Four bodies. One friendly cartoon. One clock. Minted on Base.,1925.gif,Butter,Bunny,Pout,Bow,Bandana,Heart
1926,Scribblin #1926,A looping doodle critter from Scribblins. Four bodies. One friendly cartoon. One clock. Minted on Base.,1926.gif,Cream,Bear,Pout,Bow,Bandana,None
1927,Scribblin #1927,A looping doodle critter from Scribblins. Four bodies. One friendly cartoon. One clock. Minted on Base.,1927.gif,Clay,Bear,Grin,Headphones,Bowtie,None
1928,Scribblin #1928,A looping doodle critter from Scribblins. Four bodies. One friendly cartoon. One clock. Minted on Base.,1928.gif,Cream,Pup,Sleepy,Beanie,Bandana,Pencil
1929,Scribblin #1929,A looping doodle critter from Scribblins. Four bodies. One friendly cartoon. One clock. Minted on Base.,1929.gif,Clay,Frog,Wink,Beanie,Scarf,Balloon
1930,Scribblin #1930,A looping doodle critter from Scribblins. Four bodies. One friendly cartoon. One clock. Minted on Base.,1930.gif,Butter,Pup,Normal,Leaf,None,None
1931,Scribblin #1931,A looping doodle critter from Scribblins. Four bodies. One friendly cartoon. One clock. Minted on Base.,1931.gif,Butter,Bear,Sparkly,Headphones,None,Balloon
1932,Scribblin #1932,A looping doodle critter from Scribblins. Four bodies. One friendly cartoon. One clock. Minted on Base.,1932.gif,Butter,Bunny,Sleepy,Leaf,Bowtie,Pencil
1933,Scribblin #1933,A looping doodle critter from Scribblins. Four bodies. One friendly cartoon. One clock. Minted on Base.,1933.gif,Cream,Frog,Blep,Beanie,Scarf,None
1934,Scribblin #1934,A looping doodle critter from Scribblins. Four bodies. One friendly cartoon. One clock. Minted on Base.,1934.gif,Sky,Bear,Pout,Beanie,None,Heart
1935,Scribblin #1935,A looping doodle critter from Scribblins. Four bodies. One friendly cartoon. One clock. Minted on Base.,1935.gif,Butter,Bunny,Sleepy,None,None,None
1936,Scribblin #1936,A looping doodle critter from Scribblins. Four bodies. One friendly cartoon. One clock. Minted on Base.,1936.gif,Sky,Bear,Wink,Flower,Bandana,Heart
1937,Scribblin #1937,A looping doodle critter from Scribblins. Four bodies. One friendly cartoon. One clock. Minted on Base.,1937.gif,Sky,Bunny,Sleepy,Cap,Bowtie,Star
1938,Scribblin #1938,A looping doodle critter from Scribblins. Four bodies. One friendly cartoon. One clock. Minted on Base.,1938.gif,Clay,Bear,Normal,Headphones,Scarf,Heart
1939,Scribblin #1939,A looping doodle critter from Scribblins. Four bodies. One friendly cartoon. One clock. Minted on Base.,1939.gif,Sky,Pup,Wink,None,Scarf,Heart
1940,Scribblin #1940,A looping doodle critter from Scribblins. Four bodies. One friendly cartoon. One clock. Minted on Base.,1940.gif,Clay,Bear,Pout,Headphones,None,Heart
1941,Scribblin #1941,A looping doodle critter from Scribblins. Four bodies. One friendly cartoon. One clock. Minted on Base.,1941.gif,Sky,Frog,Sleepy,Beanie,None,None
1942,Scribblin #1942,A looping doodle critter from Scribblins. Four bodies. One friendly cartoon. One clock. Minted on Base.,1942.gif,Sky,Bear,Wink,None,None,Pencil
1943,Scribblin #1943,A looping doodle critter from Scribblins. Four bodies. One friendly cartoon. One clock. Minted on Base.,1943.gif,Clay,Pup,Normal,Beanie,None,Star
1944,Scribblin #1944,A looping doodle critter from Scribblins. Four bodies. One friendly cartoon. One clock. Minted on Base.,1944.gif,Cream,Frog,Pout,Leaf,Scarf,None
1945,Scribblin #1945,A looping doodle critter from Scribblins. Four bodies. One friendly cartoon. One clock. Minted on Base.,1945.gif,Cream,Pup,Wink,Flower,Bowtie,None
1946,Scribblin #1946,A looping doodle critter from Scribblins. Four bodies. One friendly cartoon. One clock. Minted on Base.,1946.gif,Cream,Bunny,Heart,Bow,None,Balloon
1947,Scribblin #1947,A looping doodle critter from Scribblins. Four bodies. One friendly cartoon. One clock. Minted on Base.,1947.gif,Sky,Bear,Normal,None,None,Pencil
1948,Scribblin #1948,A looping doodle critter from Scribblins. Four bodies. One friendly cartoon. One clock. Minted on Base.,1948.gif,Sky,Bunny,Sparkly,Flower,Bandana,Star
1949,Scribblin #1949,A looping doodle critter from Scribblins. Four bodies. One friendly cartoon. One clock. Minted on Base.,1949.gif,Sky,Bunny,Blep,Leaf,None,None
1950,Scribblin #1950,A looping doodle critter from Scribblins. Four bodies. One friendly cartoon. One clock. Minted on Base.,1950.gif,Butter,Bunny,Sparkly,Bow,Bowtie,Balloon
1951,Scribblin #1951,A looping doodle critter from Scribblins. Four bodies. One friendly cartoon. One clock. Minted on Base.,1951.gif,Sky,Bunny,Normal,Flower,Scarf,None
1952,Scribblin #1952,A looping doodle critter from Scribblins. Four bodies. One friendly cartoon. One clock. Minted on Base.,1952.gif,Cream,Pup,Grin,None,Bowtie,None
1953,Scribblin #1953,A looping doodle critter from Scribblins. Four bodies. One friendly cartoon. One clock. Minted on Base.,1953.gif,Cream,Bunny,Wink,None,Bandana,Balloon
1954,Scribblin #1954,A looping doodle critter from Scribblins. Four bodies. One friendly cartoon. One clock. Minted on Base.,1954.gif,Clay,Pup,Sleepy,Headphones,Scarf,None
1955,Scribblin #1955,A looping doodle critter from Scribblins. Four bodies. One friendly cartoon. One clock. Minted on Base.,1955.gif,Clay,Pup,Blep,Flower,Bandana,Balloon
1956,Scribblin #1956,A looping doodle critter from Scribblins. Four bodies. One friendly cartoon. One clock. Minted on Base.,1956.gif,Cream,Bear,Wink,Beanie,Scarf,Star
1957,Scribblin #1957,A looping doodle critter from Scribblins. Four bodies. One friendly cartoon. One clock. Minted on Base.,1957.gif,Cream,Bear,Normal,None,Bandana,None
1958,Scribblin #1958,A looping doodle critter from Scribblins. Four bodies. One friendly cartoon. One clock. Minted on Base.,1958.gif,Sky,Frog,Normal,Headphones,Scarf,Balloon
1959,Scribblin #1959,A looping doodle critter from Scribblins. Four bodies. One friendly cartoon. One clock. Minted on Base.,1959.gif,Cream,Bunny,Grin,Bow,None,Star
1960,Scribblin #1960,A looping doodle critter from Scribblins. Four bodies. One friendly cartoon. One clock. Minted on Base.,1960.gif,Sky,Pup,Sleepy,Cap,None,Star
1961,Scribblin #1961,A looping doodle critter from Scribblins. Four bodies. One friendly cartoon. One clock. Minted on Base.,1961.gif,Butter,Bear,Wink,Leaf,Bowtie,Star
1962,Scribblin #1962,A looping doodle critter from Scribblins. Four bodies. One friendly cartoon. One clock. Minted on Base.,1962.gif,Clay,Pup,Grin,None,Bowtie,Star
1963,Scribblin #1963,A looping doodle critter from Scribblins. Four bodies. One friendly cartoon. One clock. Minted on Base.,1963.gif,Cream,Pup,Blep,Bow,None,Pencil
1964,Scribblin #1964,A looping doodle critter from Scribblins. Four bodies. One friendly cartoon. One clock. Minted on Base.,1964.gif,Sky,Bunny,Normal,Flower,Scarf,Star
1965,Scribblin #1965,A looping doodle critter from Scribblins. Four bodies. One friendly cartoon. One clock. Minted on Base.,1965.gif,Clay,Frog,Blep,None,Bowtie,None
1966,Scribblin #1966,A looping doodle critter from Scribblins. Four bodies. One friendly cartoon. One clock. Minted on Base.,1966.gif,Butter,Bear,Pout,None,Bowtie,Balloon
1967,Scribblin #1967,A looping doodle critter from Scribblins. Four bodies. One friendly cartoon. One clock. Minted on Base.,1967.gif,Cream,Pup,Heart,Flower,None,None
1968,Scribblin #1968,A looping doodle critter from Scribblins. Four bodies. One friendly cartoon. One clock. Minted on Base.,1968.gif,Cream,Bear,Heart,Beanie,Bandana,Star
1969,Scribblin #1969,A looping doodle critter from Scribblins. Four bodies. One friendly cartoon. One clock. Minted on Base.,1969.gif,Sky,Bunny,Normal,Flower,None,Heart
1970,Scribblin #1970,A looping doodle critter from Scribblins. Four bodies. One friendly cartoon. One clock. Minted on Base.,1970.gif,Sky,Pup,Grin,Bow,Scarf,None
1971,Scribblin #1971,A looping doodle critter from Scribblins. Four bodies. One friendly cartoon. One clock. Minted on Base.,1971.gif,Clay,Bunny,Sparkly,Headphones,Scarf,Pencil
1972,Scribblin #1972,A looping doodle critter from Scribblins. Four bodies. One friendly cartoon. One clock. Minted on Base.,1972.gif,Cream,Bunny,Normal,Headphones,Bandana,Balloon
1973,Scribblin #1973,A looping doodle critter from Scribblins. Four bodies. One friendly cartoon. One clock. Minted on Base.,1973.gif,Sky,Pup,Wink,None,None,Pencil
1974,Scribblin #1974,A looping doodle critter from Scribblins. Four bodies. One friendly cartoon. One clock. Minted on Base.,1974.gif,Cream,Bear,Grin,Headphones,Bandana,Star
1975,Scribblin #1975,A looping doodle critter from Scribblins. Four bodies. One friendly cartoon. One clock. Minted on Base.,1975.gif,Cream,Bunny,Sleepy,None,None,Pencil
1976,Scribblin #1976,A looping doodle critter from Scribblins. Four bodies. One friendly cartoon. One clock. Minted on Base.,1976.gif,Cream,Pup,Grin,Beanie,None,Balloon
1977,Scribblin #1977,A looping doodle critter from Scribblins. Four bodies. One friendly cartoon. One clock. Minted on Base.,1977.gif,Sky,Bunny,Normal,Beanie,None,Pencil
1978,Scribblin #1978,A looping doodle critter from Scribblins. Four bodies. One friendly cartoon. One clock. Minted on Base.,1978.gif,Sky,Frog,Sparkly,Headphones,Scarf,Star
1979,Scribblin #1979,A looping doodle critter from Scribblins. Four bodies. One friendly cartoon. One clock. Minted on Base.,1979.gif,Cream,Bunny,Normal,Headphones,Bowtie,Pencil
1980,Scribblin #1980,A looping doodle critter from Scribblins. Four bodies. One friendly cartoon. One clock. Minted on Base.,1980.gif,Clay,Frog,Blep,Flower,Bowtie,Star
1981,Scribblin #1981,A looping doodle critter from Scribblins. Four bodies. One friendly cartoon. One clock. Minted on Base.,1981.gif,Cream,Bear,Sleepy,None,Bandana,Star
1982,Scribblin #1982,A looping doodle critter from Scribblins. Four bodies. One friendly cartoon. One clock. Minted on Base.,1982.gif,Cream,Bear,Normal,Headphones,Bandana,Heart
1983,Scribblin #1983,A looping doodle critter from Scribblins. Four bodies. One friendly cartoon. One clock. Minted on Base.,1983.gif,Cream,Bear,Grin,None,Scarf,None
1984,Scribblin #1984,A looping doodle critter from Scribblins. Four bodies. One friendly cartoon. One clock. Minted on Base.,1984.gif,Butter,Bear,Grin,Headphones,Bandana,Star
1985,Scribblin #1985,A looping doodle critter from Scribblins. Four bodies. One friendly cartoon. One clock. Minted on Base.,1985.gif,Sky,Bear,Normal,Cap,Bandana,Pencil
1986,Scribblin #1986,A looping doodle critter from Scribblins. Four bodies. One friendly cartoon. One clock. Minted on Base.,1986.gif,Cream,Pup,Heart,Flower,None,Star
1987,Scribblin #1987,A looping doodle critter from Scribblins. Four bodies. One friendly cartoon. One clock. Minted on Base.,1987.gif,Clay,Frog,Blep,Beanie,Scarf,Pencil
1988,Scribblin #1988,A looping doodle critter from Scribblins. Four bodies. One friendly cartoon. One clock. Minted on Base.,1988.gif,Sky,Frog,Sleepy,Headphones,None,Pencil
1989,Scribblin #1989,A looping doodle critter from Scribblins. Four bodies. One friendly cartoon. One clock. Minted on Base.,1989.gif,Butter,Bear,Sleepy,Headphones,Scarf,Pencil
1990,Scribblin #1990,A looping doodle critter from Scribblins. Four bodies. One friendly cartoon. One clock. Minted on Base.,1990.gif,Cream,Pup,Sleepy,None,None,None
1991,Scribblin #1991,A looping doodle critter from Scribblins. Four bodies. One friendly cartoon. One clock. Minted on Base.,1991.gif,Cream,Frog,Pout,Headphones,Scarf,None
1992,Scribblin #1992,A looping doodle critter from Scribblins. Four bodies. One friendly cartoon. One clock. Minted on Base.,1992.gif,Butter,Frog,Grin,Leaf,None,None
1993,Scribblin #1993,A looping doodle critter from Scribblins. Four bodies. One friendly cartoon. One clock. Minted on Base.,1993.gif,Cream,Bunny,Blep,None,None,None
1994,Scribblin #1994,A looping doodle critter from Scribblins. Four bodies. One friendly cartoon. One clock. Minted on Base.,1994.gif,Cream,Bear,Pout,Bow,Scarf,Star
1995,Scribblin #1995,A looping doodle critter from Scribblins. Four bodies. One friendly cartoon. One clock. Minted on Base.,1995.gif,Butter,Pup,Sparkly,Beanie,None,Balloon
1996,Scribblin #1996,A looping doodle critter from Scribblins. Four bodies. One friendly cartoon. One clock. Minted on Base.,1996.gif,Clay,Frog,Heart,Headphones,Scarf,Balloon
1997,Scribblin #1997,A looping doodle critter from Scribblins. Four bodies. One friendly cartoon. One clock. Minted on Base.,1997.gif,Butter,Pup,Wink,Bow,None,Pencil
1998,Scribblin #1998,A looping doodle critter from Scribblins. Four bodies. One friendly cartoon. One clock. Minted on Base.,1998.gif,Cream,Frog,Pout,Headphones,None,Heart
1999,Scribblin #1999,A looping doodle critter from Scribblins. Four bodies. One friendly cartoon. One clock. Minted on Base.,1999.gif,Clay,Bunny,Blep,Headphones,Bandana,Heart
2000,Scribblin #2000,A looping doodle critter from Scribblins. Four bodies. One friendly cartoon. One clock. Minted on Base.,2000.gif,Sky,Bunny,Pout,Beanie,Bandana,Balloon
2001,Scribblin #2001,A looping doodle critter from Scribblins. Four bodies. One friendly cartoon. One clock. Minted on Base.,2001.gif,Butter,Bear,Blep,None,None,Pencil
2002,Scribblin #2002,A looping doodle critter from Scribblins. Four bodies. One friendly cartoon. One clock. Minted on Base.,2002.gif,Butter,Frog,Pout,Flower,Scarf,Star
2003,Scribblin #2003,A looping doodle critter from Scribblins. Four bodies. One friendly cartoon. One clock. Minted on Base.,2003.gif,Cream,Pup,Sparkly,Beanie,Bowtie,Star
2004,Scribblin #2004,A looping doodle critter from Scribblins. Four bodies. One friendly cartoon. One clock. Minted on Base.,2004.gif,Clay,Bunny,Sleepy,Leaf,Bandana,Pencil
2005,Scribblin #2005,A looping doodle critter from Scribblins. Four bodies. One friendly cartoon. One clock. Minted on Base.,2005.gif,Butter,Bunny,Wink,Beanie,Bandana,Heart
2006,Scribblin #2006,A looping doodle critter from Scribblins. Four bodies. One friendly cartoon. One clock. Minted on Base.,2006.gif,Sky,Bunny,Sleepy,Bow,None,Heart
2007,Scribblin #2007,A looping doodle critter from Scribblins. Four bodies. One friendly cartoon. One clock. Minted on Base.,2007.gif,Cream,Bunny,Pout,Leaf,None,Heart
2008,Scribblin #2008,A looping doodle critter from Scribblins. Four bodies. One friendly cartoon. One clock. Minted on Base.,2008.gif,Butter,Bunny,Wink,Cap,Bandana,Star
2009,Scribblin #2009,A looping doodle critter from Scribblins. Four bodies. One friendly cartoon. One clock. Minted on Base.,2009.gif,Butter,Bunny,Normal,Cap,Scarf,Balloon
2010,Scribblin #2010,A looping doodle critter from Scribblins. Four bodies. One friendly cartoon. One clock. Minted on Base.,2010.gif,Cream,Bear,Grin,Leaf,Bowtie,Heart
2011,Scribblin #2011,A looping doodle critter from Scribblins. Four bodies. One friendly cartoon. One clock. Minted on Base.,2011.gif,Sky,Bear,Sleepy,Cap,Bowtie,Heart
2012,Scribblin #2012,A looping doodle critter from Scribblins. Four bodies. One friendly cartoon. One clock. Minted on Base.,2012.gif,Cream,Bear,Sparkly,Leaf,Scarf,None
2013,Scribblin #2013,A looping doodle critter from Scribblins. Four bodies. One friendly cartoon. One clock. Minted on Base.,2013.gif,Butter,Pup,Sparkly,None,Bowtie,Heart
2014,Scribblin #2014,A looping doodle critter from Scribblins. Four bodies. One friendly cartoon. One clock. Minted on Base.,2014.gif,Sky,Bear,Sparkly,Beanie,None,None
2015,Scribblin #2015,A looping doodle critter from Scribblins. Four bodies. One friendly cartoon. One clock. Minted on Base.,2015.gif,Sky,Bear,Grin,None,Bandana,Star
2016,Scribblin #2016,A looping doodle critter from Scribblins. Four bodies. One friendly cartoon. One clock. Minted on Base.,2016.gif,Cream,Frog,Grin,Bow,None,Heart
2017,Scribblin #2017,A looping doodle critter from Scribblins. Four bodies. One friendly cartoon. One clock. Minted on Base.,2017.gif,Clay,Bear,Wink,Bow,Bandana,Star
2018,Scribblin #2018,A looping doodle critter from Scribblins. Four bodies. One friendly cartoon. One clock. Minted on Base.,2018.gif,Clay,Bunny,Blep,Flower,Bandana,None
2019,Scribblin #2019,A looping doodle critter from Scribblins. Four bodies. One friendly cartoon. One clock. Minted on Base.,2019.gif,Clay,Bunny,Blep,Flower,None,Star
2020,Scribblin #2020,A looping doodle critter from Scribblins. Four bodies. One friendly cartoon. One clock. Minted on Base.,2020.gif,Sky,Bear,Normal,Cap,Scarf,Balloon
2021,Scribblin #2021,A looping doodle critter from Scribblins. Four bodies. One friendly cartoon. One clock. Minted on Base.,2021.gif,Cream,Bunny,Sleepy,None,Scarf,Balloon
2022,Scribblin #2022,A looping doodle critter from Scribblins. Four bodies. One friendly cartoon. One clock. Minted on Base.,2022.gif,Sky,Bear,Sparkly,Leaf,Scarf,Star
2023,Scribblin #2023,A looping doodle critter from Scribblins. Four bodies. One friendly cartoon. One clock. Minted on Base.,2023.gif,Cream,Frog,Sleepy,Cap,Bandana,Star
2024,Scribblin #2024,A looping doodle critter from Scribblins. Four bodies. One friendly cartoon. One clock. Minted on Base.,2024.gif,Sky,Bunny,Wink,Flower,None,None
2025,Scribblin #2025,A looping doodle critter from Scribblins. Four bodies. One friendly cartoon. One clock. Minted on Base.,2025.gif,Cream,Pup,Grin,Beanie,Scarf,Heart
2026,Scribblin #2026,A looping doodle critter from Scribblins. Four bodies. One friendly cartoon. One clock. Minted on Base.,2026.gif,Sky,Frog,Sleepy,Bow,Scarf,Star
2027,Scribblin #2027,A looping doodle critter from Scribblins. Four bodies. One friendly cartoon. One clock. Minted on Base.,2027.gif,Cream,Bunny,Sleepy,Flower,None,Star
2028,Scribblin #2028,A looping doodle critter from Scribblins. Four bodies. One friendly cartoon. One clock. Minted on Base.,2028.gif,Cream,Frog,Normal,Beanie,None,None
2029,Scribblin #2029,A looping doodle critter from Scribblins. Four bodies. One friendly cartoon. One clock. Minted on Base.,2029.gif,Clay,Bunny,Blep,Headphones,Bowtie,Balloon
2030,Scribblin #2030,A looping doodle critter from Scribblins. Four bodies. One friendly cartoon. One clock. Minted on Base.,2030.gif,Sky,Bear,Normal,Headphones,Bowtie,Balloon
2031,Scribblin #2031,A looping doodle critter from Scribblins. Four bodies. One friendly cartoon. One clock. Minted on Base.,2031.gif,Butter,Bunny,Normal,Flower,Bowtie,None
2032,Scribblin #2032,A looping doodle critter from Scribblins. Four bodies. One friendly cartoon. One clock. Minted on Base.,2032.gif,Cream,Bear,Normal,Flower,Bowtie,Star
2033,Scribblin #2033,A looping doodle critter from Scribblins. Four bodies. One friendly cartoon. One clock. Minted on Base.,2033.gif,Sky,Bunny,Normal,None,Bowtie,Heart
2034,Scribblin #2034,A looping doodle critter from Scribblins. Four bodies. One friendly cartoon. One clock. Minted on Base.,2034.gif,Sky,Pup,Blep,Flower,None,Heart
2035,Scribblin #2035,A looping doodle critter from Scribblins. Four bodies. One friendly cartoon. One clock. Minted on Base.,2035.gif,Sky,Bear,Blep,Flower,None,None
2036,Scribblin #2036,A looping doodle critter from Scribblins. Four bodies. One friendly cartoon. One clock. Minted on Base.,2036.gif,Cream,Frog,Sleepy,Flower,None,Pencil
2037,Scribblin #2037,A looping doodle critter from Scribblins. Four bodies. One friendly cartoon. One clock. Minted on Base.,2037.gif,Cream,Bunny,Normal,Beanie,Bowtie,None
2038,Scribblin #2038,A looping doodle critter from Scribblins. Four bodies. One friendly cartoon. One clock. Minted on Base.,2038.gif,Butter,Bunny,Sleepy,Cap,Scarf,Pencil
2039,Scribblin #2039,A looping doodle critter from Scribblins. Four bodies. One friendly cartoon. One clock. Minted on Base.,2039.gif,Sky,Pup,Normal,Bow,None,None
2040,Scribblin #2040,A looping doodle critter from Scribblins. Four bodies. One friendly cartoon. One clock. Minted on Base.,2040.gif,Butter,Bear,Sleepy,None,Scarf,None
2041,Scribblin #2041,A looping doodle critter from Scribblins. Four bodies. One friendly cartoon. One clock. Minted on Base.,2041.gif,Butter,Bear,Blep,None,None,None
2042,Scribblin #2042,A looping doodle critter from Scribblins. Four bodies. One friendly cartoon. One clock. Minted on Base.,2042.gif,Butter,Pup,Wink,Bow,None,None
2043,Scribblin #2043,A looping doodle critter from Scribblins. Four bodies. One friendly cartoon. One clock. Minted on Base.,2043.gif,Sky,Bunny,Grin,Cap,None,Heart
2044,Scribblin #2044,A looping doodle critter from Scribblins. Four bodies. One friendly cartoon. One clock. Minted on Base.,2044.gif,Cream,Frog,Blep,Beanie,None,Heart
2045,Scribblin #2045,A looping doodle critter from Scribblins. Four bodies. One friendly cartoon. One clock. Minted on Base.,2045.gif,Sky,Bunny,Blep,Bow,Scarf,None
2046,Scribblin #2046,A looping doodle critter from Scribblins. Four bodies. One friendly cartoon. One clock. Minted on Base.,2046.gif,Cream,Pup,Grin,Headphones,Scarf,Pencil
2047,Scribblin #2047,A looping doodle critter from Scribblins. Four bodies. One friendly cartoon. One clock. Minted on Base.,2047.gif,Clay,Pup,Blep,Leaf,None,None
2048,Scribblin #2048,A looping doodle critter from Scribblins. Four bodies. One friendly cartoon. One clock. Minted on Base.,2048.gif,Clay,Bunny,Grin,Leaf,None,None
2049,Scribblin #2049,A looping doodle critter from Scribblins. Four bodies. One friendly cartoon. One clock. Minted on Base.,2049.gif,Cream,Bear,Sleepy,None,None,Pencil
2050,Scribblin #2050,A looping doodle critter from Scribblins. Four bodies. One friendly cartoon. One clock. Minted on Base.,2050.gif,Butter,Bunny,Blep,Leaf,Bowtie,Heart
2051,Scribblin #2051,A looping doodle critter from Scribblins. Four bodies. One friendly cartoon. One clock. Minted on Base.,2051.gif,Sky,Bunny,Wink,Beanie,None,Heart
2052,Scribblin #2052,A looping doodle critter from Scribblins. Four bodies. One friendly cartoon. One clock. Minted on Base.,2052.gif,Cream,Pup,Pout,Flower,Bandana,Pencil
2053,Scribblin #2053,A looping doodle critter from Scribblins. Four bodies. One friendly cartoon. One clock. Minted on Base.,2053.gif,Sky,Bear,Wink,Bow,None,Heart
2054,Scribblin #2054,A looping doodle critter from Scribblins. Four bodies. One friendly cartoon. One clock. Minted on Base.,2054.gif,Clay,Bunny,Pout,None,Bandana,Pencil
2055,Scribblin #2055,A looping doodle critter from Scribblins. Four bodies. One friendly cartoon. One clock. Minted on Base.,2055.gif,Sky,Pup,Normal,Cap,None,None
2056,Scribblin #2056,A looping doodle critter from Scribblins. Four bodies. One friendly cartoon. One clock. Minted on Base.,2056.gif,Clay,Bunny,Normal,Headphones,None,None
2057,Scribblin #2057,A looping doodle critter from Scribblins. Four bodies. One friendly cartoon. One clock. Minted on Base.,2057.gif,Cream,Bunny,Blep,Beanie,Bandana,None
2058,Scribblin #2058,A looping doodle critter from Scribblins. Four bodies. One friendly cartoon. One clock. Minted on Base.,2058.gif,Clay,Bear,Grin,Bow,Bowtie,Star
2059,Scribblin #2059,A looping doodle critter from Scribblins. Four bodies. One friendly cartoon. One clock. Minted on Base.,2059.gif,Cream,Bear,Heart,Cap,Bandana,Pencil
2060,Scribblin #2060,A looping doodle critter from Scribblins. Four bodies. One friendly cartoon. One clock. Minted on Base.,2060.gif,Cream,Pup,Pout,Bow,Bandana,Pencil
2061,Scribblin #2061,A looping doodle critter from Scribblins. Four bodies. One friendly cartoon. One clock. Minted on Base.,2061.gif,Clay,Bunny,Normal,Flower,Scarf,Pencil
2062,Scribblin #2062,A looping doodle critter from Scribblins. Four bodies. One friendly cartoon. One clock. Minted on Base.,2062.gif,Cream,Pup,Pout,None,None,Pencil
2063,Scribblin #2063,A looping doodle critter from Scribblins. Four bodies. One friendly cartoon. One clock. Minted on Base.,2063.gif,Butter,Pup,Normal,None,None,Star
2064,Scribblin #2064,A looping doodle critter from Scribblins. Four bodies. One friendly cartoon. One clock. Minted on Base.,2064.gif,Sky,Frog,Pout,Headphones,None,Heart
2065,Scribblin #2065,A looping doodle critter from Scribblins. Four bodies. One friendly cartoon. One clock. Minted on Base.,2065.gif,Clay,Bear,Normal,Beanie,Scarf,None
2066,Scribblin #2066,A looping doodle critter from Scribblins. Four bodies. One friendly cartoon. One clock. Minted on Base.,2066.gif,Cream,Pup,Heart,Flower,Bandana,Heart
2067,Scribblin #2067,A looping doodle critter from Scribblins. Four bodies. One friendly cartoon. One clock. Minted on Base.,2067.gif,Butter,Frog,Grin,Cap,None,Pencil
2068,Scribblin #2068,A looping doodle critter from Scribblins. Four bodies. One friendly cartoon. One clock. Minted on Base.,2068.gif,Clay,Bear,Wink,None,Bandana,Pencil
2069,Scribblin #2069,A looping doodle critter from Scribblins. Four bodies. One friendly cartoon. One clock. Minted on Base.,2069.gif,Cream,Pup,Sleepy,Leaf,Bandana,Balloon
2070,Scribblin #2070,A looping doodle critter from Scribblins. Four bodies. One friendly cartoon. One clock. Minted on Base.,2070.gif,Clay,Bunny,Grin,None,Bowtie,None
2071,Scribblin #2071,A looping doodle critter from Scribblins. Four bodies. One friendly cartoon. One clock. Minted on Base.,2071.gif,Clay,Pup,Pout,None,Bandana,None
2072,Scribblin #2072,A looping doodle critter from Scribblins. Four bodies. One friendly cartoon. One clock. Minted on Base.,2072.gif,Sky,Frog,Sleepy,None,None,Heart
2073,Scribblin #2073,A looping doodle critter from Scribblins. Four bodies. One friendly cartoon. One clock. Minted on Base.,2073.gif,Cream,Pup,Normal,Bow,None,Star
2074,Scribblin #2074,A looping doodle critter from Scribblins. Four bodies. One friendly cartoon. One clock. Minted on Base.,2074.gif,Clay,Bunny,Grin,Bow,Bowtie,Pencil
2075,Scribblin #2075,A looping doodle critter from Scribblins. Four bodies. One friendly cartoon. One clock. Minted on Base.,2075.gif,Clay,Frog,Normal,Cap,None,None
2076,Scribblin #2076,A looping doodle critter from Scribblins. Four bodies. One friendly cartoon. One clock. Minted on Base.,2076.gif,Sky,Bunny,Blep,Cap,None,None
2077,Scribblin #2077,A looping doodle critter from Scribblins. Four bodies. One friendly cartoon. One clock. Minted on Base.,2077.gif,Clay,Bunny,Heart,Cap,Scarf,Pencil
2078,Scribblin #2078,A looping doodle critter from Scribblins. Four bodies. One friendly cartoon. One clock. Minted on Base.,2078.gif,Clay,Bunny,Wink,None,Scarf,Balloon
2079,Scribblin #2079,A looping doodle critter from Scribblins. Four bodies. One friendly cartoon. One clock. Minted on Base.,2079.gif,Butter,Bunny,Normal,Bow,Bandana,Pencil
2080,Scribblin #2080,A looping doodle critter from Scribblins. Four bodies. One friendly cartoon. One clock. Minted on Base.,2080.gif,Clay,Frog,Normal,Cap,Bowtie,None
2081,Scribblin #2081,A looping doodle critter from Scribblins. Four bodies. One friendly cartoon. One clock. Minted on Base.,2081.gif,Butter,Pup,Pout,Beanie,Scarf,Star
2082,Scribblin #2082,A looping doodle critter from Scribblins. Four bodies. One friendly cartoon. One clock. Minted on Base.,2082.gif,Cream,Frog,Sleepy,Leaf,Bowtie,Star
2083,Scribblin #2083,A looping doodle critter from Scribblins. Four bodies. One friendly cartoon. One clock. Minted on Base.,2083.gif,Sky,Pup,Normal,Flower,Bandana,Balloon
2084,Scribblin #2084,A looping doodle critter from Scribblins. Four bodies. One friendly cartoon. One clock. Minted on Base.,2084.gif,Sky,Pup,Sparkly,None,Bandana,Pencil
2085,Scribblin #2085,A looping doodle critter from Scribblins. Four bodies. One friendly cartoon. One clock. Minted on Base.,2085.gif,Clay,Bunny,Normal,Beanie,Bowtie,Star
2086,Scribblin #2086,A looping doodle critter from Scribblins. Four bodies. One friendly cartoon. One clock. Minted on Base.,2086.gif,Cream,Bear,Wink,None,None,Heart
2087,Scribblin #2087,A looping doodle critter from Scribblins. Four bodies. One friendly cartoon. One clock. Minted on Base.,2087.gif,Cream,Bunny,Normal,Headphones,Scarf,None
2088,Scribblin #2088,A looping doodle critter from Scribblins. Four bodies. One friendly cartoon. One clock. Minted on Base.,2088.gif,Sky,Frog,Heart,None,Bowtie,None
2089,Scribblin #2089,A looping doodle critter from Scribblins. Four bodies. One friendly cartoon. One clock. Minted on Base.,2089.gif,Butter,Bear,Sleepy,Beanie,None,Pencil
2090,Scribblin #2090,A looping doodle critter from Scribblins. Four bodies. One friendly cartoon. One clock. Minted on Base.,2090.gif,Clay,Bear,Sparkly,Cap,None,Star
2091,Scribblin #2091,A looping doodle critter from Scribblins. Four bodies. One friendly cartoon. One clock. Minted on Base.,2091.gif,Cream,Bunny,Normal,Headphones,None,None
2092,Scribblin #2092,A looping doodle critter from Scribblins. Four bodies. One friendly cartoon. One clock. Minted on Base.,2092.gif,Sky,Frog,Pout,Leaf,None,Pencil
2093,Scribblin #2093,A looping doodle critter from Scribblins. Four bodies. One friendly cartoon. One clock. Minted on Base.,2093.gif,Clay,Bear,Sleepy,None,Bandana,None
2094,Scribblin #2094,A looping doodle critter from Scribblins. Four bodies. One friendly cartoon. One clock. Minted on Base.,2094.gif,Cream,Bunny,Normal,Leaf,None,Pencil
2095,Scribblin #2095,A looping doodle critter from Scribblins. Four bodies. One friendly cartoon. One clock. Minted on Base.,2095.gif,Sky,Bunny,Wink,Flower,None,Star
2096,Scribblin #2096,A looping doodle critter from Scribblins. Four bodies. One friendly cartoon. One clock. Minted on Base.,2096.gif,Cream,Bunny,Sparkly,None,Bowtie,None
2097,Scribblin #2097,A looping doodle critter from Scribblins. Four bodies. One friendly cartoon. One clock. Minted on Base.,2097.gif,Butter,Bear,Grin,None,Scarf,None
2098,Scribblin #2098,A looping doodle critter from Scribblins. Four bodies. One friendly cartoon. One clock. Minted on Base.,2098.gif,Butter,Frog,Blep,Cap,Bandana,Star
2099,Scribblin #2099,A looping doodle critter from Scribblins. Four bodies. One friendly cartoon. One clock. Minted on Base.,2099.gif,Clay,Frog,Grin,Headphones,None,None
2100,Scribblin #2100,A looping doodle critter from Scribblins. Four bodies. One friendly cartoon. One clock. Minted on Base.,2100.gif,Cream,Bear,Grin,Bow,Bandana,Balloon
2101,Scribblin #2101,A looping doodle critter from Scribblins. Four bodies. One friendly cartoon. One clock. Minted on Base.,2101.gif,Butter,Bunny,Pout,None,Bandana,None
2102,Scribblin #2102,A looping doodle critter from Scribblins. Four bodies. One friendly cartoon. One clock. Minted on Base.,2102.gif,Clay,Frog,Blep,Cap,Bandana,Heart
2103,Scribblin #2103,A looping doodle critter from Scribblins. Four bodies. One friendly cartoon. One clock. Minted on Base.,2103.gif,Cream,Bear,Normal,Bow,Bowtie,None
2104,Scribblin #2104,A looping doodle critter from Scribblins. Four bodies. One friendly cartoon. One clock. Minted on Base.,2104.gif,Cream,Bear,Heart,Leaf,Scarf,None
2105,Scribblin #2105,A looping doodle critter from Scribblins. Four bodies. One friendly cartoon. One clock. Minted on Base.,2105.gif,Butter,Bear,Blep,Leaf,None,Balloon
2106,Scribblin #2106,A looping doodle critter from Scribblins. Four bodies. One friendly cartoon. One clock. Minted on Base.,2106.gif,Butter,Pup,Normal,Leaf,Scarf,Pencil
2107,Scribblin #2107,A looping doodle critter from Scribblins. Four bodies. One friendly cartoon. One clock. Minted on Base.,2107.gif,Butter,Bunny,Sparkly,Beanie,None,Heart
2108,Scribblin #2108,A looping doodle critter from Scribblins. Four bodies. One friendly cartoon. One clock. Minted on Base.,2108.gif,Sky,Bunny,Sleepy,Beanie,Bandana,None
2109,Scribblin #2109,A looping doodle critter from Scribblins. Four bodies. One friendly cartoon. One clock. Minted on Base.,2109.gif,Cream,Pup,Normal,Beanie,Bowtie,Pencil
2110,Scribblin #2110,A looping doodle critter from Scribblins. Four bodies. One friendly cartoon. One clock. Minted on Base.,2110.gif,Cream,Bunny,Grin,Flower,None,Pencil
2111,Scribblin #2111,A looping doodle critter from Scribblins. Four bodies. One friendly cartoon. One clock. Minted on Base.,2111.gif,Cream,Bear,Wink,Beanie,Scarf,None
2112,Scribblin #2112,A looping doodle critter from Scribblins. Four bodies. One friendly cartoon. One clock. Minted on Base.,2112.gif,Clay,Bear,Normal,Cap,Bowtie,Pencil
2113,Scribblin #2113,A looping doodle critter from Scribblins. Four bodies. One friendly cartoon. One clock. Minted on Base.,2113.gif,Sky,Frog,Grin,Cap,Scarf,None
2114,Scribblin #2114,A looping doodle critter from Scribblins. Four bodies. One friendly cartoon. One clock. Minted on Base.,2114.gif,Sky,Frog,Blep,Flower,Bowtie,Pencil
2115,Scribblin #2115,A looping doodle critter from Scribblins. Four bodies. One friendly cartoon. One clock. Minted on Base.,2115.gif,Clay,Frog,Grin,Flower,Bandana,Pencil
2116,Scribblin #2116,A looping doodle critter from Scribblins. Four bodies. One friendly cartoon. One clock. Minted on Base.,2116.gif,Clay,Pup,Blep,None,None,None
2117,Scribblin #2117,A looping doodle critter from Scribblins. Four bodies. One friendly cartoon. One clock. Minted on Base.,2117.gif,Cream,Bunny,Heart,Bow,Bowtie,None
2118,Scribblin #2118,A looping doodle critter from Scribblins. Four bodies. One friendly cartoon. One clock. Minted on Base.,2118.gif,Butter,Frog,Sleepy,Bow,Bandana,Star
2119,Scribblin #2119,A looping doodle critter from Scribblins. Four bodies. One friendly cartoon. One clock. Minted on Base.,2119.gif,Clay,Frog,Normal,Beanie,Bandana,Pencil
2120,Scribblin #2120,A looping doodle critter from Scribblins. Four bodies. One friendly cartoon. One clock. Minted on Base.,2120.gif,Butter,Pup,Wink,Leaf,None,None
2121,Scribblin #2121,A looping doodle critter from Scribblins. Four bodies. One friendly cartoon. One clock. Minted on Base.,2121.gif,Cream,Bear,Heart,Beanie,Bandana,None
2122,Scribblin #2122,A looping doodle critter from Scribblins. Four bodies. One friendly cartoon. One clock. Minted on Base.,2122.gif,Butter,Pup,Normal,None,Bandana,None
2123,Scribblin #2123,A looping doodle critter from Scribblins. Four bodies. One friendly cartoon. One clock. Minted on Base.,2123.gif,Clay,Frog,Heart,Bow,None,Star
2124,Scribblin #2124,A looping doodle critter from Scribblins. Four bodies. One friendly cartoon. One clock. Minted on Base.,2124.gif,Sky,Pup,Normal,Bow,Scarf,Balloon
2125,Scribblin #2125,A looping doodle critter from Scribblins. Four bodies. One friendly cartoon. One clock. Minted on Base.,2125.gif,Cream,Bear,Sparkly,Beanie,None,None
2126,Scribblin #2126,A looping doodle critter from Scribblins. Four bodies. One friendly cartoon. One clock. Minted on Base.,2126.gif,Sky,Pup,Wink,Bow,Bowtie,Heart
2127,Scribblin #2127,A looping doodle critter from Scribblins. Four bodies. One friendly cartoon. One clock. Minted on Base.,2127.gif,Cream,Pup,Blep,Cap,Bowtie,Pencil
2128,Scribblin #2128,A looping doodle critter from Scribblins. Four bodies. One friendly cartoon. One clock. Minted on Base.,2128.gif,Sky,Bear,Normal,Bow,None,Pencil
2129,Scribblin #2129,A looping doodle critter from Scribblins. Four bodies. One friendly cartoon. One clock. Minted on Base.,2129.gif,Cream,Bear,Normal,Headphones,None,None
2130,Scribblin #2130,A looping doodle critter from Scribblins. Four bodies. One friendly cartoon. One clock. Minted on Base.,2130.gif,Sky,Bunny,Sparkly,Beanie,Scarf,Star
2131,Scribblin #2131,A looping doodle critter from Scribblins. Four bodies. One friendly cartoon. One clock. Minted on Base.,2131.gif,Sky,Pup,Blep,Beanie,None,Balloon
2132,Scribblin #2132,A looping doodle critter from Scribblins. Four bodies. One friendly cartoon. One clock. Minted on Base.,2132.gif,Sky,Bunny,Normal,Flower,Bowtie,None
2133,Scribblin #2133,A looping doodle critter from Scribblins. Four bodies. One friendly cartoon. One clock. Minted on Base.,2133.gif,Sky,Pup,Grin,None,Bandana,Heart
2134,Scribblin #2134,A looping doodle critter from Scribblins. Four bodies. One friendly cartoon. One clock. Minted on Base.,2134.gif,Cream,Frog,Grin,Bow,Bowtie,Pencil
2135,Scribblin #2135,A looping doodle critter from Scribblins. Four bodies. One friendly cartoon. One clock. Minted on Base.,2135.gif,Butter,Bear,Sleepy,Bow,Bandana,Pencil
2136,Scribblin #2136,A looping doodle critter from Scribblins. Four bodies. One friendly cartoon. One clock. Minted on Base.,2136.gif,Clay,Bear,Blep,Beanie,Bowtie,None
2137,Scribblin #2137,A looping doodle critter from Scribblins. Four bodies. One friendly cartoon. One clock. Minted on Base.,2137.gif,Sky,Bunny,Normal,Bow,None,Pencil
2138,Scribblin #2138,A looping doodle critter from Scribblins. Four bodies. One friendly cartoon. One clock. Minted on Base.,2138.gif,Cream,Frog,Sparkly,Headphones,Bandana,Pencil
2139,Scribblin #2139,A looping doodle critter from Scribblins. Four bodies. One friendly cartoon. One clock. Minted on Base.,2139.gif,Sky,Bunny,Blep,Flower,Scarf,None
2140,Scribblin #2140,A looping doodle critter from Scribblins. Four bodies. One friendly cartoon. One clock. Minted on Base.,2140.gif,Clay,Bunny,Wink,Headphones,None,Heart
2141,Scribblin #2141,A looping doodle critter from Scribblins. Four bodies. One friendly cartoon. One clock. Minted on Base.,2141.gif,Butter,Frog,Wink,Beanie,Bowtie,Star
2142,Scribblin #2142,A looping doodle critter from Scribblins. Four bodies. One friendly cartoon. One clock. Minted on Base.,2142.gif,Butter,Frog,Blep,Headphones,Bowtie,None
2143,Scribblin #2143,A looping doodle critter from Scribblins. Four bodies. One friendly cartoon. One clock. Minted on Base.,2143.gif,Butter,Pup,Normal,Bow,None,Heart
2144,Scribblin #2144,A looping doodle critter from Scribblins. Four bodies. One friendly cartoon. One clock. Minted on Base.,2144.gif,Butter,Pup,Normal,None,None,Balloon
2145,Scribblin #2145,A looping doodle critter from Scribblins. Four bodies. One friendly cartoon. One clock. Minted on Base.,2145.gif,Clay,Bear,Blep,None,Bandana,Heart
2146,Scribblin #2146,A looping doodle critter from Scribblins. Four bodies. One friendly cartoon. One clock. Minted on Base.,2146.gif,Cream,Bear,Normal,Bow,Scarf,None
2147,Scribblin #2147,A looping doodle critter from Scribblins. Four bodies. One friendly cartoon. One clock. Minted on Base.,2147.gif,Cream,Bear,Wink,Cap,None,Heart
2148,Scribblin #2148,A looping doodle critter from Scribblins. Four bodies. One friendly cartoon. One clock. Minted on Base.,2148.gif,Cream,Bunny,Pout,Leaf,Bowtie,Star
2149,Scribblin #2149,A looping doodle critter from Scribblins. Four bodies. One friendly cartoon. One clock. Minted on Base.,2149.gif,Clay,Bear,Wink,Headphones,None,Pencil
2150,Scribblin #2150,A looping doodle critter from Scribblins. Four bodies. One friendly cartoon. One clock. Minted on Base.,2150.gif,Sky,Pup,Sparkly,Leaf,Bowtie,None
2151,Scribblin #2151,A looping doodle critter from Scribblins. Four bodies. One friendly cartoon. One clock. Minted on Base.,2151.gif,Butter,Bear,Heart,Bow,None,None
2152,Scribblin #2152,A looping doodle critter from Scribblins. Four bodies. One friendly cartoon. One clock. Minted on Base.,2152.gif,Sky,Bear,Blep,Cap,Bandana,Pencil
2153,Scribblin #2153,A looping doodle critter from Scribblins. Four bodies. One friendly cartoon. One clock. Minted on Base.,2153.gif,Cream,Bunny,Normal,Leaf,Scarf,None
2154,Scribblin #2154,A looping doodle critter from Scribblins. Four bodies. One friendly cartoon. One clock. Minted on Base.,2154.gif,Cream,Bear,Normal,Headphones,None,Star
2155,Scribblin #2155,A looping doodle critter from Scribblins. Four bodies. One friendly cartoon. One clock. Minted on Base.,2155.gif,Cream,Pup,Normal,Beanie,Bandana,None
2156,Scribblin #2156,A looping doodle critter from Scribblins. Four bodies. One friendly cartoon. One clock. Minted on Base.,2156.gif,Clay,Bunny,Grin,None,None,Star
2157,Scribblin #2157,A looping doodle critter from Scribblins. Four bodies. One friendly cartoon. One clock. Minted on Base.,2157.gif,Clay,Bear,Grin,Leaf,None,Heart
2158,Scribblin #2158,A looping doodle critter from Scribblins. Four bodies. One friendly cartoon. One clock. Minted on Base.,2158.gif,Clay,Bunny,Heart,Flower,None,Heart
2159,Scribblin #2159,A looping doodle critter from Scribblins. Four bodies. One friendly cartoon. One clock. Minted on Base.,2159.gif,Sky,Bear,Heart,Cap,Bowtie,Star
2160,Scribblin #2160,A looping doodle critter from Scribblins. Four bodies. One friendly cartoon. One clock. Minted on Base.,2160.gif,Butter,Bear,Blep,None,Scarf,Star
2161,Scribblin #2161,A looping doodle critter from Scribblins. Four bodies. One friendly cartoon. One clock. Minted on Base.,2161.gif,Clay,Pup,Grin,None,Bandana,None
2162,Scribblin #2162,A looping doodle critter from Scribblins. Four bodies. One friendly cartoon. One clock. Minted on Base.,2162.gif,Cream,Bear,Pout,None,None,None
2163,Scribblin #2163,A looping doodle critter from Scribblins. Four bodies. One friendly cartoon. One clock. Minted on Base.,2163.gif,Clay,Pup,Sparkly,Beanie,Bowtie,None
2164,Scribblin #2164,A looping doodle critter from Scribblins. Four bodies. One friendly cartoon. One clock. Minted on Base.,2164.gif,Sky,Bear,Sleepy,None,None,Pencil
2165,Scribblin #2165,A looping doodle critter from Scribblins. Four bodies. One friendly cartoon. One clock. Minted on Base.,2165.gif,Clay,Bear,Sleepy,Bow,Scarf,Pencil
2166,Scribblin #2166,A looping doodle critter from Scribblins. Four bodies. One friendly cartoon. One clock. Minted on Base.,2166.gif,Clay,Frog,Normal,Bow,None,Heart
2167,Scribblin #2167,A looping doodle critter from Scribblins. Four bodies. One friendly cartoon. One clock. Minted on Base.,2167.gif,Butter,Bunny,Grin,Flower,Bowtie,None
2168,Scribblin #2168,A looping doodle critter from Scribblins. Four bodies. One friendly cartoon. One clock. Minted on Base.,2168.gif,Butter,Bunny,Sleepy,None,None,Heart
2169,Scribblin #2169,A looping doodle critter from Scribblins. Four bodies. One friendly cartoon. One clock. Minted on Base.,2169.gif,Cream,Bear,Sparkly,None,None,Star
2170,Scribblin #2170,A looping doodle critter from Scribblins. Four bodies. One friendly cartoon. One clock. Minted on Base.,2170.gif,Sky,Bear,Blep,Leaf,None,Balloon
2171,Scribblin #2171,A looping doodle critter from Scribblins. Four bodies. One friendly cartoon. One clock. Minted on Base.,2171.gif,Cream,Bear,Normal,Flower,Bandana,None
2172,Scribblin #2172,A looping doodle critter from Scribblins. Four bodies. One friendly cartoon. One clock. Minted on Base.,2172.gif,Cream,Pup,Wink,None,Bowtie,None
2173,Scribblin #2173,A looping doodle critter from Scribblins. Four bodies. One friendly cartoon. One clock. Minted on Base.,2173.gif,Cream,Frog,Sleepy,Bow,None,Star
2174,Scribblin #2174,A looping doodle critter from Scribblins. Four bodies. One friendly cartoon. One clock. Minted on Base.,2174.gif,Butter,Bunny,Heart,Beanie,Bandana,Star
2175,Scribblin #2175,A looping doodle critter from Scribblins. Four bodies. One friendly cartoon. One clock. Minted on Base.,2175.gif,Sky,Bunny,Heart,Beanie,Bandana,None
2176,Scribblin #2176,A looping doodle critter from Scribblins. Four bodies. One friendly cartoon. One clock. Minted on Base.,2176.gif,Cream,Pup,Sparkly,Cap,Bowtie,None
2177,Scribblin #2177,A looping doodle critter from Scribblins. Four bodies. One friendly cartoon. One clock. Minted on Base.,2177.gif,Sky,Bunny,Grin,Cap,Scarf,Heart
2178,Scribblin #2178,A looping doodle critter from Scribblins. Four bodies. One friendly cartoon. One clock. Minted on Base.,2178.gif,Clay,Bear,Normal,None,Scarf,Pencil
2179,Scribblin #2179,A looping doodle critter from Scribblins. Four bodies. One friendly cartoon. One clock. Minted on Base.,2179.gif,Butter,Bunny,Pout,Cap,None,Pencil
2180,Scribblin #2180,A looping doodle critter from Scribblins. Four bodies. One friendly cartoon. One clock. Minted on Base.,2180.gif,Clay,Bear,Grin,Headphones,Scarf,Star
2181,Scribblin #2181,A looping doodle critter from Scribblins. Four bodies. One friendly cartoon. One clock. Minted on Base.,2181.gif,Cream,Bunny,Normal,Bow,None,Star
2182,Scribblin #2182,A looping doodle critter from Scribblins. Four bodies. One friendly cartoon. One clock. Minted on Base.,2182.gif,Cream,Bunny,Grin,Beanie,None,Pencil
2183,Scribblin #2183,A looping doodle critter from Scribblins. Four bodies. One friendly cartoon. One clock. Minted on Base.,2183.gif,Sky,Bear,Grin,Beanie,None,Heart
2184,Scribblin #2184,A looping doodle critter from Scribblins. Four bodies. One friendly cartoon. One clock. Minted on Base.,2184.gif,Cream,Bunny,Wink,Leaf,None,Heart
2185,Scribblin #2185,A looping doodle critter from Scribblins. Four bodies. One friendly cartoon. One clock. Minted on Base.,2185.gif,Butter,Bear,Normal,Flower,None,None
2186,Scribblin #2186,A looping doodle critter from Scribblins. Four bodies. One friendly cartoon. One clock. Minted on Base.,2186.gif,Sky,Bear,Wink,None,Scarf,None
2187,Scribblin #2187,A looping doodle critter from Scribblins. Four bodies. One friendly cartoon. One clock. Minted on Base.,2187.gif,Butter,Bunny,Blep,Leaf,Bowtie,Pencil
2188,Scribblin #2188,A looping doodle critter from Scribblins. Four bodies. One friendly cartoon. One clock. Minted on Base.,2188.gif,Clay,Bunny,Pout,Cap,Scarf,Pencil
2189,Scribblin #2189,A looping doodle critter from Scribblins. Four bodies. One friendly cartoon. One clock. Minted on Base.,2189.gif,Clay,Pup,Blep,Headphones,Bandana,None
2190,Scribblin #2190,A looping doodle critter from Scribblins. Four bodies. One friendly cartoon. One clock. Minted on Base.,2190.gif,Cream,Bunny,Grin,Bow,None,Balloon
2191,Scribblin #2191,A looping doodle critter from Scribblins. Four bodies. One friendly cartoon. One clock. Minted on Base.,2191.gif,Sky,Pup,Wink,Beanie,None,Star
2192,Scribblin #2192,A looping doodle critter from Scribblins. Four bodies. One friendly cartoon. One clock. Minted on Base.,2192.gif,Butter,Pup,Sleepy,Leaf,None,None
2193,Scribblin #2193,A looping doodle critter from Scribblins. Four bodies. One friendly cartoon. One clock. Minted on Base.,2193.gif,Sky,Pup,Blep,None,None,Balloon
2194,Scribblin #2194,A looping doodle critter from Scribblins. Four bodies. One friendly cartoon. One clock. Minted on Base.,2194.gif,Cream,Bunny,Pout,None,Bowtie,Star
2195,Scribblin #2195,A looping doodle critter from Scribblins. Four bodies. One friendly cartoon. One clock. Minted on Base.,2195.gif,Cream,Bunny,Heart,Beanie,Scarf,Pencil
2196,Scribblin #2196,A looping doodle critter from Scribblins. Four bodies. One friendly cartoon. One clock. Minted on Base.,2196.gif,Sky,Frog,Heart,Beanie,Bowtie,Star
2197,Scribblin #2197,A looping doodle critter from Scribblins. Four bodies. One friendly cartoon. One clock. Minted on Base.,2197.gif,Sky,Bunny,Pout,Beanie,Scarf,Heart
2198,Scribblin #2198,A looping doodle critter from Scribblins. Four bodies. One friendly cartoon. One clock. Minted on Base.,2198.gif,Clay,Pup,Pout,Beanie,Bandana,Pencil
2199,Scribblin #2199,A looping doodle critter from Scribblins. Four bodies. One friendly cartoon. One clock. Minted on Base.,2199.gif,Cream,Pup,Heart,None,None,None
2200,Scribblin #2200,A looping doodle critter from Scribblins. Four bodies. One friendly cartoon. One clock. Minted on Base.,2200.gif,Cream,Pup,Wink,Cap,None,None
2201,Scribblin #2201,A looping doodle critter from Scribblins. Four bodies. One friendly cartoon. One clock. Minted on Base.,2201.gif,Cream,Bunny,Sparkly,None,None,Balloon
2202,Scribblin #2202,A looping doodle critter from Scribblins. Four bodies. One friendly cartoon. One clock. Minted on Base.,2202.gif,Sky,Bunny,Heart,Bow,Bowtie,None
2203,Scribblin #2203,A looping doodle critter from Scribblins. Four bodies. One friendly cartoon. One clock. Minted on Base.,2203.gif,Clay,Bunny,Heart,Beanie,None,None
2204,Scribblin #2204,A looping doodle critter from Scribblins. Four bodies. One friendly cartoon. One clock. Minted on Base.,2204.gif,Sky,Bear,Sleepy,None,None,Heart
2205,Scribblin #2205,A looping doodle critter from Scribblins. Four bodies. One friendly cartoon. One clock. Minted on Base.,2205.gif,Sky,Bunny,Sleepy,None,None,Heart
2206,Scribblin #2206,A looping doodle critter from Scribblins. Four bodies. One friendly cartoon. One clock. Minted on Base.,2206.gif,Cream,Pup,Sparkly,Beanie,None,Star
2207,Scribblin #2207,A looping doodle critter from Scribblins. Four bodies. One friendly cartoon. One clock. Minted on Base.,2207.gif,Butter,Bunny,Normal,Bow,None,Heart
2208,Scribblin #2208,A looping doodle critter from Scribblins. Four bodies. One friendly cartoon. One clock. Minted on Base.,2208.gif,Butter,Bunny,Sleepy,Leaf,None,Heart
2209,Scribblin #2209,A looping doodle critter from Scribblins. Four bodies. One friendly cartoon. One clock. Minted on Base.,2209.gif,Cream,Pup,Sleepy,Cap,Scarf,None
2210,Scribblin #2210,A looping doodle critter from Scribblins. Four bodies. One friendly cartoon. One clock. Minted on Base.,2210.gif,Sky,Bunny,Grin,Headphones,Scarf,Pencil
2211,Scribblin #2211,A looping doodle critter from Scribblins. Four bodies. One friendly cartoon. One clock. Minted on Base.,2211.gif,Cream,Bear,Sparkly,Flower,None,None
2212,Scribblin #2212,A looping doodle critter from Scribblins. Four bodies. One friendly cartoon. One clock. Minted on Base.,2212.gif,Sky,Bear,Pout,Cap,None,None
2213,Scribblin #2213,A looping doodle critter from Scribblins. Four bodies. One friendly cartoon. One clock. Minted on Base.,2213.gif,Clay,Frog,Heart,None,Scarf,Pencil
2214,Scribblin #2214,A looping doodle critter from Scribblins. Four bodies. One friendly cartoon. One clock. Minted on Base.,2214.gif,Cream,Pup,Sleepy,Headphones,Scarf,Pencil
2215,Scribblin #2215,A looping doodle critter from Scribblins. Four bodies. One friendly cartoon. One clock. Minted on Base.,2215.gif,Butter,Bunny,Normal,None,Scarf,Star
2216,Scribblin #2216,A looping doodle critter from Scribblins. Four bodies. One friendly cartoon. One clock. Minted on Base.,2216.gif,Clay,Bunny,Normal,Flower,Bowtie,Pencil
2217,Scribblin #2217,A looping doodle critter from Scribblins. Four bodies. One friendly cartoon. One clock. Minted on Base.,2217.gif,Cream,Bunny,Blep,Flower,Scarf,Heart
2218,Scribblin #2218,A looping doodle critter from Scribblins. Four bodies. One friendly cartoon. One clock. Minted on Base.,2218.gif,Butter,Pup,Wink,Beanie,None,None
2219,Scribblin #2219,A looping doodle critter from Scribblins. Four bodies. One friendly cartoon. One clock. Minted on Base.,2219.gif,Sky,Bear,Heart,Leaf,Scarf,None
2220,Scribblin #2220,A looping doodle critter from Scribblins. Four bodies. One friendly cartoon. One clock. Minted on Base.,2220.gif,Clay,Bunny,Wink,Headphones,Scarf,Star
2221,Scribblin #2221,A looping doodle critter from Scribblins. Four bodies. One friendly cartoon. One clock. Minted on Base.,2221.gif,Cream,Bunny,Grin,Bow,None,Heart
2222,Scribblin #2222,A looping doodle critter from Scribblins. Four bodies. One friendly cartoon. One clock. Minted on Base.,2222.gif,Clay,Pup,Wink,Leaf,Bandana,Pencil
2223,Scribblin #2223,A looping doodle critter from Scribblins. Four bodies. One friendly cartoon. One clock. Minted on Base.,2223.gif,Cream,Pup,Sparkly,Bow,Scarf,Heart
2224,Scribblin #2224,A looping doodle critter from Scribblins. Four bodies. One friendly cartoon. One clock. Minted on Base.,2224.gif,Clay,Bunny,Normal,None,Scarf,Star
2225,Scribblin #2225,A looping doodle critter from Scribblins. Four bodies. One friendly cartoon. One clock. Minted on Base.,2225.gif,Cream,Bear,Grin,Flower,Scarf,Star
2226,Scribblin #2226,A looping doodle critter from Scribblins. Four bodies. One friendly cartoon. One clock. Minted on Base.,2226.gif,Butter,Bunny,Normal,Bow,Scarf,None
2227,Scribblin #2227,A looping doodle critter from Scribblins. Four bodies. One friendly cartoon. One clock. Minted on Base.,2227.gif,Clay,Bear,Sleepy,Headphones,Scarf,None
2228,Scribblin #2228,A looping doodle critter from Scribblins. Four bodies. One friendly cartoon. One clock. Minted on Base.,2228.gif,Cream,Bunny,Normal,None,Bandana,Balloon
2229,Scribblin #2229,A looping doodle critter from Scribblins. Four bodies. One friendly cartoon. One clock. Minted on Base.,2229.gif,Cream,Bear,Grin,Bow,Bandana,Star
2230,Scribblin #2230,A looping doodle critter from Scribblins. Four bodies. One friendly cartoon. One clock. Minted on Base.,2230.gif,Cream,Bunny,Grin,Beanie,None,Balloon
2231,Scribblin #2231,A looping doodle critter from Scribblins. Four bodies. One friendly cartoon. One clock. Minted on Base.,2231.gif,Cream,Bear,Sleepy,Flower,Bowtie,None
2232,Scribblin #2232,A looping doodle critter from Scribblins. Four bodies. One friendly cartoon. One clock. Minted on Base.,2232.gif,Sky,Bear,Sleepy,Cap,Bowtie,Pencil
2233,Scribblin #2233,A looping doodle critter from Scribblins. Four bodies. One friendly cartoon. One clock. Minted on Base.,2233.gif,Sky,Frog,Sparkly,Cap,None,Balloon
2234,Scribblin #2234,A looping doodle critter from Scribblins. Four bodies. One friendly cartoon. One clock. Minted on Base.,2234.gif,Clay,Pup,Grin,Leaf,None,Star
2235,Scribblin #2235,A looping doodle critter from Scribblins. Four bodies. One friendly cartoon. One clock. Minted on Base.,2235.gif,Cream,Bear,Grin,None,Scarf,Pencil
2236,Scribblin #2236,A looping doodle critter from Scribblins. Four bodies. One friendly cartoon. One clock. Minted on Base.,2236.gif,Cream,Bunny,Grin,Leaf,Scarf,Balloon
2237,Scribblin #2237,A looping doodle critter from Scribblins. Four bodies. One friendly cartoon. One clock. Minted on Base.,2237.gif,Cream,Frog,Normal,Headphones,None,None
2238,Scribblin #2238,A looping doodle critter from Scribblins. Four bodies. One friendly cartoon. One clock. Minted on Base.,2238.gif,Butter,Bunny,Blep,None,Bowtie,Pencil
2239,Scribblin #2239,A looping doodle critter from Scribblins. Four bodies. One friendly cartoon. One clock. Minted on Base.,2239.gif,Butter,Bear,Normal,Bow,None,Star
2240,Scribblin #2240,A looping doodle critter from Scribblins. Four bodies. One friendly cartoon. One clock. Minted on Base.,2240.gif,Clay,Bear,Normal,None,Scarf,Star
2241,Scribblin #2241,A looping doodle critter from Scribblins. Four bodies. One friendly cartoon. One clock. Minted on Base.,2241.gif,Butter,Bear,Normal,Leaf,None,Balloon
2242,Scribblin #2242,A looping doodle critter from Scribblins. Four bodies. One friendly cartoon. One clock. Minted on Base.,2242.gif,Sky,Bear,Wink,None,Bowtie,Pencil
2243,Scribblin #2243,A looping doodle critter from Scribblins. Four bodies. One friendly cartoon. One clock. Minted on Base.,2243.gif,Sky,Bear,Pout,Flower,Bandana,Star
2244,Scribblin #2244,A looping doodle critter from Scribblins. Four bodies. One friendly cartoon. One clock. Minted on Base.,2244.gif,Sky,Bunny,Sparkly,Beanie,Bandana,Balloon
2245,Scribblin #2245,A looping doodle critter from Scribblins. Four bodies. One friendly cartoon. One clock. Minted on Base.,2245.gif,Sky,Bear,Wink,None,Bandana,Pencil
2246,Scribblin #2246,A looping doodle critter from Scribblins. Four bodies. One friendly cartoon. One clock. Minted on Base.,2246.gif,Sky,Bear,Sparkly,None,Bowtie,None
2247,Scribblin #2247,A looping doodle critter from Scribblins. Four bodies. One friendly cartoon. One clock. Minted on Base.,2247.gif,Clay,Bunny,Grin,None,Bowtie,Heart
2248,Scribblin #2248,A looping doodle critter from Scribblins. Four bodies. One friendly cartoon. One clock. Minted on Base.,2248.gif,Cream,Bear,Wink,Headphones,Bandana,Pencil
2249,Scribblin #2249,A looping doodle critter from Scribblins. Four bodies. One friendly cartoon. One clock. Minted on Base.,2249.gif,Clay,Pup,Normal,Flower,Scarf,Star
2250,Scribblin #2250,A looping doodle critter from Scribblins. Four bodies. One friendly cartoon. One clock. Minted on Base.,2250.gif,Cream,Pup,Normal,None,Bandana,Pencil
2251,Scribblin #2251,A looping doodle critter from Scribblins. Four bodies. One friendly cartoon. One clock. Minted on Base.,2251.gif,Cream,Bunny,Blep,None,Bandana,Star
2252,Scribblin #2252,A looping doodle critter from Scribblins. Four bodies. One friendly cartoon. One clock. Minted on Base.,2252.gif,Butter,Bear,Pout,None,Bandana,Balloon
2253,Scribblin #2253,A looping doodle critter from Scribblins. Four bodies. One friendly cartoon. One clock. Minted on Base.,2253.gif,Clay,Pup,Normal,Bow,None,None
2254,Scribblin #2254,A looping doodle critter from Scribblins. Four bodies. One friendly cartoon. One clock. Minted on Base.,2254.gif,Sky,Bunny,Grin,Flower,Bandana,Pencil
2255,Scribblin #2255,A looping doodle critter from Scribblins. Four bodies. One friendly cartoon. One clock. Minted on Base.,2255.gif,Sky,Bunny,Grin,Cap,Bandana,Balloon
2256,Scribblin #2256,A looping doodle critter from Scribblins. Four bodies. One friendly cartoon. One clock. Minted on Base.,2256.gif,Sky,Pup,Sparkly,Headphones,Bowtie,Pencil
2257,Scribblin #2257,A looping doodle critter from Scribblins. Four bodies. One friendly cartoon. One clock. Minted on Base.,2257.gif,Clay,Bunny,Normal,Beanie,Scarf,Pencil
2258,Scribblin #2258,A looping doodle critter from Scribblins. Four bodies. One friendly cartoon. One clock. Minted on Base.,2258.gif,Sky,Bunny,Normal,Flower,Bandana,None
2259,Scribblin #2259,A looping doodle critter from Scribblins. Four bodies. One friendly cartoon. One clock. Minted on Base.,2259.gif,Sky,Frog,Normal,Leaf,Scarf,Pencil
2260,Scribblin #2260,A looping doodle critter from Scribblins. Four bodies. One friendly cartoon. One clock. Minted on Base.,2260.gif,Butter,Frog,Normal,Bow,Scarf,Balloon
2261,Scribblin #2261,A looping doodle critter from Scribblins. Four bodies. One friendly cartoon. One clock. Minted on Base.,2261.gif,Cream,Pup,Grin,Headphones,None,Pencil
2262,Scribblin #2262,A looping doodle critter from Scribblins. Four bodies. One friendly cartoon. One clock. Minted on Base.,2262.gif,Clay,Pup,Sparkly,Beanie,Scarf,Star
2263,Scribblin #2263,A looping doodle critter from Scribblins. Four bodies. One friendly cartoon. One clock. Minted on Base.,2263.gif,Sky,Bunny,Blep,Cap,Bowtie,None
2264,Scribblin #2264,A looping doodle critter from Scribblins. Four bodies. One friendly cartoon. One clock. Minted on Base.,2264.gif,Butter,Bear,Blep,Bow,Scarf,Star
2265,Scribblin #2265,A looping doodle critter from Scribblins. Four bodies. One friendly cartoon. One clock. Minted on Base.,2265.gif,Cream,Pup,Blep,Headphones,None,Heart
2266,Scribblin #2266,A looping doodle critter from Scribblins. Four bodies. One friendly cartoon. One clock. Minted on Base.,2266.gif,Sky,Bear,Normal,Headphones,Scarf,None
2267,Scribblin #2267,A looping doodle critter from Scribblins. Four bodies. One friendly cartoon. One clock. Minted on Base.,2267.gif,Sky,Bear,Wink,Headphones,Scarf,Star
2268,Scribblin #2268,A looping doodle critter from Scribblins. Four bodies. One friendly cartoon. One clock. Minted on Base.,2268.gif,Clay,Pup,Wink,Flower,Scarf,None
2269,Scribblin #2269,A looping doodle critter from Scribblins. Four bodies. One friendly cartoon. One clock. Minted on Base.,2269.gif,Cream,Bunny,Heart,Cap,Bandana,Balloon
2270,Scribblin #2270,A looping doodle critter from Scribblins. Four bodies. One friendly cartoon. One clock. Minted on Base.,2270.gif,Cream,Bunny,Heart,Cap,None,None
2271,Scribblin #2271,A looping doodle critter from Scribblins. Four bodies. One friendly cartoon. One clock. Minted on Base.,2271.gif,Sky,Bear,Wink,Leaf,Bandana,Star
2272,Scribblin #2272,A looping doodle critter from Scribblins. Four bodies. One friendly cartoon. One clock. Minted on Base.,2272.gif,Clay,Frog,Wink,Headphones,None,Heart
2273,Scribblin #2273,A looping doodle critter from Scribblins. Four bodies. One friendly cartoon. One clock. Minted on Base.,2273.gif,Clay,Bear,Sleepy,Flower,None,Star
2274,Scribblin #2274,A looping doodle critter from Scribblins. Four bodies. One friendly cartoon. One clock. Minted on Base.,2274.gif,Butter,Frog,Normal,Bow,Bandana,Pencil
2275,Scribblin #2275,A looping doodle critter from Scribblins. Four bodies. One friendly cartoon. One clock. Minted on Base.,2275.gif,Sky,Pup,Blep,None,None,None
2276,Scribblin #2276,A looping doodle critter from Scribblins. Four bodies. One friendly cartoon. One clock. Minted on Base.,2276.gif,Butter,Frog,Wink,Headphones,Scarf,Pencil
2277,Scribblin #2277,A looping doodle critter from Scribblins. Four bodies. One friendly cartoon. One clock. Minted on Base.,2277.gif,Sky,Pup,Sleepy,Bow,Scarf,None
2278,Scribblin #2278,A looping doodle critter from Scribblins. Four bodies. One friendly cartoon. One clock. Minted on Base.,2278.gif,Butter,Bear,Sparkly,Bow,None,Balloon
2279,Scribblin #2279,A looping doodle critter from Scribblins. Four bodies. One friendly cartoon. One clock. Minted on Base.,2279.gif,Sky,Pup,Blep,None,Bowtie,None
2280,Scribblin #2280,A looping doodle critter from Scribblins. Four bodies. One friendly cartoon. One clock. Minted on Base.,2280.gif,Sky,Bunny,Blep,Flower,Bandana,Balloon
2281,Scribblin #2281,A looping doodle critter from Scribblins. Four bodies. One friendly cartoon. One clock. Minted on Base.,2281.gif,Sky,Pup,Blep,Beanie,Bandana,Star
2282,Scribblin #2282,A looping doodle critter from Scribblins. Four bodies. One friendly cartoon. One clock. Minted on Base.,2282.gif,Sky,Bunny,Blep,Leaf,None,Heart
2283,Scribblin #2283,A looping doodle critter from Scribblins. Four bodies. One friendly cartoon. One clock. Minted on Base.,2283.gif,Clay,Bunny,Heart,Beanie,Bowtie,None
2284,Scribblin #2284,A looping doodle critter from Scribblins. Four bodies. One friendly cartoon. One clock. Minted on Base.,2284.gif,Cream,Pup,Grin,Cap,Bandana,Balloon
2285,Scribblin #2285,A looping doodle critter from Scribblins. Four bodies. One friendly cartoon. One clock. Minted on Base.,2285.gif,Cream,Bear,Sleepy,None,None,Heart
2286,Scribblin #2286,A looping doodle critter from Scribblins. Four bodies. One friendly cartoon. One clock. Minted on Base.,2286.gif,Clay,Frog,Normal,Cap,Scarf,Heart
2287,Scribblin #2287,A looping doodle critter from Scribblins. Four bodies. One friendly cartoon. One clock. Minted on Base.,2287.gif,Sky,Bunny,Normal,Bow,Scarf,Balloon
2288,Scribblin #2288,A looping doodle critter from Scribblins. Four bodies. One friendly cartoon. One clock. Minted on Base.,2288.gif,Clay,Bunny,Grin,Headphones,None,None
2289,Scribblin #2289,A looping doodle critter from Scribblins. Four bodies. One friendly cartoon. One clock. Minted on Base.,2289.gif,Clay,Bunny,Sparkly,None,Scarf,Balloon
2290,Scribblin #2290,A looping doodle critter from Scribblins. Four bodies. One friendly cartoon. One clock. Minted on Base.,2290.gif,Sky,Pup,Sleepy,None,Scarf,None
2291,Scribblin #2291,A looping doodle critter from Scribblins. Four bodies. One friendly cartoon. One clock. Minted on Base.,2291.gif,Sky,Bear,Normal,None,Bandana,Star
2292,Scribblin #2292,A looping doodle critter from Scribblins. Four bodies. One friendly cartoon. One clock. Minted on Base.,2292.gif,Sky,Bunny,Sleepy,None,Scarf,Star
2293,Scribblin #2293,A looping doodle critter from Scribblins. Four bodies. One friendly cartoon. One clock. Minted on Base.,2293.gif,Cream,Bear,Sleepy,Flower,None,Heart
2294,Scribblin #2294,A looping doodle critter from Scribblins. Four bodies. One friendly cartoon. One clock. Minted on Base.,2294.gif,Cream,Bunny,Heart,None,Bowtie,Pencil
2295,Scribblin #2295,A looping doodle critter from Scribblins. Four bodies. One friendly cartoon. One clock. Minted on Base.,2295.gif,Butter,Bear,Grin,None,None,Balloon
2296,Scribblin #2296,A looping doodle critter from Scribblins. Four bodies. One friendly cartoon. One clock. Minted on Base.,2296.gif,Cream,Bear,Wink,Beanie,Bandana,Pencil
2297,Scribblin #2297,A looping doodle critter from Scribblins. Four bodies. One friendly cartoon. One clock. Minted on Base.,2297.gif,Cream,Pup,Blep,None,Bowtie,Balloon
2298,Scribblin #2298,A looping doodle critter from Scribblins. Four bodies. One friendly cartoon. One clock. Minted on Base.,2298.gif,Cream,Bear,Sparkly,Headphones,Bandana,Star
2299,Scribblin #2299,A looping doodle critter from Scribblins. Four bodies. One friendly cartoon. One clock. Minted on Base.,2299.gif,Clay,Bunny,Heart,Headphones,None,Pencil
2300,Scribblin #2300,A looping doodle critter from Scribblins. Four bodies. One friendly cartoon. One clock. Minted on Base.,2300.gif,Butter,Pup,Pout,Bow,None,None
2301,Scribblin #2301,A looping doodle critter from Scribblins. Four bodies. One friendly cartoon. One clock. Minted on Base.,2301.gif,Clay,Bunny,Sleepy,Cap,Bowtie,None
2302,Scribblin #2302,A looping doodle critter from Scribblins. Four bodies. One friendly cartoon. One clock. Minted on Base.,2302.gif,Clay,Pup,Normal,Leaf,Scarf,None
2303,Scribblin #2303,A looping doodle critter from Scribblins. Four bodies. One friendly cartoon. One clock. Minted on Base.,2303.gif,Butter,Pup,Blep,Beanie,Scarf,None
2304,Scribblin #2304,A looping doodle critter from Scribblins. Four bodies. One friendly cartoon. One clock. Minted on Base.,2304.gif,Clay,Bear,Normal,Beanie,Bowtie,Pencil
2305,Scribblin #2305,A looping doodle critter from Scribblins. Four bodies. One friendly cartoon. One clock. Minted on Base.,2305.gif,Cream,Pup,Normal,Flower,Scarf,Balloon
2306,Scribblin #2306,A looping doodle critter from Scribblins. Four bodies. One friendly cartoon. One clock. Minted on Base.,2306.gif,Sky,Bear,Wink,Headphones,Bandana,Pencil
2307,Scribblin #2307,A looping doodle critter from Scribblins. Four bodies. One friendly cartoon. One clock. Minted on Base.,2307.gif,Clay,Pup,Pout,Beanie,Scarf,None
2308,Scribblin #2308,A looping doodle critter from Scribblins. Four bodies. One friendly cartoon. One clock. Minted on Base.,2308.gif,Clay,Bunny,Pout,Flower,Scarf,None
2309,Scribblin #2309,A looping doodle critter from Scribblins. Four bodies. One friendly cartoon. One clock. Minted on Base.,2309.gif,Clay,Bear,Sleepy,Leaf,Scarf,None
2310,Scribblin #2310,A looping doodle critter from Scribblins. Four bodies. One friendly cartoon. One clock. Minted on Base.,2310.gif,Clay,Pup,Wink,Leaf,None,Balloon
2311,Scribblin #2311,A looping doodle critter from Scribblins. Four bodies. One friendly cartoon. One clock. Minted on Base.,2311.gif,Sky,Pup,Normal,Headphones,Bandana,Balloon
2312,Scribblin #2312,A looping doodle critter from Scribblins. Four bodies. One friendly cartoon. One clock. Minted on Base.,2312.gif,Butter,Bear,Wink,Flower,Bandana,None
2313,Scribblin #2313,A looping doodle critter from Scribblins. Four bodies. One friendly cartoon. One clock. Minted on Base.,2313.gif,Sky,Frog,Sleepy,Bow,Bowtie,None
2314,Scribblin #2314,A looping doodle critter from Scribblins. Four bodies. One friendly cartoon. One clock. Minted on Base.,2314.gif,Sky,Bunny,Normal,Headphones,Scarf,Pencil
2315,Scribblin #2315,A looping doodle critter from Scribblins. Four bodies. One friendly cartoon. One clock. Minted on Base.,2315.gif,Cream,Bunny,Wink,Bow,None,Pencil
2316,Scribblin #2316,A looping doodle critter from Scribblins. Four bodies. One friendly cartoon. One clock. Minted on Base.,2316.gif,Butter,Bear,Wink,Headphones,None,Pencil
2317,Scribblin #2317,A looping doodle critter from Scribblins. Four bodies. One friendly cartoon. One clock. Minted on Base.,2317.gif,Sky,Bear,Wink,Bow,Bowtie,None
2318,Scribblin #2318,A looping doodle critter from Scribblins. Four bodies. One friendly cartoon. One clock. Minted on Base.,2318.gif,Butter,Frog,Heart,Beanie,None,None
2319,Scribblin #2319,A looping doodle critter from Scribblins. Four bodies. One friendly cartoon. One clock. Minted on Base.,2319.gif,Butter,Bunny,Pout,None,Bandana,Star
2320,Scribblin #2320,A looping doodle critter from Scribblins. Four bodies. One friendly cartoon. One clock. Minted on Base.,2320.gif,Clay,Pup,Normal,Beanie,None,None
2321,Scribblin #2321,A looping doodle critter from Scribblins. Four bodies. One friendly cartoon. One clock. Minted on Base.,2321.gif,Butter,Bear,Grin,Headphones,Scarf,Pencil
2322,Scribblin #2322,A looping doodle critter from Scribblins. Four bodies. One friendly cartoon. One clock. Minted on Base.,2322.gif,Cream,Frog,Grin,Flower,Bowtie,None
2323,Scribblin #2323,A looping doodle critter from Scribblins. Four bodies. One friendly cartoon. One clock. Minted on Base.,2323.gif,Cream,Bunny,Grin,None,Bandana,Pencil
2324,Scribblin #2324,A looping doodle critter from Scribblins. Four bodies. One friendly cartoon. One clock. Minted on Base.,2324.gif,Sky,Bear,Normal,Cap,Bowtie,None
2325,Scribblin #2325,A looping doodle critter from Scribblins. Four bodies. One friendly cartoon. One clock. Minted on Base.,2325.gif,Cream,Frog,Grin,Leaf,Bandana,Star
2326,Scribblin #2326,A looping doodle critter from Scribblins. Four bodies. One friendly cartoon. One clock. Minted on Base.,2326.gif,Cream,Bunny,Grin,Cap,Scarf,Star
2327,Scribblin #2327,A looping doodle critter from Scribblins. Four bodies. One friendly cartoon. One clock. Minted on Base.,2327.gif,Sky,Pup,Wink,Headphones,Bowtie,None
2328,Scribblin #2328,A looping doodle critter from Scribblins. Four bodies. One friendly cartoon. One clock. Minted on Base.,2328.gif,Sky,Bunny,Grin,Flower,Bandana,None
2329,Scribblin #2329,A looping doodle critter from Scribblins. Four bodies. One friendly cartoon. One clock. Minted on Base.,2329.gif,Sky,Bear,Blep,Headphones,None,None
2330,Scribblin #2330,A looping doodle critter from Scribblins. Four bodies. One friendly cartoon. One clock. Minted on Base.,2330.gif,Cream,Pup,Heart,Headphones,Scarf,Star
2331,Scribblin #2331,A looping doodle critter from Scribblins. Four bodies. One friendly cartoon. One clock. Minted on Base.,2331.gif,Clay,Bunny,Sleepy,Cap,None,Balloon
2332,Scribblin #2332,A looping doodle critter from Scribblins. Four bodies. One friendly cartoon. One clock. Minted on Base.,2332.gif,Sky,Bear,Sleepy,Headphones,Bowtie,None
2333,Scribblin #2333,A looping doodle critter from Scribblins. Four bodies. One friendly cartoon. One clock. Minted on Base.,2333.gif,Cream,Bunny,Wink,Bow,Bandana,Star
2334,Scribblin #2334,A looping doodle critter from Scribblins. Four bodies. One friendly cartoon. One clock. Minted on Base.,2334.gif,Sky,Frog,Sleepy,Beanie,Scarf,None
2335,Scribblin #2335,A looping doodle critter from Scribblins. Four bodies. One friendly cartoon. One clock. Minted on Base.,2335.gif,Cream,Bunny,Normal,None,Scarf,Pencil
2336,Scribblin #2336,A looping doodle critter from Scribblins. Four bodies. One friendly cartoon. One clock. Minted on Base.,2336.gif,Butter,Bear,Heart,Cap,Scarf,Pencil
2337,Scribblin #2337,A looping doodle critter from Scribblins. Four bodies. One friendly cartoon. One clock. Minted on Base.,2337.gif,Clay,Bear,Normal,None,None,Heart
2338,Scribblin #2338,A looping doodle critter from Scribblins. Four bodies. One friendly cartoon. One clock. Minted on Base.,2338.gif,Butter,Bunny,Sleepy,None,Bowtie,Pencil
2339,Scribblin #2339,A looping doodle critter from Scribblins. Four bodies. One friendly cartoon. One clock. Minted on Base.,2339.gif,Cream,Bear,Grin,Flower,Scarf,None
2340,Scribblin #2340,A looping doodle critter from Scribblins. Four bodies. One friendly cartoon. One clock. Minted on Base.,2340.gif,Sky,Frog,Pout,Flower,None,Star
2341,Scribblin #2341,A looping doodle critter from Scribblins. Four bodies. One friendly cartoon. One clock. Minted on Base.,2341.gif,Clay,Bunny,Sleepy,Headphones,None,Pencil
2342,Scribblin #2342,A looping doodle critter from Scribblins. Four bodies. One friendly cartoon. One clock. Minted on Base.,2342.gif,Butter,Bunny,Grin,Cap,Bandana,Star
2343,Scribblin #2343,A looping doodle critter from Scribblins. Four bodies. One friendly cartoon. One clock. Minted on Base.,2343.gif,Butter,Pup,Pout,Headphones,Scarf,None
2344,Scribblin #2344,A looping doodle critter from Scribblins. Four bodies. One friendly cartoon. One clock. Minted on Base.,2344.gif,Cream,Bunny,Sleepy,Bow,Scarf,Heart
2345,Scribblin #2345,A looping doodle critter from Scribblins. Four bodies. One friendly cartoon. One clock. Minted on Base.,2345.gif,Clay,Pup,Wink,Leaf,None,Heart
2346,Scribblin #2346,A looping doodle critter from Scribblins. Four bodies. One friendly cartoon. One clock. Minted on Base.,2346.gif,Cream,Pup,Grin,None,Scarf,Heart
2347,Scribblin #2347,A looping doodle critter from Scribblins. Four bodies. One friendly cartoon. One clock. Minted on Base.,2347.gif,Sky,Bunny,Wink,Cap,Bowtie,None
2348,Scribblin #2348,A looping doodle critter from Scribblins. Four bodies. One friendly cartoon. One clock. Minted on Base.,2348.gif,Sky,Bear,Sleepy,Cap,None,Pencil
2349,Scribblin #2349,A looping doodle critter from Scribblins. Four bodies. One friendly cartoon. One clock. Minted on Base.,2349.gif,Cream,Bear,Sleepy,Cap,None,None
2350,Scribblin #2350,A looping doodle critter from Scribblins. Four bodies. One friendly cartoon. One clock. Minted on Base.,2350.gif,Sky,Bear,Sparkly,Beanie,Bowtie,Star
2351,Scribblin #2351,A looping doodle critter from Scribblins. Four bodies. One friendly cartoon. One clock. Minted on Base.,2351.gif,Clay,Pup,Grin,Leaf,Scarf,None
2352,Scribblin #2352,A looping doodle critter from Scribblins. Four bodies. One friendly cartoon. One clock. Minted on Base.,2352.gif,Clay,Bunny,Sleepy,Beanie,Scarf,None
2353,Scribblin #2353,A looping doodle critter from Scribblins. Four bodies. One friendly cartoon. One clock. Minted on Base.,2353.gif,Sky,Bear,Wink,None,Scarf,Star
2354,Scribblin #2354,A looping doodle critter from Scribblins. Four bodies. One friendly cartoon. One clock. Minted on Base.,2354.gif,Cream,Bunny,Normal,Bow,Scarf,None
2355,Scribblin #2355,A looping doodle critter from Scribblins. Four bodies. One friendly cartoon. One clock. Minted on Base.,2355.gif,Butter,Bunny,Normal,None,Bowtie,Balloon
2356,Scribblin #2356,A looping doodle critter from Scribblins. Four bodies. One friendly cartoon. One clock. Minted on Base.,2356.gif,Clay,Bunny,Wink,Flower,Bandana,Star
2357,Scribblin #2357,A looping doodle critter from Scribblins. Four bodies. One friendly cartoon. One clock. Minted on Base.,2357.gif,Sky,Bear,Normal,Flower,Scarf,None
2358,Scribblin #2358,A looping doodle critter from Scribblins. Four bodies. One friendly cartoon. One clock. Minted on Base.,2358.gif,Sky,Bear,Normal,Beanie,Bandana,Heart
2359,Scribblin #2359,A looping doodle critter from Scribblins. Four bodies. One friendly cartoon. One clock. Minted on Base.,2359.gif,Sky,Bunny,Sleepy,Leaf,Bandana,None
2360,Scribblin #2360,A looping doodle critter from Scribblins. Four bodies. One friendly cartoon. One clock. Minted on Base.,2360.gif,Sky,Bear,Heart,Beanie,None,None
2361,Scribblin #2361,A looping doodle critter from Scribblins. Four bodies. One friendly cartoon. One clock. Minted on Base.,2361.gif,Cream,Bunny,Blep,Headphones,Scarf,None
2362,Scribblin #2362,A looping doodle critter from Scribblins. Four bodies. One friendly cartoon. One clock. Minted on Base.,2362.gif,Cream,Bear,Pout,None,Scarf,Balloon
2363,Scribblin #2363,A looping doodle critter from Scribblins. Four bodies. One friendly cartoon. One clock. Minted on Base.,2363.gif,Clay,Pup,Pout,Headphones,Bowtie,Star
2364,Scribblin #2364,A looping doodle critter from Scribblins. Four bodies. One friendly cartoon. One clock. Minted on Base.,2364.gif,Butter,Pup,Pout,Cap,None,Star
2365,Scribblin #2365,A looping doodle critter from Scribblins. Four bodies. One friendly cartoon. One clock. Minted on Base.,2365.gif,Cream,Bunny,Sparkly,Headphones,Scarf,Heart
2366,Scribblin #2366,A looping doodle critter from Scribblins. Four bodies. One friendly cartoon. One clock. Minted on Base.,2366.gif,Clay,Bear,Normal,Flower,Bowtie,Pencil
2367,Scribblin #2367,A looping doodle critter from Scribblins. Four bodies. One friendly cartoon. One clock. Minted on Base.,2367.gif,Sky,Bunny,Pout,Bow,None,Heart
2368,Scribblin #2368,A looping doodle critter from Scribblins. Four bodies. One friendly cartoon. One clock. Minted on Base.,2368.gif,Butter,Bunny,Blep,None,Bowtie,Star
2369,Scribblin #2369,A looping doodle critter from Scribblins. Four bodies. One friendly cartoon. One clock. Minted on Base.,2369.gif,Butter,Bear,Grin,Cap,Scarf,Balloon
2370,Scribblin #2370,A looping doodle critter from Scribblins. Four bodies. One friendly cartoon. One clock. Minted on Base.,2370.gif,Cream,Bunny,Grin,Headphones,Scarf,Star
2371,Scribblin #2371,A looping doodle critter from Scribblins. Four bodies. One friendly cartoon. One clock. Minted on Base.,2371.gif,Cream,Frog,Sparkly,Headphones,Bandana,None
2372,Scribblin #2372,A looping doodle critter from Scribblins. Four bodies. One friendly cartoon. One clock. Minted on Base.,2372.gif,Clay,Bear,Grin,Headphones,None,None
2373,Scribblin #2373,A looping doodle critter from Scribblins. Four bodies. One friendly cartoon. One clock. Minted on Base.,2373.gif,Cream,Bunny,Normal,Headphones,Bowtie,Heart
2374,Scribblin #2374,A looping doodle critter from Scribblins. Four bodies. One friendly cartoon. One clock. Minted on Base.,2374.gif,Butter,Pup,Pout,None,Bowtie,Pencil
2375,Scribblin #2375,A looping doodle critter from Scribblins. Four bodies. One friendly cartoon. One clock. Minted on Base.,2375.gif,Clay,Bear,Pout,None,None,Star
2376,Scribblin #2376,A looping doodle critter from Scribblins. Four bodies. One friendly cartoon. One clock. Minted on Base.,2376.gif,Cream,Bear,Grin,Flower,None,Balloon
2377,Scribblin #2377,A looping doodle critter from Scribblins. Four bodies. One friendly cartoon. One clock. Minted on Base.,2377.gif,Clay,Pup,Wink,Flower,None,Balloon
2378,Scribblin #2378,A looping doodle critter from Scribblins. Four bodies. One friendly cartoon. One clock. Minted on Base.,2378.gif,Clay,Frog,Normal,Beanie,Scarf,Pencil
2379,Scribblin #2379,A looping doodle critter from Scribblins. Four bodies. One friendly cartoon. One clock. Minted on Base.,2379.gif,Sky,Bunny,Wink,Cap,Bandana,Star
2380,Scribblin #2380,A looping doodle critter from Scribblins. Four bodies. One friendly cartoon. One clock. Minted on Base.,2380.gif,Sky,Bunny,Sparkly,Headphones,None,None
2381,Scribblin #2381,A looping doodle critter from Scribblins. Four bodies. One friendly cartoon. One clock. Minted on Base.,2381.gif,Butter,Pup,Sleepy,Flower,None,Star
2382,Scribblin #2382,A looping doodle critter from Scribblins. Four bodies. One friendly cartoon. One clock. Minted on Base.,2382.gif,Butter,Bear,Normal,Headphones,None,Balloon
2383,Scribblin #2383,A looping doodle critter from Scribblins. Four bodies. One friendly cartoon. One clock. Minted on Base.,2383.gif,Cream,Pup,Blep,Headphones,Scarf,None
2384,Scribblin #2384,A looping doodle critter from Scribblins. Four bodies. One friendly cartoon. One clock. Minted on Base.,2384.gif,Sky,Bear,Heart,None,Bowtie,None
2385,Scribblin #2385,A looping doodle critter from Scribblins. Four bodies. One friendly cartoon. One clock. Minted on Base.,2385.gif,Clay,Pup,Grin,None,Bandana,Star
2386,Scribblin #2386,A looping doodle critter from Scribblins. Four bodies. One friendly cartoon. One clock. Minted on Base.,2386.gif,Sky,Bunny,Normal,Leaf,None,Star
2387,Scribblin #2387,A looping doodle critter from Scribblins. Four bodies. One friendly cartoon. One clock. Minted on Base.,2387.gif,Cream,Frog,Grin,Flower,Bandana,Pencil
2388,Scribblin #2388,A looping doodle critter from Scribblins. Four bodies. One friendly cartoon. One clock. Minted on Base.,2388.gif,Butter,Bear,Sleepy,Beanie,None,Star
2389,Scribblin #2389,A looping doodle critter from Scribblins. Four bodies. One friendly cartoon. One clock. Minted on Base.,2389.gif,Cream,Pup,Sleepy,Bow,None,Heart
2390,Scribblin #2390,A looping doodle critter from Scribblins. Four bodies. One friendly cartoon. One clock. Minted on Base.,2390.gif,Cream,Bear,Wink,Flower,None,None
2391,Scribblin #2391,A looping doodle critter from Scribblins. Four bodies. One friendly cartoon. One clock. Minted on Base.,2391.gif,Cream,Bunny,Wink,None,Bowtie,Heart
2392,Scribblin #2392,A looping doodle critter from Scribblins. Four bodies. One friendly cartoon. One clock. Minted on Base.,2392.gif,Sky,Frog,Pout,Headphones,Bandana,None
2393,Scribblin #2393,A looping doodle critter from Scribblins. Four bodies. One friendly cartoon. One clock. Minted on Base.,2393.gif,Cream,Frog,Sparkly,Bow,Scarf,None
2394,Scribblin #2394,A looping doodle critter from Scribblins. Four bodies. One friendly cartoon. One clock. Minted on Base.,2394.gif,Clay,Pup,Grin,Headphones,Bandana,None
2395,Scribblin #2395,A looping doodle critter from Scribblins. Four bodies. One friendly cartoon. One clock. Minted on Base.,2395.gif,Butter,Pup,Wink,None,None,Heart
2396,Scribblin #2396,A looping doodle critter from Scribblins. Four bodies. One friendly cartoon. One clock. Minted on Base.,2396.gif,Butter,Pup,Pout,None,Bandana,None
2397,Scribblin #2397,A looping doodle critter from Scribblins. Four bodies. One friendly cartoon. One clock. Minted on Base.,2397.gif,Cream,Bunny,Blep,None,Bowtie,Balloon
2398,Scribblin #2398,A looping doodle critter from Scribblins. Four bodies. One friendly cartoon. One clock. Minted on Base.,2398.gif,Butter,Bunny,Blep,Flower,None,Star
2399,Scribblin #2399,A looping doodle critter from Scribblins. Four bodies. One friendly cartoon. One clock. Minted on Base.,2399.gif,Sky,Bear,Pout,Leaf,None,Star
2400,Scribblin #2400,A looping doodle critter from Scribblins. Four bodies. One friendly cartoon. One clock. Minted on Base.,2400.gif,Cream,Bunny,Normal,Beanie,Bandana,Heart
2401,Scribblin #2401,A looping doodle critter from Scribblins. Four bodies. One friendly cartoon. One clock. Minted on Base.,2401.gif,Cream,Bear,Grin,Bow,Scarf,Star
2402,Scribblin #2402,A looping doodle critter from Scribblins. Four bodies. One friendly cartoon. One clock. Minted on Base.,2402.gif,Clay,Bear,Sleepy,Headphones,None,Heart
2403,Scribblin #2403,A looping doodle critter from Scribblins. Four bodies. One friendly cartoon. One clock. Minted on Base.,2403.gif,Cream,Bunny,Grin,Cap,Bandana,Star
2404,Scribblin #2404,A looping doodle critter from Scribblins. Four bodies. One friendly cartoon. One clock. Minted on Base.,2404.gif,Cream,Bear,Sleepy,Headphones,None,None
2405,Scribblin #2405,A looping doodle critter from Scribblins. Four bodies. One friendly cartoon. One clock. Minted on Base.,2405.gif,Sky,Bunny,Wink,None,None,Pencil
2406,Scribblin #2406,A looping doodle critter from Scribblins. Four bodies. One friendly cartoon. One clock. Minted on Base.,2406.gif,Clay,Bear,Grin,None,None,Pencil
2407,Scribblin #2407,A looping doodle critter from Scribblins. Four bodies. One friendly cartoon. One clock. Minted on Base.,2407.gif,Sky,Bear,Grin,Flower,None,None
2408,Scribblin #2408,A looping doodle critter from Scribblins. Four bodies. One friendly cartoon. One clock. Minted on Base.,2408.gif,Clay,Bunny,Pout,Bow,Bandana,Heart
2409,Scribblin #2409,A looping doodle critter from Scribblins. Four bodies. One friendly cartoon. One clock. Minted on Base.,2409.gif,Sky,Pup,Pout,Flower,None,None
2410,Scribblin #2410,A looping doodle critter from Scribblins. Four bodies. One friendly cartoon. One clock. Minted on Base.,2410.gif,Butter,Bunny,Sleepy,Bow,Scarf,None
2411,Scribblin #2411,A looping doodle critter from Scribblins. Four bodies. One friendly cartoon. One clock. Minted on Base.,2411.gif,Cream,Pup,Sparkly,Bow,Bandana,Star
2412,Scribblin #2412,A looping doodle critter from Scribblins. Four bodies. One friendly cartoon. One clock. Minted on Base.,2412.gif,Clay,Pup,Normal,Beanie,None,Balloon
2413,Scribblin #2413,A looping doodle critter from Scribblins. Four bodies. One friendly cartoon. One clock. Minted on Base.,2413.gif,Clay,Pup,Normal,None,Bandana,Star
2414,Scribblin #2414,A looping doodle critter from Scribblins. Four bodies. One friendly cartoon. One clock. Minted on Base.,2414.gif,Sky,Bear,Sparkly,None,Bandana,None
2415,Scribblin #2415,A looping doodle critter from Scribblins. Four bodies. One friendly cartoon. One clock. Minted on Base.,2415.gif,Cream,Pup,Normal,Headphones,None,Star
2416,Scribblin #2416,A looping doodle critter from Scribblins. Four bodies. One friendly cartoon. One clock. Minted on Base.,2416.gif,Clay,Bunny,Heart,None,Scarf,Heart
2417,Scribblin #2417,A looping doodle critter from Scribblins. Four bodies. One friendly cartoon. One clock. Minted on Base.,2417.gif,Clay,Bear,Sleepy,Cap,Scarf,Pencil
2418,Scribblin #2418,A looping doodle critter from Scribblins. Four bodies. One friendly cartoon. One clock. Minted on Base.,2418.gif,Sky,Pup,Blep,Cap,None,Pencil
2419,Scribblin #2419,A looping doodle critter from Scribblins. Four bodies. One friendly cartoon. One clock. Minted on Base.,2419.gif,Butter,Bear,Blep,Bow,None,Star
2420,Scribblin #2420,A looping doodle critter from Scribblins. Four bodies. One friendly cartoon. One clock. Minted on Base.,2420.gif,Sky,Bear,Normal,Beanie,Bowtie,Heart
2421,Scribblin #2421,A looping doodle critter from Scribblins. Four bodies. One friendly cartoon. One clock. Minted on Base.,2421.gif,Cream,Bunny,Normal,Leaf,Scarf,Star
2422,Scribblin #2422,A looping doodle critter from Scribblins. Four bodies. One friendly cartoon. One clock. Minted on Base.,2422.gif,Cream,Pup,Normal,None,Scarf,Star
2423,Scribblin #2423,A looping doodle critter from Scribblins. Four bodies. One friendly cartoon. One clock. Minted on Base.,2423.gif,Cream,Bear,Sparkly,Cap,None,None
2424,Scribblin #2424,A looping doodle critter from Scribblins. Four bodies. One friendly cartoon. One clock. Minted on Base.,2424.gif,Butter,Pup,Sleepy,Cap,None,Balloon
2425,Scribblin #2425,A looping doodle critter from Scribblins. Four bodies. One friendly cartoon. One clock. Minted on Base.,2425.gif,Cream,Pup,Grin,Bow,Bowtie,Pencil
2426,Scribblin #2426,A looping doodle critter from Scribblins. Four bodies. One friendly cartoon. One clock. Minted on Base.,2426.gif,Cream,Bunny,Grin,Cap,None,None
2427,Scribblin #2427,A looping doodle critter from Scribblins. Four bodies. One friendly cartoon. One clock. Minted on Base.,2427.gif,Cream,Bear,Grin,None,Bandana,Star
2428,Scribblin #2428,A looping doodle critter from Scribblins. Four bodies. One friendly cartoon. One clock. Minted on Base.,2428.gif,Clay,Bear,Heart,Bow,None,Balloon
2429,Scribblin #2429,A looping doodle critter from Scribblins. Four bodies. One friendly cartoon. One clock. Minted on Base.,2429.gif,Cream,Bear,Normal,Cap,Scarf,None
2430,Scribblin #2430,A looping doodle critter from Scribblins. Four bodies. One friendly cartoon. One clock. Minted on Base.,2430.gif,Sky,Bunny,Sleepy,Flower,Bandana,Star
2431,Scribblin #2431,A looping doodle critter from Scribblins. Four bodies. One friendly cartoon. One clock. Minted on Base.,2431.gif,Clay,Bear,Grin,Beanie,None,None
2432,Scribblin #2432,A looping doodle critter from Scribblins. Four bodies. One friendly cartoon. One clock. Minted on Base.,2432.gif,Butter,Bunny,Heart,Flower,Scarf,Balloon
2433,Scribblin #2433,A looping doodle critter from Scribblins. Four bodies. One friendly cartoon. One clock. Minted on Base.,2433.gif,Sky,Frog,Sparkly,Bow,None,Pencil
2434,Scribblin #2434,A looping doodle critter from Scribblins. Four bodies. One friendly cartoon. One clock. Minted on Base.,2434.gif,Sky,Bunny,Sparkly,Leaf,None,Balloon
2435,Scribblin #2435,A looping doodle critter from Scribblins. Four bodies. One friendly cartoon. One clock. Minted on Base.,2435.gif,Cream,Pup,Grin,Bow,None,None
2436,Scribblin #2436,A looping doodle critter from Scribblins. Four bodies. One friendly cartoon. One clock. Minted on Base.,2436.gif,Cream,Frog,Sleepy,Headphones,Bowtie,Star
2437,Scribblin #2437,A looping doodle critter from Scribblins. Four bodies. One friendly cartoon. One clock. Minted on Base.,2437.gif,Butter,Bear,Heart,Headphones,Scarf,Heart
2438,Scribblin #2438,A looping doodle critter from Scribblins. Four bodies. One friendly cartoon. One clock. Minted on Base.,2438.gif,Sky,Bunny,Normal,Leaf,None,Heart
2439,Scribblin #2439,A looping doodle critter from Scribblins. Four bodies. One friendly cartoon. One clock. Minted on Base.,2439.gif,Cream,Pup,Sleepy,Beanie,Bandana,None
2440,Scribblin #2440,A looping doodle critter from Scribblins. Four bodies. One friendly cartoon. One clock. Minted on Base.,2440.gif,Clay,Bear,Normal,Beanie,Scarf,Heart
2441,Scribblin #2441,A looping doodle critter from Scribblins. Four bodies. One friendly cartoon. One clock. Minted on Base.,2441.gif,Clay,Frog,Sleepy,Bow,None,Pencil
2442,Scribblin #2442,A looping doodle critter from Scribblins. Four bodies. One friendly cartoon. One clock. Minted on Base.,2442.gif,Cream,Bear,Sparkly,Cap,Scarf,None
2443,Scribblin #2443,A looping doodle critter from Scribblins. Four bodies. One friendly cartoon. One clock. Minted on Base.,2443.gif,Clay,Bunny,Sparkly,Cap,None,Pencil
2444,Scribblin #2444,A looping doodle critter from Scribblins. Four bodies. One friendly cartoon. One clock. Minted on Base.,2444.gif,Sky,Pup,Grin,Flower,None,None
2445,Scribblin #2445,A looping doodle critter from Scribblins. Four bodies. One friendly cartoon. One clock. Minted on Base.,2445.gif,Sky,Frog,Heart,Cap,Bowtie,None
2446,Scribblin #2446,A looping doodle critter from Scribblins. Four bodies. One friendly cartoon. One clock. Minted on Base.,2446.gif,Cream,Bear,Blep,Bow,Scarf,Star
2447,Scribblin #2447,A looping doodle critter from Scribblins. Four bodies. One friendly cartoon. One clock. Minted on Base.,2447.gif,Cream,Bear,Wink,Leaf,Scarf,Pencil
2448,Scribblin #2448,A looping doodle critter from Scribblins. Four bodies. One friendly cartoon. One clock. Minted on Base.,2448.gif,Cream,Bunny,Pout,Bow,Bandana,Star
2449,Scribblin #2449,A looping doodle critter from Scribblins. Four bodies. One friendly cartoon. One clock. Minted on Base.,2449.gif,Butter,Pup,Blep,Cap,None,None
2450,Scribblin #2450,A looping doodle critter from Scribblins. Four bodies. One friendly cartoon. One clock. Minted on Base.,2450.gif,Clay,Bunny,Heart,Beanie,None,Pencil
2451,Scribblin #2451,A looping doodle critter from Scribblins. Four bodies. One friendly cartoon. One clock. Minted on Base.,2451.gif,Clay,Pup,Pout,None,None,Balloon
2452,Scribblin #2452,A looping doodle critter from Scribblins. Four bodies. One friendly cartoon. One clock. Minted on Base.,2452.gif,Cream,Frog,Sleepy,Headphones,Bandana,None
2453,Scribblin #2453,A looping doodle critter from Scribblins. Four bodies. One friendly cartoon. One clock. Minted on Base.,2453.gif,Clay,Pup,Sleepy,None,None,Pencil
2454,Scribblin #2454,A looping doodle critter from Scribblins. Four bodies. One friendly cartoon. One clock. Minted on Base.,2454.gif,Sky,Bear,Heart,None,None,Pencil
2455,Scribblin #2455,A looping doodle critter from Scribblins. Four bodies. One friendly cartoon. One clock. Minted on Base.,2455.gif,Butter,Bunny,Sleepy,Cap,Bowtie,Star
2456,Scribblin #2456,A looping doodle critter from Scribblins. Four bodies. One friendly cartoon. One clock. Minted on Base.,2456.gif,Clay,Pup,Blep,Bow,None,Balloon
2457,Scribblin #2457,A looping doodle critter from Scribblins. Four bodies. One friendly cartoon. One clock. Minted on Base.,2457.gif,Cream,Bunny,Blep,Headphones,None,Star
2458,Scribblin #2458,A looping doodle critter from Scribblins. Four bodies. One friendly cartoon. One clock. Minted on Base.,2458.gif,Sky,Bunny,Blep,Flower,Bandana,Pencil
2459,Scribblin #2459,A looping doodle critter from Scribblins. Four bodies. One friendly cartoon. One clock. Minted on Base.,2459.gif,Clay,Pup,Heart,Headphones,None,Star
2460,Scribblin #2460,A looping doodle critter from Scribblins. Four bodies. One friendly cartoon. One clock. Minted on Base.,2460.gif,Cream,Bunny,Blep,Beanie,Bowtie,Heart
2461,Scribblin #2461,A looping doodle critter from Scribblins. Four bodies. One friendly cartoon. One clock. Minted on Base.,2461.gif,Butter,Bear,Normal,Beanie,Bandana,Star
2462,Scribblin #2462,A looping doodle critter from Scribblins. Four bodies. One friendly cartoon. One clock. Minted on Base.,2462.gif,Butter,Frog,Normal,None,Scarf,Pencil
2463,Scribblin #2463,A looping doodle critter from Scribblins. Four bodies. One friendly cartoon. One clock. Minted on Base.,2463.gif,Butter,Frog,Wink,Beanie,Bandana,Star
2464,Scribblin #2464,A looping doodle critter from Scribblins. Four bodies. One friendly cartoon. One clock. Minted on Base.,2464.gif,Sky,Pup,Sleepy,Flower,Bandana,None
2465,Scribblin #2465,A looping doodle critter from Scribblins. Four bodies. One friendly cartoon. One clock. Minted on Base.,2465.gif,Cream,Bunny,Grin,Flower,Bandana,None
2466,Scribblin #2466,A looping doodle critter from Scribblins. Four bodies. One friendly cartoon. One clock. Minted on Base.,2466.gif,Clay,Bear,Grin,None,None,None
2467,Scribblin #2467,A looping doodle critter from Scribblins. Four bodies. One friendly cartoon. One clock. Minted on Base.,2467.gif,Cream,Bunny,Heart,Flower,Scarf,None
2468,Scribblin #2468,A looping doodle critter from Scribblins. Four bodies. One friendly cartoon. One clock. Minted on Base.,2468.gif,Sky,Pup,Normal,Beanie,Scarf,Star
2469,Scribblin #2469,A looping doodle critter from Scribblins. Four bodies. One friendly cartoon. One clock. Minted on Base.,2469.gif,Sky,Pup,Grin,Flower,Bandana,None
2470,Scribblin #2470,A looping doodle critter from Scribblins. Four bodies. One friendly cartoon. One clock. Minted on Base.,2470.gif,Butter,Pup,Heart,Beanie,Scarf,Star
2471,Scribblin #2471,A looping doodle critter from Scribblins. Four bodies. One friendly cartoon. One clock. Minted on Base.,2471.gif,Sky,Bear,Sleepy,Flower,None,Pencil
2472,Scribblin #2472,A looping doodle critter from Scribblins. Four bodies. One friendly cartoon. One clock. Minted on Base.,2472.gif,Clay,Pup,Normal,Cap,Scarf,Balloon
2473,Scribblin #2473,A looping doodle critter from Scribblins. Four bodies. One friendly cartoon. One clock. Minted on Base.,2473.gif,Sky,Bear,Heart,None,None,Star
2474,Scribblin #2474,A looping doodle critter from Scribblins. Four bodies. One friendly cartoon. One clock. Minted on Base.,2474.gif,Clay,Bunny,Heart,Bow,Bowtie,None
2475,Scribblin #2475,A looping doodle critter from Scribblins. Four bodies. One friendly cartoon. One clock. Minted on Base.,2475.gif,Cream,Bunny,Blep,Bow,None,Star
2476,Scribblin #2476,A looping doodle critter from Scribblins. Four bodies. One friendly cartoon. One clock. Minted on Base.,2476.gif,Clay,Bunny,Sleepy,Bow,Bandana,None
2477,Scribblin #2477,A looping doodle critter from Scribblins. Four bodies. One friendly cartoon. One clock. Minted on Base.,2477.gif,Butter,Bunny,Pout,Cap,None,None
2478,Scribblin #2478,A looping doodle critter from Scribblins. Four bodies. One friendly cartoon. One clock. Minted on Base.,2478.gif,Sky,Pup,Sleepy,Headphones,Scarf,None
2479,Scribblin #2479,A looping doodle critter from Scribblins. Four bodies. One friendly cartoon. One clock. Minted on Base.,2479.gif,Butter,Bear,Normal,Headphones,None,Star
2480,Scribblin #2480,A looping doodle critter from Scribblins. Four bodies. One friendly cartoon. One clock. Minted on Base.,2480.gif,Butter,Bear,Wink,Bow,Bandana,None
2481,Scribblin #2481,A looping doodle critter from Scribblins. Four bodies. One friendly cartoon. One clock. Minted on Base.,2481.gif,Butter,Frog,Blep,Cap,None,Star
2482,Scribblin #2482,A looping doodle critter from Scribblins. Four bodies. One friendly cartoon. One clock. Minted on Base.,2482.gif,Sky,Bunny,Sleepy,Flower,Bowtie,None
2483,Scribblin #2483,A looping doodle critter from Scribblins. Four bodies. One friendly cartoon. One clock. Minted on Base.,2483.gif,Cream,Frog,Grin,Flower,Bandana,None
2484,Scribblin #2484,A looping doodle critter from Scribblins. Four bodies. One friendly cartoon. One clock. Minted on Base.,2484.gif,Cream,Pup,Sleepy,Cap,Bowtie,Balloon
2485,Scribblin #2485,A looping doodle critter from Scribblins. Four bodies. One friendly cartoon. One clock. Minted on Base.,2485.gif,Cream,Pup,Normal,Bow,Scarf,Pencil
2486,Scribblin #2486,A looping doodle critter from Scribblins. Four bodies. One friendly cartoon. One clock. Minted on Base.,2486.gif,Cream,Bear,Wink,None,Bandana,Pencil
2487,Scribblin #2487,A looping doodle critter from Scribblins. Four bodies. One friendly cartoon. One clock. Minted on Base.,2487.gif,Cream,Bear,Sleepy,Flower,None,None
2488,Scribblin #2488,A looping doodle critter from Scribblins. Four bodies. One friendly cartoon. One clock. Minted on Base.,2488.gif,Butter,Bunny,Grin,Bow,Bandana,None
2489,Scribblin #2489,A looping doodle critter from Scribblins. Four bodies. One friendly cartoon. One clock. Minted on Base.,2489.gif,Clay,Bear,Pout,Flower,Bowtie,None
2490,Scribblin #2490,A looping doodle critter from Scribblins. Four bodies. One friendly cartoon. One clock. Minted on Base.,2490.gif,Butter,Bunny,Wink,Cap,Scarf,Heart
2491,Scribblin #2491,A looping doodle critter from Scribblins. Four bodies. One friendly cartoon. One clock. Minted on Base.,2491.gif,Sky,Bear,Pout,Cap,Bowtie,Balloon
2492,Scribblin #2492,A looping doodle critter from Scribblins. Four bodies. One friendly cartoon. One clock. Minted on Base.,2492.gif,Cream,Bunny,Wink,Flower,Scarf,Balloon
2493,Scribblin #2493,A looping doodle critter from Scribblins. Four bodies. One friendly cartoon. One clock. Minted on Base.,2493.gif,Cream,Bunny,Pout,None,Bandana,Pencil
2494,Scribblin #2494,A looping doodle critter from Scribblins. Four bodies. One friendly cartoon. One clock. Minted on Base.,2494.gif,Sky,Bear,Wink,Leaf,Bowtie,Balloon
2495,Scribblin #2495,A looping doodle critter from Scribblins. Four bodies. One friendly cartoon. One clock. Minted on Base.,2495.gif,Clay,Bunny,Pout,Headphones,Bowtie,None
2496,Scribblin #2496,A looping doodle critter from Scribblins. Four bodies. One friendly cartoon. One clock. Minted on Base.,2496.gif,Sky,Pup,Heart,Leaf,None,Heart
2497,Scribblin #2497,A looping doodle critter from Scribblins. Four bodies. One friendly cartoon. One clock. Minted on Base.,2497.gif,Butter,Bunny,Normal,None,Bandana,Balloon
2498,Scribblin #2498,A looping doodle critter from Scribblins. Four bodies. One friendly cartoon. One clock. Minted on Base.,2498.gif,Clay,Pup,Sparkly,Bow,Bandana,Pencil
2499,Scribblin #2499,A looping doodle critter from Scribblins. Four bodies. One friendly cartoon. One clock. Minted on Base.,2499.gif,Cream,Bear,Grin,Leaf,Bandana,None
2500,Scribblin #2500,A looping doodle critter from Scribblins. Four bodies. One friendly cartoon. One clock. Minted on Base.,2500.gif,Clay,Pup,Sleepy,Bow,Scarf,Star
2501,Scribblin #2501,A looping doodle critter from Scribblins. Four bodies. One friendly cartoon. One clock. Minted on Base.,2501.gif,Sky,Frog,Normal,Headphones,None,Pencil
2502,Scribblin #2502,A looping doodle critter from Scribblins. Four bodies. One friendly cartoon. One clock. Minted on Base.,2502.gif,Sky,Bunny,Normal,Headphones,None,Pencil
2503,Scribblin #2503,A looping doodle critter from Scribblins. Four bodies. One friendly cartoon. One clock. Minted on Base.,2503.gif,Cream,Frog,Sparkly,Beanie,Bandana,Pencil
2504,Scribblin #2504,A looping doodle critter from Scribblins. Four bodies. One friendly cartoon. One clock. Minted on Base.,2504.gif,Cream,Pup,Sleepy,Leaf,Scarf,Pencil
2505,Scribblin #2505,A looping doodle critter from Scribblins. Four bodies. One friendly cartoon. One clock. Minted on Base.,2505.gif,Cream,Bear,Sleepy,Leaf,Bandana,None
2506,Scribblin #2506,A looping doodle critter from Scribblins. Four bodies. One friendly cartoon. One clock. Minted on Base.,2506.gif,Sky,Bunny,Pout,Bow,None,Star
2507,Scribblin #2507,A looping doodle critter from Scribblins. Four bodies. One friendly cartoon. One clock. Minted on Base.,2507.gif,Sky,Bunny,Wink,Flower,Bandana,Balloon
2508,Scribblin #2508,A looping doodle critter from Scribblins. Four bodies. One friendly cartoon. One clock. Minted on Base.,2508.gif,Clay,Bunny,Sleepy,Leaf,Scarf,None
2509,Scribblin #2509,A looping doodle critter from Scribblins. Four bodies. One friendly cartoon. One clock. Minted on Base.,2509.gif,Cream,Bear,Sleepy,None,Bowtie,None
2510,Scribblin #2510,A looping doodle critter from Scribblins. Four bodies. One friendly cartoon. One clock. Minted on Base.,2510.gif,Cream,Pup,Sparkly,Headphones,None,None
2511,Scribblin #2511,A looping doodle critter from Scribblins. Four bodies. One friendly cartoon. One clock. Minted on Base.,2511.gif,Cream,Bunny,Normal,Headphones,Bandana,None
2512,Scribblin #2512,A looping doodle critter from Scribblins. Four bodies. One friendly cartoon. One clock. Minted on Base.,2512.gif,Cream,Frog,Wink,None,Bowtie,Pencil
2513,Scribblin #2513,A looping doodle critter from Scribblins. Four bodies. One friendly cartoon. One clock. Minted on Base.,2513.gif,Butter,Frog,Normal,Flower,Bowtie,None
2514,Scribblin #2514,A looping doodle critter from Scribblins. Four bodies. One friendly cartoon. One clock. Minted on Base.,2514.gif,Sky,Bear,Normal,Bow,Bowtie,Balloon
2515,Scribblin #2515,A looping doodle critter from Scribblins. Four bodies. One friendly cartoon. One clock. Minted on Base.,2515.gif,Clay,Bear,Grin,Headphones,None,Heart
2516,Scribblin #2516,A looping doodle critter from Scribblins. Four bodies. One friendly cartoon. One clock. Minted on Base.,2516.gif,Clay,Bear,Sparkly,None,Scarf,None
2517,Scribblin #2517,A looping doodle critter from Scribblins. Four bodies. One friendly cartoon. One clock. Minted on Base.,2517.gif,Sky,Pup,Sleepy,Cap,Bandana,None
2518,Scribblin #2518,A looping doodle critter from Scribblins. Four bodies. One friendly cartoon. One clock. Minted on Base.,2518.gif,Sky,Pup,Pout,Bow,Scarf,Pencil
2519,Scribblin #2519,A looping doodle critter from Scribblins. Four bodies. One friendly cartoon. One clock. Minted on Base.,2519.gif,Sky,Frog,Blep,Bow,Bandana,Star
2520,Scribblin #2520,A looping doodle critter from Scribblins. Four bodies. One friendly cartoon. One clock. Minted on Base.,2520.gif,Cream,Pup,Sparkly,None,Scarf,Pencil
2521,Scribblin #2521,A looping doodle critter from Scribblins. Four bodies. One friendly cartoon. One clock. Minted on Base.,2521.gif,Cream,Bunny,Normal,Flower,Bandana,Pencil
2522,Scribblin #2522,A looping doodle critter from Scribblins. Four bodies. One friendly cartoon. One clock. Minted on Base.,2522.gif,Clay,Bunny,Pout,Cap,None,Pencil
2523,Scribblin #2523,A looping doodle critter from Scribblins. Four bodies. One friendly cartoon. One clock. Minted on Base.,2523.gif,Cream,Bear,Blep,Headphones,Bowtie,Balloon
2524,Scribblin #2524,A looping doodle critter from Scribblins. Four bodies. One friendly cartoon. One clock. Minted on Base.,2524.gif,Sky,Bear,Wink,Beanie,Bandana,None
2525,Scribblin #2525,A looping doodle critter from Scribblins. Four bodies. One friendly cartoon. One clock. Minted on Base.,2525.gif,Sky,Frog,Sparkly,Beanie,Bandana,Balloon
2526,Scribblin #2526,A looping doodle critter from Scribblins. Four bodies. One friendly cartoon. One clock. Minted on Base.,2526.gif,Cream,Bear,Wink,Cap,Bandana,Star
2527,Scribblin #2527,A looping doodle critter from Scribblins. Four bodies. One friendly cartoon. One clock. Minted on Base.,2527.gif,Cream,Pup,Grin,None,None,None
2528,Scribblin #2528,A looping doodle critter from Scribblins. Four bodies. One friendly cartoon. One clock. Minted on Base.,2528.gif,Butter,Frog,Sleepy,Beanie,Scarf,Heart
2529,Scribblin #2529,A looping doodle critter from Scribblins. Four bodies. One friendly cartoon. One clock. Minted on Base.,2529.gif,Cream,Bunny,Sparkly,Bow,None,Pencil
2530,Scribblin #2530,A looping doodle critter from Scribblins. Four bodies. One friendly cartoon. One clock. Minted on Base.,2530.gif,Clay,Pup,Grin,Bow,Bowtie,Balloon
2531,Scribblin #2531,A looping doodle critter from Scribblins. Four bodies. One friendly cartoon. One clock. Minted on Base.,2531.gif,Clay,Bear,Grin,Cap,Bowtie,None
2532,Scribblin #2532,A looping doodle critter from Scribblins. Four bodies. One friendly cartoon. One clock. Minted on Base.,2532.gif,Cream,Pup,Pout,Leaf,Bandana,Star
2533,Scribblin #2533,A looping doodle critter from Scribblins. Four bodies. One friendly cartoon. One clock. Minted on Base.,2533.gif,Butter,Pup,Wink,Flower,Bandana,Star
2534,Scribblin #2534,A looping doodle critter from Scribblins. Four bodies. One friendly cartoon. One clock. Minted on Base.,2534.gif,Cream,Bear,Blep,None,None,None
2535,Scribblin #2535,A looping doodle critter from Scribblins. Four bodies. One friendly cartoon. One clock. Minted on Base.,2535.gif,Sky,Bear,Sleepy,Bow,Scarf,None
2536,Scribblin #2536,A looping doodle critter from Scribblins. Four bodies. One friendly cartoon. One clock. Minted on Base.,2536.gif,Sky,Bear,Sparkly,Beanie,Scarf,Balloon
2537,Scribblin #2537,A looping doodle critter from Scribblins. Four bodies. One friendly cartoon. One clock. Minted on Base.,2537.gif,Sky,Frog,Sparkly,None,None,Heart
2538,Scribblin #2538,A looping doodle critter from Scribblins. Four bodies. One friendly cartoon. One clock. Minted on Base.,2538.gif,Butter,Pup,Sleepy,Leaf,None,Balloon
2539,Scribblin #2539,A looping doodle critter from Scribblins. Four bodies. One friendly cartoon. One clock. Minted on Base.,2539.gif,Sky,Bunny,Normal,Bow,Scarf,Pencil
2540,Scribblin #2540,A looping doodle critter from Scribblins. Four bodies. One friendly cartoon. One clock. Minted on Base.,2540.gif,Sky,Bear,Normal,Beanie,None,None
2541,Scribblin #2541,A looping doodle critter from Scribblins. Four bodies. One friendly cartoon. One clock. Minted on Base.,2541.gif,Clay,Bear,Pout,Cap,Scarf,None
2542,Scribblin #2542,A looping doodle critter from Scribblins. Four bodies. One friendly cartoon. One clock. Minted on Base.,2542.gif,Butter,Bunny,Grin,Beanie,None,Star
2543,Scribblin #2543,A looping doodle critter from Scribblins. Four bodies. One friendly cartoon. One clock. Minted on Base.,2543.gif,Cream,Bunny,Grin,Bow,None,None
2544,Scribblin #2544,A looping doodle critter from Scribblins. Four bodies. One friendly cartoon. One clock. Minted on Base.,2544.gif,Sky,Pup,Blep,Beanie,Bowtie,None
2545,Scribblin #2545,A looping doodle critter from Scribblins. Four bodies. One friendly cartoon. One clock. Minted on Base.,2545.gif,Sky,Bunny,Sleepy,Headphones,Bandana,Star
2546,Scribblin #2546,A looping doodle critter from Scribblins. Four bodies. One friendly cartoon. One clock. Minted on Base.,2546.gif,Sky,Bunny,Wink,Leaf,None,None
2547,Scribblin #2547,A looping doodle critter from Scribblins. Four bodies. One friendly cartoon. One clock. Minted on Base.,2547.gif,Butter,Bunny,Blep,Beanie,Bowtie,Star
2548,Scribblin #2548,A looping doodle critter from Scribblins. Four bodies. One friendly cartoon. One clock. Minted on Base.,2548.gif,Butter,Bunny,Normal,Bow,None,None
2549,Scribblin #2549,A looping doodle critter from Scribblins. Four bodies. One friendly cartoon. One clock. Minted on Base.,2549.gif,Cream,Frog,Grin,Beanie,Bandana,Heart
2550,Scribblin #2550,A looping doodle critter from Scribblins. Four bodies. One friendly cartoon. One clock. Minted on Base.,2550.gif,Sky,Bunny,Sleepy,Headphones,Bandana,None
2551,Scribblin #2551,A looping doodle critter from Scribblins. Four bodies. One friendly cartoon. One clock. Minted on Base.,2551.gif,Sky,Pup,Normal,Beanie,Scarf,Heart
2552,Scribblin #2552,A looping doodle critter from Scribblins. Four bodies. One friendly cartoon. One clock. Minted on Base.,2552.gif,Cream,Bunny,Sparkly,Beanie,None,Heart
2553,Scribblin #2553,A looping doodle critter from Scribblins. Four bodies. One friendly cartoon. One clock. Minted on Base.,2553.gif,Clay,Frog,Sleepy,None,Bowtie,Balloon
2554,Scribblin #2554,A looping doodle critter from Scribblins. Four bodies. One friendly cartoon. One clock. Minted on Base.,2554.gif,Sky,Bear,Pout,None,None,Heart
2555,Scribblin #2555,A looping doodle critter from Scribblins. Four bodies. One friendly cartoon. One clock. Minted on Base.,2555.gif,Butter,Bunny,Normal,Beanie,Bowtie,Star
2556,Scribblin #2556,A looping doodle critter from Scribblins. Four bodies. One friendly cartoon. One clock. Minted on Base.,2556.gif,Sky,Frog,Sleepy,Cap,Scarf,Balloon
2557,Scribblin #2557,A looping doodle critter from Scribblins. Four bodies. One friendly cartoon. One clock. Minted on Base.,2557.gif,Sky,Bunny,Normal,Leaf,None,Pencil
2558,Scribblin #2558,A looping doodle critter from Scribblins. Four bodies. One friendly cartoon. One clock. Minted on Base.,2558.gif,Butter,Bear,Grin,Beanie,None,None
2559,Scribblin #2559,A looping doodle critter from Scribblins. Four bodies. One friendly cartoon. One clock. Minted on Base.,2559.gif,Sky,Bear,Normal,Bow,None,None
2560,Scribblin #2560,A looping doodle critter from Scribblins. Four bodies. One friendly cartoon. One clock. Minted on Base.,2560.gif,Cream,Bear,Heart,Beanie,None,Balloon
2561,Scribblin #2561,A looping doodle critter from Scribblins. Four bodies. One friendly cartoon. One clock. Minted on Base.,2561.gif,Cream,Bear,Sleepy,Cap,Scarf,Pencil
2562,Scribblin #2562,A looping doodle critter from Scribblins. Four bodies. One friendly cartoon. One clock. Minted on Base.,2562.gif,Sky,Pup,Grin,Leaf,Scarf,Star
2563,Scribblin #2563,A looping doodle critter from Scribblins. Four bodies. One friendly cartoon. One clock. Minted on Base.,2563.gif,Butter,Pup,Sleepy,Leaf,None,Heart
2564,Scribblin #2564,A looping doodle critter from Scribblins. Four bodies. One friendly cartoon. One clock. Minted on Base.,2564.gif,Clay,Bunny,Sleepy,Flower,None,Star
2565,Scribblin #2565,A looping doodle critter from Scribblins. Four bodies. One friendly cartoon. One clock. Minted on Base.,2565.gif,Butter,Pup,Sleepy,None,None,Pencil
2566,Scribblin #2566,A looping doodle critter from Scribblins. Four bodies. One friendly cartoon. One clock. Minted on Base.,2566.gif,Butter,Bunny,Blep,None,Bandana,Star
2567,Scribblin #2567,A looping doodle critter from Scribblins. Four bodies. One friendly cartoon. One clock. Minted on Base.,2567.gif,Cream,Frog,Sparkly,Beanie,Scarf,None
2568,Scribblin #2568,A looping doodle critter from Scribblins. Four bodies. One friendly cartoon. One clock. Minted on Base.,2568.gif,Cream,Bunny,Pout,Bow,Scarf,Star
2569,Scribblin #2569,A looping doodle critter from Scribblins. Four bodies. One friendly cartoon. One clock. Minted on Base.,2569.gif,Sky,Pup,Blep,Cap,None,None
2570,Scribblin #2570,A looping doodle critter from Scribblins. Four bodies. One friendly cartoon. One clock. Minted on Base.,2570.gif,Butter,Pup,Sparkly,Beanie,Scarf,Star
2571,Scribblin #2571,A looping doodle critter from Scribblins. Four bodies. One friendly cartoon. One clock. Minted on Base.,2571.gif,Sky,Bear,Wink,None,Bowtie,None
2572,Scribblin #2572,A looping doodle critter from Scribblins. Four bodies. One friendly cartoon. One clock. Minted on Base.,2572.gif,Cream,Bear,Grin,Bow,None,Balloon
2573,Scribblin #2573,A looping doodle critter from Scribblins. Four bodies. One friendly cartoon. One clock. Minted on Base.,2573.gif,Cream,Bear,Wink,Headphones,None,Star
2574,Scribblin #2574,A looping doodle critter from Scribblins. Four bodies. One friendly cartoon. One clock. Minted on Base.,2574.gif,Clay,Bunny,Grin,Cap,Bandana,Heart
2575,Scribblin #2575,A looping doodle critter from Scribblins. Four bodies. One friendly cartoon. One clock. Minted on Base.,2575.gif,Cream,Frog,Wink,Flower,Bandana,Pencil
2576,Scribblin #2576,A looping doodle critter from Scribblins. Four bodies. One friendly cartoon. One clock. Minted on Base.,2576.gif,Clay,Pup,Pout,Bow,None,Pencil
2577,Scribblin #2577,A looping doodle critter from Scribblins. Four bodies. One friendly cartoon. One clock. Minted on Base.,2577.gif,Butter,Pup,Wink,Beanie,Bandana,Pencil
2578,Scribblin #2578,A looping doodle critter from Scribblins. Four bodies. One friendly cartoon. One clock. Minted on Base.,2578.gif,Butter,Bunny,Blep,Beanie,Scarf,None
2579,Scribblin #2579,A looping doodle critter from Scribblins. Four bodies. One friendly cartoon. One clock. Minted on Base.,2579.gif,Sky,Pup,Pout,Beanie,Scarf,Star
2580,Scribblin #2580,A looping doodle critter from Scribblins. Four bodies. One friendly cartoon. One clock. Minted on Base.,2580.gif,Sky,Bear,Sleepy,Headphones,Scarf,Heart
2581,Scribblin #2581,A looping doodle critter from Scribblins. Four bodies. One friendly cartoon. One clock. Minted on Base.,2581.gif,Clay,Bear,Normal,Flower,Scarf,Heart
2582,Scribblin #2582,A looping doodle critter from Scribblins. Four bodies. One friendly cartoon. One clock. Minted on Base.,2582.gif,Sky,Bunny,Pout,Headphones,Scarf,Heart
2583,Scribblin #2583,A looping doodle critter from Scribblins. Four bodies. One friendly cartoon. One clock. Minted on Base.,2583.gif,Butter,Bear,Sleepy,Headphones,Bandana,None
2584,Scribblin #2584,A looping doodle critter from Scribblins. Four bodies. One friendly cartoon. One clock. Minted on Base.,2584.gif,Cream,Pup,Heart,None,None,Balloon
2585,Scribblin #2585,A looping doodle critter from Scribblins. Four bodies. One friendly cartoon. One clock. Minted on Base.,2585.gif,Clay,Bear,Sparkly,None,None,Pencil
2586,Scribblin #2586,A looping doodle critter from Scribblins. Four bodies. One friendly cartoon. One clock. Minted on Base.,2586.gif,Clay,Pup,Sleepy,None,Scarf,Heart
2587,Scribblin #2587,A looping doodle critter from Scribblins. Four bodies. One friendly cartoon. One clock. Minted on Base.,2587.gif,Butter,Bunny,Heart,Leaf,Scarf,None
2588,Scribblin #2588,A looping doodle critter from Scribblins. Four bodies. One friendly cartoon. One clock. Minted on Base.,2588.gif,Butter,Bunny,Blep,None,None,Pencil
2589,Scribblin #2589,A looping doodle critter from Scribblins. Four bodies. One friendly cartoon. One clock. Minted on Base.,2589.gif,Butter,Bear,Grin,Beanie,Scarf,Heart
2590,Scribblin #2590,A looping doodle critter from Scribblins. Four bodies. One friendly cartoon. One clock. Minted on Base.,2590.gif,Butter,Bear,Pout,Flower,None,None
2591,Scribblin #2591,A looping doodle critter from Scribblins. Four bodies. One friendly cartoon. One clock. Minted on Base.,2591.gif,Clay,Pup,Sleepy,Flower,Scarf,Heart
2592,Scribblin #2592,A looping doodle critter from Scribblins. Four bodies. One friendly cartoon. One clock. Minted on Base.,2592.gif,Cream,Bear,Wink,Headphones,Bandana,None
2593,Scribblin #2593,A looping doodle critter from Scribblins. Four bodies. One friendly cartoon. One clock. Minted on Base.,2593.gif,Sky,Frog,Sparkly,Flower,None,None
2594,Scribblin #2594,A looping doodle critter from Scribblins. Four bodies. One friendly cartoon. One clock. Minted on Base.,2594.gif,Sky,Bunny,Wink,Leaf,None,Balloon
2595,Scribblin #2595,A looping doodle critter from Scribblins. Four bodies. One friendly cartoon. One clock. Minted on Base.,2595.gif,Butter,Bunny,Pout,Flower,None,Star
2596,Scribblin #2596,A looping doodle critter from Scribblins. Four bodies. One friendly cartoon. One clock. Minted on Base.,2596.gif,Cream,Bear,Pout,Cap,None,Star
2597,Scribblin #2597,A looping doodle critter from Scribblins. Four bodies. One friendly cartoon. One clock. Minted on Base.,2597.gif,Sky,Bear,Blep,Leaf,Scarf,Star
2598,Scribblin #2598,A looping doodle critter from Scribblins. Four bodies. One friendly cartoon. One clock. Minted on Base.,2598.gif,Cream,Bear,Grin,Headphones,Bowtie,None
2599,Scribblin #2599,A looping doodle critter from Scribblins. Four bodies. One friendly cartoon. One clock. Minted on Base.,2599.gif,Sky,Bear,Pout,None,None,None
2600,Scribblin #2600,A looping doodle critter from Scribblins. Four bodies. One friendly cartoon. One clock. Minted on Base.,2600.gif,Clay,Bear,Heart,Flower,Bowtie,None
2601,Scribblin #2601,A looping doodle critter from Scribblins. Four bodies. One friendly cartoon. One clock. Minted on Base.,2601.gif,Clay,Bear,Normal,Beanie,Bowtie,None
2602,Scribblin #2602,A looping doodle critter from Scribblins. Four bodies. One friendly cartoon. One clock. Minted on Base.,2602.gif,Sky,Pup,Sparkly,None,None,Balloon
2603,Scribblin #2603,A looping doodle critter from Scribblins. Four bodies. One friendly cartoon. One clock. Minted on Base.,2603.gif,Clay,Bear,Wink,Bow,Scarf,Heart
2604,Scribblin #2604,A looping doodle critter from Scribblins. Four bodies. One friendly cartoon. One clock. Minted on Base.,2604.gif,Clay,Bunny,Normal,None,None,None
2605,Scribblin #2605,A looping doodle critter from Scribblins. Four bodies. One friendly cartoon. One clock. Minted on Base.,2605.gif,Butter,Frog,Sparkly,Cap,Scarf,Balloon
2606,Scribblin #2606,A looping doodle critter from Scribblins. Four bodies. One friendly cartoon. One clock. Minted on Base.,2606.gif,Cream,Bear,Heart,None,Bowtie,Balloon
2607,Scribblin #2607,A looping doodle critter from Scribblins. Four bodies. One friendly cartoon. One clock. Minted on Base.,2607.gif,Sky,Bunny,Heart,Bow,Scarf,Star
2608,Scribblin #2608,A looping doodle critter from Scribblins. Four bodies. One friendly cartoon. One clock. Minted on Base.,2608.gif,Sky,Bear,Pout,Beanie,Scarf,Star
2609,Scribblin #2609,A looping doodle critter from Scribblins. Four bodies. One friendly cartoon. One clock. Minted on Base.,2609.gif,Butter,Bunny,Normal,Headphones,None,Star
2610,Scribblin #2610,A looping doodle critter from Scribblins. Four bodies. One friendly cartoon. One clock. Minted on Base.,2610.gif,Clay,Frog,Normal,Cap,Bandana,Heart
2611,Scribblin #2611,A looping doodle critter from Scribblins. Four bodies. One friendly cartoon. One clock. Minted on Base.,2611.gif,Cream,Bear,Sleepy,Headphones,None,Pencil
2612,Scribblin #2612,A looping doodle critter from Scribblins. Four bodies. One friendly cartoon. One clock. Minted on Base.,2612.gif,Sky,Bear,Heart,None,Bowtie,Heart
2613,Scribblin #2613,A looping doodle critter from Scribblins. Four bodies. One friendly cartoon. One clock. Minted on Base.,2613.gif,Clay,Pup,Sleepy,Headphones,Scarf,Balloon
2614,Scribblin #2614,A looping doodle critter from Scribblins. Four bodies. One friendly cartoon. One clock. Minted on Base.,2614.gif,Clay,Pup,Blep,Headphones,None,Pencil
2615,Scribblin #2615,A looping doodle critter from Scribblins. Four bodies. One friendly cartoon. One clock. Minted on Base.,2615.gif,Cream,Frog,Grin,Headphones,Bowtie,Balloon
2616,Scribblin #2616,A looping doodle critter from Scribblins. Four bodies. One friendly cartoon. One clock. Minted on Base.,2616.gif,Clay,Bear,Normal,Bow,Scarf,None
2617,Scribblin #2617,A looping doodle critter from Scribblins. Four bodies. One friendly cartoon. One clock. Minted on Base.,2617.gif,Sky,Bunny,Grin,None,None,Pencil
2618,Scribblin #2618,A looping doodle critter from Scribblins. Four bodies. One friendly cartoon. One clock. Minted on Base.,2618.gif,Cream,Frog,Grin,None,None,None
2619,Scribblin #2619,A looping doodle critter from Scribblins. Four bodies. One friendly cartoon. One clock. Minted on Base.,2619.gif,Sky,Bunny,Blep,Headphones,Bowtie,None
2620,Scribblin #2620,A looping doodle critter from Scribblins. Four bodies. One friendly cartoon. One clock. Minted on Base.,2620.gif,Sky,Frog,Normal,Bow,None,None
2621,Scribblin #2621,A looping doodle critter from Scribblins. Four bodies. One friendly cartoon. One clock. Minted on Base.,2621.gif,Cream,Bunny,Grin,Cap,Bowtie,Heart
2622,Scribblin #2622,A looping doodle critter from Scribblins. Four bodies. One friendly cartoon. One clock. Minted on Base.,2622.gif,Sky,Pup,Sleepy,Flower,Scarf,Star
2623,Scribblin #2623,A looping doodle critter from Scribblins. Four bodies. One friendly cartoon. One clock. Minted on Base.,2623.gif,Clay,Bunny,Wink,Bow,None,Heart
2624,Scribblin #2624,A looping doodle critter from Scribblins. Four bodies. One friendly cartoon. One clock. Minted on Base.,2624.gif,Clay,Pup,Normal,Bow,None,Pencil
2625,Scribblin #2625,A looping doodle critter from Scribblins. Four bodies. One friendly cartoon. One clock. Minted on Base.,2625.gif,Cream,Bunny,Normal,Cap,Scarf,Balloon
2626,Scribblin #2626,A looping doodle critter from Scribblins. Four bodies. One friendly cartoon. One clock. Minted on Base.,2626.gif,Sky,Frog,Blep,Cap,Scarf,Pencil
2627,Scribblin #2627,A looping doodle critter from Scribblins. Four bodies. One friendly cartoon. One clock. Minted on Base.,2627.gif,Sky,Bunny,Wink,Cap,None,Heart
2628,Scribblin #2628,A looping doodle critter from Scribblins. Four bodies. One friendly cartoon. One clock. Minted on Base.,2628.gif,Clay,Bunny,Normal,Headphones,Scarf,Heart
2629,Scribblin #2629,A looping doodle critter from Scribblins. Four bodies. One friendly cartoon. One clock. Minted on Base.,2629.gif,Cream,Pup,Wink,Headphones,Bowtie,Balloon
2630,Scribblin #2630,A looping doodle critter from Scribblins. Four bodies. One friendly cartoon. One clock. Minted on Base.,2630.gif,Sky,Frog,Grin,Leaf,None,None
2631,Scribblin #2631,A looping doodle critter from Scribblins. Four bodies. One friendly cartoon. One clock. Minted on Base.,2631.gif,Sky,Pup,Blep,Leaf,Bowtie,None
2632,Scribblin #2632,A looping doodle critter from Scribblins. Four bodies. One friendly cartoon. One clock. Minted on Base.,2632.gif,Clay,Bunny,Pout,Headphones,Scarf,None
2633,Scribblin #2633,A looping doodle critter from Scribblins. Four bodies. One friendly cartoon. One clock. Minted on Base.,2633.gif,Clay,Bear,Blep,Cap,None,Pencil
2634,Scribblin #2634,A looping doodle critter from Scribblins. Four bodies. One friendly cartoon. One clock. Minted on Base.,2634.gif,Sky,Bear,Sparkly,None,None,Heart
2635,Scribblin #2635,A looping doodle critter from Scribblins. Four bodies. One friendly cartoon. One clock. Minted on Base.,2635.gif,Cream,Pup,Sleepy,Leaf,None,Pencil
2636,Scribblin #2636,A looping doodle critter from Scribblins. Four bodies. One friendly cartoon. One clock. Minted on Base.,2636.gif,Sky,Pup,Normal,None,Bandana,Balloon
2637,Scribblin #2637,A looping doodle critter from Scribblins. Four bodies. One friendly cartoon. One clock. Minted on Base.,2637.gif,Sky,Bunny,Wink,Bow,Bandana,None
2638,Scribblin #2638,A looping doodle critter from Scribblins. Four bodies. One friendly cartoon. One clock. Minted on Base.,2638.gif,Sky,Bunny,Pout,Bow,Scarf,Pencil
2639,Scribblin #2639,A looping doodle critter from Scribblins. Four bodies. One friendly cartoon. One clock. Minted on Base.,2639.gif,Cream,Pup,Normal,Leaf,Bandana,Heart
2640,Scribblin #2640,A looping doodle critter from Scribblins. Four bodies. One friendly cartoon. One clock. Minted on Base.,2640.gif,Butter,Bear,Sleepy,Bow,Scarf,Star
2641,Scribblin #2641,A looping doodle critter from Scribblins. Four bodies. One friendly cartoon. One clock. Minted on Base.,2641.gif,Butter,Bear,Heart,Beanie,Scarf,Balloon
2642,Scribblin #2642,A looping doodle critter from Scribblins. Four bodies. One friendly cartoon. One clock. Minted on Base.,2642.gif,Butter,Pup,Grin,None,Scarf,Star
2643,Scribblin #2643,A looping doodle critter from Scribblins. Four bodies. One friendly cartoon. One clock. Minted on Base.,2643.gif,Cream,Bear,Blep,Cap,Bandana,Heart
2644,Scribblin #2644,A looping doodle critter from Scribblins. Four bodies. One friendly cartoon. One clock. Minted on Base.,2644.gif,Butter,Pup,Sparkly,Headphones,Scarf,Star
2645,Scribblin #2645,A looping doodle critter from Scribblins. Four bodies. One friendly cartoon. One clock. Minted on Base.,2645.gif,Cream,Pup,Grin,Beanie,Bandana,None
2646,Scribblin #2646,A looping doodle critter from Scribblins. Four bodies. One friendly cartoon. One clock. Minted on Base.,2646.gif,Cream,Pup,Sleepy,Leaf,Scarf,None
2647,Scribblin #2647,A looping doodle critter from Scribblins. Four bodies. One friendly cartoon. One clock. Minted on Base.,2647.gif,Cream,Frog,Blep,Leaf,Scarf,Pencil
2648,Scribblin #2648,A looping doodle critter from Scribblins. Four bodies. One friendly cartoon. One clock. Minted on Base.,2648.gif,Cream,Bunny,Normal,Beanie,Bandana,Pencil
2649,Scribblin #2649,A looping doodle critter from Scribblins. Four bodies. One friendly cartoon. One clock. Minted on Base.,2649.gif,Cream,Pup,Heart,Beanie,Bandana,Balloon
2650,Scribblin #2650,A looping doodle critter from Scribblins. Four bodies. One friendly cartoon. One clock. Minted on Base.,2650.gif,Clay,Bear,Sleepy,Cap,Bowtie,Pencil
2651,Scribblin #2651,A looping doodle critter from Scribblins. Four bodies. One friendly cartoon. One clock. Minted on Base.,2651.gif,Clay,Bear,Pout,None,Bowtie,Balloon
2652,Scribblin #2652,A looping doodle critter from Scribblins. Four bodies. One friendly cartoon. One clock. Minted on Base.,2652.gif,Sky,Bunny,Normal,Bow,Scarf,Heart
2653,Scribblin #2653,A looping doodle critter from Scribblins. Four bodies. One friendly cartoon. One clock. Minted on Base.,2653.gif,Sky,Bunny,Normal,None,None,Balloon
2654,Scribblin #2654,A looping doodle critter from Scribblins. Four bodies. One friendly cartoon. One clock. Minted on Base.,2654.gif,Sky,Frog,Sleepy,None,None,None
2655,Scribblin #2655,A looping doodle critter from Scribblins. Four bodies. One friendly cartoon. One clock. Minted on Base.,2655.gif,Clay,Frog,Sleepy,None,Scarf,Balloon
2656,Scribblin #2656,A looping doodle critter from Scribblins. Four bodies. One friendly cartoon. One clock. Minted on Base.,2656.gif,Butter,Frog,Normal,Leaf,None,None
2657,Scribblin #2657,A looping doodle critter from Scribblins. Four bodies. One friendly cartoon. One clock. Minted on Base.,2657.gif,Butter,Bear,Grin,Leaf,Bandana,Heart
2658,Scribblin #2658,A looping doodle critter from Scribblins. Four bodies. One friendly cartoon. One clock. Minted on Base.,2658.gif,Sky,Bunny,Heart,Flower,None,Balloon
2659,Scribblin #2659,A looping doodle critter from Scribblins. Four bodies. One friendly cartoon. One clock. Minted on Base.,2659.gif,Sky,Bunny,Normal,Flower,None,None
2660,Scribblin #2660,A looping doodle critter from Scribblins. Four bodies. One friendly cartoon. One clock. Minted on Base.,2660.gif,Clay,Pup,Blep,Cap,None,Heart
2661,Scribblin #2661,A looping doodle critter from Scribblins. Four bodies. One friendly cartoon. One clock. Minted on Base.,2661.gif,Cream,Bunny,Normal,Cap,Bandana,None
2662,Scribblin #2662,A looping doodle critter from Scribblins. Four bodies. One friendly cartoon. One clock. Minted on Base.,2662.gif,Cream,Bunny,Sleepy,Bow,Scarf,Star
2663,Scribblin #2663,A looping doodle critter from Scribblins. Four bodies. One friendly cartoon. One clock. Minted on Base.,2663.gif,Sky,Frog,Wink,None,Bowtie,None
2664,Scribblin #2664,A looping doodle critter from Scribblins. Four bodies. One friendly cartoon. One clock. Minted on Base.,2664.gif,Cream,Bunny,Blep,Beanie,Scarf,Pencil
2665,Scribblin #2665,A looping doodle critter from Scribblins. Four bodies. One friendly cartoon. One clock. Minted on Base.,2665.gif,Cream,Bear,Grin,Cap,Scarf,Star
2666,Scribblin #2666,A looping doodle critter from Scribblins. Four bodies. One friendly cartoon. One clock. Minted on Base.,2666.gif,Cream,Pup,Pout,Beanie,None,Balloon
2667,Scribblin #2667,A looping doodle critter from Scribblins. Four bodies. One friendly cartoon. One clock. Minted on Base.,2667.gif,Cream,Bear,Grin,Flower,Bowtie,None
2668,Scribblin #2668,A looping doodle critter from Scribblins. Four bodies. One friendly cartoon. One clock. Minted on Base.,2668.gif,Butter,Bunny,Grin,Leaf,Bandana,None
2669,Scribblin #2669,A looping doodle critter from Scribblins. Four bodies. One friendly cartoon. One clock. Minted on Base.,2669.gif,Cream,Bear,Pout,Beanie,Scarf,Balloon
2670,Scribblin #2670,A looping doodle critter from Scribblins. Four bodies. One friendly cartoon. One clock. Minted on Base.,2670.gif,Clay,Pup,Wink,Beanie,Bowtie,Balloon
2671,Scribblin #2671,A looping doodle critter from Scribblins. Four bodies. One friendly cartoon. One clock. Minted on Base.,2671.gif,Sky,Bear,Grin,Cap,Bandana,Heart
2672,Scribblin #2672,A looping doodle critter from Scribblins. Four bodies. One friendly cartoon. One clock. Minted on Base.,2672.gif,Cream,Bear,Sparkly,None,Bandana,None
2673,Scribblin #2673,A looping doodle critter from Scribblins. Four bodies. One friendly cartoon. One clock. Minted on Base.,2673.gif,Sky,Bunny,Pout,Leaf,Bandana,None
2674,Scribblin #2674,A looping doodle critter from Scribblins. Four bodies. One friendly cartoon. One clock. Minted on Base.,2674.gif,Butter,Pup,Grin,Flower,Bowtie,Heart
2675,Scribblin #2675,A looping doodle critter from Scribblins. Four bodies. One friendly cartoon. One clock. Minted on Base.,2675.gif,Butter,Pup,Normal,Flower,Bandana,Pencil
2676,Scribblin #2676,A looping doodle critter from Scribblins. Four bodies. One friendly cartoon. One clock. Minted on Base.,2676.gif,Sky,Bunny,Sleepy,Cap,Bowtie,None
2677,Scribblin #2677,A looping doodle critter from Scribblins. Four bodies. One friendly cartoon. One clock. Minted on Base.,2677.gif,Clay,Pup,Blep,Bow,Bowtie,None
2678,Scribblin #2678,A looping doodle critter from Scribblins. Four bodies. One friendly cartoon. One clock. Minted on Base.,2678.gif,Cream,Pup,Sparkly,Cap,Bandana,Heart
2679,Scribblin #2679,A looping doodle critter from Scribblins. Four bodies. One friendly cartoon. One clock. Minted on Base.,2679.gif,Butter,Frog,Normal,None,Bandana,Balloon
2680,Scribblin #2680,A looping doodle critter from Scribblins. Four bodies. One friendly cartoon. One clock. Minted on Base.,2680.gif,Butter,Bear,Grin,Headphones,None,None
2681,Scribblin #2681,A looping doodle critter from Scribblins. Four bodies. One friendly cartoon. One clock. Minted on Base.,2681.gif,Clay,Pup,Normal,None,Bandana,None
2682,Scribblin #2682,A looping doodle critter from Scribblins. Four bodies. One friendly cartoon. One clock. Minted on Base.,2682.gif,Clay,Pup,Pout,Beanie,None,Pencil
2683,Scribblin #2683,A looping doodle critter from Scribblins. Four bodies. One friendly cartoon. One clock. Minted on Base.,2683.gif,Clay,Frog,Normal,Bow,None,None
2684,Scribblin #2684,A looping doodle critter from Scribblins. Four bodies. One friendly cartoon. One clock. Minted on Base.,2684.gif,Cream,Bear,Normal,Beanie,Bandana,Heart
2685,Scribblin #2685,A looping doodle critter from Scribblins. Four bodies. One friendly cartoon. One clock. Minted on Base.,2685.gif,Sky,Pup,Grin,None,Scarf,None
2686,Scribblin #2686,A looping doodle critter from Scribblins. Four bodies. One friendly cartoon. One clock. Minted on Base.,2686.gif,Butter,Bear,Sleepy,Cap,None,Star
2687,Scribblin #2687,A looping doodle critter from Scribblins. Four bodies. One friendly cartoon. One clock. Minted on Base.,2687.gif,Sky,Bear,Blep,Beanie,Scarf,None
2688,Scribblin #2688,A looping doodle critter from Scribblins. Four bodies. One friendly cartoon. One clock. Minted on Base.,2688.gif,Clay,Pup,Grin,Bow,Bandana,Star
2689,Scribblin #2689,A looping doodle critter from Scribblins. Four bodies. One friendly cartoon. One clock. Minted on Base.,2689.gif,Butter,Bear,Normal,Leaf,None,None
2690,Scribblin #2690,A looping doodle critter from Scribblins. Four bodies. One friendly cartoon. One clock. Minted on Base.,2690.gif,Clay,Pup,Pout,Leaf,None,Heart
2691,Scribblin #2691,A looping doodle critter from Scribblins. Four bodies. One friendly cartoon. One clock. Minted on Base.,2691.gif,Sky,Frog,Heart,Headphones,None,Star
2692,Scribblin #2692,A looping doodle critter from Scribblins. Four bodies. One friendly cartoon. One clock. Minted on Base.,2692.gif,Sky,Pup,Normal,None,None,None
2693,Scribblin #2693,A looping doodle critter from Scribblins. Four bodies. One friendly cartoon. One clock. Minted on Base.,2693.gif,Cream,Bunny,Wink,Leaf,Scarf,Pencil
2694,Scribblin #2694,A looping doodle critter from Scribblins. Four bodies. One friendly cartoon. One clock. Minted on Base.,2694.gif,Clay,Frog,Normal,Beanie,Bowtie,Pencil
2695,Scribblin #2695,A looping doodle critter from Scribblins. Four bodies. One friendly cartoon. One clock. Minted on Base.,2695.gif,Cream,Bear,Grin,Bow,None,Star
2696,Scribblin #2696,A looping doodle critter from Scribblins. Four bodies. One friendly cartoon. One clock. Minted on Base.,2696.gif,Cream,Frog,Sleepy,Headphones,Scarf,Balloon
2697,Scribblin #2697,A looping doodle critter from Scribblins. Four bodies. One friendly cartoon. One clock. Minted on Base.,2697.gif,Clay,Bunny,Grin,Bow,None,Balloon
2698,Scribblin #2698,A looping doodle critter from Scribblins. Four bodies. One friendly cartoon. One clock. Minted on Base.,2698.gif,Clay,Bear,Wink,Headphones,None,Star
2699,Scribblin #2699,A looping doodle critter from Scribblins. Four bodies. One friendly cartoon. One clock. Minted on Base.,2699.gif,Sky,Pup,Sleepy,None,Bowtie,None
2700,Scribblin #2700,A looping doodle critter from Scribblins. Four bodies. One friendly cartoon. One clock. Minted on Base.,2700.gif,Clay,Bunny,Sparkly,Leaf,Bandana,Pencil
2701,Scribblin #2701,A looping doodle critter from Scribblins. Four bodies. One friendly cartoon. One clock. Minted on Base.,2701.gif,Sky,Bunny,Grin,Bow,Scarf,Heart
2702,Scribblin #2702,A looping doodle critter from Scribblins. Four bodies. One friendly cartoon. One clock. Minted on Base.,2702.gif,Cream,Bunny,Grin,Beanie,Bowtie,Pencil
2703,Scribblin #2703,A looping doodle critter from Scribblins. Four bodies. One friendly cartoon. One clock. Minted on Base.,2703.gif,Sky,Frog,Normal,None,None,Balloon
2704,Scribblin #2704,A looping doodle critter from Scribblins. Four bodies. One friendly cartoon. One clock. Minted on Base.,2704.gif,Butter,Bunny,Blep,Headphones,Scarf,None
2705,Scribblin #2705,A looping doodle critter from Scribblins. Four bodies. One friendly cartoon. One clock. Minted on Base.,2705.gif,Butter,Frog,Grin,None,Scarf,Star
2706,Scribblin #2706,A looping doodle critter from Scribblins. Four bodies. One friendly cartoon. One clock. Minted on Base.,2706.gif,Clay,Bunny,Normal,Beanie,None,Star
2707,Scribblin #2707,A looping doodle critter from Scribblins. Four bodies. One friendly cartoon. One clock. Minted on Base.,2707.gif,Sky,Frog,Blep,None,None,None
2708,Scribblin #2708,A looping doodle critter from Scribblins. Four bodies. One friendly cartoon. One clock. Minted on Base.,2708.gif,Clay,Bear,Blep,None,Scarf,None
2709,Scribblin #2709,A looping doodle critter from Scribblins. Four bodies. One friendly cartoon. One clock. Minted on Base.,2709.gif,Clay,Bear,Sleepy,Beanie,None,Heart
2710,Scribblin #2710,A looping doodle critter from Scribblins. Four bodies. One friendly cartoon. One clock. Minted on Base.,2710.gif,Butter,Frog,Blep,None,None,Pencil
2711,Scribblin #2711,A looping doodle critter from Scribblins. Four bodies. One friendly cartoon. One clock. Minted on Base.,2711.gif,Clay,Frog,Blep,Bow,None,None
2712,Scribblin #2712,A looping doodle critter from Scribblins. Four bodies. One friendly cartoon. One clock. Minted on Base.,2712.gif,Cream,Bunny,Pout,Beanie,Scarf,Star
2713,Scribblin #2713,A looping doodle critter from Scribblins. Four bodies. One friendly cartoon. One clock. Minted on Base.,2713.gif,Cream,Bear,Sleepy,Leaf,Scarf,Star
2714,Scribblin #2714,A looping doodle critter from Scribblins. Four bodies. One friendly cartoon. One clock. Minted on Base.,2714.gif,Cream,Frog,Grin,None,Scarf,None
2715,Scribblin #2715,A looping doodle critter from Scribblins. Four bodies. One friendly cartoon. One clock. Minted on Base.,2715.gif,Sky,Bear,Grin,Beanie,Bandana,Pencil
2716,Scribblin #2716,A looping doodle critter from Scribblins. Four bodies. One friendly cartoon. One clock. Minted on Base.,2716.gif,Sky,Bunny,Blep,Headphones,Bandana,None
2717,Scribblin #2717,A looping doodle critter from Scribblins. Four bodies. One friendly cartoon. One clock. Minted on Base.,2717.gif,Clay,Pup,Grin,Flower,Scarf,Heart
2718,Scribblin #2718,A looping doodle critter from Scribblins. Four bodies. One friendly cartoon. One clock. Minted on Base.,2718.gif,Clay,Bunny,Normal,Leaf,Scarf,Pencil
2719,Scribblin #2719,A looping doodle critter from Scribblins. Four bodies. One friendly cartoon. One clock. Minted on Base.,2719.gif,Butter,Frog,Normal,Beanie,Bowtie,None
2720,Scribblin #2720,A looping doodle critter from Scribblins. Four bodies. One friendly cartoon. One clock. Minted on Base.,2720.gif,Sky,Bunny,Grin,None,Scarf,Balloon
2721,Scribblin #2721,A looping doodle critter from Scribblins. Four bodies. One friendly cartoon. One clock. Minted on Base.,2721.gif,Clay,Bear,Pout,Cap,Bandana,None
2722,Scribblin #2722,A looping doodle critter from Scribblins. Four bodies. One friendly cartoon. One clock. Minted on Base.,2722.gif,Sky,Pup,Sleepy,Cap,Bowtie,None
2723,Scribblin #2723,A looping doodle critter from Scribblins. Four bodies. One friendly cartoon. One clock. Minted on Base.,2723.gif,Butter,Bear,Normal,Leaf,Bowtie,Pencil
2724,Scribblin #2724,A looping doodle critter from Scribblins. Four bodies. One friendly cartoon. One clock. Minted on Base.,2724.gif,Cream,Pup,Wink,Flower,Scarf,Pencil
2725,Scribblin #2725,A looping doodle critter from Scribblins. Four bodies. One friendly cartoon. One clock. Minted on Base.,2725.gif,Cream,Frog,Blep,Beanie,Bowtie,Balloon
2726,Scribblin #2726,A looping doodle critter from Scribblins. Four bodies. One friendly cartoon. One clock. Minted on Base.,2726.gif,Cream,Pup,Grin,None,Bandana,Pencil
2727,Scribblin #2727,A looping doodle critter from Scribblins. Four bodies. One friendly cartoon. One clock. Minted on Base.,2727.gif,Cream,Frog,Normal,Cap,None,Balloon
2728,Scribblin #2728,A looping doodle critter from Scribblins. Four bodies. One friendly cartoon. One clock. Minted on Base.,2728.gif,Sky,Bear,Wink,Leaf,Bowtie,Heart
2729,Scribblin #2729,A looping doodle critter from Scribblins. Four bodies. One friendly cartoon. One clock. Minted on Base.,2729.gif,Cream,Frog,Blep,None,Bowtie,Star
2730,Scribblin #2730,A looping doodle critter from Scribblins. Four bodies. One friendly cartoon. One clock. Minted on Base.,2730.gif,Clay,Pup,Sparkly,Cap,Scarf,None
2731,Scribblin #2731,A looping doodle critter from Scribblins. Four bodies. One friendly cartoon. One clock. Minted on Base.,2731.gif,Clay,Frog,Normal,None,Bowtie,None
2732,Scribblin #2732,A looping doodle critter from Scribblins. Four bodies. One friendly cartoon. One clock. Minted on Base.,2732.gif,Cream,Bunny,Wink,Cap,Scarf,Star
2733,Scribblin #2733,A looping doodle critter from Scribblins. Four bodies. One friendly cartoon. One clock. Minted on Base.,2733.gif,Cream,Bunny,Sparkly,Headphones,Scarf,None
2734,Scribblin #2734,A looping doodle critter from Scribblins. Four bodies. One friendly cartoon. One clock. Minted on Base.,2734.gif,Butter,Frog,Sparkly,Bow,Bandana,Star
2735,Scribblin #2735,A looping doodle critter from Scribblins. Four bodies. One friendly cartoon. One clock. Minted on Base.,2735.gif,Clay,Bunny,Blep,Bow,None,None
2736,Scribblin #2736,A looping doodle critter from Scribblins. Four bodies. One friendly cartoon. One clock. Minted on Base.,2736.gif,Butter,Bunny,Sparkly,Bow,Bowtie,None
2737,Scribblin #2737,A looping doodle critter from Scribblins. Four bodies. One friendly cartoon. One clock. Minted on Base.,2737.gif,Clay,Bunny,Heart,Headphones,None,Heart
2738,Scribblin #2738,A looping doodle critter from Scribblins. Four bodies. One friendly cartoon. One clock. Minted on Base.,2738.gif,Butter,Bunny,Grin,Beanie,Scarf,Balloon
2739,Scribblin #2739,A looping doodle critter from Scribblins. Four bodies. One friendly cartoon. One clock. Minted on Base.,2739.gif,Clay,Frog,Blep,Beanie,Bandana,None
2740,Scribblin #2740,A looping doodle critter from Scribblins. Four bodies. One friendly cartoon. One clock. Minted on Base.,2740.gif,Sky,Pup,Normal,Beanie,Bandana,Balloon
2741,Scribblin #2741,A looping doodle critter from Scribblins. Four bodies. One friendly cartoon. One clock. Minted on Base.,2741.gif,Cream,Bunny,Sleepy,Headphones,Bowtie,Balloon
2742,Scribblin #2742,A looping doodle critter from Scribblins. Four bodies. One friendly cartoon. One clock. Minted on Base.,2742.gif,Cream,Pup,Normal,Beanie,Scarf,Balloon
2743,Scribblin #2743,A looping doodle critter from Scribblins. Four bodies. One friendly cartoon. One clock. Minted on Base.,2743.gif,Sky,Bear,Sleepy,Cap,None,None
2744,Scribblin #2744,A looping doodle critter from Scribblins. Four bodies. One friendly cartoon. One clock. Minted on Base.,2744.gif,Sky,Bunny,Blep,None,Bowtie,Balloon
2745,Scribblin #2745,A looping doodle critter from Scribblins. Four bodies. One friendly cartoon. One clock. Minted on Base.,2745.gif,Clay,Bear,Blep,None,None,None
2746,Scribblin #2746,A looping doodle critter from Scribblins. Four bodies. One friendly cartoon. One clock. Minted on Base.,2746.gif,Sky,Bear,Grin,Cap,Scarf,None
2747,Scribblin #2747,A looping doodle critter from Scribblins. Four bodies. One friendly cartoon. One clock. Minted on Base.,2747.gif,Clay,Frog,Sleepy,Headphones,None,Balloon
2748,Scribblin #2748,A looping doodle critter from Scribblins. Four bodies. One friendly cartoon. One clock. Minted on Base.,2748.gif,Butter,Frog,Sparkly,Flower,Scarf,None
2749,Scribblin #2749,A looping doodle critter from Scribblins. Four bodies. One friendly cartoon. One clock. Minted on Base.,2749.gif,Cream,Bear,Pout,Beanie,Bowtie,None
2750,Scribblin #2750,A looping doodle critter from Scribblins. Four bodies. One friendly cartoon. One clock. Minted on Base.,2750.gif,Butter,Bunny,Blep,Leaf,Bandana,None
2751,Scribblin #2751,A looping doodle critter from Scribblins. Four bodies. One friendly cartoon. One clock. Minted on Base.,2751.gif,Clay,Pup,Sleepy,Leaf,None,Balloon
2752,Scribblin #2752,A looping doodle critter from Scribblins. Four bodies. One friendly cartoon. One clock. Minted on Base.,2752.gif,Cream,Bunny,Wink,Flower,Bandana,None
2753,Scribblin #2753,A looping doodle critter from Scribblins. Four bodies. One friendly cartoon. One clock. Minted on Base.,2753.gif,Clay,Pup,Grin,Cap,None,None
2754,Scribblin #2754,A looping doodle critter from Scribblins. Four bodies. One friendly cartoon. One clock. Minted on Base.,2754.gif,Butter,Bunny,Blep,None,Bowtie,Balloon
2755,Scribblin #2755,A looping doodle critter from Scribblins. Four bodies. One friendly cartoon. One clock. Minted on Base.,2755.gif,Cream,Bunny,Pout,Headphones,Bandana,Heart
2756,Scribblin #2756,A looping doodle critter from Scribblins. Four bodies. One friendly cartoon. One clock. Minted on Base.,2756.gif,Clay,Pup,Sleepy,Beanie,None,None
2757,Scribblin #2757,A looping doodle critter from Scribblins. Four bodies. One friendly cartoon. One clock. Minted on Base.,2757.gif,Cream,Frog,Sparkly,Cap,Scarf,Balloon
2758,Scribblin #2758,A looping doodle critter from Scribblins. Four bodies. One friendly cartoon. One clock. Minted on Base.,2758.gif,Clay,Bear,Grin,Cap,None,None
2759,Scribblin #2759,A looping doodle critter from Scribblins. Four bodies. One friendly cartoon. One clock. Minted on Base.,2759.gif,Cream,Bunny,Heart,Beanie,Bandana,Heart
2760,Scribblin #2760,A looping doodle critter from Scribblins. Four bodies. One friendly cartoon. One clock. Minted on Base.,2760.gif,Cream,Bunny,Heart,Flower,Scarf,Balloon
2761,Scribblin #2761,A looping doodle critter from Scribblins. Four bodies. One friendly cartoon. One clock. Minted on Base.,2761.gif,Butter,Bear,Wink,Headphones,Scarf,Star
2762,Scribblin #2762,A looping doodle critter from Scribblins. Four bodies. One friendly cartoon. One clock. Minted on Base.,2762.gif,Clay,Frog,Normal,Headphones,Scarf,Balloon
2763,Scribblin #2763,A looping doodle critter from Scribblins. Four bodies. One friendly cartoon. One clock. Minted on Base.,2763.gif,Cream,Bunny,Pout,Headphones,Scarf,Balloon
2764,Scribblin #2764,A looping doodle critter from Scribblins. Four bodies. One friendly cartoon. One clock. Minted on Base.,2764.gif,Sky,Bear,Blep,Cap,Bowtie,None
2765,Scribblin #2765,A looping doodle critter from Scribblins. Four bodies. One friendly cartoon. One clock. Minted on Base.,2765.gif,Sky,Bear,Wink,Flower,Bandana,None
2766,Scribblin #2766,A looping doodle critter from Scribblins. Four bodies. One friendly cartoon. One clock. Minted on Base.,2766.gif,Cream,Bunny,Blep,Flower,Bandana,Star
2767,Scribblin #2767,A looping doodle critter from Scribblins. Four bodies. One friendly cartoon. One clock. Minted on Base.,2767.gif,Butter,Bunny,Normal,Bow,Bowtie,Heart
2768,Scribblin #2768,A looping doodle critter from Scribblins. Four bodies. One friendly cartoon. One clock. Minted on Base.,2768.gif,Butter,Bear,Sparkly,Flower,None,Star
2769,Scribblin #2769,A looping doodle critter from Scribblins. Four bodies. One friendly cartoon. One clock. Minted on Base.,2769.gif,Clay,Pup,Sleepy,Bow,Scarf,None
2770,Scribblin #2770,A looping doodle critter from Scribblins. Four bodies. One friendly cartoon. One clock. Minted on Base.,2770.gif,Clay,Bear,Heart,None,Bowtie,None
2771,Scribblin #2771,A looping doodle critter from Scribblins. Four bodies. One friendly cartoon. One clock. Minted on Base.,2771.gif,Butter,Bear,Sleepy,Bow,Scarf,Balloon
2772,Scribblin #2772,A looping doodle critter from Scribblins. Four bodies. One friendly cartoon. One clock. Minted on Base.,2772.gif,Cream,Bear,Normal,Bow,Bowtie,Balloon
2773,Scribblin #2773,A looping doodle critter from Scribblins. Four bodies. One friendly cartoon. One clock. Minted on Base.,2773.gif,Butter,Bunny,Pout,Headphones,None,None
2774,Scribblin #2774,A looping doodle critter from Scribblins. Four bodies. One friendly cartoon. One clock. Minted on Base.,2774.gif,Butter,Pup,Grin,Bow,Bowtie,Star
2775,Scribblin #2775,A looping doodle critter from Scribblins. Four bodies. One friendly cartoon. One clock. Minted on Base.,2775.gif,Sky,Bunny,Sleepy,Flower,Scarf,Pencil
2776,Scribblin #2776,A looping doodle critter from Scribblins. Four bodies. One friendly cartoon. One clock. Minted on Base.,2776.gif,Cream,Bear,Wink,None,Bowtie,Pencil
2777,Scribblin #2777,A looping doodle critter from Scribblins. Four bodies. One friendly cartoon. One clock. Minted on Base.,2777.gif,Cream,Bunny,Pout,None,Bandana,Balloon
2778,Scribblin #2778,A looping doodle critter from Scribblins. Four bodies. One friendly cartoon. One clock. Minted on Base.,2778.gif,Butter,Bunny,Grin,Beanie,Bandana,Balloon
2779,Scribblin #2779,A looping doodle critter from Scribblins. Four bodies. One friendly cartoon. One clock. Minted on Base.,2779.gif,Butter,Bunny,Grin,Leaf,Scarf,Balloon
2780,Scribblin #2780,A looping doodle critter from Scribblins. Four bodies. One friendly cartoon. One clock. Minted on Base.,2780.gif,Sky,Bear,Normal,Leaf,None,Balloon
2781,Scribblin #2781,A looping doodle critter from Scribblins. Four bodies. One friendly cartoon. One clock. Minted on Base.,2781.gif,Cream,Bear,Normal,Bow,Bowtie,Star
2782,Scribblin #2782,A looping doodle critter from Scribblins. Four bodies. One friendly cartoon. One clock. Minted on Base.,2782.gif,Cream,Pup,Normal,Headphones,Bowtie,None
2783,Scribblin #2783,A looping doodle critter from Scribblins. Four bodies. One friendly cartoon. One clock. Minted on Base.,2783.gif,Cream,Bear,Sleepy,Beanie,Bandana,Pencil
2784,Scribblin #2784,A looping doodle critter from Scribblins. Four bodies. One friendly cartoon. One clock. Minted on Base.,2784.gif,Cream,Bear,Sparkly,Flower,Bowtie,None
2785,Scribblin #2785,A looping doodle critter from Scribblins. Four bodies. One friendly cartoon. One clock. Minted on Base.,2785.gif,Clay,Bear,Heart,Beanie,Bowtie,Star
2786,Scribblin #2786,A looping doodle critter from Scribblins. Four bodies. One friendly cartoon. One clock. Minted on Base.,2786.gif,Butter,Bunny,Heart,Beanie,Scarf,None
2787,Scribblin #2787,A looping doodle critter from Scribblins. Four bodies. One friendly cartoon. One clock. Minted on Base.,2787.gif,Clay,Bear,Normal,Headphones,Bowtie,Pencil
2788,Scribblin #2788,A looping doodle critter from Scribblins. Four bodies. One friendly cartoon. One clock. Minted on Base.,2788.gif,Clay,Frog,Heart,Flower,Scarf,None
2789,Scribblin #2789,A looping doodle critter from Scribblins. Four bodies. One friendly cartoon. One clock. Minted on Base.,2789.gif,Butter,Pup,Grin,Bow,Bandana,None
2790,Scribblin #2790,A looping doodle critter from Scribblins. Four bodies. One friendly cartoon. One clock. Minted on Base.,2790.gif,Sky,Bunny,Sparkly,None,Bowtie,None
2791,Scribblin #2791,A looping doodle critter from Scribblins. Four bodies. One friendly cartoon. One clock. Minted on Base.,2791.gif,Cream,Bunny,Sparkly,Leaf,None,Heart
2792,Scribblin #2792,A looping doodle critter from Scribblins. Four bodies. One friendly cartoon. One clock. Minted on Base.,2792.gif,Cream,Bear,Normal,Bow,None,None
2793,Scribblin #2793,A looping doodle critter from Scribblins. Four bodies. One friendly cartoon. One clock. Minted on Base.,2793.gif,Cream,Bunny,Pout,None,None,Pencil
2794,Scribblin #2794,A looping doodle critter from Scribblins. Four bodies. One friendly cartoon. One clock. Minted on Base.,2794.gif,Sky,Bear,Grin,None,None,Pencil
2795,Scribblin #2795,A looping doodle critter from Scribblins. Four bodies. One friendly cartoon. One clock. Minted on Base.,2795.gif,Sky,Bunny,Grin,Beanie,Bandana,Star
2796,Scribblin #2796,A looping doodle critter from Scribblins. Four bodies. One friendly cartoon. One clock. Minted on Base.,2796.gif,Sky,Bear,Sparkly,None,None,Star
2797,Scribblin #2797,A looping doodle critter from Scribblins. Four bodies. One friendly cartoon. One clock. Minted on Base.,2797.gif,Sky,Frog,Grin,Beanie,Bandana,Pencil
2798,Scribblin #2798,A looping doodle critter from Scribblins. Four bodies. One friendly cartoon. One clock. Minted on Base.,2798.gif,Clay,Pup,Heart,Cap,Scarf,None
2799,Scribblin #2799,A looping doodle critter from Scribblins. Four bodies. One friendly cartoon. One clock. Minted on Base.,2799.gif,Cream,Pup,Blep,Beanie,Bandana,Pencil
2800,Scribblin #2800,A looping doodle critter from Scribblins. Four bodies. One friendly cartoon. One clock. Minted on Base.,2800.gif,Butter,Pup,Pout,Cap,None,None
2801,Scribblin #2801,A looping doodle critter from Scribblins. Four bodies. One friendly cartoon. One clock. Minted on Base.,2801.gif,Clay,Pup,Blep,Leaf,None,Heart
2802,Scribblin #2802,A looping doodle critter from Scribblins. Four bodies. One friendly cartoon. One clock. Minted on Base.,2802.gif,Clay,Bunny,Pout,Beanie,None,None
2803,Scribblin #2803,A looping doodle critter from Scribblins. Four bodies. One friendly cartoon. One clock. Minted on Base.,2803.gif,Cream,Pup,Blep,Beanie,None,Pencil
2804,Scribblin #2804,A looping doodle critter from Scribblins. Four bodies. One friendly cartoon. One clock. Minted on Base.,2804.gif,Butter,Bunny,Blep,None,Bandana,Heart
2805,Scribblin #2805,A looping doodle critter from Scribblins. Four bodies. One friendly cartoon. One clock. Minted on Base.,2805.gif,Sky,Frog,Pout,Cap,None,Star
2806,Scribblin #2806,A looping doodle critter from Scribblins. Four bodies. One friendly cartoon. One clock. Minted on Base.,2806.gif,Sky,Bear,Grin,Headphones,Bandana,Pencil
2807,Scribblin #2807,A looping doodle critter from Scribblins. Four bodies. One friendly cartoon. One clock. Minted on Base.,2807.gif,Cream,Bunny,Pout,Beanie,Bandana,None
2808,Scribblin #2808,A looping doodle critter from Scribblins. Four bodies. One friendly cartoon. One clock. Minted on Base.,2808.gif,Butter,Frog,Sleepy,Headphones,Bowtie,Pencil
2809,Scribblin #2809,A looping doodle critter from Scribblins. Four bodies. One friendly cartoon. One clock. Minted on Base.,2809.gif,Sky,Bear,Blep,Cap,Bandana,None
2810,Scribblin #2810,A looping doodle critter from Scribblins. Four bodies. One friendly cartoon. One clock. Minted on Base.,2810.gif,Cream,Pup,Wink,Cap,None,Balloon
2811,Scribblin #2811,A looping doodle critter from Scribblins. Four bodies. One friendly cartoon. One clock. Minted on Base.,2811.gif,Sky,Bunny,Grin,Beanie,Scarf,Pencil
2812,Scribblin #2812,A looping doodle critter from Scribblins. Four bodies. One friendly cartoon. One clock. Minted on Base.,2812.gif,Cream,Pup,Grin,Headphones,None,None
2813,Scribblin #2813,A looping doodle critter from Scribblins. Four bodies. One friendly cartoon. One clock. Minted on Base.,2813.gif,Clay,Bear,Sleepy,Bow,Scarf,Heart
2814,Scribblin #2814,A looping doodle critter from Scribblins. Four bodies. One friendly cartoon. One clock. Minted on Base.,2814.gif,Cream,Bear,Normal,Beanie,Bowtie,Star
2815,Scribblin #2815,A looping doodle critter from Scribblins. Four bodies. One friendly cartoon. One clock. Minted on Base.,2815.gif,Clay,Frog,Normal,None,None,Star
2816,Scribblin #2816,A looping doodle critter from Scribblins. Four bodies. One friendly cartoon. One clock. Minted on Base.,2816.gif,Butter,Pup,Normal,Beanie,None,None
2817,Scribblin #2817,A looping doodle critter from Scribblins. Four bodies. One friendly cartoon. One clock. Minted on Base.,2817.gif,Sky,Frog,Sleepy,Headphones,Bandana,Balloon
2818,Scribblin #2818,A looping doodle critter from Scribblins. Four bodies. One friendly cartoon. One clock. Minted on Base.,2818.gif,Cream,Bear,Pout,Beanie,Bandana,None
2819,Scribblin #2819,A looping doodle critter from Scribblins. Four bodies. One friendly cartoon. One clock. Minted on Base.,2819.gif,Sky,Bear,Sleepy,Bow,Bowtie,Pencil
2820,Scribblin #2820,A looping doodle critter from Scribblins. Four bodies. One friendly cartoon. One clock. Minted on Base.,2820.gif,Cream,Pup,Pout,Flower,Scarf,Star
2821,Scribblin #2821,A looping doodle critter from Scribblins. Four bodies. One friendly cartoon. One clock. Minted on Base.,2821.gif,Clay,Pup,Grin,Headphones,None,None
2822,Scribblin #2822,A looping doodle critter from Scribblins. Four bodies. One friendly cartoon. One clock. Minted on Base.,2822.gif,Sky,Pup,Grin,Beanie,Bowtie,Balloon
2823,Scribblin #2823,A looping doodle critter from Scribblins. Four bodies. One friendly cartoon. One clock. Minted on Base.,2823.gif,Clay,Bunny,Sparkly,Bow,Bandana,Pencil
2824,Scribblin #2824,A looping doodle critter from Scribblins. Four bodies. One friendly cartoon. One clock. Minted on Base.,2824.gif,Clay,Pup,Grin,None,None,None
2825,Scribblin #2825,A looping doodle critter from Scribblins. Four bodies. One friendly cartoon. One clock. Minted on Base.,2825.gif,Clay,Bunny,Wink,None,None,Star
2826,Scribblin #2826,A looping doodle critter from Scribblins. Four bodies. One friendly cartoon. One clock. Minted on Base.,2826.gif,Cream,Pup,Grin,Headphones,Scarf,None
2827,Scribblin #2827,A looping doodle critter from Scribblins. Four bodies. One friendly cartoon. One clock. Minted on Base.,2827.gif,Sky,Bear,Heart,Bow,Scarf,None
2828,Scribblin #2828,A looping doodle critter from Scribblins. Four bodies. One friendly cartoon. One clock. Minted on Base.,2828.gif,Sky,Bear,Grin,Leaf,Scarf,Pencil
2829,Scribblin #2829,A looping doodle critter from Scribblins. Four bodies. One friendly cartoon. One clock. Minted on Base.,2829.gif,Butter,Bear,Wink,None,Scarf,Heart
2830,Scribblin #2830,A looping doodle critter from Scribblins. Four bodies. One friendly cartoon. One clock. Minted on Base.,2830.gif,Sky,Bunny,Sleepy,Headphones,None,None
2831,Scribblin #2831,A looping doodle critter from Scribblins. Four bodies. One friendly cartoon. One clock. Minted on Base.,2831.gif,Sky,Frog,Sleepy,None,Bowtie,Heart
2832,Scribblin #2832,A looping doodle critter from Scribblins. Four bodies. One friendly cartoon. One clock. Minted on Base.,2832.gif,Butter,Pup,Grin,Flower,Bandana,None
2833,Scribblin #2833,A looping doodle critter from Scribblins. Four bodies. One friendly cartoon. One clock. Minted on Base.,2833.gif,Cream,Pup,Normal,None,Bowtie,Star
2834,Scribblin #2834,A looping doodle critter from Scribblins. Four bodies. One friendly cartoon. One clock. Minted on Base.,2834.gif,Sky,Pup,Pout,Headphones,Bowtie,Star
2835,Scribblin #2835,A looping doodle critter from Scribblins. Four bodies. One friendly cartoon. One clock. Minted on Base.,2835.gif,Butter,Bear,Blep,None,Bandana,None
2836,Scribblin #2836,A looping doodle critter from Scribblins. Four bodies. One friendly cartoon. One clock. Minted on Base.,2836.gif,Clay,Pup,Wink,Beanie,None,None
2837,Scribblin #2837,A looping doodle critter from Scribblins. Four bodies. One friendly cartoon. One clock. Minted on Base.,2837.gif,Butter,Pup,Wink,Headphones,Bandana,Heart
2838,Scribblin #2838,A looping doodle critter from Scribblins. Four bodies. One friendly cartoon. One clock. Minted on Base.,2838.gif,Cream,Bunny,Sleepy,Flower,Bandana,Balloon
2839,Scribblin #2839,A looping doodle critter from Scribblins. Four bodies. One friendly cartoon. One clock. Minted on Base.,2839.gif,Cream,Pup,Sleepy,Leaf,Bandana,Star
2840,Scribblin #2840,A looping doodle critter from Scribblins. Four bodies. One friendly cartoon. One clock. Minted on Base.,2840.gif,Cream,Pup,Heart,None,Scarf,Heart
2841,Scribblin #2841,A looping doodle critter from Scribblins. Four bodies. One friendly cartoon. One clock. Minted on Base.,2841.gif,Sky,Bear,Normal,Bow,Bandana,Star
2842,Scribblin #2842,A looping doodle critter from Scribblins. Four bodies. One friendly cartoon. One clock. Minted on Base.,2842.gif,Butter,Bunny,Heart,Flower,None,None
2843,Scribblin #2843,A looping doodle critter from Scribblins. Four bodies. One friendly cartoon. One clock. Minted on Base.,2843.gif,Clay,Pup,Heart,None,None,Star
2844,Scribblin #2844,A looping doodle critter from Scribblins. Four bodies. One friendly cartoon. One clock. Minted on Base.,2844.gif,Clay,Bunny,Normal,None,Bowtie,Star
2845,Scribblin #2845,A looping doodle critter from Scribblins. Four bodies. One friendly cartoon. One clock. Minted on Base.,2845.gif,Butter,Pup,Sparkly,Leaf,None,Balloon
2846,Scribblin #2846,A looping doodle critter from Scribblins. Four bodies. One friendly cartoon. One clock. Minted on Base.,2846.gif,Butter,Pup,Sparkly,Headphones,None,None
2847,Scribblin #2847,A looping doodle critter from Scribblins. Four bodies. One friendly cartoon. One clock. Minted on Base.,2847.gif,Clay,Pup,Grin,Beanie,None,Pencil
2848,Scribblin #2848,A looping doodle critter from Scribblins. Four bodies. One friendly cartoon. One clock. Minted on Base.,2848.gif,Sky,Pup,Blep,Beanie,Bandana,None
2849,Scribblin #2849,A looping doodle critter from Scribblins. Four bodies. One friendly cartoon. One clock. Minted on Base.,2849.gif,Butter,Bunny,Grin,Bow,None,Balloon
2850,Scribblin #2850,A looping doodle critter from Scribblins. Four bodies. One friendly cartoon. One clock. Minted on Base.,2850.gif,Butter,Bunny,Grin,Headphones,Scarf,Pencil
2851,Scribblin #2851,A looping doodle critter from Scribblins. Four bodies. One friendly cartoon. One clock. Minted on Base.,2851.gif,Clay,Bear,Sleepy,Cap,Bandana,Heart
2852,Scribblin #2852,A looping doodle critter from Scribblins. Four bodies. One friendly cartoon. One clock. Minted on Base.,2852.gif,Cream,Bear,Wink,Cap,Bowtie,None
2853,Scribblin #2853,A looping doodle critter from Scribblins. Four bodies. One friendly cartoon. One clock. Minted on Base.,2853.gif,Sky,Pup,Blep,Bow,None,Heart
2854,Scribblin #2854,A looping doodle critter from Scribblins. Four bodies. One friendly cartoon. One clock. Minted on Base.,2854.gif,Cream,Bunny,Wink,None,None,Pencil
2855,Scribblin #2855,A looping doodle critter from Scribblins. Four bodies. One friendly cartoon. One clock. Minted on Base.,2855.gif,Cream,Bunny,Grin,Beanie,Scarf,Star
2856,Scribblin #2856,A looping doodle critter from Scribblins. Four bodies. One friendly cartoon. One clock. Minted on Base.,2856.gif,Clay,Pup,Normal,Bow,Scarf,Pencil
2857,Scribblin #2857,A looping doodle critter from Scribblins. Four bodies. One friendly cartoon. One clock. Minted on Base.,2857.gif,Clay,Bunny,Wink,Bow,None,Balloon
2858,Scribblin #2858,A looping doodle critter from Scribblins. Four bodies. One friendly cartoon. One clock. Minted on Base.,2858.gif,Sky,Bear,Pout,Bow,Scarf,Pencil
2859,Scribblin #2859,A looping doodle critter from Scribblins. Four bodies. One friendly cartoon. One clock. Minted on Base.,2859.gif,Sky,Bear,Normal,Headphones,Bowtie,None
2860,Scribblin #2860,A looping doodle critter from Scribblins. Four bodies. One friendly cartoon. One clock. Minted on Base.,2860.gif,Sky,Bear,Normal,Flower,Bandana,Star
2861,Scribblin #2861,A looping doodle critter from Scribblins. Four bodies. One friendly cartoon. One clock. Minted on Base.,2861.gif,Cream,Bear,Grin,Leaf,Scarf,None
2862,Scribblin #2862,A looping doodle critter from Scribblins. Four bodies. One friendly cartoon. One clock. Minted on Base.,2862.gif,Cream,Pup,Wink,Bow,Bandana,Pencil
2863,Scribblin #2863,A looping doodle critter from Scribblins. Four bodies. One friendly cartoon. One clock. Minted on Base.,2863.gif,Cream,Bear,Blep,Beanie,Scarf,None
2864,Scribblin #2864,A looping doodle critter from Scribblins. Four bodies. One friendly cartoon. One clock. Minted on Base.,2864.gif,Clay,Bunny,Grin,Leaf,Scarf,Heart
2865,Scribblin #2865,A looping doodle critter from Scribblins. Four bodies. One friendly cartoon. One clock. Minted on Base.,2865.gif,Clay,Bear,Wink,Beanie,None,None
2866,Scribblin #2866,A looping doodle critter from Scribblins. Four bodies. One friendly cartoon. One clock. Minted on Base.,2866.gif,Clay,Bunny,Wink,Flower,Bowtie,None
2867,Scribblin #2867,A looping doodle critter from Scribblins. Four bodies. One friendly cartoon. One clock. Minted on Base.,2867.gif,Sky,Bunny,Pout,Flower,None,Heart
2868,Scribblin #2868,A looping doodle critter from Scribblins. Four bodies. One friendly cartoon. One clock. Minted on Base.,2868.gif,Cream,Bunny,Grin,Leaf,Bowtie,Star
2869,Scribblin #2869,A looping doodle critter from Scribblins. Four bodies. One friendly cartoon. One clock. Minted on Base.,2869.gif,Butter,Bear,Sleepy,Beanie,Bowtie,Heart
2870,Scribblin #2870,A looping doodle critter from Scribblins. Four bodies. One friendly cartoon. One clock. Minted on Base.,2870.gif,Clay,Bear,Blep,Beanie,None,Pencil
2871,Scribblin #2871,A looping doodle critter from Scribblins. Four bodies. One friendly cartoon. One clock. Minted on Base.,2871.gif,Butter,Bear,Blep,Cap,None,Heart
2872,Scribblin #2872,A looping doodle critter from Scribblins. Four bodies. One friendly cartoon. One clock. Minted on Base.,2872.gif,Cream,Pup,Wink,Flower,None,Star
2873,Scribblin #2873,A looping doodle critter from Scribblins. Four bodies. One friendly cartoon. One clock. Minted on Base.,2873.gif,Clay,Pup,Normal,Beanie,Bowtie,None
2874,Scribblin #2874,A looping doodle critter from Scribblins. Four bodies. One friendly cartoon. One clock. Minted on Base.,2874.gif,Cream,Pup,Pout,Bow,Scarf,Balloon
2875,Scribblin #2875,A looping doodle critter from Scribblins. Four bodies. One friendly cartoon. One clock. Minted on Base.,2875.gif,Sky,Frog,Normal,None,Bowtie,Heart
2876,Scribblin #2876,A looping doodle critter from Scribblins. Four bodies. One friendly cartoon. One clock. Minted on Base.,2876.gif,Clay,Pup,Wink,Beanie,Scarf,Pencil
2877,Scribblin #2877,A looping doodle critter from Scribblins. Four bodies. One friendly cartoon. One clock. Minted on Base.,2877.gif,Butter,Bunny,Blep,Bow,None,Heart
2878,Scribblin #2878,A looping doodle critter from Scribblins. Four bodies. One friendly cartoon. One clock. Minted on Base.,2878.gif,Clay,Pup,Normal,None,None,Star
2879,Scribblin #2879,A looping doodle critter from Scribblins. Four bodies. One friendly cartoon. One clock. Minted on Base.,2879.gif,Cream,Pup,Blep,Beanie,Bowtie,Star
2880,Scribblin #2880,A looping doodle critter from Scribblins. Four bodies. One friendly cartoon. One clock. Minted on Base.,2880.gif,Sky,Frog,Grin,Bow,Bandana,Balloon
2881,Scribblin #2881,A looping doodle critter from Scribblins. Four bodies. One friendly cartoon. One clock. Minted on Base.,2881.gif,Cream,Bear,Normal,Headphones,Bowtie,Pencil
2882,Scribblin #2882,A looping doodle critter from Scribblins. Four bodies. One friendly cartoon. One clock. Minted on Base.,2882.gif,Clay,Bear,Sleepy,None,Bandana,Heart
2883,Scribblin #2883,A looping doodle critter from Scribblins. Four bodies. One friendly cartoon. One clock. Minted on Base.,2883.gif,Clay,Pup,Normal,None,None,Heart
2884,Scribblin #2884,A looping doodle critter from Scribblins. Four bodies. One friendly cartoon. One clock. Minted on Base.,2884.gif,Clay,Frog,Grin,Bow,Scarf,Star
2885,Scribblin #2885,A looping doodle critter from Scribblins. Four bodies. One friendly cartoon. One clock. Minted on Base.,2885.gif,Butter,Frog,Pout,None,Scarf,Pencil
2886,Scribblin #2886,A looping doodle critter from Scribblins. Four bodies. One friendly cartoon. One clock. Minted on Base.,2886.gif,Butter,Pup,Sparkly,Cap,None,Star
2887,Scribblin #2887,A looping doodle critter from Scribblins. Four bodies. One friendly cartoon. One clock. Minted on Base.,2887.gif,Cream,Pup,Pout,Beanie,Bowtie,Heart
2888,Scribblin #2888,A looping doodle critter from Scribblins. Four bodies. One friendly cartoon. One clock. Minted on Base.,2888.gif,Butter,Frog,Sparkly,Leaf,Scarf,Balloon
2889,Scribblin #2889,A looping doodle critter from Scribblins. Four bodies. One friendly cartoon. One clock. Minted on Base.,2889.gif,Clay,Pup,Pout,Bow,Bandana,Balloon
2890,Scribblin #2890,A looping doodle critter from Scribblins. Four bodies. One friendly cartoon. One clock. Minted on Base.,2890.gif,Clay,Bear,Normal,Leaf,Scarf,None
2891,Scribblin #2891,A looping doodle critter from Scribblins. Four bodies. One friendly cartoon. One clock. Minted on Base.,2891.gif,Sky,Bunny,Blep,Cap,Bandana,None
2892,Scribblin #2892,A looping doodle critter from Scribblins. Four bodies. One friendly cartoon. One clock. Minted on Base.,2892.gif,Clay,Frog,Sleepy,Bow,Scarf,Pencil
2893,Scribblin #2893,A looping doodle critter from Scribblins. Four bodies. One friendly cartoon. One clock. Minted on Base.,2893.gif,Clay,Bunny,Wink,Flower,Scarf,Balloon
2894,Scribblin #2894,A looping doodle critter from Scribblins. Four bodies. One friendly cartoon. One clock. Minted on Base.,2894.gif,Cream,Bear,Grin,Bow,Bowtie,None
2895,Scribblin #2895,A looping doodle critter from Scribblins. Four bodies. One friendly cartoon. One clock. Minted on Base.,2895.gif,Clay,Pup,Blep,Leaf,Bandana,Star
2896,Scribblin #2896,A looping doodle critter from Scribblins. Four bodies. One friendly cartoon. One clock. Minted on Base.,2896.gif,Sky,Pup,Grin,Cap,Scarf,Star
2897,Scribblin #2897,A looping doodle critter from Scribblins. Four bodies. One friendly cartoon. One clock. Minted on Base.,2897.gif,Cream,Frog,Sleepy,Beanie,None,Star
2898,Scribblin #2898,A looping doodle critter from Scribblins. Four bodies. One friendly cartoon. One clock. Minted on Base.,2898.gif,Butter,Bunny,Wink,Beanie,Scarf,Balloon
2899,Scribblin #2899,A looping doodle critter from Scribblins. Four bodies. One friendly cartoon. One clock. Minted on Base.,2899.gif,Cream,Bunny,Normal,None,None,None
2900,Scribblin #2900,A looping doodle critter from Scribblins. Four bodies. One friendly cartoon. One clock. Minted on Base.,2900.gif,Cream,Bear,Pout,Bow,Bowtie,Pencil
2901,Scribblin #2901,A looping doodle critter from Scribblins. Four bodies. One friendly cartoon. One clock. Minted on Base.,2901.gif,Cream,Bunny,Grin,Flower,Bowtie,Heart
2902,Scribblin #2902,A looping doodle critter from Scribblins. Four bodies. One friendly cartoon. One clock. Minted on Base.,2902.gif,Clay,Frog,Normal,Cap,Scarf,Balloon
2903,Scribblin #2903,A looping doodle critter from Scribblins. Four bodies. One friendly cartoon. One clock. Minted on Base.,2903.gif,Cream,Bear,Grin,Cap,None,Pencil
2904,Scribblin #2904,A looping doodle critter from Scribblins. Four bodies. One friendly cartoon. One clock. Minted on Base.,2904.gif,Clay,Bear,Blep,Headphones,Bowtie,Balloon
2905,Scribblin #2905,A looping doodle critter from Scribblins. Four bodies. One friendly cartoon. One clock. Minted on Base.,2905.gif,Butter,Frog,Pout,Bow,Bandana,Star
2906,Scribblin #2906,A looping doodle critter from Scribblins. Four bodies. One friendly cartoon. One clock. Minted on Base.,2906.gif,Sky,Frog,Sleepy,Bow,Bandana,None
2907,Scribblin #2907,A looping doodle critter from Scribblins. Four bodies. One friendly cartoon. One clock. Minted on Base.,2907.gif,Butter,Bear,Normal,None,Bowtie,Balloon
2908,Scribblin #2908,A looping doodle critter from Scribblins. Four bodies. One friendly cartoon. One clock. Minted on Base.,2908.gif,Clay,Bunny,Sleepy,Bow,None,Pencil
2909,Scribblin #2909,A looping doodle critter from Scribblins. Four bodies. One friendly cartoon. One clock. Minted on Base.,2909.gif,Cream,Bunny,Sparkly,Beanie,None,None
2910,Scribblin #2910,A looping doodle critter from Scribblins. Four bodies. One friendly cartoon. One clock. Minted on Base.,2910.gif,Clay,Bunny,Grin,Headphones,Scarf,None
2911,Scribblin #2911,A looping doodle critter from Scribblins. Four bodies. One friendly cartoon. One clock. Minted on Base.,2911.gif,Clay,Frog,Grin,Leaf,Bandana,None
2912,Scribblin #2912,A looping doodle critter from Scribblins. Four bodies. One friendly cartoon. One clock. Minted on Base.,2912.gif,Butter,Bear,Heart,Beanie,Bowtie,None
2913,Scribblin #2913,A looping doodle critter from Scribblins. Four bodies. One friendly cartoon. One clock. Minted on Base.,2913.gif,Clay,Bear,Blep,Beanie,None,None
2914,Scribblin #2914,A looping doodle critter from Scribblins. Four bodies. One friendly cartoon. One clock. Minted on Base.,2914.gif,Clay,Bunny,Sleepy,Bow,Bowtie,Pencil
2915,Scribblin #2915,A looping doodle critter from Scribblins. Four bodies. One friendly cartoon. One clock. Minted on Base.,2915.gif,Sky,Bear,Blep,Cap,None,None
2916,Scribblin #2916,A looping doodle critter from Scribblins. Four bodies. One friendly cartoon. One clock. Minted on Base.,2916.gif,Cream,Pup,Normal,Bow,Bowtie,None
2917,Scribblin #2917,A looping doodle critter from Scribblins. Four bodies. One friendly cartoon. One clock. Minted on Base.,2917.gif,Cream,Bear,Grin,Flower,None,Heart
2918,Scribblin #2918,A looping doodle critter from Scribblins. Four bodies. One friendly cartoon. One clock. Minted on Base.,2918.gif,Clay,Pup,Sparkly,None,Scarf,None
2919,Scribblin #2919,A looping doodle critter from Scribblins. Four bodies. One friendly cartoon. One clock. Minted on Base.,2919.gif,Butter,Bunny,Sleepy,Bow,None,None
2920,Scribblin #2920,A looping doodle critter from Scribblins. Four bodies. One friendly cartoon. One clock. Minted on Base.,2920.gif,Cream,Bear,Normal,Bow,Bandana,None
2921,Scribblin #2921,A looping doodle critter from Scribblins. Four bodies. One friendly cartoon. One clock. Minted on Base.,2921.gif,Cream,Bunny,Blep,Headphones,Bowtie,None
2922,Scribblin #2922,A looping doodle critter from Scribblins. Four bodies. One friendly cartoon. One clock. Minted on Base.,2922.gif,Butter,Pup,Wink,None,None,Star
2923,Scribblin #2923,A looping doodle critter from Scribblins. Four bodies. One friendly cartoon. One clock. Minted on Base.,2923.gif,Cream,Pup,Heart,Bow,None,Star
2924,Scribblin #2924,A looping doodle critter from Scribblins. Four bodies. One friendly cartoon. One clock. Minted on Base.,2924.gif,Butter,Bunny,Pout,Bow,Bowtie,Star
2925,Scribblin #2925,A looping doodle critter from Scribblins. Four bodies. One friendly cartoon. One clock. Minted on Base.,2925.gif,Sky,Bear,Blep,None,Bowtie,Star
2926,Scribblin #2926,A looping doodle critter from Scribblins. Four bodies. One friendly cartoon. One clock. Minted on Base.,2926.gif,Sky,Pup,Pout,Beanie,None,Heart
2927,Scribblin #2927,A looping doodle critter from Scribblins. Four bodies. One friendly cartoon. One clock. Minted on Base.,2927.gif,Clay,Pup,Sparkly,Beanie,None,Pencil
2928,Scribblin #2928,A looping doodle critter from Scribblins. Four bodies. One friendly cartoon. One clock. Minted on Base.,2928.gif,Clay,Bear,Wink,Headphones,Bandana,Balloon
2929,Scribblin #2929,A looping doodle critter from Scribblins. Four bodies. One friendly cartoon. One clock. Minted on Base.,2929.gif,Cream,Frog,Grin,Leaf,Bowtie,Balloon
2930,Scribblin #2930,A looping doodle critter from Scribblins. Four bodies. One friendly cartoon. One clock. Minted on Base.,2930.gif,Clay,Frog,Wink,Headphones,Bandana,Pencil
2931,Scribblin #2931,A looping doodle critter from Scribblins. Four bodies. One friendly cartoon. One clock. Minted on Base.,2931.gif,Sky,Bear,Blep,Bow,None,None
2932,Scribblin #2932,A looping doodle critter from Scribblins. Four bodies. One friendly cartoon. One clock. Minted on Base.,2932.gif,Clay,Bunny,Pout,Bow,Scarf,Balloon
2933,Scribblin #2933,A looping doodle critter from Scribblins. Four bodies. One friendly cartoon. One clock. Minted on Base.,2933.gif,Clay,Bunny,Sparkly,Beanie,Scarf,Star
2934,Scribblin #2934,A looping doodle critter from Scribblins. Four bodies. One friendly cartoon. One clock. Minted on Base.,2934.gif,Clay,Bunny,Wink,Bow,None,None
2935,Scribblin #2935,A looping doodle critter from Scribblins. Four bodies. One friendly cartoon. One clock. Minted on Base.,2935.gif,Sky,Pup,Grin,Headphones,None,None
2936,Scribblin #2936,A looping doodle critter from Scribblins. Four bodies. One friendly cartoon. One clock. Minted on Base.,2936.gif,Butter,Bunny,Wink,Bow,Bowtie,Pencil
2937,Scribblin #2937,A looping doodle critter from Scribblins. Four bodies. One friendly cartoon. One clock. Minted on Base.,2937.gif,Sky,Bear,Blep,Headphones,None,Star
2938,Scribblin #2938,A looping doodle critter from Scribblins. Four bodies. One friendly cartoon. One clock. Minted on Base.,2938.gif,Cream,Bunny,Normal,None,Bandana,Pencil
2939,Scribblin #2939,A looping doodle critter from Scribblins. Four bodies. One friendly cartoon. One clock. Minted on Base.,2939.gif,Sky,Bunny,Heart,Beanie,None,None
2940,Scribblin #2940,A looping doodle critter from Scribblins. Four bodies. One friendly cartoon. One clock. Minted on Base.,2940.gif,Cream,Bunny,Grin,None,None,Pencil
2941,Scribblin #2941,A looping doodle critter from Scribblins. Four bodies. One friendly cartoon. One clock. Minted on Base.,2941.gif,Sky,Pup,Normal,Cap,Scarf,Star
2942,Scribblin #2942,A looping doodle critter from Scribblins. Four bodies. One friendly cartoon. One clock. Minted on Base.,2942.gif,Sky,Bunny,Wink,Beanie,Scarf,Pencil
2943,Scribblin #2943,A looping doodle critter from Scribblins. Four bodies. One friendly cartoon. One clock. Minted on Base.,2943.gif,Butter,Bunny,Sleepy,Bow,None,Pencil
2944,Scribblin #2944,A looping doodle critter from Scribblins. Four bodies. One friendly cartoon. One clock. Minted on Base.,2944.gif,Butter,Frog,Normal,Beanie,None,None
2945,Scribblin #2945,A looping doodle critter from Scribblins. Four bodies. One friendly cartoon. One clock. Minted on Base.,2945.gif,Cream,Bear,Grin,None,Scarf,Balloon
2946,Scribblin #2946,A looping doodle critter from Scribblins. Four bodies. One friendly cartoon. One clock. Minted on Base.,2946.gif,Butter,Frog,Heart,Beanie,Scarf,Pencil
2947,Scribblin #2947,A looping doodle critter from Scribblins. Four bodies. One friendly cartoon. One clock. Minted on Base.,2947.gif,Sky,Bear,Wink,Flower,None,Pencil
2948,Scribblin #2948,A looping doodle critter from Scribblins. Four bodies. One friendly cartoon. One clock. Minted on Base.,2948.gif,Sky,Bunny,Pout,Leaf,Bandana,Pencil
2949,Scribblin #2949,A looping doodle critter from Scribblins. Four bodies. One friendly cartoon. One clock. Minted on Base.,2949.gif,Cream,Bunny,Normal,None,None,Pencil
2950,Scribblin #2950,A looping doodle critter from Scribblins. Four bodies. One friendly cartoon. One clock. Minted on Base.,2950.gif,Butter,Bunny,Sparkly,Leaf,None,None
2951,Scribblin #2951,A looping doodle critter from Scribblins. Four bodies. One friendly cartoon. One clock. Minted on Base.,2951.gif,Sky,Pup,Sleepy,Cap,Bowtie,Pencil
2952,Scribblin #2952,A looping doodle critter from Scribblins. Four bodies. One friendly cartoon. One clock. Minted on Base.,2952.gif,Cream,Bunny,Normal,None,Bowtie,Balloon
2953,Scribblin #2953,A looping doodle critter from Scribblins. Four bodies. One friendly cartoon. One clock. Minted on Base.,2953.gif,Cream,Pup,Sleepy,None,Scarf,Heart
2954,Scribblin #2954,A looping doodle critter from Scribblins. Four bodies. One friendly cartoon. One clock. Minted on Base.,2954.gif,Cream,Bunny,Wink,Bow,Scarf,Star
2955,Scribblin #2955,A looping doodle critter from Scribblins. Four bodies. One friendly cartoon. One clock. Minted on Base.,2955.gif,Cream,Frog,Heart,None,None,Star
2956,Scribblin #2956,A looping doodle critter from Scribblins. Four bodies. One friendly cartoon. One clock. Minted on Base.,2956.gif,Cream,Frog,Grin,Flower,Scarf,Star
2957,Scribblin #2957,A looping doodle critter from Scribblins. Four bodies. One friendly cartoon. One clock. Minted on Base.,2957.gif,Sky,Pup,Wink,Headphones,Bowtie,Star
2958,Scribblin #2958,A looping doodle critter from Scribblins. Four bodies. One friendly cartoon. One clock. Minted on Base.,2958.gif,Butter,Bunny,Sleepy,Cap,Bandana,Star
2959,Scribblin #2959,A looping doodle critter from Scribblins. Four bodies. One friendly cartoon. One clock. Minted on Base.,2959.gif,Sky,Bear,Normal,Cap,None,None
2960,Scribblin #2960,A looping doodle critter from Scribblins. Four bodies. One friendly cartoon. One clock. Minted on Base.,2960.gif,Clay,Bear,Pout,Cap,Bowtie,Pencil
2961,Scribblin #2961,A looping doodle critter from Scribblins. Four bodies. One friendly cartoon. One clock. Minted on Base.,2961.gif,Clay,Bunny,Sleepy,Leaf,Scarf,Star
2962,Scribblin #2962,A looping doodle critter from Scribblins. Four bodies. One friendly cartoon. One clock. Minted on Base.,2962.gif,Clay,Bear,Normal,Bow,Scarf,Heart
2963,Scribblin #2963,A looping doodle critter from Scribblins. Four bodies. One friendly cartoon. One clock. Minted on Base.,2963.gif,Cream,Frog,Sparkly,Flower,Bandana,Heart
2964,Scribblin #2964,A looping doodle critter from Scribblins. Four bodies. One friendly cartoon. One clock. Minted on Base.,2964.gif,Clay,Bunny,Sleepy,None,Bandana,Pencil
2965,Scribblin #2965,A looping doodle critter from Scribblins. Four bodies. One friendly cartoon. One clock. Minted on Base.,2965.gif,Sky,Pup,Grin,Bow,None,Pencil
2966,Scribblin #2966,A looping doodle critter from Scribblins. Four bodies. One friendly cartoon. One clock. Minted on Base.,2966.gif,Sky,Bunny,Pout,None,Bowtie,None
2967,Scribblin #2967,A looping doodle critter from Scribblins. Four bodies. One friendly cartoon. One clock. Minted on Base.,2967.gif,Cream,Frog,Sparkly,None,Scarf,None
2968,Scribblin #2968,A looping doodle critter from Scribblins. Four bodies. One friendly cartoon. One clock. Minted on Base.,2968.gif,Clay,Bunny,Wink,None,Bowtie,None
2969,Scribblin #2969,A looping doodle critter from Scribblins. Four bodies. One friendly cartoon. One clock. Minted on Base.,2969.gif,Sky,Bear,Sleepy,Beanie,None,Heart
2970,Scribblin #2970,A looping doodle critter from Scribblins. Four bodies. One friendly cartoon. One clock. Minted on Base.,2970.gif,Sky,Bunny,Sleepy,Cap,Scarf,None
2971,Scribblin #2971,A looping doodle critter from Scribblins. Four bodies. One friendly cartoon. One clock. Minted on Base.,2971.gif,Cream,Bunny,Normal,Flower,Bandana,None
2972,Scribblin #2972,A looping doodle critter from Scribblins. Four bodies. One friendly cartoon. One clock. Minted on Base.,2972.gif,Sky,Frog,Pout,Cap,Scarf,Balloon
2973,Scribblin #2973,A looping doodle critter from Scribblins. Four bodies. One friendly cartoon. One clock. Minted on Base.,2973.gif,Clay,Pup,Sparkly,Beanie,None,None
2974,Scribblin #2974,A looping doodle critter from Scribblins. Four bodies. One friendly cartoon. One clock. Minted on Base.,2974.gif,Sky,Bear,Sleepy,Flower,None,None
2975,Scribblin #2975,A looping doodle critter from Scribblins. Four bodies. One friendly cartoon. One clock. Minted on Base.,2975.gif,Cream,Bear,Sparkly,Cap,Bandana,None
2976,Scribblin #2976,A looping doodle critter from Scribblins. Four bodies. One friendly cartoon. One clock. Minted on Base.,2976.gif,Clay,Bear,Heart,None,Bowtie,Balloon
2977,Scribblin #2977,A looping doodle critter from Scribblins. Four bodies. One friendly cartoon. One clock. Minted on Base.,2977.gif,Butter,Bear,Pout,Bow,Scarf,Star
2978,Scribblin #2978,A looping doodle critter from Scribblins. Four bodies. One friendly cartoon. One clock. Minted on Base.,2978.gif,Sky,Bear,Pout,Beanie,Scarf,Pencil
2979,Scribblin #2979,A looping doodle critter from Scribblins. Four bodies. One friendly cartoon. One clock. Minted on Base.,2979.gif,Butter,Bear,Grin,Cap,None,None
2980,Scribblin #2980,A looping doodle critter from Scribblins. Four bodies. One friendly cartoon. One clock. Minted on Base.,2980.gif,Cream,Bunny,Normal,Bow,Bowtie,Heart
2981,Scribblin #2981,A looping doodle critter from Scribblins. Four bodies. One friendly cartoon. One clock. Minted on Base.,2981.gif,Sky,Bear,Sleepy,Cap,None,Balloon
2982,Scribblin #2982,A looping doodle critter from Scribblins. Four bodies. One friendly cartoon. One clock. Minted on Base.,2982.gif,Sky,Bunny,Normal,Bow,Bowtie,Pencil
2983,Scribblin #2983,A looping doodle critter from Scribblins. Four bodies. One friendly cartoon. One clock. Minted on Base.,2983.gif,Sky,Pup,Sleepy,Flower,Scarf,Heart
2984,Scribblin #2984,A looping doodle critter from Scribblins. Four bodies. One friendly cartoon. One clock. Minted on Base.,2984.gif,Clay,Bunny,Normal,Headphones,Bandana,Star
2985,Scribblin #2985,A looping doodle critter from Scribblins. Four bodies. One friendly cartoon. One clock. Minted on Base.,2985.gif,Clay,Bear,Sparkly,Cap,Bandana,Star
2986,Scribblin #2986,A looping doodle critter from Scribblins. Four bodies. One friendly cartoon. One clock. Minted on Base.,2986.gif,Sky,Bear,Sparkly,Cap,Scarf,Pencil
2987,Scribblin #2987,A looping doodle critter from Scribblins. Four bodies. One friendly cartoon. One clock. Minted on Base.,2987.gif,Butter,Bunny,Normal,Cap,Bowtie,Star
2988,Scribblin #2988,A looping doodle critter from Scribblins. Four bodies. One friendly cartoon. One clock. Minted on Base.,2988.gif,Clay,Pup,Sparkly,Cap,Bowtie,Heart
2989,Scribblin #2989,A looping doodle critter from Scribblins. Four bodies. One friendly cartoon. One clock. Minted on Base.,2989.gif,Butter,Bunny,Normal,None,None,Balloon
2990,Scribblin #2990,A looping doodle critter from Scribblins. Four bodies. One friendly cartoon. One clock. Minted on Base.,2990.gif,Sky,Bunny,Normal,Bow,Bandana,None
2991,Scribblin #2991,A looping doodle critter from Scribblins. Four bodies. One friendly cartoon. One clock. Minted on Base.,2991.gif,Butter,Bunny,Normal,Flower,Bowtie,Star
2992,Scribblin #2992,A looping doodle critter from Scribblins. Four bodies. One friendly cartoon. One clock. Minted on Base.,2992.gif,Sky,Pup,Heart,Headphones,None,None
2993,Scribblin #2993,A looping doodle critter from Scribblins. Four bodies. One friendly cartoon. One clock. Minted on Base.,2993.gif,Sky,Bear,Pout,Beanie,Bandana,None
2994,Scribblin #2994,A looping doodle critter from Scribblins. Four bodies. One friendly cartoon. One clock. Minted on Base.,2994.gif,Cream,Frog,Sparkly,Bow,Scarf,Star
2995,Scribblin #2995,A looping doodle critter from Scribblins. Four bodies. One friendly cartoon. One clock. Minted on Base.,2995.gif,Cream,Bear,Sparkly,Leaf,Scarf,Star
2996,Scribblin #2996,A looping doodle critter from Scribblins. Four bodies. One friendly cartoon. One clock. Minted on Base.,2996.gif,Sky,Bunny,Heart,None,None,Pencil
2997,Scribblin #2997,A looping doodle critter from Scribblins. Four bodies. One friendly cartoon. One clock. Minted on Base.,2997.gif,Sky,Bunny,Sleepy,Leaf,None,None
2998,Scribblin #2998,A looping doodle critter from Scribblins. Four bodies. One friendly cartoon. One clock. Minted on Base.,2998.gif,Sky,Bear,Sparkly,Bow,Bowtie,None
2999,Scribblin #2999,A looping doodle critter from Scribblins. Four bodies. One friendly cartoon. One clock. Minted on Base.,2999.gif,Sky,Bunny,Normal,Beanie,Bowtie,None
3000,Scribblin #3000,A looping doodle critter from Scribblins. Four bodies. One friendly cartoon. One clock. Minted on Base.,3000.gif,Cream,Pup,Grin,Cap,Bandana,Pencil
3001,Scribblin #3001,A looping doodle critter from Scribblins. Four bodies. One friendly cartoon. One clock. Minted on Base.,3001.gif,Cream,Bunny,Grin,Bow,Scarf,None
3002,Scribblin #3002,A looping doodle critter from Scribblins. Four bodies. One friendly cartoon. One clock. Minted on Base.,3002.gif,Cream,Bunny,Normal,None,Bowtie,None
3003,Scribblin #3003,A looping doodle critter from Scribblins. Four bodies. One friendly cartoon. One clock. Minted on Base.,3003.gif,Cream,Pup,Sparkly,None,Scarf,Heart
3004,Scribblin #3004,A looping doodle critter from Scribblins. Four bodies. One friendly cartoon. One clock. Minted on Base.,3004.gif,Sky,Bunny,Sleepy,None,None,None
3005,Scribblin #3005,A looping doodle critter from Scribblins. Four bodies. One friendly cartoon. One clock. Minted on Base.,3005.gif,Clay,Pup,Sleepy,Cap,None,Pencil
3006,Scribblin #3006,A looping doodle critter from Scribblins. Four bodies. One friendly cartoon. One clock. Minted on Base.,3006.gif,Cream,Frog,Sleepy,Headphones,Bowtie,None
3007,Scribblin #3007,A looping doodle critter from Scribblins. Four bodies. One friendly cartoon. One clock. Minted on Base.,3007.gif,Sky,Bunny,Blep,None,None,Pencil
3008,Scribblin #3008,A looping doodle critter from Scribblins. Four bodies. One friendly cartoon. One clock. Minted on Base.,3008.gif,Sky,Bear,Grin,Bow,None,Pencil
3009,Scribblin #3009,A looping doodle critter from Scribblins. Four bodies. One friendly cartoon. One clock. Minted on Base.,3009.gif,Clay,Bear,Sparkly,Bow,Bowtie,Balloon
3010,Scribblin #3010,A looping doodle critter from Scribblins. Four bodies. One friendly cartoon. One clock. Minted on Base.,3010.gif,Sky,Bear,Sleepy,Flower,Bowtie,Balloon
3011,Scribblin #3011,A looping doodle critter from Scribblins. Four bodies. One friendly cartoon. One clock. Minted on Base.,3011.gif,Cream,Bear,Normal,Cap,None,Pencil
3012,Scribblin #3012,A looping doodle critter from Scribblins. Four bodies. One friendly cartoon. One clock. Minted on Base.,3012.gif,Butter,Bear,Normal,Beanie,Scarf,Heart
3013,Scribblin #3013,A looping doodle critter from Scribblins. Four bodies. One friendly cartoon. One clock. Minted on Base.,3013.gif,Butter,Pup,Sleepy,Headphones,None,None
3014,Scribblin #3014,A looping doodle critter from Scribblins. Four bodies. One friendly cartoon. One clock. Minted on Base.,3014.gif,Sky,Bunny,Normal,Headphones,Bowtie,Pencil
3015,Scribblin #3015,A looping doodle critter from Scribblins. Four bodies. One friendly cartoon. One clock. Minted on Base.,3015.gif,Clay,Bunny,Normal,Beanie,Scarf,Star
3016,Scribblin #3016,A looping doodle critter from Scribblins. Four bodies. One friendly cartoon. One clock. Minted on Base.,3016.gif,Cream,Pup,Wink,Leaf,Bandana,Pencil
3017,Scribblin #3017,A looping doodle critter from Scribblins. Four bodies. One friendly cartoon. One clock. Minted on Base.,3017.gif,Sky,Bunny,Pout,Bow,Bowtie,None
3018,Scribblin #3018,A looping doodle critter from Scribblins. Four bodies. One friendly cartoon. One clock. Minted on Base.,3018.gif,Clay,Bear,Heart,Flower,None,None
3019,Scribblin #3019,A looping doodle critter from Scribblins. Four bodies. One friendly cartoon. One clock. Minted on Base.,3019.gif,Clay,Bear,Grin,Bow,None,Balloon
3020,Scribblin #3020,A looping doodle critter from Scribblins. Four bodies. One friendly cartoon. One clock. Minted on Base.,3020.gif,Cream,Bunny,Heart,Bow,None,Star
3021,Scribblin #3021,A looping doodle critter from Scribblins. Four bodies. One friendly cartoon. One clock. Minted on Base.,3021.gif,Clay,Bunny,Pout,Cap,Bandana,Heart
3022,Scribblin #3022,A looping doodle critter from Scribblins. Four bodies. One friendly cartoon. One clock. Minted on Base.,3022.gif,Sky,Bunny,Pout,Beanie,Scarf,Balloon
3023,Scribblin #3023,A looping doodle critter from Scribblins. Four bodies. One friendly cartoon. One clock. Minted on Base.,3023.gif,Clay,Bunny,Sleepy,Headphones,Bowtie,None
3024,Scribblin #3024,A looping doodle critter from Scribblins. Four bodies. One friendly cartoon. One clock. Minted on Base.,3024.gif,Cream,Bear,Heart,None,Bandana,Pencil
3025,Scribblin #3025,A looping doodle critter from Scribblins. Four bodies. One friendly cartoon. One clock. Minted on Base.,3025.gif,Sky,Frog,Grin,Leaf,Bowtie,Star
3026,Scribblin #3026,A looping doodle critter from Scribblins. Four bodies. One friendly cartoon. One clock. Minted on Base.,3026.gif,Sky,Frog,Wink,None,Scarf,Star
3027,Scribblin #3027,A looping doodle critter from Scribblins. Four bodies. One friendly cartoon. One clock. Minted on Base.,3027.gif,Cream,Frog,Normal,Beanie,None,Balloon
3028,Scribblin #3028,A looping doodle critter from Scribblins. Four bodies. One friendly cartoon. One clock. Minted on Base.,3028.gif,Clay,Bunny,Pout,Leaf,Bowtie,Pencil
3029,Scribblin #3029,A looping doodle critter from Scribblins. Four bodies. One friendly cartoon. One clock. Minted on Base.,3029.gif,Clay,Bear,Sparkly,Beanie,Scarf,Star
3030,Scribblin #3030,A looping doodle critter from Scribblins. Four bodies. One friendly cartoon. One clock. Minted on Base.,3030.gif,Butter,Bunny,Normal,None,Scarf,None
3031,Scribblin #3031,A looping doodle critter from Scribblins. Four bodies. One friendly cartoon. One clock. Minted on Base.,3031.gif,Clay,Bear,Sleepy,Cap,None,None
3032,Scribblin #3032,A looping doodle critter from Scribblins. Four bodies. One friendly cartoon. One clock. Minted on Base.,3032.gif,Cream,Bunny,Grin,None,None,None
3033,Scribblin #3033,A looping doodle critter from Scribblins. Four bodies. One friendly cartoon. One clock. Minted on Base.,3033.gif,Clay,Bunny,Pout,Flower,Bowtie,Star
3034,Scribblin #3034,A looping doodle critter from Scribblins. Four bodies. One friendly cartoon. One clock. Minted on Base.,3034.gif,Butter,Bunny,Grin,Bow,None,Star
3035,Scribblin #3035,A looping doodle critter from Scribblins. Four bodies. One friendly cartoon. One clock. Minted on Base.,3035.gif,Clay,Bunny,Sparkly,Beanie,Scarf,None
3036,Scribblin #3036,A looping doodle critter from Scribblins. Four bodies. One friendly cartoon. One clock. Minted on Base.,3036.gif,Cream,Pup,Normal,Cap,Bandana,Balloon
3037,Scribblin #3037,A looping doodle critter from Scribblins. Four bodies. One friendly cartoon. One clock. Minted on Base.,3037.gif,Clay,Frog,Grin,None,Bowtie,None
3038,Scribblin #3038,A looping doodle critter from Scribblins. Four bodies. One friendly cartoon. One clock. Minted on Base.,3038.gif,Sky,Bunny,Normal,None,None,Star
3039,Scribblin #3039,A looping doodle critter from Scribblins. Four bodies. One friendly cartoon. One clock. Minted on Base.,3039.gif,Cream,Pup,Wink,None,None,None
3040,Scribblin #3040,A looping doodle critter from Scribblins. Four bodies. One friendly cartoon. One clock. Minted on Base.,3040.gif,Cream,Pup,Heart,Flower,Bowtie,None
3041,Scribblin #3041,A looping doodle critter from Scribblins. Four bodies. One friendly cartoon. One clock. Minted on Base.,3041.gif,Sky,Bear,Wink,Headphones,None,Balloon
3042,Scribblin #3042,A looping doodle critter from Scribblins. Four bodies. One friendly cartoon. One clock. Minted on Base.,3042.gif,Sky,Pup,Pout,None,Bandana,None
3043,Scribblin #3043,A looping doodle critter from Scribblins. Four bodies. One friendly cartoon. One clock. Minted on Base.,3043.gif,Clay,Bunny,Normal,Cap,Bandana,Pencil
3044,Scribblin #3044,A looping doodle critter from Scribblins. Four bodies. One friendly cartoon. One clock. Minted on Base.,3044.gif,Butter,Bunny,Normal,None,Bowtie,None
3045,Scribblin #3045,A looping doodle critter from Scribblins. Four bodies. One friendly cartoon. One clock. Minted on Base.,3045.gif,Clay,Pup,Normal,Bow,Bowtie,Heart
3046,Scribblin #3046,A looping doodle critter from Scribblins. Four bodies. One friendly cartoon. One clock. Minted on Base.,3046.gif,Cream,Bunny,Sparkly,Flower,Scarf,None
3047,Scribblin #3047,A looping doodle critter from Scribblins. Four bodies. One friendly cartoon. One clock. Minted on Base.,3047.gif,Clay,Bear,Normal,None,None,None
3048,Scribblin #3048,A looping doodle critter from Scribblins. Four bodies. One friendly cartoon. One clock. Minted on Base.,3048.gif,Clay,Pup,Normal,Beanie,Bandana,None
3049,Scribblin #3049,A looping doodle critter from Scribblins. Four bodies. One friendly cartoon. One clock. Minted on Base.,3049.gif,Sky,Bunny,Blep,Leaf,Bandana,None
3050,Scribblin #3050,A looping doodle critter from Scribblins. Four bodies. One friendly cartoon. One clock. Minted on Base.,3050.gif,Clay,Bear,Wink,None,None,Pencil
3051,Scribblin #3051,A looping doodle critter from Scribblins. Four bodies. One friendly cartoon. One clock. Minted on Base.,3051.gif,Clay,Frog,Wink,Beanie,Bowtie,None
3052,Scribblin #3052,A looping doodle critter from Scribblins. Four bodies. One friendly cartoon. One clock. Minted on Base.,3052.gif,Sky,Bear,Grin,Bow,None,None
3053,Scribblin #3053,A looping doodle critter from Scribblins. Four bodies. One friendly cartoon. One clock. Minted on Base.,3053.gif,Sky,Bunny,Normal,Leaf,Scarf,None
3054,Scribblin #3054,A looping doodle critter from Scribblins. Four bodies. One friendly cartoon. One clock. Minted on Base.,3054.gif,Sky,Frog,Grin,Beanie,Bandana,Heart
3055,Scribblin #3055,A looping doodle critter from Scribblins. Four bodies. One friendly cartoon. One clock. Minted on Base.,3055.gif,Clay,Bear,Sleepy,Flower,Scarf,None
3056,Scribblin #3056,A looping doodle critter from Scribblins. Four bodies. One friendly cartoon. One clock. Minted on Base.,3056.gif,Sky,Bear,Pout,Cap,None,Heart
3057,Scribblin #3057,A looping doodle critter from Scribblins. Four bodies. One friendly cartoon. One clock. Minted on Base.,3057.gif,Sky,Bunny,Sparkly,Leaf,Scarf,Heart
3058,Scribblin #3058,A looping doodle critter from Scribblins. Four bodies. One friendly cartoon. One clock. Minted on Base.,3058.gif,Clay,Pup,Grin,Headphones,Scarf,Star
3059,Scribblin #3059,A looping doodle critter from Scribblins. Four bodies. One friendly cartoon. One clock. Minted on Base.,3059.gif,Butter,Bear,Normal,Cap,Bowtie,Heart
3060,Scribblin #3060,A looping doodle critter from Scribblins. Four bodies. One friendly cartoon. One clock. Minted on Base.,3060.gif,Cream,Bunny,Normal,Headphones,Bowtie,None
3061,Scribblin #3061,A looping doodle critter from Scribblins. Four bodies. One friendly cartoon. One clock. Minted on Base.,3061.gif,Sky,Pup,Heart,None,Scarf,Pencil
3062,Scribblin #3062,A looping doodle critter from Scribblins. Four bodies. One friendly cartoon. One clock. Minted on Base.,3062.gif,Sky,Frog,Sleepy,Leaf,None,None
3063,Scribblin #3063,A looping doodle critter from Scribblins. Four bodies. One friendly cartoon. One clock. Minted on Base.,3063.gif,Clay,Bear,Sleepy,None,Scarf,None
3064,Scribblin #3064,A looping doodle critter from Scribblins. Four bodies. One friendly cartoon. One clock. Minted on Base.,3064.gif,Cream,Bear,Sleepy,Beanie,None,None
3065,Scribblin #3065,A looping doodle critter from Scribblins. Four bodies. One friendly cartoon. One clock. Minted on Base.,3065.gif,Sky,Bear,Normal,Cap,Scarf,Heart
3066,Scribblin #3066,A looping doodle critter from Scribblins. Four bodies. One friendly cartoon. One clock. Minted on Base.,3066.gif,Sky,Bear,Normal,Flower,Bowtie,Heart
3067,Scribblin #3067,A looping doodle critter from Scribblins. Four bodies. One friendly cartoon. One clock. Minted on Base.,3067.gif,Cream,Frog,Normal,None,None,Star
3068,Scribblin #3068,A looping doodle critter from Scribblins. Four bodies. One friendly cartoon. One clock. Minted on Base.,3068.gif,Clay,Bunny,Sleepy,None,None,Star
3069,Scribblin #3069,A looping doodle critter from Scribblins. Four bodies. One friendly cartoon. One clock. Minted on Base.,3069.gif,Cream,Frog,Normal,Leaf,Scarf,Star
3070,Scribblin #3070,A looping doodle critter from Scribblins. Four bodies. One friendly cartoon. One clock. Minted on Base.,3070.gif,Sky,Bunny,Sparkly,Bow,Bandana,None
3071,Scribblin #3071,A looping doodle critter from Scribblins. Four bodies. One friendly cartoon. One clock. Minted on Base.,3071.gif,Sky,Bear,Sparkly,Bow,None,Pencil
3072,Scribblin #3072,A looping doodle critter from Scribblins. Four bodies. One friendly cartoon. One clock. Minted on Base.,3072.gif,Sky,Pup,Normal,None,Bandana,Pencil
3073,Scribblin #3073,A looping doodle critter from Scribblins. Four bodies. One friendly cartoon. One clock. Minted on Base.,3073.gif,Clay,Bear,Sleepy,Bow,Scarf,Balloon
3074,Scribblin #3074,A looping doodle critter from Scribblins. Four bodies. One friendly cartoon. One clock. Minted on Base.,3074.gif,Cream,Frog,Blep,None,Scarf,Pencil
3075,Scribblin #3075,A looping doodle critter from Scribblins. Four bodies. One friendly cartoon. One clock. Minted on Base.,3075.gif,Cream,Bunny,Sleepy,Flower,None,Balloon
3076,Scribblin #3076,A looping doodle critter from Scribblins. Four bodies. One friendly cartoon. One clock. Minted on Base.,3076.gif,Sky,Bear,Pout,None,None,Star
3077,Scribblin #3077,A looping doodle critter from Scribblins. Four bodies. One friendly cartoon. One clock. Minted on Base.,3077.gif,Sky,Bear,Sleepy,None,None,Star
3078,Scribblin #3078,A looping doodle critter from Scribblins. Four bodies. One friendly cartoon. One clock. Minted on Base.,3078.gif,Cream,Bunny,Pout,Headphones,None,Star
3079,Scribblin #3079,A looping doodle critter from Scribblins. Four bodies. One friendly cartoon. One clock. Minted on Base.,3079.gif,Clay,Frog,Normal,None,None,Heart
3080,Scribblin #3080,A looping doodle critter from Scribblins. Four bodies. One friendly cartoon. One clock. Minted on Base.,3080.gif,Sky,Frog,Sleepy,Bow,Bowtie,Star
3081,Scribblin #3081,A looping doodle critter from Scribblins. Four bodies. One friendly cartoon. One clock. Minted on Base.,3081.gif,Sky,Bunny,Sparkly,None,None,None
3082,Scribblin #3082,A looping doodle critter from Scribblins. Four bodies. One friendly cartoon. One clock. Minted on Base.,3082.gif,Cream,Bunny,Sleepy,Bow,Scarf,Balloon
3083,Scribblin #3083,A looping doodle critter from Scribblins. Four bodies. One friendly cartoon. One clock. Minted on Base.,3083.gif,Sky,Bear,Wink,Cap,None,None
3084,Scribblin #3084,A looping doodle critter from Scribblins. Four bodies. One friendly cartoon. One clock. Minted on Base.,3084.gif,Cream,Bear,Grin,Leaf,Bandana,Star
3085,Scribblin #3085,A looping doodle critter from Scribblins. Four bodies. One friendly cartoon. One clock. Minted on Base.,3085.gif,Clay,Bear,Pout,Leaf,Bandana,None
3086,Scribblin #3086,A looping doodle critter from Scribblins. Four bodies. One friendly cartoon. One clock. Minted on Base.,3086.gif,Clay,Bear,Pout,None,Scarf,None
3087,Scribblin #3087,A looping doodle critter from Scribblins. Four bodies. One friendly cartoon. One clock. Minted on Base.,3087.gif,Sky,Frog,Heart,Cap,Bandana,None
3088,Scribblin #3088,A looping doodle critter from Scribblins. Four bodies. One friendly cartoon. One clock. Minted on Base.,3088.gif,Butter,Pup,Sparkly,None,Bandana,Balloon
3089,Scribblin #3089,A looping doodle critter from Scribblins. Four bodies. One friendly cartoon. One clock. Minted on Base.,3089.gif,Sky,Pup,Blep,Flower,Scarf,None
3090,Scribblin #3090,A looping doodle critter from Scribblins. Four bodies. One friendly cartoon. One clock. Minted on Base.,3090.gif,Sky,Bunny,Wink,Beanie,Scarf,Balloon
3091,Scribblin #3091,A looping doodle critter from Scribblins. Four bodies. One friendly cartoon. One clock. Minted on Base.,3091.gif,Clay,Bunny,Pout,Bow,Bandana,None
3092,Scribblin #3092,A looping doodle critter from Scribblins. Four bodies. One friendly cartoon. One clock. Minted on Base.,3092.gif,Butter,Bunny,Grin,Leaf,Bowtie,Heart
3093,Scribblin #3093,A looping doodle critter from Scribblins. Four bodies. One friendly cartoon. One clock. Minted on Base.,3093.gif,Cream,Bear,Sparkly,None,Bowtie,Pencil
3094,Scribblin #3094,A looping doodle critter from Scribblins. Four bodies. One friendly cartoon. One clock. Minted on Base.,3094.gif,Sky,Pup,Grin,Flower,Bandana,Pencil
3095,Scribblin #3095,A looping doodle critter from Scribblins. Four bodies. One friendly cartoon. One clock. Minted on Base.,3095.gif,Clay,Bear,Normal,Cap,Bowtie,Balloon
3096,Scribblin #3096,A looping doodle critter from Scribblins. Four bodies. One friendly cartoon. One clock. Minted on Base.,3096.gif,Cream,Pup,Heart,Cap,None,None
3097,Scribblin #3097,A looping doodle critter from Scribblins. Four bodies. One friendly cartoon. One clock. Minted on Base.,3097.gif,Butter,Bear,Sparkly,Leaf,None,Balloon
3098,Scribblin #3098,A looping doodle critter from Scribblins. Four bodies. One friendly cartoon. One clock. Minted on Base.,3098.gif,Butter,Pup,Grin,None,None,Star
3099,Scribblin #3099,A looping doodle critter from Scribblins. Four bodies. One friendly cartoon. One clock. Minted on Base.,3099.gif,Sky,Bunny,Wink,Beanie,None,None
3100,Scribblin #3100,A looping doodle critter from Scribblins. Four bodies. One friendly cartoon. One clock. Minted on Base.,3100.gif,Cream,Bear,Normal,Bow,None,Balloon
3101,Scribblin #3101,A looping doodle critter from Scribblins. Four bodies. One friendly cartoon. One clock. Minted on Base.,3101.gif,Butter,Bunny,Normal,Beanie,Bandana,Pencil
3102,Scribblin #3102,A looping doodle critter from Scribblins. Four bodies. One friendly cartoon. One clock. Minted on Base.,3102.gif,Cream,Frog,Heart,Leaf,Scarf,Pencil
3103,Scribblin #3103,A looping doodle critter from Scribblins. Four bodies. One friendly cartoon. One clock. Minted on Base.,3103.gif,Butter,Bunny,Sparkly,Flower,Bowtie,None
3104,Scribblin #3104,A looping doodle critter from Scribblins. Four bodies. One friendly cartoon. One clock. Minted on Base.,3104.gif,Clay,Frog,Sparkly,Flower,None,None
3105,Scribblin #3105,A looping doodle critter from Scribblins. Four bodies. One friendly cartoon. One clock. Minted on Base.,3105.gif,Cream,Pup,Grin,Bow,Bowtie,None
3106,Scribblin #3106,A looping doodle critter from Scribblins. Four bodies. One friendly cartoon. One clock. Minted on Base.,3106.gif,Butter,Bunny,Sleepy,Flower,None,Balloon
3107,Scribblin #3107,A looping doodle critter from Scribblins. Four bodies. One friendly cartoon. One clock. Minted on Base.,3107.gif,Cream,Pup,Pout,Cap,Scarf,None
3108,Scribblin #3108,A looping doodle critter from Scribblins. Four bodies. One friendly cartoon. One clock. Minted on Base.,3108.gif,Cream,Pup,Wink,Beanie,Scarf,Balloon
3109,Scribblin #3109,A looping doodle critter from Scribblins. Four bodies. One friendly cartoon. One clock. Minted on Base.,3109.gif,Cream,Bunny,Pout,Flower,None,Pencil
3110,Scribblin #3110,A looping doodle critter from Scribblins. Four bodies. One friendly cartoon. One clock. Minted on Base.,3110.gif,Cream,Bear,Sparkly,None,None,None
3111,Scribblin #3111,A looping doodle critter from Scribblins. Four bodies. One friendly cartoon. One clock. Minted on Base.,3111.gif,Cream,Bear,Normal,None,Bandana,Heart
3112,Scribblin #3112,A looping doodle critter from Scribblins. Four bodies. One friendly cartoon. One clock. Minted on Base.,3112.gif,Sky,Bunny,Sleepy,Leaf,Scarf,None
3113,Scribblin #3113,A looping doodle critter from Scribblins. Four bodies. One friendly cartoon. One clock. Minted on Base.,3113.gif,Butter,Pup,Wink,Bow,Scarf,Star
3114,Scribblin #3114,A looping doodle critter from Scribblins. Four bodies. One friendly cartoon. One clock. Minted on Base.,3114.gif,Sky,Frog,Sleepy,Leaf,Scarf,Balloon
3115,Scribblin #3115,A looping doodle critter from Scribblins. Four bodies. One friendly cartoon. One clock. Minted on Base.,3115.gif,Clay,Bunny,Blep,None,None,None
3116,Scribblin #3116,A looping doodle critter from Scribblins. Four bodies. One friendly cartoon. One clock. Minted on Base.,3116.gif,Clay,Bear,Sleepy,Bow,Bandana,None
3117,Scribblin #3117,A looping doodle critter from Scribblins. Four bodies. One friendly cartoon. One clock. Minted on Base.,3117.gif,Clay,Bunny,Sparkly,Cap,None,None
3118,Scribblin #3118,A looping doodle critter from Scribblins. Four bodies. One friendly cartoon. One clock. Minted on Base.,3118.gif,Sky,Bunny,Grin,Bow,Bowtie,Balloon
3119,Scribblin #3119,A looping doodle critter from Scribblins. Four bodies. One friendly cartoon. One clock. Minted on Base.,3119.gif,Cream,Bear,Heart,Cap,None,Pencil
3120,Scribblin #3120,A looping doodle critter from Scribblins. Four bodies. One friendly cartoon. One clock. Minted on Base.,3120.gif,Sky,Pup,Wink,Bow,Bandana,Heart
3121,Scribblin #3121,A looping doodle critter from Scribblins. Four bodies. One friendly cartoon. One clock. Minted on Base.,3121.gif,Clay,Bunny,Grin,Cap,Scarf,None
3122,Scribblin #3122,A looping doodle critter from Scribblins. Four bodies. One friendly cartoon. One clock. Minted on Base.,3122.gif,Clay,Bear,Grin,Leaf,Bowtie,None
3123,Scribblin #3123,A looping doodle critter from Scribblins. Four bodies. One friendly cartoon. One clock. Minted on Base.,3123.gif,Butter,Bear,Wink,None,Bowtie,None
3124,Scribblin #3124,A looping doodle critter from Scribblins. Four bodies. One friendly cartoon. One clock. Minted on Base.,3124.gif,Clay,Bear,Grin,Flower,Bandana,None
3125,Scribblin #3125,A looping doodle critter from Scribblins. Four bodies. One friendly cartoon. One clock. Minted on Base.,3125.gif,Clay,Bunny,Wink,Bow,Bandana,Star
3126,Scribblin #3126,A looping doodle critter from Scribblins. Four bodies. One friendly cartoon. One clock. Minted on Base.,3126.gif,Clay,Bunny,Blep,Beanie,None,Pencil
3127,Scribblin #3127,A looping doodle critter from Scribblins. Four bodies. One friendly cartoon. One clock. Minted on Base.,3127.gif,Clay,Bear,Sleepy,Beanie,Bandana,Balloon
3128,Scribblin #3128,A looping doodle critter from Scribblins. Four bodies. One friendly cartoon. One clock. Minted on Base.,3128.gif,Butter,Pup,Normal,Flower,Bandana,None
3129,Scribblin #3129,A looping doodle critter from Scribblins. Four bodies. One friendly cartoon. One clock. Minted on Base.,3129.gif,Clay,Pup,Normal,Headphones,Bowtie,Pencil
3130,Scribblin #3130,A looping doodle critter from Scribblins. Four bodies. One friendly cartoon. One clock. Minted on Base.,3130.gif,Butter,Frog,Blep,None,None,Heart
3131,Scribblin #3131,A looping doodle critter from Scribblins. Four bodies. One friendly cartoon. One clock. Minted on Base.,3131.gif,Cream,Pup,Pout,Bow,Bandana,None
3132,Scribblin #3132,A looping doodle critter from Scribblins. Four bodies. One friendly cartoon. One clock. Minted on Base.,3132.gif,Sky,Bunny,Blep,None,Bandana,Pencil
3133,Scribblin #3133,A looping doodle critter from Scribblins. Four bodies. One friendly cartoon. One clock. Minted on Base.,3133.gif,Clay,Bunny,Normal,Bow,Bowtie,Pencil
3134,Scribblin #3134,A looping doodle critter from Scribblins. Four bodies. One friendly cartoon. One clock. Minted on Base.,3134.gif,Clay,Frog,Grin,Cap,Bowtie,Pencil
3135,Scribblin #3135,A looping doodle critter from Scribblins. Four bodies. One friendly cartoon. One clock. Minted on Base.,3135.gif,Sky,Frog,Sparkly,None,None,Pencil
3136,Scribblin #3136,A looping doodle critter from Scribblins. Four bodies. One friendly cartoon. One clock. Minted on Base.,3136.gif,Butter,Pup,Normal,Beanie,Bowtie,Heart
3137,Scribblin #3137,A looping doodle critter from Scribblins. Four bodies. One friendly cartoon. One clock. Minted on Base.,3137.gif,Clay,Bunny,Sparkly,Flower,None,Heart
3138,Scribblin #3138,A looping doodle critter from Scribblins. Four bodies. One friendly cartoon. One clock. Minted on Base.,3138.gif,Sky,Bunny,Sleepy,None,Bowtie,None
3139,Scribblin #3139,A looping doodle critter from Scribblins. Four bodies. One friendly cartoon. One clock. Minted on Base.,3139.gif,Sky,Bunny,Grin,Bow,Bandana,Pencil
3140,Scribblin #3140,A looping doodle critter from Scribblins. Four bodies. One friendly cartoon. One clock. Minted on Base.,3140.gif,Clay,Bear,Grin,Bow,Bowtie,None
3141,Scribblin #3141,A looping doodle critter from Scribblins. Four bodies. One friendly cartoon. One clock. Minted on Base.,3141.gif,Cream,Pup,Grin,Cap,None,None
3142,Scribblin #3142,A looping doodle critter from Scribblins. Four bodies. One friendly cartoon. One clock. Minted on Base.,3142.gif,Clay,Bear,Grin,Bow,None,None
3143,Scribblin #3143,A looping doodle critter from Scribblins. Four bodies. One friendly cartoon. One clock. Minted on Base.,3143.gif,Butter,Bunny,Normal,Cap,Bandana,Star
3144,Scribblin #3144,A looping doodle critter from Scribblins. Four bodies. One friendly cartoon. One clock. Minted on Base.,3144.gif,Butter,Frog,Sleepy,None,None,Heart
3145,Scribblin #3145,A looping doodle critter from Scribblins. Four bodies. One friendly cartoon. One clock. Minted on Base.,3145.gif,Butter,Bunny,Blep,Leaf,Bowtie,Star
3146,Scribblin #3146,A looping doodle critter from Scribblins. Four bodies. One friendly cartoon. One clock. Minted on Base.,3146.gif,Cream,Frog,Wink,Bow,Bowtie,None
3147,Scribblin #3147,A looping doodle critter from Scribblins. Four bodies. One friendly cartoon. One clock. Minted on Base.,3147.gif,Cream,Bunny,Sleepy,Bow,None,Pencil
3148,Scribblin #3148,A looping doodle critter from Scribblins. Four bodies. One friendly cartoon. One clock. Minted on Base.,3148.gif,Clay,Pup,Normal,Beanie,Scarf,Balloon
3149,Scribblin #3149,A looping doodle critter from Scribblins. Four bodies. One friendly cartoon. One clock. Minted on Base.,3149.gif,Cream,Pup,Blep,Beanie,Scarf,Heart
3150,Scribblin #3150,A looping doodle critter from Scribblins. Four bodies. One friendly cartoon. One clock. Minted on Base.,3150.gif,Butter,Bear,Wink,Cap,Bowtie,Star
3151,Scribblin #3151,A looping doodle critter from Scribblins. Four bodies. One friendly cartoon. One clock. Minted on Base.,3151.gif,Sky,Bunny,Grin,Cap,Bandana,Pencil
3152,Scribblin #3152,A looping doodle critter from Scribblins. Four bodies. One friendly cartoon. One clock. Minted on Base.,3152.gif,Butter,Frog,Normal,Flower,None,None
3153,Scribblin #3153,A looping doodle critter from Scribblins. Four bodies. One friendly cartoon. One clock. Minted on Base.,3153.gif,Butter,Pup,Blep,Beanie,None,Heart
3154,Scribblin #3154,A looping doodle critter from Scribblins. Four bodies. One friendly cartoon. One clock. Minted on Base.,3154.gif,Cream,Bear,Blep,Cap,None,None
3155,Scribblin #3155,A looping doodle critter from Scribblins. Four bodies. One friendly cartoon. One clock. Minted on Base.,3155.gif,Cream,Bear,Sleepy,None,Scarf,Pencil
3156,Scribblin #3156,A looping doodle critter from Scribblins. Four bodies. One friendly cartoon. One clock. Minted on Base.,3156.gif,Cream,Frog,Heart,None,Scarf,None
3157,Scribblin #3157,A looping doodle critter from Scribblins. Four bodies. One friendly cartoon. One clock. Minted on Base.,3157.gif,Cream,Frog,Sleepy,Beanie,Bowtie,Star
3158,Scribblin #3158,A looping doodle critter from Scribblins. Four bodies. One friendly cartoon. One clock. Minted on Base.,3158.gif,Clay,Pup,Blep,Flower,None,None
3159,Scribblin #3159,A looping doodle critter from Scribblins. Four bodies. One friendly cartoon. One clock. Minted on Base.,3159.gif,Sky,Bunny,Blep,Beanie,None,Star
3160,Scribblin #3160,A looping doodle critter from Scribblins. Four bodies. One friendly cartoon. One clock. Minted on Base.,3160.gif,Sky,Frog,Pout,Beanie,Scarf,Balloon
3161,Scribblin #3161,A looping doodle critter from Scribblins. Four bodies. One friendly cartoon. One clock. Minted on Base.,3161.gif,Clay,Frog,Heart,Headphones,Bandana,Balloon
3162,Scribblin #3162,A looping doodle critter from Scribblins. Four bodies. One friendly cartoon. One clock. Minted on Base.,3162.gif,Cream,Bunny,Normal,None,Bandana,Star
3163,Scribblin #3163,A looping doodle critter from Scribblins. Four bodies. One friendly cartoon. One clock. Minted on Base.,3163.gif,Butter,Bunny,Sleepy,Beanie,None,Heart
3164,Scribblin #3164,A looping doodle critter from Scribblins. Four bodies. One friendly cartoon. One clock. Minted on Base.,3164.gif,Clay,Bunny,Sleepy,Flower,Bowtie,Pencil
3165,Scribblin #3165,A looping doodle critter from Scribblins. Four bodies. One friendly cartoon. One clock. Minted on Base.,3165.gif,Butter,Pup,Pout,Cap,None,Heart
3166,Scribblin #3166,A looping doodle critter from Scribblins. Four bodies. One friendly cartoon. One clock. Minted on Base.,3166.gif,Butter,Bear,Pout,Leaf,None,Star
3167,Scribblin #3167,A looping doodle critter from Scribblins. Four bodies. One friendly cartoon. One clock. Minted on Base.,3167.gif,Clay,Bunny,Blep,Beanie,None,Star
3168,Scribblin #3168,A looping doodle critter from Scribblins. Four bodies. One friendly cartoon. One clock. Minted on Base.,3168.gif,Cream,Bear,Normal,Cap,None,None
3169,Scribblin #3169,A looping doodle critter from Scribblins. Four bodies. One friendly cartoon. One clock. Minted on Base.,3169.gif,Cream,Pup,Normal,Flower,Bandana,Pencil
3170,Scribblin #3170,A looping doodle critter from Scribblins. Four bodies. One friendly cartoon. One clock. Minted on Base.,3170.gif,Clay,Bunny,Normal,Bow,None,Pencil
3171,Scribblin #3171,A looping doodle critter from Scribblins. Four bodies. One friendly cartoon. One clock. Minted on Base.,3171.gif,Butter,Bunny,Wink,None,Bowtie,Star
3172,Scribblin #3172,A looping doodle critter from Scribblins. Four bodies. One friendly cartoon. One clock. Minted on Base.,3172.gif,Butter,Bunny,Normal,Leaf,None,Heart
3173,Scribblin #3173,A looping doodle critter from Scribblins. Four bodies. One friendly cartoon. One clock. Minted on Base.,3173.gif,Cream,Bear,Pout,Leaf,None,Pencil
3174,Scribblin #3174,A looping doodle critter from Scribblins. Four bodies. One friendly cartoon. One clock. Minted on Base.,3174.gif,Sky,Frog,Sleepy,Flower,Bandana,None
3175,Scribblin #3175,A looping doodle critter from Scribblins. Four bodies. One friendly cartoon. One clock. Minted on Base.,3175.gif,Clay,Pup,Pout,Cap,Bowtie,Heart
3176,Scribblin #3176,A looping doodle critter from Scribblins. Four bodies. One friendly cartoon. One clock. Minted on Base.,3176.gif,Butter,Pup,Sparkly,None,Bowtie,None
3177,Scribblin #3177,A looping doodle critter from Scribblins. Four bodies. One friendly cartoon. One clock. Minted on Base.,3177.gif,Sky,Pup,Blep,Beanie,Scarf,None
3178,Scribblin #3178,A looping doodle critter from Scribblins. Four bodies. One friendly cartoon. One clock. Minted on Base.,3178.gif,Sky,Bear,Sleepy,Cap,Scarf,Star
3179,Scribblin #3179,A looping doodle critter from Scribblins. Four bodies. One friendly cartoon. One clock. Minted on Base.,3179.gif,Butter,Bear,Sparkly,Leaf,None,Star
3180,Scribblin #3180,A looping doodle critter from Scribblins. Four bodies. One friendly cartoon. One clock. Minted on Base.,3180.gif,Cream,Bear,Sparkly,Flower,None,Balloon
3181,Scribblin #3181,A looping doodle critter from Scribblins. Four bodies. One friendly cartoon. One clock. Minted on Base.,3181.gif,Butter,Bear,Sleepy,Cap,Bandana,None
3182,Scribblin #3182,A looping doodle critter from Scribblins. Four bodies. One friendly cartoon. One clock. Minted on Base.,3182.gif,Sky,Bunny,Sleepy,Beanie,Scarf,Pencil
3183,Scribblin #3183,A looping doodle critter from Scribblins. Four bodies. One friendly cartoon. One clock. Minted on Base.,3183.gif,Cream,Bear,Sparkly,Beanie,None,Pencil
3184,Scribblin #3184,A looping doodle critter from Scribblins. Four bodies. One friendly cartoon. One clock. Minted on Base.,3184.gif,Cream,Bunny,Blep,Cap,Scarf,None
3185,Scribblin #3185,A looping doodle critter from Scribblins. Four bodies. One friendly cartoon. One clock. Minted on Base.,3185.gif,Cream,Pup,Wink,Leaf,Bowtie,None
3186,Scribblin #3186,A looping doodle critter from Scribblins. Four bodies. One friendly cartoon. One clock. Minted on Base.,3186.gif,Butter,Frog,Wink,Headphones,Scarf,None
3187,Scribblin #3187,A looping doodle critter from Scribblins. Four bodies. One friendly cartoon. One clock. Minted on Base.,3187.gif,Sky,Frog,Sleepy,Beanie,Bowtie,Balloon
3188,Scribblin #3188,A looping doodle critter from Scribblins. Four bodies. One friendly cartoon. One clock. Minted on Base.,3188.gif,Sky,Bear,Grin,Leaf,Bowtie,Pencil
3189,Scribblin #3189,A looping doodle critter from Scribblins. Four bodies. One friendly cartoon. One clock. Minted on Base.,3189.gif,Clay,Bunny,Sleepy,Headphones,Bandana,None
3190,Scribblin #3190,A looping doodle critter from Scribblins. Four bodies. One friendly cartoon. One clock. Minted on Base.,3190.gif,Butter,Bear,Wink,None,None,None
3191,Scribblin #3191,A looping doodle critter from Scribblins. Four bodies. One friendly cartoon. One clock. Minted on Base.,3191.gif,Cream,Bear,Sparkly,Bow,Bandana,Pencil
3192,Scribblin #3192,A looping doodle critter from Scribblins. Four bodies. One friendly cartoon. One clock. Minted on Base.,3192.gif,Clay,Pup,Blep,Bow,Scarf,Balloon
3193,Scribblin #3193,A looping doodle critter from Scribblins. Four bodies. One friendly cartoon. One clock. Minted on Base.,3193.gif,Butter,Pup,Sleepy,Beanie,None,Pencil
3194,Scribblin #3194,A looping doodle critter from Scribblins. Four bodies. One friendly cartoon. One clock. Minted on Base.,3194.gif,Cream,Bear,Sparkly,None,Bandana,Star
3195,Scribblin #3195,A looping doodle critter from Scribblins. Four bodies. One friendly cartoon. One clock. Minted on Base.,3195.gif,Butter,Bear,Grin,None,Scarf,Heart
3196,Scribblin #3196,A looping doodle critter from Scribblins. Four bodies. One friendly cartoon. One clock. Minted on Base.,3196.gif,Clay,Frog,Wink,Leaf,Bandana,Star
3197,Scribblin #3197,A looping doodle critter from Scribblins. Four bodies. One friendly cartoon. One clock. Minted on Base.,3197.gif,Cream,Bunny,Heart,Cap,Scarf,None
3198,Scribblin #3198,A looping doodle critter from Scribblins. Four bodies. One friendly cartoon. One clock. Minted on Base.,3198.gif,Cream,Bear,Grin,Headphones,Bandana,Balloon
3199,Scribblin #3199,A looping doodle critter from Scribblins. Four bodies. One friendly cartoon. One clock. Minted on Base.,3199.gif,Cream,Pup,Pout,Beanie,Bowtie,None
3200,Scribblin #3200,A looping doodle critter from Scribblins. Four bodies. One friendly cartoon. One clock. Minted on Base.,3200.gif,Sky,Bunny,Normal,Headphones,Bandana,Balloon
3201,Scribblin #3201,A looping doodle critter from Scribblins. Four bodies. One friendly cartoon. One clock. Minted on Base.,3201.gif,Cream,Bunny,Sparkly,Beanie,Bandana,None
3202,Scribblin #3202,A looping doodle critter from Scribblins. Four bodies. One friendly cartoon. One clock. Minted on Base.,3202.gif,Cream,Bear,Wink,None,Scarf,Heart
3203,Scribblin #3203,A looping doodle critter from Scribblins. Four bodies. One friendly cartoon. One clock. Minted on Base.,3203.gif,Cream,Pup,Wink,Headphones,None,Pencil
3204,Scribblin #3204,A looping doodle critter from Scribblins. Four bodies. One friendly cartoon. One clock. Minted on Base.,3204.gif,Sky,Bunny,Blep,Headphones,Bandana,Pencil
3205,Scribblin #3205,A looping doodle critter from Scribblins. Four bodies. One friendly cartoon. One clock. Minted on Base.,3205.gif,Clay,Pup,Grin,Headphones,None,Star
3206,Scribblin #3206,A looping doodle critter from Scribblins. Four bodies. One friendly cartoon. One clock. Minted on Base.,3206.gif,Cream,Frog,Pout,Leaf,Bowtie,None
3207,Scribblin #3207,A looping doodle critter from Scribblins. Four bodies. One friendly cartoon. One clock. Minted on Base.,3207.gif,Sky,Pup,Normal,Headphones,None,None
3208,Scribblin #3208,A looping doodle critter from Scribblins. Four bodies. One friendly cartoon. One clock. Minted on Base.,3208.gif,Butter,Pup,Blep,Bow,Bandana,None
3209,Scribblin #3209,A looping doodle critter from Scribblins. Four bodies. One friendly cartoon. One clock. Minted on Base.,3209.gif,Butter,Pup,Sleepy,Bow,Bandana,Heart
3210,Scribblin #3210,A looping doodle critter from Scribblins. Four bodies. One friendly cartoon. One clock. Minted on Base.,3210.gif,Cream,Bunny,Grin,Flower,Scarf,Star
3211,Scribblin #3211,A looping doodle critter from Scribblins. Four bodies. One friendly cartoon. One clock. Minted on Base.,3211.gif,Cream,Frog,Sparkly,Beanie,None,Heart
3212,Scribblin #3212,A looping doodle critter from Scribblins. Four bodies. One friendly cartoon. One clock. Minted on Base.,3212.gif,Butter,Bear,Normal,Bow,Scarf,Balloon
3213,Scribblin #3213,A looping doodle critter from Scribblins. Four bodies. One friendly cartoon. One clock. Minted on Base.,3213.gif,Butter,Frog,Normal,None,Scarf,Star
3214,Scribblin #3214,A looping doodle critter from Scribblins. Four bodies. One friendly cartoon. One clock. Minted on Base.,3214.gif,Cream,Bear,Blep,Headphones,None,Heart
3215,Scribblin #3215,A looping doodle critter from Scribblins. Four bodies. One friendly cartoon. One clock. Minted on Base.,3215.gif,Cream,Pup,Sparkly,Cap,None,Heart
3216,Scribblin #3216,A looping doodle critter from Scribblins. Four bodies. One friendly cartoon. One clock. Minted on Base.,3216.gif,Cream,Bear,Grin,Headphones,None,Balloon
3217,Scribblin #3217,A looping doodle critter from Scribblins. Four bodies. One friendly cartoon. One clock. Minted on Base.,3217.gif,Cream,Pup,Wink,Beanie,None,Pencil
3218,Scribblin #3218,A looping doodle critter from Scribblins. Four bodies. One friendly cartoon. One clock. Minted on Base.,3218.gif,Cream,Bear,Normal,Leaf,None,Heart
3219,Scribblin #3219,A looping doodle critter from Scribblins. Four bodies. One friendly cartoon. One clock. Minted on Base.,3219.gif,Sky,Frog,Grin,Cap,None,None
3220,Scribblin #3220,A looping doodle critter from Scribblins. Four bodies. One friendly cartoon. One clock. Minted on Base.,3220.gif,Cream,Bear,Sleepy,Headphones,Bowtie,Star
3221,Scribblin #3221,A looping doodle critter from Scribblins. Four bodies. One friendly cartoon. One clock. Minted on Base.,3221.gif,Cream,Bunny,Pout,Flower,Bandana,Pencil
3222,Scribblin #3222,A looping doodle critter from Scribblins. Four bodies. One friendly cartoon. One clock. Minted on Base.,3222.gif,Sky,Bear,Normal,Bow,Scarf,None
3223,Scribblin #3223,A looping doodle critter from Scribblins. Four bodies. One friendly cartoon. One clock. Minted on Base.,3223.gif,Butter,Frog,Sleepy,Leaf,None,Balloon
3224,Scribblin #3224,A looping doodle critter from Scribblins. Four bodies. One friendly cartoon. One clock. Minted on Base.,3224.gif,Cream,Pup,Normal,None,Scarf,Pencil
3225,Scribblin #3225,A looping doodle critter from Scribblins. Four bodies. One friendly cartoon. One clock. Minted on Base.,3225.gif,Sky,Bunny,Wink,Beanie,None,Star
3226,Scribblin #3226,A looping doodle critter from Scribblins. Four bodies. One friendly cartoon. One clock. Minted on Base.,3226.gif,Sky,Bunny,Blep,Flower,Scarf,Pencil
3227,Scribblin #3227,A looping doodle critter from Scribblins. Four bodies. One friendly cartoon. One clock. Minted on Base.,3227.gif,Butter,Bunny,Sparkly,Headphones,None,None
3228,Scribblin #3228,A looping doodle critter from Scribblins. Four bodies. One friendly cartoon. One clock. Minted on Base.,3228.gif,Clay,Bear,Sparkly,Leaf,Bowtie,Balloon
3229,Scribblin #3229,A looping doodle critter from Scribblins. Four bodies. One friendly cartoon. One clock. Minted on Base.,3229.gif,Cream,Pup,Blep,Leaf,Scarf,Pencil
3230,Scribblin #3230,A looping doodle critter from Scribblins. Four bodies. One friendly cartoon. One clock. Minted on Base.,3230.gif,Cream,Frog,Normal,Cap,None,Star
3231,Scribblin #3231,A looping doodle critter from Scribblins. Four bodies. One friendly cartoon. One clock. Minted on Base.,3231.gif,Sky,Pup,Blep,Cap,Scarf,Star
3232,Scribblin #3232,A looping doodle critter from Scribblins. Four bodies. One friendly cartoon. One clock. Minted on Base.,3232.gif,Sky,Bear,Grin,Bow,Bandana,None
3233,Scribblin #3233,A looping doodle critter from Scribblins. Four bodies. One friendly cartoon. One clock. Minted on Base.,3233.gif,Cream,Bear,Sparkly,Bow,Bandana,Star
3234,Scribblin #3234,A looping doodle critter from Scribblins. Four bodies. One friendly cartoon. One clock. Minted on Base.,3234.gif,Cream,Pup,Blep,Cap,None,Star
3235,Scribblin #3235,A looping doodle critter from Scribblins. Four bodies. One friendly cartoon. One clock. Minted on Base.,3235.gif,Sky,Bear,Wink,Beanie,None,Heart
3236,Scribblin #3236,A looping doodle critter from Scribblins. Four bodies. One friendly cartoon. One clock. Minted on Base.,3236.gif,Butter,Frog,Wink,None,Bowtie,None
3237,Scribblin #3237,A looping doodle critter from Scribblins. Four bodies. One friendly cartoon. One clock. Minted on Base.,3237.gif,Cream,Frog,Wink,Flower,Bandana,None
3238,Scribblin #3238,A looping doodle critter from Scribblins. Four bodies. One friendly cartoon. One clock. Minted on Base.,3238.gif,Cream,Pup,Normal,Bow,None,Pencil
3239,Scribblin #3239,A looping doodle critter from Scribblins. Four bodies. One friendly cartoon. One clock. Minted on Base.,3239.gif,Sky,Frog,Normal,Headphones,Scarf,None
3240,Scribblin #3240,A looping doodle critter from Scribblins. Four bodies. One friendly cartoon. One clock. Minted on Base.,3240.gif,Butter,Bunny,Grin,None,Scarf,Star
3241,Scribblin #3241,A looping doodle critter from Scribblins. Four bodies. One friendly cartoon. One clock. Minted on Base.,3241.gif,Sky,Bear,Blep,Beanie,Scarf,Heart
3242,Scribblin #3242,A looping doodle critter from Scribblins. Four bodies. One friendly cartoon. One clock. Minted on Base.,3242.gif,Cream,Bear,Sparkly,Flower,Scarf,Pencil
3243,Scribblin #3243,A looping doodle critter from Scribblins. Four bodies. One friendly cartoon. One clock. Minted on Base.,3243.gif,Butter,Bunny,Grin,Bow,Scarf,Star
3244,Scribblin #3244,A looping doodle critter from Scribblins. Four bodies. One friendly cartoon. One clock. Minted on Base.,3244.gif,Cream,Bear,Pout,Bow,None,Heart
3245,Scribblin #3245,A looping doodle critter from Scribblins. Four bodies. One friendly cartoon. One clock. Minted on Base.,3245.gif,Sky,Frog,Normal,Headphones,None,Star
3246,Scribblin #3246,A looping doodle critter from Scribblins. Four bodies. One friendly cartoon. One clock. Minted on Base.,3246.gif,Sky,Bunny,Blep,Headphones,None,Pencil
3247,Scribblin #3247,A looping doodle critter from Scribblins. Four bodies. One friendly cartoon. One clock. Minted on Base.,3247.gif,Cream,Bear,Wink,Beanie,Scarf,Heart
3248,Scribblin #3248,A looping doodle critter from Scribblins. Four bodies. One friendly cartoon. One clock. Minted on Base.,3248.gif,Sky,Frog,Wink,None,Bowtie,Star
3249,Scribblin #3249,A looping doodle critter from Scribblins. Four bodies. One friendly cartoon. One clock. Minted on Base.,3249.gif,Cream,Bunny,Normal,Leaf,None,Star
3250,Scribblin #3250,A looping doodle critter from Scribblins. Four bodies. One friendly cartoon. One clock. Minted on Base.,3250.gif,Cream,Frog,Pout,Headphones,Bowtie,Pencil
3251,Scribblin #3251,A looping doodle critter from Scribblins. Four bodies. One friendly cartoon. One clock. Minted on Base.,3251.gif,Cream,Pup,Sleepy,Bow,Scarf,Star
3252,Scribblin #3252,A looping doodle critter from Scribblins. Four bodies. One friendly cartoon. One clock. Minted on Base.,3252.gif,Sky,Pup,Grin,None,Bowtie,None
3253,Scribblin #3253,A looping doodle critter from Scribblins. Four bodies. One friendly cartoon. One clock. Minted on Base.,3253.gif,Clay,Bunny,Sleepy,Flower,Scarf,Star
3254,Scribblin #3254,A looping doodle critter from Scribblins. Four bodies. One friendly cartoon. One clock. Minted on Base.,3254.gif,Sky,Bear,Normal,Headphones,Scarf,Star
3255,Scribblin #3255,A looping doodle critter from Scribblins. Four bodies. One friendly cartoon. One clock. Minted on Base.,3255.gif,Cream,Pup,Grin,Headphones,Bowtie,None
3256,Scribblin #3256,A looping doodle critter from Scribblins. Four bodies. One friendly cartoon. One clock. Minted on Base.,3256.gif,Sky,Bear,Sparkly,Headphones,None,None
3257,Scribblin #3257,A looping doodle critter from Scribblins. Four bodies. One friendly cartoon. One clock. Minted on Base.,3257.gif,Cream,Bear,Sleepy,None,None,Star
3258,Scribblin #3258,A looping doodle critter from Scribblins. Four bodies. One friendly cartoon. One clock. Minted on Base.,3258.gif,Butter,Bear,Sleepy,Flower,None,Heart
3259,Scribblin #3259,A looping doodle critter from Scribblins. Four bodies. One friendly cartoon. One clock. Minted on Base.,3259.gif,Cream,Bunny,Sparkly,Cap,Bandana,None
3260,Scribblin #3260,A looping doodle critter from Scribblins. Four bodies. One friendly cartoon. One clock. Minted on Base.,3260.gif,Sky,Bunny,Sparkly,Bow,Scarf,None
3261,Scribblin #3261,A looping doodle critter from Scribblins. Four bodies. One friendly cartoon. One clock. Minted on Base.,3261.gif,Sky,Pup,Sparkly,Cap,None,Balloon
3262,Scribblin #3262,A looping doodle critter from Scribblins. Four bodies. One friendly cartoon. One clock. Minted on Base.,3262.gif,Butter,Bear,Blep,Leaf,Bowtie,Star
3263,Scribblin #3263,A looping doodle critter from Scribblins. Four bodies. One friendly cartoon. One clock. Minted on Base.,3263.gif,Sky,Frog,Grin,Beanie,Bowtie,Balloon
3264,Scribblin #3264,A looping doodle critter from Scribblins. Four bodies. One friendly cartoon. One clock. Minted on Base.,3264.gif,Butter,Pup,Blep,Flower,None,Heart
3265,Scribblin #3265,A looping doodle critter from Scribblins. Four bodies. One friendly cartoon. One clock. Minted on Base.,3265.gif,Butter,Pup,Grin,Flower,None,None
3266,Scribblin #3266,A looping doodle critter from Scribblins. Four bodies. One friendly cartoon. One clock. Minted on Base.,3266.gif,Sky,Pup,Pout,Bow,Scarf,None
3267,Scribblin #3267,A looping doodle critter from Scribblins. Four bodies. One friendly cartoon. One clock. Minted on Base.,3267.gif,Sky,Bear,Normal,Cap,Bowtie,Balloon
3268,Scribblin #3268,A looping doodle critter from Scribblins. Four bodies. One friendly cartoon. One clock. Minted on Base.,3268.gif,Cream,Bear,Heart,Beanie,None,Pencil
3269,Scribblin #3269,A looping doodle critter from Scribblins. Four bodies. One friendly cartoon. One clock. Minted on Base.,3269.gif,Sky,Pup,Normal,Bow,Bowtie,None
3270,Scribblin #3270,A looping doodle critter from Scribblins. Four bodies. One friendly cartoon. One clock. Minted on Base.,3270.gif,Sky,Pup,Blep,Beanie,None,Pencil
3271,Scribblin #3271,A looping doodle critter from Scribblins. Four bodies. One friendly cartoon. One clock. Minted on Base.,3271.gif,Butter,Bear,Normal,Beanie,Scarf,Balloon
3272,Scribblin #3272,A looping doodle critter from Scribblins. Four bodies. One friendly cartoon. One clock. Minted on Base.,3272.gif,Cream,Pup,Grin,Leaf,Bandana,None
3273,Scribblin #3273,A looping doodle critter from Scribblins. Four bodies. One friendly cartoon. One clock. Minted on Base.,3273.gif,Clay,Bunny,Grin,Beanie,Bandana,Pencil
3274,Scribblin #3274,A looping doodle critter from Scribblins. Four bodies. One friendly cartoon. One clock. Minted on Base.,3274.gif,Cream,Bear,Blep,Headphones,None,Pencil
3275,Scribblin #3275,A looping doodle critter from Scribblins. Four bodies. One friendly cartoon. One clock. Minted on Base.,3275.gif,Cream,Bear,Sparkly,Beanie,Bowtie,Star
3276,Scribblin #3276,A looping doodle critter from Scribblins. Four bodies. One friendly cartoon. One clock. Minted on Base.,3276.gif,Butter,Bear,Wink,Headphones,Bowtie,Star
3277,Scribblin #3277,A looping doodle critter from Scribblins. Four bodies. One friendly cartoon. One clock. Minted on Base.,3277.gif,Clay,Frog,Sparkly,Cap,Scarf,Heart
3278,Scribblin #3278,A looping doodle critter from Scribblins. Four bodies. One friendly cartoon. One clock. Minted on Base.,3278.gif,Cream,Bunny,Heart,Headphones,Scarf,None
3279,Scribblin #3279,A looping doodle critter from Scribblins. Four bodies. One friendly cartoon. One clock. Minted on Base.,3279.gif,Butter,Bear,Wink,None,Scarf,None
3280,Scribblin #3280,A looping doodle critter from Scribblins. Four bodies. One friendly cartoon. One clock. Minted on Base.,3280.gif,Clay,Bear,Blep,Flower,None,Balloon
3281,Scribblin #3281,A looping doodle critter from Scribblins. Four bodies. One friendly cartoon. One clock. Minted on Base.,3281.gif,Cream,Bear,Blep,Leaf,Scarf,Star
3282,Scribblin #3282,A looping doodle critter from Scribblins. Four bodies. One friendly cartoon. One clock. Minted on Base.,3282.gif,Butter,Bunny,Pout,Bow,Bandana,None
3283,Scribblin #3283,A looping doodle critter from Scribblins. Four bodies. One friendly cartoon. One clock. Minted on Base.,3283.gif,Cream,Frog,Blep,Bow,Bandana,Heart
3284,Scribblin #3284,A looping doodle critter from Scribblins. Four bodies. One friendly cartoon. One clock. Minted on Base.,3284.gif,Cream,Pup,Grin,Headphones,Bowtie,Heart
3285,Scribblin #3285,A looping doodle critter from Scribblins. Four bodies. One friendly cartoon. One clock. Minted on Base.,3285.gif,Clay,Frog,Normal,Flower,None,Pencil
3286,Scribblin #3286,A looping doodle critter from Scribblins. Four bodies. One friendly cartoon. One clock. Minted on Base.,3286.gif,Clay,Bunny,Blep,Flower,None,None
3287,Scribblin #3287,A looping doodle critter from Scribblins. Four bodies. One friendly cartoon. One clock. Minted on Base.,3287.gif,Sky,Bear,Wink,Beanie,Scarf,Star
3288,Scribblin #3288,A looping doodle critter from Scribblins. Four bodies. One friendly cartoon. One clock. Minted on Base.,3288.gif,Sky,Bear,Pout,Cap,Scarf,Star
3289,Scribblin #3289,A looping doodle critter from Scribblins. Four bodies. One friendly cartoon. One clock. Minted on Base.,3289.gif,Cream,Bunny,Wink,Cap,None,Heart
3290,Scribblin #3290,A looping doodle critter from Scribblins. Four bodies. One friendly cartoon. One clock. Minted on Base.,3290.gif,Butter,Frog,Wink,None,Scarf,Balloon
3291,Scribblin #3291,A looping doodle critter from Scribblins. Four bodies. One friendly cartoon. One clock. Minted on Base.,3291.gif,Sky,Bear,Normal,Bow,Bandana,Pencil
3292,Scribblin #3292,A looping doodle critter from Scribblins. Four bodies. One friendly cartoon. One clock. Minted on Base.,3292.gif,Cream,Bunny,Normal,Cap,Bowtie,Heart
3293,Scribblin #3293,A looping doodle critter from Scribblins. Four bodies. One friendly cartoon. One clock. Minted on Base.,3293.gif,Clay,Bunny,Wink,Headphones,Bowtie,Star
3294,Scribblin #3294,A looping doodle critter from Scribblins. Four bodies. One friendly cartoon. One clock. Minted on Base.,3294.gif,Clay,Bear,Blep,Leaf,Bandana,None
3295,Scribblin #3295,A looping doodle critter from Scribblins. Four bodies. One friendly cartoon. One clock. Minted on Base.,3295.gif,Sky,Bunny,Grin,Bow,None,Star
3296,Scribblin #3296,A looping doodle critter from Scribblins. Four bodies. One friendly cartoon. One clock. Minted on Base.,3296.gif,Clay,Bunny,Heart,Headphones,Scarf,Star
3297,Scribblin #3297,A looping doodle critter from Scribblins. Four bodies. One friendly cartoon. One clock. Minted on Base.,3297.gif,Sky,Bunny,Grin,Cap,Bowtie,Pencil
3298,Scribblin #3298,A looping doodle critter from Scribblins. Four bodies. One friendly cartoon. One clock. Minted on Base.,3298.gif,Sky,Pup,Blep,Flower,Bandana,Pencil
3299,Scribblin #3299,A looping doodle critter from Scribblins. Four bodies. One friendly cartoon. One clock. Minted on Base.,3299.gif,Cream,Pup,Sleepy,Beanie,None,Pencil
3300,Scribblin #3300,A looping doodle critter from Scribblins. Four bodies. One friendly cartoon. One clock. Minted on Base.,3300.gif,Clay,Bear,Normal,None,None,Star
3301,Scribblin #3301,A looping doodle critter from Scribblins. Four bodies. One friendly cartoon. One clock. Minted on Base.,3301.gif,Sky,Pup,Pout,None,Scarf,Balloon
3302,Scribblin #3302,A looping doodle critter from Scribblins. Four bodies. One friendly cartoon. One clock. Minted on Base.,3302.gif,Butter,Bunny,Normal,None,Bandana,None
3303,Scribblin #3303,A looping doodle critter from Scribblins. Four bodies. One friendly cartoon. One clock. Minted on Base.,3303.gif,Clay,Pup,Grin,Cap,None,Pencil
3304,Scribblin #3304,A looping doodle critter from Scribblins. Four bodies. One friendly cartoon. One clock. Minted on Base.,3304.gif,Clay,Frog,Sparkly,Leaf,Bandana,Pencil
3305,Scribblin #3305,A looping doodle critter from Scribblins. Four bodies. One friendly cartoon. One clock. Minted on Base.,3305.gif,Butter,Bear,Normal,Headphones,Scarf,Star
3306,Scribblin #3306,A looping doodle critter from Scribblins. Four bodies. One friendly cartoon. One clock. Minted on Base.,3306.gif,Clay,Pup,Normal,Bow,Bowtie,Pencil
3307,Scribblin #3307,A looping doodle critter from Scribblins. Four bodies. One friendly cartoon. One clock. Minted on Base.,3307.gif,Cream,Pup,Sleepy,Flower,None,None
3308,Scribblin #3308,A looping doodle critter from Scribblins. Four bodies. One friendly cartoon. One clock. Minted on Base.,3308.gif,Sky,Bear,Normal,Headphones,Bandana,None
3309,Scribblin #3309,A looping doodle critter from Scribblins. Four bodies. One friendly cartoon. One clock. Minted on Base.,3309.gif,Cream,Pup,Sleepy,Flower,Scarf,None
3310,Scribblin #3310,A looping doodle critter from Scribblins. Four bodies. One friendly cartoon. One clock. Minted on Base.,3310.gif,Sky,Bear,Normal,Leaf,Scarf,Star
3311,Scribblin #3311,A looping doodle critter from Scribblins. Four bodies. One friendly cartoon. One clock. Minted on Base.,3311.gif,Butter,Bear,Sleepy,Headphones,None,Heart
3312,Scribblin #3312,A looping doodle critter from Scribblins. Four bodies. One friendly cartoon. One clock. Minted on Base.,3312.gif,Sky,Bear,Sparkly,Beanie,Scarf,Pencil
3313,Scribblin #3313,A looping doodle critter from Scribblins. Four bodies. One friendly cartoon. One clock. Minted on Base.,3313.gif,Sky,Frog,Wink,Flower,Scarf,None
3314,Scribblin #3314,A looping doodle critter from Scribblins. Four bodies. One friendly cartoon. One clock. Minted on Base.,3314.gif,Sky,Bunny,Sparkly,Flower,Bowtie,Balloon
3315,Scribblin #3315,A looping doodle critter from Scribblins. Four bodies. One friendly cartoon. One clock. Minted on Base.,3315.gif,Butter,Bear,Grin,Beanie,None,Balloon
3316,Scribblin #3316,A looping doodle critter from Scribblins. Four bodies. One friendly cartoon. One clock. Minted on Base.,3316.gif,Clay,Bunny,Blep,Cap,Bandana,Heart
3317,Scribblin #3317,A looping doodle critter from Scribblins. Four bodies. One friendly cartoon. One clock. Minted on Base.,3317.gif,Sky,Pup,Pout,Headphones,None,Heart
3318,Scribblin #3318,A looping doodle critter from Scribblins. Four bodies. One friendly cartoon. One clock. Minted on Base.,3318.gif,Sky,Pup,Wink,Flower,None,None
3319,Scribblin #3319,A looping doodle critter from Scribblins. Four bodies. One friendly cartoon. One clock. Minted on Base.,3319.gif,Clay,Pup,Pout,Beanie,Bowtie,Star
3320,Scribblin #3320,A looping doodle critter from Scribblins. Four bodies. One friendly cartoon. One clock. Minted on Base.,3320.gif,Sky,Bunny,Wink,None,Scarf,Star
3321,Scribblin #3321,A looping doodle critter from Scribblins. Four bodies. One friendly cartoon. One clock. Minted on Base.,3321.gif,Butter,Bear,Sparkly,Flower,Bandana,Pencil
3322,Scribblin #3322,A looping doodle critter from Scribblins. Four bodies. One friendly cartoon. One clock. Minted on Base.,3322.gif,Sky,Bunny,Pout,Beanie,Bandana,Heart
3323,Scribblin #3323,A looping doodle critter from Scribblins. Four bodies. One friendly cartoon. One clock. Minted on Base.,3323.gif,Clay,Pup,Sparkly,Headphones,Scarf,None
3324,Scribblin #3324,A looping doodle critter from Scribblins. Four bodies. One friendly cartoon. One clock. Minted on Base.,3324.gif,Butter,Bunny,Wink,Flower,Bowtie,Pencil
3325,Scribblin #3325,A looping doodle critter from Scribblins. Four bodies. One friendly cartoon. One clock. Minted on Base.,3325.gif,Sky,Bear,Blep,Leaf,None,None
3326,Scribblin #3326,A looping doodle critter from Scribblins. Four bodies. One friendly cartoon. One clock. Minted on Base.,3326.gif,Cream,Bunny,Sleepy,Flower,None,Heart
3327,Scribblin #3327,A looping doodle critter from Scribblins. Four bodies. One friendly cartoon. One clock. Minted on Base.,3327.gif,Butter,Bear,Wink,None,Scarf,Star
3328,Scribblin #3328,A looping doodle critter from Scribblins. Four bodies. One friendly cartoon. One clock. Minted on Base.,3328.gif,Sky,Frog,Normal,Headphones,Bandana,Pencil
3329,Scribblin #3329,A looping doodle critter from Scribblins. Four bodies. One friendly cartoon. One clock. Minted on Base.,3329.gif,Clay,Pup,Sparkly,None,Bandana,Pencil
3330,Scribblin #3330,A looping doodle critter from Scribblins. Four bodies. One friendly cartoon. One clock. Minted on Base.,3330.gif,Sky,Bear,Sparkly,Cap,None,Balloon
3331,Scribblin #3331,A looping doodle critter from Scribblins. Four bodies. One friendly cartoon. One clock. Minted on Base.,3331.gif,Cream,Pup,Heart,Beanie,Scarf,Star
3332,Scribblin #3332,A looping doodle critter from Scribblins. Four bodies. One friendly cartoon. One clock. Minted on Base.,3332.gif,Cream,Bunny,Pout,Beanie,Bowtie,Star
3333,Scribblin #3333,A looping doodle critter from Scribblins. Four bodies. One friendly cartoon. One clock. Minted on Base.,3333.gif,Cream,Bear,Sparkly,Headphones,Bowtie,Star
3334,Scribblin #3334,A looping doodle critter from Scribblins. Four bodies. One friendly cartoon. One clock. Minted on Base.,3334.gif,Cream,Bear,Grin,Cap,None,None
3335,Scribblin #3335,A looping doodle critter from Scribblins. Four bodies. One friendly cartoon. One clock. Minted on Base.,3335.gif,Cream,Bunny,Blep,Leaf,Bandana,Pencil
3336,Scribblin #3336,A looping doodle critter from Scribblins. Four bodies. One friendly cartoon. One clock. Minted on Base.,3336.gif,Cream,Bear,Sparkly,Flower,Scarf,None
3337,Scribblin #3337,A looping doodle critter from Scribblins. Four bodies. One friendly cartoon. One clock. Minted on Base.,3337.gif,Clay,Bear,Normal,None,Bowtie,None
3338,Scribblin #3338,A looping doodle critter from Scribblins. Four bodies. One friendly cartoon. One clock. Minted on Base.,3338.gif,Butter,Bunny,Grin,Bow,None,Heart
3339,Scribblin #3339,A looping doodle critter from Scribblins. Four bodies. One friendly cartoon. One clock. Minted on Base.,3339.gif,Clay,Frog,Wink,None,None,None
3340,Scribblin #3340,A looping doodle critter from Scribblins. Four bodies. One friendly cartoon. One clock. Minted on Base.,3340.gif,Butter,Bear,Blep,Headphones,None,Star
3341,Scribblin #3341,A looping doodle critter from Scribblins. Four bodies. One friendly cartoon. One clock. Minted on Base.,3341.gif,Cream,Bunny,Sparkly,Headphones,Scarf,Star
3342,Scribblin #3342,A looping doodle critter from Scribblins. Four bodies. One friendly cartoon. One clock. Minted on Base.,3342.gif,Cream,Bear,Blep,None,Scarf,Heart
3343,Scribblin #3343,A looping doodle critter from Scribblins. Four bodies. One friendly cartoon. One clock. Minted on Base.,3343.gif,Sky,Bear,Normal,Flower,None,Pencil
3344,Scribblin #3344,A looping doodle critter from Scribblins. Four bodies. One friendly cartoon. One clock. Minted on Base.,3344.gif,Sky,Bear,Pout,Headphones,Scarf,Pencil
3345,Scribblin #3345,A looping doodle critter from Scribblins. Four bodies. One friendly cartoon. One clock. Minted on Base.,3345.gif,Cream,Pup,Blep,Cap,Bandana,Heart
3346,Scribblin #3346,A looping doodle critter from Scribblins. Four bodies. One friendly cartoon. One clock. Minted on Base.,3346.gif,Sky,Pup,Sleepy,None,None,Heart
3347,Scribblin #3347,A looping doodle critter from Scribblins. Four bodies. One friendly cartoon. One clock. Minted on Base.,3347.gif,Sky,Pup,Normal,None,None,Star
3348,Scribblin #3348,A looping doodle critter from Scribblins. Four bodies. One friendly cartoon. One clock. Minted on Base.,3348.gif,Clay,Bunny,Grin,Bow,Bandana,Balloon
3349,Scribblin #3349,A looping doodle critter from Scribblins. Four bodies. One friendly cartoon. One clock. Minted on Base.,3349.gif,Butter,Bear,Wink,Beanie,Scarf,Heart
3350,Scribblin #3350,A looping doodle critter from Scribblins. Four bodies. One friendly cartoon. One clock. Minted on Base.,3350.gif,Butter,Frog,Normal,None,Bowtie,Balloon
3351,Scribblin #3351,A looping doodle critter from Scribblins. Four bodies. One friendly cartoon. One clock. Minted on Base.,3351.gif,Sky,Frog,Heart,Cap,None,None
3352,Scribblin #3352,A looping doodle critter from Scribblins. Four bodies. One friendly cartoon. One clock. Minted on Base.,3352.gif,Butter,Frog,Wink,Beanie,Scarf,Heart
3353,Scribblin #3353,A looping doodle critter from Scribblins. Four bodies. One friendly cartoon. One clock. Minted on Base.,3353.gif,Butter,Bear,Sleepy,Cap,Bandana,Star
3354,Scribblin #3354,A looping doodle critter from Scribblins. Four bodies. One friendly cartoon. One clock. Minted on Base.,3354.gif,Clay,Bear,Blep,None,Bandana,Star
3355,Scribblin #3355,A looping doodle critter from Scribblins. Four bodies. One friendly cartoon. One clock. Minted on Base.,3355.gif,Cream,Bear,Normal,Headphones,Bowtie,Star
3356,Scribblin #3356,A looping doodle critter from Scribblins. Four bodies. One friendly cartoon. One clock. Minted on Base.,3356.gif,Cream,Pup,Pout,Leaf,Scarf,None
3357,Scribblin #3357,A looping doodle critter from Scribblins. Four bodies. One friendly cartoon. One clock. Minted on Base.,3357.gif,Sky,Bear,Sleepy,Flower,Scarf,Heart
3358,Scribblin #3358,A looping doodle critter from Scribblins. Four bodies. One friendly cartoon. One clock. Minted on Base.,3358.gif,Cream,Bear,Wink,Flower,Scarf,None
3359,Scribblin #3359,A looping doodle critter from Scribblins. Four bodies. One friendly cartoon. One clock. Minted on Base.,3359.gif,Clay,Bear,Normal,Bow,Scarf,Pencil
3360,Scribblin #3360,A looping doodle critter from Scribblins. Four bodies. One friendly cartoon. One clock. Minted on Base.,3360.gif,Butter,Pup,Sleepy,Beanie,None,None
3361,Scribblin #3361,A looping doodle critter from Scribblins. Four bodies. One friendly cartoon. One clock. Minted on Base.,3361.gif,Sky,Pup,Normal,Flower,None,None
3362,Scribblin #3362,A looping doodle critter from Scribblins. Four bodies. One friendly cartoon. One clock. Minted on Base.,3362.gif,Clay,Bear,Sleepy,None,Scarf,Balloon
3363,Scribblin #3363,A looping doodle critter from Scribblins. Four bodies. One friendly cartoon. One clock. Minted on Base.,3363.gif,Cream,Pup,Pout,Leaf,Scarf,Balloon
3364,Scribblin #3364,A looping doodle critter from Scribblins. Four bodies. One friendly cartoon. One clock. Minted on Base.,3364.gif,Cream,Bunny,Heart,Leaf,Bowtie,None
3365,Scribblin #3365,A looping doodle critter from Scribblins. Four bodies. One friendly cartoon. One clock. Minted on Base.,3365.gif,Clay,Bunny,Sleepy,Flower,Bandana,Star
3366,Scribblin #3366,A looping doodle critter from Scribblins. Four bodies. One friendly cartoon. One clock. Minted on Base.,3366.gif,Clay,Frog,Sparkly,Headphones,None,Star
3367,Scribblin #3367,A looping doodle critter from Scribblins. Four bodies. One friendly cartoon. One clock. Minted on Base.,3367.gif,Clay,Bunny,Sleepy,Headphones,None,Balloon
3368,Scribblin #3368,A looping doodle critter from Scribblins. Four bodies. One friendly cartoon. One clock. Minted on Base.,3368.gif,Clay,Bunny,Sleepy,None,None,Heart
3369,Scribblin #3369,A looping doodle critter from Scribblins. Four bodies. One friendly cartoon. One clock. Minted on Base.,3369.gif,Butter,Pup,Normal,None,Scarf,Pencil
3370,Scribblin #3370,A looping doodle critter from Scribblins. Four bodies. One friendly cartoon. One clock. Minted on Base.,3370.gif,Sky,Bear,Grin,Flower,None,Pencil
3371,Scribblin #3371,A looping doodle critter from Scribblins. Four bodies. One friendly cartoon. One clock. Minted on Base.,3371.gif,Cream,Bear,Grin,Cap,None,Heart
3372,Scribblin #3372,A looping doodle critter from Scribblins. Four bodies. One friendly cartoon. One clock. Minted on Base.,3372.gif,Clay,Bear,Grin,None,None,Star
3373,Scribblin #3373,A looping doodle critter from Scribblins. Four bodies. One friendly cartoon. One clock. Minted on Base.,3373.gif,Sky,Pup,Pout,Headphones,None,Star
3374,Scribblin #3374,A looping doodle critter from Scribblins. Four bodies. One friendly cartoon. One clock. Minted on Base.,3374.gif,Cream,Bear,Grin,Bow,None,None
3375,Scribblin #3375,A looping doodle critter from Scribblins. Four bodies. One friendly cartoon. One clock. Minted on Base.,3375.gif,Sky,Frog,Blep,Flower,Bowtie,None
3376,Scribblin #3376,A looping doodle critter from Scribblins. Four bodies. One friendly cartoon. One clock. Minted on Base.,3376.gif,Clay,Bunny,Grin,Headphones,Scarf,Star
3377,Scribblin #3377,A looping doodle critter from Scribblins. Four bodies. One friendly cartoon. One clock. Minted on Base.,3377.gif,Cream,Bunny,Sparkly,Headphones,None,Pencil
3378,Scribblin #3378,A looping doodle critter from Scribblins. Four bodies. One friendly cartoon. One clock. Minted on Base.,3378.gif,Sky,Pup,Pout,Beanie,Scarf,Pencil
3379,Scribblin #3379,A looping doodle critter from Scribblins. Four bodies. One friendly cartoon. One clock. Minted on Base.,3379.gif,Clay,Bunny,Sparkly,Beanie,Bowtie,None
3380,Scribblin #3380,A looping doodle critter from Scribblins. Four bodies. One friendly cartoon. One clock. Minted on Base.,3380.gif,Butter,Pup,Pout,None,None,Balloon
3381,Scribblin #3381,A looping doodle critter from Scribblins. Four bodies. One friendly cartoon. One clock. Minted on Base.,3381.gif,Butter,Frog,Sparkly,Flower,Bandana,None
3382,Scribblin #3382,A looping doodle critter from Scribblins. Four bodies. One friendly cartoon. One clock. Minted on Base.,3382.gif,Clay,Frog,Wink,None,Bowtie,Heart
3383,Scribblin #3383,A looping doodle critter from Scribblins. Four bodies. One friendly cartoon. One clock. Minted on Base.,3383.gif,Cream,Bear,Sparkly,Beanie,Bandana,Pencil
3384,Scribblin #3384,A looping doodle critter from Scribblins. Four bodies. One friendly cartoon. One clock. Minted on Base.,3384.gif,Cream,Bear,Wink,Leaf,Bandana,Heart
3385,Scribblin #3385,A looping doodle critter from Scribblins. Four bodies. One friendly cartoon. One clock. Minted on Base.,3385.gif,Cream,Bunny,Wink,None,Bandana,Heart
3386,Scribblin #3386,A looping doodle critter from Scribblins. Four bodies. One friendly cartoon. One clock. Minted on Base.,3386.gif,Sky,Frog,Normal,Beanie,None,Star
3387,Scribblin #3387,A looping doodle critter from Scribblins. Four bodies. One friendly cartoon. One clock. Minted on Base.,3387.gif,Cream,Bunny,Grin,None,None,Heart
3388,Scribblin #3388,A looping doodle critter from Scribblins. Four bodies. One friendly cartoon. One clock. Minted on Base.,3388.gif,Clay,Bunny,Heart,Leaf,Bandana,None
3389,Scribblin #3389,A looping doodle critter from Scribblins. Four bodies. One friendly cartoon. One clock. Minted on Base.,3389.gif,Butter,Bear,Grin,Headphones,Bowtie,None
3390,Scribblin #3390,A looping doodle critter from Scribblins. Four bodies. One friendly cartoon. One clock. Minted on Base.,3390.gif,Clay,Frog,Heart,Headphones,Scarf,None
3391,Scribblin #3391,A looping doodle critter from Scribblins. Four bodies. One friendly cartoon. One clock. Minted on Base.,3391.gif,Cream,Frog,Sparkly,Cap,Bowtie,Star
3392,Scribblin #3392,A looping doodle critter from Scribblins. Four bodies. One friendly cartoon. One clock. Minted on Base.,3392.gif,Sky,Bunny,Heart,Flower,Bowtie,Pencil
3393,Scribblin #3393,A looping doodle critter from Scribblins. Four bodies. One friendly cartoon. One clock. Minted on Base.,3393.gif,Butter,Bear,Grin,None,None,None
3394,Scribblin #3394,A looping doodle critter from Scribblins. Four bodies. One friendly cartoon. One clock. Minted on Base.,3394.gif,Clay,Pup,Normal,Headphones,None,Star
3395,Scribblin #3395,A looping doodle critter from Scribblins. Four bodies. One friendly cartoon. One clock. Minted on Base.,3395.gif,Clay,Bunny,Sparkly,Flower,None,Pencil
3396,Scribblin #3396,A looping doodle critter from Scribblins. Four bodies. One friendly cartoon. One clock. Minted on Base.,3396.gif,Butter,Bear,Blep,Bow,Bowtie,Heart
3397,Scribblin #3397,A looping doodle critter from Scribblins. Four bodies. One friendly cartoon. One clock. Minted on Base.,3397.gif,Sky,Bunny,Pout,Beanie,Bowtie,Pencil
3398,Scribblin #3398,A looping doodle critter from Scribblins. Four bodies. One friendly cartoon. One clock. Minted on Base.,3398.gif,Clay,Bunny,Heart,None,None,Star
3399,Scribblin #3399,A looping doodle critter from Scribblins. Four bodies. One friendly cartoon. One clock. Minted on Base.,3399.gif,Cream,Pup,Sleepy,None,Scarf,None
3400,Scribblin #3400,A looping doodle critter from Scribblins. Four bodies. One friendly cartoon. One clock. Minted on Base.,3400.gif,Cream,Bunny,Blep,Headphones,Bandana,None
3401,Scribblin #3401,A looping doodle critter from Scribblins. Four bodies. One friendly cartoon. One clock. Minted on Base.,3401.gif,Sky,Bear,Sleepy,Leaf,Scarf,None
3402,Scribblin #3402,A looping doodle critter from Scribblins. Four bodies. One friendly cartoon. One clock. Minted on Base.,3402.gif,Sky,Bear,Heart,Beanie,None,Pencil
3403,Scribblin #3403,A looping doodle critter from Scribblins. Four bodies. One friendly cartoon. One clock. Minted on Base.,3403.gif,Butter,Bunny,Sleepy,Leaf,None,Star
3404,Scribblin #3404,A looping doodle critter from Scribblins. Four bodies. One friendly cartoon. One clock. Minted on Base.,3404.gif,Cream,Bunny,Wink,Leaf,Scarf,None
3405,Scribblin #3405,A looping doodle critter from Scribblins. Four bodies. One friendly cartoon. One clock. Minted on Base.,3405.gif,Clay,Bunny,Sparkly,None,Scarf,Heart
3406,Scribblin #3406,A looping doodle critter from Scribblins. Four bodies. One friendly cartoon. One clock. Minted on Base.,3406.gif,Clay,Bear,Sparkly,Headphones,Bowtie,Pencil
3407,Scribblin #3407,A looping doodle critter from Scribblins. Four bodies. One friendly cartoon. One clock. Minted on Base.,3407.gif,Butter,Pup,Normal,Flower,None,Pencil
3408,Scribblin #3408,A looping doodle critter from Scribblins. Four bodies. One friendly cartoon. One clock. Minted on Base.,3408.gif,Cream,Bunny,Sleepy,None,Bandana,Heart
3409,Scribblin #3409,A looping doodle critter from Scribblins. Four bodies. One friendly cartoon. One clock. Minted on Base.,3409.gif,Cream,Bear,Sleepy,Cap,Scarf,Heart
3410,Scribblin #3410,A looping doodle critter from Scribblins. Four bodies. One friendly cartoon. One clock. Minted on Base.,3410.gif,Cream,Bunny,Grin,Flower,None,Heart
3411,Scribblin #3411,A looping doodle critter from Scribblins. Four bodies. One friendly cartoon. One clock. Minted on Base.,3411.gif,Butter,Bear,Grin,Beanie,Scarf,Star
3412,Scribblin #3412,A looping doodle critter from Scribblins. Four bodies. One friendly cartoon. One clock. Minted on Base.,3412.gif,Sky,Pup,Sleepy,Cap,Scarf,Heart
3413,Scribblin #3413,A looping doodle critter from Scribblins. Four bodies. One friendly cartoon. One clock. Minted on Base.,3413.gif,Sky,Frog,Wink,None,None,Balloon
3414,Scribblin #3414,A looping doodle critter from Scribblins. Four bodies. One friendly cartoon. One clock. Minted on Base.,3414.gif,Cream,Frog,Grin,Leaf,Bandana,None
3415,Scribblin #3415,A looping doodle critter from Scribblins. Four bodies. One friendly cartoon. One clock. Minted on Base.,3415.gif,Butter,Bear,Wink,None,None,Star
3416,Scribblin #3416,A looping doodle critter from Scribblins. Four bodies. One friendly cartoon. One clock. Minted on Base.,3416.gif,Cream,Pup,Blep,Beanie,None,Star
3417,Scribblin #3417,A looping doodle critter from Scribblins. Four bodies. One friendly cartoon. One clock. Minted on Base.,3417.gif,Sky,Bear,Blep,Flower,Scarf,Heart
3418,Scribblin #3418,A looping doodle critter from Scribblins. Four bodies. One friendly cartoon. One clock. Minted on Base.,3418.gif,Butter,Bear,Pout,Leaf,Scarf,Pencil
3419,Scribblin #3419,A looping doodle critter from Scribblins. Four bodies. One friendly cartoon. One clock. Minted on Base.,3419.gif,Cream,Bunny,Heart,Cap,None,Balloon
3420,Scribblin #3420,A looping doodle critter from Scribblins. Four bodies. One friendly cartoon. One clock. Minted on Base.,3420.gif,Cream,Pup,Sparkly,Cap,Scarf,None
3421,Scribblin #3421,A looping doodle critter from Scribblins. Four bodies. One friendly cartoon. One clock. Minted on Base.,3421.gif,Cream,Bunny,Normal,Beanie,Scarf,Pencil
3422,Scribblin #3422,A looping doodle critter from Scribblins. Four bodies. One friendly cartoon. One clock. Minted on Base.,3422.gif,Cream,Bear,Heart,None,Bandana,Heart
3423,Scribblin #3423,A looping doodle critter from Scribblins. Four bodies. One friendly cartoon. One clock. Minted on Base.,3423.gif,Sky,Bunny,Sleepy,Flower,Bandana,Balloon
3424,Scribblin #3424,A looping doodle critter from Scribblins. Four bodies. One friendly cartoon. One clock. Minted on Base.,3424.gif,Butter,Bunny,Wink,Headphones,None,Heart
3425,Scribblin #3425,A looping doodle critter from Scribblins. Four bodies. One friendly cartoon. One clock. Minted on Base.,3425.gif,Cream,Frog,Sparkly,Cap,None,Pencil
3426,Scribblin #3426,A looping doodle critter from Scribblins. Four bodies. One friendly cartoon. One clock. Minted on Base.,3426.gif,Clay,Bunny,Wink,Flower,Scarf,None
3427,Scribblin #3427,A looping doodle critter from Scribblins. Four bodies. One friendly cartoon. One clock. Minted on Base.,3427.gif,Sky,Frog,Grin,Cap,None,Balloon
3428,Scribblin #3428,A looping doodle critter from Scribblins. Four bodies. One friendly cartoon. One clock. Minted on Base.,3428.gif,Clay,Bear,Grin,Flower,Bandana,Balloon
3429,Scribblin #3429,A looping doodle critter from Scribblins. Four bodies. One friendly cartoon. One clock. Minted on Base.,3429.gif,Butter,Bear,Pout,Beanie,Bandana,None
3430,Scribblin #3430,A looping doodle critter from Scribblins. Four bodies. One friendly cartoon. One clock. Minted on Base.,3430.gif,Clay,Bear,Grin,Bow,Bandana,Pencil
3431,Scribblin #3431,A looping doodle critter from Scribblins. Four bodies. One friendly cartoon. One clock. Minted on Base.,3431.gif,Clay,Frog,Blep,Bow,Bowtie,None
3432,Scribblin #3432,A looping doodle critter from Scribblins. Four bodies. One friendly cartoon. One clock. Minted on Base.,3432.gif,Cream,Pup,Normal,Cap,None,None
3433,Scribblin #3433,A looping doodle critter from Scribblins. Four bodies. One friendly cartoon. One clock. Minted on Base.,3433.gif,Butter,Bunny,Grin,Beanie,Scarf,Pencil
3434,Scribblin #3434,A looping doodle critter from Scribblins. Four bodies. One friendly cartoon. One clock. Minted on Base.,3434.gif,Cream,Frog,Wink,Cap,Scarf,None
3435,Scribblin #3435,A looping doodle critter from Scribblins. Four bodies. One friendly cartoon. One clock. Minted on Base.,3435.gif,Clay,Bunny,Grin,Flower,None,None
3436,Scribblin #3436,A looping doodle critter from Scribblins. Four bodies. One friendly cartoon. One clock. Minted on Base.,3436.gif,Butter,Frog,Pout,Cap,None,Heart
3437,Scribblin #3437,A looping doodle critter from Scribblins. Four bodies. One friendly cartoon. One clock. Minted on Base.,3437.gif,Cream,Bear,Normal,None,Scarf,None
3438,Scribblin #3438,A looping doodle critter from Scribblins. Four bodies. One friendly cartoon. One clock. Minted on Base.,3438.gif,Clay,Bunny,Pout,Flower,Bandana,Heart
3439,Scribblin #3439,A looping doodle critter from Scribblins. Four bodies. One friendly cartoon. One clock. Minted on Base.,3439.gif,Cream,Bear,Wink,Headphones,None,Pencil
3440,Scribblin #3440,A looping doodle critter from Scribblins. Four bodies. One friendly cartoon. One clock. Minted on Base.,3440.gif,Butter,Frog,Blep,None,Scarf,Heart
3441,Scribblin #3441,A looping doodle critter from Scribblins. Four bodies. One friendly cartoon. One clock. Minted on Base.,3441.gif,Cream,Bear,Pout,Bow,None,None
3442,Scribblin #3442,A looping doodle critter from Scribblins. Four bodies. One friendly cartoon. One clock. Minted on Base.,3442.gif,Clay,Bear,Normal,Beanie,None,None
3443,Scribblin #3443,A looping doodle critter from Scribblins. Four bodies. One friendly cartoon. One clock. Minted on Base.,3443.gif,Clay,Pup,Blep,None,Bandana,Heart
3444,Scribblin #3444,A looping doodle critter from Scribblins. Four bodies. One friendly cartoon. One clock. Minted on Base.,3444.gif,Cream,Pup,Heart,Bow,Bowtie,Heart
3445,Scribblin #3445,A looping doodle critter from Scribblins. Four bodies. One friendly cartoon. One clock. Minted on Base.,3445.gif,Cream,Bear,Sparkly,Leaf,Bandana,Balloon
3446,Scribblin #3446,A looping doodle critter from Scribblins. Four bodies. One friendly cartoon. One clock. Minted on Base.,3446.gif,Butter,Pup,Grin,Flower,Scarf,None
3447,Scribblin #3447,A looping doodle critter from Scribblins. Four bodies. One friendly cartoon. One clock. Minted on Base.,3447.gif,Butter,Pup,Pout,None,Bowtie,Balloon
3448,Scribblin #3448,A looping doodle critter from Scribblins. Four bodies. One friendly cartoon. One clock. Minted on Base.,3448.gif,Cream,Bunny,Pout,Beanie,Scarf,Heart
3449,Scribblin #3449,A looping doodle critter from Scribblins. Four bodies. One friendly cartoon. One clock. Minted on Base.,3449.gif,Butter,Bunny,Sleepy,Beanie,Scarf,Balloon
3450,Scribblin #3450,A looping doodle critter from Scribblins. Four bodies. One friendly cartoon. One clock. Minted on Base.,3450.gif,Butter,Frog,Wink,None,None,Balloon
3451,Scribblin #3451,A looping doodle critter from Scribblins. Four bodies. One friendly cartoon. One clock. Minted on Base.,3451.gif,Cream,Bunny,Sleepy,Bow,Bowtie,Pencil
3452,Scribblin #3452,A looping doodle critter from Scribblins. Four bodies. One friendly cartoon. One clock. Minted on Base.,3452.gif,Cream,Bunny,Grin,None,None,Star
3453,Scribblin #3453,A looping doodle critter from Scribblins. Four bodies. One friendly cartoon. One clock. Minted on Base.,3453.gif,Sky,Bunny,Pout,Bow,Bandana,None
3454,Scribblin #3454,A looping doodle critter from Scribblins. Four bodies. One friendly cartoon. One clock. Minted on Base.,3454.gif,Cream,Frog,Sparkly,None,Bandana,Pencil
3455,Scribblin #3455,A looping doodle critter from Scribblins. Four bodies. One friendly cartoon. One clock. Minted on Base.,3455.gif,Clay,Pup,Wink,Beanie,Bowtie,Star
3456,Scribblin #3456,A looping doodle critter from Scribblins. Four bodies. One friendly cartoon. One clock. Minted on Base.,3456.gif,Clay,Bunny,Sparkly,Leaf,Bandana,Heart
3457,Scribblin #3457,A looping doodle critter from Scribblins. Four bodies. One friendly cartoon. One clock. Minted on Base.,3457.gif,Sky,Bunny,Pout,Bow,Scarf,None
3458,Scribblin #3458,A looping doodle critter from Scribblins. Four bodies. One friendly cartoon. One clock. Minted on Base.,3458.gif,Butter,Bear,Sleepy,Headphones,None,Pencil
3459,Scribblin #3459,A looping doodle critter from Scribblins. Four bodies. One friendly cartoon. One clock. Minted on Base.,3459.gif,Sky,Frog,Grin,None,Scarf,None
3460,Scribblin #3460,A looping doodle critter from Scribblins. Four bodies. One friendly cartoon. One clock. Minted on Base.,3460.gif,Cream,Bunny,Pout,Bow,Bandana,None
3461,Scribblin #3461,A looping doodle critter from Scribblins. Four bodies. One friendly cartoon. One clock. Minted on Base.,3461.gif,Cream,Bear,Sleepy,Leaf,Bandana,Star
3462,Scribblin #3462,A looping doodle critter from Scribblins. Four bodies. One friendly cartoon. One clock. Minted on Base.,3462.gif,Clay,Bear,Normal,Cap,Scarf,None
3463,Scribblin #3463,A looping doodle critter from Scribblins. Four bodies. One friendly cartoon. One clock. Minted on Base.,3463.gif,Clay,Bunny,Sleepy,Bow,None,Star
3464,Scribblin #3464,A looping doodle critter from Scribblins. Four bodies. One friendly cartoon. One clock. Minted on Base.,3464.gif,Sky,Bunny,Grin,Bow,Bandana,Balloon
3465,Scribblin #3465,A looping doodle critter from Scribblins. Four bodies. One friendly cartoon. One clock. Minted on Base.,3465.gif,Butter,Bunny,Normal,Bow,None,Star
3466,Scribblin #3466,A looping doodle critter from Scribblins. Four bodies. One friendly cartoon. One clock. Minted on Base.,3466.gif,Sky,Bunny,Grin,Headphones,Scarf,None
3467,Scribblin #3467,A looping doodle critter from Scribblins. Four bodies. One friendly cartoon. One clock. Minted on Base.,3467.gif,Sky,Bear,Pout,Cap,Bandana,Star
3468,Scribblin #3468,A looping doodle critter from Scribblins. Four bodies. One friendly cartoon. One clock. Minted on Base.,3468.gif,Butter,Bear,Grin,None,Bowtie,None
3469,Scribblin #3469,A looping doodle critter from Scribblins. Four bodies. One friendly cartoon. One clock. Minted on Base.,3469.gif,Clay,Bunny,Blep,None,Bowtie,Heart
3470,Scribblin #3470,A looping doodle critter from Scribblins. Four bodies. One friendly cartoon. One clock. Minted on Base.,3470.gif,Clay,Bear,Normal,None,Scarf,Balloon
3471,Scribblin #3471,A looping doodle critter from Scribblins. Four bodies. One friendly cartoon. One clock. Minted on Base.,3471.gif,Cream,Bunny,Normal,Bow,None,Pencil
3472,Scribblin #3472,A looping doodle critter from Scribblins. Four bodies. One friendly cartoon. One clock. Minted on Base.,3472.gif,Butter,Bunny,Normal,Leaf,None,None
3473,Scribblin #3473,A looping doodle critter from Scribblins. Four bodies. One friendly cartoon. One clock. Minted on Base.,3473.gif,Cream,Bear,Grin,Flower,Bandana,Star
3474,Scribblin #3474,A looping doodle critter from Scribblins. Four bodies. One friendly cartoon. One clock. Minted on Base.,3474.gif,Cream,Bear,Blep,Bow,None,Star
3475,Scribblin #3475,A looping doodle critter from Scribblins. Four bodies. One friendly cartoon. One clock. Minted on Base.,3475.gif,Sky,Bunny,Pout,Beanie,None,Star
3476,Scribblin #3476,A looping doodle critter from Scribblins. Four bodies. One friendly cartoon. One clock. Minted on Base.,3476.gif,Clay,Pup,Sleepy,None,None,Heart
3477,Scribblin #3477,A looping doodle critter from Scribblins. Four bodies. One friendly cartoon. One clock. Minted on Base.,3477.gif,Butter,Bear,Normal,Cap,Bowtie,None
3478,Scribblin #3478,A looping doodle critter from Scribblins. Four bodies. One friendly cartoon. One clock. Minted on Base.,3478.gif,Sky,Bunny,Blep,Flower,None,None
3479,Scribblin #3479,A looping doodle critter from Scribblins. Four bodies. One friendly cartoon. One clock. Minted on Base.,3479.gif,Sky,Pup,Grin,Leaf,None,Star
3480,Scribblin #3480,A looping doodle critter from Scribblins. Four bodies. One friendly cartoon. One clock. Minted on Base.,3480.gif,Butter,Bunny,Grin,Cap,Bowtie,Star
3481,Scribblin #3481,A looping doodle critter from Scribblins. Four bodies. One friendly cartoon. One clock. Minted on Base.,3481.gif,Clay,Bear,Sleepy,Headphones,Bowtie,None
3482,Scribblin #3482,A looping doodle critter from Scribblins. Four bodies. One friendly cartoon. One clock. Minted on Base.,3482.gif,Sky,Frog,Wink,None,None,Heart
3483,Scribblin #3483,A looping doodle critter from Scribblins. Four bodies. One friendly cartoon. One clock. Minted on Base.,3483.gif,Sky,Bunny,Sparkly,Leaf,None,Star
3484,Scribblin #3484,A looping doodle critter from Scribblins. Four bodies. One friendly cartoon. One clock. Minted on Base.,3484.gif,Sky,Frog,Sparkly,Cap,None,None
3485,Scribblin #3485,A looping doodle critter from Scribblins. Four bodies. One friendly cartoon. One clock. Minted on Base.,3485.gif,Clay,Frog,Sparkly,None,Bowtie,None
3486,Scribblin #3486,A looping doodle critter from Scribblins. Four bodies. One friendly cartoon. One clock. Minted on Base.,3486.gif,Sky,Bear,Normal,Leaf,Scarf,Balloon
3487,Scribblin #3487,A looping doodle critter from Scribblins. Four bodies. One friendly cartoon. One clock. Minted on Base.,3487.gif,Butter,Bunny,Sparkly,None,Bandana,Star
3488,Scribblin #3488,A looping doodle critter from Scribblins. Four bodies. One friendly cartoon. One clock. Minted on Base.,3488.gif,Clay,Bear,Normal,Bow,None,None
3489,Scribblin #3489,A looping doodle critter from Scribblins. Four bodies. One friendly cartoon. One clock. Minted on Base.,3489.gif,Butter,Pup,Pout,Flower,Scarf,Balloon
3490,Scribblin #3490,A looping doodle critter from Scribblins. Four bodies. One friendly cartoon. One clock. Minted on Base.,3490.gif,Sky,Pup,Blep,Flower,Bandana,None
3491,Scribblin #3491,A looping doodle critter from Scribblins. Four bodies. One friendly cartoon. One clock. Minted on Base.,3491.gif,Cream,Bunny,Normal,None,Scarf,Heart
3492,Scribblin #3492,A looping doodle critter from Scribblins. Four bodies. One friendly cartoon. One clock. Minted on Base.,3492.gif,Clay,Bunny,Grin,Beanie,Bowtie,Heart
3493,Scribblin #3493,A looping doodle critter from Scribblins. Four bodies. One friendly cartoon. One clock. Minted on Base.,3493.gif,Clay,Bear,Pout,None,Scarf,Heart
3494,Scribblin #3494,A looping doodle critter from Scribblins. Four bodies. One friendly cartoon. One clock. Minted on Base.,3494.gif,Sky,Bear,Pout,Cap,Bandana,Pencil
3495,Scribblin #3495,A looping doodle critter from Scribblins. Four bodies. One friendly cartoon. One clock. Minted on Base.,3495.gif,Butter,Frog,Heart,None,None,None
3496,Scribblin #3496,A looping doodle critter from Scribblins. Four bodies. One friendly cartoon. One clock. Minted on Base.,3496.gif,Cream,Frog,Normal,Beanie,None,Star
3497,Scribblin #3497,A looping doodle critter from Scribblins. Four bodies. One friendly cartoon. One clock. Minted on Base.,3497.gif,Butter,Frog,Pout,Leaf,None,Star
3498,Scribblin #3498,A looping doodle critter from Scribblins. Four bodies. One friendly cartoon. One clock. Minted on Base.,3498.gif,Sky,Bunny,Wink,Cap,Scarf,Pencil
3499,Scribblin #3499,A looping doodle critter from Scribblins. Four bodies. One friendly cartoon. One clock. Minted on Base.,3499.gif,Sky,Bunny,Grin,Headphones,Bandana,Star
3500,Scribblin #3500,A looping doodle critter from Scribblins. Four bodies. One friendly cartoon. One clock. Minted on Base.,3500.gif,Clay,Bear,Sparkly,None,Bandana,None
3501,Scribblin #3501,A looping doodle critter from Scribblins. Four bodies. One friendly cartoon. One clock. Minted on Base.,3501.gif,Cream,Bear,Grin,None,Bandana,Pencil
3502,Scribblin #3502,A looping doodle critter from Scribblins. Four bodies. One friendly cartoon. One clock. Minted on Base.,3502.gif,Clay,Bear,Sleepy,Cap,Scarf,Heart
3503,Scribblin #3503,A looping doodle critter from Scribblins. Four bodies. One friendly cartoon. One clock. Minted on Base.,3503.gif,Butter,Bunny,Sleepy,Bow,None,Balloon
3504,Scribblin #3504,A looping doodle critter from Scribblins. Four bodies. One friendly cartoon. One clock. Minted on Base.,3504.gif,Butter,Bunny,Heart,None,None,Star
3505,Scribblin #3505,A looping doodle critter from Scribblins. Four bodies. One friendly cartoon. One clock. Minted on Base.,3505.gif,Butter,Frog,Grin,Cap,Bandana,None
3506,Scribblin #3506,A looping doodle critter from Scribblins. Four bodies. One friendly cartoon. One clock. Minted on Base.,3506.gif,Cream,Bear,Normal,None,Scarf,Heart
3507,Scribblin #3507,A looping doodle critter from Scribblins. Four bodies. One friendly cartoon. One clock. Minted on Base.,3507.gif,Sky,Pup,Wink,Headphones,None,Pencil
3508,Scribblin #3508,A looping doodle critter from Scribblins. Four bodies. One friendly cartoon. One clock. Minted on Base.,3508.gif,Butter,Bear,Sparkly,None,None,Star
3509,Scribblin #3509,A looping doodle critter from Scribblins. Four bodies. One friendly cartoon. One clock. Minted on Base.,3509.gif,Cream,Bunny,Wink,Cap,Bandana,Star
3510,Scribblin #3510,A looping doodle critter from Scribblins. Four bodies. One friendly cartoon. One clock. Minted on Base.,3510.gif,Clay,Frog,Normal,Beanie,None,None
3511,Scribblin #3511,A looping doodle critter from Scribblins. Four bodies. One friendly cartoon. One clock. Minted on Base.,3511.gif,Butter,Bunny,Normal,Flower,None,Star
3512,Scribblin #3512,A looping doodle critter from Scribblins. Four bodies. One friendly cartoon. One clock. Minted on Base.,3512.gif,Cream,Pup,Pout,Beanie,None,Pencil
3513,Scribblin #3513,A looping doodle critter from Scribblins. Four bodies. One friendly cartoon. One clock. Minted on Base.,3513.gif,Butter,Bunny,Grin,Beanie,Bandana,None
3514,Scribblin #3514,A looping doodle critter from Scribblins. Four bodies. One friendly cartoon. One clock. Minted on Base.,3514.gif,Sky,Bear,Heart,None,Scarf,None
3515,Scribblin #3515,A looping doodle critter from Scribblins. Four bodies. One friendly cartoon. One clock. Minted on Base.,3515.gif,Sky,Bunny,Wink,Beanie,Scarf,None
3516,Scribblin #3516,A looping doodle critter from Scribblins. Four bodies. One friendly cartoon. One clock. Minted on Base.,3516.gif,Butter,Bunny,Normal,Flower,Scarf,Pencil
3517,Scribblin #3517,A looping doodle critter from Scribblins. Four bodies. One friendly cartoon. One clock. Minted on Base.,3517.gif,Cream,Bear,Normal,Leaf,None,None
3518,Scribblin #3518,A looping doodle critter from Scribblins. Four bodies. One friendly cartoon. One clock. Minted on Base.,3518.gif,Cream,Frog,Pout,Headphones,None,Star
3519,Scribblin #3519,A looping doodle critter from Scribblins. Four bodies. One friendly cartoon. One clock. Minted on Base.,3519.gif,Butter,Bear,Blep,None,Scarf,None
3520,Scribblin #3520,A looping doodle critter from Scribblins. Four bodies. One friendly cartoon. One clock. Minted on Base.,3520.gif,Clay,Bunny,Blep,Headphones,None,Balloon
3521,Scribblin #3521,A looping doodle critter from Scribblins. Four bodies. One friendly cartoon. One clock. Minted on Base.,3521.gif,Sky,Bear,Normal,Bow,Scarf,Pencil
3522,Scribblin #3522,A looping doodle critter from Scribblins. Four bodies. One friendly cartoon. One clock. Minted on Base.,3522.gif,Cream,Pup,Grin,Headphones,Scarf,Balloon
3523,Scribblin #3523,A looping doodle critter from Scribblins. Four bodies. One friendly cartoon. One clock. Minted on Base.,3523.gif,Clay,Bunny,Normal,None,None,Balloon
3524,Scribblin #3524,A looping doodle critter from Scribblins. Four bodies. One friendly cartoon. One clock. Minted on Base.,3524.gif,Sky,Frog,Sleepy,Bow,None,Pencil
3525,Scribblin #3525,A looping doodle critter from Scribblins. Four bodies. One friendly cartoon. One clock. Minted on Base.,3525.gif,Clay,Bear,Normal,Cap,None,Heart
3526,Scribblin #3526,A looping doodle critter from Scribblins. Four bodies. One friendly cartoon. One clock. Minted on Base.,3526.gif,Butter,Bunny,Blep,Leaf,None,Star
3527,Scribblin #3527,A looping doodle critter from Scribblins. Four bodies. One friendly cartoon. One clock. Minted on Base.,3527.gif,Butter,Pup,Normal,Headphones,None,None
3528,Scribblin #3528,A looping doodle critter from Scribblins. Four bodies. One friendly cartoon. One clock. Minted on Base.,3528.gif,Clay,Frog,Normal,None,Scarf,Pencil
3529,Scribblin #3529,A looping doodle critter from Scribblins. Four bodies. One friendly cartoon. One clock. Minted on Base.,3529.gif,Sky,Pup,Blep,Bow,None,Star
3530,Scribblin #3530,A looping doodle critter from Scribblins. Four bodies. One friendly cartoon. One clock. Minted on Base.,3530.gif,Sky,Pup,Sparkly,Beanie,None,Pencil
3531,Scribblin #3531,A looping doodle critter from Scribblins. Four bodies. One friendly cartoon. One clock. Minted on Base.,3531.gif,Butter,Bunny,Pout,Bow,Scarf,Star
3532,Scribblin #3532,A looping doodle critter from Scribblins. Four bodies. One friendly cartoon. One clock. Minted on Base.,3532.gif,Cream,Pup,Normal,Cap,Bowtie,None
3533,Scribblin #3533,A looping doodle critter from Scribblins. Four bodies. One friendly cartoon. One clock. Minted on Base.,3533.gif,Clay,Frog,Sparkly,Beanie,Bowtie,None
3534,Scribblin #3534,A looping doodle critter from Scribblins. Four bodies. One friendly cartoon. One clock. Minted on Base.,3534.gif,Sky,Bear,Sparkly,Leaf,Bowtie,Star
3535,Scribblin #3535,A looping doodle critter from Scribblins. Four bodies. One friendly cartoon. One clock. Minted on Base.,3535.gif,Cream,Frog,Normal,Beanie,None,Heart
3536,Scribblin #3536,A looping doodle critter from Scribblins. Four bodies. One friendly cartoon. One clock. Minted on Base.,3536.gif,Butter,Frog,Wink,None,Bowtie,Heart
3537,Scribblin #3537,A looping doodle critter from Scribblins. Four bodies. One friendly cartoon. One clock. Minted on Base.,3537.gif,Butter,Bear,Grin,Beanie,Scarf,Pencil
3538,Scribblin #3538,A looping doodle critter from Scribblins. Four bodies. One friendly cartoon. One clock. Minted on Base.,3538.gif,Clay,Bunny,Wink,Bow,Scarf,None
3539,Scribblin #3539,A looping doodle critter from Scribblins. Four bodies. One friendly cartoon. One clock. Minted on Base.,3539.gif,Sky,Frog,Sleepy,Headphones,Bowtie,Star
3540,Scribblin #3540,A looping doodle critter from Scribblins. Four bodies. One friendly cartoon. One clock. Minted on Base.,3540.gif,Butter,Bear,Normal,Bow,Bowtie,None
3541,Scribblin #3541,A looping doodle critter from Scribblins. Four bodies. One friendly cartoon. One clock. Minted on Base.,3541.gif,Sky,Bunny,Normal,Leaf,Bowtie,Pencil
3542,Scribblin #3542,A looping doodle critter from Scribblins. Four bodies. One friendly cartoon. One clock. Minted on Base.,3542.gif,Cream,Bear,Blep,Bow,Bandana,Star
3543,Scribblin #3543,A looping doodle critter from Scribblins. Four bodies. One friendly cartoon. One clock. Minted on Base.,3543.gif,Cream,Pup,Wink,Beanie,Bandana,None
3544,Scribblin #3544,A looping doodle critter from Scribblins. Four bodies. One friendly cartoon. One clock. Minted on Base.,3544.gif,Sky,Bear,Sparkly,Bow,None,None
3545,Scribblin #3545,A looping doodle critter from Scribblins. Four bodies. One friendly cartoon. One clock. Minted on Base.,3545.gif,Butter,Bear,Pout,Headphones,Bandana,None
3546,Scribblin #3546,A looping doodle critter from Scribblins. Four bodies. One friendly cartoon. One clock. Minted on Base.,3546.gif,Butter,Bear,Grin,Cap,Scarf,None
3547,Scribblin #3547,A looping doodle critter from Scribblins. Four bodies. One friendly cartoon. One clock. Minted on Base.,3547.gif,Sky,Bear,Grin,Leaf,Scarf,None
3548,Scribblin #3548,A looping doodle critter from Scribblins. Four bodies. One friendly cartoon. One clock. Minted on Base.,3548.gif,Clay,Pup,Heart,Bow,None,None
3549,Scribblin #3549,A looping doodle critter from Scribblins. Four bodies. One friendly cartoon. One clock. Minted on Base.,3549.gif,Sky,Bunny,Wink,None,Scarf,None
3550,Scribblin #3550,A looping doodle critter from Scribblins. Four bodies. One friendly cartoon. One clock. Minted on Base.,3550.gif,Clay,Bear,Wink,Beanie,Bandana,Heart
3551,Scribblin #3551,A looping doodle critter from Scribblins. Four bodies. One friendly cartoon. One clock. Minted on Base.,3551.gif,Cream,Bunny,Heart,None,Scarf,None
3552,Scribblin #3552,A looping doodle critter from Scribblins. Four bodies. One friendly cartoon. One clock. Minted on Base.,3552.gif,Cream,Pup,Blep,Beanie,Scarf,None
3553,Scribblin #3553,A looping doodle critter from Scribblins. Four bodies. One friendly cartoon. One clock. Minted on Base.,3553.gif,Sky,Bunny,Blep,Bow,None,Balloon
3554,Scribblin #3554,A looping doodle critter from Scribblins. Four bodies. One friendly cartoon. One clock. Minted on Base.,3554.gif,Cream,Bunny,Sleepy,Leaf,Bandana,Pencil
3555,Scribblin #3555,A looping doodle critter from Scribblins. Four bodies. One friendly cartoon. One clock. Minted on Base.,3555.gif,Cream,Bear,Grin,Flower,Scarf,Pencil
3556,Scribblin #3556,A looping doodle critter from Scribblins. Four bodies. One friendly cartoon. One clock. Minted on Base.,3556.gif,Cream,Bunny,Sleepy,Flower,Scarf,Balloon
3557,Scribblin #3557,A looping doodle critter from Scribblins. Four bodies. One friendly cartoon. One clock. Minted on Base.,3557.gif,Clay,Pup,Pout,Cap,Scarf,Pencil
3558,Scribblin #3558,A looping doodle critter from Scribblins. Four bodies. One friendly cartoon. One clock. Minted on Base.,3558.gif,Cream,Bunny,Pout,Cap,None,Star
3559,Scribblin #3559,A looping doodle critter from Scribblins. Four bodies. One friendly cartoon. One clock. Minted on Base.,3559.gif,Sky,Frog,Sleepy,Cap,Bowtie,Heart
3560,Scribblin #3560,A looping doodle critter from Scribblins. Four bodies. One friendly cartoon. One clock. Minted on Base.,3560.gif,Cream,Bear,Blep,None,Bowtie,Pencil
3561,Scribblin #3561,A looping doodle critter from Scribblins. Four bodies. One friendly cartoon. One clock. Minted on Base.,3561.gif,Sky,Bunny,Normal,Beanie,Scarf,None
3562,Scribblin #3562,A looping doodle critter from Scribblins. Four bodies. One friendly cartoon. One clock. Minted on Base.,3562.gif,Clay,Bunny,Sparkly,Bow,None,Pencil
3563,Scribblin #3563,A looping doodle critter from Scribblins. Four bodies. One friendly cartoon. One clock. Minted on Base.,3563.gif,Sky,Frog,Grin,Bow,None,Balloon
3564,Scribblin #3564,A looping doodle critter from Scribblins. Four bodies. One friendly cartoon. One clock. Minted on Base.,3564.gif,Butter,Bear,Normal,None,Bowtie,Star
3565,Scribblin #3565,A looping doodle critter from Scribblins. Four bodies. One friendly cartoon. One clock. Minted on Base.,3565.gif,Clay,Pup,Pout,Leaf,Bandana,Star
3566,Scribblin #3566,A looping doodle critter from Scribblins. Four bodies. One friendly cartoon. One clock. Minted on Base.,3566.gif,Butter,Bear,Sleepy,Bow,None,None
3567,Scribblin #3567,A looping doodle critter from Scribblins. Four bodies. One friendly cartoon. One clock. Minted on Base.,3567.gif,Sky,Pup,Grin,Beanie,Bandana,Star
3568,Scribblin #3568,A looping doodle critter from Scribblins. Four bodies. One friendly cartoon. One clock. Minted on Base.,3568.gif,Cream,Bear,Pout,Flower,None,Heart
3569,Scribblin #3569,A looping doodle critter from Scribblins. Four bodies. One friendly cartoon. One clock. Minted on Base.,3569.gif,Clay,Frog,Normal,None,Bandana,None
3570,Scribblin #3570,A looping doodle critter from Scribblins. Four bodies. One friendly cartoon. One clock. Minted on Base.,3570.gif,Clay,Bear,Wink,Bow,Bandana,Heart
3571,Scribblin #3571,A looping doodle critter from Scribblins. Four bodies. One friendly cartoon. One clock. Minted on Base.,3571.gif,Clay,Pup,Blep,None,Scarf,Pencil
3572,Scribblin #3572,A looping doodle critter from Scribblins. Four bodies. One friendly cartoon. One clock. Minted on Base.,3572.gif,Butter,Bunny,Wink,Beanie,Scarf,Pencil
3573,Scribblin #3573,A looping doodle critter from Scribblins. Four bodies. One friendly cartoon. One clock. Minted on Base.,3573.gif,Cream,Bunny,Normal,Cap,None,Pencil
3574,Scribblin #3574,A looping doodle critter from Scribblins. Four bodies. One friendly cartoon. One clock. Minted on Base.,3574.gif,Sky,Frog,Normal,None,Bowtie,None
3575,Scribblin #3575,A looping doodle critter from Scribblins. Four bodies. One friendly cartoon. One clock. Minted on Base.,3575.gif,Cream,Bear,Blep,Beanie,Scarf,Pencil
3576,Scribblin #3576,A looping doodle critter from Scribblins. Four bodies. One friendly cartoon. One clock. Minted on Base.,3576.gif,Clay,Pup,Sparkly,Leaf,None,Heart
3577,Scribblin #3577,A looping doodle critter from Scribblins. Four bodies. One friendly cartoon. One clock. Minted on Base.,3577.gif,Sky,Bear,Sleepy,Leaf,Bowtie,None
3578,Scribblin #3578,A looping doodle critter from Scribblins. Four bodies. One friendly cartoon. One clock. Minted on Base.,3578.gif,Butter,Frog,Heart,Cap,None,None
3579,Scribblin #3579,A looping doodle critter from Scribblins. Four bodies. One friendly cartoon. One clock. Minted on Base.,3579.gif,Butter,Frog,Sleepy,None,Bowtie,Pencil
3580,Scribblin #3580,A looping doodle critter from Scribblins. Four bodies. One friendly cartoon. One clock. Minted on Base.,3580.gif,Sky,Pup,Wink,Cap,None,Heart
3581,Scribblin #3581,A looping doodle critter from Scribblins. Four bodies. One friendly cartoon. One clock. Minted on Base.,3581.gif,Clay,Bunny,Pout,Beanie,Scarf,None
3582,Scribblin #3582,A looping doodle critter from Scribblins. Four bodies. One friendly cartoon. One clock. Minted on Base.,3582.gif,Cream,Bear,Wink,None,None,Balloon
3583,Scribblin #3583,A looping doodle critter from Scribblins. Four bodies. One friendly cartoon. One clock. Minted on Base.,3583.gif,Butter,Bear,Sparkly,Beanie,None,None
3584,Scribblin #3584,A looping doodle critter from Scribblins. Four bodies. One friendly cartoon. One clock. Minted on Base.,3584.gif,Butter,Pup,Pout,Beanie,Bandana,Heart
3585,Scribblin #3585,A looping doodle critter from Scribblins. Four bodies. One friendly cartoon. One clock. Minted on Base.,3585.gif,Cream,Bunny,Grin,Bow,Bowtie,None
3586,Scribblin #3586,A looping doodle critter from Scribblins. Four bodies. One friendly cartoon. One clock. Minted on Base.,3586.gif,Sky,Bunny,Blep,Bow,Bandana,None
3587,Scribblin #3587,A looping doodle critter from Scribblins. Four bodies. One friendly cartoon. One clock. Minted on Base.,3587.gif,Sky,Frog,Heart,Cap,Scarf,None
3588,Scribblin #3588,A looping doodle critter from Scribblins. Four bodies. One friendly cartoon. One clock. Minted on Base.,3588.gif,Cream,Pup,Sleepy,Headphones,Bowtie,Pencil
3589,Scribblin #3589,A looping doodle critter from Scribblins. Four bodies. One friendly cartoon. One clock. Minted on Base.,3589.gif,Cream,Pup,Wink,Leaf,None,None
3590,Scribblin #3590,A looping doodle critter from Scribblins. Four bodies. One friendly cartoon. One clock. Minted on Base.,3590.gif,Butter,Frog,Sleepy,None,None,None
3591,Scribblin #3591,A looping doodle critter from Scribblins. Four bodies. One friendly cartoon. One clock. Minted on Base.,3591.gif,Cream,Bunny,Wink,None,Bandana,Pencil
3592,Scribblin #3592,A looping doodle critter from Scribblins. Four bodies. One friendly cartoon. One clock. Minted on Base.,3592.gif,Clay,Pup,Sparkly,Headphones,None,Pencil
3593,Scribblin #3593,A looping doodle critter from Scribblins. Four bodies. One friendly cartoon. One clock. Minted on Base.,3593.gif,Cream,Frog,Grin,Cap,Bandana,Heart
3594,Scribblin #3594,A looping doodle critter from Scribblins. Four bodies. One friendly cartoon. One clock. Minted on Base.,3594.gif,Butter,Bunny,Grin,Beanie,Scarf,Star
3595,Scribblin #3595,A looping doodle critter from Scribblins. Four bodies. One friendly cartoon. One clock. Minted on Base.,3595.gif,Clay,Bunny,Normal,Beanie,Scarf,None
3596,Scribblin #3596,A looping doodle critter from Scribblins. Four bodies. One friendly cartoon. One clock. Minted on Base.,3596.gif,Butter,Bear,Sleepy,Leaf,None,Pencil
3597,Scribblin #3597,A looping doodle critter from Scribblins. Four bodies. One friendly cartoon. One clock. Minted on Base.,3597.gif,Cream,Bunny,Heart,None,Bowtie,Balloon
3598,Scribblin #3598,A looping doodle critter from Scribblins. Four bodies. One friendly cartoon. One clock. Minted on Base.,3598.gif,Cream,Bear,Pout,Bow,Scarf,None
3599,Scribblin #3599,A looping doodle critter from Scribblins. Four bodies. One friendly cartoon. One clock. Minted on Base.,3599.gif,Clay,Pup,Normal,None,Bowtie,Balloon
3600,Scribblin #3600,A looping doodle critter from Scribblins. Four bodies. One friendly cartoon. One clock. Minted on Base.,3600.gif,Butter,Frog,Grin,Bow,Bowtie,Pencil
3601,Scribblin #3601,A looping doodle critter from Scribblins. Four bodies. One friendly cartoon. One clock. Minted on Base.,3601.gif,Cream,Bear,Sparkly,Beanie,None,Balloon
3602,Scribblin #3602,A looping doodle critter from Scribblins. Four bodies. One friendly cartoon. One clock. Minted on Base.,3602.gif,Sky,Frog,Wink,Beanie,None,Star
3603,Scribblin #3603,A looping doodle critter from Scribblins. Four bodies. One friendly cartoon. One clock. Minted on Base.,3603.gif,Cream,Bunny,Pout,Headphones,None,None
3604,Scribblin #3604,A looping doodle critter from Scribblins. Four bodies. One friendly cartoon. One clock. Minted on Base.,3604.gif,Cream,Bunny,Wink,Headphones,Scarf,Heart
3605,Scribblin #3605,A looping doodle critter from Scribblins. Four bodies. One friendly cartoon. One clock. Minted on Base.,3605.gif,Sky,Pup,Sparkly,Headphones,None,Balloon
3606,Scribblin #3606,A looping doodle critter from Scribblins. Four bodies. One friendly cartoon. One clock. Minted on Base.,3606.gif,Clay,Pup,Normal,Flower,Scarf,Pencil
3607,Scribblin #3607,A looping doodle critter from Scribblins. Four bodies. One friendly cartoon. One clock. Minted on Base.,3607.gif,Butter,Pup,Sparkly,Flower,None,Balloon
3608,Scribblin #3608,A looping doodle critter from Scribblins. Four bodies. One friendly cartoon. One clock. Minted on Base.,3608.gif,Clay,Bunny,Normal,Headphones,Bowtie,None
3609,Scribblin #3609,A looping doodle critter from Scribblins. Four bodies. One friendly cartoon. One clock. Minted on Base.,3609.gif,Butter,Bunny,Wink,None,Scarf,Pencil
3610,Scribblin #3610,A looping doodle critter from Scribblins. Four bodies. One friendly cartoon. One clock. Minted on Base.,3610.gif,Cream,Frog,Blep,None,None,Balloon
3611,Scribblin #3611,A looping doodle critter from Scribblins. Four bodies. One friendly cartoon. One clock. Minted on Base.,3611.gif,Butter,Bunny,Grin,Leaf,Scarf,None
3612,Scribblin #3612,A looping doodle critter from Scribblins. Four bodies. One friendly cartoon. One clock. Minted on Base.,3612.gif,Cream,Pup,Normal,Leaf,Bandana,None
3613,Scribblin #3613,A looping doodle critter from Scribblins. Four bodies. One friendly cartoon. One clock. Minted on Base.,3613.gif,Clay,Frog,Wink,Cap,Bandana,Balloon
3614,Scribblin #3614,A looping doodle critter from Scribblins. Four bodies. One friendly cartoon. One clock. Minted on Base.,3614.gif,Cream,Frog,Grin,Bow,Scarf,Star
3615,Scribblin #3615,A looping doodle critter from Scribblins. Four bodies. One friendly cartoon. One clock. Minted on Base.,3615.gif,Sky,Frog,Grin,Cap,Scarf,Heart
3616,Scribblin #3616,A looping doodle critter from Scribblins. Four bodies. One friendly cartoon. One clock. Minted on Base.,3616.gif,Clay,Bear,Normal,Flower,Bandana,None
3617,Scribblin #3617,A looping doodle critter from Scribblins. Four bodies. One friendly cartoon. One clock. Minted on Base.,3617.gif,Butter,Bear,Wink,None,None,Pencil
3618,Scribblin #3618,A looping doodle critter from Scribblins. Four bodies. One friendly cartoon. One clock. Minted on Base.,3618.gif,Clay,Bear,Pout,Bow,Scarf,Balloon
3619,Scribblin #3619,A looping doodle critter from Scribblins. Four bodies. One friendly cartoon. One clock. Minted on Base.,3619.gif,Butter,Bunny,Sparkly,Beanie,Bandana,None
3620,Scribblin #3620,A looping doodle critter from Scribblins. Four bodies. One friendly cartoon. One clock. Minted on Base.,3620.gif,Butter,Pup,Blep,None,None,None
3621,Scribblin #3621,A looping doodle critter from Scribblins. Four bodies. One friendly cartoon. One clock. Minted on Base.,3621.gif,Clay,Frog,Normal,None,Scarf,None
3622,Scribblin #3622,A looping doodle critter from Scribblins. Four bodies. One friendly cartoon. One clock. Minted on Base.,3622.gif,Sky,Bunny,Pout,Beanie,None,None
3623,Scribblin #3623,A looping doodle critter from Scribblins. Four bodies. One friendly cartoon. One clock. Minted on Base.,3623.gif,Sky,Frog,Grin,None,Bowtie,Heart
3624,Scribblin #3624,A looping doodle critter from Scribblins. Four bodies. One friendly cartoon. One clock. Minted on Base.,3624.gif,Butter,Bear,Sparkly,Bow,None,None
3625,Scribblin #3625,A looping doodle critter from Scribblins. Four bodies. One friendly cartoon. One clock. Minted on Base.,3625.gif,Clay,Pup,Pout,Bow,None,None
3626,Scribblin #3626,A looping doodle critter from Scribblins. Four bodies. One friendly cartoon. One clock. Minted on Base.,3626.gif,Cream,Pup,Wink,Beanie,Scarf,Star
3627,Scribblin #3627,A looping doodle critter from Scribblins. Four bodies. One friendly cartoon. One clock. Minted on Base.,3627.gif,Cream,Bunny,Pout,Leaf,Scarf,None
3628,Scribblin #3628,A looping doodle critter from Scribblins. Four bodies. One friendly cartoon. One clock. Minted on Base.,3628.gif,Cream,Bunny,Blep,Beanie,Bowtie,None
3629,Scribblin #3629,A looping doodle critter from Scribblins. Four bodies. One friendly cartoon. One clock. Minted on Base.,3629.gif,Clay,Bunny,Sparkly,None,None,Balloon
3630,Scribblin #3630,A looping doodle critter from Scribblins. Four bodies. One friendly cartoon. One clock. Minted on Base.,3630.gif,Clay,Bunny,Grin,Headphones,Bandana,Pencil
3631,Scribblin #3631,A looping doodle critter from Scribblins. Four bodies. One friendly cartoon. One clock. Minted on Base.,3631.gif,Cream,Bunny,Wink,Flower,None,Heart
3632,Scribblin #3632,A looping doodle critter from Scribblins. Four bodies. One friendly cartoon. One clock. Minted on Base.,3632.gif,Sky,Frog,Grin,Cap,Scarf,Star
3633,Scribblin #3633,A looping doodle critter from Scribblins. Four bodies. One friendly cartoon. One clock. Minted on Base.,3633.gif,Butter,Bear,Grin,None,Bowtie,Balloon
3634,Scribblin #3634,A looping doodle critter from Scribblins. Four bodies. One friendly cartoon. One clock. Minted on Base.,3634.gif,Cream,Bear,Normal,Bow,Scarf,Pencil
3635,Scribblin #3635,A looping doodle critter from Scribblins. Four bodies. One friendly cartoon. One clock. Minted on Base.,3635.gif,Cream,Bunny,Normal,Flower,Bandana,Balloon
3636,Scribblin #3636,A looping doodle critter from Scribblins. Four bodies. One friendly cartoon. One clock. Minted on Base.,3636.gif,Clay,Bear,Heart,Bow,Bandana,None
3637,Scribblin #3637,A looping doodle critter from Scribblins. Four bodies. One friendly cartoon. One clock. Minted on Base.,3637.gif,Sky,Pup,Blep,Bow,Scarf,None
3638,Scribblin #3638,A looping doodle critter from Scribblins. Four bodies. One friendly cartoon. One clock. Minted on Base.,3638.gif,Clay,Bear,Wink,Beanie,Scarf,None
3639,Scribblin #3639,A looping doodle critter from Scribblins. Four bodies. One friendly cartoon. One clock. Minted on Base.,3639.gif,Cream,Bunny,Pout,None,None,None
3640,Scribblin #3640,A looping doodle critter from Scribblins. Four bodies. One friendly cartoon. One clock. Minted on Base.,3640.gif,Sky,Bunny,Normal,None,Bandana,Balloon
3641,Scribblin #3641,A looping doodle critter from Scribblins. Four bodies. One friendly cartoon. One clock. Minted on Base.,3641.gif,Sky,Frog,Sparkly,None,None,Star
3642,Scribblin #3642,A looping doodle critter from Scribblins. Four bodies. One friendly cartoon. One clock. Minted on Base.,3642.gif,Clay,Bunny,Grin,Bow,Scarf,Star
3643,Scribblin #3643,A looping doodle critter from Scribblins. Four bodies. One friendly cartoon. One clock. Minted on Base.,3643.gif,Cream,Frog,Sparkly,Leaf,None,Balloon
3644,Scribblin #3644,A looping doodle critter from Scribblins. Four bodies. One friendly cartoon. One clock. Minted on Base.,3644.gif,Clay,Bear,Normal,Leaf,Bandana,Star
3645,Scribblin #3645,A looping doodle critter from Scribblins. Four bodies. One friendly cartoon. One clock. Minted on Base.,3645.gif,Sky,Pup,Normal,Beanie,Scarf,Balloon
3646,Scribblin #3646,A looping doodle critter from Scribblins. Four bodies. One friendly cartoon. One clock. Minted on Base.,3646.gif,Cream,Frog,Sleepy,None,Bandana,None
3647,Scribblin #3647,A looping doodle critter from Scribblins. Four bodies. One friendly cartoon. One clock. Minted on Base.,3647.gif,Cream,Bear,Blep,Bow,Bandana,None
3648,Scribblin #3648,A looping doodle critter from Scribblins. Four bodies. One friendly cartoon. One clock. Minted on Base.,3648.gif,Cream,Bear,Grin,Headphones,Bowtie,Star
3649,Scribblin #3649,A looping doodle critter from Scribblins. Four bodies. One friendly cartoon. One clock. Minted on Base.,3649.gif,Sky,Bunny,Pout,Cap,None,Pencil
3650,Scribblin #3650,A looping doodle critter from Scribblins. Four bodies. One friendly cartoon. One clock. Minted on Base.,3650.gif,Clay,Frog,Grin,Flower,Scarf,Pencil
3651,Scribblin #3651,A looping doodle critter from Scribblins. Four bodies. One friendly cartoon. One clock. Minted on Base.,3651.gif,Clay,Bunny,Grin,Cap,Scarf,Heart
3652,Scribblin #3652,A looping doodle critter from Scribblins. Four bodies. One friendly cartoon. One clock. Minted on Base.,3652.gif,Clay,Frog,Sparkly,None,None,Heart
3653,Scribblin #3653,A looping doodle critter from Scribblins. Four bodies. One friendly cartoon. One clock. Minted on Base.,3653.gif,Cream,Bunny,Blep,Leaf,Scarf,Balloon
3654,Scribblin #3654,A looping doodle critter from Scribblins. Four bodies. One friendly cartoon. One clock. Minted on Base.,3654.gif,Cream,Bunny,Pout,Headphones,Bowtie,None
3655,Scribblin #3655,A looping doodle critter from Scribblins. Four bodies. One friendly cartoon. One clock. Minted on Base.,3655.gif,Cream,Bunny,Grin,Leaf,None,Pencil
3656,Scribblin #3656,A looping doodle critter from Scribblins. Four bodies. One friendly cartoon. One clock. Minted on Base.,3656.gif,Butter,Pup,Grin,Flower,Bowtie,None
3657,Scribblin #3657,A looping doodle critter from Scribblins. Four bodies. One friendly cartoon. One clock. Minted on Base.,3657.gif,Butter,Frog,Blep,Bow,Scarf,None
3658,Scribblin #3658,A looping doodle critter from Scribblins. Four bodies. One friendly cartoon. One clock. Minted on Base.,3658.gif,Cream,Pup,Blep,Beanie,Bowtie,None
3659,Scribblin #3659,A looping doodle critter from Scribblins. Four bodies. One friendly cartoon. One clock. Minted on Base.,3659.gif,Cream,Bear,Blep,Bow,None,None
3660,Scribblin #3660,A looping doodle critter from Scribblins. Four bodies. One friendly cartoon. One clock. Minted on Base.,3660.gif,Butter,Frog,Normal,Flower,Bowtie,Star
3661,Scribblin #3661,A looping doodle critter from Scribblins. Four bodies. One friendly cartoon. One clock. Minted on Base.,3661.gif,Butter,Bunny,Sparkly,Bow,Scarf,Balloon
3662,Scribblin #3662,A looping doodle critter from Scribblins. Four bodies. One friendly cartoon. One clock. Minted on Base.,3662.gif,Sky,Bear,Sleepy,None,Bandana,Star
3663,Scribblin #3663,A looping doodle critter from Scribblins. Four bodies. One friendly cartoon. One clock. Minted on Base.,3663.gif,Butter,Bear,Normal,Flower,None,Star
3664,Scribblin #3664,A looping doodle critter from Scribblins. Four bodies. One friendly cartoon. One clock. Minted on Base.,3664.gif,Cream,Frog,Sparkly,Flower,Bandana,Star
3665,Scribblin #3665,A looping doodle critter from Scribblins. Four bodies. One friendly cartoon. One clock. Minted on Base.,3665.gif,Cream,Bear,Blep,None,Bandana,None
3666,Scribblin #3666,A looping doodle critter from Scribblins. Four bodies. One friendly cartoon. One clock. Minted on Base.,3666.gif,Sky,Bear,Blep,Cap,None,Balloon
3667,Scribblin #3667,A looping doodle critter from Scribblins. Four bodies. One friendly cartoon. One clock. Minted on Base.,3667.gif,Butter,Frog,Blep,Flower,Bandana,Heart
3668,Scribblin #3668,A looping doodle critter from Scribblins. Four bodies. One friendly cartoon. One clock. Minted on Base.,3668.gif,Cream,Bunny,Grin,Leaf,None,Star
3669,Scribblin #3669,A looping doodle critter from Scribblins. Four bodies. One friendly cartoon. One clock. Minted on Base.,3669.gif,Butter,Bear,Normal,Beanie,Scarf,None
3670,Scribblin #3670,A looping doodle critter from Scribblins. Four bodies. One friendly cartoon. One clock. Minted on Base.,3670.gif,Cream,Frog,Normal,Beanie,Scarf,Balloon
3671,Scribblin #3671,A looping doodle critter from Scribblins. Four bodies. One friendly cartoon. One clock. Minted on Base.,3671.gif,Cream,Bear,Grin,None,None,Balloon
3672,Scribblin #3672,A looping doodle critter from Scribblins. Four bodies. One friendly cartoon. One clock. Minted on Base.,3672.gif,Sky,Bunny,Sleepy,Flower,Scarf,None
3673,Scribblin #3673,A looping doodle critter from Scribblins. Four bodies. One friendly cartoon. One clock. Minted on Base.,3673.gif,Sky,Pup,Sparkly,Bow,Scarf,Heart
3674,Scribblin #3674,A looping doodle critter from Scribblins. Four bodies. One friendly cartoon. One clock. Minted on Base.,3674.gif,Clay,Frog,Heart,Headphones,Bandana,None
3675,Scribblin #3675,A looping doodle critter from Scribblins. Four bodies. One friendly cartoon. One clock. Minted on Base.,3675.gif,Butter,Frog,Wink,Flower,Bandana,Balloon
3676,Scribblin #3676,A looping doodle critter from Scribblins. Four bodies. One friendly cartoon. One clock. Minted on Base.,3676.gif,Butter,Bear,Blep,Bow,None,Pencil
3677,Scribblin #3677,A looping doodle critter from Scribblins. Four bodies. One friendly cartoon. One clock. Minted on Base.,3677.gif,Cream,Bunny,Normal,Leaf,Bandana,None
3678,Scribblin #3678,A looping doodle critter from Scribblins. Four bodies. One friendly cartoon. One clock. Minted on Base.,3678.gif,Clay,Bunny,Pout,None,Bowtie,Star
3679,Scribblin #3679,A looping doodle critter from Scribblins. Four bodies. One friendly cartoon. One clock. Minted on Base.,3679.gif,Cream,Bunny,Normal,Headphones,Scarf,Star
3680,Scribblin #3680,A looping doodle critter from Scribblins. Four bodies. One friendly cartoon. One clock. Minted on Base.,3680.gif,Cream,Pup,Normal,None,Bowtie,Balloon
3681,Scribblin #3681,A looping doodle critter from Scribblins. Four bodies. One friendly cartoon. One clock. Minted on Base.,3681.gif,Clay,Bunny,Sleepy,None,Scarf,Heart
3682,Scribblin #3682,A looping doodle critter from Scribblins. Four bodies. One friendly cartoon. One clock. Minted on Base.,3682.gif,Cream,Pup,Wink,Beanie,Bowtie,Star
3683,Scribblin #3683,A looping doodle critter from Scribblins. Four bodies. One friendly cartoon. One clock. Minted on Base.,3683.gif,Cream,Bunny,Heart,Headphones,None,None
3684,Scribblin #3684,A looping doodle critter from Scribblins. Four bodies. One friendly cartoon. One clock. Minted on Base.,3684.gif,Sky,Bunny,Pout,Flower,None,Balloon
3685,Scribblin #3685,A looping doodle critter from Scribblins. Four bodies. One friendly cartoon. One clock. Minted on Base.,3685.gif,Clay,Bunny,Sleepy,Bow,None,None
3686,Scribblin #3686,A looping doodle critter from Scribblins. Four bodies. One friendly cartoon. One clock. Minted on Base.,3686.gif,Cream,Bunny,Grin,Cap,None,Heart
3687,Scribblin #3687,A looping doodle critter from Scribblins. Four bodies. One friendly cartoon. One clock. Minted on Base.,3687.gif,Sky,Pup,Normal,Flower,Bandana,Star
3688,Scribblin #3688,A looping doodle critter from Scribblins. Four bodies. One friendly cartoon. One clock. Minted on Base.,3688.gif,Butter,Bear,Grin,Flower,Bandana,None
3689,Scribblin #3689,A looping doodle critter from Scribblins. Four bodies. One friendly cartoon. One clock. Minted on Base.,3689.gif,Sky,Frog,Blep,Cap,Scarf,Star
3690,Scribblin #3690,A looping doodle critter from Scribblins. Four bodies. One friendly cartoon. One clock. Minted on Base.,3690.gif,Butter,Bear,Pout,None,Scarf,Star
3691,Scribblin #3691,A looping doodle critter from Scribblins. Four bodies. One friendly cartoon. One clock. Minted on Base.,3691.gif,Butter,Pup,Grin,Bow,Scarf,Balloon
3692,Scribblin #3692,A looping doodle critter from Scribblins. Four bodies. One friendly cartoon. One clock. Minted on Base.,3692.gif,Cream,Bear,Sleepy,Headphones,Bandana,None
3693,Scribblin #3693,A looping doodle critter from Scribblins. Four bodies. One friendly cartoon. One clock. Minted on Base.,3693.gif,Sky,Bunny,Grin,Beanie,Bandana,Heart
3694,Scribblin #3694,A looping doodle critter from Scribblins. Four bodies. One friendly cartoon. One clock. Minted on Base.,3694.gif,Cream,Frog,Sleepy,Headphones,None,Pencil
3695,Scribblin #3695,A looping doodle critter from Scribblins. Four bodies. One friendly cartoon. One clock. Minted on Base.,3695.gif,Cream,Bunny,Sleepy,Leaf,Scarf,Pencil
3696,Scribblin #3696,A looping doodle critter from Scribblins. Four bodies. One friendly cartoon. One clock. Minted on Base.,3696.gif,Butter,Frog,Sparkly,Headphones,None,Pencil
3697,Scribblin #3697,A looping doodle critter from Scribblins. Four bodies. One friendly cartoon. One clock. Minted on Base.,3697.gif,Sky,Bunny,Pout,None,Scarf,Heart
3698,Scribblin #3698,A looping doodle critter from Scribblins. Four bodies. One friendly cartoon. One clock. Minted on Base.,3698.gif,Butter,Bunny,Grin,Cap,None,Star
3699,Scribblin #3699,A looping doodle critter from Scribblins. Four bodies. One friendly cartoon. One clock. Minted on Base.,3699.gif,Clay,Bunny,Sleepy,Bow,Scarf,Balloon
3700,Scribblin #3700,A looping doodle critter from Scribblins. Four bodies. One friendly cartoon. One clock. Minted on Base.,3700.gif,Sky,Pup,Grin,None,Scarf,Star
3701,Scribblin #3701,A looping doodle critter from Scribblins. Four bodies. One friendly cartoon. One clock. Minted on Base.,3701.gif,Clay,Frog,Sparkly,Bow,Bandana,None
3702,Scribblin #3702,A looping doodle critter from Scribblins. Four bodies. One friendly cartoon. One clock. Minted on Base.,3702.gif,Butter,Bunny,Pout,Cap,Scarf,Pencil
3703,Scribblin #3703,A looping doodle critter from Scribblins. Four bodies. One friendly cartoon. One clock. Minted on Base.,3703.gif,Clay,Pup,Grin,Leaf,Bandana,Pencil
3704,Scribblin #3704,A looping doodle critter from Scribblins. Four bodies. One friendly cartoon. One clock. Minted on Base.,3704.gif,Sky,Bunny,Normal,Flower,Bowtie,Pencil
3705,Scribblin #3705,A looping doodle critter from Scribblins. Four bodies. One friendly cartoon. One clock. Minted on Base.,3705.gif,Cream,Frog,Sleepy,Beanie,Bandana,Heart
3706,Scribblin #3706,A looping doodle critter from Scribblins. Four bodies. One friendly cartoon. One clock. Minted on Base.,3706.gif,Sky,Bear,Sparkly,Bow,Scarf,Star
3707,Scribblin #3707,A looping doodle critter from Scribblins. Four bodies. One friendly cartoon. One clock. Minted on Base.,3707.gif,Cream,Bunny,Normal,Beanie,None,Heart
3708,Scribblin #3708,A looping doodle critter from Scribblins. Four bodies. One friendly cartoon. One clock. Minted on Base.,3708.gif,Cream,Bear,Pout,Beanie,Scarf,Heart
3709,Scribblin #3709,A looping doodle critter from Scribblins. Four bodies. One friendly cartoon. One clock. Minted on Base.,3709.gif,Sky,Frog,Normal,Headphones,None,None
3710,Scribblin #3710,A looping doodle critter from Scribblins. Four bodies. One friendly cartoon. One clock. Minted on Base.,3710.gif,Sky,Bunny,Sleepy,None,Scarf,Balloon
3711,Scribblin #3711,A looping doodle critter from Scribblins. Four bodies. One friendly cartoon. One clock. Minted on Base.,3711.gif,Butter,Pup,Wink,Bow,None,Heart
3712,Scribblin #3712,A looping doodle critter from Scribblins. Four bodies. One friendly cartoon. One clock. Minted on Base.,3712.gif,Cream,Pup,Wink,None,Bandana,Pencil
3713,Scribblin #3713,A looping doodle critter from Scribblins. Four bodies. One friendly cartoon. One clock. Minted on Base.,3713.gif,Cream,Frog,Pout,Bow,None,Heart
3714,Scribblin #3714,A looping doodle critter from Scribblins. Four bodies. One friendly cartoon. One clock. Minted on Base.,3714.gif,Cream,Bear,Sleepy,Leaf,None,None
3715,Scribblin #3715,A looping doodle critter from Scribblins. Four bodies. One friendly cartoon. One clock. Minted on Base.,3715.gif,Cream,Pup,Wink,Bow,Bandana,Star
3716,Scribblin #3716,A looping doodle critter from Scribblins. Four bodies. One friendly cartoon. One clock. Minted on Base.,3716.gif,Sky,Frog,Blep,Flower,Scarf,Star
3717,Scribblin #3717,A looping doodle critter from Scribblins. Four bodies. One friendly cartoon. One clock. Minted on Base.,3717.gif,Cream,Bear,Heart,Flower,Bandana,Star
3718,Scribblin #3718,A looping doodle critter from Scribblins. Four bodies. One friendly cartoon. One clock. Minted on Base.,3718.gif,Sky,Frog,Heart,Beanie,Bowtie,None
3719,Scribblin #3719,A looping doodle critter from Scribblins. Four bodies. One friendly cartoon. One clock. Minted on Base.,3719.gif,Butter,Frog,Sleepy,Cap,None,Pencil
3720,Scribblin #3720,A looping doodle critter from Scribblins. Four bodies. One friendly cartoon. One clock. Minted on Base.,3720.gif,Cream,Bunny,Normal,Bow,None,Balloon
3721,Scribblin #3721,A looping doodle critter from Scribblins. Four bodies. One friendly cartoon. One clock. Minted on Base.,3721.gif,Cream,Bear,Pout,Beanie,Scarf,None
3722,Scribblin #3722,A looping doodle critter from Scribblins. Four bodies. One friendly cartoon. One clock. Minted on Base.,3722.gif,Cream,Frog,Normal,Headphones,Scarf,None
3723,Scribblin #3723,A looping doodle critter from Scribblins. Four bodies. One friendly cartoon. One clock. Minted on Base.,3723.gif,Sky,Frog,Grin,None,None,Star
3724,Scribblin #3724,A looping doodle critter from Scribblins. Four bodies. One friendly cartoon. One clock. Minted on Base.,3724.gif,Sky,Bunny,Pout,Bow,Scarf,Star
3725,Scribblin #3725,A looping doodle critter from Scribblins. Four bodies. One friendly cartoon. One clock. Minted on Base.,3725.gif,Sky,Frog,Wink,Flower,None,Star
3726,Scribblin #3726,A looping doodle critter from Scribblins. Four bodies. One friendly cartoon. One clock. Minted on Base.,3726.gif,Cream,Pup,Wink,Beanie,Scarf,Heart
3727,Scribblin #3727,A looping doodle critter from Scribblins. Four bodies. One friendly cartoon. One clock. Minted on Base.,3727.gif,Butter,Pup,Normal,Flower,Scarf,Star
3728,Scribblin #3728,A looping doodle critter from Scribblins. Four bodies. One friendly cartoon. One clock. Minted on Base.,3728.gif,Cream,Frog,Wink,None,Scarf,Pencil
3729,Scribblin #3729,A looping doodle critter from Scribblins. Four bodies. One friendly cartoon. One clock. Minted on Base.,3729.gif,Sky,Bear,Grin,None,Bowtie,Balloon
3730,Scribblin #3730,A looping doodle critter from Scribblins. Four bodies. One friendly cartoon. One clock. Minted on Base.,3730.gif,Cream,Frog,Heart,Flower,Bowtie,None
3731,Scribblin #3731,A looping doodle critter from Scribblins. Four bodies. One friendly cartoon. One clock. Minted on Base.,3731.gif,Butter,Pup,Pout,Beanie,Bowtie,Balloon
3732,Scribblin #3732,A looping doodle critter from Scribblins. Four bodies. One friendly cartoon. One clock. Minted on Base.,3732.gif,Butter,Frog,Wink,Headphones,None,Star
3733,Scribblin #3733,A looping doodle critter from Scribblins. Four bodies. One friendly cartoon. One clock. Minted on Base.,3733.gif,Sky,Bunny,Wink,Headphones,Scarf,Star
3734,Scribblin #3734,A looping doodle critter from Scribblins. Four bodies. One friendly cartoon. One clock. Minted on Base.,3734.gif,Butter,Bunny,Sleepy,Flower,None,Pencil
3735,Scribblin #3735,A looping doodle critter from Scribblins. Four bodies. One friendly cartoon. One clock. Minted on Base.,3735.gif,Butter,Bear,Sparkly,Cap,None,Balloon
3736,Scribblin #3736,A looping doodle critter from Scribblins. Four bodies. One friendly cartoon. One clock. Minted on Base.,3736.gif,Butter,Bunny,Heart,None,Bandana,Pencil
3737,Scribblin #3737,A looping doodle critter from Scribblins. Four bodies. One friendly cartoon. One clock. Minted on Base.,3737.gif,Butter,Bunny,Sparkly,None,Bowtie,Balloon
3738,Scribblin #3738,A looping doodle critter from Scribblins. Four bodies. One friendly cartoon. One clock. Minted on Base.,3738.gif,Butter,Pup,Blep,Cap,Bowtie,None
3739,Scribblin #3739,A looping doodle critter from Scribblins. Four bodies. One friendly cartoon. One clock. Minted on Base.,3739.gif,Sky,Bunny,Wink,Headphones,Bandana,None
3740,Scribblin #3740,A looping doodle critter from Scribblins. Four bodies. One friendly cartoon. One clock. Minted on Base.,3740.gif,Cream,Bear,Sleepy,Cap,Scarf,None
3741,Scribblin #3741,A looping doodle critter from Scribblins. Four bodies. One friendly cartoon. One clock. Minted on Base.,3741.gif,Clay,Bunny,Heart,Bow,Bowtie,Heart
3742,Scribblin #3742,A looping doodle critter from Scribblins. Four bodies. One friendly cartoon. One clock. Minted on Base.,3742.gif,Cream,Frog,Normal,Bow,Scarf,Star
3743,Scribblin #3743,A looping doodle critter from Scribblins. Four bodies. One friendly cartoon. One clock. Minted on Base.,3743.gif,Butter,Bunny,Wink,Bow,Scarf,None
3744,Scribblin #3744,A looping doodle critter from Scribblins. Four bodies. One friendly cartoon. One clock. Minted on Base.,3744.gif,Butter,Bear,Grin,Flower,Bandana,Pencil
3745,Scribblin #3745,A looping doodle critter from Scribblins. Four bodies. One friendly cartoon. One clock. Minted on Base.,3745.gif,Sky,Pup,Blep,None,None,Heart
3746,Scribblin #3746,A looping doodle critter from Scribblins. Four bodies. One friendly cartoon. One clock. Minted on Base.,3746.gif,Cream,Bunny,Sparkly,Bow,Bowtie,Balloon
3747,Scribblin #3747,A looping doodle critter from Scribblins. Four bodies. One friendly cartoon. One clock. Minted on Base.,3747.gif,Butter,Pup,Sleepy,Beanie,Scarf,Star
3748,Scribblin #3748,A looping doodle critter from Scribblins. Four bodies. One friendly cartoon. One clock. Minted on Base.,3748.gif,Clay,Bunny,Blep,Cap,Scarf,None
3749,Scribblin #3749,A looping doodle critter from Scribblins. Four bodies. One friendly cartoon. One clock. Minted on Base.,3749.gif,Cream,Bunny,Blep,Headphones,Scarf,Balloon
3750,Scribblin #3750,A looping doodle critter from Scribblins. Four bodies. One friendly cartoon. One clock. Minted on Base.,3750.gif,Sky,Frog,Sparkly,Leaf,None,Heart
3751,Scribblin #3751,A looping doodle critter from Scribblins. Four bodies. One friendly cartoon. One clock. Minted on Base.,3751.gif,Butter,Bear,Wink,Leaf,Scarf,Star
3752,Scribblin #3752,A looping doodle critter from Scribblins. Four bodies. One friendly cartoon. One clock. Minted on Base.,3752.gif,Sky,Bunny,Normal,Beanie,Bandana,Star
3753,Scribblin #3753,A looping doodle critter from Scribblins. Four bodies. One friendly cartoon. One clock. Minted on Base.,3753.gif,Sky,Pup,Sleepy,None,Bandana,Heart
3754,Scribblin #3754,A looping doodle critter from Scribblins. Four bodies. One friendly cartoon. One clock. Minted on Base.,3754.gif,Butter,Bear,Heart,Bow,Bowtie,Star
3755,Scribblin #3755,A looping doodle critter from Scribblins. Four bodies. One friendly cartoon. One clock. Minted on Base.,3755.gif,Clay,Pup,Grin,Bow,Scarf,Pencil
3756,Scribblin #3756,A looping doodle critter from Scribblins. Four bodies. One friendly cartoon. One clock. Minted on Base.,3756.gif,Clay,Bear,Pout,Flower,None,None
3757,Scribblin #3757,A looping doodle critter from Scribblins. Four bodies. One friendly cartoon. One clock. Minted on Base.,3757.gif,Clay,Pup,Grin,Leaf,None,Pencil
3758,Scribblin #3758,A looping doodle critter from Scribblins. Four bodies. One friendly cartoon. One clock. Minted on Base.,3758.gif,Clay,Bunny,Sparkly,Beanie,Bandana,None
3759,Scribblin #3759,A looping doodle critter from Scribblins. Four bodies. One friendly cartoon. One clock. Minted on Base.,3759.gif,Clay,Bear,Grin,Leaf,Bowtie,Star
3760,Scribblin #3760,A looping doodle critter from Scribblins. Four bodies. One friendly cartoon. One clock. Minted on Base.,3760.gif,Cream,Frog,Sleepy,Bow,Bowtie,Heart
3761,Scribblin #3761,A looping doodle critter from Scribblins. Four bodies. One friendly cartoon. One clock. Minted on Base.,3761.gif,Sky,Bunny,Sleepy,None,None,Star
3762,Scribblin #3762,A looping doodle critter from Scribblins. Four bodies. One friendly cartoon. One clock. Minted on Base.,3762.gif,Cream,Bear,Normal,Beanie,Bowtie,None
3763,Scribblin #3763,A looping doodle critter from Scribblins. Four bodies. One friendly cartoon. One clock. Minted on Base.,3763.gif,Butter,Bear,Grin,Flower,None,Star
3764,Scribblin #3764,A looping doodle critter from Scribblins. Four bodies. One friendly cartoon. One clock. Minted on Base.,3764.gif,Clay,Bear,Sleepy,Cap,Scarf,Star
3765,Scribblin #3765,A looping doodle critter from Scribblins. Four bodies. One friendly cartoon. One clock. Minted on Base.,3765.gif,Clay,Bear,Sleepy,None,Scarf,Star
3766,Scribblin #3766,A looping doodle critter from Scribblins. Four bodies. One friendly cartoon. One clock. Minted on Base.,3766.gif,Butter,Bunny,Sleepy,Bow,Bandana,Heart
3767,Scribblin #3767,A looping doodle critter from Scribblins. Four bodies. One friendly cartoon. One clock. Minted on Base.,3767.gif,Cream,Pup,Grin,None,Bowtie,Heart
3768,Scribblin #3768,A looping doodle critter from Scribblins. Four bodies. One friendly cartoon. One clock. Minted on Base.,3768.gif,Sky,Bunny,Sparkly,Beanie,None,Balloon
3769,Scribblin #3769,A looping doodle critter from Scribblins. Four bodies. One friendly cartoon. One clock. Minted on Base.,3769.gif,Sky,Pup,Blep,Beanie,Scarf,Heart
3770,Scribblin #3770,A looping doodle critter from Scribblins. Four bodies. One friendly cartoon. One clock. Minted on Base.,3770.gif,Clay,Pup,Heart,None,Scarf,None
3771,Scribblin #3771,A looping doodle critter from Scribblins. Four bodies. One friendly cartoon. One clock. Minted on Base.,3771.gif,Clay,Bear,Wink,Cap,Scarf,None
3772,Scribblin #3772,A looping doodle critter from Scribblins. Four bodies. One friendly cartoon. One clock. Minted on Base.,3772.gif,Clay,Frog,Pout,None,Bandana,Heart
3773,Scribblin #3773,A looping doodle critter from Scribblins. Four bodies. One friendly cartoon. One clock. Minted on Base.,3773.gif,Butter,Bunny,Heart,Beanie,Bowtie,None
3774,Scribblin #3774,A looping doodle critter from Scribblins. Four bodies. One friendly cartoon. One clock. Minted on Base.,3774.gif,Cream,Pup,Grin,Bow,Scarf,Star
3775,Scribblin #3775,A looping doodle critter from Scribblins. Four bodies. One friendly cartoon. One clock. Minted on Base.,3775.gif,Butter,Pup,Heart,None,Bandana,Heart
3776,Scribblin #3776,A looping doodle critter from Scribblins. Four bodies. One friendly cartoon. One clock. Minted on Base.,3776.gif,Sky,Bunny,Normal,Bow,None,Balloon
3777,Scribblin #3777,A looping doodle critter from Scribblins. Four bodies. One friendly cartoon. One clock. Minted on Base.,3777.gif,Clay,Bear,Sleepy,Bow,None,Heart
3778,Scribblin #3778,A looping doodle critter from Scribblins. Four bodies. One friendly cartoon. One clock. Minted on Base.,3778.gif,Butter,Pup,Grin,Beanie,Bandana,Star
3779,Scribblin #3779,A looping doodle critter from Scribblins. Four bodies. One friendly cartoon. One clock. Minted on Base.,3779.gif,Cream,Bunny,Sleepy,None,None,Star
3780,Scribblin #3780,A looping doodle critter from Scribblins. Four bodies. One friendly cartoon. One clock. Minted on Base.,3780.gif,Cream,Bear,Normal,Bow,Scarf,Heart
3781,Scribblin #3781,A looping doodle critter from Scribblins. Four bodies. One friendly cartoon. One clock. Minted on Base.,3781.gif,Cream,Bunny,Normal,Headphones,Scarf,Pencil
3782,Scribblin #3782,A looping doodle critter from Scribblins. Four bodies. One friendly cartoon. One clock. Minted on Base.,3782.gif,Cream,Pup,Sparkly,None,Bandana,None
3783,Scribblin #3783,A looping doodle critter from Scribblins. Four bodies. One friendly cartoon. One clock. Minted on Base.,3783.gif,Clay,Bunny,Sparkly,Cap,Bandana,Heart
3784,Scribblin #3784,A looping doodle critter from Scribblins. Four bodies. One friendly cartoon. One clock. Minted on Base.,3784.gif,Butter,Bear,Blep,Leaf,Bowtie,Heart
3785,Scribblin #3785,A looping doodle critter from Scribblins. Four bodies. One friendly cartoon. One clock. Minted on Base.,3785.gif,Cream,Bunny,Sparkly,Leaf,Scarf,Pencil
3786,Scribblin #3786,A looping doodle critter from Scribblins. Four bodies. One friendly cartoon. One clock. Minted on Base.,3786.gif,Sky,Bear,Wink,Leaf,Bandana,Pencil
3787,Scribblin #3787,A looping doodle critter from Scribblins. Four bodies. One friendly cartoon. One clock. Minted on Base.,3787.gif,Butter,Pup,Sparkly,None,None,None
3788,Scribblin #3788,A looping doodle critter from Scribblins. Four bodies. One friendly cartoon. One clock. Minted on Base.,3788.gif,Cream,Bear,Grin,None,None,Star
3789,Scribblin #3789,A looping doodle critter from Scribblins. Four bodies. One friendly cartoon. One clock. Minted on Base.,3789.gif,Clay,Bunny,Heart,Beanie,Scarf,None
3790,Scribblin #3790,A looping doodle critter from Scribblins. Four bodies. One friendly cartoon. One clock. Minted on Base.,3790.gif,Cream,Pup,Sleepy,Flower,None,Heart
3791,Scribblin #3791,A looping doodle critter from Scribblins. Four bodies. One friendly cartoon. One clock. Minted on Base.,3791.gif,Butter,Bunny,Blep,Cap,None,Balloon
3792,Scribblin #3792,A looping doodle critter from Scribblins. Four bodies. One friendly cartoon. One clock. Minted on Base.,3792.gif,Cream,Bear,Sleepy,Flower,Scarf,Star
3793,Scribblin #3793,A looping doodle critter from Scribblins. Four bodies. One friendly cartoon. One clock. Minted on Base.,3793.gif,Cream,Bunny,Heart,None,Bandana,Heart
3794,Scribblin #3794,A looping doodle critter from Scribblins. Four bodies. One friendly cartoon. One clock. Minted on Base.,3794.gif,Sky,Bear,Sleepy,None,Scarf,None
3795,Scribblin #3795,A looping doodle critter from Scribblins. Four bodies. One friendly cartoon. One clock. Minted on Base.,3795.gif,Cream,Bunny,Blep,None,Scarf,Heart
3796,Scribblin #3796,A looping doodle critter from Scribblins. Four bodies. One friendly cartoon. One clock. Minted on Base.,3796.gif,Clay,Bear,Wink,None,None,Balloon
3797,Scribblin #3797,A looping doodle critter from Scribblins. Four bodies. One friendly cartoon. One clock. Minted on Base.,3797.gif,Sky,Frog,Grin,Flower,Bandana,None
3798,Scribblin #3798,A looping doodle critter from Scribblins. Four bodies. One friendly cartoon. One clock. Minted on Base.,3798.gif,Sky,Pup,Pout,None,Bowtie,None
3799,Scribblin #3799,A looping doodle critter from Scribblins. Four bodies. One friendly cartoon. One clock. Minted on Base.,3799.gif,Cream,Bear,Normal,Leaf,None,Pencil
3800,Scribblin #3800,A looping doodle critter from Scribblins. Four bodies. One friendly cartoon. One clock. Minted on Base.,3800.gif,Sky,Frog,Blep,Headphones,Bowtie,Heart
3801,Scribblin #3801,A looping doodle critter from Scribblins. Four bodies. One friendly cartoon. One clock. Minted on Base.,3801.gif,Clay,Bear,Normal,Headphones,Bowtie,Heart
3802,Scribblin #3802,A looping doodle critter from Scribblins. Four bodies. One friendly cartoon. One clock. Minted on Base.,3802.gif,Butter,Bear,Grin,Flower,Bandana,Heart
3803,Scribblin #3803,A looping doodle critter from Scribblins. Four bodies. One friendly cartoon. One clock. Minted on Base.,3803.gif,Cream,Frog,Wink,Bow,None,None
3804,Scribblin #3804,A looping doodle critter from Scribblins. Four bodies. One friendly cartoon. One clock. Minted on Base.,3804.gif,Butter,Bunny,Sleepy,Bow,Scarf,Star
3805,Scribblin #3805,A looping doodle critter from Scribblins. Four bodies. One friendly cartoon. One clock. Minted on Base.,3805.gif,Cream,Bunny,Heart,None,Bowtie,Star
3806,Scribblin #3806,A looping doodle critter from Scribblins. Four bodies. One friendly cartoon. One clock. Minted on Base.,3806.gif,Sky,Bear,Grin,Cap,Bowtie,Pencil
3807,Scribblin #3807,A looping doodle critter from Scribblins. Four bodies. One friendly cartoon. One clock. Minted on Base.,3807.gif,Clay,Bear,Normal,Bow,None,Heart
3808,Scribblin #3808,A looping doodle critter from Scribblins. Four bodies. One friendly cartoon. One clock. Minted on Base.,3808.gif,Cream,Pup,Pout,Headphones,Scarf,None
3809,Scribblin #3809,A looping doodle critter from Scribblins. Four bodies. One friendly cartoon. One clock. Minted on Base.,3809.gif,Cream,Bear,Sleepy,Flower,Scarf,None
3810,Scribblin #3810,A looping doodle critter from Scribblins. Four bodies. One friendly cartoon. One clock. Minted on Base.,3810.gif,Clay,Bear,Heart,Headphones,None,None
3811,Scribblin #3811,A looping doodle critter from Scribblins. Four bodies. One friendly cartoon. One clock. Minted on Base.,3811.gif,Cream,Bear,Heart,None,Bowtie,None
3812,Scribblin #3812,A looping doodle critter from Scribblins. Four bodies. One friendly cartoon. One clock. Minted on Base.,3812.gif,Sky,Pup,Pout,Bow,None,Balloon
3813,Scribblin #3813,A looping doodle critter from Scribblins. Four bodies. One friendly cartoon. One clock. Minted on Base.,3813.gif,Cream,Bear,Blep,Headphones,None,None
3814,Scribblin #3814,A looping doodle critter from Scribblins. Four bodies. One friendly cartoon. One clock. Minted on Base.,3814.gif,Sky,Bunny,Normal,None,Bandana,None
3815,Scribblin #3815,A looping doodle critter from Scribblins. Four bodies. One friendly cartoon. One clock. Minted on Base.,3815.gif,Sky,Bear,Normal,Beanie,Scarf,None
3816,Scribblin #3816,A looping doodle critter from Scribblins. Four bodies. One friendly cartoon. One clock. Minted on Base.,3816.gif,Clay,Bunny,Heart,Headphones,None,None
3817,Scribblin #3817,A looping doodle critter from Scribblins. Four bodies. One friendly cartoon. One clock. Minted on Base.,3817.gif,Sky,Bear,Wink,Beanie,Bowtie,Heart
3818,Scribblin #3818,A looping doodle critter from Scribblins. Four bodies. One friendly cartoon. One clock. Minted on Base.,3818.gif,Butter,Bunny,Sleepy,Bow,Bandana,Star
3819,Scribblin #3819,A looping doodle critter from Scribblins. Four bodies. One friendly cartoon. One clock. Minted on Base.,3819.gif,Clay,Pup,Blep,Bow,Bandana,None
3820,Scribblin #3820,A looping doodle critter from Scribblins. Four bodies. One friendly cartoon. One clock. Minted on Base.,3820.gif,Butter,Bear,Sleepy,Beanie,Scarf,None
3821,Scribblin #3821,A looping doodle critter from Scribblins. Four bodies. One friendly cartoon. One clock. Minted on Base.,3821.gif,Cream,Bunny,Wink,Cap,None,None
3822,Scribblin #3822,A looping doodle critter from Scribblins. Four bodies. One friendly cartoon. One clock. Minted on Base.,3822.gif,Cream,Bunny,Blep,Flower,Scarf,None
3823,Scribblin #3823,A looping doodle critter from Scribblins. Four bodies. One friendly cartoon. One clock. Minted on Base.,3823.gif,Cream,Bear,Blep,Cap,Bowtie,Heart
3824,Scribblin #3824,A looping doodle critter from Scribblins. Four bodies. One friendly cartoon. One clock. Minted on Base.,3824.gif,Butter,Bunny,Blep,Bow,Bowtie,None
3825,Scribblin #3825,A looping doodle critter from Scribblins. Four bodies. One friendly cartoon. One clock. Minted on Base.,3825.gif,Butter,Bear,Grin,Cap,Scarf,Pencil
3826,Scribblin #3826,A looping doodle critter from Scribblins. Four bodies. One friendly cartoon. One clock. Minted on Base.,3826.gif,Sky,Frog,Wink,Beanie,Bandana,Heart
3827,Scribblin #3827,A looping doodle critter from Scribblins. Four bodies. One friendly cartoon. One clock. Minted on Base.,3827.gif,Cream,Pup,Grin,Headphones,Bowtie,Star
3828,Scribblin #3828,A looping doodle critter from Scribblins. Four bodies. One friendly cartoon. One clock. Minted on Base.,3828.gif,Sky,Pup,Sleepy,Headphones,Bandana,None
3829,Scribblin #3829,A looping doodle critter from Scribblins. Four bodies. One friendly cartoon. One clock. Minted on Base.,3829.gif,Clay,Bunny,Normal,Leaf,None,None
3830,Scribblin #3830,A looping doodle critter from Scribblins. Four bodies. One friendly cartoon. One clock. Minted on Base.,3830.gif,Clay,Frog,Sleepy,Beanie,None,Pencil
3831,Scribblin #3831,A looping doodle critter from Scribblins. Four bodies. One friendly cartoon. One clock. Minted on Base.,3831.gif,Butter,Bunny,Wink,Headphones,None,Star
3832,Scribblin #3832,A looping doodle critter from Scribblins. Four bodies. One friendly cartoon. One clock. Minted on Base.,3832.gif,Cream,Frog,Normal,Flower,None,Star
3833,Scribblin #3833,A looping doodle critter from Scribblins. Four bodies. One friendly cartoon. One clock. Minted on Base.,3833.gif,Clay,Pup,Heart,None,None,None
3834,Scribblin #3834,A looping doodle critter from Scribblins. Four bodies. One friendly cartoon. One clock. Minted on Base.,3834.gif,Cream,Pup,Grin,Bow,Bandana,Star
3835,Scribblin #3835,A looping doodle critter from Scribblins. Four bodies. One friendly cartoon. One clock. Minted on Base.,3835.gif,Cream,Frog,Normal,Headphones,Bandana,Star
3836,Scribblin #3836,A looping doodle critter from Scribblins. Four bodies. One friendly cartoon. One clock. Minted on Base.,3836.gif,Butter,Frog,Sparkly,Headphones,Bandana,None
3837,Scribblin #3837,A looping doodle critter from Scribblins. Four bodies. One friendly cartoon. One clock. Minted on Base.,3837.gif,Clay,Frog,Pout,Headphones,Scarf,None
3838,Scribblin #3838,A looping doodle critter from Scribblins. Four bodies. One friendly cartoon. One clock. Minted on Base.,3838.gif,Clay,Frog,Pout,Leaf,Bandana,Star
3839,Scribblin #3839,A looping doodle critter from Scribblins. Four bodies. One friendly cartoon. One clock. Minted on Base.,3839.gif,Butter,Bunny,Normal,Leaf,None,Balloon
3840,Scribblin #3840,A looping doodle critter from Scribblins. Four bodies. One friendly cartoon. One clock. Minted on Base.,3840.gif,Clay,Pup,Normal,None,Scarf,Pencil
3841,Scribblin #3841,A looping doodle critter from Scribblins. Four bodies. One friendly cartoon. One clock. Minted on Base.,3841.gif,Clay,Pup,Heart,Leaf,Bandana,None
3842,Scribblin #3842,A looping doodle critter from Scribblins. Four bodies. One friendly cartoon. One clock. Minted on Base.,3842.gif,Butter,Pup,Grin,Headphones,Bowtie,Star
3843,Scribblin #3843,A looping doodle critter from Scribblins. Four bodies. One friendly cartoon. One clock. Minted on Base.,3843.gif,Butter,Bunny,Blep,None,None,None
3844,Scribblin #3844,A looping doodle critter from Scribblins. Four bodies. One friendly cartoon. One clock. Minted on Base.,3844.gif,Butter,Bear,Grin,Flower,Scarf,None
3845,Scribblin #3845,A looping doodle critter from Scribblins. Four bodies. One friendly cartoon. One clock. Minted on Base.,3845.gif,Cream,Bear,Wink,Leaf,Scarf,Star
3846,Scribblin #3846,A looping doodle critter from Scribblins. Four bodies. One friendly cartoon. One clock. Minted on Base.,3846.gif,Cream,Bear,Normal,Cap,Scarf,Star
3847,Scribblin #3847,A looping doodle critter from Scribblins. Four bodies. One friendly cartoon. One clock. Minted on Base.,3847.gif,Clay,Pup,Normal,Leaf,Bandana,Pencil
3848,Scribblin #3848,A looping doodle critter from Scribblins. Four bodies. One friendly cartoon. One clock. Minted on Base.,3848.gif,Clay,Pup,Sleepy,Beanie,Bandana,None
3849,Scribblin #3849,A looping doodle critter from Scribblins. Four bodies. One friendly cartoon. One clock. Minted on Base.,3849.gif,Clay,Frog,Normal,Bow,Bandana,None
3850,Scribblin #3850,A looping doodle critter from Scribblins. Four bodies. One friendly cartoon. One clock. Minted on Base.,3850.gif,Cream,Pup,Grin,Cap,Bowtie,None
3851,Scribblin #3851,A looping doodle critter from Scribblins. Four bodies. One friendly cartoon. One clock. Minted on Base.,3851.gif,Clay,Frog,Sleepy,None,Scarf,Star
3852,Scribblin #3852,A looping doodle critter from Scribblins. Four bodies. One friendly cartoon. One clock. Minted on Base.,3852.gif,Clay,Pup,Pout,Flower,Scarf,Star
3853,Scribblin #3853,A looping doodle critter from Scribblins. Four bodies. One friendly cartoon. One clock. Minted on Base.,3853.gif,Butter,Pup,Sleepy,Bow,Scarf,Pencil
3854,Scribblin #3854,A looping doodle critter from Scribblins. Four bodies. One friendly cartoon. One clock. Minted on Base.,3854.gif,Sky,Bunny,Blep,Beanie,Bowtie,Star
3855,Scribblin #3855,A looping doodle critter from Scribblins. Four bodies. One friendly cartoon. One clock. Minted on Base.,3855.gif,Clay,Bunny,Blep,None,Bandana,None
3856,Scribblin #3856,A looping doodle critter from Scribblins. Four bodies. One friendly cartoon. One clock. Minted on Base.,3856.gif,Clay,Bunny,Grin,Beanie,Bowtie,Balloon
3857,Scribblin #3857,A looping doodle critter from Scribblins. Four bodies. One friendly cartoon. One clock. Minted on Base.,3857.gif,Sky,Pup,Pout,Leaf,None,Balloon
3858,Scribblin #3858,A looping doodle critter from Scribblins. Four bodies. One friendly cartoon. One clock. Minted on Base.,3858.gif,Sky,Bunny,Normal,Cap,Scarf,None
3859,Scribblin #3859,A looping doodle critter from Scribblins. Four bodies. One friendly cartoon. One clock. Minted on Base.,3859.gif,Sky,Bear,Heart,None,Bandana,Star
3860,Scribblin #3860,A looping doodle critter from Scribblins. Four bodies. One friendly cartoon. One clock. Minted on Base.,3860.gif,Butter,Bunny,Sparkly,Beanie,Bandana,Heart
3861,Scribblin #3861,A looping doodle critter from Scribblins. Four bodies. One friendly cartoon. One clock. Minted on Base.,3861.gif,Clay,Bear,Wink,Cap,Scarf,Pencil
3862,Scribblin #3862,A looping doodle critter from Scribblins. Four bodies. One friendly cartoon. One clock. Minted on Base.,3862.gif,Clay,Bear,Pout,Bow,Bandana,None
3863,Scribblin #3863,A looping doodle critter from Scribblins. Four bodies. One friendly cartoon. One clock. Minted on Base.,3863.gif,Clay,Bear,Normal,Beanie,Bandana,Heart
3864,Scribblin #3864,A looping doodle critter from Scribblins. Four bodies. One friendly cartoon. One clock. Minted on Base.,3864.gif,Clay,Bear,Normal,None,None,Balloon
3865,Scribblin #3865,A looping doodle critter from Scribblins. Four bodies. One friendly cartoon. One clock. Minted on Base.,3865.gif,Clay,Frog,Normal,Beanie,Bandana,Balloon
3866,Scribblin #3866,A looping doodle critter from Scribblins. Four bodies. One friendly cartoon. One clock. Minted on Base.,3866.gif,Butter,Frog,Normal,Flower,Bowtie,Heart
3867,Scribblin #3867,A looping doodle critter from Scribblins. Four bodies. One friendly cartoon. One clock. Minted on Base.,3867.gif,Clay,Bunny,Grin,Leaf,Bowtie,None
3868,Scribblin #3868,A looping doodle critter from Scribblins. Four bodies. One friendly cartoon. One clock. Minted on Base.,3868.gif,Cream,Bunny,Blep,Bow,Bowtie,None
3869,Scribblin #3869,A looping doodle critter from Scribblins. Four bodies. One friendly cartoon. One clock. Minted on Base.,3869.gif,Cream,Bunny,Blep,Beanie,Bandana,Balloon
3870,Scribblin #3870,A looping doodle critter from Scribblins. Four bodies. One friendly cartoon. One clock. Minted on Base.,3870.gif,Cream,Bear,Heart,Bow,None,Star
3871,Scribblin #3871,A looping doodle critter from Scribblins. Four bodies. One friendly cartoon. One clock. Minted on Base.,3871.gif,Sky,Bear,Sparkly,Flower,Bandana,None
3872,Scribblin #3872,A looping doodle critter from Scribblins. Four bodies. One friendly cartoon. One clock. Minted on Base.,3872.gif,Clay,Pup,Grin,Bow,Scarf,Heart
3873,Scribblin #3873,A looping doodle critter from Scribblins. Four bodies. One friendly cartoon. One clock. Minted on Base.,3873.gif,Butter,Bunny,Normal,None,None,Star
3874,Scribblin #3874,A looping doodle critter from Scribblins. Four bodies. One friendly cartoon. One clock. Minted on Base.,3874.gif,Sky,Bunny,Blep,Headphones,None,None
3875,Scribblin #3875,A looping doodle critter from Scribblins. Four bodies. One friendly cartoon. One clock. Minted on Base.,3875.gif,Clay,Bunny,Pout,Cap,Bandana,None
3876,Scribblin #3876,A looping doodle critter from Scribblins. Four bodies. One friendly cartoon. One clock. Minted on Base.,3876.gif,Cream,Bear,Heart,Flower,Bandana,None
3877,Scribblin #3877,A looping doodle critter from Scribblins. Four bodies. One friendly cartoon. One clock. Minted on Base.,3877.gif,Butter,Bunny,Normal,Cap,Scarf,None
3878,Scribblin #3878,A looping doodle critter from Scribblins. Four bodies. One friendly cartoon. One clock. Minted on Base.,3878.gif,Butter,Bunny,Heart,Leaf,Scarf,Balloon
3879,Scribblin #3879,A looping doodle critter from Scribblins. Four bodies. One friendly cartoon. One clock. Minted on Base.,3879.gif,Clay,Bear,Sparkly,Leaf,Scarf,Heart
3880,Scribblin #3880,A looping doodle critter from Scribblins. Four bodies. One friendly cartoon. One clock. Minted on Base.,3880.gif,Cream,Pup,Sleepy,None,Bandana,Heart
3881,Scribblin #3881,A looping doodle critter from Scribblins. Four bodies. One friendly cartoon. One clock. Minted on Base.,3881.gif,Clay,Bunny,Blep,Bow,None,Balloon
3882,Scribblin #3882,A looping doodle critter from Scribblins. Four bodies. One friendly cartoon. One clock. Minted on Base.,3882.gif,Sky,Pup,Normal,Flower,Bandana,None
3883,Scribblin #3883,A looping doodle critter from Scribblins. Four bodies. One friendly cartoon. One clock. Minted on Base.,3883.gif,Butter,Bear,Wink,Beanie,Scarf,None
3884,Scribblin #3884,A looping doodle critter from Scribblins. Four bodies. One friendly cartoon. One clock. Minted on Base.,3884.gif,Sky,Bunny,Normal,Headphones,Scarf,None
3885,Scribblin #3885,A looping doodle critter from Scribblins. Four bodies. One friendly cartoon. One clock. Minted on Base.,3885.gif,Butter,Bear,Grin,Headphones,Bandana,Balloon
3886,Scribblin #3886,A looping doodle critter from Scribblins. Four bodies. One friendly cartoon. One clock. Minted on Base.,3886.gif,Cream,Bear,Normal,Beanie,None,Pencil
3887,Scribblin #3887,A looping doodle critter from Scribblins. Four bodies. One friendly cartoon. One clock. Minted on Base.,3887.gif,Sky,Bear,Blep,None,Bandana,Pencil
3888,Scribblin #3888,A looping doodle critter from Scribblins. Four bodies. One friendly cartoon. One clock. Minted on Base.,3888.gif,Clay,Pup,Grin,None,None,Star
3889,Scribblin #3889,A looping doodle critter from Scribblins. Four bodies. One friendly cartoon. One clock. Minted on Base.,3889.gif,Sky,Bear,Normal,Beanie,None,Pencil
3890,Scribblin #3890,A looping doodle critter from Scribblins. Four bodies. One friendly cartoon. One clock. Minted on Base.,3890.gif,Butter,Frog,Wink,None,None,None
3891,Scribblin #3891,A looping doodle critter from Scribblins. Four bodies. One friendly cartoon. One clock. Minted on Base.,3891.gif,Sky,Bunny,Pout,Headphones,None,Balloon
3892,Scribblin #3892,A looping doodle critter from Scribblins. Four bodies. One friendly cartoon. One clock. Minted on Base.,3892.gif,Cream,Bear,Blep,Cap,Scarf,None
3893,Scribblin #3893,A looping doodle critter from Scribblins. Four bodies. One friendly cartoon. One clock. Minted on Base.,3893.gif,Cream,Pup,Normal,Flower,None,Balloon
3894,Scribblin #3894,A looping doodle critter from Scribblins. Four bodies. One friendly cartoon. One clock. Minted on Base.,3894.gif,Cream,Frog,Blep,Leaf,None,Star
3895,Scribblin #3895,A looping doodle critter from Scribblins. Four bodies. One friendly cartoon. One clock. Minted on Base.,3895.gif,Sky,Bunny,Pout,Beanie,Scarf,Pencil
3896,Scribblin #3896,A looping doodle critter from Scribblins. Four bodies. One friendly cartoon. One clock. Minted on Base.,3896.gif,Cream,Frog,Wink,None,None,Heart
3897,Scribblin #3897,A looping doodle critter from Scribblins. Four bodies. One friendly cartoon. One clock. Minted on Base.,3897.gif,Cream,Bear,Wink,Headphones,Bowtie,None
3898,Scribblin #3898,A looping doodle critter from Scribblins. Four bodies. One friendly cartoon. One clock. Minted on Base.,3898.gif,Clay,Frog,Normal,Bow,Bowtie,Star
3899,Scribblin #3899,A looping doodle critter from Scribblins. Four bodies. One friendly cartoon. One clock. Minted on Base.,3899.gif,Clay,Bear,Grin,Flower,Bowtie,Heart
3900,Scribblin #3900,A looping doodle critter from Scribblins. Four bodies. One friendly cartoon. One clock. Minted on Base.,3900.gif,Cream,Bunny,Heart,Beanie,Scarf,None
3901,Scribblin #3901,A looping doodle critter from Scribblins. Four bodies. One friendly cartoon. One clock. Minted on Base.,3901.gif,Sky,Pup,Normal,Headphones,None,Pencil
3902,Scribblin #3902,A looping doodle critter from Scribblins. Four bodies. One friendly cartoon. One clock. Minted on Base.,3902.gif,Sky,Pup,Heart,Flower,None,None
3903,Scribblin #3903,A looping doodle critter from Scribblins. Four bodies. One friendly cartoon. One clock. Minted on Base.,3903.gif,Sky,Bunny,Normal,Flower,Scarf,Balloon
3904,Scribblin #3904,A looping doodle critter from Scribblins. Four bodies. One friendly cartoon. One clock. Minted on Base.,3904.gif,Clay,Bunny,Sparkly,Leaf,Scarf,Heart
3905,Scribblin #3905,A looping doodle critter from Scribblins. Four bodies. One friendly cartoon. One clock. Minted on Base.,3905.gif,Cream,Bunny,Sleepy,Beanie,Scarf,None
3906,Scribblin #3906,A looping doodle critter from Scribblins. Four bodies. One friendly cartoon. One clock. Minted on Base.,3906.gif,Clay,Bear,Sleepy,Beanie,Bowtie,None
3907,Scribblin #3907,A looping doodle critter from Scribblins. Four bodies. One friendly cartoon. One clock. Minted on Base.,3907.gif,Cream,Bunny,Sleepy,Leaf,None,None
3908,Scribblin #3908,A looping doodle critter from Scribblins. Four bodies. One friendly cartoon. One clock. Minted on Base.,3908.gif,Cream,Bunny,Wink,Beanie,Scarf,Pencil
3909,Scribblin #3909,A looping doodle critter from Scribblins. Four bodies. One friendly cartoon. One clock. Minted on Base.,3909.gif,Cream,Bunny,Sleepy,Bow,Scarf,Pencil
3910,Scribblin #3910,A looping doodle critter from Scribblins. Four bodies. One friendly cartoon. One clock. Minted on Base.,3910.gif,Clay,Bear,Grin,Flower,None,Heart
3911,Scribblin #3911,A looping doodle critter from Scribblins. Four bodies. One friendly cartoon. One clock. Minted on Base.,3911.gif,Clay,Pup,Sparkly,Leaf,Scarf,Star
3912,Scribblin #3912,A looping doodle critter from Scribblins. Four bodies. One friendly cartoon. One clock. Minted on Base.,3912.gif,Sky,Bear,Sleepy,Headphones,Scarf,None
3913,Scribblin #3913,A looping doodle critter from Scribblins. Four bodies. One friendly cartoon. One clock. Minted on Base.,3913.gif,Butter,Bear,Grin,Headphones,Bowtie,Star
3914,Scribblin #3914,A looping doodle critter from Scribblins. Four bodies. One friendly cartoon. One clock. Minted on Base.,3914.gif,Cream,Bunny,Grin,Flower,Bowtie,None
3915,Scribblin #3915,A looping doodle critter from Scribblins. Four bodies. One friendly cartoon. One clock. Minted on Base.,3915.gif,Cream,Bear,Grin,Headphones,Scarf,None
3916,Scribblin #3916,A looping doodle critter from Scribblins. Four bodies. One friendly cartoon. One clock. Minted on Base.,3916.gif,Sky,Bear,Wink,Bow,Scarf,Star
3917,Scribblin #3917,A looping doodle critter from Scribblins. Four bodies. One friendly cartoon. One clock. Minted on Base.,3917.gif,Butter,Bear,Pout,Beanie,Scarf,None
3918,Scribblin #3918,A looping doodle critter from Scribblins. Four bodies. One friendly cartoon. One clock. Minted on Base.,3918.gif,Sky,Bear,Grin,None,Scarf,None
3919,Scribblin #3919,A looping doodle critter from Scribblins. Four bodies. One friendly cartoon. One clock. Minted on Base.,3919.gif,Sky,Frog,Sparkly,Cap,Scarf,Star
3920,Scribblin #3920,A looping doodle critter from Scribblins. Four bodies. One friendly cartoon. One clock. Minted on Base.,3920.gif,Butter,Bear,Sparkly,Headphones,None,Heart
3921,Scribblin #3921,A looping doodle critter from Scribblins. Four bodies. One friendly cartoon. One clock. Minted on Base.,3921.gif,Sky,Pup,Wink,Bow,Scarf,None
3922,Scribblin #3922,A looping doodle critter from Scribblins. Four bodies. One friendly cartoon. One clock. Minted on Base.,3922.gif,Butter,Bunny,Grin,Flower,Bandana,Pencil
3923,Scribblin #3923,A looping doodle critter from Scribblins. Four bodies. One friendly cartoon. One clock. Minted on Base.,3923.gif,Clay,Pup,Blep,Cap,Bandana,None
3924,Scribblin #3924,A looping doodle critter from Scribblins. Four bodies. One friendly cartoon. One clock. Minted on Base.,3924.gif,Cream,Bunny,Sleepy,Flower,None,None
3925,Scribblin #3925,A looping doodle critter from Scribblins. Four bodies. One friendly cartoon. One clock. Minted on Base.,3925.gif,Clay,Bunny,Sleepy,Bow,Bandana,Pencil
3926,Scribblin #3926,A looping doodle critter from Scribblins. Four bodies. One friendly cartoon. One clock. Minted on Base.,3926.gif,Clay,Bunny,Normal,Bow,None,Balloon
3927,Scribblin #3927,A looping doodle critter from Scribblins. Four bodies. One friendly cartoon. One clock. Minted on Base.,3927.gif,Sky,Frog,Sparkly,None,Bowtie,Heart
3928,Scribblin #3928,A looping doodle critter from Scribblins. Four bodies. One friendly cartoon. One clock. Minted on Base.,3928.gif,Clay,Bear,Sleepy,Leaf,Bowtie,None
3929,Scribblin #3929,A looping doodle critter from Scribblins. Four bodies. One friendly cartoon. One clock. Minted on Base.,3929.gif,Clay,Bear,Wink,None,Bandana,Heart
3930,Scribblin #3930,A looping doodle critter from Scribblins. Four bodies. One friendly cartoon. One clock. Minted on Base.,3930.gif,Butter,Pup,Blep,Cap,None,Pencil
3931,Scribblin #3931,A looping doodle critter from Scribblins. Four bodies. One friendly cartoon. One clock. Minted on Base.,3931.gif,Sky,Pup,Sleepy,Leaf,Bowtie,Star
3932,Scribblin #3932,A looping doodle critter from Scribblins. Four bodies. One friendly cartoon. One clock. Minted on Base.,3932.gif,Sky,Frog,Pout,Leaf,None,Balloon
3933,Scribblin #3933,A looping doodle critter from Scribblins. Four bodies. One friendly cartoon. One clock. Minted on Base.,3933.gif,Sky,Bunny,Sleepy,None,Bandana,Pencil
3934,Scribblin #3934,A looping doodle critter from Scribblins. Four bodies. One friendly cartoon. One clock. Minted on Base.,3934.gif,Cream,Bear,Pout,Flower,Bandana,Heart
3935,Scribblin #3935,A looping doodle critter from Scribblins. Four bodies. One friendly cartoon. One clock. Minted on Base.,3935.gif,Butter,Bunny,Pout,None,Scarf,Pencil
3936,Scribblin #3936,A looping doodle critter from Scribblins. Four bodies. One friendly cartoon. One clock. Minted on Base.,3936.gif,Sky,Bunny,Heart,Beanie,Bowtie,Pencil
3937,Scribblin #3937,A looping doodle critter from Scribblins. Four bodies. One friendly cartoon. One clock. Minted on Base.,3937.gif,Cream,Bunny,Sleepy,None,Bowtie,Pencil
3938,Scribblin #3938,A looping doodle critter from Scribblins. Four bodies. One friendly cartoon. One clock. Minted on Base.,3938.gif,Butter,Bear,Blep,Leaf,Bandana,Heart
3939,Scribblin #3939,A looping doodle critter from Scribblins. Four bodies. One friendly cartoon. One clock. Minted on Base.,3939.gif,Sky,Bear,Grin,Beanie,None,Pencil
3940,Scribblin #3940,A looping doodle critter from Scribblins. Four bodies. One friendly cartoon. One clock. Minted on Base.,3940.gif,Sky,Pup,Pout,Flower,None,Star
3941,Scribblin #3941,A looping doodle critter from Scribblins. Four bodies. One friendly cartoon. One clock. Minted on Base.,3941.gif,Butter,Pup,Blep,None,Bowtie,Heart
3942,Scribblin #3942,A looping doodle critter from Scribblins. Four bodies. One friendly cartoon. One clock. Minted on Base.,3942.gif,Sky,Bear,Pout,Leaf,None,None
3943,Scribblin #3943,A looping doodle critter from Scribblins. Four bodies. One friendly cartoon. One clock. Minted on Base.,3943.gif,Cream,Bunny,Sleepy,Beanie,None,Star
3944,Scribblin #3944,A looping doodle critter from Scribblins. Four bodies. One friendly cartoon. One clock. Minted on Base.,3944.gif,Sky,Bunny,Normal,Flower,Bandana,Pencil
3945,Scribblin #3945,A looping doodle critter from Scribblins. Four bodies. One friendly cartoon. One clock. Minted on Base.,3945.gif,Clay,Frog,Grin,None,Bowtie,Pencil
3946,Scribblin #3946,A looping doodle critter from Scribblins. Four bodies. One friendly cartoon. One clock. Minted on Base.,3946.gif,Sky,Bear,Blep,Bow,Bandana,None
3947,Scribblin #3947,A looping doodle critter from Scribblins. Four bodies. One friendly cartoon. One clock. Minted on Base.,3947.gif,Clay,Frog,Normal,Leaf,None,Star
3948,Scribblin #3948,A looping doodle critter from Scribblins. Four bodies. One friendly cartoon. One clock. Minted on Base.,3948.gif,Cream,Bear,Pout,Flower,Bowtie,Heart
3949,Scribblin #3949,A looping doodle critter from Scribblins. Four bodies. One friendly cartoon. One clock. Minted on Base.,3949.gif,Butter,Bear,Grin,Flower,Scarf,Star
3950,Scribblin #3950,A looping doodle critter from Scribblins. Four bodies. One friendly cartoon. One clock. Minted on Base.,3950.gif,Cream,Frog,Pout,Flower,Scarf,None
3951,Scribblin #3951,A looping doodle critter from Scribblins. Four bodies. One friendly cartoon. One clock. Minted on Base.,3951.gif,Sky,Frog,Heart,Leaf,Bowtie,Star
3952,Scribblin #3952,A looping doodle critter from Scribblins. Four bodies. One friendly cartoon. One clock. Minted on Base.,3952.gif,Cream,Pup,Normal,Leaf,None,Balloon
3953,Scribblin #3953,A looping doodle critter from Scribblins. Four bodies. One friendly cartoon. One clock. Minted on Base.,3953.gif,Clay,Bunny,Normal,Flower,None,Pencil
3954,Scribblin #3954,A looping doodle critter from Scribblins. Four bodies. One friendly cartoon. One clock. Minted on Base.,3954.gif,Butter,Frog,Sparkly,Beanie,None,None
3955,Scribblin #3955,A looping doodle critter from Scribblins. Four bodies. One friendly cartoon. One clock. Minted on Base.,3955.gif,Butter,Frog,Blep,Bow,Scarf,Pencil
3956,Scribblin #3956,A looping doodle critter from Scribblins. Four bodies. One friendly cartoon. One clock. Minted on Base.,3956.gif,Cream,Bear,Wink,None,Scarf,Balloon
3957,Scribblin #3957,A looping doodle critter from Scribblins. Four bodies. One friendly cartoon. One clock. Minted on Base.,3957.gif,Butter,Bear,Sleepy,Headphones,None,Star
3958,Scribblin #3958,A looping doodle critter from Scribblins. Four bodies. One friendly cartoon. One clock. Minted on Base.,3958.gif,Cream,Bunny,Sparkly,Headphones,Bandana,Balloon
3959,Scribblin #3959,A looping doodle critter from Scribblins. Four bodies. One friendly cartoon. One clock. Minted on Base.,3959.gif,Cream,Bear,Grin,Bow,None,Heart
3960,Scribblin #3960,A looping doodle critter from Scribblins. Four bodies. One friendly cartoon. One clock. Minted on Base.,3960.gif,Sky,Frog,Blep,None,Scarf,None
3961,Scribblin #3961,A looping doodle critter from Scribblins. Four bodies. One friendly cartoon. One clock. Minted on Base.,3961.gif,Cream,Bear,Normal,Flower,None,Heart
3962,Scribblin #3962,A looping doodle critter from Scribblins. Four bodies. One friendly cartoon. One clock. Minted on Base.,3962.gif,Cream,Bunny,Heart,Headphones,Bandana,Pencil
3963,Scribblin #3963,A looping doodle critter from Scribblins. Four bodies. One friendly cartoon. One clock. Minted on Base.,3963.gif,Cream,Bunny,Normal,Bow,Scarf,Pencil
3964,Scribblin #3964,A looping doodle critter from Scribblins. Four bodies. One friendly cartoon. One clock. Minted on Base.,3964.gif,Clay,Frog,Sparkly,Beanie,Scarf,None
3965,Scribblin #3965,A looping doodle critter from Scribblins. Four bodies. One friendly cartoon. One clock. Minted on Base.,3965.gif,Clay,Pup,Grin,Headphones,None,Heart
3966,Scribblin #3966,A looping doodle critter from Scribblins. Four bodies. One friendly cartoon. One clock. Minted on Base.,3966.gif,Cream,Bear,Normal,Beanie,None,Star
3967,Scribblin #3967,A looping doodle critter from Scribblins. Four bodies. One friendly cartoon. One clock. Minted on Base.,3967.gif,Cream,Bear,Blep,Bow,Scarf,None
3968,Scribblin #3968,A looping doodle critter from Scribblins. Four bodies. One friendly cartoon. One clock. Minted on Base.,3968.gif,Sky,Bear,Sparkly,Flower,Bowtie,None
3969,Scribblin #3969,A looping doodle critter from Scribblins. Four bodies. One friendly cartoon. One clock. Minted on Base.,3969.gif,Butter,Pup,Sleepy,Cap,Bandana,Star
3970,Scribblin #3970,A looping doodle critter from Scribblins. Four bodies. One friendly cartoon. One clock. Minted on Base.,3970.gif,Cream,Frog,Wink,None,Bowtie,Balloon
3971,Scribblin #3971,A looping doodle critter from Scribblins. Four bodies. One friendly cartoon. One clock. Minted on Base.,3971.gif,Sky,Frog,Wink,Cap,None,Star
3972,Scribblin #3972,A looping doodle critter from Scribblins. Four bodies. One friendly cartoon. One clock. Minted on Base.,3972.gif,Cream,Bear,Wink,None,Bowtie,Heart
3973,Scribblin #3973,A looping doodle critter from Scribblins. Four bodies. One friendly cartoon. One clock. Minted on Base.,3973.gif,Cream,Bear,Normal,Leaf,Scarf,Heart
3974,Scribblin #3974,A looping doodle critter from Scribblins. Four bodies. One friendly cartoon. One clock. Minted on Base.,3974.gif,Sky,Bear,Sparkly,Headphones,None,Heart
3975,Scribblin #3975,A looping doodle critter from Scribblins. Four bodies. One friendly cartoon. One clock. Minted on Base.,3975.gif,Clay,Frog,Heart,Flower,None,Heart
3976,Scribblin #3976,A looping doodle critter from Scribblins. Four bodies. One friendly cartoon. One clock. Minted on Base.,3976.gif,Cream,Pup,Sleepy,Leaf,None,None
3977,Scribblin #3977,A looping doodle critter from Scribblins. Four bodies. One friendly cartoon. One clock. Minted on Base.,3977.gif,Sky,Bear,Normal,Cap,None,Balloon
3978,Scribblin #3978,A looping doodle critter from Scribblins. Four bodies. One friendly cartoon. One clock. Minted on Base.,3978.gif,Clay,Pup,Grin,None,None,Heart
3979,Scribblin #3979,A looping doodle critter from Scribblins. Four bodies. One friendly cartoon. One clock. Minted on Base.,3979.gif,Sky,Frog,Normal,None,None,None
3980,Scribblin #3980,A looping doodle critter from Scribblins. Four bodies. One friendly cartoon. One clock. Minted on Base.,3980.gif,Cream,Bunny,Sparkly,Headphones,Bandana,Star
3981,Scribblin #3981,A looping doodle critter from Scribblins. Four bodies. One friendly cartoon. One clock. Minted on Base.,3981.gif,Cream,Bunny,Grin,Bow,None,Pencil
3982,Scribblin #3982,A looping doodle critter from Scribblins. Four bodies. One friendly cartoon. One clock. Minted on Base.,3982.gif,Cream,Pup,Normal,Beanie,Scarf,None
3983,Scribblin #3983,A looping doodle critter from Scribblins. Four bodies. One friendly cartoon. One clock. Minted on Base.,3983.gif,Clay,Bear,Grin,Flower,Bandana,Star
3984,Scribblin #3984,A looping doodle critter from Scribblins. Four bodies. One friendly cartoon. One clock. Minted on Base.,3984.gif,Cream,Bunny,Normal,Flower,Bandana,Star
3985,Scribblin #3985,A looping doodle critter from Scribblins. Four bodies. One friendly cartoon. One clock. Minted on Base.,3985.gif,Cream,Bear,Normal,Headphones,Bowtie,None
3986,Scribblin #3986,A looping doodle critter from Scribblins. Four bodies. One friendly cartoon. One clock. Minted on Base.,3986.gif,Cream,Bear,Sleepy,Bow,Bowtie,Pencil
3987,Scribblin #3987,A looping doodle critter from Scribblins. Four bodies. One friendly cartoon. One clock. Minted on Base.,3987.gif,Cream,Pup,Blep,Cap,Scarf,None
3988,Scribblin #3988,A looping doodle critter from Scribblins. Four bodies. One friendly cartoon. One clock. Minted on Base.,3988.gif,Clay,Pup,Pout,Beanie,Scarf,Pencil
3989,Scribblin #3989,A looping doodle critter from Scribblins. Four bodies. One friendly cartoon. One clock. Minted on Base.,3989.gif,Cream,Bunny,Heart,Leaf,Bandana,Star
3990,Scribblin #3990,A looping doodle critter from Scribblins. Four bodies. One friendly cartoon. One clock. Minted on Base.,3990.gif,Sky,Frog,Sparkly,None,Bowtie,Star
3991,Scribblin #3991,A looping doodle critter from Scribblins. Four bodies. One friendly cartoon. One clock. Minted on Base.,3991.gif,Sky,Pup,Pout,None,None,None
3992,Scribblin #3992,A looping doodle critter from Scribblins. Four bodies. One friendly cartoon. One clock. Minted on Base.,3992.gif,Cream,Frog,Sleepy,Flower,Scarf,Balloon
3993,Scribblin #3993,A looping doodle critter from Scribblins. Four bodies. One friendly cartoon. One clock. Minted on Base.,3993.gif,Butter,Frog,Sleepy,None,Scarf,Heart
3994,Scribblin #3994,A looping doodle critter from Scribblins. Four bodies. One friendly cartoon. One clock. Minted on Base.,3994.gif,Butter,Bear,Sparkly,Beanie,None,Pencil
3995,Scribblin #3995,A looping doodle critter from Scribblins. Four bodies. One friendly cartoon. One clock. Minted on Base.,3995.gif,Clay,Bear,Grin,Bow,None,Star
3996,Scribblin #3996,A looping doodle critter from Scribblins. Four bodies. One friendly cartoon. One clock. Minted on Base.,3996.gif,Clay,Bunny,Blep,None,Bandana,Heart
3997,Scribblin #3997,A looping doodle critter from Scribblins. Four bodies. One friendly cartoon. One clock. Minted on Base.,3997.gif,Sky,Frog,Heart,Bow,None,None
3998,Scribblin #3998,A looping doodle critter from Scribblins. Four bodies. One friendly cartoon. One clock. Minted on Base.,3998.gif,Cream,Bunny,Heart,Beanie,Bandana,Star
3999,Scribblin #3999,A looping doodle critter from Scribblins. Four bodies. One friendly cartoon. One clock. Minted on Base.,3999.gif,Butter,Bunny,Pout,Leaf,Bandana,Pencil
4000,Scribblin #4000,A looping doodle critter from Scribblins. Four bodies. One friendly cartoon. One clock. Minted on Base.,4000.gif,Cream,Frog,Pout,Beanie,Bowtie,Balloon
4001,Scribblin #4001,A looping doodle critter from Scribblins. Four bodies. One friendly cartoon. One clock. Minted on Base.,4001.gif,Butter,Bunny,Sleepy,Headphones,Bandana,Pencil
4002,Scribblin #4002,A looping doodle critter from Scribblins. Four bodies. One friendly cartoon. One clock. Minted on Base.,4002.gif,Butter,Pup,Sleepy,Headphones,Bowtie,Heart
4003,Scribblin #4003,A looping doodle critter from Scribblins. Four bodies. One friendly cartoon. One clock. Minted on Base.,4003.gif,Butter,Pup,Sparkly,Flower,None,Pencil
4004,Scribblin #4004,A looping doodle critter from Scribblins. Four bodies. One friendly cartoon. One clock. Minted on Base.,4004.gif,Butter,Frog,Normal,Flower,Scarf,Balloon
4005,Scribblin #4005,A looping doodle critter from Scribblins. Four bodies. One friendly cartoon. One clock. Minted on Base.,4005.gif,Cream,Bunny,Normal,Headphones,Bandana,Star
4006,Scribblin #4006,A looping doodle critter from Scribblins. Four bodies. One friendly cartoon. One clock. Minted on Base.,4006.gif,Cream,Bear,Heart,Headphones,Bowtie,Balloon
4007,Scribblin #4007,A looping doodle critter from Scribblins. Four bodies. One friendly cartoon. One clock. Minted on Base.,4007.gif,Clay,Bunny,Normal,Bow,Scarf,Heart
4008,Scribblin #4008,A looping doodle critter from Scribblins. Four bodies. One friendly cartoon. One clock. Minted on Base.,4008.gif,Cream,Bear,Grin,Headphones,None,Pencil
4009,Scribblin #4009,A looping doodle critter from Scribblins. Four bodies. One friendly cartoon. One clock. Minted on Base.,4009.gif,Cream,Frog,Grin,Bow,None,Star
4010,Scribblin #4010,A looping doodle critter from Scribblins. Four bodies. One friendly cartoon. One clock. Minted on Base.,4010.gif,Clay,Bear,Blep,Flower,Bowtie,Star
4011,Scribblin #4011,A looping doodle critter from Scribblins. Four bodies. One friendly cartoon. One clock. Minted on Base.,4011.gif,Clay,Bunny,Sleepy,None,Bowtie,Heart
4012,Scribblin #4012,A looping doodle critter from Scribblins. Four bodies. One friendly cartoon. One clock. Minted on Base.,4012.gif,Clay,Bear,Pout,Flower,Bowtie,Star
4013,Scribblin #4013,A looping doodle critter from Scribblins. Four bodies. One friendly cartoon. One clock. Minted on Base.,4013.gif,Cream,Pup,Sleepy,Bow,Bowtie,Star
4014,Scribblin #4014,A looping doodle critter from Scribblins. Four bodies. One friendly cartoon. One clock. Minted on Base.,4014.gif,Cream,Bunny,Heart,Cap,Scarf,Heart
4015,Scribblin #4015,A looping doodle critter from Scribblins. Four bodies. One friendly cartoon. One clock. Minted on Base.,4015.gif,Butter,Bear,Normal,Cap,None,None
4016,Scribblin #4016,A looping doodle critter from Scribblins. Four bodies. One friendly cartoon. One clock. Minted on Base.,4016.gif,Cream,Bear,Wink,Flower,Bandana,None
4017,Scribblin #4017,A looping doodle critter from Scribblins. Four bodies. One friendly cartoon. One clock. Minted on Base.,4017.gif,Cream,Pup,Blep,Flower,Scarf,None
4018,Scribblin #4018,A looping doodle critter from Scribblins. Four bodies. One friendly cartoon. One clock. Minted on Base.,4018.gif,Sky,Frog,Normal,Bow,None,Balloon
4019,Scribblin #4019,A looping doodle critter from Scribblins. Four bodies. One friendly cartoon. One clock. Minted on Base.,4019.gif,Cream,Bear,Blep,Beanie,Bandana,Pencil
4020,Scribblin #4020,A looping doodle critter from Scribblins. Four bodies. One friendly cartoon. One clock. Minted on Base.,4020.gif,Sky,Bunny,Grin,Cap,None,None
4021,Scribblin #4021,A looping doodle critter from Scribblins. Four bodies. One friendly cartoon. One clock. Minted on Base.,4021.gif,Sky,Bear,Pout,None,Bowtie,None
4022,Scribblin #4022,A looping doodle critter from Scribblins. Four bodies. One friendly cartoon. One clock. Minted on Base.,4022.gif,Sky,Frog,Sparkly,Beanie,Scarf,Heart
4023,Scribblin #4023,A looping doodle critter from Scribblins. Four bodies. One friendly cartoon. One clock. Minted on Base.,4023.gif,Cream,Frog,Blep,Leaf,Scarf,Star
4024,Scribblin #4024,A looping doodle critter from Scribblins. Four bodies. One friendly cartoon. One clock. Minted on Base.,4024.gif,Clay,Bear,Pout,Bow,Bowtie,None
4025,Scribblin #4025,A looping doodle critter from Scribblins. Four bodies. One friendly cartoon. One clock. Minted on Base.,4025.gif,Clay,Bunny,Normal,Flower,Scarf,Star
4026,Scribblin #4026,A looping doodle critter from Scribblins. Four bodies. One friendly cartoon. One clock. Minted on Base.,4026.gif,Cream,Pup,Normal,Headphones,None,Pencil
4027,Scribblin #4027,A looping doodle critter from Scribblins. Four bodies. One friendly cartoon. One clock. Minted on Base.,4027.gif,Clay,Bunny,Grin,Leaf,None,Balloon
4028,Scribblin #4028,A looping doodle critter from Scribblins. Four bodies. One friendly cartoon. One clock. Minted on Base.,4028.gif,Sky,Bear,Sleepy,Leaf,Bandana,Pencil
4029,Scribblin #4029,A looping doodle critter from Scribblins. Four bodies. One friendly cartoon. One clock. Minted on Base.,4029.gif,Butter,Bunny,Normal,Bow,Bandana,Heart
4030,Scribblin #4030,A looping doodle critter from Scribblins. Four bodies. One friendly cartoon. One clock. Minted on Base.,4030.gif,Sky,Bear,Normal,Leaf,None,None
4031,Scribblin #4031,A looping doodle critter from Scribblins. Four bodies. One friendly cartoon. One clock. Minted on Base.,4031.gif,Butter,Bunny,Pout,None,None,None
4032,Scribblin #4032,A looping doodle critter from Scribblins. Four bodies. One friendly cartoon. One clock. Minted on Base.,4032.gif,Clay,Bunny,Wink,Bow,None,Star
4033,Scribblin #4033,A looping doodle critter from Scribblins. Four bodies. One friendly cartoon. One clock. Minted on Base.,4033.gif,Clay,Bear,Sparkly,Headphones,Bowtie,Heart
4034,Scribblin #4034,A looping doodle critter from Scribblins. Four bodies. One friendly cartoon. One clock. Minted on Base.,4034.gif,Cream,Bear,Pout,Leaf,Scarf,None
4035,Scribblin #4035,A looping doodle critter from Scribblins. Four bodies. One friendly cartoon. One clock. Minted on Base.,4035.gif,Butter,Frog,Sparkly,Headphones,None,None
4036,Scribblin #4036,A looping doodle critter from Scribblins. Four bodies. One friendly cartoon. One clock. Minted on Base.,4036.gif,Cream,Bear,Pout,Leaf,None,Star
4037,Scribblin #4037,A looping doodle critter from Scribblins. Four bodies. One friendly cartoon. One clock. Minted on Base.,4037.gif,Cream,Bunny,Normal,Leaf,Bowtie,Star
4038,Scribblin #4038,A looping doodle critter from Scribblins. Four bodies. One friendly cartoon. One clock. Minted on Base.,4038.gif,Sky,Bunny,Grin,Cap,Bowtie,Heart
4039,Scribblin #4039,A looping doodle critter from Scribblins. Four bodies. One friendly cartoon. One clock. Minted on Base.,4039.gif,Clay,Frog,Normal,Beanie,Bandana,None
4040,Scribblin #4040,A looping doodle critter from Scribblins. Four bodies. One friendly cartoon. One clock. Minted on Base.,4040.gif,Sky,Pup,Heart,Bow,None,None
4041,Scribblin #4041,A looping doodle critter from Scribblins. Four bodies. One friendly cartoon. One clock. Minted on Base.,4041.gif,Clay,Bear,Normal,Beanie,Bandana,None
4042,Scribblin #4042,A looping doodle critter from Scribblins. Four bodies. One friendly cartoon. One clock. Minted on Base.,4042.gif,Cream,Bear,Blep,Bow,Bowtie,None
4043,Scribblin #4043,A looping doodle critter from Scribblins. Four bodies. One friendly cartoon. One clock. Minted on Base.,4043.gif,Sky,Pup,Blep,Flower,Bandana,Star
4044,Scribblin #4044,A looping doodle critter from Scribblins. Four bodies. One friendly cartoon. One clock. Minted on Base.,4044.gif,Butter,Bunny,Blep,None,None,Balloon
4045,Scribblin #4045,A looping doodle critter from Scribblins. Four bodies. One friendly cartoon. One clock. Minted on Base.,4045.gif,Cream,Frog,Pout,None,Scarf,Star
4046,Scribblin #4046,A looping doodle critter from Scribblins. Four bodies. One friendly cartoon. One clock. Minted on Base.,4046.gif,Sky,Pup,Wink,Beanie,Bandana,None
4047,Scribblin #4047,A looping doodle critter from Scribblins. Four bodies. One friendly cartoon. One clock. Minted on Base.,4047.gif,Sky,Bunny,Grin,Bow,Bandana,Star
4048,Scribblin #4048,A looping doodle critter from Scribblins. Four bodies. One friendly cartoon. One clock. Minted on Base.,4048.gif,Sky,Bunny,Blep,None,Bandana,Heart
4049,Scribblin #4049,A looping doodle critter from Scribblins. Four bodies. One friendly cartoon. One clock. Minted on Base.,4049.gif,Clay,Frog,Normal,Bow,Bandana,Heart
4050,Scribblin #4050,A looping doodle critter from Scribblins. Four bodies. One friendly cartoon. One clock. Minted on Base.,4050.gif,Butter,Bear,Pout,None,None,Star
4051,Scribblin #4051,A looping doodle critter from Scribblins. Four bodies. One friendly cartoon. One clock. Minted on Base.,4051.gif,Clay,Frog,Sleepy,Beanie,None,None
4052,Scribblin #4052,A looping doodle critter from Scribblins. Four bodies. One friendly cartoon. One clock. Minted on Base.,4052.gif,Butter,Frog,Blep,None,Bowtie,None
4053,Scribblin #4053,A looping doodle critter from Scribblins. Four bodies. One friendly cartoon. One clock. Minted on Base.,4053.gif,Cream,Pup,Wink,Beanie,None,Balloon
4054,Scribblin #4054,A looping doodle critter from Scribblins. Four bodies. One friendly cartoon. One clock. Minted on Base.,4054.gif,Clay,Pup,Wink,Beanie,None,Heart
4055,Scribblin #4055,A looping doodle critter from Scribblins. Four bodies. One friendly cartoon. One clock. Minted on Base.,4055.gif,Cream,Bear,Grin,Beanie,None,Pencil
4056,Scribblin #4056,A looping doodle critter from Scribblins. Four bodies. One friendly cartoon. One clock. Minted on Base.,4056.gif,Clay,Frog,Blep,Beanie,Scarf,Star
4057,Scribblin #4057,A looping doodle critter from Scribblins. Four bodies. One friendly cartoon. One clock. Minted on Base.,4057.gif,Butter,Bunny,Pout,Beanie,Bandana,Heart
4058,Scribblin #4058,A looping doodle critter from Scribblins. Four bodies. One friendly cartoon. One clock. Minted on Base.,4058.gif,Cream,Bear,Sleepy,Flower,Bowtie,Balloon
4059,Scribblin #4059,A looping doodle critter from Scribblins. Four bodies. One friendly cartoon. One clock. Minted on Base.,4059.gif,Sky,Pup,Pout,Beanie,Bandana,None
4060,Scribblin #4060,A looping doodle critter from Scribblins. Four bodies. One friendly cartoon. One clock. Minted on Base.,4060.gif,Cream,Pup,Sparkly,Bow,None,Heart
4061,Scribblin #4061,A looping doodle critter from Scribblins. Four bodies. One friendly cartoon. One clock. Minted on Base.,4061.gif,Cream,Pup,Blep,None,Bowtie,None
4062,Scribblin #4062,A looping doodle critter from Scribblins. Four bodies. One friendly cartoon. One clock. Minted on Base.,4062.gif,Cream,Frog,Pout,Flower,Bowtie,None
4063,Scribblin #4063,A looping doodle critter from Scribblins. Four bodies. One friendly cartoon. One clock. Minted on Base.,4063.gif,Sky,Pup,Blep,Flower,None,None
4064,Scribblin #4064,A looping doodle critter from Scribblins. Four bodies. One friendly cartoon. One clock. Minted on Base.,4064.gif,Butter,Pup,Grin,Headphones,Bowtie,Balloon
4065,Scribblin #4065,A looping doodle critter from Scribblins. Four bodies. One friendly cartoon. One clock. Minted on Base.,4065.gif,Cream,Bunny,Wink,Leaf,None,Balloon
4066,Scribblin #4066,A looping doodle critter from Scribblins. Four bodies. One friendly cartoon. One clock. Minted on Base.,4066.gif,Sky,Pup,Pout,Bow,None,None
4067,Scribblin #4067,A looping doodle critter from Scribblins. Four bodies. One friendly cartoon. One clock. Minted on Base.,4067.gif,Cream,Bunny,Sparkly,None,Scarf,Heart
4068,Scribblin #4068,A looping doodle critter from Scribblins. Four bodies. One friendly cartoon. One clock. Minted on Base.,4068.gif,Butter,Frog,Normal,None,None,Star
4069,Scribblin #4069,A looping doodle critter from Scribblins. Four bodies. One friendly cartoon. One clock. Minted on Base.,4069.gif,Sky,Bunny,Heart,None,Scarf,Heart
4070,Scribblin #4070,A looping doodle critter from Scribblins. Four bodies. One friendly cartoon. One clock. Minted on Base.,4070.gif,Clay,Frog,Blep,None,Bandana,None
4071,Scribblin #4071,A looping doodle critter from Scribblins. Four bodies. One friendly cartoon. One clock. Minted on Base.,4071.gif,Cream,Pup,Blep,Leaf,Bandana,None
4072,Scribblin #4072,A looping doodle critter from Scribblins. Four bodies. One friendly cartoon. One clock. Minted on Base.,4072.gif,Clay,Bear,Grin,Beanie,None,Balloon
4073,Scribblin #4073,A looping doodle critter from Scribblins. Four bodies. One friendly cartoon. One clock. Minted on Base.,4073.gif,Cream,Bunny,Pout,None,Scarf,None
4074,Scribblin #4074,A looping doodle critter from Scribblins. Four bodies. One friendly cartoon. One clock. Minted on Base.,4074.gif,Clay,Bear,Grin,Headphones,Scarf,Pencil
4075,Scribblin #4075,A looping doodle critter from Scribblins. Four bodies. One friendly cartoon. One clock. Minted on Base.,4075.gif,Sky,Pup,Blep,Flower,None,Balloon
4076,Scribblin #4076,A looping doodle critter from Scribblins. Four bodies. One friendly cartoon. One clock. Minted on Base.,4076.gif,Clay,Frog,Blep,None,None,Star
4077,Scribblin #4077,A looping doodle critter from Scribblins. Four bodies. One friendly cartoon. One clock. Minted on Base.,4077.gif,Clay,Frog,Normal,Flower,Bandana,Pencil
4078,Scribblin #4078,A looping doodle critter from Scribblins. Four bodies. One friendly cartoon. One clock. Minted on Base.,4078.gif,Butter,Bunny,Blep,Cap,Bandana,Star
4079,Scribblin #4079,A looping doodle critter from Scribblins. Four bodies. One friendly cartoon. One clock. Minted on Base.,4079.gif,Butter,Bear,Wink,None,None,Heart
4080,Scribblin #4080,A looping doodle critter from Scribblins. Four bodies. One friendly cartoon. One clock. Minted on Base.,4080.gif,Clay,Bunny,Sleepy,Bow,Scarf,None
4081,Scribblin #4081,A looping doodle critter from Scribblins. Four bodies. One friendly cartoon. One clock. Minted on Base.,4081.gif,Clay,Bear,Wink,Flower,None,Star
4082,Scribblin #4082,A looping doodle critter from Scribblins. Four bodies. One friendly cartoon. One clock. Minted on Base.,4082.gif,Sky,Frog,Blep,Beanie,Bowtie,None
4083,Scribblin #4083,A looping doodle critter from Scribblins. Four bodies. One friendly cartoon. One clock. Minted on Base.,4083.gif,Butter,Pup,Blep,None,Scarf,Star
4084,Scribblin #4084,A looping doodle critter from Scribblins. Four bodies. One friendly cartoon. One clock. Minted on Base.,4084.gif,Clay,Bear,Grin,Flower,Bowtie,None
4085,Scribblin #4085,A looping doodle critter from Scribblins. Four bodies. One friendly cartoon. One clock. Minted on Base.,4085.gif,Butter,Frog,Wink,Headphones,None,Heart
4086,Scribblin #4086,A looping doodle critter from Scribblins. Four bodies. One friendly cartoon. One clock. Minted on Base.,4086.gif,Cream,Bear,Heart,Flower,None,Heart
4087,Scribblin #4087,A looping doodle critter from Scribblins. Four bodies. One friendly cartoon. One clock. Minted on Base.,4087.gif,Cream,Bear,Grin,Cap,Scarf,Heart
4088,Scribblin #4088,A looping doodle critter from Scribblins. Four bodies. One friendly cartoon. One clock. Minted on Base.,4088.gif,Sky,Bunny,Sparkly,Beanie,Scarf,None
4089,Scribblin #4089,A looping doodle critter from Scribblins. Four bodies. One friendly cartoon. One clock. Minted on Base.,4089.gif,Cream,Bunny,Sleepy,None,Scarf,Star
4090,Scribblin #4090,A looping doodle critter from Scribblins. Four bodies. One friendly cartoon. One clock. Minted on Base.,4090.gif,Clay,Bear,Heart,Flower,None,Heart
4091,Scribblin #4091,A looping doodle critter from Scribblins. Four bodies. One friendly cartoon. One clock. Minted on Base.,4091.gif,Cream,Bear,Wink,Cap,Scarf,Heart
4092,Scribblin #4092,A looping doodle critter from Scribblins. Four bodies. One friendly cartoon. One clock. Minted on Base.,4092.gif,Sky,Pup,Blep,None,Scarf,Pencil
4093,Scribblin #4093,A looping doodle critter from Scribblins. Four bodies. One friendly cartoon. One clock. Minted on Base.,4093.gif,Cream,Pup,Normal,Headphones,Scarf,Star
4094,Scribblin #4094,A looping doodle critter from Scribblins. Four bodies. One friendly cartoon. One clock. Minted on Base.,4094.gif,Butter,Bear,Wink,Flower,Scarf,Star
4095,Scribblin #4095,A looping doodle critter from Scribblins. Four bodies. One friendly cartoon. One clock. Minted on Base.,4095.gif,Sky,Pup,Normal,Flower,Bowtie,None
4096,Scribblin #4096,A looping doodle critter from Scribblins. Four bodies. One friendly cartoon. One clock. Minted on Base.,4096.gif,Cream,Bear,Grin,Headphones,None,None
4097,Scribblin #4097,A looping doodle critter from Scribblins. Four bodies. One friendly cartoon. One clock. Minted on Base.,4097.gif,Butter,Pup,Grin,None,Scarf,Heart
4098,Scribblin #4098,A looping doodle critter from Scribblins. Four bodies. One friendly cartoon. One clock. Minted on Base.,4098.gif,Sky,Frog,Blep,None,None,Star
4099,Scribblin #4099,A looping doodle critter from Scribblins. Four bodies. One friendly cartoon. One clock. Minted on Base.,4099.gif,Sky,Bear,Heart,Beanie,Scarf,None
4100,Scribblin #4100,A looping doodle critter from Scribblins. Four bodies. One friendly cartoon. One clock. Minted on Base.,4100.gif,Butter,Bunny,Grin,Headphones,None,Star
4101,Scribblin #4101,A looping doodle critter from Scribblins. Four bodies. One friendly cartoon. One clock. Minted on Base.,4101.gif,Sky,Bunny,Heart,None,Bandana,Pencil
4102,Scribblin #4102,A looping doodle critter from Scribblins. Four bodies. One friendly cartoon. One clock. Minted on Base.,4102.gif,Sky,Bear,Heart,Headphones,Bowtie,Pencil
4103,Scribblin #4103,A looping doodle critter from Scribblins. Four bodies. One friendly cartoon. One clock. Minted on Base.,4103.gif,Cream,Bunny,Grin,Flower,Bandana,Balloon
4104,Scribblin #4104,A looping doodle critter from Scribblins. Four bodies. One friendly cartoon. One clock. Minted on Base.,4104.gif,Clay,Bunny,Sleepy,None,Bowtie,Balloon
4105,Scribblin #4105,A looping doodle critter from Scribblins. Four bodies. One friendly cartoon. One clock. Minted on Base.,4105.gif,Cream,Bunny,Wink,None,Bandana,None
4106,Scribblin #4106,A looping doodle critter from Scribblins. Four bodies. One friendly cartoon. One clock. Minted on Base.,4106.gif,Butter,Pup,Sleepy,Flower,Bowtie,Pencil
4107,Scribblin #4107,A looping doodle critter from Scribblins. Four bodies. One friendly cartoon. One clock. Minted on Base.,4107.gif,Clay,Bear,Heart,Cap,None,None
4108,Scribblin #4108,A looping doodle critter from Scribblins. Four bodies. One friendly cartoon. One clock. Minted on Base.,4108.gif,Butter,Bunny,Pout,Headphones,Scarf,Star
4109,Scribblin #4109,A looping doodle critter from Scribblins. Four bodies. One friendly cartoon. One clock. Minted on Base.,4109.gif,Cream,Pup,Sleepy,Bow,Bandana,None
4110,Scribblin #4110,A looping doodle critter from Scribblins. Four bodies. One friendly cartoon. One clock. Minted on Base.,4110.gif,Cream,Frog,Pout,Cap,Bandana,Pencil
4111,Scribblin #4111,A looping doodle critter from Scribblins. Four bodies. One friendly cartoon. One clock. Minted on Base.,4111.gif,Cream,Bunny,Heart,Flower,Bowtie,None
4112,Scribblin #4112,A looping doodle critter from Scribblins. Four bodies. One friendly cartoon. One clock. Minted on Base.,4112.gif,Cream,Bunny,Blep,Flower,Bandana,Heart
4113,Scribblin #4113,A looping doodle critter from Scribblins. Four bodies. One friendly cartoon. One clock. Minted on Base.,4113.gif,Sky,Bear,Sleepy,Headphones,Bandana,Pencil
4114,Scribblin #4114,A looping doodle critter from Scribblins. Four bodies. One friendly cartoon. One clock. Minted on Base.,4114.gif,Cream,Bunny,Sparkly,Beanie,Bowtie,Heart
4115,Scribblin #4115,A looping doodle critter from Scribblins. Four bodies. One friendly cartoon. One clock. Minted on Base.,4115.gif,Butter,Pup,Sparkly,Headphones,Scarf,Heart
4116,Scribblin #4116,A looping doodle critter from Scribblins. Four bodies. One friendly cartoon. One clock. Minted on Base.,4116.gif,Cream,Frog,Wink,Leaf,Scarf,None
4117,Scribblin #4117,A looping doodle critter from Scribblins. Four bodies. One friendly cartoon. One clock. Minted on Base.,4117.gif,Clay,Pup,Wink,Beanie,None,Pencil
4118,Scribblin #4118,A looping doodle critter from Scribblins. Four bodies. One friendly cartoon. One clock. Minted on Base.,4118.gif,Cream,Bear,Blep,Flower,Scarf,Pencil
4119,Scribblin #4119,A looping doodle critter from Scribblins. Four bodies. One friendly cartoon. One clock. Minted on Base.,4119.gif,Butter,Bunny,Sleepy,Headphones,Scarf,None
4120,Scribblin #4120,A looping doodle critter from Scribblins. Four bodies. One friendly cartoon. One clock. Minted on Base.,4120.gif,Cream,Bunny,Blep,Cap,None,Balloon
4121,Scribblin #4121,A looping doodle critter from Scribblins. Four bodies. One friendly cartoon. One clock. Minted on Base.,4121.gif,Cream,Frog,Grin,Bow,Scarf,None
4122,Scribblin #4122,A looping doodle critter from Scribblins. Four bodies. One friendly cartoon. One clock. Minted on Base.,4122.gif,Sky,Bear,Heart,Flower,Bandana,Heart
4123,Scribblin #4123,A looping doodle critter from Scribblins. Four bodies. One friendly cartoon. One clock. Minted on Base.,4123.gif,Butter,Frog,Grin,None,Bandana,Pencil
4124,Scribblin #4124,A looping doodle critter from Scribblins. Four bodies. One friendly cartoon. One clock. Minted on Base.,4124.gif,Butter,Bunny,Grin,Flower,None,Star
4125,Scribblin #4125,A looping doodle critter from Scribblins. Four bodies. One friendly cartoon. One clock. Minted on Base.,4125.gif,Clay,Bear,Blep,Cap,Bandana,Star
4126,Scribblin #4126,A looping doodle critter from Scribblins. Four bodies. One friendly cartoon. One clock. Minted on Base.,4126.gif,Clay,Bear,Sparkly,Beanie,Bowtie,Heart
4127,Scribblin #4127,A looping doodle critter from Scribblins. Four bodies. One friendly cartoon. One clock. Minted on Base.,4127.gif,Cream,Frog,Wink,Flower,Bowtie,Star
4128,Scribblin #4128,A looping doodle critter from Scribblins. Four bodies. One friendly cartoon. One clock. Minted on Base.,4128.gif,Cream,Frog,Normal,Leaf,Bowtie,Heart
4129,Scribblin #4129,A looping doodle critter from Scribblins. Four bodies. One friendly cartoon. One clock. Minted on Base.,4129.gif,Sky,Frog,Wink,Leaf,None,Balloon
4130,Scribblin #4130,A looping doodle critter from Scribblins. Four bodies. One friendly cartoon. One clock. Minted on Base.,4130.gif,Sky,Bear,Blep,Flower,Scarf,Star
4131,Scribblin #4131,A looping doodle critter from Scribblins. Four bodies. One friendly cartoon. One clock. Minted on Base.,4131.gif,Cream,Bunny,Blep,Leaf,None,None
4132,Scribblin #4132,A looping doodle critter from Scribblins. Four bodies. One friendly cartoon. One clock. Minted on Base.,4132.gif,Clay,Pup,Wink,Bow,Scarf,Pencil
4133,Scribblin #4133,A looping doodle critter from Scribblins. Four bodies. One friendly cartoon. One clock. Minted on Base.,4133.gif,Butter,Bunny,Wink,Beanie,Bowtie,Pencil
4134,Scribblin #4134,A looping doodle critter from Scribblins. Four bodies. One friendly cartoon. One clock. Minted on Base.,4134.gif,Sky,Pup,Sleepy,None,Scarf,Balloon
4135,Scribblin #4135,A looping doodle critter from Scribblins. Four bodies. One friendly cartoon. One clock. Minted on Base.,4135.gif,Butter,Pup,Normal,Bow,None,None
4136,Scribblin #4136,A looping doodle critter from Scribblins. Four bodies. One friendly cartoon. One clock. Minted on Base.,4136.gif,Sky,Bunny,Sparkly,Cap,None,Pencil
4137,Scribblin #4137,A looping doodle critter from Scribblins. Four bodies. One friendly cartoon. One clock. Minted on Base.,4137.gif,Butter,Bunny,Sleepy,Cap,Bandana,Balloon
4138,Scribblin #4138,A looping doodle critter from Scribblins. Four bodies. One friendly cartoon. One clock. Minted on Base.,4138.gif,Sky,Bunny,Grin,Cap,None,Pencil
4139,Scribblin #4139,A looping doodle critter from Scribblins. Four bodies. One friendly cartoon. One clock. Minted on Base.,4139.gif,Cream,Bunny,Grin,Headphones,Scarf,None
4140,Scribblin #4140,A looping doodle critter from Scribblins. Four bodies. One friendly cartoon. One clock. Minted on Base.,4140.gif,Cream,Pup,Heart,Headphones,Bowtie,Star
4141,Scribblin #4141,A looping doodle critter from Scribblins. Four bodies. One friendly cartoon. One clock. Minted on Base.,4141.gif,Sky,Bear,Heart,Leaf,Bowtie,Star
4142,Scribblin #4142,A looping doodle critter from Scribblins. Four bodies. One friendly cartoon. One clock. Minted on Base.,4142.gif,Cream,Frog,Sparkly,None,None,Heart
4143,Scribblin #4143,A looping doodle critter from Scribblins. Four bodies. One friendly cartoon. One clock. Minted on Base.,4143.gif,Butter,Bear,Blep,Beanie,Bandana,Heart
4144,Scribblin #4144,A looping doodle critter from Scribblins. Four bodies. One friendly cartoon. One clock. Minted on Base.,4144.gif,Clay,Bear,Blep,None,Scarf,Balloon
4145,Scribblin #4145,A looping doodle critter from Scribblins. Four bodies. One friendly cartoon. One clock. Minted on Base.,4145.gif,Cream,Bear,Wink,Beanie,Bandana,Balloon
4146,Scribblin #4146,A looping doodle critter from Scribblins. Four bodies. One friendly cartoon. One clock. Minted on Base.,4146.gif,Sky,Frog,Sparkly,Headphones,Scarf,Balloon
4147,Scribblin #4147,A looping doodle critter from Scribblins. Four bodies. One friendly cartoon. One clock. Minted on Base.,4147.gif,Butter,Bear,Normal,Headphones,Scarf,None
4148,Scribblin #4148,A looping doodle critter from Scribblins. Four bodies. One friendly cartoon. One clock. Minted on Base.,4148.gif,Clay,Frog,Grin,Beanie,None,Pencil
4149,Scribblin #4149,A looping doodle critter from Scribblins. Four bodies. One friendly cartoon. One clock. Minted on Base.,4149.gif,Butter,Pup,Heart,Cap,Bandana,Star
4150,Scribblin #4150,A looping doodle critter from Scribblins. Four bodies. One friendly cartoon. One clock. Minted on Base.,4150.gif,Cream,Bunny,Pout,None,Bowtie,Heart
4151,Scribblin #4151,A looping doodle critter from Scribblins. Four bodies. One friendly cartoon. One clock. Minted on Base.,4151.gif,Sky,Bunny,Blep,Leaf,None,Star
4152,Scribblin #4152,A looping doodle critter from Scribblins. Four bodies. One friendly cartoon. One clock. Minted on Base.,4152.gif,Clay,Bunny,Normal,Cap,Bandana,None
4153,Scribblin #4153,A looping doodle critter from Scribblins. Four bodies. One friendly cartoon. One clock. Minted on Base.,4153.gif,Sky,Bunny,Wink,Bow,None,Heart
4154,Scribblin #4154,A looping doodle critter from Scribblins. Four bodies. One friendly cartoon. One clock. Minted on Base.,4154.gif,Cream,Bunny,Blep,Headphones,None,Pencil
4155,Scribblin #4155,A looping doodle critter from Scribblins. Four bodies. One friendly cartoon. One clock. Minted on Base.,4155.gif,Cream,Bunny,Sparkly,Leaf,None,Star
4156,Scribblin #4156,A looping doodle critter from Scribblins. Four bodies. One friendly cartoon. One clock. Minted on Base.,4156.gif,Cream,Frog,Normal,Bow,None,Heart
4157,Scribblin #4157,A looping doodle critter from Scribblins. Four bodies. One friendly cartoon. One clock. Minted on Base.,4157.gif,Clay,Bear,Sleepy,Bow,Bowtie,None
4158,Scribblin #4158,A looping doodle critter from Scribblins. Four bodies. One friendly cartoon. One clock. Minted on Base.,4158.gif,Cream,Pup,Sleepy,Bow,None,Balloon
4159,Scribblin #4159,A looping doodle critter from Scribblins. Four bodies. One friendly cartoon. One clock. Minted on Base.,4159.gif,Butter,Bunny,Pout,None,Bowtie,Star
4160,Scribblin #4160,A looping doodle critter from Scribblins. Four bodies. One friendly cartoon. One clock. Minted on Base.,4160.gif,Sky,Bear,Blep,Beanie,Scarf,Pencil
4161,Scribblin #4161,A looping doodle critter from Scribblins. Four bodies. One friendly cartoon. One clock. Minted on Base.,4161.gif,Clay,Pup,Grin,Flower,Bandana,Heart
4162,Scribblin #4162,A looping doodle critter from Scribblins. Four bodies. One friendly cartoon. One clock. Minted on Base.,4162.gif,Cream,Bunny,Wink,None,None,Star
4163,Scribblin #4163,A looping doodle critter from Scribblins. Four bodies. One friendly cartoon. One clock. Minted on Base.,4163.gif,Cream,Bear,Sparkly,None,Scarf,Star
4164,Scribblin #4164,A looping doodle critter from Scribblins. Four bodies. One friendly cartoon. One clock. Minted on Base.,4164.gif,Cream,Bear,Grin,Headphones,Scarf,Pencil
4165,Scribblin #4165,A looping doodle critter from Scribblins. Four bodies. One friendly cartoon. One clock. Minted on Base.,4165.gif,Cream,Frog,Wink,Headphones,Bandana,Heart
4166,Scribblin #4166,A looping doodle critter from Scribblins. Four bodies. One friendly cartoon. One clock. Minted on Base.,4166.gif,Butter,Pup,Wink,Headphones,None,Heart
4167,Scribblin #4167,A looping doodle critter from Scribblins. Four bodies. One friendly cartoon. One clock. Minted on Base.,4167.gif,Cream,Bear,Pout,Beanie,None,Balloon
4168,Scribblin #4168,A looping doodle critter from Scribblins. Four bodies. One friendly cartoon. One clock. Minted on Base.,4168.gif,Sky,Frog,Normal,Flower,Scarf,Balloon
4169,Scribblin #4169,A looping doodle critter from Scribblins. Four bodies. One friendly cartoon. One clock. Minted on Base.,4169.gif,Butter,Pup,Grin,Headphones,Scarf,Balloon
4170,Scribblin #4170,A looping doodle critter from Scribblins. Four bodies. One friendly cartoon. One clock. Minted on Base.,4170.gif,Clay,Bunny,Pout,Flower,Bandana,Pencil
4171,Scribblin #4171,A looping doodle critter from Scribblins. Four bodies. One friendly cartoon. One clock. Minted on Base.,4171.gif,Cream,Frog,Grin,Headphones,None,Heart
4172,Scribblin #4172,A looping doodle critter from Scribblins. Four bodies. One friendly cartoon. One clock. Minted on Base.,4172.gif,Butter,Bear,Heart,Cap,None,Heart
4173,Scribblin #4173,A looping doodle critter from Scribblins. Four bodies. One friendly cartoon. One clock. Minted on Base.,4173.gif,Clay,Pup,Wink,None,Bandana,Star
4174,Scribblin #4174,A looping doodle critter from Scribblins. Four bodies. One friendly cartoon. One clock. Minted on Base.,4174.gif,Cream,Bear,Sleepy,None,Bowtie,Balloon
4175,Scribblin #4175,A looping doodle critter from Scribblins. Four bodies. One friendly cartoon. One clock. Minted on Base.,4175.gif,Cream,Bunny,Sleepy,Beanie,Bandana,Star
4176,Scribblin #4176,A looping doodle critter from Scribblins. Four bodies. One friendly cartoon. One clock. Minted on Base.,4176.gif,Clay,Bunny,Pout,Flower,Bandana,Star
4177,Scribblin #4177,A looping doodle critter from Scribblins. Four bodies. One friendly cartoon. One clock. Minted on Base.,4177.gif,Clay,Bunny,Wink,None,Scarf,Heart
4178,Scribblin #4178,A looping doodle critter from Scribblins. Four bodies. One friendly cartoon. One clock. Minted on Base.,4178.gif,Butter,Frog,Normal,Headphones,Scarf,Star
4179,Scribblin #4179,A looping doodle critter from Scribblins. Four bodies. One friendly cartoon. One clock. Minted on Base.,4179.gif,Sky,Bear,Normal,Flower,None,Star
4180,Scribblin #4180,A looping doodle critter from Scribblins. Four bodies. One friendly cartoon. One clock. Minted on Base.,4180.gif,Cream,Bear,Sleepy,Beanie,Scarf,Balloon
4181,Scribblin #4181,A looping doodle critter from Scribblins. Four bodies. One friendly cartoon. One clock. Minted on Base.,4181.gif,Cream,Frog,Blep,None,Bowtie,Pencil
4182,Scribblin #4182,A looping doodle critter from Scribblins. Four bodies. One friendly cartoon. One clock. Minted on Base.,4182.gif,Cream,Bear,Sparkly,Leaf,None,Star
4183,Scribblin #4183,A looping doodle critter from Scribblins. Four bodies. One friendly cartoon. One clock. Minted on Base.,4183.gif,Clay,Bear,Sleepy,Beanie,Bowtie,Star
4184,Scribblin #4184,A looping doodle critter from Scribblins. Four bodies. One friendly cartoon. One clock. Minted on Base.,4184.gif,Clay,Bunny,Grin,Leaf,None,Heart
4185,Scribblin #4185,A looping doodle critter from Scribblins. Four bodies. One friendly cartoon. One clock. Minted on Base.,4185.gif,Clay,Bunny,Pout,Headphones,Scarf,Heart
4186,Scribblin #4186,A looping doodle critter from Scribblins. Four bodies. One friendly cartoon. One clock. Minted on Base.,4186.gif,Sky,Bear,Wink,Flower,None,Balloon
4187,Scribblin #4187,A looping doodle critter from Scribblins. Four bodies. One friendly cartoon. One clock. Minted on Base.,4187.gif,Cream,Pup,Normal,Beanie,None,Balloon
4188,Scribblin #4188,A looping doodle critter from Scribblins. Four bodies. One friendly cartoon. One clock. Minted on Base.,4188.gif,Cream,Bunny,Sleepy,Bow,None,Balloon
4189,Scribblin #4189,A looping doodle critter from Scribblins. Four bodies. One friendly cartoon. One clock. Minted on Base.,4189.gif,Clay,Bunny,Heart,Cap,Bandana,None
4190,Scribblin #4190,A looping doodle critter from Scribblins. Four bodies. One friendly cartoon. One clock. Minted on Base.,4190.gif,Clay,Frog,Blep,None,Scarf,Heart
4191,Scribblin #4191,A looping doodle critter from Scribblins. Four bodies. One friendly cartoon. One clock. Minted on Base.,4191.gif,Cream,Pup,Blep,Beanie,None,None
4192,Scribblin #4192,A looping doodle critter from Scribblins. Four bodies. One friendly cartoon. One clock. Minted on Base.,4192.gif,Butter,Bear,Grin,Cap,Bandana,Pencil
4193,Scribblin #4193,A looping doodle critter from Scribblins. Four bodies. One friendly cartoon. One clock. Minted on Base.,4193.gif,Clay,Bunny,Blep,Leaf,Scarf,Pencil
4194,Scribblin #4194,A looping doodle critter from Scribblins. Four bodies. One friendly cartoon. One clock. Minted on Base.,4194.gif,Cream,Frog,Sparkly,Leaf,None,None
4195,Scribblin #4195,A looping doodle critter from Scribblins. Four bodies. One friendly cartoon. One clock. Minted on Base.,4195.gif,Butter,Bunny,Blep,Headphones,Bowtie,Star
4196,Scribblin #4196,A looping doodle critter from Scribblins. Four bodies. One friendly cartoon. One clock. Minted on Base.,4196.gif,Sky,Pup,Normal,Flower,Scarf,Pencil
4197,Scribblin #4197,A looping doodle critter from Scribblins. Four bodies. One friendly cartoon. One clock. Minted on Base.,4197.gif,Sky,Bear,Grin,Flower,Bandana,None
4198,Scribblin #4198,A looping doodle critter from Scribblins. Four bodies. One friendly cartoon. One clock. Minted on Base.,4198.gif,Clay,Frog,Grin,Flower,Bandana,None
4199,Scribblin #4199,A looping doodle critter from Scribblins. Four bodies. One friendly cartoon. One clock. Minted on Base.,4199.gif,Sky,Bunny,Wink,Beanie,Bowtie,None
4200,Scribblin #4200,A looping doodle critter from Scribblins. Four bodies. One friendly cartoon. One clock. Minted on Base.,4200.gif,Cream,Bunny,Grin,Bow,Scarf,Balloon
4201,Scribblin #4201,A looping doodle critter from Scribblins. Four bodies. One friendly cartoon. One clock. Minted on Base.,4201.gif,Butter,Bear,Grin,Headphones,Bandana,Heart
4202,Scribblin #4202,A looping doodle critter from Scribblins. Four bodies. One friendly cartoon. One clock. Minted on Base.,4202.gif,Cream,Frog,Blep,Leaf,Bowtie,Pencil
4203,Scribblin #4203,A looping doodle critter from Scribblins. Four bodies. One friendly cartoon. One clock. Minted on Base.,4203.gif,Butter,Bunny,Pout,None,Scarf,Star
4204,Scribblin #4204,A looping doodle critter from Scribblins. Four bodies. One friendly cartoon. One clock. Minted on Base.,4204.gif,Sky,Bunny,Sleepy,None,Bandana,None
4205,Scribblin #4205,A looping doodle critter from Scribblins. Four bodies. One friendly cartoon. One clock. Minted on Base.,4205.gif,Clay,Bear,Pout,Bow,Scarf,Pencil
4206,Scribblin #4206,A looping doodle critter from Scribblins. Four bodies. One friendly cartoon. One clock. Minted on Base.,4206.gif,Butter,Bear,Sleepy,Headphones,None,None
4207,Scribblin #4207,A looping doodle critter from Scribblins. Four bodies. One friendly cartoon. One clock. Minted on Base.,4207.gif,Butter,Bunny,Normal,Bow,Scarf,Pencil
4208,Scribblin #4208,A looping doodle critter from Scribblins. Four bodies. One friendly cartoon. One clock. Minted on Base.,4208.gif,Clay,Bunny,Blep,Beanie,Bowtie,Star
4209,Scribblin #4209,A looping doodle critter from Scribblins. Four bodies. One friendly cartoon. One clock. Minted on Base.,4209.gif,Sky,Frog,Pout,Cap,Bandana,None
4210,Scribblin #4210,A looping doodle critter from Scribblins. Four bodies. One friendly cartoon. One clock. Minted on Base.,4210.gif,Butter,Pup,Heart,Headphones,Bandana,Star
4211,Scribblin #4211,A looping doodle critter from Scribblins. Four bodies. One friendly cartoon. One clock. Minted on Base.,4211.gif,Butter,Frog,Normal,Leaf,Bowtie,None
4212,Scribblin #4212,A looping doodle critter from Scribblins. Four bodies. One friendly cartoon. One clock. Minted on Base.,4212.gif,Sky,Pup,Pout,Beanie,Scarf,None
4213,Scribblin #4213,A looping doodle critter from Scribblins. Four bodies. One friendly cartoon. One clock. Minted on Base.,4213.gif,Clay,Bear,Blep,Bow,None,None
4214,Scribblin #4214,A looping doodle critter from Scribblins. Four bodies. One friendly cartoon. One clock. Minted on Base.,4214.gif,Clay,Bunny,Wink,None,Bandana,Pencil
4215,Scribblin #4215,A looping doodle critter from Scribblins. Four bodies. One friendly cartoon. One clock. Minted on Base.,4215.gif,Butter,Pup,Blep,Leaf,Bandana,None
4216,Scribblin #4216,A looping doodle critter from Scribblins. Four bodies. One friendly cartoon. One clock. Minted on Base.,4216.gif,Clay,Pup,Sparkly,Headphones,None,Star
4217,Scribblin #4217,A looping doodle critter from Scribblins. Four bodies. One friendly cartoon. One clock. Minted on Base.,4217.gif,Cream,Pup,Grin,Leaf,None,Balloon
4218,Scribblin #4218,A looping doodle critter from Scribblins. Four bodies. One friendly cartoon. One clock. Minted on Base.,4218.gif,Clay,Frog,Grin,Cap,None,Balloon
4219,Scribblin #4219,A looping doodle critter from Scribblins. Four bodies. One friendly cartoon. One clock. Minted on Base.,4219.gif,Clay,Pup,Sleepy,Beanie,Bowtie,Heart
4220,Scribblin #4220,A looping doodle critter from Scribblins. Four bodies. One friendly cartoon. One clock. Minted on Base.,4220.gif,Clay,Frog,Sparkly,Headphones,Bowtie,Pencil
4221,Scribblin #4221,A looping doodle critter from Scribblins. Four bodies. One friendly cartoon. One clock. Minted on Base.,4221.gif,Butter,Bunny,Sleepy,Leaf,Bowtie,None
4222,Scribblin #4222,A looping doodle critter from Scribblins. Four bodies. One friendly cartoon. One clock. Minted on Base.,4222.gif,Clay,Bunny,Blep,Beanie,Bowtie,None
4223,Scribblin #4223,A looping doodle critter from Scribblins. Four bodies. One friendly cartoon. One clock. Minted on Base.,4223.gif,Cream,Bunny,Pout,Flower,None,Star
4224,Scribblin #4224,A looping doodle critter from Scribblins. Four bodies. One friendly cartoon. One clock. Minted on Base.,4224.gif,Cream,Pup,Pout,None,Bowtie,None
4225,Scribblin #4225,A looping doodle critter from Scribblins. Four bodies. One friendly cartoon. One clock. Minted on Base.,4225.gif,Clay,Frog,Wink,None,None,Pencil
4226,Scribblin #4226,A looping doodle critter from Scribblins. Four bodies. One friendly cartoon. One clock. Minted on Base.,4226.gif,Sky,Bunny,Blep,Cap,None,Balloon
4227,Scribblin #4227,A looping doodle critter from Scribblins. Four bodies. One friendly cartoon. One clock. Minted on Base.,4227.gif,Butter,Frog,Normal,Leaf,Scarf,None
4228,Scribblin #4228,A looping doodle critter from Scribblins. Four bodies. One friendly cartoon. One clock. Minted on Base.,4228.gif,Sky,Bear,Sleepy,Headphones,None,Pencil
4229,Scribblin #4229,A looping doodle critter from Scribblins. Four bodies. One friendly cartoon. One clock. Minted on Base.,4229.gif,Butter,Bear,Wink,Headphones,Scarf,None
4230,Scribblin #4230,A looping doodle critter from Scribblins. Four bodies. One friendly cartoon. One clock. Minted on Base.,4230.gif,Cream,Bear,Sleepy,Bow,Scarf,Pencil
4231,Scribblin #4231,A looping doodle critter from Scribblins. Four bodies. One friendly cartoon. One clock. Minted on Base.,4231.gif,Cream,Frog,Normal,None,None,Balloon
4232,Scribblin #4232,A looping doodle critter from Scribblins. Four bodies. One friendly cartoon. One clock. Minted on Base.,4232.gif,Butter,Bunny,Sleepy,Bow,Bandana,None
4233,Scribblin #4233,A looping doodle critter from Scribblins. Four bodies. One friendly cartoon. One clock. Minted on Base.,4233.gif,Cream,Frog,Sparkly,Flower,Bandana,None
4234,Scribblin #4234,A looping doodle critter from Scribblins. Four bodies. One friendly cartoon. One clock. Minted on Base.,4234.gif,Sky,Bunny,Blep,Beanie,Bowtie,Pencil
4235,Scribblin #4235,A looping doodle critter from Scribblins. Four bodies. One friendly cartoon. One clock. Minted on Base.,4235.gif,Clay,Bear,Wink,Headphones,Bowtie,None
4236,Scribblin #4236,A looping doodle critter from Scribblins. Four bodies. One friendly cartoon. One clock. Minted on Base.,4236.gif,Cream,Bear,Grin,Flower,Bowtie,Pencil
4237,Scribblin #4237,A looping doodle critter from Scribblins. Four bodies. One friendly cartoon. One clock. Minted on Base.,4237.gif,Clay,Bear,Normal,Flower,Bowtie,None
4238,Scribblin #4238,A looping doodle critter from Scribblins. Four bodies. One friendly cartoon. One clock. Minted on Base.,4238.gif,Clay,Pup,Sparkly,Bow,Bowtie,None
4239,Scribblin #4239,A looping doodle critter from Scribblins. Four bodies. One friendly cartoon. One clock. Minted on Base.,4239.gif,Butter,Bunny,Blep,Cap,Scarf,Star
4240,Scribblin #4240,A looping doodle critter from Scribblins. Four bodies. One friendly cartoon. One clock. Minted on Base.,4240.gif,Butter,Bunny,Grin,Flower,Scarf,None
4241,Scribblin #4241,A looping doodle critter from Scribblins. Four bodies. One friendly cartoon. One clock. Minted on Base.,4241.gif,Butter,Bunny,Normal,Headphones,Scarf,Pencil
4242,Scribblin #4242,A looping doodle critter from Scribblins. Four bodies. One friendly cartoon. One clock. Minted on Base.,4242.gif,Sky,Bunny,Pout,Flower,Bandana,None
4243,Scribblin #4243,A looping doodle critter from Scribblins. Four bodies. One friendly cartoon. One clock. Minted on Base.,4243.gif,Sky,Pup,Blep,None,Bandana,None
4244,Scribblin #4244,A looping doodle critter from Scribblins. Four bodies. One friendly cartoon. One clock. Minted on Base.,4244.gif,Cream,Bunny,Sleepy,Headphones,Scarf,Heart
4245,Scribblin #4245,A looping doodle critter from Scribblins. Four bodies. One friendly cartoon. One clock. Minted on Base.,4245.gif,Clay,Bunny,Normal,None,Scarf,Pencil
4246,Scribblin #4246,A looping doodle critter from Scribblins. Four bodies. One friendly cartoon. One clock. Minted on Base.,4246.gif,Butter,Bunny,Pout,Beanie,Bowtie,None
4247,Scribblin #4247,A looping doodle critter from Scribblins. Four bodies. One friendly cartoon. One clock. Minted on Base.,4247.gif,Butter,Frog,Sparkly,Leaf,Bowtie,None
4248,Scribblin #4248,A looping doodle critter from Scribblins. Four bodies. One friendly cartoon. One clock. Minted on Base.,4248.gif,Cream,Pup,Normal,None,None,Heart
4249,Scribblin #4249,A looping doodle critter from Scribblins. Four bodies. One friendly cartoon. One clock. Minted on Base.,4249.gif,Butter,Pup,Sleepy,Leaf,Bandana,Balloon
4250,Scribblin #4250,A looping doodle critter from Scribblins. Four bodies. One friendly cartoon. One clock. Minted on Base.,4250.gif,Sky,Pup,Normal,None,Scarf,Pencil
4251,Scribblin #4251,A looping doodle critter from Scribblins. Four bodies. One friendly cartoon. One clock. Minted on Base.,4251.gif,Clay,Bear,Heart,Beanie,Bandana,Pencil
4252,Scribblin #4252,A looping doodle critter from Scribblins. Four bodies. One friendly cartoon. One clock. Minted on Base.,4252.gif,Butter,Frog,Sleepy,Headphones,Scarf,Balloon
4253,Scribblin #4253,A looping doodle critter from Scribblins. Four bodies. One friendly cartoon. One clock. Minted on Base.,4253.gif,Cream,Bear,Sparkly,Cap,None,Pencil
4254,Scribblin #4254,A looping doodle critter from Scribblins. Four bodies. One friendly cartoon. One clock. Minted on Base.,4254.gif,Sky,Pup,Pout,Flower,Bandana,Star
4255,Scribblin #4255,A looping doodle critter from Scribblins. Four bodies. One friendly cartoon. One clock. Minted on Base.,4255.gif,Clay,Frog,Heart,Headphones,Bowtie,Pencil
4256,Scribblin #4256,A looping doodle critter from Scribblins. Four bodies. One friendly cartoon. One clock. Minted on Base.,4256.gif,Cream,Bunny,Normal,None,Scarf,None
4257,Scribblin #4257,A looping doodle critter from Scribblins. Four bodies. One friendly cartoon. One clock. Minted on Base.,4257.gif,Butter,Bear,Pout,Headphones,Bandana,Balloon
4258,Scribblin #4258,A looping doodle critter from Scribblins. Four bodies. One friendly cartoon. One clock. Minted on Base.,4258.gif,Butter,Frog,Heart,Cap,None,Pencil
4259,Scribblin #4259,A looping doodle critter from Scribblins. Four bodies. One friendly cartoon. One clock. Minted on Base.,4259.gif,Cream,Bunny,Grin,None,Scarf,Pencil
4260,Scribblin #4260,A looping doodle critter from Scribblins. Four bodies. One friendly cartoon. One clock. Minted on Base.,4260.gif,Cream,Pup,Normal,None,Scarf,Heart
4261,Scribblin #4261,A looping doodle critter from Scribblins. Four bodies. One friendly cartoon. One clock. Minted on Base.,4261.gif,Clay,Pup,Blep,Bow,None,None
4262,Scribblin #4262,A looping doodle critter from Scribblins. Four bodies. One friendly cartoon. One clock. Minted on Base.,4262.gif,Butter,Bear,Wink,Headphones,None,Star
4263,Scribblin #4263,A looping doodle critter from Scribblins. Four bodies. One friendly cartoon. One clock. Minted on Base.,4263.gif,Sky,Bunny,Blep,Cap,Scarf,None
4264,Scribblin #4264,A looping doodle critter from Scribblins. Four bodies. One friendly cartoon. One clock. Minted on Base.,4264.gif,Butter,Frog,Heart,Headphones,None,None
4265,Scribblin #4265,A looping doodle critter from Scribblins. Four bodies. One friendly cartoon. One clock. Minted on Base.,4265.gif,Butter,Bear,Heart,Headphones,Bowtie,Pencil
4266,Scribblin #4266,A looping doodle critter from Scribblins. Four bodies. One friendly cartoon. One clock. Minted on Base.,4266.gif,Cream,Frog,Blep,None,Bandana,Pencil
4267,Scribblin #4267,A looping doodle critter from Scribblins. Four bodies. One friendly cartoon. One clock. Minted on Base.,4267.gif,Butter,Bear,Sparkly,None,None,Pencil
4268,Scribblin #4268,A looping doodle critter from Scribblins. Four bodies. One friendly cartoon. One clock. Minted on Base.,4268.gif,Butter,Pup,Sleepy,Flower,Bowtie,None
4269,Scribblin #4269,A looping doodle critter from Scribblins. Four bodies. One friendly cartoon. One clock. Minted on Base.,4269.gif,Clay,Bear,Normal,Flower,Bandana,Star
4270,Scribblin #4270,A looping doodle critter from Scribblins. Four bodies. One friendly cartoon. One clock. Minted on Base.,4270.gif,Sky,Pup,Heart,Cap,None,Pencil
4271,Scribblin #4271,A looping doodle critter from Scribblins. Four bodies. One friendly cartoon. One clock. Minted on Base.,4271.gif,Clay,Frog,Normal,Headphones,None,Heart
4272,Scribblin #4272,A looping doodle critter from Scribblins. Four bodies. One friendly cartoon. One clock. Minted on Base.,4272.gif,Cream,Pup,Sparkly,Headphones,None,Pencil
4273,Scribblin #4273,A looping doodle critter from Scribblins. Four bodies. One friendly cartoon. One clock. Minted on Base.,4273.gif,Sky,Bunny,Blep,Headphones,Bandana,Star
4274,Scribblin #4274,A looping doodle critter from Scribblins. Four bodies. One friendly cartoon. One clock. Minted on Base.,4274.gif,Sky,Frog,Wink,Leaf,Bandana,Pencil
4275,Scribblin #4275,A looping doodle critter from Scribblins. Four bodies. One friendly cartoon. One clock. Minted on Base.,4275.gif,Sky,Frog,Normal,Flower,Bandana,None
4276,Scribblin #4276,A looping doodle critter from Scribblins. Four bodies. One friendly cartoon. One clock. Minted on Base.,4276.gif,Clay,Bunny,Sleepy,Beanie,Bowtie,Balloon
4277,Scribblin #4277,A looping doodle critter from Scribblins. Four bodies. One friendly cartoon. One clock. Minted on Base.,4277.gif,Butter,Bear,Blep,None,Bandana,Pencil
4278,Scribblin #4278,A looping doodle critter from Scribblins. Four bodies. One friendly cartoon. One clock. Minted on Base.,4278.gif,Cream,Pup,Heart,Cap,Bandana,Star
4279,Scribblin #4279,A looping doodle critter from Scribblins. Four bodies. One friendly cartoon. One clock. Minted on Base.,4279.gif,Clay,Bear,Pout,None,Bandana,Star
4280,Scribblin #4280,A looping doodle critter from Scribblins. Four bodies. One friendly cartoon. One clock. Minted on Base.,4280.gif,Clay,Pup,Sleepy,Headphones,Bowtie,Heart
4281,Scribblin #4281,A looping doodle critter from Scribblins. Four bodies. One friendly cartoon. One clock. Minted on Base.,4281.gif,Sky,Bunny,Sleepy,Cap,Scarf,Pencil
4282,Scribblin #4282,A looping doodle critter from Scribblins. Four bodies. One friendly cartoon. One clock. Minted on Base.,4282.gif,Cream,Bunny,Wink,Headphones,None,Pencil
4283,Scribblin #4283,A looping doodle critter from Scribblins. Four bodies. One friendly cartoon. One clock. Minted on Base.,4283.gif,Cream,Bear,Blep,Leaf,None,Star
4284,Scribblin #4284,A looping doodle critter from Scribblins. Four bodies. One friendly cartoon. One clock. Minted on Base.,4284.gif,Clay,Frog,Grin,Beanie,Bandana,Balloon
4285,Scribblin #4285,A looping doodle critter from Scribblins. Four bodies. One friendly cartoon. One clock. Minted on Base.,4285.gif,Butter,Frog,Sleepy,Leaf,None,None
4286,Scribblin #4286,A looping doodle critter from Scribblins. Four bodies. One friendly cartoon. One clock. Minted on Base.,4286.gif,Butter,Bear,Sparkly,Cap,Bandana,Balloon
4287,Scribblin #4287,A looping doodle critter from Scribblins. Four bodies. One friendly cartoon. One clock. Minted on Base.,4287.gif,Butter,Bunny,Sparkly,Headphones,Scarf,None
4288,Scribblin #4288,A looping doodle critter from Scribblins. Four bodies. One friendly cartoon. One clock. Minted on Base.,4288.gif,Cream,Pup,Wink,None,Scarf,None
4289,Scribblin #4289,A looping doodle critter from Scribblins. Four bodies. One friendly cartoon. One clock. Minted on Base.,4289.gif,Clay,Pup,Sparkly,None,None,Balloon
4290,Scribblin #4290,A looping doodle critter from Scribblins. Four bodies. One friendly cartoon. One clock. Minted on Base.,4290.gif,Clay,Pup,Sparkly,Headphones,Bandana,Star
4291,Scribblin #4291,A looping doodle critter from Scribblins. Four bodies. One friendly cartoon. One clock. Minted on Base.,4291.gif,Butter,Frog,Blep,Headphones,Scarf,Pencil
4292,Scribblin #4292,A looping doodle critter from Scribblins. Four bodies. One friendly cartoon. One clock. Minted on Base.,4292.gif,Butter,Bunny,Grin,Cap,Scarf,None
4293,Scribblin #4293,A looping doodle critter from Scribblins. Four bodies. One friendly cartoon. One clock. Minted on Base.,4293.gif,Cream,Pup,Blep,Bow,Bandana,None
4294,Scribblin #4294,A looping doodle critter from Scribblins. Four bodies. One friendly cartoon. One clock. Minted on Base.,4294.gif,Cream,Bunny,Sleepy,Leaf,None,Pencil
4295,Scribblin #4295,A looping doodle critter from Scribblins. Four bodies. One friendly cartoon. One clock. Minted on Base.,4295.gif,Clay,Bunny,Grin,Cap,None,None
4296,Scribblin #4296,A looping doodle critter from Scribblins. Four bodies. One friendly cartoon. One clock. Minted on Base.,4296.gif,Butter,Bear,Heart,Cap,Bandana,Heart
4297,Scribblin #4297,A looping doodle critter from Scribblins. Four bodies. One friendly cartoon. One clock. Minted on Base.,4297.gif,Clay,Frog,Blep,Bow,Bandana,None
4298,Scribblin #4298,A looping doodle critter from Scribblins. Four bodies. One friendly cartoon. One clock. Minted on Base.,4298.gif,Cream,Bear,Pout,Headphones,Scarf,None
4299,Scribblin #4299,A looping doodle critter from Scribblins. Four bodies. One friendly cartoon. One clock. Minted on Base.,4299.gif,Clay,Bear,Normal,Cap,Bandana,Star
4300,Scribblin #4300,A looping doodle critter from Scribblins. Four bodies. One friendly cartoon. One clock. Minted on Base.,4300.gif,Cream,Bunny,Normal,Beanie,Scarf,Balloon
4301,Scribblin #4301,A looping doodle critter from Scribblins. Four bodies. One friendly cartoon. One clock. Minted on Base.,4301.gif,Clay,Bunny,Sparkly,Bow,None,Heart
4302,Scribblin #4302,A looping doodle critter from Scribblins. Four bodies. One friendly cartoon. One clock. Minted on Base.,4302.gif,Sky,Frog,Blep,Leaf,Bowtie,Star
4303,Scribblin #4303,A looping doodle critter from Scribblins. Four bodies. One friendly cartoon. One clock. Minted on Base.,4303.gif,Cream,Bunny,Pout,Beanie,Bandana,Star
4304,Scribblin #4304,A looping doodle critter from Scribblins. Four bodies. One friendly cartoon. One clock. Minted on Base.,4304.gif,Cream,Bunny,Normal,Flower,Bowtie,Pencil
4305,Scribblin #4305,A looping doodle critter from Scribblins. Four bodies. One friendly cartoon. One clock. Minted on Base.,4305.gif,Clay,Pup,Grin,Bow,Scarf,None
4306,Scribblin #4306,A looping doodle critter from Scribblins. Four bodies. One friendly cartoon. One clock. Minted on Base.,4306.gif,Sky,Pup,Grin,None,None,Heart
4307,Scribblin #4307,A looping doodle critter from Scribblins. Four bodies. One friendly cartoon. One clock. Minted on Base.,4307.gif,Cream,Bear,Grin,Cap,Bowtie,Heart
4308,Scribblin #4308,A looping doodle critter from Scribblins. Four bodies. One friendly cartoon. One clock. Minted on Base.,4308.gif,Sky,Pup,Sparkly,Beanie,Scarf,Pencil
4309,Scribblin #4309,A looping doodle critter from Scribblins. Four bodies. One friendly cartoon. One clock. Minted on Base.,4309.gif,Sky,Frog,Grin,Flower,Bowtie,None
4310,Scribblin #4310,A looping doodle critter from Scribblins. Four bodies. One friendly cartoon. One clock. Minted on Base.,4310.gif,Clay,Bear,Sleepy,Cap,Scarf,None
4311,Scribblin #4311,A looping doodle critter from Scribblins. Four bodies. One friendly cartoon. One clock. Minted on Base.,4311.gif,Sky,Pup,Normal,None,Bowtie,Star
4312,Scribblin #4312,A looping doodle critter from Scribblins. Four bodies. One friendly cartoon. One clock. Minted on Base.,4312.gif,Clay,Bunny,Sparkly,Flower,Bandana,None
4313,Scribblin #4313,A looping doodle critter from Scribblins. Four bodies. One friendly cartoon. One clock. Minted on Base.,4313.gif,Sky,Pup,Wink,None,Scarf,Balloon
4314,Scribblin #4314,A looping doodle critter from Scribblins. Four bodies. One friendly cartoon. One clock. Minted on Base.,4314.gif,Butter,Bunny,Normal,Beanie,None,None
4315,Scribblin #4315,A looping doodle critter from Scribblins. Four bodies. One friendly cartoon. One clock. Minted on Base.,4315.gif,Sky,Bear,Sleepy,Bow,None,Pencil
4316,Scribblin #4316,A looping doodle critter from Scribblins. Four bodies. One friendly cartoon. One clock. Minted on Base.,4316.gif,Sky,Bear,Sparkly,Beanie,Scarf,None
4317,Scribblin #4317,A looping doodle critter from Scribblins. Four bodies. One friendly cartoon. One clock. Minted on Base.,4317.gif,Butter,Frog,Grin,Beanie,None,None
4318,Scribblin #4318,A looping doodle critter from Scribblins. Four bodies. One friendly cartoon. One clock. Minted on Base.,4318.gif,Sky,Bear,Normal,None,Bowtie,Pencil
4319,Scribblin #4319,A looping doodle critter from Scribblins. Four bodies. One friendly cartoon. One clock. Minted on Base.,4319.gif,Cream,Bunny,Grin,Cap,Bandana,Heart
4320,Scribblin #4320,A looping doodle critter from Scribblins. Four bodies. One friendly cartoon. One clock. Minted on Base.,4320.gif,Cream,Bear,Normal,Bow,Bandana,Star
4321,Scribblin #4321,A looping doodle critter from Scribblins. Four bodies. One friendly cartoon. One clock. Minted on Base.,4321.gif,Butter,Frog,Blep,Bow,Scarf,Balloon
4322,Scribblin #4322,A looping doodle critter from Scribblins. Four bodies. One friendly cartoon. One clock. Minted on Base.,4322.gif,Clay,Pup,Pout,Headphones,Bandana,Balloon
4323,Scribblin #4323,A looping doodle critter from Scribblins. Four bodies. One friendly cartoon. One clock. Minted on Base.,4323.gif,Cream,Bunny,Grin,None,Scarf,Star
4324,Scribblin #4324,A looping doodle critter from Scribblins. Four bodies. One friendly cartoon. One clock. Minted on Base.,4324.gif,Cream,Pup,Sparkly,Leaf,None,None
4325,Scribblin #4325,A looping doodle critter from Scribblins. Four bodies. One friendly cartoon. One clock. Minted on Base.,4325.gif,Cream,Frog,Grin,None,Bowtie,None
4326,Scribblin #4326,A looping doodle critter from Scribblins. Four bodies. One friendly cartoon. One clock. Minted on Base.,4326.gif,Cream,Frog,Heart,Beanie,None,Star
4327,Scribblin #4327,A looping doodle critter from Scribblins. Four bodies. One friendly cartoon. One clock. Minted on Base.,4327.gif,Clay,Bear,Sparkly,Headphones,Bandana,None
4328,Scribblin #4328,A looping doodle critter from Scribblins. Four bodies. One friendly cartoon. One clock. Minted on Base.,4328.gif,Clay,Pup,Sparkly,Bow,Scarf,None
4329,Scribblin #4329,A looping doodle critter from Scribblins. Four bodies. One friendly cartoon. One clock. Minted on Base.,4329.gif,Sky,Pup,Normal,Cap,None,Pencil
4330,Scribblin #4330,A looping doodle critter from Scribblins. Four bodies. One friendly cartoon. One clock. Minted on Base.,4330.gif,Cream,Frog,Normal,Cap,None,None
4331,Scribblin #4331,A looping doodle critter from Scribblins. Four bodies. One friendly cartoon. One clock. Minted on Base.,4331.gif,Cream,Bunny,Wink,Leaf,Bowtie,Balloon
4332,Scribblin #4332,A looping doodle critter from Scribblins. Four bodies. One friendly cartoon. One clock. Minted on Base.,4332.gif,Sky,Bear,Normal,None,Bandana,None
4333,Scribblin #4333,A looping doodle critter from Scribblins. Four bodies. One friendly cartoon. One clock. Minted on Base.,4333.gif,Butter,Bunny,Heart,Cap,None,Star
4334,Scribblin #4334,A looping doodle critter from Scribblins. Four bodies. One friendly cartoon. One clock. Minted on Base.,4334.gif,Sky,Frog,Normal,Headphones,None,Balloon
4335,Scribblin #4335,A looping doodle critter from Scribblins. Four bodies. One friendly cartoon. One clock. Minted on Base.,4335.gif,Butter,Bunny,Normal,Cap,Bowtie,Pencil
4336,Scribblin #4336,A looping doodle critter from Scribblins. Four bodies. One friendly cartoon. One clock. Minted on Base.,4336.gif,Cream,Frog,Sleepy,None,Bandana,Pencil
4337,Scribblin #4337,A looping doodle critter from Scribblins. Four bodies. One friendly cartoon. One clock. Minted on Base.,4337.gif,Cream,Bunny,Wink,Headphones,Scarf,Balloon
4338,Scribblin #4338,A looping doodle critter from Scribblins. Four bodies. One friendly cartoon. One clock. Minted on Base.,4338.gif,Sky,Frog,Blep,None,None,Balloon
4339,Scribblin #4339,A looping doodle critter from Scribblins. Four bodies. One friendly cartoon. One clock. Minted on Base.,4339.gif,Cream,Bunny,Wink,Flower,Scarf,Star
4340,Scribblin #4340,A looping doodle critter from Scribblins. Four bodies. One friendly cartoon. One clock. Minted on Base.,4340.gif,Sky,Bunny,Grin,None,None,Balloon
4341,Scribblin #4341,A looping doodle critter from Scribblins. Four bodies. One friendly cartoon. One clock. Minted on Base.,4341.gif,Sky,Bunny,Blep,Headphones,Scarf,Pencil
4342,Scribblin #4342,A looping doodle critter from Scribblins. Four bodies. One friendly cartoon. One clock. Minted on Base.,4342.gif,Cream,Bunny,Normal,Cap,Bandana,Balloon
4343,Scribblin #4343,A looping doodle critter from Scribblins. Four bodies. One friendly cartoon. One clock. Minted on Base.,4343.gif,Clay,Bear,Sleepy,Bow,Bowtie,Pencil
4344,Scribblin #4344,A looping doodle critter from Scribblins. Four bodies. One friendly cartoon. One clock. Minted on Base.,4344.gif,Cream,Pup,Sleepy,Cap,Scarf,Star
4345,Scribblin #4345,A looping doodle critter from Scribblins. Four bodies. One friendly cartoon. One clock. Minted on Base.,4345.gif,Cream,Bear,Grin,None,Scarf,Star
4346,Scribblin #4346,A looping doodle critter from Scribblins. Four bodies. One friendly cartoon. One clock. Minted on Base.,4346.gif,Butter,Bear,Grin,None,Bowtie,Star
4347,Scribblin #4347,A looping doodle critter from Scribblins. Four bodies. One friendly cartoon. One clock. Minted on Base.,4347.gif,Butter,Bunny,Wink,Beanie,Scarf,Star
4348,Scribblin #4348,A looping doodle critter from Scribblins. Four bodies. One friendly cartoon. One clock. Minted on Base.,4348.gif,Clay,Bunny,Wink,Beanie,Scarf,Balloon
4349,Scribblin #4349,A looping doodle critter from Scribblins. Four bodies. One friendly cartoon. One clock. Minted on Base.,4349.gif,Butter,Frog,Wink,Beanie,Scarf,Balloon
4350,Scribblin #4350,A looping doodle critter from Scribblins. Four bodies. One friendly cartoon. One clock. Minted on Base.,4350.gif,Cream,Bear,Wink,Headphones,Bowtie,Pencil
4351,Scribblin #4351,A looping doodle critter from Scribblins. Four bodies. One friendly cartoon. One clock. Minted on Base.,4351.gif,Clay,Pup,Normal,Cap,None,Pencil
4352,Scribblin #4352,A looping doodle critter from Scribblins. Four bodies. One friendly cartoon. One clock. Minted on Base.,4352.gif,Cream,Frog,Grin,Headphones,None,None
4353,Scribblin #4353,A looping doodle critter from Scribblins. Four bodies. One friendly cartoon. One clock. Minted on Base.,4353.gif,Cream,Pup,Wink,Leaf,Scarf,Balloon
4354,Scribblin #4354,A looping doodle critter from Scribblins. Four bodies. One friendly cartoon. One clock. Minted on Base.,4354.gif,Clay,Bear,Normal,Headphones,Scarf,None
4355,Scribblin #4355,A looping doodle critter from Scribblins. Four bodies. One friendly cartoon. One clock. Minted on Base.,4355.gif,Sky,Frog,Wink,Leaf,None,None
4356,Scribblin #4356,A looping doodle critter from Scribblins. Four bodies. One friendly cartoon. One clock. Minted on Base.,4356.gif,Butter,Pup,Blep,Cap,Scarf,Heart
4357,Scribblin #4357,A looping doodle critter from Scribblins. Four bodies. One friendly cartoon. One clock. Minted on Base.,4357.gif,Sky,Bunny,Normal,Bow,Bandana,Star
4358,Scribblin #4358,A looping doodle critter from Scribblins. Four bodies. One friendly cartoon. One clock. Minted on Base.,4358.gif,Cream,Frog,Grin,None,None,Star
4359,Scribblin #4359,A looping doodle critter from Scribblins. Four bodies. One friendly cartoon. One clock. Minted on Base.,4359.gif,Sky,Bear,Grin,Headphones,Bowtie,Heart
4360,Scribblin #4360,A looping doodle critter from Scribblins. Four bodies. One friendly cartoon. One clock. Minted on Base.,4360.gif,Sky,Bear,Normal,Flower,Bandana,None
4361,Scribblin #4361,A looping doodle critter from Scribblins. Four bodies. One friendly cartoon. One clock. Minted on Base.,4361.gif,Cream,Pup,Grin,Cap,None,Pencil
4362,Scribblin #4362,A looping doodle critter from Scribblins. Four bodies. One friendly cartoon. One clock. Minted on Base.,4362.gif,Cream,Frog,Pout,Headphones,None,Pencil
4363,Scribblin #4363,A looping doodle critter from Scribblins. Four bodies. One friendly cartoon. One clock. Minted on Base.,4363.gif,Cream,Pup,Sparkly,Beanie,Bandana,Pencil
4364,Scribblin #4364,A looping doodle critter from Scribblins. Four bodies. One friendly cartoon. One clock. Minted on Base.,4364.gif,Sky,Frog,Wink,Headphones,Bandana,Star
4365,Scribblin #4365,A looping doodle critter from Scribblins. Four bodies. One friendly cartoon. One clock. Minted on Base.,4365.gif,Cream,Pup,Wink,Bow,None,Heart
4366,Scribblin #4366,A looping doodle critter from Scribblins. Four bodies. One friendly cartoon. One clock. Minted on Base.,4366.gif,Cream,Bear,Sparkly,None,None,Heart
4367,Scribblin #4367,A looping doodle critter from Scribblins. Four bodies. One friendly cartoon. One clock. Minted on Base.,4367.gif,Cream,Bunny,Pout,Bow,Bowtie,Balloon
4368,Scribblin #4368,A looping doodle critter from Scribblins. Four bodies. One friendly cartoon. One clock. Minted on Base.,4368.gif,Cream,Frog,Blep,Cap,None,Heart
4369,Scribblin #4369,A looping doodle critter from Scribblins. Four bodies. One friendly cartoon. One clock. Minted on Base.,4369.gif,Cream,Pup,Blep,Bow,Bowtie,Star
4370,Scribblin #4370,A looping doodle critter from Scribblins. Four bodies. One friendly cartoon. One clock. Minted on Base.,4370.gif,Butter,Pup,Pout,Flower,None,Star
4371,Scribblin #4371,A looping doodle critter from Scribblins. Four bodies. One friendly cartoon. One clock. Minted on Base.,4371.gif,Butter,Bear,Sleepy,None,None,Heart
4372,Scribblin #4372,A looping doodle critter from Scribblins. Four bodies. One friendly cartoon. One clock. Minted on Base.,4372.gif,Sky,Bear,Grin,Bow,None,Star
4373,Scribblin #4373,A looping doodle critter from Scribblins. Four bodies. One friendly cartoon. One clock. Minted on Base.,4373.gif,Sky,Bunny,Pout,Flower,Scarf,Pencil
4374,Scribblin #4374,A looping doodle critter from Scribblins. Four bodies. One friendly cartoon. One clock. Minted on Base.,4374.gif,Cream,Pup,Pout,None,Bandana,None
4375,Scribblin #4375,A looping doodle critter from Scribblins. Four bodies. One friendly cartoon. One clock. Minted on Base.,4375.gif,Clay,Pup,Normal,Headphones,Bandana,None
4376,Scribblin #4376,A looping doodle critter from Scribblins. Four bodies. One friendly cartoon. One clock. Minted on Base.,4376.gif,Clay,Bunny,Normal,Headphones,None,Star
4377,Scribblin #4377,A looping doodle critter from Scribblins. Four bodies. One friendly cartoon. One clock. Minted on Base.,4377.gif,Butter,Bear,Pout,Flower,None,Balloon
4378,Scribblin #4378,A looping doodle critter from Scribblins. Four bodies. One friendly cartoon. One clock. Minted on Base.,4378.gif,Sky,Bear,Sparkly,Leaf,Scarf,Pencil
4379,Scribblin #4379,A looping doodle critter from Scribblins. Four bodies. One friendly cartoon. One clock. Minted on Base.,4379.gif,Cream,Frog,Pout,None,Bowtie,Heart
4380,Scribblin #4380,A looping doodle critter from Scribblins. Four bodies. One friendly cartoon. One clock. Minted on Base.,4380.gif,Sky,Bunny,Normal,Beanie,Bandana,Pencil
4381,Scribblin #4381,A looping doodle critter from Scribblins. Four bodies. One friendly cartoon. One clock. Minted on Base.,4381.gif,Clay,Pup,Normal,None,Scarf,None
4382,Scribblin #4382,A looping doodle critter from Scribblins. Four bodies. One friendly cartoon. One clock. Minted on Base.,4382.gif,Cream,Bear,Normal,Headphones,Bandana,None
4383,Scribblin #4383,A looping doodle critter from Scribblins. Four bodies. One friendly cartoon. One clock. Minted on Base.,4383.gif,Sky,Frog,Heart,None,Bowtie,Pencil
4384,Scribblin #4384,A looping doodle critter from Scribblins. Four bodies. One friendly cartoon. One clock. Minted on Base.,4384.gif,Cream,Pup,Sparkly,Headphones,Scarf,None
4385,Scribblin #4385,A looping doodle critter from Scribblins. Four bodies. One friendly cartoon. One clock. Minted on Base.,4385.gif,Sky,Bear,Wink,Beanie,None,Pencil
4386,Scribblin #4386,A looping doodle critter from Scribblins. Four bodies. One friendly cartoon. One clock. Minted on Base.,4386.gif,Cream,Frog,Heart,None,Bowtie,Pencil
4387,Scribblin #4387,A looping doodle critter from Scribblins. Four bodies. One friendly cartoon. One clock. Minted on Base.,4387.gif,Cream,Pup,Pout,Headphones,Scarf,Heart
4388,Scribblin #4388,A looping doodle critter from Scribblins. Four bodies. One friendly cartoon. One clock. Minted on Base.,4388.gif,Butter,Bear,Grin,None,None,Pencil
4389,Scribblin #4389,A looping doodle critter from Scribblins. Four bodies. One friendly cartoon. One clock. Minted on Base.,4389.gif,Cream,Pup,Grin,Leaf,Bandana,Star
4390,Scribblin #4390,A looping doodle critter from Scribblins. Four bodies. One friendly cartoon. One clock. Minted on Base.,4390.gif,Cream,Pup,Heart,None,Scarf,Pencil
4391,Scribblin #4391,A looping doodle critter from Scribblins. Four bodies. One friendly cartoon. One clock. Minted on Base.,4391.gif,Clay,Frog,Wink,Cap,None,None
4392,Scribblin #4392,A looping doodle critter from Scribblins. Four bodies. One friendly cartoon. One clock. Minted on Base.,4392.gif,Cream,Bear,Heart,None,None,Star
4393,Scribblin #4393,A looping doodle critter from Scribblins. Four bodies. One friendly cartoon. One clock. Minted on Base.,4393.gif,Sky,Bear,Normal,None,Bowtie,None
4394,Scribblin #4394,A looping doodle critter from Scribblins. Four bodies. One friendly cartoon. One clock. Minted on Base.,4394.gif,Cream,Frog,Wink,None,Bowtie,Star
4395,Scribblin #4395,A looping doodle critter from Scribblins. Four bodies. One friendly cartoon. One clock. Minted on Base.,4395.gif,Sky,Bear,Pout,Beanie,Bandana,Pencil
4396,Scribblin #4396,A looping doodle critter from Scribblins. Four bodies. One friendly cartoon. One clock. Minted on Base.,4396.gif,Cream,Bunny,Wink,Beanie,Bowtie,None
4397,Scribblin #4397,A looping doodle critter from Scribblins. Four bodies. One friendly cartoon. One clock. Minted on Base.,4397.gif,Cream,Frog,Pout,Bow,None,Pencil
4398,Scribblin #4398,A looping doodle critter from Scribblins. Four bodies. One friendly cartoon. One clock. Minted on Base.,4398.gif,Butter,Bunny,Wink,None,None,None
4399,Scribblin #4399,A looping doodle critter from Scribblins. Four bodies. One friendly cartoon. One clock. Minted on Base.,4399.gif,Butter,Pup,Grin,None,Bandana,None
4400,Scribblin #4400,A looping doodle critter from Scribblins. Four bodies. One friendly cartoon. One clock. Minted on Base.,4400.gif,Cream,Frog,Wink,Flower,None,None
4401,Scribblin #4401,A looping doodle critter from Scribblins. Four bodies. One friendly cartoon. One clock. Minted on Base.,4401.gif,Clay,Bunny,Sleepy,Leaf,None,Balloon
4402,Scribblin #4402,A looping doodle critter from Scribblins. Four bodies. One friendly cartoon. One clock. Minted on Base.,4402.gif,Sky,Pup,Sleepy,Headphones,Scarf,Pencil
4403,Scribblin #4403,A looping doodle critter from Scribblins. Four bodies. One friendly cartoon. One clock. Minted on Base.,4403.gif,Cream,Frog,Grin,Cap,Scarf,Heart
4404,Scribblin #4404,A looping doodle critter from Scribblins. Four bodies. One friendly cartoon. One clock. Minted on Base.,4404.gif,Sky,Pup,Pout,Leaf,None,Heart
4405,Scribblin #4405,A looping doodle critter from Scribblins. Four bodies. One friendly cartoon. One clock. Minted on Base.,4405.gif,Clay,Frog,Wink,None,None,Heart
4406,Scribblin #4406,A looping doodle critter from Scribblins. Four bodies. One friendly cartoon. One clock. Minted on Base.,4406.gif,Cream,Bunny,Sleepy,None,Bandana,None
4407,Scribblin #4407,A looping doodle critter from Scribblins. Four bodies. One friendly cartoon. One clock. Minted on Base.,4407.gif,Sky,Bunny,Normal,None,None,Pencil
4408,Scribblin #4408,A looping doodle critter from Scribblins. Four bodies. One friendly cartoon. One clock. Minted on Base.,4408.gif,Sky,Bunny,Grin,Cap,Bowtie,None
4409,Scribblin #4409,A looping doodle critter from Scribblins. Four bodies. One friendly cartoon. One clock. Minted on Base.,4409.gif,Sky,Bunny,Heart,Headphones,None,Star
4410,Scribblin #4410,A looping doodle critter from Scribblins. Four bodies. One friendly cartoon. One clock. Minted on Base.,4410.gif,Sky,Pup,Grin,Bow,Bowtie,Star
4411,Scribblin #4411,A looping doodle critter from Scribblins. Four bodies. One friendly cartoon. One clock. Minted on Base.,4411.gif,Sky,Bunny,Grin,Leaf,None,Star
4412,Scribblin #4412,A looping doodle critter from Scribblins. Four bodies. One friendly cartoon. One clock. Minted on Base.,4412.gif,Sky,Pup,Grin,Leaf,None,None
4413,Scribblin #4413,A looping doodle critter from Scribblins. Four bodies. One friendly cartoon. One clock. Minted on Base.,4413.gif,Butter,Bunny,Normal,Beanie,Bowtie,Balloon
4414,Scribblin #4414,A looping doodle critter from Scribblins. Four bodies. One friendly cartoon. One clock. Minted on Base.,4414.gif,Cream,Bunny,Wink,Leaf,Bowtie,Pencil
4415,Scribblin #4415,A looping doodle critter from Scribblins. Four bodies. One friendly cartoon. One clock. Minted on Base.,4415.gif,Sky,Pup,Heart,Beanie,Bandana,Balloon
4416,Scribblin #4416,A looping doodle critter from Scribblins. Four bodies. One friendly cartoon. One clock. Minted on Base.,4416.gif,Sky,Bear,Blep,None,Bowtie,Heart
4417,Scribblin #4417,A looping doodle critter from Scribblins. Four bodies. One friendly cartoon. One clock. Minted on Base.,4417.gif,Cream,Bear,Sleepy,None,Bandana,Balloon
4418,Scribblin #4418,A looping doodle critter from Scribblins. Four bodies. One friendly cartoon. One clock. Minted on Base.,4418.gif,Sky,Frog,Normal,Headphones,Bandana,None
4419,Scribblin #4419,A looping doodle critter from Scribblins. Four bodies. One friendly cartoon. One clock. Minted on Base.,4419.gif,Clay,Bunny,Heart,Headphones,Bowtie,None
4420,Scribblin #4420,A looping doodle critter from Scribblins. Four bodies. One friendly cartoon. One clock. Minted on Base.,4420.gif,Clay,Bear,Normal,Headphones,None,None
4421,Scribblin #4421,A looping doodle critter from Scribblins. Four bodies. One friendly cartoon. One clock. Minted on Base.,4421.gif,Clay,Bunny,Normal,None,Bandana,None
4422,Scribblin #4422,A looping doodle critter from Scribblins. Four bodies. One friendly cartoon. One clock. Minted on Base.,4422.gif,Butter,Pup,Grin,Flower,None,Star
4423,Scribblin #4423,A looping doodle critter from Scribblins. Four bodies. One friendly cartoon. One clock. Minted on Base.,4423.gif,Clay,Bear,Grin,Leaf,Scarf,Balloon
4424,Scribblin #4424,A looping doodle critter from Scribblins. Four bodies. One friendly cartoon. One clock. Minted on Base.,4424.gif,Cream,Pup,Wink,Cap,Scarf,Balloon
4425,Scribblin #4425,A looping doodle critter from Scribblins. Four bodies. One friendly cartoon. One clock. Minted on Base.,4425.gif,Cream,Bear,Grin,Beanie,Scarf,Pencil
4426,Scribblin #4426,A looping doodle critter from Scribblins. Four bodies. One friendly cartoon. One clock. Minted on Base.,4426.gif,Sky,Bunny,Sparkly,Flower,Bandana,Pencil
4427,Scribblin #4427,A looping doodle critter from Scribblins. Four bodies. One friendly cartoon. One clock. Minted on Base.,4427.gif,Clay,Bunny,Sparkly,Headphones,Bandana,Star
4428,Scribblin #4428,A looping doodle critter from Scribblins. Four bodies. One friendly cartoon. One clock. Minted on Base.,4428.gif,Butter,Pup,Blep,Flower,None,Balloon
4429,Scribblin #4429,A looping doodle critter from Scribblins. Four bodies. One friendly cartoon. One clock. Minted on Base.,4429.gif,Clay,Bear,Normal,Leaf,None,None
4430,Scribblin #4430,A looping doodle critter from Scribblins. Four bodies. One friendly cartoon. One clock. Minted on Base.,4430.gif,Sky,Pup,Normal,Headphones,None,Heart
4431,Scribblin #4431,A looping doodle critter from Scribblins. Four bodies. One friendly cartoon. One clock. Minted on Base.,4431.gif,Butter,Bear,Blep,Leaf,None,None
4432,Scribblin #4432,A looping doodle critter from Scribblins. Four bodies. One friendly cartoon. One clock. Minted on Base.,4432.gif,Cream,Bunny,Sparkly,Cap,None,None
4433,Scribblin #4433,A looping doodle critter from Scribblins. Four bodies. One friendly cartoon. One clock. Minted on Base.,4433.gif,Sky,Bunny,Normal,Headphones,None,Balloon
4434,Scribblin #4434,A looping doodle critter from Scribblins. Four bodies. One friendly cartoon. One clock. Minted on Base.,4434.gif,Sky,Pup,Pout,None,None,Star
4435,Scribblin #4435,A looping doodle critter from Scribblins. Four bodies. One friendly cartoon. One clock. Minted on Base.,4435.gif,Butter,Bear,Blep,Cap,Scarf,None
4436,Scribblin #4436,A looping doodle critter from Scribblins. Four bodies. One friendly cartoon. One clock. Minted on Base.,4436.gif,Sky,Frog,Sleepy,Leaf,Scarf,Star
4437,Scribblin #4437,A looping doodle critter from Scribblins. Four bodies. One friendly cartoon. One clock. Minted on Base.,4437.gif,Cream,Pup,Wink,Bow,Bandana,None
4438,Scribblin #4438,A looping doodle critter from Scribblins. Four bodies. One friendly cartoon. One clock. Minted on Base.,4438.gif,Butter,Bunny,Heart,Beanie,Scarf,Star
4439,Scribblin #4439,A looping doodle critter from Scribblins. Four bodies. One friendly cartoon. One clock. Minted on Base.,4439.gif,Sky,Frog,Sleepy,Bow,None,Heart
4440,Scribblin #4440,A looping doodle critter from Scribblins. Four bodies. One friendly cartoon. One clock. Minted on Base.,4440.gif,Clay,Pup,Blep,Headphones,None,None
4441,Scribblin #4441,A looping doodle critter from Scribblins. Four bodies. One friendly cartoon. One clock. Minted on Base.,4441.gif,Cream,Pup,Normal,Cap,Bandana,None
4442,Scribblin #4442,A looping doodle critter from Scribblins. Four bodies. One friendly cartoon. One clock. Minted on Base.,4442.gif,Sky,Frog,Blep,Leaf,Bowtie,Heart
4443,Scribblin #4443,A looping doodle critter from Scribblins. Four bodies. One friendly cartoon. One clock. Minted on Base.,4443.gif,Cream,Pup,Grin,Headphones,Scarf,Heart
4444,Scribblin #4444,A looping doodle critter from Scribblins. Four bodies. One friendly cartoon. One clock. Minted on Base.,4444.gif,Cream,Bear,Heart,None,None,Balloon
4445,Scribblin #4445,A looping doodle critter from Scribblins. Four bodies. One friendly cartoon. One clock. Minted on Base.,4445.gif,Sky,Frog,Normal,Cap,Scarf,Heart
4446,Scribblin #4446,A looping doodle critter from Scribblins. Four bodies. One friendly cartoon. One clock. Minted on Base.,4446.gif,Clay,Pup,Sparkly,Leaf,Bandana,Pencil
4447,Scribblin #4447,A looping doodle critter from Scribblins. Four bodies. One friendly cartoon. One clock. Minted on Base.,4447.gif,Butter,Pup,Blep,Headphones,Bandana,Pencil
4448,Scribblin #4448,A looping doodle critter from Scribblins. Four bodies. One friendly cartoon. One clock. Minted on Base.,4448.gif,Cream,Frog,Blep,None,None,None
4449,Scribblin #4449,A looping doodle critter from Scribblins. Four bodies. One friendly cartoon. One clock. Minted on Base.,4449.gif,Sky,Pup,Wink,Cap,Bandana,Balloon
4450,Scribblin #4450,A looping doodle critter from Scribblins. Four bodies. One friendly cartoon. One clock. Minted on Base.,4450.gif,Clay,Pup,Wink,Bow,None,Heart
4451,Scribblin #4451,A looping doodle critter from Scribblins. Four bodies. One friendly cartoon. One clock. Minted on Base.,4451.gif,Butter,Bunny,Pout,Headphones,None,Pencil
4452,Scribblin #4452,A looping doodle critter from Scribblins. Four bodies. One friendly cartoon. One clock. Minted on Base.,4452.gif,Clay,Bunny,Wink,Cap,Bowtie,Star
4453,Scribblin #4453,A looping doodle critter from Scribblins. Four bodies. One friendly cartoon. One clock. Minted on Base.,4453.gif,Cream,Pup,Heart,Flower,Scarf,None
4454,Scribblin #4454,A looping doodle critter from Scribblins. Four bodies. One friendly cartoon. One clock. Minted on Base.,4454.gif,Butter,Bear,Wink,Bow,Scarf,Balloon
4455,Scribblin #4455,A looping doodle critter from Scribblins. Four bodies. One friendly cartoon. One clock. Minted on Base.,4455.gif,Butter,Pup,Grin,Bow,Bowtie,Pencil
4456,Scribblin #4456,A looping doodle critter from Scribblins. Four bodies. One friendly cartoon. One clock. Minted on Base.,4456.gif,Clay,Bear,Blep,Leaf,Bowtie,Star
4457,Scribblin #4457,A looping doodle critter from Scribblins. Four bodies. One friendly cartoon. One clock. Minted on Base.,4457.gif,Butter,Pup,Sleepy,Cap,None,Pencil
4458,Scribblin #4458,A looping doodle critter from Scribblins. Four bodies. One friendly cartoon. One clock. Minted on Base.,4458.gif,Sky,Bunny,Normal,Headphones,Bandana,Heart
4459,Scribblin #4459,A looping doodle critter from Scribblins. Four bodies. One friendly cartoon. One clock. Minted on Base.,4459.gif,Cream,Pup,Sleepy,Flower,Bandana,Star
4460,Scribblin #4460,A looping doodle critter from Scribblins. Four bodies. One friendly cartoon. One clock. Minted on Base.,4460.gif,Clay,Bear,Grin,Flower,Scarf,Pencil
4461,Scribblin #4461,A looping doodle critter from Scribblins. Four bodies. One friendly cartoon. One clock. Minted on Base.,4461.gif,Clay,Bear,Blep,None,Bowtie,Heart
4462,Scribblin #4462,A looping doodle critter from Scribblins. Four bodies. One friendly cartoon. One clock. Minted on Base.,4462.gif,Butter,Bear,Sleepy,Flower,Bandana,Star
4463,Scribblin #4463,A looping doodle critter from Scribblins. Four bodies. One friendly cartoon. One clock. Minted on Base.,4463.gif,Sky,Pup,Sparkly,None,None,None
4464,Scribblin #4464,A looping doodle critter from Scribblins. Four bodies. One friendly cartoon. One clock. Minted on Base.,4464.gif,Cream,Frog,Heart,Cap,None,Balloon
4465,Scribblin #4465,A looping doodle critter from Scribblins. Four bodies. One friendly cartoon. One clock. Minted on Base.,4465.gif,Clay,Pup,Blep,Headphones,Scarf,Heart
4466,Scribblin #4466,A looping doodle critter from Scribblins. Four bodies. One friendly cartoon. One clock. Minted on Base.,4466.gif,Clay,Bunny,Normal,Flower,Scarf,Heart
4467,Scribblin #4467,A looping doodle critter from Scribblins. Four bodies. One friendly cartoon. One clock. Minted on Base.,4467.gif,Cream,Bear,Normal,Leaf,Bowtie,Balloon
4468,Scribblin #4468,A looping doodle critter from Scribblins. Four bodies. One friendly cartoon. One clock. Minted on Base.,4468.gif,Clay,Frog,Heart,Cap,None,Star
4469,Scribblin #4469,A looping doodle critter from Scribblins. Four bodies. One friendly cartoon. One clock. Minted on Base.,4469.gif,Clay,Frog,Normal,None,Bandana,Pencil
4470,Scribblin #4470,A looping doodle critter from Scribblins. Four bodies. One friendly cartoon. One clock. Minted on Base.,4470.gif,Sky,Bear,Sparkly,Beanie,Bandana,Pencil
4471,Scribblin #4471,A looping doodle critter from Scribblins. Four bodies. One friendly cartoon. One clock. Minted on Base.,4471.gif,Sky,Bear,Wink,Headphones,Bandana,None
4472,Scribblin #4472,A looping doodle critter from Scribblins. Four bodies. One friendly cartoon. One clock. Minted on Base.,4472.gif,Sky,Bear,Pout,None,Scarf,Balloon
4473,Scribblin #4473,A looping doodle critter from Scribblins. Four bodies. One friendly cartoon. One clock. Minted on Base.,4473.gif,Butter,Frog,Normal,Bow,Bandana,None
4474,Scribblin #4474,A looping doodle critter from Scribblins. Four bodies. One friendly cartoon. One clock. Minted on Base.,4474.gif,Butter,Bunny,Wink,Flower,Bandana,Heart
4475,Scribblin #4475,A looping doodle critter from Scribblins. Four bodies. One friendly cartoon. One clock. Minted on Base.,4475.gif,Clay,Bunny,Sparkly,Flower,Scarf,Heart
4476,Scribblin #4476,A looping doodle critter from Scribblins. Four bodies. One friendly cartoon. One clock. Minted on Base.,4476.gif,Sky,Bunny,Normal,Flower,Bowtie,Heart
4477,Scribblin #4477,A looping doodle critter from Scribblins. Four bodies. One friendly cartoon. One clock. Minted on Base.,4477.gif,Butter,Bear,Pout,Beanie,Bowtie,Star
4478,Scribblin #4478,A looping doodle critter from Scribblins. Four bodies. One friendly cartoon. One clock. Minted on Base.,4478.gif,Clay,Pup,Sparkly,Flower,None,Pencil
4479,Scribblin #4479,A looping doodle critter from Scribblins. Four bodies. One friendly cartoon. One clock. Minted on Base.,4479.gif,Clay,Frog,Grin,Cap,Bowtie,None
4480,Scribblin #4480,A looping doodle critter from Scribblins. Four bodies. One friendly cartoon. One clock. Minted on Base.,4480.gif,Clay,Bunny,Heart,Beanie,Bandana,None
4481,Scribblin #4481,A looping doodle critter from Scribblins. Four bodies. One friendly cartoon. One clock. Minted on Base.,4481.gif,Cream,Bunny,Normal,Bow,Bandana,None
4482,Scribblin #4482,A looping doodle critter from Scribblins. Four bodies. One friendly cartoon. One clock. Minted on Base.,4482.gif,Clay,Pup,Sleepy,Bow,Bandana,None
4483,Scribblin #4483,A looping doodle critter from Scribblins. Four bodies. One friendly cartoon. One clock. Minted on Base.,4483.gif,Clay,Pup,Normal,Cap,Scarf,None
4484,Scribblin #4484,A looping doodle critter from Scribblins. Four bodies. One friendly cartoon. One clock. Minted on Base.,4484.gif,Butter,Bunny,Grin,Leaf,Bowtie,Pencil
4485,Scribblin #4485,A looping doodle critter from Scribblins. Four bodies. One friendly cartoon. One clock. Minted on Base.,4485.gif,Butter,Pup,Wink,None,Bandana,None
4486,Scribblin #4486,A looping doodle critter from Scribblins. Four bodies. One friendly cartoon. One clock. Minted on Base.,4486.gif,Cream,Bear,Wink,Leaf,Scarf,Heart
4487,Scribblin #4487,A looping doodle critter from Scribblins. Four bodies. One friendly cartoon. One clock. Minted on Base.,4487.gif,Butter,Pup,Grin,Cap,Scarf,Star
4488,Scribblin #4488,A looping doodle critter from Scribblins. Four bodies. One friendly cartoon. One clock. Minted on Base.,4488.gif,Butter,Bear,Sparkly,Cap,None,Heart
4489,Scribblin #4489,A looping doodle critter from Scribblins. Four bodies. One friendly cartoon. One clock. Minted on Base.,4489.gif,Clay,Bunny,Heart,Leaf,Scarf,Heart
4490,Scribblin #4490,A looping doodle critter from Scribblins. Four bodies. One friendly cartoon. One clock. Minted on Base.,4490.gif,Clay,Frog,Heart,Beanie,None,None
4491,Scribblin #4491,A looping doodle critter from Scribblins. Four bodies. One friendly cartoon. One clock. Minted on Base.,4491.gif,Cream,Bunny,Wink,Headphones,Scarf,None
4492,Scribblin #4492,A looping doodle critter from Scribblins. Four bodies. One friendly cartoon. One clock. Minted on Base.,4492.gif,Cream,Bunny,Heart,Beanie,None,None
4493,Scribblin #4493,A looping doodle critter from Scribblins. Four bodies. One friendly cartoon. One clock. Minted on Base.,4493.gif,Sky,Bunny,Grin,Leaf,Scarf,Heart
4494,Scribblin #4494,A looping doodle critter from Scribblins. Four bodies. One friendly cartoon. One clock. Minted on Base.,4494.gif,Clay,Bunny,Wink,None,Scarf,Pencil
4495,Scribblin #4495,A looping doodle critter from Scribblins. Four bodies. One friendly cartoon. One clock. Minted on Base.,4495.gif,Sky,Bunny,Heart,Flower,Bandana,Balloon
4496,Scribblin #4496,A looping doodle critter from Scribblins. Four bodies. One friendly cartoon. One clock. Minted on Base.,4496.gif,Butter,Bunny,Sleepy,Flower,Bandana,None
4497,Scribblin #4497,A looping doodle critter from Scribblins. Four bodies. One friendly cartoon. One clock. Minted on Base.,4497.gif,Clay,Bunny,Sleepy,Leaf,None,None
4498,Scribblin #4498,A looping doodle critter from Scribblins. Four bodies. One friendly cartoon. One clock. Minted on Base.,4498.gif,Sky,Bunny,Sparkly,Leaf,None,None
4499,Scribblin #4499,A looping doodle critter from Scribblins. Four bodies. One friendly cartoon. One clock. Minted on Base.,4499.gif,Butter,Bear,Grin,Leaf,None,None
4500,Scribblin #4500,A looping doodle critter from Scribblins. Four bodies. One friendly cartoon. One clock. Minted on Base.,4500.gif,Butter,Bear,Grin,Cap,Bandana,Star
4501,Scribblin #4501,A looping doodle critter from Scribblins. Four bodies. One friendly cartoon. One clock. Minted on Base.,4501.gif,Clay,Frog,Blep,Bow,Scarf,Star
4502,Scribblin #4502,A looping doodle critter from Scribblins. Four bodies. One friendly cartoon. One clock. Minted on Base.,4502.gif,Butter,Bear,Wink,Flower,Scarf,Pencil
4503,Scribblin #4503,A looping doodle critter from Scribblins. Four bodies. One friendly cartoon. One clock. Minted on Base.,4503.gif,Cream,Bear,Pout,Cap,Scarf,Pencil
4504,Scribblin #4504,A looping doodle critter from Scribblins. Four bodies. One friendly cartoon. One clock. Minted on Base.,4504.gif,Butter,Pup,Grin,None,None,Balloon
4505,Scribblin #4505,A looping doodle critter from Scribblins. Four bodies. One friendly cartoon. One clock. Minted on Base.,4505.gif,Clay,Pup,Grin,Leaf,Bowtie,Heart
4506,Scribblin #4506,A looping doodle critter from Scribblins. Four bodies. One friendly cartoon. One clock. Minted on Base.,4506.gif,Clay,Bunny,Grin,Flower,None,Balloon
4507,Scribblin #4507,A looping doodle critter from Scribblins. Four bodies. One friendly cartoon. One clock. Minted on Base.,4507.gif,Cream,Bunny,Sleepy,Leaf,Bowtie,None
4508,Scribblin #4508,A looping doodle critter from Scribblins. Four bodies. One friendly cartoon. One clock. Minted on Base.,4508.gif,Cream,Bunny,Sleepy,Flower,Bowtie,Pencil
4509,Scribblin #4509,A looping doodle critter from Scribblins. Four bodies. One friendly cartoon. One clock. Minted on Base.,4509.gif,Sky,Pup,Sleepy,Headphones,Bandana,Star
4510,Scribblin #4510,A looping doodle critter from Scribblins. Four bodies. One friendly cartoon. One clock. Minted on Base.,4510.gif,Clay,Bear,Grin,Flower,None,Star
4511,Scribblin #4511,A looping doodle critter from Scribblins. Four bodies. One friendly cartoon. One clock. Minted on Base.,4511.gif,Sky,Bear,Wink,Bow,Scarf,Heart
4512,Scribblin #4512,A looping doodle critter from Scribblins. Four bodies. One friendly cartoon. One clock. Minted on Base.,4512.gif,Clay,Bear,Grin,None,None,Heart
4513,Scribblin #4513,A looping doodle critter from Scribblins. Four bodies. One friendly cartoon. One clock. Minted on Base.,4513.gif,Sky,Pup,Grin,None,Bandana,Star
4514,Scribblin #4514,A looping doodle critter from Scribblins. Four bodies. One friendly cartoon. One clock. Minted on Base.,4514.gif,Cream,Bear,Pout,Flower,Bandana,None
4515,Scribblin #4515,A looping doodle critter from Scribblins. Four bodies. One friendly cartoon. One clock. Minted on Base.,4515.gif,Butter,Frog,Heart,Bow,None,Pencil
4516,Scribblin #4516,A looping doodle critter from Scribblins. Four bodies. One friendly cartoon. One clock. Minted on Base.,4516.gif,Butter,Bunny,Blep,Headphones,Bandana,Pencil
4517,Scribblin #4517,A looping doodle critter from Scribblins. Four bodies. One friendly cartoon. One clock. Minted on Base.,4517.gif,Butter,Bunny,Pout,Headphones,None,Heart
4518,Scribblin #4518,A looping doodle critter from Scribblins. Four bodies. One friendly cartoon. One clock. Minted on Base.,4518.gif,Cream,Bunny,Sparkly,None,None,Pencil
4519,Scribblin #4519,A looping doodle critter from Scribblins. Four bodies. One friendly cartoon. One clock. Minted on Base.,4519.gif,Cream,Bunny,Grin,Flower,None,None
4520,Scribblin #4520,A looping doodle critter from Scribblins. Four bodies. One friendly cartoon. One clock. Minted on Base.,4520.gif,Butter,Bear,Normal,None,Scarf,Balloon
4521,Scribblin #4521,A looping doodle critter from Scribblins. Four bodies. One friendly cartoon. One clock. Minted on Base.,4521.gif,Clay,Bunny,Grin,Flower,Bowtie,Balloon
4522,Scribblin #4522,A looping doodle critter from Scribblins. Four bodies. One friendly cartoon. One clock. Minted on Base.,4522.gif,Sky,Pup,Wink,Leaf,Scarf,Pencil
4523,Scribblin #4523,A looping doodle critter from Scribblins. Four bodies. One friendly cartoon. One clock. Minted on Base.,4523.gif,Sky,Frog,Normal,None,Bandana,Star
4524,Scribblin #4524,A looping doodle critter from Scribblins. Four bodies. One friendly cartoon. One clock. Minted on Base.,4524.gif,Sky,Bear,Sleepy,None,Scarf,Heart
4525,Scribblin #4525,A looping doodle critter from Scribblins. Four bodies. One friendly cartoon. One clock. Minted on Base.,4525.gif,Cream,Bear,Grin,Beanie,Bandana,None
4526,Scribblin #4526,A looping doodle critter from Scribblins. Four bodies. One friendly cartoon. One clock. Minted on Base.,4526.gif,Cream,Frog,Sparkly,Headphones,None,Heart
4527,Scribblin #4527,A looping doodle critter from Scribblins. Four bodies. One friendly cartoon. One clock. Minted on Base.,4527.gif,Clay,Bunny,Wink,Cap,Bandana,Pencil
4528,Scribblin #4528,A looping doodle critter from Scribblins. Four bodies. One friendly cartoon. One clock. Minted on Base.,4528.gif,Clay,Pup,Sleepy,Flower,Bowtie,Pencil
4529,Scribblin #4529,A looping doodle critter from Scribblins. Four bodies. One friendly cartoon. One clock. Minted on Base.,4529.gif,Sky,Bunny,Heart,Flower,None,Heart
4530,Scribblin #4530,A looping doodle critter from Scribblins. Four bodies. One friendly cartoon. One clock. Minted on Base.,4530.gif,Cream,Bunny,Normal,Leaf,Bandana,Balloon
4531,Scribblin #4531,A looping doodle critter from Scribblins. Four bodies. One friendly cartoon. One clock. Minted on Base.,4531.gif,Cream,Frog,Grin,Headphones,None,Balloon
4532,Scribblin #4532,A looping doodle critter from Scribblins. Four bodies. One friendly cartoon. One clock. Minted on Base.,4532.gif,Clay,Frog,Pout,Bow,None,Balloon
4533,Scribblin #4533,A looping doodle critter from Scribblins. Four bodies. One friendly cartoon. One clock. Minted on Base.,4533.gif,Sky,Frog,Sparkly,None,Scarf,Star
4534,Scribblin #4534,A looping doodle critter from Scribblins. Four bodies. One friendly cartoon. One clock. Minted on Base.,4534.gif,Sky,Bunny,Wink,Headphones,Scarf,Balloon
4535,Scribblin #4535,A looping doodle critter from Scribblins. Four bodies. One friendly cartoon. One clock. Minted on Base.,4535.gif,Cream,Frog,Heart,Flower,None,None
4536,Scribblin #4536,A looping doodle critter from Scribblins. Four bodies. One friendly cartoon. One clock. Minted on Base.,4536.gif,Sky,Bear,Sleepy,Flower,Bowtie,None
4537,Scribblin #4537,A looping doodle critter from Scribblins. Four bodies. One friendly cartoon. One clock. Minted on Base.,4537.gif,Clay,Pup,Blep,None,Bandana,Star
4538,Scribblin #4538,A looping doodle critter from Scribblins. Four bodies. One friendly cartoon. One clock. Minted on Base.,4538.gif,Sky,Pup,Blep,Leaf,None,Pencil
4539,Scribblin #4539,A looping doodle critter from Scribblins. Four bodies. One friendly cartoon. One clock. Minted on Base.,4539.gif,Sky,Bear,Heart,Headphones,Bandana,Balloon
4540,Scribblin #4540,A looping doodle critter from Scribblins. Four bodies. One friendly cartoon. One clock. Minted on Base.,4540.gif,Clay,Frog,Sparkly,None,None,Balloon
4541,Scribblin #4541,A looping doodle critter from Scribblins. Four bodies. One friendly cartoon. One clock. Minted on Base.,4541.gif,Cream,Bunny,Wink,Leaf,Bandana,Heart
4542,Scribblin #4542,A looping doodle critter from Scribblins. Four bodies. One friendly cartoon. One clock. Minted on Base.,4542.gif,Cream,Pup,Sparkly,Flower,None,Heart
4543,Scribblin #4543,A looping doodle critter from Scribblins. Four bodies. One friendly cartoon. One clock. Minted on Base.,4543.gif,Sky,Bunny,Sleepy,None,Bowtie,Heart
4544,Scribblin #4544,A looping doodle critter from Scribblins. Four bodies. One friendly cartoon. One clock. Minted on Base.,4544.gif,Clay,Bear,Sleepy,None,None,Pencil
4545,Scribblin #4545,A looping doodle critter from Scribblins. Four bodies. One friendly cartoon. One clock. Minted on Base.,4545.gif,Butter,Bear,Grin,None,None,Star
4546,Scribblin #4546,A looping doodle critter from Scribblins. Four bodies. One friendly cartoon. One clock. Minted on Base.,4546.gif,Butter,Bear,Normal,Bow,Bandana,None
4547,Scribblin #4547,A looping doodle critter from Scribblins. Four bodies. One friendly cartoon. One clock. Minted on Base.,4547.gif,Cream,Bear,Pout,Cap,Bowtie,Star
4548,Scribblin #4548,A looping doodle critter from Scribblins. Four bodies. One friendly cartoon. One clock. Minted on Base.,4548.gif,Cream,Bunny,Heart,Bow,None,Heart
4549,Scribblin #4549,A looping doodle critter from Scribblins. Four bodies. One friendly cartoon. One clock. Minted on Base.,4549.gif,Butter,Frog,Sparkly,Beanie,Scarf,Pencil
4550,Scribblin #4550,A looping doodle critter from Scribblins. Four bodies. One friendly cartoon. One clock. Minted on Base.,4550.gif,Butter,Pup,Grin,Leaf,Scarf,None
4551,Scribblin #4551,A looping doodle critter from Scribblins. Four bodies. One friendly cartoon. One clock. Minted on Base.,4551.gif,Butter,Bunny,Normal,Cap,Bowtie,Balloon
4552,Scribblin #4552,A looping doodle critter from Scribblins. Four bodies. One friendly cartoon. One clock. Minted on Base.,4552.gif,Sky,Pup,Normal,Headphones,Bowtie,Heart
4553,Scribblin #4553,A looping doodle critter from Scribblins. Four bodies. One friendly cartoon. One clock. Minted on Base.,4553.gif,Clay,Bunny,Heart,Beanie,Bandana,Pencil
4554,Scribblin #4554,A looping doodle critter from Scribblins. Four bodies. One friendly cartoon. One clock. Minted on Base.,4554.gif,Butter,Frog,Normal,Leaf,None,Heart
4555,Scribblin #4555,A looping doodle critter from Scribblins. Four bodies. One friendly cartoon. One clock. Minted on Base.,4555.gif,Clay,Frog,Sleepy,Flower,Bowtie,None
4556,Scribblin #4556,A looping doodle critter from Scribblins. Four bodies. One friendly cartoon. One clock. Minted on Base.,4556.gif,Butter,Pup,Wink,Flower,Bandana,None
4557,Scribblin #4557,A looping doodle critter from Scribblins. Four bodies. One friendly cartoon. One clock. Minted on Base.,4557.gif,Butter,Bear,Normal,Beanie,Bandana,Heart
4558,Scribblin #4558,A looping doodle critter from Scribblins. Four bodies. One friendly cartoon. One clock. Minted on Base.,4558.gif,Clay,Bear,Blep,Bow,Scarf,None
4559,Scribblin #4559,A looping doodle critter from Scribblins. Four bodies. One friendly cartoon. One clock. Minted on Base.,4559.gif,Clay,Bunny,Sleepy,None,Scarf,Star
4560,Scribblin #4560,A looping doodle critter from Scribblins. Four bodies. One friendly cartoon. One clock. Minted on Base.,4560.gif,Sky,Bear,Normal,Bow,Bowtie,Star
4561,Scribblin #4561,A looping doodle critter from Scribblins. Four bodies. One friendly cartoon. One clock. Minted on Base.,4561.gif,Clay,Pup,Grin,Beanie,Scarf,Balloon
4562,Scribblin #4562,A looping doodle critter from Scribblins. Four bodies. One friendly cartoon. One clock. Minted on Base.,4562.gif,Sky,Bunny,Normal,Leaf,Bowtie,Balloon
4563,Scribblin #4563,A looping doodle critter from Scribblins. Four bodies. One friendly cartoon. One clock. Minted on Base.,4563.gif,Clay,Pup,Normal,Headphones,Scarf,Balloon
4564,Scribblin #4564,A looping doodle critter from Scribblins. Four bodies. One friendly cartoon. One clock. Minted on Base.,4564.gif,Cream,Bear,Sleepy,Bow,Bandana,None
4565,Scribblin #4565,A looping doodle critter from Scribblins. Four bodies. One friendly cartoon. One clock. Minted on Base.,4565.gif,Clay,Bunny,Sleepy,Headphones,None,Star
4566,Scribblin #4566,A looping doodle critter from Scribblins. Four bodies. One friendly cartoon. One clock. Minted on Base.,4566.gif,Cream,Bunny,Sparkly,None,None,Star
4567,Scribblin #4567,A looping doodle critter from Scribblins. Four bodies. One friendly cartoon. One clock. Minted on Base.,4567.gif,Clay,Bear,Sparkly,Bow,Bandana,None
4568,Scribblin #4568,A looping doodle critter from Scribblins. Four bodies. One friendly cartoon. One clock. Minted on Base.,4568.gif,Sky,Pup,Grin,Cap,Bandana,Star
4569,Scribblin #4569,A looping doodle critter from Scribblins. Four bodies. One friendly cartoon. One clock. Minted on Base.,4569.gif,Butter,Frog,Normal,None,Scarf,Balloon
4570,Scribblin #4570,A looping doodle critter from Scribblins. Four bodies. One friendly cartoon. One clock. Minted on Base.,4570.gif,Cream,Bunny,Sleepy,Headphones,Bandana,Pencil
4571,Scribblin #4571,A looping doodle critter from Scribblins. Four bodies. One friendly cartoon. One clock. Minted on Base.,4571.gif,Sky,Bunny,Wink,Bow,Bowtie,Heart
4572,Scribblin #4572,A looping doodle critter from Scribblins. Four bodies. One friendly cartoon. One clock. Minted on Base.,4572.gif,Sky,Bear,Normal,Bow,Scarf,Star
4573,Scribblin #4573,A looping doodle critter from Scribblins. Four bodies. One friendly cartoon. One clock. Minted on Base.,4573.gif,Butter,Bunny,Normal,None,None,Pencil
4574,Scribblin #4574,A looping doodle critter from Scribblins. Four bodies. One friendly cartoon. One clock. Minted on Base.,4574.gif,Sky,Bear,Grin,None,Scarf,Heart
4575,Scribblin #4575,A looping doodle critter from Scribblins. Four bodies. One friendly cartoon. One clock. Minted on Base.,4575.gif,Butter,Bear,Wink,Leaf,None,Balloon
4576,Scribblin #4576,A looping doodle critter from Scribblins. Four bodies. One friendly cartoon. One clock. Minted on Base.,4576.gif,Clay,Pup,Pout,Headphones,Bowtie,None
4577,Scribblin #4577,A looping doodle critter from Scribblins. Four bodies. One friendly cartoon. One clock. Minted on Base.,4577.gif,Cream,Frog,Normal,Bow,Scarf,None
4578,Scribblin #4578,A looping doodle critter from Scribblins. Four bodies. One friendly cartoon. One clock. Minted on Base.,4578.gif,Clay,Bear,Heart,None,None,None
4579,Scribblin #4579,A looping doodle critter from Scribblins. Four bodies. One friendly cartoon. One clock. Minted on Base.,4579.gif,Sky,Frog,Blep,Beanie,Bandana,Pencil
4580,Scribblin #4580,A looping doodle critter from Scribblins. Four bodies. One friendly cartoon. One clock. Minted on Base.,4580.gif,Sky,Bear,Blep,Leaf,Bandana,None
4581,Scribblin #4581,A looping doodle critter from Scribblins. Four bodies. One friendly cartoon. One clock. Minted on Base.,4581.gif,Sky,Frog,Normal,None,None,Star
4582,Scribblin #4582,A looping doodle critter from Scribblins. Four bodies. One friendly cartoon. One clock. Minted on Base.,4582.gif,Clay,Bunny,Blep,Bow,None,Star
4583,Scribblin #4583,A looping doodle critter from Scribblins. Four bodies. One friendly cartoon. One clock. Minted on Base.,4583.gif,Clay,Bear,Blep,Flower,Bowtie,Pencil
4584,Scribblin #4584,A looping doodle critter from Scribblins. Four bodies. One friendly cartoon. One clock. Minted on Base.,4584.gif,Butter,Bear,Normal,Cap,Bowtie,Pencil
4585,Scribblin #4585,A looping doodle critter from Scribblins. Four bodies. One friendly cartoon. One clock. Minted on Base.,4585.gif,Clay,Bunny,Grin,Leaf,Scarf,Star
4586,Scribblin #4586,A looping doodle critter from Scribblins. Four bodies. One friendly cartoon. One clock. Minted on Base.,4586.gif,Sky,Bunny,Blep,Leaf,Scarf,None
4587,Scribblin #4587,A looping doodle critter from Scribblins. Four bodies. One friendly cartoon. One clock. Minted on Base.,4587.gif,Clay,Bunny,Blep,Leaf,Scarf,None
4588,Scribblin #4588,A looping doodle critter from Scribblins. Four bodies. One friendly cartoon. One clock. Minted on Base.,4588.gif,Cream,Bunny,Wink,Headphones,Bowtie,Star
4589,Scribblin #4589,A looping doodle critter from Scribblins. Four bodies. One friendly cartoon. One clock. Minted on Base.,4589.gif,Sky,Frog,Sparkly,Beanie,None,Star
4590,Scribblin #4590,A looping doodle critter from Scribblins. Four bodies. One friendly cartoon. One clock. Minted on Base.,4590.gif,Cream,Frog,Grin,Bow,Bowtie,Balloon
4591,Scribblin #4591,A looping doodle critter from Scribblins. Four bodies. One friendly cartoon. One clock. Minted on Base.,4591.gif,Cream,Bunny,Pout,Leaf,Bandana,None
4592,Scribblin #4592,A looping doodle critter from Scribblins. Four bodies. One friendly cartoon. One clock. Minted on Base.,4592.gif,Sky,Bear,Pout,Beanie,Scarf,Heart
4593,Scribblin #4593,A looping doodle critter from Scribblins. Four bodies. One friendly cartoon. One clock. Minted on Base.,4593.gif,Butter,Pup,Wink,Leaf,Scarf,Star
4594,Scribblin #4594,A looping doodle critter from Scribblins. Four bodies. One friendly cartoon. One clock. Minted on Base.,4594.gif,Butter,Bear,Wink,Bow,None,None
4595,Scribblin #4595,A looping doodle critter from Scribblins. Four bodies. One friendly cartoon. One clock. Minted on Base.,4595.gif,Sky,Bunny,Grin,Leaf,None,Heart
4596,Scribblin #4596,A looping doodle critter from Scribblins. Four bodies. One friendly cartoon. One clock. Minted on Base.,4596.gif,Butter,Pup,Normal,Headphones,Bandana,Balloon
4597,Scribblin #4597,A looping doodle critter from Scribblins. Four bodies. One friendly cartoon. One clock. Minted on Base.,4597.gif,Clay,Pup,Blep,Beanie,Bandana,Pencil
4598,Scribblin #4598,A looping doodle critter from Scribblins. Four bodies. One friendly cartoon. One clock. Minted on Base.,4598.gif,Butter,Frog,Wink,Leaf,None,Pencil
4599,Scribblin #4599,A looping doodle critter from Scribblins. Four bodies. One friendly cartoon. One clock. Minted on Base.,4599.gif,Clay,Pup,Grin,Beanie,None,None
4600,Scribblin #4600,A looping doodle critter from Scribblins. Four bodies. One friendly cartoon. One clock. Minted on Base.,4600.gif,Sky,Bunny,Sleepy,Beanie,None,Heart
4601,Scribblin #4601,A looping doodle critter from Scribblins. Four bodies. One friendly cartoon. One clock. Minted on Base.,4601.gif,Sky,Bear,Wink,Beanie,Bandana,Balloon
4602,Scribblin #4602,A looping doodle critter from Scribblins. Four bodies. One friendly cartoon. One clock. Minted on Base.,4602.gif,Clay,Bear,Heart,Flower,None,Star
4603,Scribblin #4603,A looping doodle critter from Scribblins. Four bodies. One friendly cartoon. One clock. Minted on Base.,4603.gif,Sky,Frog,Pout,Flower,Bandana,Pencil
4604,Scribblin #4604,A looping doodle critter from Scribblins. Four bodies. One friendly cartoon. One clock. Minted on Base.,4604.gif,Sky,Bear,Pout,None,None,Pencil
4605,Scribblin #4605,A looping doodle critter from Scribblins. Four bodies. One friendly cartoon. One clock. Minted on Base.,4605.gif,Sky,Bunny,Normal,None,None,Heart
4606,Scribblin #4606,A looping doodle critter from Scribblins. Four bodies. One friendly cartoon. One clock. Minted on Base.,4606.gif,Clay,Bear,Blep,Flower,Scarf,Pencil
4607,Scribblin #4607,A looping doodle critter from Scribblins. Four bodies. One friendly cartoon. One clock. Minted on Base.,4607.gif,Cream,Bunny,Normal,Cap,None,Heart
4608,Scribblin #4608,A looping doodle critter from Scribblins. Four bodies. One friendly cartoon. One clock. Minted on Base.,4608.gif,Butter,Bunny,Wink,Headphones,Scarf,Star
4609,Scribblin #4609,A looping doodle critter from Scribblins. Four bodies. One friendly cartoon. One clock. Minted on Base.,4609.gif,Cream,Pup,Blep,Cap,None,None
4610,Scribblin #4610,A looping doodle critter from Scribblins. Four bodies. One friendly cartoon. One clock. Minted on Base.,4610.gif,Cream,Frog,Blep,Headphones,Bandana,Pencil
4611,Scribblin #4611,A looping doodle critter from Scribblins. Four bodies. One friendly cartoon. One clock. Minted on Base.,4611.gif,Sky,Bunny,Pout,None,Scarf,Balloon
4612,Scribblin #4612,A looping doodle critter from Scribblins. Four bodies. One friendly cartoon. One clock. Minted on Base.,4612.gif,Clay,Bear,Sparkly,None,None,Star
4613,Scribblin #4613,A looping doodle critter from Scribblins. Four bodies. One friendly cartoon. One clock. Minted on Base.,4613.gif,Sky,Bunny,Wink,Cap,Scarf,Heart
4614,Scribblin #4614,A looping doodle critter from Scribblins. Four bodies. One friendly cartoon. One clock. Minted on Base.,4614.gif,Butter,Frog,Heart,Flower,Bowtie,Heart
4615,Scribblin #4615,A looping doodle critter from Scribblins. Four bodies. One friendly cartoon. One clock. Minted on Base.,4615.gif,Sky,Bear,Sparkly,Bow,Bandana,Pencil
4616,Scribblin #4616,A looping doodle critter from Scribblins. Four bodies. One friendly cartoon. One clock. Minted on Base.,4616.gif,Butter,Frog,Sleepy,None,Bowtie,Heart
4617,Scribblin #4617,A looping doodle critter from Scribblins. Four bodies. One friendly cartoon. One clock. Minted on Base.,4617.gif,Butter,Bunny,Wink,Flower,None,Star
4618,Scribblin #4618,A looping doodle critter from Scribblins. Four bodies. One friendly cartoon. One clock. Minted on Base.,4618.gif,Butter,Pup,Blep,Beanie,None,Star
4619,Scribblin #4619,A looping doodle critter from Scribblins. Four bodies. One friendly cartoon. One clock. Minted on Base.,4619.gif,Butter,Bunny,Wink,Flower,Bowtie,Balloon
4620,Scribblin #4620,A looping doodle critter from Scribblins. Four bodies. One friendly cartoon. One clock. Minted on Base.,4620.gif,Butter,Bear,Normal,Flower,Bandana,None
4621,Scribblin #4621,A looping doodle critter from Scribblins. Four bodies. One friendly cartoon. One clock. Minted on Base.,4621.gif,Cream,Bear,Grin,None,None,None
4622,Scribblin #4622,A looping doodle critter from Scribblins. Four bodies. One friendly cartoon. One clock. Minted on Base.,4622.gif,Sky,Bear,Normal,Beanie,Scarf,Star
4623,Scribblin #4623,A looping doodle critter from Scribblins. Four bodies. One friendly cartoon. One clock. Minted on Base.,4623.gif,Cream,Frog,Wink,Cap,Bandana,Balloon
4624,Scribblin #4624,A looping doodle critter from Scribblins. Four bodies. One friendly cartoon. One clock. Minted on Base.,4624.gif,Clay,Bear,Wink,Beanie,Bandana,None
4625,Scribblin #4625,A looping doodle critter from Scribblins. Four bodies. One friendly cartoon. One clock. Minted on Base.,4625.gif,Cream,Pup,Heart,None,Scarf,Star
4626,Scribblin #4626,A looping doodle critter from Scribblins. Four bodies. One friendly cartoon. One clock. Minted on Base.,4626.gif,Cream,Frog,Sleepy,Bow,Bandana,Balloon
4627,Scribblin #4627,A looping doodle critter from Scribblins. Four bodies. One friendly cartoon. One clock. Minted on Base.,4627.gif,Butter,Bunny,Grin,Beanie,None,Balloon
4628,Scribblin #4628,A looping doodle critter from Scribblins. Four bodies. One friendly cartoon. One clock. Minted on Base.,4628.gif,Sky,Pup,Pout,Leaf,Scarf,Heart
4629,Scribblin #4629,A looping doodle critter from Scribblins. Four bodies. One friendly cartoon. One clock. Minted on Base.,4629.gif,Cream,Pup,Blep,Flower,Bandana,Balloon
4630,Scribblin #4630,A looping doodle critter from Scribblins. Four bodies. One friendly cartoon. One clock. Minted on Base.,4630.gif,Cream,Pup,Normal,None,None,None
4631,Scribblin #4631,A looping doodle critter from Scribblins. Four bodies. One friendly cartoon. One clock. Minted on Base.,4631.gif,Butter,Pup,Blep,Bow,Scarf,Heart
4632,Scribblin #4632,A looping doodle critter from Scribblins. Four bodies. One friendly cartoon. One clock. Minted on Base.,4632.gif,Clay,Frog,Heart,Cap,None,Pencil
4633,Scribblin #4633,A looping doodle critter from Scribblins. Four bodies. One friendly cartoon. One clock. Minted on Base.,4633.gif,Sky,Bear,Wink,None,Bowtie,Star
4634,Scribblin #4634,A looping doodle critter from Scribblins. Four bodies. One friendly cartoon. One clock. Minted on Base.,4634.gif,Butter,Bear,Normal,Headphones,Bandana,Pencil
4635,Scribblin #4635,A looping doodle critter from Scribblins. Four bodies. One friendly cartoon. One clock. Minted on Base.,4635.gif,Clay,Bear,Sparkly,Bow,Bandana,Pencil
4636,Scribblin #4636,A looping doodle critter from Scribblins. Four bodies. One friendly cartoon. One clock. Minted on Base.,4636.gif,Sky,Bunny,Wink,Beanie,None,Balloon
4637,Scribblin #4637,A looping doodle critter from Scribblins. Four bodies. One friendly cartoon. One clock. Minted on Base.,4637.gif,Clay,Frog,Normal,Flower,Bandana,Balloon
4638,Scribblin #4638,A looping doodle critter from Scribblins. Four bodies. One friendly cartoon. One clock. Minted on Base.,4638.gif,Cream,Bunny,Grin,Headphones,None,Balloon
4639,Scribblin #4639,A looping doodle critter from Scribblins. Four bodies. One friendly cartoon. One clock. Minted on Base.,4639.gif,Butter,Bunny,Wink,Flower,Scarf,Star
4640,Scribblin #4640,A looping doodle critter from Scribblins. Four bodies. One friendly cartoon. One clock. Minted on Base.,4640.gif,Sky,Bear,Sleepy,Flower,None,Star
4641,Scribblin #4641,A looping doodle critter from Scribblins. Four bodies. One friendly cartoon. One clock. Minted on Base.,4641.gif,Sky,Pup,Normal,Beanie,Bandana,Star
4642,Scribblin #4642,A looping doodle critter from Scribblins. Four bodies. One friendly cartoon. One clock. Minted on Base.,4642.gif,Butter,Frog,Grin,None,Scarf,Heart
4643,Scribblin #4643,A looping doodle critter from Scribblins. Four bodies. One friendly cartoon. One clock. Minted on Base.,4643.gif,Cream,Pup,Sleepy,Beanie,Bowtie,Balloon
4644,Scribblin #4644,A looping doodle critter from Scribblins. Four bodies. One friendly cartoon. One clock. Minted on Base.,4644.gif,Cream,Bunny,Grin,Beanie,Scarf,Balloon
4645,Scribblin #4645,A looping doodle critter from Scribblins. Four bodies. One friendly cartoon. One clock. Minted on Base.,4645.gif,Cream,Bear,Blep,Beanie,None,Pencil
4646,Scribblin #4646,A looping doodle critter from Scribblins. Four bodies. One friendly cartoon. One clock. Minted on Base.,4646.gif,Cream,Pup,Normal,Bow,Bandana,Balloon
4647,Scribblin #4647,A looping doodle critter from Scribblins. Four bodies. One friendly cartoon. One clock. Minted on Base.,4647.gif,Sky,Bear,Blep,None,Scarf,Balloon
4648,Scribblin #4648,A looping doodle critter from Scribblins. Four bodies. One friendly cartoon. One clock. Minted on Base.,4648.gif,Clay,Frog,Wink,Bow,None,None
4649,Scribblin #4649,A looping doodle critter from Scribblins. Four bodies. One friendly cartoon. One clock. Minted on Base.,4649.gif,Sky,Pup,Grin,Cap,Bandana,Pencil
4650,Scribblin #4650,A looping doodle critter from Scribblins. Four bodies. One friendly cartoon. One clock. Minted on Base.,4650.gif,Sky,Bunny,Pout,Headphones,Bowtie,None
4651,Scribblin #4651,A looping doodle critter from Scribblins. Four bodies. One friendly cartoon. One clock. Minted on Base.,4651.gif,Sky,Pup,Normal,None,None,Pencil
4652,Scribblin #4652,A looping doodle critter from Scribblins. Four bodies. One friendly cartoon. One clock. Minted on Base.,4652.gif,Sky,Bunny,Sparkly,Beanie,None,Star
4653,Scribblin #4653,A looping doodle critter from Scribblins. Four bodies. One friendly cartoon. One clock. Minted on Base.,4653.gif,Butter,Bunny,Heart,Headphones,Scarf,Star
4654,Scribblin #4654,A looping doodle critter from Scribblins. Four bodies. One friendly cartoon. One clock. Minted on Base.,4654.gif,Cream,Bunny,Sleepy,Cap,None,Heart
4655,Scribblin #4655,A looping doodle critter from Scribblins. Four bodies. One friendly cartoon. One clock. Minted on Base.,4655.gif,Clay,Frog,Normal,Cap,Bandana,None
4656,Scribblin #4656,A looping doodle critter from Scribblins. Four bodies. One friendly cartoon. One clock. Minted on Base.,4656.gif,Clay,Bear,Grin,Leaf,None,Pencil
4657,Scribblin #4657,A looping doodle critter from Scribblins. Four bodies. One friendly cartoon. One clock. Minted on Base.,4657.gif,Butter,Bear,Sparkly,Beanie,Scarf,Star
4658,Scribblin #4658,A looping doodle critter from Scribblins. Four bodies. One friendly cartoon. One clock. Minted on Base.,4658.gif,Cream,Bear,Grin,Headphones,Bowtie,Balloon
4659,Scribblin #4659,A looping doodle critter from Scribblins. Four bodies. One friendly cartoon. One clock. Minted on Base.,4659.gif,Cream,Frog,Normal,Beanie,Scarf,Pencil
4660,Scribblin #4660,A looping doodle critter from Scribblins. Four bodies. One friendly cartoon. One clock. Minted on Base.,4660.gif,Clay,Frog,Normal,None,None,None
4661,Scribblin #4661,A looping doodle critter from Scribblins. Four bodies. One friendly cartoon. One clock. Minted on Base.,4661.gif,Clay,Pup,Sparkly,None,Scarf,Star
4662,Scribblin #4662,A looping doodle critter from Scribblins. Four bodies. One friendly cartoon. One clock. Minted on Base.,4662.gif,Clay,Pup,Wink,Headphones,Bowtie,Heart
4663,Scribblin #4663,A looping doodle critter from Scribblins. Four bodies. One friendly cartoon. One clock. Minted on Base.,4663.gif,Sky,Bunny,Blep,Bow,None,Heart
4664,Scribblin #4664,A looping doodle critter from Scribblins. Four bodies. One friendly cartoon. One clock. Minted on Base.,4664.gif,Cream,Pup,Heart,Cap,Scarf,Pencil
4665,Scribblin #4665,A looping doodle critter from Scribblins. Four bodies. One friendly cartoon. One clock. Minted on Base.,4665.gif,Clay,Bear,Grin,Beanie,None,Heart
4666,Scribblin #4666,A looping doodle critter from Scribblins. Four bodies. One friendly cartoon. One clock. Minted on Base.,4666.gif,Cream,Bear,Grin,Cap,Scarf,Pencil
4667,Scribblin #4667,A looping doodle critter from Scribblins. Four bodies. One friendly cartoon. One clock. Minted on Base.,4667.gif,Sky,Bear,Blep,Headphones,Bandana,Star
4668,Scribblin #4668,A looping doodle critter from Scribblins. Four bodies. One friendly cartoon. One clock. Minted on Base.,4668.gif,Cream,Bear,Pout,Bow,Bandana,Star
4669,Scribblin #4669,A looping doodle critter from Scribblins. Four bodies. One friendly cartoon. One clock. Minted on Base.,4669.gif,Clay,Bear,Sleepy,Beanie,None,Pencil
4670,Scribblin #4670,A looping doodle critter from Scribblins. Four bodies. One friendly cartoon. One clock. Minted on Base.,4670.gif,Cream,Bunny,Pout,Bow,None,None
4671,Scribblin #4671,A looping doodle critter from Scribblins. Four bodies. One friendly cartoon. One clock. Minted on Base.,4671.gif,Clay,Frog,Normal,Headphones,Scarf,Pencil
4672,Scribblin #4672,A looping doodle critter from Scribblins. Four bodies. One friendly cartoon. One clock. Minted on Base.,4672.gif,Clay,Frog,Sparkly,Headphones,Bowtie,None
4673,Scribblin #4673,A looping doodle critter from Scribblins. Four bodies. One friendly cartoon. One clock. Minted on Base.,4673.gif,Clay,Frog,Normal,Bow,Scarf,Pencil
4674,Scribblin #4674,A looping doodle critter from Scribblins. Four bodies. One friendly cartoon. One clock. Minted on Base.,4674.gif,Clay,Bear,Grin,Beanie,Bowtie,Balloon
4675,Scribblin #4675,A looping doodle critter from Scribblins. Four bodies. One friendly cartoon. One clock. Minted on Base.,4675.gif,Sky,Frog,Sleepy,Leaf,Bandana,None
4676,Scribblin #4676,A looping doodle critter from Scribblins. Four bodies. One friendly cartoon. One clock. Minted on Base.,4676.gif,Sky,Frog,Sparkly,Headphones,Bandana,None
4677,Scribblin #4677,A looping doodle critter from Scribblins. Four bodies. One friendly cartoon. One clock. Minted on Base.,4677.gif,Sky,Bunny,Blep,None,None,None
4678,Scribblin #4678,A looping doodle critter from Scribblins. Four bodies. One friendly cartoon. One clock. Minted on Base.,4678.gif,Clay,Pup,Blep,Headphones,None,Star
4679,Scribblin #4679,A looping doodle critter from Scribblins. Four bodies. One friendly cartoon. One clock. Minted on Base.,4679.gif,Cream,Pup,Grin,Flower,Scarf,Pencil
4680,Scribblin #4680,A looping doodle critter from Scribblins. Four bodies. One friendly cartoon. One clock. Minted on Base.,4680.gif,Cream,Bunny,Sleepy,Cap,Bandana,Star
4681,Scribblin #4681,A looping doodle critter from Scribblins. Four bodies. One friendly cartoon. One clock. Minted on Base.,4681.gif,Clay,Bear,Blep,Cap,None,Star
4682,Scribblin #4682,A looping doodle critter from Scribblins. Four bodies. One friendly cartoon. One clock. Minted on Base.,4682.gif,Sky,Bear,Blep,Flower,None,Star
4683,Scribblin #4683,A looping doodle critter from Scribblins. Four bodies. One friendly cartoon. One clock. Minted on Base.,4683.gif,Sky,Bear,Sleepy,Headphones,Bandana,Star
4684,Scribblin #4684,A looping doodle critter from Scribblins. Four bodies. One friendly cartoon. One clock. Minted on Base.,4684.gif,Clay,Pup,Grin,Leaf,Bowtie,None
4685,Scribblin #4685,A looping doodle critter from Scribblins. Four bodies. One friendly cartoon. One clock. Minted on Base.,4685.gif,Sky,Bear,Heart,Bow,None,Balloon
4686,Scribblin #4686,A looping doodle critter from Scribblins. Four bodies. One friendly cartoon. One clock. Minted on Base.,4686.gif,Clay,Bear,Grin,Bow,Bowtie,Balloon
4687,Scribblin #4687,A looping doodle critter from Scribblins. Four bodies. One friendly cartoon. One clock. Minted on Base.,4687.gif,Clay,Bear,Heart,Leaf,None,Balloon
4688,Scribblin #4688,A looping doodle critter from Scribblins. Four bodies. One friendly cartoon. One clock. Minted on Base.,4688.gif,Cream,Bear,Pout,Bow,Bowtie,Star
4689,Scribblin #4689,A looping doodle critter from Scribblins. Four bodies. One friendly cartoon. One clock. Minted on Base.,4689.gif,Cream,Bunny,Blep,Flower,None,Pencil
4690,Scribblin #4690,A looping doodle critter from Scribblins. Four bodies. One friendly cartoon. One clock. Minted on Base.,4690.gif,Clay,Pup,Sleepy,Bow,None,Star
4691,Scribblin #4691,A looping doodle critter from Scribblins. Four bodies. One friendly cartoon. One clock. Minted on Base.,4691.gif,Sky,Pup,Grin,Headphones,Scarf,Heart
4692,Scribblin #4692,A looping doodle critter from Scribblins. Four bodies. One friendly cartoon. One clock. Minted on Base.,4692.gif,Cream,Pup,Grin,Cap,Scarf,Heart
4693,Scribblin #4693,A looping doodle critter from Scribblins. Four bodies. One friendly cartoon. One clock. Minted on Base.,4693.gif,Cream,Pup,Pout,Leaf,Bandana,None
4694,Scribblin #4694,A looping doodle critter from Scribblins. Four bodies. One friendly cartoon. One clock. Minted on Base.,4694.gif,Clay,Frog,Grin,Beanie,None,Star
4695,Scribblin #4695,A looping doodle critter from Scribblins. Four bodies. One friendly cartoon. One clock. Minted on Base.,4695.gif,Sky,Pup,Normal,Headphones,Bowtie,Pencil
4696,Scribblin #4696,A looping doodle critter from Scribblins. Four bodies. One friendly cartoon. One clock. Minted on Base.,4696.gif,Clay,Frog,Heart,Leaf,None,Pencil
4697,Scribblin #4697,A looping doodle critter from Scribblins. Four bodies. One friendly cartoon. One clock. Minted on Base.,4697.gif,Clay,Frog,Normal,None,None,Balloon
4698,Scribblin #4698,A looping doodle critter from Scribblins. Four bodies. One friendly cartoon. One clock. Minted on Base.,4698.gif,Butter,Frog,Sparkly,Flower,Bandana,Balloon
4699,Scribblin #4699,A looping doodle critter from Scribblins. Four bodies. One friendly cartoon. One clock. Minted on Base.,4699.gif,Clay,Bunny,Sleepy,Beanie,None,Star
4700,Scribblin #4700,A looping doodle critter from Scribblins. Four bodies. One friendly cartoon. One clock. Minted on Base.,4700.gif,Cream,Bear,Sparkly,Beanie,None,Star
4701,Scribblin #4701,A looping doodle critter from Scribblins. Four bodies. One friendly cartoon. One clock. Minted on Base.,4701.gif,Clay,Bear,Blep,Cap,None,None
4702,Scribblin #4702,A looping doodle critter from Scribblins. Four bodies. One friendly cartoon. One clock. Minted on Base.,4702.gif,Sky,Pup,Sleepy,None,Scarf,Star
4703,Scribblin #4703,A looping doodle critter from Scribblins. Four bodies. One friendly cartoon. One clock. Minted on Base.,4703.gif,Clay,Bunny,Wink,None,Scarf,None
4704,Scribblin #4704,A looping doodle critter from Scribblins. Four bodies. One friendly cartoon. One clock. Minted on Base.,4704.gif,Clay,Pup,Grin,None,Scarf,Heart
4705,Scribblin #4705,A looping doodle critter from Scribblins. Four bodies. One friendly cartoon. One clock. Minted on Base.,4705.gif,Clay,Bear,Sparkly,Flower,None,Balloon
4706,Scribblin #4706,A looping doodle critter from Scribblins. Four bodies. One friendly cartoon. One clock. Minted on Base.,4706.gif,Cream,Bunny,Wink,None,None,Balloon
4707,Scribblin #4707,A looping doodle critter from Scribblins. Four bodies. One friendly cartoon. One clock. Minted on Base.,4707.gif,Clay,Pup,Sleepy,Beanie,Bowtie,Balloon
4708,Scribblin #4708,A looping doodle critter from Scribblins. Four bodies. One friendly cartoon. One clock. Minted on Base.,4708.gif,Butter,Bear,Pout,Cap,Scarf,None
4709,Scribblin #4709,A looping doodle critter from Scribblins. Four bodies. One friendly cartoon. One clock. Minted on Base.,4709.gif,Butter,Frog,Sparkly,Cap,Bowtie,Balloon
4710,Scribblin #4710,A looping doodle critter from Scribblins. Four bodies. One friendly cartoon. One clock. Minted on Base.,4710.gif,Cream,Frog,Normal,Beanie,Bowtie,Star
4711,Scribblin #4711,A looping doodle critter from Scribblins. Four bodies. One friendly cartoon. One clock. Minted on Base.,4711.gif,Butter,Pup,Sparkly,Flower,Bandana,None
4712,Scribblin #4712,A looping doodle critter from Scribblins. Four bodies. One friendly cartoon. One clock. Minted on Base.,4712.gif,Butter,Bunny,Sleepy,Bow,Bowtie,Pencil
4713,Scribblin #4713,A looping doodle critter from Scribblins. Four bodies. One friendly cartoon. One clock. Minted on Base.,4713.gif,Sky,Bear,Pout,Flower,None,Balloon
4714,Scribblin #4714,A looping doodle critter from Scribblins. Four bodies. One friendly cartoon. One clock. Minted on Base.,4714.gif,Clay,Bunny,Sleepy,Cap,Scarf,None
4715,Scribblin #4715,A looping doodle critter from Scribblins. Four bodies. One friendly cartoon. One clock. Minted on Base.,4715.gif,Cream,Frog,Sparkly,Headphones,Scarf,None
4716,Scribblin #4716,A looping doodle critter from Scribblins. Four bodies. One friendly cartoon. One clock. Minted on Base.,4716.gif,Sky,Bear,Blep,None,None,Balloon
4717,Scribblin #4717,A looping doodle critter from Scribblins. Four bodies. One friendly cartoon. One clock. Minted on Base.,4717.gif,Butter,Frog,Normal,None,Bandana,None
4718,Scribblin #4718,A looping doodle critter from Scribblins. Four bodies. One friendly cartoon. One clock. Minted on Base.,4718.gif,Cream,Bunny,Wink,Cap,Bandana,Balloon
4719,Scribblin #4719,A looping doodle critter from Scribblins. Four bodies. One friendly cartoon. One clock. Minted on Base.,4719.gif,Butter,Bunny,Blep,Flower,None,None
4720,Scribblin #4720,A looping doodle critter from Scribblins. Four bodies. One friendly cartoon. One clock. Minted on Base.,4720.gif,Sky,Bear,Normal,Headphones,Bandana,Balloon
4721,Scribblin #4721,A looping doodle critter from Scribblins. Four bodies. One friendly cartoon. One clock. Minted on Base.,4721.gif,Butter,Pup,Sparkly,Leaf,None,Heart
4722,Scribblin #4722,A looping doodle critter from Scribblins. Four bodies. One friendly cartoon. One clock. Minted on Base.,4722.gif,Clay,Frog,Sparkly,Beanie,None,None
4723,Scribblin #4723,A looping doodle critter from Scribblins. Four bodies. One friendly cartoon. One clock. Minted on Base.,4723.gif,Butter,Pup,Sparkly,Cap,None,None
4724,Scribblin #4724,A looping doodle critter from Scribblins. Four bodies. One friendly cartoon. One clock. Minted on Base.,4724.gif,Sky,Pup,Sparkly,Flower,Bandana,None
4725,Scribblin #4725,A looping doodle critter from Scribblins. Four bodies. One friendly cartoon. One clock. Minted on Base.,4725.gif,Clay,Frog,Sleepy,None,Bandana,None
4726,Scribblin #4726,A looping doodle critter from Scribblins. Four bodies. One friendly cartoon. One clock. Minted on Base.,4726.gif,Cream,Bear,Wink,Bow,Bowtie,Pencil
4727,Scribblin #4727,A looping doodle critter from Scribblins. Four bodies. One friendly cartoon. One clock. Minted on Base.,4727.gif,Clay,Bunny,Grin,Beanie,Bandana,Balloon
4728,Scribblin #4728,A looping doodle critter from Scribblins. Four bodies. One friendly cartoon. One clock. Minted on Base.,4728.gif,Clay,Bunny,Blep,Beanie,Bowtie,Pencil
4729,Scribblin #4729,A looping doodle critter from Scribblins. Four bodies. One friendly cartoon. One clock. Minted on Base.,4729.gif,Cream,Frog,Wink,Cap,None,Star
4730,Scribblin #4730,A looping doodle critter from Scribblins. Four bodies. One friendly cartoon. One clock. Minted on Base.,4730.gif,Butter,Pup,Grin,Headphones,Bandana,Heart
4731,Scribblin #4731,A looping doodle critter from Scribblins. Four bodies. One friendly cartoon. One clock. Minted on Base.,4731.gif,Cream,Frog,Pout,Leaf,None,Pencil
4732,Scribblin #4732,A looping doodle critter from Scribblins. Four bodies. One friendly cartoon. One clock. Minted on Base.,4732.gif,Cream,Bunny,Blep,None,Bandana,Balloon
4733,Scribblin #4733,A looping doodle critter from Scribblins. Four bodies. One friendly cartoon. One clock. Minted on Base.,4733.gif,Clay,Pup,Sleepy,None,Bowtie,None
4734,Scribblin #4734,A looping doodle critter from Scribblins. Four bodies. One friendly cartoon. One clock. Minted on Base.,4734.gif,Sky,Bunny,Sparkly,Flower,Bandana,None
4735,Scribblin #4735,A looping doodle critter from Scribblins. Four bodies. One friendly cartoon. One clock. Minted on Base.,4735.gif,Butter,Bear,Sleepy,Headphones,Bowtie,Pencil
4736,Scribblin #4736,A looping doodle critter from Scribblins. Four bodies. One friendly cartoon. One clock. Minted on Base.,4736.gif,Cream,Pup,Sleepy,Cap,Bandana,Balloon
4737,Scribblin #4737,A looping doodle critter from Scribblins. Four bodies. One friendly cartoon. One clock. Minted on Base.,4737.gif,Clay,Bunny,Normal,Flower,None,Balloon
4738,Scribblin #4738,A looping doodle critter from Scribblins. Four bodies. One friendly cartoon. One clock. Minted on Base.,4738.gif,Clay,Pup,Normal,Headphones,Bowtie,Heart
4739,Scribblin #4739,A looping doodle critter from Scribblins. Four bodies. One friendly cartoon. One clock. Minted on Base.,4739.gif,Cream,Pup,Pout,None,None,Heart
4740,Scribblin #4740,A looping doodle critter from Scribblins. Four bodies. One friendly cartoon. One clock. Minted on Base.,4740.gif,Cream,Bear,Pout,None,Scarf,Pencil
4741,Scribblin #4741,A looping doodle critter from Scribblins. Four bodies. One friendly cartoon. One clock. Minted on Base.,4741.gif,Sky,Pup,Pout,Leaf,Scarf,Pencil
4742,Scribblin #4742,A looping doodle critter from Scribblins. Four bodies. One friendly cartoon. One clock. Minted on Base.,4742.gif,Clay,Bear,Sparkly,Bow,Bowtie,Heart
4743,Scribblin #4743,A looping doodle critter from Scribblins. Four bodies. One friendly cartoon. One clock. Minted on Base.,4743.gif,Clay,Bunny,Blep,Cap,Scarf,Heart
4744,Scribblin #4744,A looping doodle critter from Scribblins. Four bodies. One friendly cartoon. One clock. Minted on Base.,4744.gif,Cream,Pup,Grin,Beanie,None,Heart
4745,Scribblin #4745,A looping doodle critter from Scribblins. Four bodies. One friendly cartoon. One clock. Minted on Base.,4745.gif,Butter,Pup,Wink,None,Bandana,Balloon
4746,Scribblin #4746,A looping doodle critter from Scribblins. Four bodies. One friendly cartoon. One clock. Minted on Base.,4746.gif,Clay,Pup,Blep,Flower,Bowtie,Star
4747,Scribblin #4747,A looping doodle critter from Scribblins. Four bodies. One friendly cartoon. One clock. Minted on Base.,4747.gif,Butter,Bunny,Blep,Cap,None,Star
4748,Scribblin #4748,A looping doodle critter from Scribblins. Four bodies. One friendly cartoon. One clock. Minted on Base.,4748.gif,Butter,Bunny,Sparkly,Beanie,Scarf,Pencil
4749,Scribblin #4749,A looping doodle critter from Scribblins. Four bodies. One friendly cartoon. One clock. Minted on Base.,4749.gif,Sky,Frog,Sleepy,Headphones,Bandana,Pencil
4750,Scribblin #4750,A looping doodle critter from Scribblins. Four bodies. One friendly cartoon. One clock. Minted on Base.,4750.gif,Butter,Frog,Pout,Headphones,None,Pencil
4751,Scribblin #4751,A looping doodle critter from Scribblins. Four bodies. One friendly cartoon. One clock. Minted on Base.,4751.gif,Cream,Pup,Normal,Flower,Scarf,Heart
4752,Scribblin #4752,A looping doodle critter from Scribblins. Four bodies. One friendly cartoon. One clock. Minted on Base.,4752.gif,Sky,Frog,Pout,None,Scarf,Pencil
4753,Scribblin #4753,A looping doodle critter from Scribblins. Four bodies. One friendly cartoon. One clock. Minted on Base.,4753.gif,Sky,Frog,Blep,Cap,Scarf,None
4754,Scribblin #4754,A looping doodle critter from Scribblins. Four bodies. One friendly cartoon. One clock. Minted on Base.,4754.gif,Cream,Bear,Normal,Leaf,Bandana,None
4755,Scribblin #4755,A looping doodle critter from Scribblins. Four bodies. One friendly cartoon. One clock. Minted on Base.,4755.gif,Cream,Frog,Grin,Bow,Scarf,Heart
4756,Scribblin #4756,A looping doodle critter from Scribblins. Four bodies. One friendly cartoon. One clock. Minted on Base.,4756.gif,Butter,Frog,Heart,Bow,None,Star
4757,Scribblin #4757,A looping doodle critter from Scribblins. Four bodies. One friendly cartoon. One clock. Minted on Base.,4757.gif,Butter,Bunny,Sparkly,Leaf,Bandana,Star
4758,Scribblin #4758,A looping doodle critter from Scribblins. Four bodies. One friendly cartoon. One clock. Minted on Base.,4758.gif,Sky,Bunny,Normal,None,Bowtie,Balloon
4759,Scribblin #4759,A looping doodle critter from Scribblins. Four bodies. One friendly cartoon. One clock. Minted on Base.,4759.gif,Butter,Bear,Pout,Leaf,Bandana,Star
4760,Scribblin #4760,A looping doodle critter from Scribblins. Four bodies. One friendly cartoon. One clock. Minted on Base.,4760.gif,Clay,Frog,Sleepy,Bow,None,Heart
4761,Scribblin #4761,A looping doodle critter from Scribblins. Four bodies. One friendly cartoon. One clock. Minted on Base.,4761.gif,Butter,Bunny,Normal,Flower,Bandana,None
4762,Scribblin #4762,A looping doodle critter from Scribblins. Four bodies. One friendly cartoon. One clock. Minted on Base.,4762.gif,Cream,Pup,Wink,None,Scarf,Star
4763,Scribblin #4763,A looping doodle critter from Scribblins. Four bodies. One friendly cartoon. One clock. Minted on Base.,4763.gif,Cream,Bear,Wink,Flower,None,Pencil
4764,Scribblin #4764,A looping doodle critter from Scribblins. Four bodies. One friendly cartoon. One clock. Minted on Base.,4764.gif,Butter,Bunny,Blep,Flower,Bandana,Heart
4765,Scribblin #4765,A looping doodle critter from Scribblins. Four bodies. One friendly cartoon. One clock. Minted on Base.,4765.gif,Cream,Bunny,Heart,Flower,None,None
4766,Scribblin #4766,A looping doodle critter from Scribblins. Four bodies. One friendly cartoon. One clock. Minted on Base.,4766.gif,Cream,Bunny,Blep,None,Bowtie,None
4767,Scribblin #4767,A looping doodle critter from Scribblins. Four bodies. One friendly cartoon. One clock. Minted on Base.,4767.gif,Clay,Pup,Sleepy,Cap,Bandana,Pencil
4768,Scribblin #4768,A looping doodle critter from Scribblins. Four bodies. One friendly cartoon. One clock. Minted on Base.,4768.gif,Cream,Bear,Wink,Flower,Bandana,Heart
4769,Scribblin #4769,A looping doodle critter from Scribblins. Four bodies. One friendly cartoon. One clock. Minted on Base.,4769.gif,Butter,Bunny,Normal,Headphones,None,None
4770,Scribblin #4770,A looping doodle critter from Scribblins. Four bodies. One friendly cartoon. One clock. Minted on Base.,4770.gif,Sky,Bunny,Heart,Cap,Scarf,Balloon
4771,Scribblin #4771,A looping doodle critter from Scribblins. Four bodies. One friendly cartoon. One clock. Minted on Base.,4771.gif,Sky,Pup,Blep,Cap,Bandana,Star
4772,Scribblin #4772,A looping doodle critter from Scribblins. Four bodies. One friendly cartoon. One clock. Minted on Base.,4772.gif,Clay,Pup,Normal,Headphones,None,Pencil
4773,Scribblin #4773,A looping doodle critter from Scribblins. Four bodies. One friendly cartoon. One clock. Minted on Base.,4773.gif,Butter,Bunny,Grin,Headphones,Bandana,None
4774,Scribblin #4774,A looping doodle critter from Scribblins. Four bodies. One friendly cartoon. One clock. Minted on Base.,4774.gif,Butter,Bear,Blep,Flower,Bandana,Balloon
4775,Scribblin #4775,A looping doodle critter from Scribblins. Four bodies. One friendly cartoon. One clock. Minted on Base.,4775.gif,Clay,Bear,Normal,Cap,Bandana,Heart
4776,Scribblin #4776,A looping doodle critter from Scribblins. Four bodies. One friendly cartoon. One clock. Minted on Base.,4776.gif,Clay,Frog,Normal,Flower,None,Star
4777,Scribblin #4777,A looping doodle critter from Scribblins. Four bodies. One friendly cartoon. One clock. Minted on Base.,4777.gif,Butter,Bunny,Wink,Headphones,None,Pencil
4778,Scribblin #4778,A looping doodle critter from Scribblins. Four bodies. One friendly cartoon. One clock. Minted on Base.,4778.gif,Cream,Bunny,Heart,Bow,None,None
4779,Scribblin #4779,A looping doodle critter from Scribblins. Four bodies. One friendly cartoon. One clock. Minted on Base.,4779.gif,Cream,Frog,Sleepy,Headphones,Bandana,Heart
4780,Scribblin #4780,A looping doodle critter from Scribblins. Four bodies. One friendly cartoon. One clock. Minted on Base.,4780.gif,Cream,Frog,Sleepy,Bow,None,None
4781,Scribblin #4781,A looping doodle critter from Scribblins. Four bodies. One friendly cartoon. One clock. Minted on Base.,4781.gif,Butter,Bunny,Pout,Bow,None,None
4782,Scribblin #4782,A looping doodle critter from Scribblins. Four bodies. One friendly cartoon. One clock. Minted on Base.,4782.gif,Butter,Bunny,Sleepy,Cap,None,None
4783,Scribblin #4783,A looping doodle critter from Scribblins. Four bodies. One friendly cartoon. One clock. Minted on Base.,4783.gif,Sky,Bear,Pout,Cap,Scarf,Balloon
4784,Scribblin #4784,A looping doodle critter from Scribblins. Four bodies. One friendly cartoon. One clock. Minted on Base.,4784.gif,Cream,Frog,Sleepy,Headphones,Scarf,None
4785,Scribblin #4785,A looping doodle critter from Scribblins. Four bodies. One friendly cartoon. One clock. Minted on Base.,4785.gif,Sky,Pup,Wink,Bow,None,Star
4786,Scribblin #4786,A looping doodle critter from Scribblins. Four bodies. One friendly cartoon. One clock. Minted on Base.,4786.gif,Sky,Bunny,Sleepy,Headphones,Bowtie,Heart
4787,Scribblin #4787,A looping doodle critter from Scribblins. Four bodies. One friendly cartoon. One clock. Minted on Base.,4787.gif,Butter,Bear,Sleepy,Leaf,None,Heart
4788,Scribblin #4788,A looping doodle critter from Scribblins. Four bodies. One friendly cartoon. One clock. Minted on Base.,4788.gif,Cream,Pup,Blep,None,Bandana,Pencil
4789,Scribblin #4789,A looping doodle critter from Scribblins. Four bodies. One friendly cartoon. One clock. Minted on Base.,4789.gif,Sky,Pup,Normal,Headphones,Scarf,None
4790,Scribblin #4790,A looping doodle critter from Scribblins. Four bodies. One friendly cartoon. One clock. Minted on Base.,4790.gif,Cream,Frog,Normal,Headphones,None,Pencil
4791,Scribblin #4791,A looping doodle critter from Scribblins. Four bodies. One friendly cartoon. One clock. Minted on Base.,4791.gif,Cream,Pup,Normal,Headphones,Scarf,None
4792,Scribblin #4792,A looping doodle critter from Scribblins. Four bodies. One friendly cartoon. One clock. Minted on Base.,4792.gif,Sky,Pup,Pout,Cap,Bandana,Balloon
4793,Scribblin #4793,A looping doodle critter from Scribblins. Four bodies. One friendly cartoon. One clock. Minted on Base.,4793.gif,Cream,Pup,Wink,Flower,Bandana,Star
4794,Scribblin #4794,A looping doodle critter from Scribblins. Four bodies. One friendly cartoon. One clock. Minted on Base.,4794.gif,Sky,Bear,Sparkly,None,None,Pencil
4795,Scribblin #4795,A looping doodle critter from Scribblins. Four bodies. One friendly cartoon. One clock. Minted on Base.,4795.gif,Butter,Pup,Blep,Leaf,Bowtie,Balloon
4796,Scribblin #4796,A looping doodle critter from Scribblins. Four bodies. One friendly cartoon. One clock. Minted on Base.,4796.gif,Clay,Pup,Wink,Flower,None,Pencil
4797,Scribblin #4797,A looping doodle critter from Scribblins. Four bodies. One friendly cartoon. One clock. Minted on Base.,4797.gif,Butter,Bear,Normal,Leaf,Bandana,Star
4798,Scribblin #4798,A looping doodle critter from Scribblins. Four bodies. One friendly cartoon. One clock. Minted on Base.,4798.gif,Cream,Frog,Sparkly,Bow,None,None
4799,Scribblin #4799,A looping doodle critter from Scribblins. Four bodies. One friendly cartoon. One clock. Minted on Base.,4799.gif,Cream,Bunny,Blep,Leaf,Scarf,Pencil
4800,Scribblin #4800,A looping doodle critter from Scribblins. Four bodies. One friendly cartoon. One clock. Minted on Base.,4800.gif,Butter,Bear,Normal,Leaf,Scarf,Pencil
4801,Scribblin #4801,A looping doodle critter from Scribblins. Four bodies. One friendly cartoon. One clock. Minted on Base.,4801.gif,Sky,Bear,Blep,Bow,Scarf,None
4802,Scribblin #4802,A looping doodle critter from Scribblins. Four bodies. One friendly cartoon. One clock. Minted on Base.,4802.gif,Sky,Pup,Blep,None,Scarf,None
4803,Scribblin #4803,A looping doodle critter from Scribblins. Four bodies. One friendly cartoon. One clock. Minted on Base.,4803.gif,Clay,Bear,Blep,Leaf,None,None
4804,Scribblin #4804,A looping doodle critter from Scribblins. Four bodies. One friendly cartoon. One clock. Minted on Base.,4804.gif,Sky,Pup,Blep,Flower,Bandana,Heart
4805,Scribblin #4805,A looping doodle critter from Scribblins. Four bodies. One friendly cartoon. One clock. Minted on Base.,4805.gif,Sky,Bear,Heart,None,None,Heart
4806,Scribblin #4806,A looping doodle critter from Scribblins. Four bodies. One friendly cartoon. One clock. Minted on Base.,4806.gif,Cream,Bunny,Wink,Cap,Bandana,Pencil
4807,Scribblin #4807,A looping doodle critter from Scribblins. Four bodies. One friendly cartoon. One clock. Minted on Base.,4807.gif,Cream,Pup,Grin,Beanie,Bandana,Pencil
4808,Scribblin #4808,A looping doodle critter from Scribblins. Four bodies. One friendly cartoon. One clock. Minted on Base.,4808.gif,Clay,Bear,Normal,Bow,Scarf,Star
4809,Scribblin #4809,A looping doodle critter from Scribblins. Four bodies. One friendly cartoon. One clock. Minted on Base.,4809.gif,Sky,Pup,Grin,Headphones,None,Heart
4810,Scribblin #4810,A looping doodle critter from Scribblins. Four bodies. One friendly cartoon. One clock. Minted on Base.,4810.gif,Sky,Frog,Blep,None,None,Pencil
4811,Scribblin #4811,A looping doodle critter from Scribblins. Four bodies. One friendly cartoon. One clock. Minted on Base.,4811.gif,Cream,Bear,Heart,Bow,Bandana,Heart
4812,Scribblin #4812,A looping doodle critter from Scribblins. Four bodies. One friendly cartoon. One clock. Minted on Base.,4812.gif,Butter,Pup,Normal,Beanie,Bowtie,Balloon
4813,Scribblin #4813,A looping doodle critter from Scribblins. Four bodies. One friendly cartoon. One clock. Minted on Base.,4813.gif,Clay,Bunny,Sparkly,None,None,Heart
4814,Scribblin #4814,A looping doodle critter from Scribblins. Four bodies. One friendly cartoon. One clock. Minted on Base.,4814.gif,Cream,Bunny,Heart,Cap,Bandana,Pencil
4815,Scribblin #4815,A looping doodle critter from Scribblins. Four bodies. One friendly cartoon. One clock. Minted on Base.,4815.gif,Clay,Pup,Grin,Bow,None,Star
4816,Scribblin #4816,A looping doodle critter from Scribblins. Four bodies. One friendly cartoon. One clock. Minted on Base.,4816.gif,Cream,Frog,Sparkly,Leaf,Bandana,None
4817,Scribblin #4817,A looping doodle critter from Scribblins. Four bodies. One friendly cartoon. One clock. Minted on Base.,4817.gif,Cream,Frog,Wink,Flower,Scarf,None
4818,Scribblin #4818,A looping doodle critter from Scribblins. Four bodies. One friendly cartoon. One clock. Minted on Base.,4818.gif,Clay,Bear,Blep,Headphones,Scarf,Pencil
4819,Scribblin #4819,A looping doodle critter from Scribblins. Four bodies. One friendly cartoon. One clock. Minted on Base.,4819.gif,Cream,Pup,Normal,Bow,Bandana,Star
4820,Scribblin #4820,A looping doodle critter from Scribblins. Four bodies. One friendly cartoon. One clock. Minted on Base.,4820.gif,Sky,Pup,Blep,Beanie,Scarf,Star
4821,Scribblin #4821,A looping doodle critter from Scribblins. Four bodies. One friendly cartoon. One clock. Minted on Base.,4821.gif,Sky,Bear,Heart,Bow,None,Star
4822,Scribblin #4822,A looping doodle critter from Scribblins. Four bodies. One friendly cartoon. One clock. Minted on Base.,4822.gif,Cream,Bunny,Heart,Bow,Bandana,Balloon
4823,Scribblin #4823,A looping doodle critter from Scribblins. Four bodies. One friendly cartoon. One clock. Minted on Base.,4823.gif,Butter,Bear,Sleepy,None,None,Balloon
4824,Scribblin #4824,A looping doodle critter from Scribblins. Four bodies. One friendly cartoon. One clock. Minted on Base.,4824.gif,Sky,Frog,Sleepy,None,Bowtie,None
4825,Scribblin #4825,A looping doodle critter from Scribblins. Four bodies. One friendly cartoon. One clock. Minted on Base.,4825.gif,Sky,Bear,Wink,Beanie,None,Star
4826,Scribblin #4826,A looping doodle critter from Scribblins. Four bodies. One friendly cartoon. One clock. Minted on Base.,4826.gif,Butter,Bear,Sparkly,Headphones,Scarf,None
4827,Scribblin #4827,A looping doodle critter from Scribblins. Four bodies. One friendly cartoon. One clock. Minted on Base.,4827.gif,Butter,Bunny,Sparkly,Bow,Scarf,Heart
4828,Scribblin #4828,A looping doodle critter from Scribblins. Four bodies. One friendly cartoon. One clock. Minted on Base.,4828.gif,Cream,Bunny,Grin,Cap,Scarf,None
4829,Scribblin #4829,A looping doodle critter from Scribblins. Four bodies. One friendly cartoon. One clock. Minted on Base.,4829.gif,Butter,Frog,Normal,Flower,Bandana,None
4830,Scribblin #4830,A looping doodle critter from Scribblins. Four bodies. One friendly cartoon. One clock. Minted on Base.,4830.gif,Cream,Bunny,Sleepy,Beanie,Scarf,Pencil
4831,Scribblin #4831,A looping doodle critter from Scribblins. Four bodies. One friendly cartoon. One clock. Minted on Base.,4831.gif,Clay,Bear,Normal,Beanie,Scarf,Pencil
4832,Scribblin #4832,A looping doodle critter from Scribblins. Four bodies. One friendly cartoon. One clock. Minted on Base.,4832.gif,Butter,Bear,Heart,None,Scarf,Heart
4833,Scribblin #4833,A looping doodle critter from Scribblins. Four bodies. One friendly cartoon. One clock. Minted on Base.,4833.gif,Sky,Bear,Pout,Leaf,Bandana,Star
4834,Scribblin #4834,A looping doodle critter from Scribblins. Four bodies. One friendly cartoon. One clock. Minted on Base.,4834.gif,Butter,Pup,Normal,None,Scarf,Heart
4835,Scribblin #4835,A looping doodle critter from Scribblins. Four bodies. One friendly cartoon. One clock. Minted on Base.,4835.gif,Clay,Frog,Pout,None,None,Balloon
4836,Scribblin #4836,A looping doodle critter from Scribblins. Four bodies. One friendly cartoon. One clock. Minted on Base.,4836.gif,Sky,Pup,Heart,Beanie,Bowtie,None
4837,Scribblin #4837,A looping doodle critter from Scribblins. Four bodies. One friendly cartoon. One clock. Minted on Base.,4837.gif,Cream,Bear,Heart,None,Bandana,Balloon
4838,Scribblin #4838,A looping doodle critter from Scribblins. Four bodies. One friendly cartoon. One clock. Minted on Base.,4838.gif,Cream,Bunny,Pout,Bow,Bandana,Pencil
4839,Scribblin #4839,A looping doodle critter from Scribblins. Four bodies. One friendly cartoon. One clock. Minted on Base.,4839.gif,Cream,Bear,Normal,Leaf,None,Balloon
4840,Scribblin #4840,A looping doodle critter from Scribblins. Four bodies. One friendly cartoon. One clock. Minted on Base.,4840.gif,Butter,Bear,Pout,None,Bowtie,Heart
4841,Scribblin #4841,A looping doodle critter from Scribblins. Four bodies. One friendly cartoon. One clock. Minted on Base.,4841.gif,Sky,Bunny,Normal,Flower,Bandana,Heart
4842,Scribblin #4842,A looping doodle critter from Scribblins. Four bodies. One friendly cartoon. One clock. Minted on Base.,4842.gif,Clay,Pup,Normal,Headphones,None,None
4843,Scribblin #4843,A looping doodle critter from Scribblins. Four bodies. One friendly cartoon. One clock. Minted on Base.,4843.gif,Sky,Frog,Blep,Beanie,Bandana,Balloon
4844,Scribblin #4844,A looping doodle critter from Scribblins. Four bodies. One friendly cartoon. One clock. Minted on Base.,4844.gif,Clay,Pup,Normal,Bow,None,Star
4845,Scribblin #4845,A looping doodle critter from Scribblins. Four bodies. One friendly cartoon. One clock. Minted on Base.,4845.gif,Sky,Frog,Wink,Leaf,Scarf,Heart
4846,Scribblin #4846,A looping doodle critter from Scribblins. Four bodies. One friendly cartoon. One clock. Minted on Base.,4846.gif,Butter,Frog,Sleepy,Beanie,Scarf,None
4847,Scribblin #4847,A looping doodle critter from Scribblins. Four bodies. One friendly cartoon. One clock. Minted on Base.,4847.gif,Butter,Bunny,Normal,Headphones,Bandana,Pencil
4848,Scribblin #4848,A looping doodle critter from Scribblins. Four bodies. One friendly cartoon. One clock. Minted on Base.,4848.gif,Cream,Frog,Pout,Cap,None,Balloon
4849,Scribblin #4849,A looping doodle critter from Scribblins. Four bodies. One friendly cartoon. One clock. Minted on Base.,4849.gif,Cream,Bunny,Grin,Leaf,Bandana,None
4850,Scribblin #4850,A looping doodle critter from Scribblins. Four bodies. One friendly cartoon. One clock. Minted on Base.,4850.gif,Butter,Pup,Grin,Beanie,Bowtie,Balloon
4851,Scribblin #4851,A looping doodle critter from Scribblins. Four bodies. One friendly cartoon. One clock. Minted on Base.,4851.gif,Cream,Pup,Wink,Headphones,Bowtie,Star
4852,Scribblin #4852,A looping doodle critter from Scribblins. Four bodies. One friendly cartoon. One clock. Minted on Base.,4852.gif,Clay,Bunny,Sparkly,Beanie,None,None
4853,Scribblin #4853,A looping doodle critter from Scribblins. Four bodies. One friendly cartoon. One clock. Minted on Base.,4853.gif,Butter,Bunny,Sleepy,Flower,Bowtie,None
4854,Scribblin #4854,A looping doodle critter from Scribblins. Four bodies. One friendly cartoon. One clock. Minted on Base.,4854.gif,Sky,Bear,Sparkly,Bow,None,Balloon
4855,Scribblin #4855,A looping doodle critter from Scribblins. Four bodies. One friendly cartoon. One clock. Minted on Base.,4855.gif,Sky,Bunny,Normal,Leaf,Scarf,Balloon
4856,Scribblin #4856,A looping doodle critter from Scribblins. Four bodies. One friendly cartoon. One clock. Minted on Base.,4856.gif,Butter,Frog,Wink,Beanie,Bowtie,None
4857,Scribblin #4857,A looping doodle critter from Scribblins. Four bodies. One friendly cartoon. One clock. Minted on Base.,4857.gif,Butter,Bunny,Sparkly,None,None,Pencil
4858,Scribblin #4858,A looping doodle critter from Scribblins. Four bodies. One friendly cartoon. One clock. Minted on Base.,4858.gif,Butter,Bear,Heart,None,Scarf,Pencil
4859,Scribblin #4859,A looping doodle critter from Scribblins. Four bodies. One friendly cartoon. One clock. Minted on Base.,4859.gif,Cream,Bear,Wink,Bow,None,Balloon
4860,Scribblin #4860,A looping doodle critter from Scribblins. Four bodies. One friendly cartoon. One clock. Minted on Base.,4860.gif,Clay,Pup,Sleepy,Headphones,Bandana,Balloon
4861,Scribblin #4861,A looping doodle critter from Scribblins. Four bodies. One friendly cartoon. One clock. Minted on Base.,4861.gif,Clay,Bunny,Blep,Headphones,Bowtie,None
4862,Scribblin #4862,A looping doodle critter from Scribblins. Four bodies. One friendly cartoon. One clock. Minted on Base.,4862.gif,Butter,Pup,Pout,None,Bandana,Pencil
4863,Scribblin #4863,A looping doodle critter from Scribblins. Four bodies. One friendly cartoon. One clock. Minted on Base.,4863.gif,Cream,Bear,Grin,Bow,Bandana,Heart
4864,Scribblin #4864,A looping doodle critter from Scribblins. Four bodies. One friendly cartoon. One clock. Minted on Base.,4864.gif,Clay,Bunny,Wink,Bow,Scarf,Star
4865,Scribblin #4865,A looping doodle critter from Scribblins. Four bodies. One friendly cartoon. One clock. Minted on Base.,4865.gif,Sky,Frog,Normal,Headphones,Bowtie,None
4866,Scribblin #4866,A looping doodle critter from Scribblins. Four bodies. One friendly cartoon. One clock. Minted on Base.,4866.gif,Cream,Pup,Normal,Flower,None,None
4867,Scribblin #4867,A looping doodle critter from Scribblins. Four bodies. One friendly cartoon. One clock. Minted on Base.,4867.gif,Cream,Frog,Sparkly,Beanie,Bowtie,Balloon
4868,Scribblin #4868,A looping doodle critter from Scribblins. Four bodies. One friendly cartoon. One clock. Minted on Base.,4868.gif,Butter,Bear,Normal,None,None,Star
4869,Scribblin #4869,A looping doodle critter from Scribblins. Four bodies. One friendly cartoon. One clock. Minted on Base.,4869.gif,Cream,Bear,Sleepy,Headphones,None,Heart
4870,Scribblin #4870,A looping doodle critter from Scribblins. Four bodies. One friendly cartoon. One clock. Minted on Base.,4870.gif,Cream,Bear,Grin,Leaf,None,Heart
4871,Scribblin #4871,A looping doodle critter from Scribblins. Four bodies. One friendly cartoon. One clock. Minted on Base.,4871.gif,Sky,Bunny,Sparkly,Flower,Bandana,Balloon
4872,Scribblin #4872,A looping doodle critter from Scribblins. Four bodies. One friendly cartoon. One clock. Minted on Base.,4872.gif,Clay,Bunny,Pout,Bow,Scarf,Pencil
4873,Scribblin #4873,A looping doodle critter from Scribblins. Four bodies. One friendly cartoon. One clock. Minted on Base.,4873.gif,Clay,Bear,Sleepy,Beanie,Bowtie,Heart
4874,Scribblin #4874,A looping doodle critter from Scribblins. Four bodies. One friendly cartoon. One clock. Minted on Base.,4874.gif,Clay,Bear,Sparkly,None,Scarf,Pencil
4875,Scribblin #4875,A looping doodle critter from Scribblins. Four bodies. One friendly cartoon. One clock. Minted on Base.,4875.gif,Sky,Pup,Pout,None,None,Balloon
4876,Scribblin #4876,A looping doodle critter from Scribblins. Four bodies. One friendly cartoon. One clock. Minted on Base.,4876.gif,Sky,Bear,Wink,Beanie,Scarf,Heart
4877,Scribblin #4877,A looping doodle critter from Scribblins. Four bodies. One friendly cartoon. One clock. Minted on Base.,4877.gif,Clay,Bear,Normal,Beanie,None,Balloon
4878,Scribblin #4878,A looping doodle critter from Scribblins. Four bodies. One friendly cartoon. One clock. Minted on Base.,4878.gif,Sky,Bunny,Grin,Headphones,Bowtie,None
4879,Scribblin #4879,A looping doodle critter from Scribblins. Four bodies. One friendly cartoon. One clock. Minted on Base.,4879.gif,Butter,Pup,Sparkly,Beanie,Scarf,Heart
4880,Scribblin #4880,A looping doodle critter from Scribblins. Four bodies. One friendly cartoon. One clock. Minted on Base.,4880.gif,Cream,Pup,Wink,Headphones,Scarf,Star
4881,Scribblin #4881,A looping doodle critter from Scribblins. Four bodies. One friendly cartoon. One clock. Minted on Base.,4881.gif,Butter,Bear,Sparkly,None,None,None
4882,Scribblin #4882,A looping doodle critter from Scribblins. Four bodies. One friendly cartoon. One clock. Minted on Base.,4882.gif,Butter,Frog,Heart,Leaf,Bowtie,Balloon
4883,Scribblin #4883,A looping doodle critter from Scribblins. Four bodies. One friendly cartoon. One clock. Minted on Base.,4883.gif,Clay,Pup,Normal,Leaf,Scarf,Pencil
4884,Scribblin #4884,A looping doodle critter from Scribblins. Four bodies. One friendly cartoon. One clock. Minted on Base.,4884.gif,Cream,Bunny,Sparkly,Cap,None,Star
4885,Scribblin #4885,A looping doodle critter from Scribblins. Four bodies. One friendly cartoon. One clock. Minted on Base.,4885.gif,Cream,Frog,Heart,Flower,None,Heart
4886,Scribblin #4886,A looping doodle critter from Scribblins. Four bodies. One friendly cartoon. One clock. Minted on Base.,4886.gif,Cream,Bear,Pout,Beanie,None,Pencil
4887,Scribblin #4887,A looping doodle critter from Scribblins. Four bodies. One friendly cartoon. One clock. Minted on Base.,4887.gif,Butter,Frog,Normal,Beanie,Scarf,Heart
4888,Scribblin #4888,A looping doodle critter from Scribblins. Four bodies. One friendly cartoon. One clock. Minted on Base.,4888.gif,Clay,Bunny,Normal,Leaf,None,Pencil
4889,Scribblin #4889,A looping doodle critter from Scribblins. Four bodies. One friendly cartoon. One clock. Minted on Base.,4889.gif,Butter,Pup,Normal,Cap,None,Balloon
4890,Scribblin #4890,A looping doodle critter from Scribblins. Four bodies. One friendly cartoon. One clock. Minted on Base.,4890.gif,Butter,Pup,Grin,Flower,Bowtie,Pencil
4891,Scribblin #4891,A looping doodle critter from Scribblins. Four bodies. One friendly cartoon. One clock. Minted on Base.,4891.gif,Sky,Pup,Pout,Cap,None,Balloon
4892,Scribblin #4892,A looping doodle critter from Scribblins. Four bodies. One friendly cartoon. One clock. Minted on Base.,4892.gif,Cream,Pup,Wink,None,Bowtie,Heart
4893,Scribblin #4893,A looping doodle critter from Scribblins. Four bodies. One friendly cartoon. One clock. Minted on Base.,4893.gif,Sky,Bear,Wink,Leaf,Scarf,Pencil
4894,Scribblin #4894,A looping doodle critter from Scribblins. Four bodies. One friendly cartoon. One clock. Minted on Base.,4894.gif,Sky,Pup,Grin,Bow,None,Balloon
4895,Scribblin #4895,A looping doodle critter from Scribblins. Four bodies. One friendly cartoon. One clock. Minted on Base.,4895.gif,Sky,Bunny,Heart,None,Bandana,Star
4896,Scribblin #4896,A looping doodle critter from Scribblins. Four bodies. One friendly cartoon. One clock. Minted on Base.,4896.gif,Cream,Frog,Blep,Flower,None,Pencil
4897,Scribblin #4897,A looping doodle critter from Scribblins. Four bodies. One friendly cartoon. One clock. Minted on Base.,4897.gif,Clay,Bunny,Pout,Bow,Scarf,None
4898,Scribblin #4898,A looping doodle critter from Scribblins. Four bodies. One friendly cartoon. One clock. Minted on Base.,4898.gif,Cream,Pup,Wink,None,None,Heart
4899,Scribblin #4899,A looping doodle critter from Scribblins. Four bodies. One friendly cartoon. One clock. Minted on Base.,4899.gif,Butter,Bear,Grin,Flower,Bowtie,None
4900,Scribblin #4900,A looping doodle critter from Scribblins. Four bodies. One friendly cartoon. One clock. Minted on Base.,4900.gif,Sky,Frog,Normal,None,Scarf,Pencil
4901,Scribblin #4901,A looping doodle critter from Scribblins. Four bodies. One friendly cartoon. One clock. Minted on Base.,4901.gif,Sky,Bear,Normal,Bow,Bandana,Balloon
4902,Scribblin #4902,A looping doodle critter from Scribblins. Four bodies. One friendly cartoon. One clock. Minted on Base.,4902.gif,Sky,Pup,Sleepy,Headphones,Bowtie,None
4903,Scribblin #4903,A looping doodle critter from Scribblins. Four bodies. One friendly cartoon. One clock. Minted on Base.,4903.gif,Sky,Bear,Pout,Headphones,Bowtie,None
4904,Scribblin #4904,A looping doodle critter from Scribblins. Four bodies. One friendly cartoon. One clock. Minted on Base.,4904.gif,Clay,Pup,Sleepy,Bow,Scarf,Pencil
4905,Scribblin #4905,A looping doodle critter from Scribblins. Four bodies. One friendly cartoon. One clock. Minted on Base.,4905.gif,Sky,Bunny,Grin,None,Bowtie,Balloon
4906,Scribblin #4906,A looping doodle critter from Scribblins. Four bodies. One friendly cartoon. One clock. Minted on Base.,4906.gif,Clay,Bunny,Pout,Beanie,Scarf,Pencil
4907,Scribblin #4907,A looping doodle critter from Scribblins. Four bodies. One friendly cartoon. One clock. Minted on Base.,4907.gif,Sky,Frog,Grin,Beanie,Bandana,Star
4908,Scribblin #4908,A looping doodle critter from Scribblins. Four bodies. One friendly cartoon. One clock. Minted on Base.,4908.gif,Sky,Bear,Blep,None,None,None
4909,Scribblin #4909,A looping doodle critter from Scribblins. Four bodies. One friendly cartoon. One clock. Minted on Base.,4909.gif,Clay,Bunny,Blep,None,Scarf,None
4910,Scribblin #4910,A looping doodle critter from Scribblins. Four bodies. One friendly cartoon. One clock. Minted on Base.,4910.gif,Cream,Bear,Normal,Beanie,Bandana,Balloon
4911,Scribblin #4911,A looping doodle critter from Scribblins. Four bodies. One friendly cartoon. One clock. Minted on Base.,4911.gif,Clay,Bear,Normal,Beanie,None,Star
4912,Scribblin #4912,A looping doodle critter from Scribblins. Four bodies. One friendly cartoon. One clock. Minted on Base.,4912.gif,Butter,Bunny,Wink,Beanie,Scarf,Heart
4913,Scribblin #4913,A looping doodle critter from Scribblins. Four bodies. One friendly cartoon. One clock. Minted on Base.,4913.gif,Sky,Pup,Wink,None,None,None
4914,Scribblin #4914,A looping doodle critter from Scribblins. Four bodies. One friendly cartoon. One clock. Minted on Base.,4914.gif,Sky,Pup,Normal,None,None,Heart
4915,Scribblin #4915,A looping doodle critter from Scribblins. Four bodies. One friendly cartoon. One clock. Minted on Base.,4915.gif,Sky,Bear,Pout,Bow,Scarf,Star
4916,Scribblin #4916,A looping doodle critter from Scribblins. Four bodies. One friendly cartoon. One clock. Minted on Base.,4916.gif,Cream,Frog,Grin,None,Scarf,Pencil
4917,Scribblin #4917,A looping doodle critter from Scribblins. Four bodies. One friendly cartoon. One clock. Minted on Base.,4917.gif,Sky,Bunny,Sleepy,None,Bandana,Heart
4918,Scribblin #4918,A looping doodle critter from Scribblins. Four bodies. One friendly cartoon. One clock. Minted on Base.,4918.gif,Cream,Pup,Normal,Leaf,None,Heart
4919,Scribblin #4919,A looping doodle critter from Scribblins. Four bodies. One friendly cartoon. One clock. Minted on Base.,4919.gif,Sky,Frog,Wink,Leaf,Bowtie,None
4920,Scribblin #4920,A looping doodle critter from Scribblins. Four bodies. One friendly cartoon. One clock. Minted on Base.,4920.gif,Sky,Bear,Pout,None,Scarf,None
4921,Scribblin #4921,A looping doodle critter from Scribblins. Four bodies. One friendly cartoon. One clock. Minted on Base.,4921.gif,Sky,Bear,Sparkly,Leaf,Bowtie,Heart
4922,Scribblin #4922,A looping doodle critter from Scribblins. Four bodies. One friendly cartoon. One clock. Minted on Base.,4922.gif,Butter,Bunny,Pout,Leaf,None,Star
4923,Scribblin #4923,A looping doodle critter from Scribblins. Four bodies. One friendly cartoon. One clock. Minted on Base.,4923.gif,Cream,Frog,Grin,Beanie,Bowtie,Balloon
4924,Scribblin #4924,A looping doodle critter from Scribblins. Four bodies. One friendly cartoon. One clock. Minted on Base.,4924.gif,Sky,Bear,Sparkly,Beanie,Scarf,Star
4925,Scribblin #4925,A looping doodle critter from Scribblins. Four bodies. One friendly cartoon. One clock. Minted on Base.,4925.gif,Cream,Pup,Sleepy,Leaf,Scarf,Balloon
4926,Scribblin #4926,A looping doodle critter from Scribblins. Four bodies. One friendly cartoon. One clock. Minted on Base.,4926.gif,Clay,Bunny,Sparkly,Headphones,None,Star
4927,Scribblin #4927,A looping doodle critter from Scribblins. Four bodies. One friendly cartoon. One clock. Minted on Base.,4927.gif,Clay,Frog,Normal,Flower,Bandana,Star
4928,Scribblin #4928,A looping doodle critter from Scribblins. Four bodies. One friendly cartoon. One clock. Minted on Base.,4928.gif,Butter,Bear,Wink,Leaf,None,Pencil
4929,Scribblin #4929,A looping doodle critter from Scribblins. Four bodies. One friendly cartoon. One clock. Minted on Base.,4929.gif,Cream,Bunny,Sleepy,Leaf,Bandana,Balloon
4930,Scribblin #4930,A looping doodle critter from Scribblins. Four bodies. One friendly cartoon. One clock. Minted on Base.,4930.gif,Sky,Bear,Heart,None,Scarf,Pencil
4931,Scribblin #4931,A looping doodle critter from Scribblins. Four bodies. One friendly cartoon. One clock. Minted on Base.,4931.gif,Butter,Frog,Blep,Headphones,None,Star
4932,Scribblin #4932,A looping doodle critter from Scribblins. Four bodies. One friendly cartoon. One clock. Minted on Base.,4932.gif,Cream,Frog,Sleepy,Leaf,Scarf,Star
4933,Scribblin #4933,A looping doodle critter from Scribblins. Four bodies. One friendly cartoon. One clock. Minted on Base.,4933.gif,Cream,Pup,Sleepy,Bow,Scarf,None
4934,Scribblin #4934,A looping doodle critter from Scribblins. Four bodies. One friendly cartoon. One clock. Minted on Base.,4934.gif,Butter,Bear,Sparkly,Leaf,Bowtie,Pencil
4935,Scribblin #4935,A looping doodle critter from Scribblins. Four bodies. One friendly cartoon. One clock. Minted on Base.,4935.gif,Clay,Bear,Blep,Headphones,Scarf,None
4936,Scribblin #4936,A looping doodle critter from Scribblins. Four bodies. One friendly cartoon. One clock. Minted on Base.,4936.gif,Cream,Bunny,Wink,Flower,Scarf,None
4937,Scribblin #4937,A looping doodle critter from Scribblins. Four bodies. One friendly cartoon. One clock. Minted on Base.,4937.gif,Cream,Pup,Normal,Beanie,Scarf,Star
4938,Scribblin #4938,A looping doodle critter from Scribblins. Four bodies. One friendly cartoon. One clock. Minted on Base.,4938.gif,Clay,Pup,Sparkly,None,Scarf,Pencil
4939,Scribblin #4939,A looping doodle critter from Scribblins. Four bodies. One friendly cartoon. One clock. Minted on Base.,4939.gif,Clay,Bunny,Sleepy,Bow,Scarf,Pencil
4940,Scribblin #4940,A looping doodle critter from Scribblins. Four bodies. One friendly cartoon. One clock. Minted on Base.,4940.gif,Clay,Bunny,Normal,Leaf,Scarf,Heart
4941,Scribblin #4941,A looping doodle critter from Scribblins. Four bodies. One friendly cartoon. One clock. Minted on Base.,4941.gif,Cream,Bunny,Grin,Headphones,Bowtie,Heart
4942,Scribblin #4942,A looping doodle critter from Scribblins. Four bodies. One friendly cartoon. One clock. Minted on Base.,4942.gif,Butter,Bear,Sparkly,Flower,Bowtie,Star
4943,Scribblin #4943,A looping doodle critter from Scribblins. Four bodies. One friendly cartoon. One clock. Minted on Base.,4943.gif,Clay,Bunny,Normal,None,Bandana,Heart
4944,Scribblin #4944,A looping doodle critter from Scribblins. Four bodies. One friendly cartoon. One clock. Minted on Base.,4944.gif,Sky,Bear,Wink,Beanie,Bandana,Heart
4945,Scribblin #4945,A looping doodle critter from Scribblins. Four bodies. One friendly cartoon. One clock. Minted on Base.,4945.gif,Clay,Frog,Grin,Headphones,Bowtie,Pencil
4946,Scribblin #4946,A looping doodle critter from Scribblins. Four bodies. One friendly cartoon. One clock. Minted on Base.,4946.gif,Cream,Frog,Sparkly,None,Bandana,Balloon
4947,Scribblin #4947,A looping doodle critter from Scribblins. Four bodies. One friendly cartoon. One clock. Minted on Base.,4947.gif,Cream,Bunny,Blep,Bow,None,None
4948,Scribblin #4948,A looping doodle critter from Scribblins. Four bodies. One friendly cartoon. One clock. Minted on Base.,4948.gif,Sky,Bunny,Sleepy,Flower,None,Pencil
4949,Scribblin #4949,A looping doodle critter from Scribblins. Four bodies. One friendly cartoon. One clock. Minted on Base.,4949.gif,Butter,Pup,Grin,Headphones,None,Pencil
4950,Scribblin #4950,A looping doodle critter from Scribblins. Four bodies. One friendly cartoon. One clock. Minted on Base.,4950.gif,Cream,Bunny,Blep,None,Scarf,Star
4951,Scribblin #4951,A looping doodle critter from Scribblins. Four bodies. One friendly cartoon. One clock. Minted on Base.,4951.gif,Butter,Bunny,Sleepy,Headphones,None,None
4952,Scribblin #4952,A looping doodle critter from Scribblins. Four bodies. One friendly cartoon. One clock. Minted on Base.,4952.gif,Sky,Pup,Grin,Bow,Bowtie,Pencil
4953,Scribblin #4953,A looping doodle critter from Scribblins. Four bodies. One friendly cartoon. One clock. Minted on Base.,4953.gif,Cream,Pup,Blep,Cap,Scarf,Star
4954,Scribblin #4954,A looping doodle critter from Scribblins. Four bodies. One friendly cartoon. One clock. Minted on Base.,4954.gif,Sky,Bunny,Sleepy,Bow,Bandana,Balloon
4955,Scribblin #4955,A looping doodle critter from Scribblins. Four bodies. One friendly cartoon. One clock. Minted on Base.,4955.gif,Cream,Pup,Sparkly,Bow,Bowtie,Star
4956,Scribblin #4956,A looping doodle critter from Scribblins. Four bodies. One friendly cartoon. One clock. Minted on Base.,4956.gif,Butter,Frog,Blep,Headphones,Scarf,Balloon
4957,Scribblin #4957,A looping doodle critter from Scribblins. Four bodies. One friendly cartoon. One clock. Minted on Base.,4957.gif,Sky,Bunny,Grin,Bow,Scarf,Star
4958,Scribblin #4958,A looping doodle critter from Scribblins. Four bodies. One friendly cartoon. One clock. Minted on Base.,4958.gif,Butter,Pup,Sleepy,Cap,None,None
4959,Scribblin #4959,A looping doodle critter from Scribblins. Four bodies. One friendly cartoon. One clock. Minted on Base.,4959.gif,Clay,Bear,Heart,Cap,None,Heart
4960,Scribblin #4960,A looping doodle critter from Scribblins. Four bodies. One friendly cartoon. One clock. Minted on Base.,4960.gif,Clay,Bunny,Grin,None,Bowtie,Star
4961,Scribblin #4961,A looping doodle critter from Scribblins. Four bodies. One friendly cartoon. One clock. Minted on Base.,4961.gif,Cream,Bunny,Grin,Flower,Bandana,Heart
4962,Scribblin #4962,A looping doodle critter from Scribblins. Four bodies. One friendly cartoon. One clock. Minted on Base.,4962.gif,Butter,Bunny,Grin,Beanie,Bowtie,None
4963,Scribblin #4963,A looping doodle critter from Scribblins. Four bodies. One friendly cartoon. One clock. Minted on Base.,4963.gif,Sky,Bunny,Wink,Leaf,Bowtie,None
4964,Scribblin #4964,A looping doodle critter from Scribblins. Four bodies. One friendly cartoon. One clock. Minted on Base.,4964.gif,Clay,Bunny,Wink,None,Bandana,None
4965,Scribblin #4965,A looping doodle critter from Scribblins. Four bodies. One friendly cartoon. One clock. Minted on Base.,4965.gif,Cream,Frog,Normal,Bow,None,None
4966,Scribblin #4966,A looping doodle critter from Scribblins. Four bodies. One friendly cartoon. One clock. Minted on Base.,4966.gif,Sky,Pup,Pout,None,Scarf,Pencil
4967,Scribblin #4967,A looping doodle critter from Scribblins. Four bodies. One friendly cartoon. One clock. Minted on Base.,4967.gif,Cream,Bear,Grin,Beanie,None,None
4968,Scribblin #4968,A looping doodle critter from Scribblins. Four bodies. One friendly cartoon. One clock. Minted on Base.,4968.gif,Sky,Frog,Sparkly,Beanie,None,None
4969,Scribblin #4969,A looping doodle critter from Scribblins. Four bodies. One friendly cartoon. One clock. Minted on Base.,4969.gif,Sky,Bear,Wink,Beanie,Scarf,None
4970,Scribblin #4970,A looping doodle critter from Scribblins. Four bodies. One friendly cartoon. One clock. Minted on Base.,4970.gif,Clay,Frog,Sleepy,Headphones,Scarf,Star
4971,Scribblin #4971,A looping doodle critter from Scribblins. Four bodies. One friendly cartoon. One clock. Minted on Base.,4971.gif,Cream,Bear,Normal,Beanie,None,Balloon
4972,Scribblin #4972,A looping doodle critter from Scribblins. Four bodies. One friendly cartoon. One clock. Minted on Base.,4972.gif,Sky,Bear,Sleepy,Flower,Bandana,Heart
4973,Scribblin #4973,A looping doodle critter from Scribblins. Four bodies. One friendly cartoon. One clock. Minted on Base.,4973.gif,Butter,Bear,Grin,Headphones,None,Star
4974,Scribblin #4974,A looping doodle critter from Scribblins. Four bodies. One friendly cartoon. One clock. Minted on Base.,4974.gif,Butter,Bunny,Wink,Bow,None,Heart
4975,Scribblin #4975,A looping doodle critter from Scribblins. Four bodies. One friendly cartoon. One clock. Minted on Base.,4975.gif,Cream,Bunny,Heart,Headphones,Bandana,None
4976,Scribblin #4976,A looping doodle critter from Scribblins. Four bodies. One friendly cartoon. One clock. Minted on Base.,4976.gif,Cream,Bear,Wink,Leaf,None,Balloon
4977,Scribblin #4977,A looping doodle critter from Scribblins. Four bodies. One friendly cartoon. One clock. Minted on Base.,4977.gif,Clay,Bear,Grin,Beanie,Bowtie,Heart
4978,Scribblin #4978,A looping doodle critter from Scribblins. Four bodies. One friendly cartoon. One clock. Minted on Base.,4978.gif,Sky,Bunny,Normal,Cap,Bowtie,Balloon
4979,Scribblin #4979,A looping doodle critter from Scribblins. Four bodies. One friendly cartoon. One clock. Minted on Base.,4979.gif,Clay,Bear,Sleepy,Bow,Scarf,Star
4980,Scribblin #4980,A looping doodle critter from Scribblins. Four bodies. One friendly cartoon. One clock. Minted on Base.,4980.gif,Clay,Frog,Pout,Flower,Scarf,None
4981,Scribblin #4981,A looping doodle critter from Scribblins. Four bodies. One friendly cartoon. One clock. Minted on Base.,4981.gif,Sky,Bear,Heart,Bow,Bowtie,Star
4982,Scribblin #4982,A looping doodle critter from Scribblins. Four bodies. One friendly cartoon. One clock. Minted on Base.,4982.gif,Cream,Pup,Heart,Headphones,None,Star
4983,Scribblin #4983,A looping doodle critter from Scribblins. Four bodies. One friendly cartoon. One clock. Minted on Base.,4983.gif,Cream,Bunny,Wink,Beanie,Scarf,Heart
4984,Scribblin #4984,A looping doodle critter from Scribblins. Four bodies. One friendly cartoon. One clock. Minted on Base.,4984.gif,Sky,Bunny,Blep,None,Scarf,Star
4985,Scribblin #4985,A looping doodle critter from Scribblins. Four bodies. One friendly cartoon. One clock. Minted on Base.,4985.gif,Butter,Frog,Blep,Headphones,Scarf,None
4986,Scribblin #4986,A looping doodle critter from Scribblins. Four bodies. One friendly cartoon. One clock. Minted on Base.,4986.gif,Cream,Bunny,Blep,None,None,Star
4987,Scribblin #4987,A looping doodle critter from Scribblins. Four bodies. One friendly cartoon. One clock. Minted on Base.,4987.gif,Butter,Pup,Grin,Headphones,None,Heart
4988,Scribblin #4988,A looping doodle critter from Scribblins. Four bodies. One friendly cartoon. One clock. Minted on Base.,4988.gif,Sky,Bunny,Blep,Headphones,Bandana,Heart
4989,Scribblin #4989,A looping doodle critter from Scribblins. Four bodies. One friendly cartoon. One clock. Minted on Base.,4989.gif,Cream,Bunny,Sparkly,Flower,None,None
4990,Scribblin #4990,A looping doodle critter from Scribblins. Four bodies. One friendly cartoon. One clock. Minted on Base.,4990.gif,Sky,Pup,Wink,Headphones,Scarf,None
4991,Scribblin #4991,A looping doodle critter from Scribblins. Four bodies. One friendly cartoon. One clock. Minted on Base.,4991.gif,Cream,Bear,Sleepy,Cap,None,Heart
4992,Scribblin #4992,A looping doodle critter from Scribblins. Four bodies. One friendly cartoon. One clock. Minted on Base.,4992.gif,Sky,Bear,Sleepy,Headphones,Bowtie,Pencil
4993,Scribblin #4993,A looping doodle critter from Scribblins. Four bodies. One friendly cartoon. One clock. Minted on Base.,4993.gif,Cream,Bunny,Heart,None,Bandana,None
4994,Scribblin #4994,A looping doodle critter from Scribblins. Four bodies. One friendly cartoon. One clock. Minted on Base.,4994.gif,Clay,Bunny,Blep,Headphones,None,None
4995,Scribblin #4995,A looping doodle critter from Scribblins. Four bodies. One friendly cartoon. One clock. Minted on Base.,4995.gif,Sky,Bunny,Grin,None,Bowtie,None
4996,Scribblin #4996,A looping doodle critter from Scribblins. Four bodies. One friendly cartoon. One clock. Minted on Base.,4996.gif,Clay,Frog,Blep,Leaf,Scarf,Heart
4997,Scribblin #4997,A looping doodle critter from Scribblins. Four bodies. One friendly cartoon. One clock. Minted on Base.,4997.gif,Butter,Bunny,Sleepy,Beanie,Bowtie,None
4998,Scribblin #4998,A looping doodle critter from Scribblins. Four bodies. One friendly cartoon. One clock. Minted on Base.,4998.gif,Cream,Bunny,Heart,Beanie,Scarf,Heart
4999,Scribblin #4999,A looping doodle critter from Scribblins. Four bodies. One friendly cartoon. One clock. Minted on Base.,4999.gif,Clay,Bunny,Blep,Headphones,Bowtie,Heart
5000,Scribblin #5000,A looping doodle critter from Scribblins. Four bodies. One friendly cartoon. One clock. Minted on Base.,5000.gif,Sky,Bunny,Grin,Bow,Bandana,None
5001,Scribblin #5001,A looping doodle critter from Scribblins. Four bodies. One friendly cartoon. One clock. Minted on Base.,5001.gif,Butter,Pup,Heart,Beanie,None,Star
5002,Scribblin #5002,A looping doodle critter from Scribblins. Four bodies. One friendly cartoon. One clock. Minted on Base.,5002.gif,Cream,Bear,Pout,Flower,Scarf,Heart
5003,Scribblin #5003,A looping doodle critter from Scribblins. Four bodies. One friendly cartoon. One clock. Minted on Base.,5003.gif,Cream,Bunny,Normal,Leaf,Bandana,Pencil
5004,Scribblin #5004,A looping doodle critter from Scribblins. Four bodies. One friendly cartoon. One clock. Minted on Base.,5004.gif,Cream,Bunny,Sparkly,Bow,Scarf,Pencil
5005,Scribblin #5005,A looping doodle critter from Scribblins. Four bodies. One friendly cartoon. One clock. Minted on Base.,5005.gif,Cream,Bear,Normal,Leaf,Scarf,Pencil
5006,Scribblin #5006,A looping doodle critter from Scribblins. Four bodies. One friendly cartoon. One clock. Minted on Base.,5006.gif,Clay,Frog,Blep,None,Scarf,Pencil
5007,Scribblin #5007,A looping doodle critter from Scribblins. Four bodies. One friendly cartoon. One clock. Minted on Base.,5007.gif,Clay,Bunny,Normal,Cap,Bowtie,None
5008,Scribblin #5008,A looping doodle critter from Scribblins. Four bodies. One friendly cartoon. One clock. Minted on Base.,5008.gif,Butter,Frog,Sleepy,None,Bandana,Star
5009,Scribblin #5009,A looping doodle critter from Scribblins. Four bodies. One friendly cartoon. One clock. Minted on Base.,5009.gif,Cream,Bear,Sparkly,None,Bowtie,Star
5010,Scribblin #5010,A looping doodle critter from Scribblins. Four bodies. One friendly cartoon. One clock. Minted on Base.,5010.gif,Cream,Frog,Sleepy,Bow,Bowtie,Balloon
5011,Scribblin #5011,A looping doodle critter from Scribblins. Four bodies. One friendly cartoon. One clock. Minted on Base.,5011.gif,Clay,Bunny,Normal,Cap,None,Balloon
5012,Scribblin #5012,A looping doodle critter from Scribblins. Four bodies. One friendly cartoon. One clock. Minted on Base.,5012.gif,Butter,Bunny,Sparkly,Leaf,Scarf,Heart
5013,Scribblin #5013,A looping doodle critter from Scribblins. Four bodies. One friendly cartoon. One clock. Minted on Base.,5013.gif,Sky,Bunny,Pout,Leaf,None,Star
5014,Scribblin #5014,A looping doodle critter from Scribblins. Four bodies. One friendly cartoon. One clock. Minted on Base.,5014.gif,Cream,Bear,Blep,Bow,None,Heart
5015,Scribblin #5015,A looping doodle critter from Scribblins. Four bodies. One friendly cartoon. One clock. Minted on Base.,5015.gif,Cream,Pup,Normal,Bow,None,Heart
5016,Scribblin #5016,A looping doodle critter from Scribblins. Four bodies. One friendly cartoon. One clock. Minted on Base.,5016.gif,Cream,Bear,Sparkly,Headphones,Scarf,Star
5017,Scribblin #5017,A looping doodle critter from Scribblins. Four bodies. One friendly cartoon. One clock. Minted on Base.,5017.gif,Cream,Frog,Pout,Flower,Bandana,None
5018,Scribblin #5018,A looping doodle critter from Scribblins. Four bodies. One friendly cartoon. One clock. Minted on Base.,5018.gif,Sky,Pup,Wink,None,None,Heart
5019,Scribblin #5019,A looping doodle critter from Scribblins. Four bodies. One friendly cartoon. One clock. Minted on Base.,5019.gif,Cream,Bunny,Pout,Beanie,Bandana,Balloon
5020,Scribblin #5020,A looping doodle critter from Scribblins. Four bodies. One friendly cartoon. One clock. Minted on Base.,5020.gif,Cream,Bear,Grin,None,None,Pencil
5021,Scribblin #5021,A looping doodle critter from Scribblins. Four bodies. One friendly cartoon. One clock. Minted on Base.,5021.gif,Cream,Pup,Blep,Headphones,None,None
5022,Scribblin #5022,A looping doodle critter from Scribblins. Four bodies. One friendly cartoon. One clock. Minted on Base.,5022.gif,Clay,Bunny,Grin,Beanie,Scarf,Pencil
5023,Scribblin #5023,A looping doodle critter from Scribblins. Four bodies. One friendly cartoon. One clock. Minted on Base.,5023.gif,Clay,Bear,Sleepy,Flower,Bowtie,None
5024,Scribblin #5024,A looping doodle critter from Scribblins. Four bodies. One friendly cartoon. One clock. Minted on Base.,5024.gif,Cream,Frog,Blep,None,Scarf,Balloon
5025,Scribblin #5025,A looping doodle critter from Scribblins. Four bodies. One friendly cartoon. One clock. Minted on Base.,5025.gif,Clay,Bear,Wink,None,Bowtie,Heart
5026,Scribblin #5026,A looping doodle critter from Scribblins. Four bodies. One friendly cartoon. One clock. Minted on Base.,5026.gif,Cream,Pup,Blep,Leaf,None,None
5027,Scribblin #5027,A looping doodle critter from Scribblins. Four bodies. One friendly cartoon. One clock. Minted on Base.,5027.gif,Cream,Bear,Sleepy,Bow,None,Pencil
5028,Scribblin #5028,A looping doodle critter from Scribblins. Four bodies. One friendly cartoon. One clock. Minted on Base.,5028.gif,Butter,Bear,Sleepy,Cap,Bowtie,Heart
5029,Scribblin #5029,A looping doodle critter from Scribblins. Four bodies. One friendly cartoon. One clock. Minted on Base.,5029.gif,Sky,Bear,Sparkly,Flower,Bowtie,Balloon
5030,Scribblin #5030,A looping doodle critter from Scribblins. Four bodies. One friendly cartoon. One clock. Minted on Base.,5030.gif,Cream,Frog,Sparkly,Beanie,Bandana,Balloon
5031,Scribblin #5031,A looping doodle critter from Scribblins. Four bodies. One friendly cartoon. One clock. Minted on Base.,5031.gif,Sky,Pup,Sleepy,Leaf,None,Pencil
5032,Scribblin #5032,A looping doodle critter from Scribblins. Four bodies. One friendly cartoon. One clock. Minted on Base.,5032.gif,Cream,Frog,Sleepy,None,Scarf,Star
5033,Scribblin #5033,A looping doodle critter from Scribblins. Four bodies. One friendly cartoon. One clock. Minted on Base.,5033.gif,Clay,Bear,Wink,Headphones,Bandana,Pencil
5034,Scribblin #5034,A looping doodle critter from Scribblins. Four bodies. One friendly cartoon. One clock. Minted on Base.,5034.gif,Sky,Pup,Blep,Headphones,Bandana,Balloon
5035,Scribblin #5035,A looping doodle critter from Scribblins. Four bodies. One friendly cartoon. One clock. Minted on Base.,5035.gif,Butter,Pup,Normal,Beanie,Bandana,Pencil
5036,Scribblin #5036,A looping doodle critter from Scribblins. Four bodies. One friendly cartoon. One clock. Minted on Base.,5036.gif,Butter,Bunny,Blep,Beanie,None,Heart
5037,Scribblin #5037,A looping doodle critter from Scribblins. Four bodies. One friendly cartoon. One clock. Minted on Base.,5037.gif,Sky,Frog,Normal,None,Bandana,Heart
5038,Scribblin #5038,A looping doodle critter from Scribblins. Four bodies. One friendly cartoon. One clock. Minted on Base.,5038.gif,Sky,Pup,Pout,Headphones,Bowtie,None
5039,Scribblin #5039,A looping doodle critter from Scribblins. Four bodies. One friendly cartoon. One clock. Minted on Base.,5039.gif,Cream,Pup,Grin,Headphones,None,Star
5040,Scribblin #5040,A looping doodle critter from Scribblins. Four bodies. One friendly cartoon. One clock. Minted on Base.,5040.gif,Cream,Bunny,Sparkly,Bow,Bowtie,None
5041,Scribblin #5041,A looping doodle critter from Scribblins. Four bodies. One friendly cartoon. One clock. Minted on Base.,5041.gif,Butter,Frog,Sleepy,Cap,Scarf,Pencil
5042,Scribblin #5042,A looping doodle critter from Scribblins. Four bodies. One friendly cartoon. One clock. Minted on Base.,5042.gif,Sky,Bunny,Sleepy,Headphones,Bowtie,Pencil
5043,Scribblin #5043,A looping doodle critter from Scribblins. Four bodies. One friendly cartoon. One clock. Minted on Base.,5043.gif,Cream,Bunny,Grin,Cap,Bowtie,Pencil
5044,Scribblin #5044,A looping doodle critter from Scribblins. Four bodies. One friendly cartoon. One clock. Minted on Base.,5044.gif,Sky,Bear,Heart,None,Bowtie,Star
5045,Scribblin #5045,A looping doodle critter from Scribblins. Four bodies. One friendly cartoon. One clock. Minted on Base.,5045.gif,Butter,Bunny,Wink,None,Scarf,Balloon
5046,Scribblin #5046,A looping doodle critter from Scribblins. Four bodies. One friendly cartoon. One clock. Minted on Base.,5046.gif,Cream,Bear,Blep,Beanie,Bowtie,Star
5047,Scribblin #5047,A looping doodle critter from Scribblins. Four bodies. One friendly cartoon. One clock. Minted on Base.,5047.gif,Cream,Bunny,Pout,None,Bandana,Heart
5048,Scribblin #5048,A looping doodle critter from Scribblins. Four bodies. One friendly cartoon. One clock. Minted on Base.,5048.gif,Cream,Bunny,Sleepy,Headphones,None,None
5049,Scribblin #5049,A looping doodle critter from Scribblins. Four bodies. One friendly cartoon. One clock. Minted on Base.,5049.gif,Clay,Bunny,Heart,None,Bandana,None
5050,Scribblin #5050,A looping doodle critter from Scribblins. Four bodies. One friendly cartoon. One clock. Minted on Base.,5050.gif,Sky,Bear,Blep,None,Bowtie,None
5051,Scribblin #5051,A looping doodle critter from Scribblins. Four bodies. One friendly cartoon. One clock. Minted on Base.,5051.gif,Butter,Bear,Normal,Leaf,Bandana,None
5052,Scribblin #5052,A looping doodle critter from Scribblins. Four bodies. One friendly cartoon. One clock. Minted on Base.,5052.gif,Sky,Frog,Wink,None,Scarf,None
5053,Scribblin #5053,A looping doodle critter from Scribblins. Four bodies. One friendly cartoon. One clock. Minted on Base.,5053.gif,Butter,Pup,Blep,None,None,Heart
5054,Scribblin #5054,A looping doodle critter from Scribblins. Four bodies. One friendly cartoon. One clock. Minted on Base.,5054.gif,Sky,Frog,Normal,None,Scarf,Star
5055,Scribblin #5055,A looping doodle critter from Scribblins. Four bodies. One friendly cartoon. One clock. Minted on Base.,5055.gif,Cream,Frog,Heart,Beanie,Scarf,Heart
5056,Scribblin #5056,A looping doodle critter from Scribblins. Four bodies. One friendly cartoon. One clock. Minted on Base.,5056.gif,Butter,Bunny,Sleepy,Leaf,None,None
5057,Scribblin #5057,A looping doodle critter from Scribblins. Four bodies. One friendly cartoon. One clock. Minted on Base.,5057.gif,Clay,Bear,Wink,None,Bowtie,Pencil
5058,Scribblin #5058,A looping doodle critter from Scribblins. Four bodies. One friendly cartoon. One clock. Minted on Base.,5058.gif,Sky,Pup,Wink,Beanie,None,Heart
5059,Scribblin #5059,A looping doodle critter from Scribblins. Four bodies. One friendly cartoon. One clock. Minted on Base.,5059.gif,Clay,Pup,Normal,Beanie,None,Heart
5060,Scribblin #5060,A looping doodle critter from Scribblins. Four bodies. One friendly cartoon. One clock. Minted on Base.,5060.gif,Butter,Bunny,Sparkly,None,Scarf,Pencil
5061,Scribblin #5061,A looping doodle critter from Scribblins. Four bodies. One friendly cartoon. One clock. Minted on Base.,5061.gif,Butter,Bear,Wink,Bow,Bowtie,Star
5062,Scribblin #5062,A looping doodle critter from Scribblins. Four bodies. One friendly cartoon. One clock. Minted on Base.,5062.gif,Cream,Pup,Heart,Cap,Scarf,Star
5063,Scribblin #5063,A looping doodle critter from Scribblins. Four bodies. One friendly cartoon. One clock. Minted on Base.,5063.gif,Butter,Pup,Pout,Flower,Bowtie,Heart
5064,Scribblin #5064,A looping doodle critter from Scribblins. Four bodies. One friendly cartoon. One clock. Minted on Base.,5064.gif,Cream,Pup,Sparkly,Beanie,Bandana,Heart
5065,Scribblin #5065,A looping doodle critter from Scribblins. Four bodies. One friendly cartoon. One clock. Minted on Base.,5065.gif,Cream,Pup,Sparkly,Bow,None,None
5066,Scribblin #5066,A looping doodle critter from Scribblins. Four bodies. One friendly cartoon. One clock. Minted on Base.,5066.gif,Sky,Frog,Heart,None,Scarf,None
5067,Scribblin #5067,A looping doodle critter from Scribblins. Four bodies. One friendly cartoon. One clock. Minted on Base.,5067.gif,Cream,Bear,Wink,Bow,Scarf,Balloon
5068,Scribblin #5068,A looping doodle critter from Scribblins. Four bodies. One friendly cartoon. One clock. Minted on Base.,5068.gif,Butter,Bunny,Heart,Leaf,Scarf,Heart
5069,Scribblin #5069,A looping doodle critter from Scribblins. Four bodies. One friendly cartoon. One clock. Minted on Base.,5069.gif,Clay,Bear,Heart,None,None,Balloon
5070,Scribblin #5070,A looping doodle critter from Scribblins. Four bodies. One friendly cartoon. One clock. Minted on Base.,5070.gif,Cream,Bear,Normal,Bow,Bandana,Heart
5071,Scribblin #5071,A looping doodle critter from Scribblins. Four bodies. One friendly cartoon. One clock. Minted on Base.,5071.gif,Sky,Pup,Normal,Beanie,None,Pencil
5072,Scribblin #5072,A looping doodle critter from Scribblins. Four bodies. One friendly cartoon. One clock. Minted on Base.,5072.gif,Sky,Bunny,Sleepy,Headphones,Bowtie,Star
5073,Scribblin #5073,A looping doodle critter from Scribblins. Four bodies. One friendly cartoon. One clock. Minted on Base.,5073.gif,Butter,Bunny,Blep,Bow,Scarf,Star
5074,Scribblin #5074,A looping doodle critter from Scribblins. Four bodies. One friendly cartoon. One clock. Minted on Base.,5074.gif,Sky,Bunny,Sparkly,Flower,None,Pencil
5075,Scribblin #5075,A looping doodle critter from Scribblins. Four bodies. One friendly cartoon. One clock. Minted on Base.,5075.gif,Butter,Bunny,Blep,Cap,Bowtie,Heart
5076,Scribblin #5076,A looping doodle critter from Scribblins. Four bodies. One friendly cartoon. One clock. Minted on Base.,5076.gif,Clay,Bunny,Normal,Flower,Scarf,None
5077,Scribblin #5077,A looping doodle critter from Scribblins. Four bodies. One friendly cartoon. One clock. Minted on Base.,5077.gif,Cream,Pup,Grin,Bow,None,Pencil
5078,Scribblin #5078,A looping doodle critter from Scribblins. Four bodies. One friendly cartoon. One clock. Minted on Base.,5078.gif,Clay,Bunny,Sparkly,None,None,Star
5079,Scribblin #5079,A looping doodle critter from Scribblins. Four bodies. One friendly cartoon. One clock. Minted on Base.,5079.gif,Cream,Bear,Normal,Beanie,Bowtie,Pencil
5080,Scribblin #5080,A looping doodle critter from Scribblins. Four bodies. One friendly cartoon. One clock. Minted on Base.,5080.gif,Cream,Bear,Sparkly,None,Bowtie,None
5081,Scribblin #5081,A looping doodle critter from Scribblins. Four bodies. One friendly cartoon. One clock. Minted on Base.,5081.gif,Cream,Pup,Sleepy,Cap,Bandana,Star
5082,Scribblin #5082,A looping doodle critter from Scribblins. Four bodies. One friendly cartoon. One clock. Minted on Base.,5082.gif,Clay,Bear,Normal,Cap,None,None
5083,Scribblin #5083,A looping doodle critter from Scribblins. Four bodies. One friendly cartoon. One clock. Minted on Base.,5083.gif,Clay,Pup,Pout,Flower,None,Heart
5084,Scribblin #5084,A looping doodle critter from Scribblins. Four bodies. One friendly cartoon. One clock. Minted on Base.,5084.gif,Clay,Pup,Blep,Beanie,Bowtie,None
5085,Scribblin #5085,A looping doodle critter from Scribblins. Four bodies. One friendly cartoon. One clock. Minted on Base.,5085.gif,Cream,Pup,Grin,None,Bandana,Star
5086,Scribblin #5086,A looping doodle critter from Scribblins. Four bodies. One friendly cartoon. One clock. Minted on Base.,5086.gif,Butter,Bear,Wink,Beanie,None,Pencil
5087,Scribblin #5087,A looping doodle critter from Scribblins. Four bodies. One friendly cartoon. One clock. Minted on Base.,5087.gif,Sky,Frog,Normal,Cap,Scarf,Pencil
5088,Scribblin #5088,A looping doodle critter from Scribblins. Four bodies. One friendly cartoon. One clock. Minted on Base.,5088.gif,Sky,Bear,Grin,None,Bandana,Pencil
5089,Scribblin #5089,A looping doodle critter from Scribblins. Four bodies. One friendly cartoon. One clock. Minted on Base.,5089.gif,Butter,Bear,Pout,Cap,Bandana,Star
5090,Scribblin #5090,A looping doodle critter from Scribblins. Four bodies. One friendly cartoon. One clock. Minted on Base.,5090.gif,Cream,Pup,Normal,Beanie,None,Heart
5091,Scribblin #5091,A looping doodle critter from Scribblins. Four bodies. One friendly cartoon. One clock. Minted on Base.,5091.gif,Clay,Pup,Normal,Bow,Scarf,Star
5092,Scribblin #5092,A looping doodle critter from Scribblins. Four bodies. One friendly cartoon. One clock. Minted on Base.,5092.gif,Sky,Bunny,Blep,Headphones,Scarf,Heart
5093,Scribblin #5093,A looping doodle critter from Scribblins. Four bodies. One friendly cartoon. One clock. Minted on Base.,5093.gif,Clay,Bear,Heart,Leaf,Bowtie,None
5094,Scribblin #5094,A looping doodle critter from Scribblins. Four bodies. One friendly cartoon. One clock. Minted on Base.,5094.gif,Cream,Frog,Grin,None,Scarf,Star
5095,Scribblin #5095,A looping doodle critter from Scribblins. Four bodies. One friendly cartoon. One clock. Minted on Base.,5095.gif,Sky,Bear,Normal,Leaf,Scarf,Pencil
5096,Scribblin #5096,A looping doodle critter from Scribblins. Four bodies. One friendly cartoon. One clock. Minted on Base.,5096.gif,Butter,Bunny,Normal,Flower,Scarf,None
5097,Scribblin #5097,A looping doodle critter from Scribblins. Four bodies. One friendly cartoon. One clock. Minted on Base.,5097.gif,Butter,Pup,Grin,Bow,Scarf,Star
5098,Scribblin #5098,A looping doodle critter from Scribblins. Four bodies. One friendly cartoon. One clock. Minted on Base.,5098.gif,Cream,Bunny,Blep,Flower,None,None
5099,Scribblin #5099,A looping doodle critter from Scribblins. Four bodies. One friendly cartoon. One clock. Minted on Base.,5099.gif,Clay,Bunny,Sleepy,None,Bowtie,Star
5100,Scribblin #5100,A looping doodle critter from Scribblins. Four bodies. One friendly cartoon. One clock. Minted on Base.,5100.gif,Clay,Bunny,Blep,Leaf,Bowtie,Pencil
5101,Scribblin #5101,A looping doodle critter from Scribblins. Four bodies. One friendly cartoon. One clock. Minted on Base.,5101.gif,Butter,Bear,Pout,Beanie,None,None
5102,Scribblin #5102,A looping doodle critter from Scribblins. Four bodies. One friendly cartoon. One clock. Minted on Base.,5102.gif,Clay,Bunny,Sleepy,Beanie,Bandana,Heart
5103,Scribblin #5103,A looping doodle critter from Scribblins. Four bodies. One friendly cartoon. One clock. Minted on Base.,5103.gif,Butter,Pup,Heart,Cap,None,None
5104,Scribblin #5104,A looping doodle critter from Scribblins. Four bodies. One friendly cartoon. One clock. Minted on Base.,5104.gif,Sky,Frog,Wink,Cap,Bowtie,None
5105,Scribblin #5105,A looping doodle critter from Scribblins. Four bodies. One friendly cartoon. One clock. Minted on Base.,5105.gif,Cream,Bunny,Sleepy,Beanie,None,Balloon
5106,Scribblin #5106,A looping doodle critter from Scribblins. Four bodies. One friendly cartoon. One clock. Minted on Base.,5106.gif,Clay,Bunny,Pout,Beanie,None,Pencil
5107,Scribblin #5107,A looping doodle critter from Scribblins. Four bodies. One friendly cartoon. One clock. Minted on Base.,5107.gif,Clay,Bear,Pout,Headphones,Bowtie,Heart
5108,Scribblin #5108,A looping doodle critter from Scribblins. Four bodies. One friendly cartoon. One clock. Minted on Base.,5108.gif,Cream,Bunny,Normal,Beanie,Bandana,Star
5109,Scribblin #5109,A looping doodle critter from Scribblins. Four bodies. One friendly cartoon. One clock. Minted on Base.,5109.gif,Cream,Bunny,Blep,Headphones,None,None
5110,Scribblin #5110,A looping doodle critter from Scribblins. Four bodies. One friendly cartoon. One clock. Minted on Base.,5110.gif,Cream,Bunny,Sleepy,None,None,Heart
5111,Scribblin #5111,A looping doodle critter from Scribblins. Four bodies. One friendly cartoon. One clock. Minted on Base.,5111.gif,Butter,Bunny,Heart,Flower,None,Star
5112,Scribblin #5112,A looping doodle critter from Scribblins. Four bodies. One friendly cartoon. One clock. Minted on Base.,5112.gif,Butter,Pup,Heart,Beanie,Scarf,Pencil
5113,Scribblin #5113,A looping doodle critter from Scribblins. Four bodies. One friendly cartoon. One clock. Minted on Base.,5113.gif,Sky,Frog,Blep,Leaf,Scarf,None
5114,Scribblin #5114,A looping doodle critter from Scribblins. Four bodies. One friendly cartoon. One clock. Minted on Base.,5114.gif,Clay,Frog,Pout,Beanie,Bandana,None
5115,Scribblin #5115,A looping doodle critter from Scribblins. Four bodies. One friendly cartoon. One clock. Minted on Base.,5115.gif,Clay,Bear,Sleepy,None,Bowtie,None
5116,Scribblin #5116,A looping doodle critter from Scribblins. Four bodies. One friendly cartoon. One clock. Minted on Base.,5116.gif,Cream,Bunny,Blep,Leaf,None,Star
5117,Scribblin #5117,A looping doodle critter from Scribblins. Four bodies. One friendly cartoon. One clock. Minted on Base.,5117.gif,Sky,Bunny,Sparkly,Cap,Scarf,None
5118,Scribblin #5118,A looping doodle critter from Scribblins. Four bodies. One friendly cartoon. One clock. Minted on Base.,5118.gif,Sky,Bear,Sparkly,Cap,None,None
5119,Scribblin #5119,A looping doodle critter from Scribblins. Four bodies. One friendly cartoon. One clock. Minted on Base.,5119.gif,Clay,Bunny,Blep,Bow,Bowtie,None
5120,Scribblin #5120,A looping doodle critter from Scribblins. Four bodies. One friendly cartoon. One clock. Minted on Base.,5120.gif,Cream,Bear,Grin,Flower,Bowtie,Heart
5121,Scribblin #5121,A looping doodle critter from Scribblins. Four bodies. One friendly cartoon. One clock. Minted on Base.,5121.gif,Clay,Bunny,Sparkly,Headphones,Bowtie,Balloon
5122,Scribblin #5122,A looping doodle critter from Scribblins. Four bodies. One friendly cartoon. One clock. Minted on Base.,5122.gif,Clay,Bunny,Sleepy,None,Bandana,Heart
5123,Scribblin #5123,A looping doodle critter from Scribblins. Four bodies. One friendly cartoon. One clock. Minted on Base.,5123.gif,Sky,Pup,Grin,Cap,Bowtie,Balloon
5124,Scribblin #5124,A looping doodle critter from Scribblins. Four bodies. One friendly cartoon. One clock. Minted on Base.,5124.gif,Clay,Bunny,Grin,Bow,Scarf,None
5125,Scribblin #5125,A looping doodle critter from Scribblins. Four bodies. One friendly cartoon. One clock. Minted on Base.,5125.gif,Butter,Bunny,Sleepy,Beanie,Scarf,Star
5126,Scribblin #5126,A looping doodle critter from Scribblins. Four bodies. One friendly cartoon. One clock. Minted on Base.,5126.gif,Clay,Frog,Wink,Cap,Bowtie,None
5127,Scribblin #5127,A looping doodle critter from Scribblins. Four bodies. One friendly cartoon. One clock. Minted on Base.,5127.gif,Clay,Bunny,Normal,Bow,Bandana,Pencil
5128,Scribblin #5128,A looping doodle critter from Scribblins. Four bodies. One friendly cartoon. One clock. Minted on Base.,5128.gif,Clay,Bear,Normal,Leaf,None,Heart
5129,Scribblin #5129,A looping doodle critter from Scribblins. Four bodies. One friendly cartoon. One clock. Minted on Base.,5129.gif,Sky,Frog,Pout,Cap,Scarf,Heart
5130,Scribblin #5130,A looping doodle critter from Scribblins. Four bodies. One friendly cartoon. One clock. Minted on Base.,5130.gif,Butter,Pup,Sparkly,Bow,Scarf,Pencil
5131,Scribblin #5131,A looping doodle critter from Scribblins. Four bodies. One friendly cartoon. One clock. Minted on Base.,5131.gif,Butter,Bunny,Wink,Bow,Scarf,Pencil
5132,Scribblin #5132,A looping doodle critter from Scribblins. Four bodies. One friendly cartoon. One clock. Minted on Base.,5132.gif,Clay,Bunny,Blep,Leaf,Bandana,Heart
5133,Scribblin #5133,A looping doodle critter from Scribblins. Four bodies. One friendly cartoon. One clock. Minted on Base.,5133.gif,Butter,Frog,Grin,Cap,Bowtie,None
5134,Scribblin #5134,A looping doodle critter from Scribblins. Four bodies. One friendly cartoon. One clock. Minted on Base.,5134.gif,Cream,Bear,Normal,Bow,Bowtie,Pencil
5135,Scribblin #5135,A looping doodle critter from Scribblins. Four bodies. One friendly cartoon. One clock. Minted on Base.,5135.gif,Butter,Bunny,Normal,Beanie,Bowtie,None
5136,Scribblin #5136,A looping doodle critter from Scribblins. Four bodies. One friendly cartoon. One clock. Minted on Base.,5136.gif,Sky,Bear,Grin,Leaf,Bandana,Star
5137,Scribblin #5137,A looping doodle critter from Scribblins. Four bodies. One friendly cartoon. One clock. Minted on Base.,5137.gif,Sky,Pup,Normal,Bow,Bandana,None
5138,Scribblin #5138,A looping doodle critter from Scribblins. Four bodies. One friendly cartoon. One clock. Minted on Base.,5138.gif,Butter,Bear,Normal,None,None,Balloon
5139,Scribblin #5139,A looping doodle critter from Scribblins. Four bodies. One friendly cartoon. One clock. Minted on Base.,5139.gif,Sky,Pup,Heart,Leaf,Bowtie,Heart
5140,Scribblin #5140,A looping doodle critter from Scribblins. Four bodies. One friendly cartoon. One clock. Minted on Base.,5140.gif,Butter,Pup,Grin,Bow,None,None
5141,Scribblin #5141,A looping doodle critter from Scribblins. Four bodies. One friendly cartoon. One clock. Minted on Base.,5141.gif,Cream,Frog,Grin,Bow,None,Balloon
5142,Scribblin #5142,A looping doodle critter from Scribblins. Four bodies. One friendly cartoon. One clock. Minted on Base.,5142.gif,Clay,Bunny,Normal,None,Bowtie,Balloon
5143,Scribblin #5143,A looping doodle critter from Scribblins. Four bodies. One friendly cartoon. One clock. Minted on Base.,5143.gif,Sky,Bear,Wink,Leaf,Scarf,Balloon
5144,Scribblin #5144,A looping doodle critter from Scribblins. Four bodies. One friendly cartoon. One clock. Minted on Base.,5144.gif,Cream,Bunny,Blep,Beanie,Bandana,Star
5145,Scribblin #5145,A looping doodle critter from Scribblins. Four bodies. One friendly cartoon. One clock. Minted on Base.,5145.gif,Sky,Pup,Heart,Flower,Bandana,Star
5146,Scribblin #5146,A looping doodle critter from Scribblins. Four bodies. One friendly cartoon. One clock. Minted on Base.,5146.gif,Clay,Bunny,Grin,Flower,None,Pencil
5147,Scribblin #5147,A looping doodle critter from Scribblins. Four bodies. One friendly cartoon. One clock. Minted on Base.,5147.gif,Butter,Frog,Grin,Bow,None,Balloon
5148,Scribblin #5148,A looping doodle critter from Scribblins. Four bodies. One friendly cartoon. One clock. Minted on Base.,5148.gif,Cream,Bunny,Wink,Beanie,Scarf,None
5149,Scribblin #5149,A looping doodle critter from Scribblins. Four bodies. One friendly cartoon. One clock. Minted on Base.,5149.gif,Sky,Pup,Blep,Bow,None,Pencil
5150,Scribblin #5150,A looping doodle critter from Scribblins. Four bodies. One friendly cartoon. One clock. Minted on Base.,5150.gif,Butter,Bunny,Normal,Bow,Bowtie,None
5151,Scribblin #5151,A looping doodle critter from Scribblins. Four bodies. One friendly cartoon. One clock. Minted on Base.,5151.gif,Sky,Pup,Heart,Beanie,None,Pencil
5152,Scribblin #5152,A looping doodle critter from Scribblins. Four bodies. One friendly cartoon. One clock. Minted on Base.,5152.gif,Butter,Frog,Sparkly,None,None,None
5153,Scribblin #5153,A looping doodle critter from Scribblins. Four bodies. One friendly cartoon. One clock. Minted on Base.,5153.gif,Clay,Pup,Heart,Cap,Scarf,Heart
5154,Scribblin #5154,A looping doodle critter from Scribblins. Four bodies. One friendly cartoon. One clock. Minted on Base.,5154.gif,Cream,Frog,Sparkly,Headphones,Bandana,Star
5155,Scribblin #5155,A looping doodle critter from Scribblins. Four bodies. One friendly cartoon. One clock. Minted on Base.,5155.gif,Butter,Pup,Grin,Beanie,Bandana,Pencil
5156,Scribblin #5156,A looping doodle critter from Scribblins. Four bodies. One friendly cartoon. One clock. Minted on Base.,5156.gif,Cream,Bunny,Grin,None,Scarf,Balloon
5157,Scribblin #5157,A looping doodle critter from Scribblins. Four bodies. One friendly cartoon. One clock. Minted on Base.,5157.gif,Sky,Bunny,Grin,Leaf,Scarf,None
5158,Scribblin #5158,A looping doodle critter from Scribblins. Four bodies. One friendly cartoon. One clock. Minted on Base.,5158.gif,Clay,Bear,Heart,Bow,Bowtie,Pencil
5159,Scribblin #5159,A looping doodle critter from Scribblins. Four bodies. One friendly cartoon. One clock. Minted on Base.,5159.gif,Cream,Frog,Normal,Leaf,Scarf,Balloon
5160,Scribblin #5160,A looping doodle critter from Scribblins. Four bodies. One friendly cartoon. One clock. Minted on Base.,5160.gif,Cream,Frog,Normal,Flower,Bandana,Star
5161,Scribblin #5161,A looping doodle critter from Scribblins. Four bodies. One friendly cartoon. One clock. Minted on Base.,5161.gif,Sky,Pup,Heart,None,None,None
5162,Scribblin #5162,A looping doodle critter from Scribblins. Four bodies. One friendly cartoon. One clock. Minted on Base.,5162.gif,Butter,Pup,Sleepy,Bow,None,Balloon
5163,Scribblin #5163,A looping doodle critter from Scribblins. Four bodies. One friendly cartoon. One clock. Minted on Base.,5163.gif,Clay,Bear,Wink,Bow,Bowtie,Balloon
5164,Scribblin #5164,A looping doodle critter from Scribblins. Four bodies. One friendly cartoon. One clock. Minted on Base.,5164.gif,Butter,Bunny,Normal,Beanie,Scarf,None
5165,Scribblin #5165,A looping doodle critter from Scribblins. Four bodies. One friendly cartoon. One clock. Minted on Base.,5165.gif,Sky,Bear,Normal,Flower,Bandana,Pencil
5166,Scribblin #5166,A looping doodle critter from Scribblins. Four bodies. One friendly cartoon. One clock. Minted on Base.,5166.gif,Clay,Bear,Grin,None,Bowtie,None
5167,Scribblin #5167,A looping doodle critter from Scribblins. Four bodies. One friendly cartoon. One clock. Minted on Base.,5167.gif,Cream,Pup,Normal,Cap,None,Balloon
5168,Scribblin #5168,A looping doodle critter from Scribblins. Four bodies. One friendly cartoon. One clock. Minted on Base.,5168.gif,Cream,Frog,Grin,Bow,None,None
5169,Scribblin #5169,A looping doodle critter from Scribblins. Four bodies. One friendly cartoon. One clock. Minted on Base.,5169.gif,Sky,Bunny,Grin,None,Bandana,Pencil
5170,Scribblin #5170,A looping doodle critter from Scribblins. Four bodies. One friendly cartoon. One clock. Minted on Base.,5170.gif,Cream,Bunny,Normal,Headphones,Scarf,Heart
5171,Scribblin #5171,A looping doodle critter from Scribblins. Four bodies. One friendly cartoon. One clock. Minted on Base.,5171.gif,Clay,Bear,Blep,Beanie,None,Star
5172,Scribblin #5172,A looping doodle critter from Scribblins. Four bodies. One friendly cartoon. One clock. Minted on Base.,5172.gif,Clay,Frog,Grin,Leaf,Scarf,Heart
5173,Scribblin #5173,A looping doodle critter from Scribblins. Four bodies. One friendly cartoon. One clock. Minted on Base.,5173.gif,Butter,Frog,Grin,Headphones,None,Star
5174,Scribblin #5174,A looping doodle critter from Scribblins. Four bodies. One friendly cartoon. One clock. Minted on Base.,5174.gif,Butter,Frog,Grin,Cap,None,Balloon
5175,Scribblin #5175,A looping doodle critter from Scribblins. Four bodies. One friendly cartoon. One clock. Minted on Base.,5175.gif,Butter,Frog,Blep,Leaf,Bandana,Star
5176,Scribblin #5176,A looping doodle critter from Scribblins. Four bodies. One friendly cartoon. One clock. Minted on Base.,5176.gif,Cream,Bunny,Grin,Beanie,Scarf,Heart
5177,Scribblin #5177,A looping doodle critter from Scribblins. Four bodies. One friendly cartoon. One clock. Minted on Base.,5177.gif,Cream,Bunny,Grin,Bow,Scarf,Star
5178,Scribblin #5178,A looping doodle critter from Scribblins. Four bodies. One friendly cartoon. One clock. Minted on Base.,5178.gif,Cream,Frog,Blep,None,Scarf,None
5179,Scribblin #5179,A looping doodle critter from Scribblins. Four bodies. One friendly cartoon. One clock. Minted on Base.,5179.gif,Cream,Pup,Grin,Beanie,Bowtie,None
5180,Scribblin #5180,A looping doodle critter from Scribblins. Four bodies. One friendly cartoon. One clock. Minted on Base.,5180.gif,Cream,Bear,Sparkly,Flower,None,Star
5181,Scribblin #5181,A looping doodle critter from Scribblins. Four bodies. One friendly cartoon. One clock. Minted on Base.,5181.gif,Cream,Pup,Normal,Leaf,Scarf,Star
5182,Scribblin #5182,A looping doodle critter from Scribblins. Four bodies. One friendly cartoon. One clock. Minted on Base.,5182.gif,Butter,Bear,Normal,Cap,Scarf,Pencil
5183,Scribblin #5183,A looping doodle critter from Scribblins. Four bodies. One friendly cartoon. One clock. Minted on Base.,5183.gif,Cream,Pup,Grin,Flower,Bandana,Balloon
5184,Scribblin #5184,A looping doodle critter from Scribblins. Four bodies. One friendly cartoon. One clock. Minted on Base.,5184.gif,Clay,Pup,Normal,Leaf,Bowtie,Pencil
5185,Scribblin #5185,A looping doodle critter from Scribblins. Four bodies. One friendly cartoon. One clock. Minted on Base.,5185.gif,Sky,Pup,Pout,None,Bowtie,Pencil
5186,Scribblin #5186,A looping doodle critter from Scribblins. Four bodies. One friendly cartoon. One clock. Minted on Base.,5186.gif,Butter,Bunny,Normal,Flower,None,Balloon
5187,Scribblin #5187,A looping doodle critter from Scribblins. Four bodies. One friendly cartoon. One clock. Minted on Base.,5187.gif,Cream,Pup,Heart,Headphones,Bandana,Star
5188,Scribblin #5188,A looping doodle critter from Scribblins. Four bodies. One friendly cartoon. One clock. Minted on Base.,5188.gif,Clay,Frog,Pout,None,None,None
5189,Scribblin #5189,A looping doodle critter from Scribblins. Four bodies. One friendly cartoon. One clock. Minted on Base.,5189.gif,Butter,Pup,Pout,None,None,None
5190,Scribblin #5190,A looping doodle critter from Scribblins. Four bodies. One friendly cartoon. One clock. Minted on Base.,5190.gif,Clay,Pup,Heart,Bow,Bandana,Balloon
5191,Scribblin #5191,A looping doodle critter from Scribblins. Four bodies. One friendly cartoon. One clock. Minted on Base.,5191.gif,Butter,Bunny,Normal,Headphones,Scarf,Heart
5192,Scribblin #5192,A looping doodle critter from Scribblins. Four bodies. One friendly cartoon. One clock. Minted on Base.,5192.gif,Clay,Bunny,Wink,Bow,Scarf,Heart
5193,Scribblin #5193,A looping doodle critter from Scribblins. Four bodies. One friendly cartoon. One clock. Minted on Base.,5193.gif,Clay,Frog,Blep,Cap,Scarf,None
5194,Scribblin #5194,A looping doodle critter from Scribblins. Four bodies. One friendly cartoon. One clock. Minted on Base.,5194.gif,Sky,Frog,Sleepy,Headphones,None,Heart
5195,Scribblin #5195,A looping doodle critter from Scribblins. Four bodies. One friendly cartoon. One clock. Minted on Base.,5195.gif,Cream,Bear,Normal,Cap,None,Balloon
5196,Scribblin #5196,A looping doodle critter from Scribblins. Four bodies. One friendly cartoon. One clock. Minted on Base.,5196.gif,Cream,Bunny,Wink,Headphones,None,Star
5197,Scribblin #5197,A looping doodle critter from Scribblins. Four bodies. One friendly cartoon. One clock. Minted on Base.,5197.gif,Sky,Bear,Pout,Bow,None,Star
5198,Scribblin #5198,A looping doodle critter from Scribblins. Four bodies. One friendly cartoon. One clock. Minted on Base.,5198.gif,Cream,Frog,Grin,Cap,Scarf,Balloon
5199,Scribblin #5199,A looping doodle critter from Scribblins. Four bodies. One friendly cartoon. One clock. Minted on Base.,5199.gif,Butter,Bunny,Normal,Leaf,Bowtie,Star
5200,Scribblin #5200,A looping doodle critter from Scribblins. Four bodies. One friendly cartoon. One clock. Minted on Base.,5200.gif,Sky,Bunny,Sleepy,Cap,Bandana,None
5201,Scribblin #5201,A looping doodle critter from Scribblins. Four bodies. One friendly cartoon. One clock. Minted on Base.,5201.gif,Butter,Frog,Normal,Bow,None,Star
5202,Scribblin #5202,A looping doodle critter from Scribblins. Four bodies. One friendly cartoon. One clock. Minted on Base.,5202.gif,Butter,Bear,Wink,Leaf,None,Heart
5203,Scribblin #5203,A looping doodle critter from Scribblins. Four bodies. One friendly cartoon. One clock. Minted on Base.,5203.gif,Cream,Pup,Wink,Cap,Bowtie,None
5204,Scribblin #5204,A looping doodle critter from Scribblins. Four bodies. One friendly cartoon. One clock. Minted on Base.,5204.gif,Clay,Bear,Normal,Flower,None,Star
5205,Scribblin #5205,A looping doodle critter from Scribblins. Four bodies. One friendly cartoon. One clock. Minted on Base.,5205.gif,Sky,Bunny,Sparkly,None,Scarf,None
5206,Scribblin #5206,A looping doodle critter from Scribblins. Four bodies. One friendly cartoon. One clock. Minted on Base.,5206.gif,Sky,Pup,Sparkly,Beanie,Scarf,Balloon
5207,Scribblin #5207,A looping doodle critter from Scribblins. Four bodies. One friendly cartoon. One clock. Minted on Base.,5207.gif,Sky,Bear,Sleepy,None,Bowtie,Balloon
5208,Scribblin #5208,A looping doodle critter from Scribblins. Four bodies. One friendly cartoon. One clock. Minted on Base.,5208.gif,Cream,Bunny,Sleepy,Flower,Scarf,Heart
5209,Scribblin #5209,A looping doodle critter from Scribblins. Four bodies. One friendly cartoon. One clock. Minted on Base.,5209.gif,Butter,Bear,Normal,Cap,None,Balloon
5210,Scribblin #5210,A looping doodle critter from Scribblins. Four bodies. One friendly cartoon. One clock. Minted on Base.,5210.gif,Clay,Pup,Wink,Headphones,Scarf,Balloon
5211,Scribblin #5211,A looping doodle critter from Scribblins. Four bodies. One friendly cartoon. One clock. Minted on Base.,5211.gif,Clay,Bunny,Blep,Headphones,None,Star
5212,Scribblin #5212,A looping doodle critter from Scribblins. Four bodies. One friendly cartoon. One clock. Minted on Base.,5212.gif,Butter,Bunny,Sleepy,Headphones,None,Heart
5213,Scribblin #5213,A looping doodle critter from Scribblins. Four bodies. One friendly cartoon. One clock. Minted on Base.,5213.gif,Cream,Bear,Normal,Headphones,Scarf,Star
5214,Scribblin #5214,A looping doodle critter from Scribblins. Four bodies. One friendly cartoon. One clock. Minted on Base.,5214.gif,Sky,Pup,Normal,Beanie,None,Balloon
5215,Scribblin #5215,A looping doodle critter from Scribblins. Four bodies. One friendly cartoon. One clock. Minted on Base.,5215.gif,Clay,Pup,Sparkly,None,Bowtie,Heart
5216,Scribblin #5216,A looping doodle critter from Scribblins. Four bodies. One friendly cartoon. One clock. Minted on Base.,5216.gif,Butter,Bear,Sparkly,Leaf,Bowtie,Heart
5217,Scribblin #5217,A looping doodle critter from Scribblins. Four bodies. One friendly cartoon. One clock. Minted on Base.,5217.gif,Cream,Bear,Grin,Cap,Bowtie,None
5218,Scribblin #5218,A looping doodle critter from Scribblins. Four bodies. One friendly cartoon. One clock. Minted on Base.,5218.gif,Butter,Bear,Heart,Bow,Scarf,None
5219,Scribblin #5219,A looping doodle critter from Scribblins. Four bodies. One friendly cartoon. One clock. Minted on Base.,5219.gif,Cream,Bear,Sparkly,Leaf,Bowtie,None
5220,Scribblin #5220,A looping doodle critter from Scribblins. Four bodies. One friendly cartoon. One clock. Minted on Base.,5220.gif,Cream,Frog,Wink,Flower,Bandana,Balloon
5221,Scribblin #5221,A looping doodle critter from Scribblins. Four bodies. One friendly cartoon. One clock. Minted on Base.,5221.gif,Clay,Bunny,Wink,Leaf,Scarf,None
5222,Scribblin #5222,A looping doodle critter from Scribblins. Four bodies. One friendly cartoon. One clock. Minted on Base.,5222.gif,Butter,Pup,Sparkly,Headphones,Scarf,Pencil
5223,Scribblin #5223,A looping doodle critter from Scribblins. Four bodies. One friendly cartoon. One clock. Minted on Base.,5223.gif,Clay,Bear,Pout,Beanie,None,Balloon
5224,Scribblin #5224,A looping doodle critter from Scribblins. Four bodies. One friendly cartoon. One clock. Minted on Base.,5224.gif,Sky,Frog,Normal,None,Bandana,None
5225,Scribblin #5225,A looping doodle critter from Scribblins. Four bodies. One friendly cartoon. One clock. Minted on Base.,5225.gif,Cream,Pup,Normal,Cap,None,Pencil
5226,Scribblin #5226,A looping doodle critter from Scribblins. Four bodies. One friendly cartoon. One clock. Minted on Base.,5226.gif,Sky,Bunny,Wink,Flower,Bowtie,Heart
5227,Scribblin #5227,A looping doodle critter from Scribblins. Four bodies. One friendly cartoon. One clock. Minted on Base.,5227.gif,Sky,Frog,Blep,Beanie,Scarf,Heart
5228,Scribblin #5228,A looping doodle critter from Scribblins. Four bodies. One friendly cartoon. One clock. Minted on Base.,5228.gif,Sky,Pup,Normal,Beanie,Scarf,Pencil
5229,Scribblin #5229,A looping doodle critter from Scribblins. Four bodies. One friendly cartoon. One clock. Minted on Base.,5229.gif,Butter,Bear,Heart,None,Bowtie,None
5230,Scribblin #5230,A looping doodle critter from Scribblins. Four bodies. One friendly cartoon. One clock. Minted on Base.,5230.gif,Clay,Bear,Sparkly,None,Bowtie,None
5231,Scribblin #5231,A looping doodle critter from Scribblins. Four bodies. One friendly cartoon. One clock. Minted on Base.,5231.gif,Butter,Bear,Normal,Leaf,Scarf,Heart
5232,Scribblin #5232,A looping doodle critter from Scribblins. Four bodies. One friendly cartoon. One clock. Minted on Base.,5232.gif,Clay,Bunny,Pout,Beanie,Bandana,Star
5233,Scribblin #5233,A looping doodle critter from Scribblins. Four bodies. One friendly cartoon. One clock. Minted on Base.,5233.gif,Butter,Frog,Heart,Beanie,None,Heart
5234,Scribblin #5234,A looping doodle critter from Scribblins. Four bodies. One friendly cartoon. One clock. Minted on Base.,5234.gif,Cream,Bear,Pout,Headphones,None,None
5235,Scribblin #5235,A looping doodle critter from Scribblins. Four bodies. One friendly cartoon. One clock. Minted on Base.,5235.gif,Cream,Frog,Heart,Headphones,Bowtie,Pencil
5236,Scribblin #5236,A looping doodle critter from Scribblins. Four bodies. One friendly cartoon. One clock. Minted on Base.,5236.gif,Cream,Pup,Grin,Flower,None,None
5237,Scribblin #5237,A looping doodle critter from Scribblins. Four bodies. One friendly cartoon. One clock. Minted on Base.,5237.gif,Cream,Bunny,Sparkly,Headphones,Scarf,Balloon
5238,Scribblin #5238,A looping doodle critter from Scribblins. Four bodies. One friendly cartoon. One clock. Minted on Base.,5238.gif,Cream,Bear,Normal,Cap,Bandana,None
5239,Scribblin #5239,A looping doodle critter from Scribblins. Four bodies. One friendly cartoon. One clock. Minted on Base.,5239.gif,Butter,Pup,Normal,Headphones,None,Star
5240,Scribblin #5240,A looping doodle critter from Scribblins. Four bodies. One friendly cartoon. One clock. Minted on Base.,5240.gif,Sky,Bunny,Heart,None,Bowtie,None
5241,Scribblin #5241,A looping doodle critter from Scribblins. Four bodies. One friendly cartoon. One clock. Minted on Base.,5241.gif,Cream,Pup,Normal,Beanie,Bandana,Balloon
5242,Scribblin #5242,A looping doodle critter from Scribblins. Four bodies. One friendly cartoon. One clock. Minted on Base.,5242.gif,Cream,Bunny,Sleepy,None,Bandana,Balloon
5243,Scribblin #5243,A looping doodle critter from Scribblins. Four bodies. One friendly cartoon. One clock. Minted on Base.,5243.gif,Cream,Pup,Wink,Flower,Bowtie,Pencil
5244,Scribblin #5244,A looping doodle critter from Scribblins. Four bodies. One friendly cartoon. One clock. Minted on Base.,5244.gif,Cream,Frog,Grin,Headphones,Bandana,None
5245,Scribblin #5245,A looping doodle critter from Scribblins. Four bodies. One friendly cartoon. One clock. Minted on Base.,5245.gif,Cream,Bunny,Heart,Cap,Bowtie,None
5246,Scribblin #5246,A looping doodle critter from Scribblins. Four bodies. One friendly cartoon. One clock. Minted on Base.,5246.gif,Sky,Bear,Sparkly,Bow,None,Heart
5247,Scribblin #5247,A looping doodle critter from Scribblins. Four bodies. One friendly cartoon. One clock. Minted on Base.,5247.gif,Butter,Bunny,Wink,Leaf,Scarf,Star
5248,Scribblin #5248,A looping doodle critter from Scribblins. Four bodies. One friendly cartoon. One clock. Minted on Base.,5248.gif,Clay,Frog,Wink,Cap,Bowtie,Balloon
5249,Scribblin #5249,A looping doodle critter from Scribblins. Four bodies. One friendly cartoon. One clock. Minted on Base.,5249.gif,Cream,Bear,Sleepy,Leaf,Scarf,Heart
5250,Scribblin #5250,A looping doodle critter from Scribblins. Four bodies. One friendly cartoon. One clock. Minted on Base.,5250.gif,Sky,Bear,Pout,Beanie,Scarf,None
5251,Scribblin #5251,A looping doodle critter from Scribblins. Four bodies. One friendly cartoon. One clock. Minted on Base.,5251.gif,Cream,Bunny,Sparkly,None,Scarf,Pencil
5252,Scribblin #5252,A looping doodle critter from Scribblins. Four bodies. One friendly cartoon. One clock. Minted on Base.,5252.gif,Butter,Frog,Pout,None,None,Balloon
5253,Scribblin #5253,A looping doodle critter from Scribblins. Four bodies. One friendly cartoon. One clock. Minted on Base.,5253.gif,Sky,Pup,Sleepy,Beanie,Bandana,None
5254,Scribblin #5254,A looping doodle critter from Scribblins. Four bodies. One friendly cartoon. One clock. Minted on Base.,5254.gif,Cream,Frog,Sleepy,Bow,Bandana,Star
5255,Scribblin #5255,A looping doodle critter from Scribblins. Four bodies. One friendly cartoon. One clock. Minted on Base.,5255.gif,Clay,Frog,Sleepy,Beanie,None,Star
5256,Scribblin #5256,A looping doodle critter from Scribblins. Four bodies. One friendly cartoon. One clock. Minted on Base.,5256.gif,Cream,Pup,Blep,Beanie,Scarf,Star
5257,Scribblin #5257,A looping doodle critter from Scribblins. Four bodies. One friendly cartoon. One clock. Minted on Base.,5257.gif,Butter,Bear,Grin,Flower,None,Heart
5258,Scribblin #5258,A looping doodle critter from Scribblins. Four bodies. One friendly cartoon. One clock. Minted on Base.,5258.gif,Butter,Bear,Sleepy,Bow,Scarf,Pencil
5259,Scribblin #5259,A looping doodle critter from Scribblins. Four bodies. One friendly cartoon. One clock. Minted on Base.,5259.gif,Clay,Frog,Sleepy,Leaf,Bandana,Star
5260,Scribblin #5260,A looping doodle critter from Scribblins. Four bodies. One friendly cartoon. One clock. Minted on Base.,5260.gif,Butter,Frog,Sleepy,Headphones,Bowtie,None
5261,Scribblin #5261,A looping doodle critter from Scribblins. Four bodies. One friendly cartoon. One clock. Minted on Base.,5261.gif,Sky,Bear,Wink,Bow,None,Balloon
5262,Scribblin #5262,A looping doodle critter from Scribblins. Four bodies. One friendly cartoon. One clock. Minted on Base.,5262.gif,Clay,Pup,Sleepy,Bow,Bandana,Pencil
5263,Scribblin #5263,A looping doodle critter from Scribblins. Four bodies. One friendly cartoon. One clock. Minted on Base.,5263.gif,Sky,Bunny,Normal,Leaf,Scarf,Heart
5264,Scribblin #5264,A looping doodle critter from Scribblins. Four bodies. One friendly cartoon. One clock. Minted on Base.,5264.gif,Sky,Bear,Normal,Beanie,Bandana,Pencil
5265,Scribblin #5265,A looping doodle critter from Scribblins. Four bodies. One friendly cartoon. One clock. Minted on Base.,5265.gif,Cream,Pup,Heart,Flower,None,Pencil
5266,Scribblin #5266,A looping doodle critter from Scribblins. Four bodies. One friendly cartoon. One clock. Minted on Base.,5266.gif,Clay,Pup,Wink,None,Bandana,Balloon
5267,Scribblin #5267,A looping doodle critter from Scribblins. Four bodies. One friendly cartoon. One clock. Minted on Base.,5267.gif,Cream,Bear,Sleepy,Cap,None,Star
5268,Scribblin #5268,A looping doodle critter from Scribblins. Four bodies. One friendly cartoon. One clock. Minted on Base.,5268.gif,Cream,Bunny,Grin,None,None,Balloon
5269,Scribblin #5269,A looping doodle critter from Scribblins. Four bodies. One friendly cartoon. One clock. Minted on Base.,5269.gif,Sky,Frog,Wink,None,None,Star
5270,Scribblin #5270,A looping doodle critter from Scribblins. Four bodies. One friendly cartoon. One clock. Minted on Base.,5270.gif,Clay,Bear,Wink,Flower,Bowtie,Pencil
5271,Scribblin #5271,A looping doodle critter from Scribblins. Four bodies. One friendly cartoon. One clock. Minted on Base.,5271.gif,Sky,Bear,Heart,Beanie,Bowtie,Balloon
5272,Scribblin #5272,A looping doodle critter from Scribblins. Four bodies. One friendly cartoon. One clock. Minted on Base.,5272.gif,Clay,Bunny,Grin,Headphones,None,Heart
5273,Scribblin #5273,A looping doodle critter from Scribblins. Four bodies. One friendly cartoon. One clock. Minted on Base.,5273.gif,Sky,Bunny,Sleepy,Leaf,Bandana,Star
5274,Scribblin #5274,A looping doodle critter from Scribblins. Four bodies. One friendly cartoon. One clock. Minted on Base.,5274.gif,Sky,Pup,Normal,Flower,Scarf,Star
5275,Scribblin #5275,A looping doodle critter from Scribblins. Four bodies. One friendly cartoon. One clock. Minted on Base.,5275.gif,Cream,Bunny,Normal,Flower,None,Pencil
5276,Scribblin #5276,A looping doodle critter from Scribblins. Four bodies. One friendly cartoon. One clock. Minted on Base.,5276.gif,Cream,Bunny,Sleepy,Headphones,None,Balloon
5277,Scribblin #5277,A looping doodle critter from Scribblins. Four bodies. One friendly cartoon. One clock. Minted on Base.,5277.gif,Sky,Frog,Normal,Beanie,Scarf,Star
5278,Scribblin #5278,A looping doodle critter from Scribblins. Four bodies. One friendly cartoon. One clock. Minted on Base.,5278.gif,Sky,Frog,Grin,None,None,None
5279,Scribblin #5279,A looping doodle critter from Scribblins. Four bodies. One friendly cartoon. One clock. Minted on Base.,5279.gif,Sky,Pup,Wink,None,Bowtie,None
5280,Scribblin #5280,A looping doodle critter from Scribblins. Four bodies. One friendly cartoon. One clock. Minted on Base.,5280.gif,Clay,Frog,Sparkly,Beanie,None,Pencil
5281,Scribblin #5281,A looping doodle critter from Scribblins. Four bodies. One friendly cartoon. One clock. Minted on Base.,5281.gif,Cream,Bear,Normal,Flower,None,Balloon
5282,Scribblin #5282,A looping doodle critter from Scribblins. Four bodies. One friendly cartoon. One clock. Minted on Base.,5282.gif,Butter,Pup,Pout,Beanie,Scarf,None
5283,Scribblin #5283,A looping doodle critter from Scribblins. Four bodies. One friendly cartoon. One clock. Minted on Base.,5283.gif,Clay,Frog,Heart,Beanie,Scarf,None
5284,Scribblin #5284,A looping doodle critter from Scribblins. Four bodies. One friendly cartoon. One clock. Minted on Base.,5284.gif,Sky,Frog,Pout,Cap,None,None
5285,Scribblin #5285,A looping doodle critter from Scribblins. Four bodies. One friendly cartoon. One clock. Minted on Base.,5285.gif,Cream,Frog,Sparkly,None,Scarf,Pencil
5286,Scribblin #5286,A looping doodle critter from Scribblins. Four bodies. One friendly cartoon. One clock. Minted on Base.,5286.gif,Butter,Bear,Sparkly,None,None,Balloon
5287,Scribblin #5287,A looping doodle critter from Scribblins. Four bodies. One friendly cartoon. One clock. Minted on Base.,5287.gif,Sky,Bear,Sparkly,Bow,Bandana,None
5288,Scribblin #5288,A looping doodle critter from Scribblins. Four bodies. One friendly cartoon. One clock. Minted on Base.,5288.gif,Sky,Pup,Blep,Headphones,Bowtie,Star
5289,Scribblin #5289,A looping doodle critter from Scribblins. Four bodies. One friendly cartoon. One clock. Minted on Base.,5289.gif,Cream,Frog,Sparkly,Headphones,None,None
5290,Scribblin #5290,A looping doodle critter from Scribblins. Four bodies. One friendly cartoon. One clock. Minted on Base.,5290.gif,Butter,Bear,Sleepy,Cap,Scarf,Heart
5291,Scribblin #5291,A looping doodle critter from Scribblins. Four bodies. One friendly cartoon. One clock. Minted on Base.,5291.gif,Butter,Bunny,Normal,Leaf,Scarf,None
5292,Scribblin #5292,A looping doodle critter from Scribblins. Four bodies. One friendly cartoon. One clock. Minted on Base.,5292.gif,Sky,Bunny,Blep,Flower,Bowtie,Heart
5293,Scribblin #5293,A looping doodle critter from Scribblins. Four bodies. One friendly cartoon. One clock. Minted on Base.,5293.gif,Sky,Frog,Blep,Cap,None,Balloon
5294,Scribblin #5294,A looping doodle critter from Scribblins. Four bodies. One friendly cartoon. One clock. Minted on Base.,5294.gif,Butter,Bunny,Blep,Cap,None,Heart
5295,Scribblin #5295,A looping doodle critter from Scribblins. Four bodies. One friendly cartoon. One clock. Minted on Base.,5295.gif,Butter,Frog,Grin,Bow,None,None
5296,Scribblin #5296,A looping doodle critter from Scribblins. Four bodies. One friendly cartoon. One clock. Minted on Base.,5296.gif,Cream,Bear,Heart,Cap,None,Balloon
5297,Scribblin #5297,A looping doodle critter from Scribblins. Four bodies. One friendly cartoon. One clock. Minted on Base.,5297.gif,Cream,Bear,Sparkly,Headphones,None,Heart
5298,Scribblin #5298,A looping doodle critter from Scribblins. Four bodies. One friendly cartoon. One clock. Minted on Base.,5298.gif,Clay,Bunny,Sleepy,Cap,Bandana,Heart
5299,Scribblin #5299,A looping doodle critter from Scribblins. Four bodies. One friendly cartoon. One clock. Minted on Base.,5299.gif,Sky,Bunny,Grin,Beanie,Scarf,Star
5300,Scribblin #5300,A looping doodle critter from Scribblins. Four bodies. One friendly cartoon. One clock. Minted on Base.,5300.gif,Butter,Pup,Wink,Leaf,Bandana,Pencil
5301,Scribblin #5301,A looping doodle critter from Scribblins. Four bodies. One friendly cartoon. One clock. Minted on Base.,5301.gif,Butter,Bunny,Sparkly,Cap,None,Pencil
5302,Scribblin #5302,A looping doodle critter from Scribblins. Four bodies. One friendly cartoon. One clock. Minted on Base.,5302.gif,Cream,Bunny,Normal,Leaf,Bowtie,Balloon
5303,Scribblin #5303,A looping doodle critter from Scribblins. Four bodies. One friendly cartoon. One clock. Minted on Base.,5303.gif,Clay,Frog,Pout,Beanie,Bowtie,Pencil
5304,Scribblin #5304,A looping doodle critter from Scribblins. Four bodies. One friendly cartoon. One clock. Minted on Base.,5304.gif,Clay,Bunny,Sleepy,Flower,Scarf,None
5305,Scribblin #5305,A looping doodle critter from Scribblins. Four bodies. One friendly cartoon. One clock. Minted on Base.,5305.gif,Clay,Frog,Grin,None,Bandana,Heart
5306,Scribblin #5306,A looping doodle critter from Scribblins. Four bodies. One friendly cartoon. One clock. Minted on Base.,5306.gif,Sky,Frog,Grin,Bow,Bandana,None
5307,Scribblin #5307,A looping doodle critter from Scribblins. Four bodies. One friendly cartoon. One clock. Minted on Base.,5307.gif,Clay,Bunny,Sleepy,Beanie,Scarf,Balloon
5308,Scribblin #5308,A looping doodle critter from Scribblins. Four bodies. One friendly cartoon. One clock. Minted on Base.,5308.gif,Cream,Bunny,Sleepy,Cap,Scarf,Heart
5309,Scribblin #5309,A looping doodle critter from Scribblins. Four bodies. One friendly cartoon. One clock. Minted on Base.,5309.gif,Clay,Bear,Heart,Bow,Bandana,Pencil
5310,Scribblin #5310,A looping doodle critter from Scribblins. Four bodies. One friendly cartoon. One clock. Minted on Base.,5310.gif,Sky,Pup,Sparkly,None,Scarf,Balloon
5311,Scribblin #5311,A looping doodle critter from Scribblins. Four bodies. One friendly cartoon. One clock. Minted on Base.,5311.gif,Sky,Bear,Sparkly,Headphones,Scarf,None
5312,Scribblin #5312,A looping doodle critter from Scribblins. Four bodies. One friendly cartoon. One clock. Minted on Base.,5312.gif,Clay,Pup,Heart,None,None,Balloon
5313,Scribblin #5313,A looping doodle critter from Scribblins. Four bodies. One friendly cartoon. One clock. Minted on Base.,5313.gif,Sky,Frog,Heart,Beanie,Scarf,Pencil
5314,Scribblin #5314,A looping doodle critter from Scribblins. Four bodies. One friendly cartoon. One clock. Minted on Base.,5314.gif,Cream,Frog,Normal,None,Bandana,Pencil
5315,Scribblin #5315,A looping doodle critter from Scribblins. Four bodies. One friendly cartoon. One clock. Minted on Base.,5315.gif,Clay,Bunny,Pout,Leaf,Scarf,Star
5316,Scribblin #5316,A looping doodle critter from Scribblins. Four bodies. One friendly cartoon. One clock. Minted on Base.,5316.gif,Cream,Bunny,Blep,Bow,None,Heart
5317,Scribblin #5317,A looping doodle critter from Scribblins. Four bodies. One friendly cartoon. One clock. Minted on Base.,5317.gif,Butter,Pup,Wink,None,Bandana,Star
5318,Scribblin #5318,A looping doodle critter from Scribblins. Four bodies. One friendly cartoon. One clock. Minted on Base.,5318.gif,Butter,Bunny,Pout,Beanie,None,Pencil
5319,Scribblin #5319,A looping doodle critter from Scribblins. Four bodies. One friendly cartoon. One clock. Minted on Base.,5319.gif,Sky,Bunny,Blep,Leaf,Bowtie,Star
5320,Scribblin #5320,A looping doodle critter from Scribblins. Four bodies. One friendly cartoon. One clock. Minted on Base.,5320.gif,Clay,Bunny,Normal,Leaf,Scarf,Star
5321,Scribblin #5321,A looping doodle critter from Scribblins. Four bodies. One friendly cartoon. One clock. Minted on Base.,5321.gif,Cream,Bear,Heart,None,Scarf,Star
5322,Scribblin #5322,A looping doodle critter from Scribblins. Four bodies. One friendly cartoon. One clock. Minted on Base.,5322.gif,Cream,Bear,Sparkly,Leaf,None,Pencil
5323,Scribblin #5323,A looping doodle critter from Scribblins. Four bodies. One friendly cartoon. One clock. Minted on Base.,5323.gif,Clay,Bunny,Sparkly,Flower,None,None
5324,Scribblin #5324,A looping doodle critter from Scribblins. Four bodies. One friendly cartoon. One clock. Minted on Base.,5324.gif,Clay,Bunny,Wink,Headphones,Bandana,None
5325,Scribblin #5325,A looping doodle critter from Scribblins. Four bodies. One friendly cartoon. One clock. Minted on Base.,5325.gif,Clay,Bear,Sparkly,None,Scarf,Star
5326,Scribblin #5326,A looping doodle critter from Scribblins. Four bodies. One friendly cartoon. One clock. Minted on Base.,5326.gif,Cream,Bunny,Blep,Leaf,Bowtie,Pencil
5327,Scribblin #5327,A looping doodle critter from Scribblins. Four bodies. One friendly cartoon. One clock. Minted on Base.,5327.gif,Butter,Bear,Blep,Bow,Bandana,Star
5328,Scribblin #5328,A looping doodle critter from Scribblins. Four bodies. One friendly cartoon. One clock. Minted on Base.,5328.gif,Butter,Bear,Blep,Leaf,None,Star
5329,Scribblin #5329,A looping doodle critter from Scribblins. Four bodies. One friendly cartoon. One clock. Minted on Base.,5329.gif,Clay,Bear,Sleepy,Leaf,Scarf,Pencil
5330,Scribblin #5330,A looping doodle critter from Scribblins. Four bodies. One friendly cartoon. One clock. Minted on Base.,5330.gif,Sky,Pup,Sparkly,None,Scarf,Pencil
5331,Scribblin #5331,A looping doodle critter from Scribblins. Four bodies. One friendly cartoon. One clock. Minted on Base.,5331.gif,Sky,Frog,Pout,Leaf,Bandana,Pencil
5332,Scribblin #5332,A looping doodle critter from Scribblins. Four bodies. One friendly cartoon. One clock. Minted on Base.,5332.gif,Butter,Pup,Heart,Flower,Scarf,None
5333,Scribblin #5333,A looping doodle critter from Scribblins. Four bodies. One friendly cartoon. One clock. Minted on Base.,5333.gif,Cream,Bear,Sleepy,Leaf,Scarf,Pencil
5334,Scribblin #5334,A looping doodle critter from Scribblins. Four bodies. One friendly cartoon. One clock. Minted on Base.,5334.gif,Sky,Frog,Sleepy,Headphones,Scarf,None
5335,Scribblin #5335,A looping doodle critter from Scribblins. Four bodies. One friendly cartoon. One clock. Minted on Base.,5335.gif,Cream,Bear,Pout,None,Scarf,None
5336,Scribblin #5336,A looping doodle critter from Scribblins. Four bodies. One friendly cartoon. One clock. Minted on Base.,5336.gif,Cream,Bunny,Pout,Bow,Bandana,Heart
5337,Scribblin #5337,A looping doodle critter from Scribblins. Four bodies. One friendly cartoon. One clock. Minted on Base.,5337.gif,Butter,Pup,Grin,Cap,Bowtie,Pencil
5338,Scribblin #5338,A looping doodle critter from Scribblins. Four bodies. One friendly cartoon. One clock. Minted on Base.,5338.gif,Cream,Pup,Sparkly,Beanie,None,Balloon
5339,Scribblin #5339,A looping doodle critter from Scribblins. Four bodies. One friendly cartoon. One clock. Minted on Base.,5339.gif,Clay,Frog,Pout,Beanie,Bandana,Star
5340,Scribblin #5340,A looping doodle critter from Scribblins. Four bodies. One friendly cartoon. One clock. Minted on Base.,5340.gif,Cream,Bunny,Grin,None,Scarf,Heart
5341,Scribblin #5341,A looping doodle critter from Scribblins. Four bodies. One friendly cartoon. One clock. Minted on Base.,5341.gif,Clay,Pup,Grin,Beanie,Bandana,Star
5342,Scribblin #5342,A looping doodle critter from Scribblins. Four bodies. One friendly cartoon. One clock. Minted on Base.,5342.gif,Clay,Pup,Sparkly,Leaf,Bandana,None
5343,Scribblin #5343,A looping doodle critter from Scribblins. Four bodies. One friendly cartoon. One clock. Minted on Base.,5343.gif,Clay,Bunny,Wink,Bow,Bowtie,Pencil
5344,Scribblin #5344,A looping doodle critter from Scribblins. Four bodies. One friendly cartoon. One clock. Minted on Base.,5344.gif,Cream,Bear,Normal,Beanie,Scarf,Heart
5345,Scribblin #5345,A looping doodle critter from Scribblins. Four bodies. One friendly cartoon. One clock. Minted on Base.,5345.gif,Cream,Bear,Grin,Beanie,Bandana,Star
5346,Scribblin #5346,A looping doodle critter from Scribblins. Four bodies. One friendly cartoon. One clock. Minted on Base.,5346.gif,Sky,Frog,Sleepy,Leaf,Bandana,Star
5347,Scribblin #5347,A looping doodle critter from Scribblins. Four bodies. One friendly cartoon. One clock. Minted on Base.,5347.gif,Cream,Bear,Sparkly,Bow,None,None
5348,Scribblin #5348,A looping doodle critter from Scribblins. Four bodies. One friendly cartoon. One clock. Minted on Base.,5348.gif,Butter,Pup,Normal,Bow,None,Star
5349,Scribblin #5349,A looping doodle critter from Scribblins. Four bodies. One friendly cartoon. One clock. Minted on Base.,5349.gif,Clay,Bunny,Wink,None,Bowtie,Heart
5350,Scribblin #5350,A looping doodle critter from Scribblins. Four bodies. One friendly cartoon. One clock. Minted on Base.,5350.gif,Clay,Bear,Heart,Flower,Bandana,None
5351,Scribblin #5351,A looping doodle critter from Scribblins. Four bodies. One friendly cartoon. One clock. Minted on Base.,5351.gif,Cream,Bunny,Grin,None,Bowtie,Pencil
5352,Scribblin #5352,A looping doodle critter from Scribblins. Four bodies. One friendly cartoon. One clock. Minted on Base.,5352.gif,Clay,Frog,Heart,Bow,Bowtie,None
5353,Scribblin #5353,A looping doodle critter from Scribblins. Four bodies. One friendly cartoon. One clock. Minted on Base.,5353.gif,Cream,Frog,Normal,None,Scarf,Star
5354,Scribblin #5354,A looping doodle critter from Scribblins. Four bodies. One friendly cartoon. One clock. Minted on Base.,5354.gif,Cream,Bear,Wink,Cap,Scarf,Balloon
5355,Scribblin #5355,A looping doodle critter from Scribblins. Four bodies. One friendly cartoon. One clock. Minted on Base.,5355.gif,Cream,Bear,Sleepy,Headphones,None,Star
5356,Scribblin #5356,A looping doodle critter from Scribblins. Four bodies. One friendly cartoon. One clock. Minted on Base.,5356.gif,Butter,Pup,Grin,Beanie,None,Heart
5357,Scribblin #5357,A looping doodle critter from Scribblins. Four bodies. One friendly cartoon. One clock. Minted on Base.,5357.gif,Sky,Pup,Wink,None,Scarf,None
5358,Scribblin #5358,A looping doodle critter from Scribblins. Four bodies. One friendly cartoon. One clock. Minted on Base.,5358.gif,Cream,Frog,Sleepy,Bow,Bowtie,None
5359,Scribblin #5359,A looping doodle critter from Scribblins. Four bodies. One friendly cartoon. One clock. Minted on Base.,5359.gif,Sky,Bunny,Normal,Bow,Bowtie,None
5360,Scribblin #5360,A looping doodle critter from Scribblins. Four bodies. One friendly cartoon. One clock. Minted on Base.,5360.gif,Sky,Pup,Wink,Flower,None,Balloon
5361,Scribblin #5361,A looping doodle critter from Scribblins. Four bodies. One friendly cartoon. One clock. Minted on Base.,5361.gif,Clay,Bear,Heart,None,Bandana,Heart
5362,Scribblin #5362,A looping doodle critter from Scribblins. Four bodies. One friendly cartoon. One clock. Minted on Base.,5362.gif,Sky,Bunny,Pout,Leaf,Bandana,Balloon
5363,Scribblin #5363,A looping doodle critter from Scribblins. Four bodies. One friendly cartoon. One clock. Minted on Base.,5363.gif,Cream,Frog,Blep,None,None,Star
5364,Scribblin #5364,A looping doodle critter from Scribblins. Four bodies. One friendly cartoon. One clock. Minted on Base.,5364.gif,Sky,Pup,Pout,None,Bowtie,Balloon
5365,Scribblin #5365,A looping doodle critter from Scribblins. Four bodies. One friendly cartoon. One clock. Minted on Base.,5365.gif,Clay,Bear,Pout,None,Bowtie,Star
5366,Scribblin #5366,A looping doodle critter from Scribblins. Four bodies. One friendly cartoon. One clock. Minted on Base.,5366.gif,Sky,Bear,Pout,Flower,None,Star
5367,Scribblin #5367,A looping doodle critter from Scribblins. Four bodies. One friendly cartoon. One clock. Minted on Base.,5367.gif,Butter,Pup,Grin,Cap,Bowtie,Star
5368,Scribblin #5368,A looping doodle critter from Scribblins. Four bodies. One friendly cartoon. One clock. Minted on Base.,5368.gif,Clay,Bear,Normal,Flower,None,Balloon
5369,Scribblin #5369,A looping doodle critter from Scribblins. Four bodies. One friendly cartoon. One clock. Minted on Base.,5369.gif,Butter,Bear,Wink,Flower,Bandana,Heart
5370,Scribblin #5370,A looping doodle critter from Scribblins. Four bodies. One friendly cartoon. One clock. Minted on Base.,5370.gif,Clay,Bunny,Normal,Flower,None,Heart
5371,Scribblin #5371,A looping doodle critter from Scribblins. Four bodies. One friendly cartoon. One clock. Minted on Base.,5371.gif,Sky,Bear,Grin,Headphones,None,None
5372,Scribblin #5372,A looping doodle critter from Scribblins. Four bodies. One friendly cartoon. One clock. Minted on Base.,5372.gif,Clay,Bunny,Sleepy,None,Bowtie,None
5373,Scribblin #5373,A looping doodle critter from Scribblins. Four bodies. One friendly cartoon. One clock. Minted on Base.,5373.gif,Sky,Bear,Sparkly,Cap,Scarf,Heart
5374,Scribblin #5374,A looping doodle critter from Scribblins. Four bodies. One friendly cartoon. One clock. Minted on Base.,5374.gif,Clay,Frog,Sparkly,Beanie,None,Star
5375,Scribblin #5375,A looping doodle critter from Scribblins. Four bodies. One friendly cartoon. One clock. Minted on Base.,5375.gif,Sky,Bear,Grin,Beanie,Scarf,None
5376,Scribblin #5376,A looping doodle critter from Scribblins. Four bodies. One friendly cartoon. One clock. Minted on Base.,5376.gif,Clay,Pup,Wink,Headphones,None,Balloon
5377,Scribblin #5377,A looping doodle critter from Scribblins. Four bodies. One friendly cartoon. One clock. Minted on Base.,5377.gif,Clay,Bear,Grin,None,Bandana,Heart
5378,Scribblin #5378,A looping doodle critter from Scribblins. Four bodies. One friendly cartoon. One clock. Minted on Base.,5378.gif,Sky,Bunny,Heart,Flower,Bowtie,Balloon
5379,Scribblin #5379,A looping doodle critter from Scribblins. Four bodies. One friendly cartoon. One clock. Minted on Base.,5379.gif,Clay,Bear,Normal,Leaf,Scarf,Balloon
5380,Scribblin #5380,A looping doodle critter from Scribblins. Four bodies. One friendly cartoon. One clock. Minted on Base.,5380.gif,Butter,Bunny,Pout,Flower,Bandana,Pencil
5381,Scribblin #5381,A looping doodle critter from Scribblins. Four bodies. One friendly cartoon. One clock. Minted on Base.,5381.gif,Cream,Pup,Heart,Cap,Bandana,Heart
5382,Scribblin #5382,A looping doodle critter from Scribblins. Four bodies. One friendly cartoon. One clock. Minted on Base.,5382.gif,Butter,Pup,Heart,Cap,Bandana,Balloon
5383,Scribblin #5383,A looping doodle critter from Scribblins. Four bodies. One friendly cartoon. One clock. Minted on Base.,5383.gif,Cream,Bear,Blep,Cap,Bowtie,Star
5384,Scribblin #5384,A looping doodle critter from Scribblins. Four bodies. One friendly cartoon. One clock. Minted on Base.,5384.gif,Sky,Pup,Normal,Beanie,None,Star
5385,Scribblin #5385,A looping doodle critter from Scribblins. Four bodies. One friendly cartoon. One clock. Minted on Base.,5385.gif,Sky,Bear,Heart,Beanie,Bowtie,None
5386,Scribblin #5386,A looping doodle critter from Scribblins. Four bodies. One friendly cartoon. One clock. Minted on Base.,5386.gif,Sky,Bunny,Blep,Headphones,Scarf,Star
5387,Scribblin #5387,A looping doodle critter from Scribblins. Four bodies. One friendly cartoon. One clock. Minted on Base.,5387.gif,Butter,Bear,Heart,Headphones,Bandana,Pencil
5388,Scribblin #5388,A looping doodle critter from Scribblins. Four bodies. One friendly cartoon. One clock. Minted on Base.,5388.gif,Sky,Pup,Grin,Flower,Bandana,Star
5389,Scribblin #5389,A looping doodle critter from Scribblins. Four bodies. One friendly cartoon. One clock. Minted on Base.,5389.gif,Sky,Frog,Grin,Beanie,Scarf,None
5390,Scribblin #5390,A looping doodle critter from Scribblins. Four bodies. One friendly cartoon. One clock. Minted on Base.,5390.gif,Butter,Pup,Blep,Flower,Scarf,Pencil
5391,Scribblin #5391,A looping doodle critter from Scribblins. Four bodies. One friendly cartoon. One clock. Minted on Base.,5391.gif,Cream,Frog,Sleepy,Beanie,None,None
5392,Scribblin #5392,A looping doodle critter from Scribblins. Four bodies. One friendly cartoon. One clock. Minted on Base.,5392.gif,Sky,Bear,Sparkly,Leaf,Bandana,None
5393,Scribblin #5393,A looping doodle critter from Scribblins. Four bodies. One friendly cartoon. One clock. Minted on Base.,5393.gif,Cream,Bunny,Blep,Beanie,Bandana,Pencil
5394,Scribblin #5394,A looping doodle critter from Scribblins. Four bodies. One friendly cartoon. One clock. Minted on Base.,5394.gif,Cream,Bear,Pout,None,Bandana,None
5395,Scribblin #5395,A looping doodle critter from Scribblins. Four bodies. One friendly cartoon. One clock. Minted on Base.,5395.gif,Cream,Bear,Blep,Cap,Bandana,Star
5396,Scribblin #5396,A looping doodle critter from Scribblins. Four bodies. One friendly cartoon. One clock. Minted on Base.,5396.gif,Clay,Frog,Pout,Bow,None,Star
5397,Scribblin #5397,A looping doodle critter from Scribblins. Four bodies. One friendly cartoon. One clock. Minted on Base.,5397.gif,Sky,Pup,Blep,Headphones,None,Pencil
5398,Scribblin #5398,A looping doodle critter from Scribblins. Four bodies. One friendly cartoon. One clock. Minted on Base.,5398.gif,Cream,Frog,Heart,None,Bowtie,Heart
5399,Scribblin #5399,A looping doodle critter from Scribblins. Four bodies. One friendly cartoon. One clock. Minted on Base.,5399.gif,Cream,Bunny,Normal,Bow,Bandana,Heart
5400,Scribblin #5400,A looping doodle critter from Scribblins. Four bodies. One friendly cartoon. One clock. Minted on Base.,5400.gif,Butter,Pup,Normal,Leaf,Bandana,Balloon
5401,Scribblin #5401,A looping doodle critter from Scribblins. Four bodies. One friendly cartoon. One clock. Minted on Base.,5401.gif,Clay,Bear,Pout,Leaf,None,Pencil
5402,Scribblin #5402,A looping doodle critter from Scribblins. Four bodies. One friendly cartoon. One clock. Minted on Base.,5402.gif,Cream,Bear,Sparkly,Cap,Bandana,Pencil
5403,Scribblin #5403,A looping doodle critter from Scribblins. Four bodies. One friendly cartoon. One clock. Minted on Base.,5403.gif,Butter,Bunny,Blep,Flower,Scarf,Star
5404,Scribblin #5404,A looping doodle critter from Scribblins. Four bodies. One friendly cartoon. One clock. Minted on Base.,5404.gif,Sky,Pup,Blep,Beanie,Bowtie,Pencil
5405,Scribblin #5405,A looping doodle critter from Scribblins. Four bodies. One friendly cartoon. One clock. Minted on Base.,5405.gif,Cream,Bear,Sleepy,Leaf,Scarf,None
5406,Scribblin #5406,A looping doodle critter from Scribblins. Four bodies. One friendly cartoon. One clock. Minted on Base.,5406.gif,Clay,Pup,Normal,Cap,Scarf,Heart
5407,Scribblin #5407,A looping doodle critter from Scribblins. Four bodies. One friendly cartoon. One clock. Minted on Base.,5407.gif,Clay,Bunny,Blep,Flower,Bowtie,Pencil
5408,Scribblin #5408,A looping doodle critter from Scribblins. Four bodies. One friendly cartoon. One clock. Minted on Base.,5408.gif,Butter,Bunny,Heart,Headphones,Scarf,None
5409,Scribblin #5409,A looping doodle critter from Scribblins. Four bodies. One friendly cartoon. One clock. Minted on Base.,5409.gif,Sky,Bunny,Sleepy,Bow,None,Star
5410,Scribblin #5410,A looping doodle critter from Scribblins. Four bodies. One friendly cartoon. One clock. Minted on Base.,5410.gif,Sky,Frog,Sparkly,Flower,Bowtie,Pencil
5411,Scribblin #5411,A looping doodle critter from Scribblins. Four bodies. One friendly cartoon. One clock. Minted on Base.,5411.gif,Clay,Bear,Grin,Cap,Bandana,Heart
5412,Scribblin #5412,A looping doodle critter from Scribblins. Four bodies. One friendly cartoon. One clock. Minted on Base.,5412.gif,Cream,Frog,Normal,Bow,None,Balloon
5413,Scribblin #5413,A looping doodle critter from Scribblins. Four bodies. One friendly cartoon. One clock. Minted on Base.,5413.gif,Cream,Bear,Grin,Flower,None,None
5414,Scribblin #5414,A looping doodle critter from Scribblins. Four bodies. One friendly cartoon. One clock. Minted on Base.,5414.gif,Sky,Bear,Sleepy,Beanie,None,Star
5415,Scribblin #5415,A looping doodle critter from Scribblins. Four bodies. One friendly cartoon. One clock. Minted on Base.,5415.gif,Butter,Frog,Blep,Flower,Scarf,None
5416,Scribblin #5416,A looping doodle critter from Scribblins. Four bodies. One friendly cartoon. One clock. Minted on Base.,5416.gif,Cream,Bear,Pout,None,Bowtie,Star
5417,Scribblin #5417,A looping doodle critter from Scribblins. Four bodies. One friendly cartoon. One clock. Minted on Base.,5417.gif,Clay,Bunny,Sparkly,None,Scarf,Pencil
5418,Scribblin #5418,A looping doodle critter from Scribblins. Four bodies. One friendly cartoon. One clock. Minted on Base.,5418.gif,Sky,Frog,Grin,Bow,None,Star
5419,Scribblin #5419,A looping doodle critter from Scribblins. Four bodies. One friendly cartoon. One clock. Minted on Base.,5419.gif,Butter,Pup,Blep,Beanie,Scarf,Pencil
5420,Scribblin #5420,A looping doodle critter from Scribblins. Four bodies. One friendly cartoon. One clock. Minted on Base.,5420.gif,Butter,Bear,Normal,None,Bowtie,Heart
5421,Scribblin #5421,A looping doodle critter from Scribblins. Four bodies. One friendly cartoon. One clock. Minted on Base.,5421.gif,Cream,Bunny,Grin,Cap,Bowtie,Balloon
5422,Scribblin #5422,A looping doodle critter from Scribblins. Four bodies. One friendly cartoon. One clock. Minted on Base.,5422.gif,Butter,Bunny,Normal,Cap,Scarf,Heart
5423,Scribblin #5423,A looping doodle critter from Scribblins. Four bodies. One friendly cartoon. One clock. Minted on Base.,5423.gif,Butter,Bunny,Grin,Cap,Bowtie,None
5424,Scribblin #5424,A looping doodle critter from Scribblins. Four bodies. One friendly cartoon. One clock. Minted on Base.,5424.gif,Sky,Frog,Pout,Cap,Bowtie,Pencil
5425,Scribblin #5425,A looping doodle critter from Scribblins. Four bodies. One friendly cartoon. One clock. Minted on Base.,5425.gif,Cream,Bunny,Sparkly,Leaf,Scarf,None
5426,Scribblin #5426,A looping doodle critter from Scribblins. Four bodies. One friendly cartoon. One clock. Minted on Base.,5426.gif,Clay,Bear,Normal,Bow,Bandana,Heart
5427,Scribblin #5427,A looping doodle critter from Scribblins. Four bodies. One friendly cartoon. One clock. Minted on Base.,5427.gif,Cream,Bunny,Blep,Beanie,Scarf,Star
5428,Scribblin #5428,A looping doodle critter from Scribblins. Four bodies. One friendly cartoon. One clock. Minted on Base.,5428.gif,Cream,Bunny,Pout,Beanie,Bowtie,Heart
5429,Scribblin #5429,A looping doodle critter from Scribblins. Four bodies. One friendly cartoon. One clock. Minted on Base.,5429.gif,Sky,Bear,Sleepy,Leaf,None,None
5430,Scribblin #5430,A looping doodle critter from Scribblins. Four bodies. One friendly cartoon. One clock. Minted on Base.,5430.gif,Cream,Pup,Grin,Beanie,Bowtie,Star
5431,Scribblin #5431,A looping doodle critter from Scribblins. Four bodies. One friendly cartoon. One clock. Minted on Base.,5431.gif,Cream,Bear,Pout,Flower,Bowtie,Pencil
5432,Scribblin #5432,A looping doodle critter from Scribblins. Four bodies. One friendly cartoon. One clock. Minted on Base.,5432.gif,Cream,Pup,Pout,Headphones,Bandana,Star
5433,Scribblin #5433,A looping doodle critter from Scribblins. Four bodies. One friendly cartoon. One clock. Minted on Base.,5433.gif,Butter,Bear,Grin,Bow,None,Heart
5434,Scribblin #5434,A looping doodle critter from Scribblins. Four bodies. One friendly cartoon. One clock. Minted on Base.,5434.gif,Sky,Bunny,Wink,Leaf,Bandana,Star
5435,Scribblin #5435,A looping doodle critter from Scribblins. Four bodies. One friendly cartoon. One clock. Minted on Base.,5435.gif,Butter,Bear,Blep,Cap,Bowtie,None
5436,Scribblin #5436,A looping doodle critter from Scribblins. Four bodies. One friendly cartoon. One clock. Minted on Base.,5436.gif,Butter,Pup,Wink,Headphones,Scarf,Pencil
5437,Scribblin #5437,A looping doodle critter from Scribblins. Four bodies. One friendly cartoon. One clock. Minted on Base.,5437.gif,Sky,Pup,Normal,Leaf,Bowtie,Star
5438,Scribblin #5438,A looping doodle critter from Scribblins. Four bodies. One friendly cartoon. One clock. Minted on Base.,5438.gif,Butter,Frog,Heart,None,None,Pencil
5439,Scribblin #5439,A looping doodle critter from Scribblins. Four bodies. One friendly cartoon. One clock. Minted on Base.,5439.gif,Clay,Pup,Wink,Beanie,Bandana,Pencil
5440,Scribblin #5440,A looping doodle critter from Scribblins. Four bodies. One friendly cartoon. One clock. Minted on Base.,5440.gif,Butter,Bear,Heart,Bow,Bowtie,Balloon
5441,Scribblin #5441,A looping doodle critter from Scribblins. Four bodies. One friendly cartoon. One clock. Minted on Base.,5441.gif,Sky,Frog,Heart,Headphones,Scarf,Pencil
5442,Scribblin #5442,A looping doodle critter from Scribblins. Four bodies. One friendly cartoon. One clock. Minted on Base.,5442.gif,Butter,Frog,Blep,Leaf,Scarf,Pencil
5443,Scribblin #5443,A looping doodle critter from Scribblins. Four bodies. One friendly cartoon. One clock. Minted on Base.,5443.gif,Sky,Bunny,Blep,None,Scarf,Balloon
5444,Scribblin #5444,A looping doodle critter from Scribblins. Four bodies. One friendly cartoon. One clock. Minted on Base.,5444.gif,Cream,Bear,Wink,None,Bandana,Heart
5445,Scribblin #5445,A looping doodle critter from Scribblins. Four bodies. One friendly cartoon. One clock. Minted on Base.,5445.gif,Clay,Pup,Sparkly,Bow,Bandana,None
5446,Scribblin #5446,A looping doodle critter from Scribblins. Four bodies. One friendly cartoon. One clock. Minted on Base.,5446.gif,Clay,Bunny,Sparkly,Headphones,Bandana,Heart
5447,Scribblin #5447,A looping doodle critter from Scribblins. Four bodies. One friendly cartoon. One clock. Minted on Base.,5447.gif,Butter,Pup,Sparkly,Beanie,None,Pencil
5448,Scribblin #5448,A looping doodle critter from Scribblins. Four bodies. One friendly cartoon. One clock. Minted on Base.,5448.gif,Sky,Pup,Sparkly,Headphones,Bandana,Heart
5449,Scribblin #5449,A looping doodle critter from Scribblins. Four bodies. One friendly cartoon. One clock. Minted on Base.,5449.gif,Clay,Pup,Sparkly,Beanie,Bandana,Star
5450,Scribblin #5450,A looping doodle critter from Scribblins. Four bodies. One friendly cartoon. One clock. Minted on Base.,5450.gif,Butter,Pup,Blep,Beanie,Bandana,None
5451,Scribblin #5451,A looping doodle critter from Scribblins. Four bodies. One friendly cartoon. One clock. Minted on Base.,5451.gif,Butter,Frog,Wink,Cap,None,None
5452,Scribblin #5452,A looping doodle critter from Scribblins. Four bodies. One friendly cartoon. One clock. Minted on Base.,5452.gif,Clay,Frog,Sparkly,None,Scarf,None
5453,Scribblin #5453,A looping doodle critter from Scribblins. Four bodies. One friendly cartoon. One clock. Minted on Base.,5453.gif,Butter,Bunny,Grin,None,Bandana,Star
5454,Scribblin #5454,A looping doodle critter from Scribblins. Four bodies. One friendly cartoon. One clock. Minted on Base.,5454.gif,Sky,Bunny,Sparkly,Flower,Bowtie,Star
5455,Scribblin #5455,A looping doodle critter from Scribblins. Four bodies. One friendly cartoon. One clock. Minted on Base.,5455.gif,Clay,Frog,Wink,Flower,Bandana,Star
5456,Scribblin #5456,A looping doodle critter from Scribblins. Four bodies. One friendly cartoon. One clock. Minted on Base.,5456.gif,Clay,Bear,Normal,Leaf,Bowtie,Star
5457,Scribblin #5457,A looping doodle critter from Scribblins. Four bodies. One friendly cartoon. One clock. Minted on Base.,5457.gif,Butter,Bear,Grin,Beanie,Bowtie,Star
5458,Scribblin #5458,A looping doodle critter from Scribblins. Four bodies. One friendly cartoon. One clock. Minted on Base.,5458.gif,Cream,Bunny,Blep,None,None,Balloon
5459,Scribblin #5459,A looping doodle critter from Scribblins. Four bodies. One friendly cartoon. One clock. Minted on Base.,5459.gif,Butter,Frog,Heart,None,None,Star
5460,Scribblin #5460,A looping doodle critter from Scribblins. Four bodies. One friendly cartoon. One clock. Minted on Base.,5460.gif,Sky,Bunny,Sparkly,Headphones,None,Balloon
5461,Scribblin #5461,A looping doodle critter from Scribblins. Four bodies. One friendly cartoon. One clock. Minted on Base.,5461.gif,Cream,Bear,Sparkly,Beanie,Bowtie,Pencil
5462,Scribblin #5462,A looping doodle critter from Scribblins. Four bodies. One friendly cartoon. One clock. Minted on Base.,5462.gif,Sky,Pup,Pout,None,Bandana,Balloon
5463,Scribblin #5463,A looping doodle critter from Scribblins. Four bodies. One friendly cartoon. One clock. Minted on Base.,5463.gif,Sky,Pup,Normal,None,Bandana,Star
5464,Scribblin #5464,A looping doodle critter from Scribblins. Four bodies. One friendly cartoon. One clock. Minted on Base.,5464.gif,Clay,Pup,Sleepy,None,None,None
5465,Scribblin #5465,A looping doodle critter from Scribblins. Four bodies. One friendly cartoon. One clock. Minted on Base.,5465.gif,Cream,Frog,Sparkly,Bow,None,Heart
5466,Scribblin #5466,A looping doodle critter from Scribblins. Four bodies. One friendly cartoon. One clock. Minted on Base.,5466.gif,Sky,Frog,Blep,Bow,Bandana,None
5467,Scribblin #5467,A looping doodle critter from Scribblins. Four bodies. One friendly cartoon. One clock. Minted on Base.,5467.gif,Clay,Pup,Normal,Headphones,None,Balloon
5468,Scribblin #5468,A looping doodle critter from Scribblins. Four bodies. One friendly cartoon. One clock. Minted on Base.,5468.gif,Butter,Bear,Pout,Bow,Bowtie,None
5469,Scribblin #5469,A looping doodle critter from Scribblins. Four bodies. One friendly cartoon. One clock. Minted on Base.,5469.gif,Sky,Bunny,Heart,Leaf,Bowtie,Pencil
5470,Scribblin #5470,A looping doodle critter from Scribblins. Four bodies. One friendly cartoon. One clock. Minted on Base.,5470.gif,Butter,Pup,Wink,Flower,None,Balloon
5471,Scribblin #5471,A looping doodle critter from Scribblins. Four bodies. One friendly cartoon. One clock. Minted on Base.,5471.gif,Cream,Bear,Pout,Headphones,None,Star
5472,Scribblin #5472,A looping doodle critter from Scribblins. Four bodies. One friendly cartoon. One clock. Minted on Base.,5472.gif,Sky,Bear,Sleepy,Beanie,Bowtie,Star
5473,Scribblin #5473,A looping doodle critter from Scribblins. Four bodies. One friendly cartoon. One clock. Minted on Base.,5473.gif,Clay,Bear,Normal,Bow,Bandana,Balloon
5474,Scribblin #5474,A looping doodle critter from Scribblins. Four bodies. One friendly cartoon. One clock. Minted on Base.,5474.gif,Sky,Bunny,Heart,Headphones,Bowtie,Pencil
5475,Scribblin #5475,A looping doodle critter from Scribblins. Four bodies. One friendly cartoon. One clock. Minted on Base.,5475.gif,Cream,Frog,Blep,Cap,None,Pencil
5476,Scribblin #5476,A looping doodle critter from Scribblins. Four bodies. One friendly cartoon. One clock. Minted on Base.,5476.gif,Clay,Bear,Heart,Headphones,Scarf,Pencil
5477,Scribblin #5477,A looping doodle critter from Scribblins. Four bodies. One friendly cartoon. One clock. Minted on Base.,5477.gif,Sky,Bear,Heart,Beanie,Bowtie,Heart
5478,Scribblin #5478,A looping doodle critter from Scribblins. Four bodies. One friendly cartoon. One clock. Minted on Base.,5478.gif,Clay,Pup,Sleepy,Cap,Scarf,Star
5479,Scribblin #5479,A looping doodle critter from Scribblins. Four bodies. One friendly cartoon. One clock. Minted on Base.,5479.gif,Clay,Bear,Pout,Bow,Scarf,None
5480,Scribblin #5480,A looping doodle critter from Scribblins. Four bodies. One friendly cartoon. One clock. Minted on Base.,5480.gif,Clay,Frog,Normal,Flower,None,Heart
5481,Scribblin #5481,A looping doodle critter from Scribblins. Four bodies. One friendly cartoon. One clock. Minted on Base.,5481.gif,Cream,Frog,Normal,Headphones,Bandana,None
5482,Scribblin #5482,A looping doodle critter from Scribblins. Four bodies. One friendly cartoon. One clock. Minted on Base.,5482.gif,Clay,Pup,Blep,Leaf,Scarf,None
5483,Scribblin #5483,A looping doodle critter from Scribblins. Four bodies. One friendly cartoon. One clock. Minted on Base.,5483.gif,Cream,Frog,Normal,Cap,None,Pencil
5484,Scribblin #5484,A looping doodle critter from Scribblins. Four bodies. One friendly cartoon. One clock. Minted on Base.,5484.gif,Cream,Bear,Grin,Beanie,Bowtie,Pencil
5485,Scribblin #5485,A looping doodle critter from Scribblins. Four bodies. One friendly cartoon. One clock. Minted on Base.,5485.gif,Cream,Bunny,Grin,Bow,Bandana,Star
5486,Scribblin #5486,A looping doodle critter from Scribblins. Four bodies. One friendly cartoon. One clock. Minted on Base.,5486.gif,Sky,Pup,Blep,Bow,Bandana,None
5487,Scribblin #5487,A looping doodle critter from Scribblins. Four bodies. One friendly cartoon. One clock. Minted on Base.,5487.gif,Butter,Bear,Blep,Headphones,Bandana,None
5488,Scribblin #5488,A looping doodle critter from Scribblins. Four bodies. One friendly cartoon. One clock. Minted on Base.,5488.gif,Butter,Pup,Normal,Beanie,Scarf,Heart
5489,Scribblin #5489,A looping doodle critter from Scribblins. Four bodies. One friendly cartoon. One clock. Minted on Base.,5489.gif,Sky,Bear,Blep,Leaf,Bowtie,Heart
5490,Scribblin #5490,A looping doodle critter from Scribblins. Four bodies. One friendly cartoon. One clock. Minted on Base.,5490.gif,Butter,Pup,Pout,Beanie,Bowtie,Star
5491,Scribblin #5491,A looping doodle critter from Scribblins. Four bodies. One friendly cartoon. One clock. Minted on Base.,5491.gif,Butter,Frog,Sleepy,Flower,Scarf,Heart
5492,Scribblin #5492,A looping doodle critter from Scribblins. Four bodies. One friendly cartoon. One clock. Minted on Base.,5492.gif,Butter,Pup,Sleepy,Headphones,Scarf,Pencil
5493,Scribblin #5493,A looping doodle critter from Scribblins. Four bodies. One friendly cartoon. One clock. Minted on Base.,5493.gif,Clay,Bunny,Pout,Leaf,Bandana,Pencil
5494,Scribblin #5494,A looping doodle critter from Scribblins. Four bodies. One friendly cartoon. One clock. Minted on Base.,5494.gif,Butter,Bunny,Blep,None,None,Heart
5495,Scribblin #5495,A looping doodle critter from Scribblins. Four bodies. One friendly cartoon. One clock. Minted on Base.,5495.gif,Butter,Bunny,Sleepy,Beanie,None,Pencil
5496,Scribblin #5496,A looping doodle critter from Scribblins. Four bodies. One friendly cartoon. One clock. Minted on Base.,5496.gif,Cream,Pup,Normal,Leaf,Bandana,Balloon
5497,Scribblin #5497,A looping doodle critter from Scribblins. Four bodies. One friendly cartoon. One clock. Minted on Base.,5497.gif,Butter,Bear,Heart,Flower,Scarf,Star
5498,Scribblin #5498,A looping doodle critter from Scribblins. Four bodies. One friendly cartoon. One clock. Minted on Base.,5498.gif,Clay,Pup,Wink,Headphones,None,Pencil
5499,Scribblin #5499,A looping doodle critter from Scribblins. Four bodies. One friendly cartoon. One clock. Minted on Base.,5499.gif,Sky,Bear,Pout,Headphones,None,None
5500,Scribblin #5500,A looping doodle critter from Scribblins. Four bodies. One friendly cartoon. One clock. Minted on Base.,5500.gif,Sky,Pup,Grin,Bow,Bandana,None
5501,Scribblin #5501,A looping doodle critter from Scribblins. Four bodies. One friendly cartoon. One clock. Minted on Base.,5501.gif,Cream,Pup,Normal,Flower,Bandana,None
5502,Scribblin #5502,A looping doodle critter from Scribblins. Four bodies. One friendly cartoon. One clock. Minted on Base.,5502.gif,Sky,Bear,Wink,None,Bandana,Balloon
5503,Scribblin #5503,A looping doodle critter from Scribblins. Four bodies. One friendly cartoon. One clock. Minted on Base.,5503.gif,Butter,Pup,Normal,Headphones,Bandana,None
5504,Scribblin #5504,A looping doodle critter from Scribblins. Four bodies. One friendly cartoon. One clock. Minted on Base.,5504.gif,Clay,Pup,Sparkly,None,None,Pencil
5505,Scribblin #5505,A looping doodle critter from Scribblins. Four bodies. One friendly cartoon. One clock. Minted on Base.,5505.gif,Sky,Frog,Grin,Flower,Scarf,Balloon
5506,Scribblin #5506,A looping doodle critter from Scribblins. Four bodies. One friendly cartoon. One clock. Minted on Base.,5506.gif,Cream,Bunny,Grin,Cap,Bowtie,None
5507,Scribblin #5507,A looping doodle critter from Scribblins. Four bodies. One friendly cartoon. One clock. Minted on Base.,5507.gif,Butter,Pup,Wink,None,Scarf,Star
5508,Scribblin #5508,A looping doodle critter from Scribblins. Four bodies. One friendly cartoon. One clock. Minted on Base.,5508.gif,Cream,Frog,Blep,Flower,Scarf,Pencil
5509,Scribblin #5509,A looping doodle critter from Scribblins. Four bodies. One friendly cartoon. One clock. Minted on Base.,5509.gif,Cream,Pup,Normal,Headphones,Scarf,Balloon
5510,Scribblin #5510,A looping doodle critter from Scribblins. Four bodies. One friendly cartoon. One clock. Minted on Base.,5510.gif,Cream,Bear,Sleepy,Cap,None,Pencil
5511,Scribblin #5511,A looping doodle critter from Scribblins. Four bodies. One friendly cartoon. One clock. Minted on Base.,5511.gif,Cream,Bear,Wink,Headphones,None,None
5512,Scribblin #5512,A looping doodle critter from Scribblins. Four bodies. One friendly cartoon. One clock. Minted on Base.,5512.gif,Cream,Bunny,Pout,Cap,None,None
5513,Scribblin #5513,A looping doodle critter from Scribblins. Four bodies. One friendly cartoon. One clock. Minted on Base.,5513.gif,Cream,Bear,Sparkly,Leaf,None,Heart
5514,Scribblin #5514,A looping doodle critter from Scribblins. Four bodies. One friendly cartoon. One clock. Minted on Base.,5514.gif,Butter,Bunny,Blep,Beanie,Bandana,Star
5515,Scribblin #5515,A looping doodle critter from Scribblins. Four bodies. One friendly cartoon. One clock. Minted on Base.,5515.gif,Butter,Frog,Wink,Leaf,None,Balloon
5516,Scribblin #5516,A looping doodle critter from Scribblins. Four bodies. One friendly cartoon. One clock. Minted on Base.,5516.gif,Butter,Bunny,Sparkly,Leaf,Bowtie,Star
5517,Scribblin #5517,A looping doodle critter from Scribblins. Four bodies. One friendly cartoon. One clock. Minted on Base.,5517.gif,Cream,Pup,Sleepy,Headphones,Bandana,Pencil
5518,Scribblin #5518,A looping doodle critter from Scribblins. Four bodies. One friendly cartoon. One clock. Minted on Base.,5518.gif,Sky,Pup,Heart,Bow,None,Balloon
5519,Scribblin #5519,A looping doodle critter from Scribblins. Four bodies. One friendly cartoon. One clock. Minted on Base.,5519.gif,Cream,Bear,Wink,Bow,Bowtie,Heart
5520,Scribblin #5520,A looping doodle critter from Scribblins. Four bodies. One friendly cartoon. One clock. Minted on Base.,5520.gif,Clay,Bunny,Grin,Flower,Bandana,Heart
5521,Scribblin #5521,A looping doodle critter from Scribblins. Four bodies. One friendly cartoon. One clock. Minted on Base.,5521.gif,Cream,Bear,Sleepy,Beanie,Bowtie,Star
5522,Scribblin #5522,A looping doodle critter from Scribblins. Four bodies. One friendly cartoon. One clock. Minted on Base.,5522.gif,Cream,Bunny,Sleepy,Flower,Scarf,None
5523,Scribblin #5523,A looping doodle critter from Scribblins. Four bodies. One friendly cartoon. One clock. Minted on Base.,5523.gif,Butter,Bear,Sparkly,Beanie,None,Star
5524,Scribblin #5524,A looping doodle critter from Scribblins. Four bodies. One friendly cartoon. One clock. Minted on Base.,5524.gif,Clay,Bear,Grin,Headphones,None,Pencil
5525,Scribblin #5525,A looping doodle critter from Scribblins. Four bodies. One friendly cartoon. One clock. Minted on Base.,5525.gif,Butter,Bear,Heart,Leaf,None,Pencil
5526,Scribblin #5526,A looping doodle critter from Scribblins. Four bodies. One friendly cartoon. One clock. Minted on Base.,5526.gif,Clay,Bear,Sleepy,Beanie,Bandana,Pencil
5527,Scribblin #5527,A looping doodle critter from Scribblins. Four bodies. One friendly cartoon. One clock. Minted on Base.,5527.gif,Butter,Bunny,Grin,Cap,Scarf,Heart
5528,Scribblin #5528,A looping doodle critter from Scribblins. Four bodies. One friendly cartoon. One clock. Minted on Base.,5528.gif,Sky,Bunny,Pout,Cap,None,None
5529,Scribblin #5529,A looping doodle critter from Scribblins. Four bodies. One friendly cartoon. One clock. Minted on Base.,5529.gif,Clay,Pup,Heart,Headphones,Scarf,Star
5530,Scribblin #5530,A looping doodle critter from Scribblins. Four bodies. One friendly cartoon. One clock. Minted on Base.,5530.gif,Sky,Bunny,Sparkly,Headphones,Scarf,Pencil
5531,Scribblin #5531,A looping doodle critter from Scribblins. Four bodies. One friendly cartoon. One clock. Minted on Base.,5531.gif,Sky,Pup,Blep,Leaf,None,Star
5532,Scribblin #5532,A looping doodle critter from Scribblins. Four bodies. One friendly cartoon. One clock. Minted on Base.,5532.gif,Sky,Frog,Grin,Bow,Bowtie,Pencil
5533,Scribblin #5533,A looping doodle critter from Scribblins. Four bodies. One friendly cartoon. One clock. Minted on Base.,5533.gif,Sky,Frog,Sparkly,Flower,None,Heart
5534,Scribblin #5534,A looping doodle critter from Scribblins. Four bodies. One friendly cartoon. One clock. Minted on Base.,5534.gif,Cream,Bunny,Wink,Leaf,Scarf,Balloon
5535,Scribblin #5535,A looping doodle critter from Scribblins. Four bodies. One friendly cartoon. One clock. Minted on Base.,5535.gif,Clay,Bunny,Sparkly,Cap,None,Balloon
5536,Scribblin #5536,A looping doodle critter from Scribblins. Four bodies. One friendly cartoon. One clock. Minted on Base.,5536.gif,Cream,Pup,Pout,Beanie,Scarf,Balloon
5537,Scribblin #5537,A looping doodle critter from Scribblins. Four bodies. One friendly cartoon. One clock. Minted on Base.,5537.gif,Butter,Bunny,Heart,None,Bandana,Heart
5538,Scribblin #5538,A looping doodle critter from Scribblins. Four bodies. One friendly cartoon. One clock. Minted on Base.,5538.gif,Sky,Bear,Wink,Bow,None,Star
5539,Scribblin #5539,A looping doodle critter from Scribblins. Four bodies. One friendly cartoon. One clock. Minted on Base.,5539.gif,Cream,Bear,Blep,None,None,Pencil
5540,Scribblin #5540,A looping doodle critter from Scribblins. Four bodies. One friendly cartoon. One clock. Minted on Base.,5540.gif,Cream,Bear,Wink,Flower,Bandana,Star
5541,Scribblin #5541,A looping doodle critter from Scribblins. Four bodies. One friendly cartoon. One clock. Minted on Base.,5541.gif,Butter,Bunny,Heart,None,Bandana,Balloon
5542,Scribblin #5542,A looping doodle critter from Scribblins. Four bodies. One friendly cartoon. One clock. Minted on Base.,5542.gif,Sky,Bear,Grin,Beanie,None,None
5543,Scribblin #5543,A looping doodle critter from Scribblins. Four bodies. One friendly cartoon. One clock. Minted on Base.,5543.gif,Clay,Bear,Blep,Headphones,None,Heart
5544,Scribblin #5544,A looping doodle critter from Scribblins. Four bodies. One friendly cartoon. One clock. Minted on Base.,5544.gif,Butter,Bunny,Pout,Leaf,Scarf,Pencil
5545,Scribblin #5545,A looping doodle critter from Scribblins. Four bodies. One friendly cartoon. One clock. Minted on Base.,5545.gif,Clay,Bunny,Sleepy,Flower,Bowtie,Star
5546,Scribblin #5546,A looping doodle critter from Scribblins. Four bodies. One friendly cartoon. One clock. Minted on Base.,5546.gif,Butter,Bear,Blep,None,Bandana,Star
5547,Scribblin #5547,A looping doodle critter from Scribblins. Four bodies. One friendly cartoon. One clock. Minted on Base.,5547.gif,Clay,Pup,Grin,Bow,None,Pencil
5548,Scribblin #5548,A looping doodle critter from Scribblins. Four bodies. One friendly cartoon. One clock. Minted on Base.,5548.gif,Sky,Pup,Pout,None,Scarf,None
5549,Scribblin #5549,A looping doodle critter from Scribblins. Four bodies. One friendly cartoon. One clock. Minted on Base.,5549.gif,Clay,Bunny,Grin,Beanie,None,Heart
5550,Scribblin #5550,A looping doodle critter from Scribblins. Four bodies. One friendly cartoon. One clock. Minted on Base.,5550.gif,Cream,Bunny,Heart,None,Scarf,Heart
5551,Scribblin #5551,A looping doodle critter from Scribblins. Four bodies. One friendly cartoon. One clock. Minted on Base.,5551.gif,Sky,Frog,Pout,Beanie,Bandana,None
5552,Scribblin #5552,A looping doodle critter from Scribblins. Four bodies. One friendly cartoon. One clock. Minted on Base.,5552.gif,Cream,Bear,Sleepy,Flower,None,Star
5553,Scribblin #5553,A looping doodle critter from Scribblins. Four bodies. One friendly cartoon. One clock. Minted on Base.,5553.gif,Sky,Frog,Grin,Leaf,Bowtie,Heart
5554,Scribblin #5554,A looping doodle critter from Scribblins. Four bodies. One friendly cartoon. One clock. Minted on Base.,5554.gif,Clay,Pup,Heart,Beanie,None,Star
5555,Scribblin #5555,A looping doodle critter from Scribblins. Four bodies. One friendly cartoon. One clock. Minted on Base.,5555.gif,Butter,Frog,Grin,Headphones,Scarf,Heart
