tokenID,name,description,file_name,attributes[Paper],attributes[Bloom],attributes[Visage],attributes[Gaze],attributes[Mark],attributes[Adorn]
1,Inkling #1,A looping cartoon-squid PFP stacked from painterly trait layers. Minted on Ink.,1.gif,Indigo Night,Violet Haze,Bobtail,Bright,Clean mantle,Kelp Flow
2,Inkling #2,A looping cartoon-squid PFP stacked from painterly trait layers. Minted on Ink.,2.gif,Peach Dusk,Gold Wash,Reef,Lidded,Red Seal,Pearl Cluster
3,Inkling #3,A looping cartoon-squid PFP stacked from painterly trait layers. Minted on Ink.,3.gif,Celadon Garden,Teal Mist,Dumbo,Dew,Ink Splash,Bare mantle
4,Inkling #4,A looping cartoon-squid PFP stacked from painterly trait layers. Minted on Ink.,4.gif,Charcoal Wash,No bloom,Cuttle,Wink,Slow Drip,Ink Ribbon
5,Inkling #5,A looping cartoon-squid PFP stacked from painterly trait layers. Minted on Ink.,5.gif,Rose Gold,Coral Glow,Glass,Ember,Clean mantle,Wash Hood
6,Inkling #6,A looping cartoon-squid PFP stacked from painterly trait layers. Minted on Ink.,6.gif,Storm Grey,Silver Veil,Firefly,Sleepy,Brush Streak,Soft Crown
7,Inkling #7,A looping cartoon-squid PFP stacked from painterly trait layers. Minted on Ink.,7.gif,Wine Paper,Gold Wash,Giant,Bright,Red Seal,Kelp Flow
8,Inkling #8,A looping cartoon-squid PFP stacked from painterly trait layers. Minted on Ink.,8.gif,Cream Rice,Violet Haze,Inked,Dew,Clean mantle,Pearl Cluster
9,Inkling #9,A looping cartoon-squid PFP stacked from painterly trait layers. Minted on Ink.,9.gif,Indigo Night,Silver Veil,Reef,Ember,Brush Streak,Wash Hood
10,Inkling #10,A looping cartoon-squid PFP stacked from painterly trait layers. Minted on Ink.,10.gif,Peach Dusk,Coral Glow,Bobtail,Wink,Ink Splash,Soft Crown
11,Inkling #11,A looping cartoon-squid PFP stacked from painterly trait layers. Minted on Ink.,11.gif,Celadon Garden,No bloom,Giant,Lidded,Clean mantle,Ink Ribbon
12,Inkling #12,A looping cartoon-squid PFP stacked from painterly trait layers. Minted on Ink.,12.gif,Charcoal Wash,Violet Haze,Glass,Bright,Slow Drip,Kelp Flow
13,Inkling #13,A looping cartoon-squid PFP stacked from painterly trait layers. Minted on Ink.,13.gif,Rose Gold,Gold Wash,Firefly,Dew,Red Seal,Bare mantle
14,Inkling #14,A looping cartoon-squid PFP stacked from painterly trait layers. Minted on Ink.,14.gif,Storm Grey,Teal Mist,Cuttle,Sleepy,Clean mantle,Pearl Cluster
15,Inkling #15,A looping cartoon-squid PFP stacked from painterly trait layers. Minted on Ink.,15.gif,Wine Paper,Coral Glow,Inked,Ember,Ink Splash,Wash Hood
16,Inkling #16,A looping cartoon-squid PFP stacked from painterly trait layers. Minted on Ink.,16.gif,Cream Rice,Gold Wash,Dumbo,Bright,Brush Streak,Soft Crown
17,Inkling #17,A looping cartoon-squid PFP stacked from painterly trait layers. Minted on Ink.,17.gif,Celadon Garden,No bloom,Reef,Ember,Red Seal,Ink Ribbon
18,Inkling #18,A looping cartoon-squid PFP stacked from painterly trait layers. Minted on Ink.,18.gif,Rose Gold,No bloom,Bobtail,Dew,Clean mantle,Ink Ribbon
19,Inkling #19,A looping cartoon-squid PFP stacked from painterly trait layers. Minted on Ink.,19.gif,Rose Gold,Teal Mist,Giant,Wink,Slow Drip,Kelp Flow
20,Inkling #20,A looping cartoon-squid PFP stacked from painterly trait layers. Minted on Ink.,20.gif,Storm Grey,Gold Wash,Dumbo,Wink,Red Seal,Kelp Flow
21,Inkling #21,A looping cartoon-squid PFP stacked from painterly trait layers. Minted on Ink.,21.gif,Indigo Night,Silver Veil,Giant,Ember,Ink Splash,Pearl Cluster
22,Inkling #22,A looping cartoon-squid PFP stacked from painterly trait layers. Minted on Ink.,22.gif,Cream Rice,Violet Haze,Bobtail,Wink,Clean mantle,Kelp Flow
23,Inkling #23,A looping cartoon-squid PFP stacked from painterly trait layers. Minted on Ink.,23.gif,Peach Dusk,Teal Mist,Inked,Bright,Red Seal,Pearl Cluster
24,Inkling #24,A looping cartoon-squid PFP stacked from painterly trait layers. Minted on Ink.,24.gif,Cream Rice,Coral Glow,Bobtail,Wink,Clean mantle,Ink Ribbon
25,Inkling #25,A looping cartoon-squid PFP stacked from painterly trait layers. Minted on Ink.,25.gif,Storm Grey,Teal Mist,Bobtail,Sleepy,Red Seal,Soft Crown
26,Inkling #26,A looping cartoon-squid PFP stacked from painterly trait layers. Minted on Ink.,26.gif,Wine Paper,No bloom,Bobtail,Dew,Slow Drip,Soft Crown
27,Inkling #27,A looping cartoon-squid PFP stacked from painterly trait layers. Minted on Ink.,27.gif,Indigo Night,Coral Glow,Bobtail,Lidded,Slow Drip,Ink Ribbon
28,Inkling #28,A looping cartoon-squid PFP stacked from painterly trait layers. Minted on Ink.,28.gif,Indigo Night,No bloom,Firefly,Lidded,Brush Streak,Pearl Cluster
29,Inkling #29,A looping cartoon-squid PFP stacked from painterly trait layers. Minted on Ink.,29.gif,Rose Gold,Violet Haze,Cuttle,Dew,Red Seal,Bare mantle
30,Inkling #30,A looping cartoon-squid PFP stacked from painterly trait layers. Minted on Ink.,30.gif,Wine Paper,Violet Haze,Reef,Wink,Ink Splash,Pearl Cluster
31,Inkling #31,A looping cartoon-squid PFP stacked from painterly trait layers. Minted on Ink.,31.gif,Indigo Night,Gold Wash,Firefly,Wink,Clean mantle,Pearl Cluster
32,Inkling #32,A looping cartoon-squid PFP stacked from painterly trait layers. Minted on Ink.,32.gif,Charcoal Wash,Violet Haze,Cuttle,Dew,Clean mantle,Bare mantle
33,Inkling #33,A looping cartoon-squid PFP stacked from painterly trait layers. Minted on Ink.,33.gif,Indigo Night,Coral Glow,Giant,Wink,Ink Splash,Kelp Flow
34,Inkling #34,A looping cartoon-squid PFP stacked from painterly trait layers. Minted on Ink.,34.gif,Wine Paper,Silver Veil,Bobtail,Bright,Clean mantle,Kelp Flow
35,Inkling #35,A looping cartoon-squid PFP stacked from painterly trait layers. Minted on Ink.,35.gif,Peach Dusk,No bloom,Giant,Ember,Slow Drip,Ink Ribbon
36,Inkling #36,A looping cartoon-squid PFP stacked from painterly trait layers. Minted on Ink.,36.gif,Celadon Garden,Silver Veil,Reef,Ember,Brush Streak,Pearl Cluster
37,Inkling #37,A looping cartoon-squid PFP stacked from painterly trait layers. Minted on Ink.,37.gif,Peach Dusk,Coral Glow,Giant,Bright,Clean mantle,Wash Hood
38,Inkling #38,A looping cartoon-squid PFP stacked from painterly trait layers. Minted on Ink.,38.gif,Storm Grey,Violet Haze,Firefly,Dew,Ink Splash,Soft Crown
39,Inkling #39,A looping cartoon-squid PFP stacked from painterly trait layers. Minted on Ink.,39.gif,Peach Dusk,Coral Glow,Cuttle,Bright,Red Seal,Bare mantle
40,Inkling #40,A looping cartoon-squid PFP stacked from painterly trait layers. Minted on Ink.,40.gif,Cream Rice,Teal Mist,Cuttle,Bright,Slow Drip,Pearl Cluster
41,Inkling #41,A looping cartoon-squid PFP stacked from painterly trait layers. Minted on Ink.,41.gif,Peach Dusk,No bloom,Bobtail,Bright,Clean mantle,Bare mantle
42,Inkling #42,A looping cartoon-squid PFP stacked from painterly trait layers. Minted on Ink.,42.gif,Indigo Night,Teal Mist,Inked,Sleepy,Slow Drip,Wash Hood
43,Inkling #43,A looping cartoon-squid PFP stacked from painterly trait layers. Minted on Ink.,43.gif,Indigo Night,Gold Wash,Cuttle,Sleepy,Ink Splash,Ink Ribbon
44,Inkling #44,A looping cartoon-squid PFP stacked from painterly trait layers. Minted on Ink.,44.gif,Celadon Garden,Violet Haze,Reef,Dew,Brush Streak,Wash Hood
45,Inkling #45,A looping cartoon-squid PFP stacked from painterly trait layers. Minted on Ink.,45.gif,Indigo Night,No bloom,Bobtail,Lidded,Clean mantle,Bare mantle
46,Inkling #46,A looping cartoon-squid PFP stacked from painterly trait layers. Minted on Ink.,46.gif,Rose Gold,Violet Haze,Reef,Wink,Red Seal,Kelp Flow
47,Inkling #47,A looping cartoon-squid PFP stacked from painterly trait layers. Minted on Ink.,47.gif,Peach Dusk,Teal Mist,Cuttle,Sleepy,Slow Drip,Bare mantle
48,Inkling #48,A looping cartoon-squid PFP stacked from painterly trait layers. Minted on Ink.,48.gif,Cream Rice,Coral Glow,Giant,Wink,Ink Splash,Pearl Cluster
49,Inkling #49,A looping cartoon-squid PFP stacked from painterly trait layers. Minted on Ink.,49.gif,Charcoal Wash,Teal Mist,Cuttle,Wink,Ink Splash,Pearl Cluster
50,Inkling #50,A looping cartoon-squid PFP stacked from painterly trait layers. Minted on Ink.,50.gif,Charcoal Wash,Gold Wash,Cuttle,Dew,Slow Drip,Pearl Cluster
51,Inkling #51,A looping cartoon-squid PFP stacked from painterly trait layers. Minted on Ink.,51.gif,Wine Paper,No bloom,Giant,Wink,Clean mantle,Kelp Flow
52,Inkling #52,A looping cartoon-squid PFP stacked from painterly trait layers. Minted on Ink.,52.gif,Indigo Night,Silver Veil,Dumbo,Ember,Brush Streak,Bare mantle
53,Inkling #53,A looping cartoon-squid PFP stacked from painterly trait layers. Minted on Ink.,53.gif,Wine Paper,Silver Veil,Reef,Ember,Ink Splash,Ink Ribbon
54,Inkling #54,A looping cartoon-squid PFP stacked from painterly trait layers. Minted on Ink.,54.gif,Celadon Garden,Violet Haze,Firefly,Bright,Clean mantle,Wash Hood
55,Inkling #55,A looping cartoon-squid PFP stacked from painterly trait layers. Minted on Ink.,55.gif,Celadon Garden,Teal Mist,Inked,Lidded,Slow Drip,Pearl Cluster
56,Inkling #56,A looping cartoon-squid PFP stacked from painterly trait layers. Minted on Ink.,56.gif,Wine Paper,No bloom,Bobtail,Sleepy,Clean mantle,Bare mantle
57,Inkling #57,A looping cartoon-squid PFP stacked from painterly trait layers. Minted on Ink.,57.gif,Cream Rice,Teal Mist,Reef,Ember,Clean mantle,Pearl Cluster
58,Inkling #58,A looping cartoon-squid PFP stacked from painterly trait layers. Minted on Ink.,58.gif,Charcoal Wash,No bloom,Dumbo,Bright,Red Seal,Soft Crown
59,Inkling #59,A looping cartoon-squid PFP stacked from painterly trait layers. Minted on Ink.,59.gif,Peach Dusk,Silver Veil,Glass,Ember,Brush Streak,Kelp Flow
60,Inkling #60,A looping cartoon-squid PFP stacked from painterly trait layers. Minted on Ink.,60.gif,Indigo Night,Teal Mist,Dumbo,Sleepy,Clean mantle,Pearl Cluster
61,Inkling #61,A looping cartoon-squid PFP stacked from painterly trait layers. Minted on Ink.,61.gif,Celadon Garden,Teal Mist,Dumbo,Lidded,Clean mantle,Ink Ribbon
62,Inkling #62,A looping cartoon-squid PFP stacked from painterly trait layers. Minted on Ink.,62.gif,Celadon Garden,Coral Glow,Cuttle,Sleepy,Ink Splash,Ink Ribbon
63,Inkling #63,A looping cartoon-squid PFP stacked from painterly trait layers. Minted on Ink.,63.gif,Indigo Night,Silver Veil,Cuttle,Dew,Brush Streak,Wash Hood
64,Inkling #64,A looping cartoon-squid PFP stacked from painterly trait layers. Minted on Ink.,64.gif,Cream Rice,Silver Veil,Cuttle,Lidded,Ink Splash,Kelp Flow
65,Inkling #65,A looping cartoon-squid PFP stacked from painterly trait layers. Minted on Ink.,65.gif,Indigo Night,No bloom,Firefly,Wink,Clean mantle,Bare mantle
66,Inkling #66,A looping cartoon-squid PFP stacked from painterly trait layers. Minted on Ink.,66.gif,Storm Grey,Teal Mist,Giant,Sleepy,Ink Splash,Pearl Cluster
67,Inkling #67,A looping cartoon-squid PFP stacked from painterly trait layers. Minted on Ink.,67.gif,Storm Grey,No bloom,Glass,Lidded,Clean mantle,Ink Ribbon
68,Inkling #68,A looping cartoon-squid PFP stacked from painterly trait layers. Minted on Ink.,68.gif,Storm Grey,Silver Veil,Dumbo,Wink,Red Seal,Ink Ribbon
69,Inkling #69,A looping cartoon-squid PFP stacked from painterly trait layers. Minted on Ink.,69.gif,Rose Gold,Teal Mist,Dumbo,Sleepy,Slow Drip,Bare mantle
70,Inkling #70,A looping cartoon-squid PFP stacked from painterly trait layers. Minted on Ink.,70.gif,Rose Gold,Violet Haze,Firefly,Wink,Slow Drip,Soft Crown
71,Inkling #71,A looping cartoon-squid PFP stacked from painterly trait layers. Minted on Ink.,71.gif,Rose Gold,Gold Wash,Cuttle,Bright,Ink Splash,Soft Crown
72,Inkling #72,A looping cartoon-squid PFP stacked from painterly trait layers. Minted on Ink.,72.gif,Cream Rice,Gold Wash,Reef,Bright,Clean mantle,Bare mantle
73,Inkling #73,A looping cartoon-squid PFP stacked from painterly trait layers. Minted on Ink.,73.gif,Charcoal Wash,Coral Glow,Cuttle,Wink,Slow Drip,Kelp Flow
74,Inkling #74,A looping cartoon-squid PFP stacked from painterly trait layers. Minted on Ink.,74.gif,Cream Rice,Gold Wash,Glass,Sleepy,Clean mantle,Ink Ribbon
75,Inkling #75,A looping cartoon-squid PFP stacked from painterly trait layers. Minted on Ink.,75.gif,Wine Paper,Teal Mist,Firefly,Bright,Clean mantle,Pearl Cluster
76,Inkling #76,A looping cartoon-squid PFP stacked from painterly trait layers. Minted on Ink.,76.gif,Storm Grey,Coral Glow,Firefly,Lidded,Clean mantle,Ink Ribbon
77,Inkling #77,A looping cartoon-squid PFP stacked from painterly trait layers. Minted on Ink.,77.gif,Storm Grey,Violet Haze,Giant,Wink,Slow Drip,Bare mantle
78,Inkling #78,A looping cartoon-squid PFP stacked from painterly trait layers. Minted on Ink.,78.gif,Indigo Night,Gold Wash,Cuttle,Dew,Slow Drip,Pearl Cluster
79,Inkling #79,A looping cartoon-squid PFP stacked from painterly trait layers. Minted on Ink.,79.gif,Storm Grey,Coral Glow,Bobtail,Lidded,Slow Drip,Ink Ribbon
80,Inkling #80,A looping cartoon-squid PFP stacked from painterly trait layers. Minted on Ink.,80.gif,Celadon Garden,Coral Glow,Inked,Wink,Ink Splash,Wash Hood
81,Inkling #81,A looping cartoon-squid PFP stacked from painterly trait layers. Minted on Ink.,81.gif,Rose Gold,Gold Wash,Reef,Bright,Red Seal,Wash Hood
82,Inkling #82,A looping cartoon-squid PFP stacked from painterly trait layers. Minted on Ink.,82.gif,Wine Paper,Gold Wash,Firefly,Ember,Slow Drip,Ink Ribbon
83,Inkling #83,A looping cartoon-squid PFP stacked from painterly trait layers. Minted on Ink.,83.gif,Peach Dusk,No bloom,Cuttle,Bright,Slow Drip,Wash Hood
84,Inkling #84,A looping cartoon-squid PFP stacked from painterly trait layers. Minted on Ink.,84.gif,Cream Rice,Teal Mist,Reef,Bright,Ink Splash,Soft Crown
85,Inkling #85,A looping cartoon-squid PFP stacked from painterly trait layers. Minted on Ink.,85.gif,Storm Grey,Coral Glow,Dumbo,Bright,Brush Streak,Bare mantle
86,Inkling #86,A looping cartoon-squid PFP stacked from painterly trait layers. Minted on Ink.,86.gif,Rose Gold,Violet Haze,Dumbo,Bright,Slow Drip,Wash Hood
87,Inkling #87,A looping cartoon-squid PFP stacked from painterly trait layers. Minted on Ink.,87.gif,Indigo Night,Violet Haze,Cuttle,Dew,Clean mantle,Pearl Cluster
88,Inkling #88,A looping cartoon-squid PFP stacked from painterly trait layers. Minted on Ink.,88.gif,Celadon Garden,Violet Haze,Glass,Bright,Clean mantle,Bare mantle
89,Inkling #89,A looping cartoon-squid PFP stacked from painterly trait layers. Minted on Ink.,89.gif,Indigo Night,No bloom,Glass,Bright,Brush Streak,Wash Hood
90,Inkling #90,A looping cartoon-squid PFP stacked from painterly trait layers. Minted on Ink.,90.gif,Celadon Garden,No bloom,Firefly,Dew,Ink Splash,Bare mantle
91,Inkling #91,A looping cartoon-squid PFP stacked from painterly trait layers. Minted on Ink.,91.gif,Wine Paper,Gold Wash,Cuttle,Sleepy,Ink Splash,Bare mantle
92,Inkling #92,A looping cartoon-squid PFP stacked from painterly trait layers. Minted on Ink.,92.gif,Wine Paper,Silver Veil,Dumbo,Wink,Clean mantle,Bare mantle
93,Inkling #93,A looping cartoon-squid PFP stacked from painterly trait layers. Minted on Ink.,93.gif,Cream Rice,Gold Wash,Cuttle,Wink,Brush Streak,Bare mantle
94,Inkling #94,A looping cartoon-squid PFP stacked from painterly trait layers. Minted on Ink.,94.gif,Celadon Garden,No bloom,Glass,Ember,Brush Streak,Bare mantle
95,Inkling #95,A looping cartoon-squid PFP stacked from painterly trait layers. Minted on Ink.,95.gif,Indigo Night,Violet Haze,Reef,Sleepy,Clean mantle,Kelp Flow
96,Inkling #96,A looping cartoon-squid PFP stacked from painterly trait layers. Minted on Ink.,96.gif,Storm Grey,Gold Wash,Dumbo,Bright,Ink Splash,Kelp Flow
97,Inkling #97,A looping cartoon-squid PFP stacked from painterly trait layers. Minted on Ink.,97.gif,Peach Dusk,No bloom,Cuttle,Wink,Slow Drip,Ink Ribbon
98,Inkling #98,A looping cartoon-squid PFP stacked from painterly trait layers. Minted on Ink.,98.gif,Indigo Night,Silver Veil,Cuttle,Wink,Clean mantle,Pearl Cluster
99,Inkling #99,A looping cartoon-squid PFP stacked from painterly trait layers. Minted on Ink.,99.gif,Rose Gold,Violet Haze,Firefly,Bright,Clean mantle,Ink Ribbon
100,Inkling #100,A looping cartoon-squid PFP stacked from painterly trait layers. Minted on Ink.,100.gif,Rose Gold,Gold Wash,Dumbo,Dew,Ink Splash,Bare mantle
101,Inkling #101,A looping cartoon-squid PFP stacked from painterly trait layers. Minted on Ink.,101.gif,Celadon Garden,Violet Haze,Firefly,Dew,Clean mantle,Kelp Flow
102,Inkling #102,A looping cartoon-squid PFP stacked from painterly trait layers. Minted on Ink.,102.gif,Celadon Garden,Violet Haze,Glass,Sleepy,Clean mantle,Soft Crown
103,Inkling #103,A looping cartoon-squid PFP stacked from painterly trait layers. Minted on Ink.,103.gif,Storm Grey,Violet Haze,Cuttle,Dew,Slow Drip,Soft Crown
104,Inkling #104,A looping cartoon-squid PFP stacked from painterly trait layers. Minted on Ink.,104.gif,Wine Paper,Silver Veil,Reef,Sleepy,Brush Streak,Bare mantle
105,Inkling #105,A looping cartoon-squid PFP stacked from painterly trait layers. Minted on Ink.,105.gif,Storm Grey,Violet Haze,Firefly,Lidded,Brush Streak,Ink Ribbon
106,Inkling #106,A looping cartoon-squid PFP stacked from painterly trait layers. Minted on Ink.,106.gif,Storm Grey,Coral Glow,Dumbo,Bright,Brush Streak,Wash Hood
107,Inkling #107,A looping cartoon-squid PFP stacked from painterly trait layers. Minted on Ink.,107.gif,Rose Gold,Silver Veil,Bobtail,Sleepy,Red Seal,Bare mantle
108,Inkling #108,A looping cartoon-squid PFP stacked from painterly trait layers. Minted on Ink.,108.gif,Charcoal Wash,Silver Veil,Dumbo,Dew,Red Seal,Wash Hood
109,Inkling #109,A looping cartoon-squid PFP stacked from painterly trait layers. Minted on Ink.,109.gif,Charcoal Wash,Gold Wash,Giant,Dew,Brush Streak,Pearl Cluster
110,Inkling #110,A looping cartoon-squid PFP stacked from painterly trait layers. Minted on Ink.,110.gif,Rose Gold,Gold Wash,Reef,Bright,Slow Drip,Bare mantle
111,Inkling #111,A looping cartoon-squid PFP stacked from painterly trait layers. Minted on Ink.,111.gif,Cream Rice,Gold Wash,Bobtail,Sleepy,Clean mantle,Wash Hood
112,Inkling #112,A looping cartoon-squid PFP stacked from painterly trait layers. Minted on Ink.,112.gif,Peach Dusk,No bloom,Firefly,Dew,Clean mantle,Ink Ribbon
113,Inkling #113,A looping cartoon-squid PFP stacked from painterly trait layers. Minted on Ink.,113.gif,Charcoal Wash,Silver Veil,Bobtail,Bright,Ink Splash,Ink Ribbon
114,Inkling #114,A looping cartoon-squid PFP stacked from painterly trait layers. Minted on Ink.,114.gif,Charcoal Wash,Gold Wash,Firefly,Wink,Brush Streak,Bare mantle
115,Inkling #115,A looping cartoon-squid PFP stacked from painterly trait layers. Minted on Ink.,115.gif,Peach Dusk,Gold Wash,Glass,Wink,Clean mantle,Ink Ribbon
116,Inkling #116,A looping cartoon-squid PFP stacked from painterly trait layers. Minted on Ink.,116.gif,Rose Gold,No bloom,Giant,Wink,Clean mantle,Kelp Flow
117,Inkling #117,A looping cartoon-squid PFP stacked from painterly trait layers. Minted on Ink.,117.gif,Celadon Garden,Violet Haze,Bobtail,Dew,Red Seal,Kelp Flow
118,Inkling #118,A looping cartoon-squid PFP stacked from painterly trait layers. Minted on Ink.,118.gif,Storm Grey,Teal Mist,Bobtail,Bright,Clean mantle,Ink Ribbon
119,Inkling #119,A looping cartoon-squid PFP stacked from painterly trait layers. Minted on Ink.,119.gif,Indigo Night,Gold Wash,Reef,Bright,Clean mantle,Ink Ribbon
120,Inkling #120,A looping cartoon-squid PFP stacked from painterly trait layers. Minted on Ink.,120.gif,Peach Dusk,No bloom,Giant,Bright,Clean mantle,Wash Hood
121,Inkling #121,A looping cartoon-squid PFP stacked from painterly trait layers. Minted on Ink.,121.gif,Charcoal Wash,Gold Wash,Giant,Wink,Clean mantle,Bare mantle
122,Inkling #122,A looping cartoon-squid PFP stacked from painterly trait layers. Minted on Ink.,122.gif,Celadon Garden,Coral Glow,Dumbo,Lidded,Clean mantle,Bare mantle
123,Inkling #123,A looping cartoon-squid PFP stacked from painterly trait layers. Minted on Ink.,123.gif,Celadon Garden,Gold Wash,Bobtail,Sleepy,Slow Drip,Ink Ribbon
124,Inkling #124,A looping cartoon-squid PFP stacked from painterly trait layers. Minted on Ink.,124.gif,Indigo Night,No bloom,Reef,Sleepy,Clean mantle,Soft Crown
125,Inkling #125,A looping cartoon-squid PFP stacked from painterly trait layers. Minted on Ink.,125.gif,Cream Rice,Violet Haze,Cuttle,Bright,Red Seal,Soft Crown
126,Inkling #126,A looping cartoon-squid PFP stacked from painterly trait layers. Minted on Ink.,126.gif,Cream Rice,Teal Mist,Reef,Bright,Brush Streak,Bare mantle
127,Inkling #127,A looping cartoon-squid PFP stacked from painterly trait layers. Minted on Ink.,127.gif,Celadon Garden,Silver Veil,Cuttle,Dew,Red Seal,Pearl Cluster
128,Inkling #128,A looping cartoon-squid PFP stacked from painterly trait layers. Minted on Ink.,128.gif,Cream Rice,No bloom,Bobtail,Wink,Slow Drip,Bare mantle
129,Inkling #129,A looping cartoon-squid PFP stacked from painterly trait layers. Minted on Ink.,129.gif,Indigo Night,Violet Haze,Glass,Wink,Clean mantle,Pearl Cluster
130,Inkling #130,A looping cartoon-squid PFP stacked from painterly trait layers. Minted on Ink.,130.gif,Wine Paper,Gold Wash,Firefly,Sleepy,Ink Splash,Bare mantle
131,Inkling #131,A looping cartoon-squid PFP stacked from painterly trait layers. Minted on Ink.,131.gif,Rose Gold,No bloom,Cuttle,Wink,Clean mantle,Ink Ribbon
132,Inkling #132,A looping cartoon-squid PFP stacked from painterly trait layers. Minted on Ink.,132.gif,Indigo Night,No bloom,Dumbo,Bright,Slow Drip,Soft Crown
133,Inkling #133,A looping cartoon-squid PFP stacked from painterly trait layers. Minted on Ink.,133.gif,Storm Grey,Teal Mist,Cuttle,Lidded,Brush Streak,Bare mantle
134,Inkling #134,A looping cartoon-squid PFP stacked from painterly trait layers. Minted on Ink.,134.gif,Rose Gold,Silver Veil,Reef,Bright,Clean mantle,Soft Crown
135,Inkling #135,A looping cartoon-squid PFP stacked from painterly trait layers. Minted on Ink.,135.gif,Peach Dusk,Gold Wash,Dumbo,Bright,Brush Streak,Soft Crown
136,Inkling #136,A looping cartoon-squid PFP stacked from painterly trait layers. Minted on Ink.,136.gif,Storm Grey,Gold Wash,Dumbo,Sleepy,Red Seal,Wash Hood
137,Inkling #137,A looping cartoon-squid PFP stacked from painterly trait layers. Minted on Ink.,137.gif,Indigo Night,No bloom,Bobtail,Wink,Ink Splash,Kelp Flow
138,Inkling #138,A looping cartoon-squid PFP stacked from painterly trait layers. Minted on Ink.,138.gif,Cream Rice,Teal Mist,Dumbo,Dew,Red Seal,Bare mantle
139,Inkling #139,A looping cartoon-squid PFP stacked from painterly trait layers. Minted on Ink.,139.gif,Charcoal Wash,Coral Glow,Cuttle,Dew,Clean mantle,Soft Crown
140,Inkling #140,A looping cartoon-squid PFP stacked from painterly trait layers. Minted on Ink.,140.gif,Rose Gold,Silver Veil,Reef,Bright,Slow Drip,Bare mantle
141,Inkling #141,A looping cartoon-squid PFP stacked from painterly trait layers. Minted on Ink.,141.gif,Indigo Night,Violet Haze,Giant,Sleepy,Brush Streak,Bare mantle
142,Inkling #142,A looping cartoon-squid PFP stacked from painterly trait layers. Minted on Ink.,142.gif,Celadon Garden,Coral Glow,Bobtail,Ember,Slow Drip,Soft Crown
143,Inkling #143,A looping cartoon-squid PFP stacked from painterly trait layers. Minted on Ink.,143.gif,Indigo Night,No bloom,Dumbo,Wink,Clean mantle,Pearl Cluster
144,Inkling #144,A looping cartoon-squid PFP stacked from painterly trait layers. Minted on Ink.,144.gif,Storm Grey,Violet Haze,Cuttle,Sleepy,Ink Splash,Pearl Cluster
145,Inkling #145,A looping cartoon-squid PFP stacked from painterly trait layers. Minted on Ink.,145.gif,Rose Gold,Teal Mist,Inked,Ember,Clean mantle,Ink Ribbon
146,Inkling #146,A looping cartoon-squid PFP stacked from painterly trait layers. Minted on Ink.,146.gif,Storm Grey,No bloom,Glass,Sleepy,Clean mantle,Bare mantle
147,Inkling #147,A looping cartoon-squid PFP stacked from painterly trait layers. Minted on Ink.,147.gif,Celadon Garden,Coral Glow,Bobtail,Ember,Ink Splash,Ink Ribbon
148,Inkling #148,A looping cartoon-squid PFP stacked from painterly trait layers. Minted on Ink.,148.gif,Celadon Garden,Coral Glow,Inked,Dew,Ink Splash,Bare mantle
149,Inkling #149,A looping cartoon-squid PFP stacked from painterly trait layers. Minted on Ink.,149.gif,Storm Grey,No bloom,Reef,Bright,Red Seal,Ink Ribbon
150,Inkling #150,A looping cartoon-squid PFP stacked from painterly trait layers. Minted on Ink.,150.gif,Indigo Night,Teal Mist,Giant,Bright,Clean mantle,Bare mantle
151,Inkling #151,A looping cartoon-squid PFP stacked from painterly trait layers. Minted on Ink.,151.gif,Rose Gold,No bloom,Reef,Lidded,Ink Splash,Soft Crown
152,Inkling #152,A looping cartoon-squid PFP stacked from painterly trait layers. Minted on Ink.,152.gif,Celadon Garden,Teal Mist,Inked,Sleepy,Ink Splash,Kelp Flow
153,Inkling #153,A looping cartoon-squid PFP stacked from painterly trait layers. Minted on Ink.,153.gif,Celadon Garden,Teal Mist,Reef,Lidded,Slow Drip,Soft Crown
154,Inkling #154,A looping cartoon-squid PFP stacked from painterly trait layers. Minted on Ink.,154.gif,Storm Grey,Gold Wash,Cuttle,Sleepy,Clean mantle,Pearl Cluster
155,Inkling #155,A looping cartoon-squid PFP stacked from painterly trait layers. Minted on Ink.,155.gif,Cream Rice,Violet Haze,Bobtail,Sleepy,Clean mantle,Kelp Flow
156,Inkling #156,A looping cartoon-squid PFP stacked from painterly trait layers. Minted on Ink.,156.gif,Rose Gold,Violet Haze,Inked,Lidded,Clean mantle,Ink Ribbon
157,Inkling #157,A looping cartoon-squid PFP stacked from painterly trait layers. Minted on Ink.,157.gif,Charcoal Wash,No bloom,Glass,Ember,Brush Streak,Soft Crown
158,Inkling #158,A looping cartoon-squid PFP stacked from painterly trait layers. Minted on Ink.,158.gif,Indigo Night,Violet Haze,Firefly,Ember,Ink Splash,Wash Hood
159,Inkling #159,A looping cartoon-squid PFP stacked from painterly trait layers. Minted on Ink.,159.gif,Cream Rice,No bloom,Dumbo,Bright,Clean mantle,Kelp Flow
160,Inkling #160,A looping cartoon-squid PFP stacked from painterly trait layers. Minted on Ink.,160.gif,Wine Paper,No bloom,Reef,Ember,Brush Streak,Kelp Flow
161,Inkling #161,A looping cartoon-squid PFP stacked from painterly trait layers. Minted on Ink.,161.gif,Celadon Garden,No bloom,Cuttle,Dew,Ink Splash,Bare mantle
162,Inkling #162,A looping cartoon-squid PFP stacked from painterly trait layers. Minted on Ink.,162.gif,Rose Gold,No bloom,Bobtail,Sleepy,Slow Drip,Pearl Cluster
163,Inkling #163,A looping cartoon-squid PFP stacked from painterly trait layers. Minted on Ink.,163.gif,Wine Paper,Coral Glow,Inked,Lidded,Brush Streak,Bare mantle
164,Inkling #164,A looping cartoon-squid PFP stacked from painterly trait layers. Minted on Ink.,164.gif,Wine Paper,Silver Veil,Bobtail,Sleepy,Red Seal,Kelp Flow
165,Inkling #165,A looping cartoon-squid PFP stacked from painterly trait layers. Minted on Ink.,165.gif,Peach Dusk,Gold Wash,Bobtail,Lidded,Clean mantle,Bare mantle
166,Inkling #166,A looping cartoon-squid PFP stacked from painterly trait layers. Minted on Ink.,166.gif,Cream Rice,No bloom,Cuttle,Ember,Clean mantle,Ink Ribbon
167,Inkling #167,A looping cartoon-squid PFP stacked from painterly trait layers. Minted on Ink.,167.gif,Celadon Garden,Silver Veil,Inked,Dew,Clean mantle,Soft Crown
168,Inkling #168,A looping cartoon-squid PFP stacked from painterly trait layers. Minted on Ink.,168.gif,Celadon Garden,Teal Mist,Inked,Lidded,Clean mantle,Pearl Cluster
169,Inkling #169,A looping cartoon-squid PFP stacked from painterly trait layers. Minted on Ink.,169.gif,Cream Rice,No bloom,Dumbo,Ember,Brush Streak,Kelp Flow
170,Inkling #170,A looping cartoon-squid PFP stacked from painterly trait layers. Minted on Ink.,170.gif,Cream Rice,No bloom,Glass,Sleepy,Brush Streak,Kelp Flow
171,Inkling #171,A looping cartoon-squid PFP stacked from painterly trait layers. Minted on Ink.,171.gif,Storm Grey,No bloom,Bobtail,Sleepy,Clean mantle,Bare mantle
172,Inkling #172,A looping cartoon-squid PFP stacked from painterly trait layers. Minted on Ink.,172.gif,Storm Grey,Silver Veil,Firefly,Bright,Clean mantle,Bare mantle
173,Inkling #173,A looping cartoon-squid PFP stacked from painterly trait layers. Minted on Ink.,173.gif,Wine Paper,Coral Glow,Bobtail,Wink,Brush Streak,Wash Hood
174,Inkling #174,A looping cartoon-squid PFP stacked from painterly trait layers. Minted on Ink.,174.gif,Wine Paper,Coral Glow,Cuttle,Wink,Clean mantle,Pearl Cluster
175,Inkling #175,A looping cartoon-squid PFP stacked from painterly trait layers. Minted on Ink.,175.gif,Indigo Night,Gold Wash,Bobtail,Bright,Ink Splash,Pearl Cluster
176,Inkling #176,A looping cartoon-squid PFP stacked from painterly trait layers. Minted on Ink.,176.gif,Cream Rice,No bloom,Dumbo,Ember,Red Seal,Kelp Flow
177,Inkling #177,A looping cartoon-squid PFP stacked from painterly trait layers. Minted on Ink.,177.gif,Charcoal Wash,Teal Mist,Glass,Wink,Brush Streak,Kelp Flow
178,Inkling #178,A looping cartoon-squid PFP stacked from painterly trait layers. Minted on Ink.,178.gif,Rose Gold,Teal Mist,Reef,Dew,Clean mantle,Kelp Flow
179,Inkling #179,A looping cartoon-squid PFP stacked from painterly trait layers. Minted on Ink.,179.gif,Indigo Night,Violet Haze,Dumbo,Dew,Ink Splash,Pearl Cluster
180,Inkling #180,A looping cartoon-squid PFP stacked from painterly trait layers. Minted on Ink.,180.gif,Rose Gold,Silver Veil,Cuttle,Bright,Ink Splash,Kelp Flow
181,Inkling #181,A looping cartoon-squid PFP stacked from painterly trait layers. Minted on Ink.,181.gif,Celadon Garden,Violet Haze,Inked,Lidded,Brush Streak,Bare mantle
182,Inkling #182,A looping cartoon-squid PFP stacked from painterly trait layers. Minted on Ink.,182.gif,Cream Rice,Violet Haze,Cuttle,Sleepy,Slow Drip,Ink Ribbon
183,Inkling #183,A looping cartoon-squid PFP stacked from painterly trait layers. Minted on Ink.,183.gif,Cream Rice,No bloom,Glass,Wink,Ink Splash,Ink Ribbon
184,Inkling #184,A looping cartoon-squid PFP stacked from painterly trait layers. Minted on Ink.,184.gif,Indigo Night,Coral Glow,Dumbo,Sleepy,Red Seal,Bare mantle
185,Inkling #185,A looping cartoon-squid PFP stacked from painterly trait layers. Minted on Ink.,185.gif,Celadon Garden,Teal Mist,Cuttle,Dew,Clean mantle,Soft Crown
186,Inkling #186,A looping cartoon-squid PFP stacked from painterly trait layers. Minted on Ink.,186.gif,Storm Grey,No bloom,Bobtail,Sleepy,Slow Drip,Pearl Cluster
187,Inkling #187,A looping cartoon-squid PFP stacked from painterly trait layers. Minted on Ink.,187.gif,Peach Dusk,No bloom,Firefly,Lidded,Slow Drip,Bare mantle
188,Inkling #188,A looping cartoon-squid PFP stacked from painterly trait layers. Minted on Ink.,188.gif,Indigo Night,Gold Wash,Giant,Wink,Clean mantle,Wash Hood
189,Inkling #189,A looping cartoon-squid PFP stacked from painterly trait layers. Minted on Ink.,189.gif,Rose Gold,Gold Wash,Inked,Ember,Slow Drip,Pearl Cluster
190,Inkling #190,A looping cartoon-squid PFP stacked from painterly trait layers. Minted on Ink.,190.gif,Rose Gold,Gold Wash,Firefly,Bright,Clean mantle,Kelp Flow
191,Inkling #191,A looping cartoon-squid PFP stacked from painterly trait layers. Minted on Ink.,191.gif,Peach Dusk,Teal Mist,Reef,Lidded,Slow Drip,Soft Crown
192,Inkling #192,A looping cartoon-squid PFP stacked from painterly trait layers. Minted on Ink.,192.gif,Charcoal Wash,Coral Glow,Reef,Wink,Clean mantle,Ink Ribbon
193,Inkling #193,A looping cartoon-squid PFP stacked from painterly trait layers. Minted on Ink.,193.gif,Storm Grey,No bloom,Bobtail,Sleepy,Slow Drip,Bare mantle
194,Inkling #194,A looping cartoon-squid PFP stacked from painterly trait layers. Minted on Ink.,194.gif,Peach Dusk,Violet Haze,Cuttle,Dew,Slow Drip,Kelp Flow
195,Inkling #195,A looping cartoon-squid PFP stacked from painterly trait layers. Minted on Ink.,195.gif,Indigo Night,Coral Glow,Dumbo,Wink,Clean mantle,Bare mantle
196,Inkling #196,A looping cartoon-squid PFP stacked from painterly trait layers. Minted on Ink.,196.gif,Wine Paper,No bloom,Reef,Wink,Clean mantle,Pearl Cluster
197,Inkling #197,A looping cartoon-squid PFP stacked from painterly trait layers. Minted on Ink.,197.gif,Celadon Garden,Teal Mist,Cuttle,Lidded,Clean mantle,Pearl Cluster
198,Inkling #198,A looping cartoon-squid PFP stacked from painterly trait layers. Minted on Ink.,198.gif,Cream Rice,No bloom,Reef,Dew,Ink Splash,Bare mantle
199,Inkling #199,A looping cartoon-squid PFP stacked from painterly trait layers. Minted on Ink.,199.gif,Rose Gold,Teal Mist,Cuttle,Ember,Clean mantle,Ink Ribbon
200,Inkling #200,A looping cartoon-squid PFP stacked from painterly trait layers. Minted on Ink.,200.gif,Cream Rice,Coral Glow,Inked,Lidded,Red Seal,Ink Ribbon
201,Inkling #201,A looping cartoon-squid PFP stacked from painterly trait layers. Minted on Ink.,201.gif,Peach Dusk,No bloom,Cuttle,Ember,Slow Drip,Kelp Flow
202,Inkling #202,A looping cartoon-squid PFP stacked from painterly trait layers. Minted on Ink.,202.gif,Indigo Night,Coral Glow,Inked,Ember,Slow Drip,Bare mantle
203,Inkling #203,A looping cartoon-squid PFP stacked from painterly trait layers. Minted on Ink.,203.gif,Celadon Garden,Silver Veil,Bobtail,Wink,Slow Drip,Ink Ribbon
204,Inkling #204,A looping cartoon-squid PFP stacked from painterly trait layers. Minted on Ink.,204.gif,Charcoal Wash,Coral Glow,Bobtail,Bright,Clean mantle,Wash Hood
205,Inkling #205,A looping cartoon-squid PFP stacked from painterly trait layers. Minted on Ink.,205.gif,Storm Grey,No bloom,Giant,Wink,Red Seal,Pearl Cluster
206,Inkling #206,A looping cartoon-squid PFP stacked from painterly trait layers. Minted on Ink.,206.gif,Charcoal Wash,Silver Veil,Cuttle,Lidded,Slow Drip,Soft Crown
207,Inkling #207,A looping cartoon-squid PFP stacked from painterly trait layers. Minted on Ink.,207.gif,Charcoal Wash,Silver Veil,Glass,Lidded,Ink Splash,Bare mantle
208,Inkling #208,A looping cartoon-squid PFP stacked from painterly trait layers. Minted on Ink.,208.gif,Celadon Garden,Coral Glow,Giant,Sleepy,Red Seal,Kelp Flow
209,Inkling #209,A looping cartoon-squid PFP stacked from painterly trait layers. Minted on Ink.,209.gif,Indigo Night,No bloom,Glass,Sleepy,Brush Streak,Pearl Cluster
210,Inkling #210,A looping cartoon-squid PFP stacked from painterly trait layers. Minted on Ink.,210.gif,Storm Grey,No bloom,Reef,Wink,Brush Streak,Soft Crown
211,Inkling #211,A looping cartoon-squid PFP stacked from painterly trait layers. Minted on Ink.,211.gif,Celadon Garden,No bloom,Reef,Sleepy,Clean mantle,Bare mantle
212,Inkling #212,A looping cartoon-squid PFP stacked from painterly trait layers. Minted on Ink.,212.gif,Indigo Night,Violet Haze,Dumbo,Lidded,Clean mantle,Pearl Cluster
213,Inkling #213,A looping cartoon-squid PFP stacked from painterly trait layers. Minted on Ink.,213.gif,Rose Gold,Gold Wash,Inked,Dew,Brush Streak,Bare mantle
214,Inkling #214,A looping cartoon-squid PFP stacked from painterly trait layers. Minted on Ink.,214.gif,Rose Gold,No bloom,Dumbo,Wink,Clean mantle,Bare mantle
215,Inkling #215,A looping cartoon-squid PFP stacked from painterly trait layers. Minted on Ink.,215.gif,Charcoal Wash,Teal Mist,Cuttle,Lidded,Red Seal,Bare mantle
216,Inkling #216,A looping cartoon-squid PFP stacked from painterly trait layers. Minted on Ink.,216.gif,Wine Paper,Silver Veil,Reef,Dew,Brush Streak,Ink Ribbon
217,Inkling #217,A looping cartoon-squid PFP stacked from painterly trait layers. Minted on Ink.,217.gif,Peach Dusk,No bloom,Reef,Ember,Red Seal,Ink Ribbon
218,Inkling #218,A looping cartoon-squid PFP stacked from painterly trait layers. Minted on Ink.,218.gif,Cream Rice,Violet Haze,Inked,Bright,Slow Drip,Wash Hood
219,Inkling #219,A looping cartoon-squid PFP stacked from painterly trait layers. Minted on Ink.,219.gif,Wine Paper,Silver Veil,Bobtail,Ember,Ink Splash,Soft Crown
220,Inkling #220,A looping cartoon-squid PFP stacked from painterly trait layers. Minted on Ink.,220.gif,Cream Rice,Teal Mist,Firefly,Lidded,Clean mantle,Pearl Cluster
221,Inkling #221,A looping cartoon-squid PFP stacked from painterly trait layers. Minted on Ink.,221.gif,Cream Rice,Teal Mist,Bobtail,Wink,Clean mantle,Pearl Cluster
222,Inkling #222,A looping cartoon-squid PFP stacked from painterly trait layers. Minted on Ink.,222.gif,Celadon Garden,Teal Mist,Giant,Dew,Clean mantle,Bare mantle
223,Inkling #223,A looping cartoon-squid PFP stacked from painterly trait layers. Minted on Ink.,223.gif,Rose Gold,Silver Veil,Giant,Lidded,Red Seal,Soft Crown
224,Inkling #224,A looping cartoon-squid PFP stacked from painterly trait layers. Minted on Ink.,224.gif,Storm Grey,Teal Mist,Bobtail,Bright,Clean mantle,Kelp Flow
225,Inkling #225,A looping cartoon-squid PFP stacked from painterly trait layers. Minted on Ink.,225.gif,Storm Grey,Gold Wash,Reef,Bright,Clean mantle,Soft Crown
226,Inkling #226,A looping cartoon-squid PFP stacked from painterly trait layers. Minted on Ink.,226.gif,Indigo Night,No bloom,Dumbo,Bright,Ink Splash,Bare mantle
227,Inkling #227,A looping cartoon-squid PFP stacked from painterly trait layers. Minted on Ink.,227.gif,Rose Gold,Violet Haze,Glass,Wink,Brush Streak,Bare mantle
228,Inkling #228,A looping cartoon-squid PFP stacked from painterly trait layers. Minted on Ink.,228.gif,Celadon Garden,Teal Mist,Firefly,Lidded,Clean mantle,Bare mantle
229,Inkling #229,A looping cartoon-squid PFP stacked from painterly trait layers. Minted on Ink.,229.gif,Indigo Night,Violet Haze,Firefly,Lidded,Red Seal,Wash Hood
230,Inkling #230,A looping cartoon-squid PFP stacked from painterly trait layers. Minted on Ink.,230.gif,Charcoal Wash,Coral Glow,Firefly,Dew,Slow Drip,Pearl Cluster
231,Inkling #231,A looping cartoon-squid PFP stacked from painterly trait layers. Minted on Ink.,231.gif,Wine Paper,Silver Veil,Bobtail,Sleepy,Brush Streak,Bare mantle
232,Inkling #232,A looping cartoon-squid PFP stacked from painterly trait layers. Minted on Ink.,232.gif,Rose Gold,Violet Haze,Inked,Dew,Red Seal,Pearl Cluster
233,Inkling #233,A looping cartoon-squid PFP stacked from painterly trait layers. Minted on Ink.,233.gif,Charcoal Wash,No bloom,Bobtail,Bright,Clean mantle,Soft Crown
234,Inkling #234,A looping cartoon-squid PFP stacked from painterly trait layers. Minted on Ink.,234.gif,Peach Dusk,Silver Veil,Firefly,Sleepy,Brush Streak,Soft Crown
235,Inkling #235,A looping cartoon-squid PFP stacked from painterly trait layers. Minted on Ink.,235.gif,Peach Dusk,Coral Glow,Reef,Wink,Ink Splash,Ink Ribbon
236,Inkling #236,A looping cartoon-squid PFP stacked from painterly trait layers. Minted on Ink.,236.gif,Indigo Night,No bloom,Glass,Dew,Ink Splash,Wash Hood
237,Inkling #237,A looping cartoon-squid PFP stacked from painterly trait layers. Minted on Ink.,237.gif,Charcoal Wash,No bloom,Glass,Dew,Clean mantle,Soft Crown
238,Inkling #238,A looping cartoon-squid PFP stacked from painterly trait layers. Minted on Ink.,238.gif,Celadon Garden,Silver Veil,Dumbo,Ember,Brush Streak,Ink Ribbon
239,Inkling #239,A looping cartoon-squid PFP stacked from painterly trait layers. Minted on Ink.,239.gif,Storm Grey,Teal Mist,Firefly,Dew,Red Seal,Bare mantle
240,Inkling #240,A looping cartoon-squid PFP stacked from painterly trait layers. Minted on Ink.,240.gif,Celadon Garden,No bloom,Dumbo,Ember,Clean mantle,Pearl Cluster
241,Inkling #241,A looping cartoon-squid PFP stacked from painterly trait layers. Minted on Ink.,241.gif,Storm Grey,Teal Mist,Glass,Ember,Slow Drip,Wash Hood
242,Inkling #242,A looping cartoon-squid PFP stacked from painterly trait layers. Minted on Ink.,242.gif,Charcoal Wash,No bloom,Reef,Bright,Clean mantle,Ink Ribbon
243,Inkling #243,A looping cartoon-squid PFP stacked from painterly trait layers. Minted on Ink.,243.gif,Wine Paper,Teal Mist,Dumbo,Sleepy,Clean mantle,Bare mantle
244,Inkling #244,A looping cartoon-squid PFP stacked from painterly trait layers. Minted on Ink.,244.gif,Peach Dusk,Silver Veil,Reef,Ember,Slow Drip,Ink Ribbon
245,Inkling #245,A looping cartoon-squid PFP stacked from painterly trait layers. Minted on Ink.,245.gif,Cream Rice,Coral Glow,Reef,Wink,Clean mantle,Kelp Flow
246,Inkling #246,A looping cartoon-squid PFP stacked from painterly trait layers. Minted on Ink.,246.gif,Wine Paper,Teal Mist,Bobtail,Lidded,Brush Streak,Ink Ribbon
247,Inkling #247,A looping cartoon-squid PFP stacked from painterly trait layers. Minted on Ink.,247.gif,Celadon Garden,Silver Veil,Cuttle,Sleepy,Clean mantle,Wash Hood
248,Inkling #248,A looping cartoon-squid PFP stacked from painterly trait layers. Minted on Ink.,248.gif,Cream Rice,No bloom,Reef,Bright,Red Seal,Bare mantle
249,Inkling #249,A looping cartoon-squid PFP stacked from painterly trait layers. Minted on Ink.,249.gif,Cream Rice,Coral Glow,Glass,Wink,Clean mantle,Bare mantle
250,Inkling #250,A looping cartoon-squid PFP stacked from painterly trait layers. Minted on Ink.,250.gif,Celadon Garden,Violet Haze,Reef,Lidded,Red Seal,Pearl Cluster
251,Inkling #251,A looping cartoon-squid PFP stacked from painterly trait layers. Minted on Ink.,251.gif,Celadon Garden,Silver Veil,Cuttle,Ember,Slow Drip,Bare mantle
252,Inkling #252,A looping cartoon-squid PFP stacked from painterly trait layers. Minted on Ink.,252.gif,Peach Dusk,Gold Wash,Inked,Dew,Slow Drip,Bare mantle
253,Inkling #253,A looping cartoon-squid PFP stacked from painterly trait layers. Minted on Ink.,253.gif,Celadon Garden,Coral Glow,Dumbo,Lidded,Brush Streak,Soft Crown
254,Inkling #254,A looping cartoon-squid PFP stacked from painterly trait layers. Minted on Ink.,254.gif,Peach Dusk,Violet Haze,Bobtail,Ember,Slow Drip,Kelp Flow
255,Inkling #255,A looping cartoon-squid PFP stacked from painterly trait layers. Minted on Ink.,255.gif,Peach Dusk,Violet Haze,Firefly,Sleepy,Clean mantle,Wash Hood
256,Inkling #256,A looping cartoon-squid PFP stacked from painterly trait layers. Minted on Ink.,256.gif,Storm Grey,Silver Veil,Dumbo,Bright,Clean mantle,Pearl Cluster
257,Inkling #257,A looping cartoon-squid PFP stacked from painterly trait layers. Minted on Ink.,257.gif,Storm Grey,Silver Veil,Giant,Dew,Brush Streak,Pearl Cluster
258,Inkling #258,A looping cartoon-squid PFP stacked from painterly trait layers. Minted on Ink.,258.gif,Rose Gold,Coral Glow,Cuttle,Sleepy,Clean mantle,Bare mantle
259,Inkling #259,A looping cartoon-squid PFP stacked from painterly trait layers. Minted on Ink.,259.gif,Rose Gold,Violet Haze,Giant,Lidded,Red Seal,Pearl Cluster
260,Inkling #260,A looping cartoon-squid PFP stacked from painterly trait layers. Minted on Ink.,260.gif,Peach Dusk,Violet Haze,Dumbo,Bright,Clean mantle,Soft Crown
261,Inkling #261,A looping cartoon-squid PFP stacked from painterly trait layers. Minted on Ink.,261.gif,Celadon Garden,Gold Wash,Dumbo,Lidded,Slow Drip,Kelp Flow
262,Inkling #262,A looping cartoon-squid PFP stacked from painterly trait layers. Minted on Ink.,262.gif,Celadon Garden,Violet Haze,Reef,Bright,Red Seal,Pearl Cluster
263,Inkling #263,A looping cartoon-squid PFP stacked from painterly trait layers. Minted on Ink.,263.gif,Wine Paper,Gold Wash,Cuttle,Lidded,Brush Streak,Pearl Cluster
264,Inkling #264,A looping cartoon-squid PFP stacked from painterly trait layers. Minted on Ink.,264.gif,Charcoal Wash,Silver Veil,Bobtail,Wink,Ink Splash,Kelp Flow
265,Inkling #265,A looping cartoon-squid PFP stacked from painterly trait layers. Minted on Ink.,265.gif,Peach Dusk,Silver Veil,Cuttle,Wink,Ink Splash,Pearl Cluster
266,Inkling #266,A looping cartoon-squid PFP stacked from painterly trait layers. Minted on Ink.,266.gif,Rose Gold,Gold Wash,Reef,Bright,Clean mantle,Bare mantle
267,Inkling #267,A looping cartoon-squid PFP stacked from painterly trait layers. Minted on Ink.,267.gif,Rose Gold,Violet Haze,Dumbo,Lidded,Red Seal,Kelp Flow
268,Inkling #268,A looping cartoon-squid PFP stacked from painterly trait layers. Minted on Ink.,268.gif,Storm Grey,Violet Haze,Dumbo,Dew,Clean mantle,Kelp Flow
269,Inkling #269,A looping cartoon-squid PFP stacked from painterly trait layers. Minted on Ink.,269.gif,Indigo Night,Coral Glow,Cuttle,Bright,Slow Drip,Bare mantle
270,Inkling #270,A looping cartoon-squid PFP stacked from painterly trait layers. Minted on Ink.,270.gif,Peach Dusk,Teal Mist,Bobtail,Dew,Ink Splash,Bare mantle
271,Inkling #271,A looping cartoon-squid PFP stacked from painterly trait layers. Minted on Ink.,271.gif,Storm Grey,Gold Wash,Glass,Ember,Red Seal,Soft Crown
272,Inkling #272,A looping cartoon-squid PFP stacked from painterly trait layers. Minted on Ink.,272.gif,Charcoal Wash,Coral Glow,Inked,Sleepy,Slow Drip,Wash Hood
273,Inkling #273,A looping cartoon-squid PFP stacked from painterly trait layers. Minted on Ink.,273.gif,Storm Grey,No bloom,Glass,Bright,Ink Splash,Bare mantle
274,Inkling #274,A looping cartoon-squid PFP stacked from painterly trait layers. Minted on Ink.,274.gif,Rose Gold,Violet Haze,Bobtail,Sleepy,Red Seal,Ink Ribbon
275,Inkling #275,A looping cartoon-squid PFP stacked from painterly trait layers. Minted on Ink.,275.gif,Rose Gold,Coral Glow,Bobtail,Bright,Slow Drip,Bare mantle
276,Inkling #276,A looping cartoon-squid PFP stacked from painterly trait layers. Minted on Ink.,276.gif,Peach Dusk,No bloom,Bobtail,Lidded,Brush Streak,Pearl Cluster
277,Inkling #277,A looping cartoon-squid PFP stacked from painterly trait layers. Minted on Ink.,277.gif,Cream Rice,No bloom,Dumbo,Bright,Ink Splash,Ink Ribbon
278,Inkling #278,A looping cartoon-squid PFP stacked from painterly trait layers. Minted on Ink.,278.gif,Cream Rice,Gold Wash,Bobtail,Ember,Ink Splash,Kelp Flow
279,Inkling #279,A looping cartoon-squid PFP stacked from painterly trait layers. Minted on Ink.,279.gif,Storm Grey,Gold Wash,Glass,Bright,Ink Splash,Soft Crown
280,Inkling #280,A looping cartoon-squid PFP stacked from painterly trait layers. Minted on Ink.,280.gif,Cream Rice,Teal Mist,Firefly,Dew,Ink Splash,Wash Hood
281,Inkling #281,A looping cartoon-squid PFP stacked from painterly trait layers. Minted on Ink.,281.gif,Wine Paper,No bloom,Glass,Dew,Clean mantle,Wash Hood
282,Inkling #282,A looping cartoon-squid PFP stacked from painterly trait layers. Minted on Ink.,282.gif,Wine Paper,No bloom,Dumbo,Dew,Red Seal,Ink Ribbon
283,Inkling #283,A looping cartoon-squid PFP stacked from painterly trait layers. Minted on Ink.,283.gif,Peach Dusk,Gold Wash,Dumbo,Dew,Ink Splash,Soft Crown
284,Inkling #284,A looping cartoon-squid PFP stacked from painterly trait layers. Minted on Ink.,284.gif,Charcoal Wash,Gold Wash,Giant,Wink,Ink Splash,Pearl Cluster
285,Inkling #285,A looping cartoon-squid PFP stacked from painterly trait layers. Minted on Ink.,285.gif,Celadon Garden,No bloom,Giant,Ember,Brush Streak,Wash Hood
286,Inkling #286,A looping cartoon-squid PFP stacked from painterly trait layers. Minted on Ink.,286.gif,Indigo Night,Gold Wash,Reef,Bright,Ink Splash,Ink Ribbon
287,Inkling #287,A looping cartoon-squid PFP stacked from painterly trait layers. Minted on Ink.,287.gif,Cream Rice,Coral Glow,Bobtail,Ember,Clean mantle,Wash Hood
288,Inkling #288,A looping cartoon-squid PFP stacked from painterly trait layers. Minted on Ink.,288.gif,Celadon Garden,Silver Veil,Inked,Lidded,Ink Splash,Bare mantle
289,Inkling #289,A looping cartoon-squid PFP stacked from painterly trait layers. Minted on Ink.,289.gif,Storm Grey,Silver Veil,Giant,Dew,Ink Splash,Soft Crown
290,Inkling #290,A looping cartoon-squid PFP stacked from painterly trait layers. Minted on Ink.,290.gif,Cream Rice,Coral Glow,Firefly,Sleepy,Ink Splash,Bare mantle
291,Inkling #291,A looping cartoon-squid PFP stacked from painterly trait layers. Minted on Ink.,291.gif,Peach Dusk,Silver Veil,Cuttle,Lidded,Clean mantle,Kelp Flow
292,Inkling #292,A looping cartoon-squid PFP stacked from painterly trait layers. Minted on Ink.,292.gif,Storm Grey,Coral Glow,Giant,Dew,Clean mantle,Bare mantle
293,Inkling #293,A looping cartoon-squid PFP stacked from painterly trait layers. Minted on Ink.,293.gif,Charcoal Wash,No bloom,Cuttle,Sleepy,Clean mantle,Bare mantle
294,Inkling #294,A looping cartoon-squid PFP stacked from painterly trait layers. Minted on Ink.,294.gif,Storm Grey,No bloom,Inked,Dew,Brush Streak,Wash Hood
295,Inkling #295,A looping cartoon-squid PFP stacked from painterly trait layers. Minted on Ink.,295.gif,Indigo Night,Gold Wash,Bobtail,Bright,Ink Splash,Kelp Flow
296,Inkling #296,A looping cartoon-squid PFP stacked from painterly trait layers. Minted on Ink.,296.gif,Indigo Night,Teal Mist,Bobtail,Sleepy,Clean mantle,Bare mantle
297,Inkling #297,A looping cartoon-squid PFP stacked from painterly trait layers. Minted on Ink.,297.gif,Indigo Night,No bloom,Reef,Lidded,Clean mantle,Wash Hood
298,Inkling #298,A looping cartoon-squid PFP stacked from painterly trait layers. Minted on Ink.,298.gif,Charcoal Wash,No bloom,Giant,Wink,Red Seal,Wash Hood
299,Inkling #299,A looping cartoon-squid PFP stacked from painterly trait layers. Minted on Ink.,299.gif,Charcoal Wash,Teal Mist,Cuttle,Sleepy,Clean mantle,Kelp Flow
300,Inkling #300,A looping cartoon-squid PFP stacked from painterly trait layers. Minted on Ink.,300.gif,Indigo Night,No bloom,Firefly,Lidded,Brush Streak,Bare mantle
301,Inkling #301,A looping cartoon-squid PFP stacked from painterly trait layers. Minted on Ink.,301.gif,Peach Dusk,Violet Haze,Bobtail,Bright,Slow Drip,Kelp Flow
302,Inkling #302,A looping cartoon-squid PFP stacked from painterly trait layers. Minted on Ink.,302.gif,Celadon Garden,Coral Glow,Cuttle,Dew,Clean mantle,Bare mantle
303,Inkling #303,A looping cartoon-squid PFP stacked from painterly trait layers. Minted on Ink.,303.gif,Storm Grey,Coral Glow,Dumbo,Lidded,Red Seal,Bare mantle
304,Inkling #304,A looping cartoon-squid PFP stacked from painterly trait layers. Minted on Ink.,304.gif,Storm Grey,Silver Veil,Dumbo,Wink,Slow Drip,Bare mantle
305,Inkling #305,A looping cartoon-squid PFP stacked from painterly trait layers. Minted on Ink.,305.gif,Storm Grey,Teal Mist,Bobtail,Lidded,Ink Splash,Pearl Cluster
306,Inkling #306,A looping cartoon-squid PFP stacked from painterly trait layers. Minted on Ink.,306.gif,Peach Dusk,Gold Wash,Glass,Dew,Clean mantle,Soft Crown
307,Inkling #307,A looping cartoon-squid PFP stacked from painterly trait layers. Minted on Ink.,307.gif,Peach Dusk,Coral Glow,Cuttle,Lidded,Slow Drip,Wash Hood
308,Inkling #308,A looping cartoon-squid PFP stacked from painterly trait layers. Minted on Ink.,308.gif,Charcoal Wash,Coral Glow,Firefly,Dew,Clean mantle,Bare mantle
309,Inkling #309,A looping cartoon-squid PFP stacked from painterly trait layers. Minted on Ink.,309.gif,Wine Paper,No bloom,Glass,Ember,Slow Drip,Kelp Flow
310,Inkling #310,A looping cartoon-squid PFP stacked from painterly trait layers. Minted on Ink.,310.gif,Peach Dusk,Teal Mist,Inked,Ember,Red Seal,Pearl Cluster
311,Inkling #311,A looping cartoon-squid PFP stacked from painterly trait layers. Minted on Ink.,311.gif,Rose Gold,Violet Haze,Inked,Sleepy,Clean mantle,Wash Hood
312,Inkling #312,A looping cartoon-squid PFP stacked from painterly trait layers. Minted on Ink.,312.gif,Peach Dusk,Silver Veil,Firefly,Dew,Clean mantle,Pearl Cluster
313,Inkling #313,A looping cartoon-squid PFP stacked from painterly trait layers. Minted on Ink.,313.gif,Celadon Garden,Silver Veil,Glass,Dew,Clean mantle,Bare mantle
314,Inkling #314,A looping cartoon-squid PFP stacked from painterly trait layers. Minted on Ink.,314.gif,Cream Rice,Silver Veil,Reef,Bright,Clean mantle,Bare mantle
315,Inkling #315,A looping cartoon-squid PFP stacked from painterly trait layers. Minted on Ink.,315.gif,Celadon Garden,Coral Glow,Giant,Lidded,Clean mantle,Bare mantle
316,Inkling #316,A looping cartoon-squid PFP stacked from painterly trait layers. Minted on Ink.,316.gif,Peach Dusk,Teal Mist,Firefly,Wink,Clean mantle,Ink Ribbon
317,Inkling #317,A looping cartoon-squid PFP stacked from painterly trait layers. Minted on Ink.,317.gif,Indigo Night,No bloom,Cuttle,Bright,Ink Splash,Pearl Cluster
318,Inkling #318,A looping cartoon-squid PFP stacked from painterly trait layers. Minted on Ink.,318.gif,Rose Gold,Coral Glow,Glass,Sleepy,Ink Splash,Soft Crown
319,Inkling #319,A looping cartoon-squid PFP stacked from painterly trait layers. Minted on Ink.,319.gif,Wine Paper,Silver Veil,Reef,Lidded,Ink Splash,Kelp Flow
320,Inkling #320,A looping cartoon-squid PFP stacked from painterly trait layers. Minted on Ink.,320.gif,Charcoal Wash,Gold Wash,Bobtail,Dew,Brush Streak,Bare mantle
321,Inkling #321,A looping cartoon-squid PFP stacked from painterly trait layers. Minted on Ink.,321.gif,Indigo Night,Gold Wash,Giant,Lidded,Red Seal,Ink Ribbon
322,Inkling #322,A looping cartoon-squid PFP stacked from painterly trait layers. Minted on Ink.,322.gif,Indigo Night,Coral Glow,Dumbo,Bright,Clean mantle,Bare mantle
323,Inkling #323,A looping cartoon-squid PFP stacked from painterly trait layers. Minted on Ink.,323.gif,Peach Dusk,Coral Glow,Bobtail,Bright,Clean mantle,Soft Crown
324,Inkling #324,A looping cartoon-squid PFP stacked from painterly trait layers. Minted on Ink.,324.gif,Celadon Garden,Coral Glow,Cuttle,Sleepy,Ink Splash,Pearl Cluster
325,Inkling #325,A looping cartoon-squid PFP stacked from painterly trait layers. Minted on Ink.,325.gif,Indigo Night,No bloom,Firefly,Bright,Ink Splash,Soft Crown
326,Inkling #326,A looping cartoon-squid PFP stacked from painterly trait layers. Minted on Ink.,326.gif,Peach Dusk,Silver Veil,Cuttle,Bright,Clean mantle,Soft Crown
327,Inkling #327,A looping cartoon-squid PFP stacked from painterly trait layers. Minted on Ink.,327.gif,Storm Grey,Coral Glow,Reef,Wink,Ink Splash,Soft Crown
328,Inkling #328,A looping cartoon-squid PFP stacked from painterly trait layers. Minted on Ink.,328.gif,Rose Gold,Gold Wash,Reef,Ember,Ink Splash,Pearl Cluster
329,Inkling #329,A looping cartoon-squid PFP stacked from painterly trait layers. Minted on Ink.,329.gif,Peach Dusk,Silver Veil,Glass,Bright,Ink Splash,Kelp Flow
330,Inkling #330,A looping cartoon-squid PFP stacked from painterly trait layers. Minted on Ink.,330.gif,Celadon Garden,Silver Veil,Giant,Ember,Clean mantle,Wash Hood
331,Inkling #331,A looping cartoon-squid PFP stacked from painterly trait layers. Minted on Ink.,331.gif,Storm Grey,Coral Glow,Inked,Lidded,Brush Streak,Bare mantle
332,Inkling #332,A looping cartoon-squid PFP stacked from painterly trait layers. Minted on Ink.,332.gif,Indigo Night,Coral Glow,Giant,Sleepy,Clean mantle,Kelp Flow
333,Inkling #333,A looping cartoon-squid PFP stacked from painterly trait layers. Minted on Ink.,333.gif,Peach Dusk,No bloom,Inked,Lidded,Ink Splash,Bare mantle
334,Inkling #334,A looping cartoon-squid PFP stacked from painterly trait layers. Minted on Ink.,334.gif,Storm Grey,No bloom,Dumbo,Lidded,Brush Streak,Wash Hood
335,Inkling #335,A looping cartoon-squid PFP stacked from painterly trait layers. Minted on Ink.,335.gif,Indigo Night,Violet Haze,Bobtail,Lidded,Ink Splash,Bare mantle
336,Inkling #336,A looping cartoon-squid PFP stacked from painterly trait layers. Minted on Ink.,336.gif,Cream Rice,Violet Haze,Reef,Bright,Red Seal,Bare mantle
337,Inkling #337,A looping cartoon-squid PFP stacked from painterly trait layers. Minted on Ink.,337.gif,Peach Dusk,No bloom,Dumbo,Wink,Ink Splash,Ink Ribbon
338,Inkling #338,A looping cartoon-squid PFP stacked from painterly trait layers. Minted on Ink.,338.gif,Charcoal Wash,No bloom,Reef,Ember,Clean mantle,Bare mantle
339,Inkling #339,A looping cartoon-squid PFP stacked from painterly trait layers. Minted on Ink.,339.gif,Indigo Night,Violet Haze,Reef,Ember,Clean mantle,Ink Ribbon
340,Inkling #340,A looping cartoon-squid PFP stacked from painterly trait layers. Minted on Ink.,340.gif,Rose Gold,Violet Haze,Glass,Bright,Clean mantle,Kelp Flow
341,Inkling #341,A looping cartoon-squid PFP stacked from painterly trait layers. Minted on Ink.,341.gif,Indigo Night,Coral Glow,Giant,Lidded,Clean mantle,Soft Crown
342,Inkling #342,A looping cartoon-squid PFP stacked from painterly trait layers. Minted on Ink.,342.gif,Rose Gold,Violet Haze,Glass,Ember,Ink Splash,Bare mantle
343,Inkling #343,A looping cartoon-squid PFP stacked from painterly trait layers. Minted on Ink.,343.gif,Wine Paper,Violet Haze,Dumbo,Sleepy,Clean mantle,Bare mantle
344,Inkling #344,A looping cartoon-squid PFP stacked from painterly trait layers. Minted on Ink.,344.gif,Rose Gold,Teal Mist,Giant,Wink,Clean mantle,Soft Crown
345,Inkling #345,A looping cartoon-squid PFP stacked from painterly trait layers. Minted on Ink.,345.gif,Charcoal Wash,Violet Haze,Reef,Bright,Clean mantle,Wash Hood
346,Inkling #346,A looping cartoon-squid PFP stacked from painterly trait layers. Minted on Ink.,346.gif,Cream Rice,Violet Haze,Dumbo,Lidded,Brush Streak,Wash Hood
347,Inkling #347,A looping cartoon-squid PFP stacked from painterly trait layers. Minted on Ink.,347.gif,Celadon Garden,Violet Haze,Giant,Lidded,Slow Drip,Wash Hood
348,Inkling #348,A looping cartoon-squid PFP stacked from painterly trait layers. Minted on Ink.,348.gif,Indigo Night,Gold Wash,Firefly,Dew,Clean mantle,Kelp Flow
349,Inkling #349,A looping cartoon-squid PFP stacked from painterly trait layers. Minted on Ink.,349.gif,Rose Gold,Violet Haze,Dumbo,Wink,Clean mantle,Pearl Cluster
350,Inkling #350,A looping cartoon-squid PFP stacked from painterly trait layers. Minted on Ink.,350.gif,Rose Gold,Teal Mist,Reef,Bright,Red Seal,Kelp Flow
351,Inkling #351,A looping cartoon-squid PFP stacked from painterly trait layers. Minted on Ink.,351.gif,Charcoal Wash,Silver Veil,Dumbo,Lidded,Slow Drip,Ink Ribbon
352,Inkling #352,A looping cartoon-squid PFP stacked from painterly trait layers. Minted on Ink.,352.gif,Indigo Night,Gold Wash,Cuttle,Lidded,Clean mantle,Wash Hood
353,Inkling #353,A looping cartoon-squid PFP stacked from painterly trait layers. Minted on Ink.,353.gif,Indigo Night,Teal Mist,Glass,Dew,Red Seal,Pearl Cluster
354,Inkling #354,A looping cartoon-squid PFP stacked from painterly trait layers. Minted on Ink.,354.gif,Celadon Garden,No bloom,Firefly,Bright,Ink Splash,Ink Ribbon
355,Inkling #355,A looping cartoon-squid PFP stacked from painterly trait layers. Minted on Ink.,355.gif,Peach Dusk,Violet Haze,Dumbo,Bright,Clean mantle,Pearl Cluster
356,Inkling #356,A looping cartoon-squid PFP stacked from painterly trait layers. Minted on Ink.,356.gif,Storm Grey,No bloom,Firefly,Lidded,Ink Splash,Bare mantle
357,Inkling #357,A looping cartoon-squid PFP stacked from painterly trait layers. Minted on Ink.,357.gif,Charcoal Wash,Teal Mist,Cuttle,Wink,Slow Drip,Kelp Flow
358,Inkling #358,A looping cartoon-squid PFP stacked from painterly trait layers. Minted on Ink.,358.gif,Wine Paper,Gold Wash,Dumbo,Ember,Ink Splash,Pearl Cluster
359,Inkling #359,A looping cartoon-squid PFP stacked from painterly trait layers. Minted on Ink.,359.gif,Charcoal Wash,Gold Wash,Inked,Bright,Slow Drip,Kelp Flow
360,Inkling #360,A looping cartoon-squid PFP stacked from painterly trait layers. Minted on Ink.,360.gif,Charcoal Wash,Gold Wash,Bobtail,Dew,Clean mantle,Ink Ribbon
361,Inkling #361,A looping cartoon-squid PFP stacked from painterly trait layers. Minted on Ink.,361.gif,Rose Gold,Silver Veil,Cuttle,Bright,Red Seal,Kelp Flow
362,Inkling #362,A looping cartoon-squid PFP stacked from painterly trait layers. Minted on Ink.,362.gif,Indigo Night,No bloom,Dumbo,Sleepy,Ink Splash,Pearl Cluster
363,Inkling #363,A looping cartoon-squid PFP stacked from painterly trait layers. Minted on Ink.,363.gif,Storm Grey,Silver Veil,Reef,Lidded,Slow Drip,Kelp Flow
364,Inkling #364,A looping cartoon-squid PFP stacked from painterly trait layers. Minted on Ink.,364.gif,Cream Rice,Violet Haze,Reef,Sleepy,Red Seal,Bare mantle
365,Inkling #365,A looping cartoon-squid PFP stacked from painterly trait layers. Minted on Ink.,365.gif,Charcoal Wash,Violet Haze,Firefly,Lidded,Brush Streak,Wash Hood
366,Inkling #366,A looping cartoon-squid PFP stacked from painterly trait layers. Minted on Ink.,366.gif,Celadon Garden,Violet Haze,Inked,Ember,Red Seal,Bare mantle
367,Inkling #367,A looping cartoon-squid PFP stacked from painterly trait layers. Minted on Ink.,367.gif,Rose Gold,Coral Glow,Glass,Wink,Slow Drip,Ink Ribbon
368,Inkling #368,A looping cartoon-squid PFP stacked from painterly trait layers. Minted on Ink.,368.gif,Rose Gold,Teal Mist,Reef,Wink,Ink Splash,Soft Crown
369,Inkling #369,A looping cartoon-squid PFP stacked from painterly trait layers. Minted on Ink.,369.gif,Rose Gold,Coral Glow,Dumbo,Bright,Clean mantle,Pearl Cluster
370,Inkling #370,A looping cartoon-squid PFP stacked from painterly trait layers. Minted on Ink.,370.gif,Celadon Garden,No bloom,Reef,Ember,Slow Drip,Kelp Flow
371,Inkling #371,A looping cartoon-squid PFP stacked from painterly trait layers. Minted on Ink.,371.gif,Peach Dusk,Gold Wash,Cuttle,Wink,Clean mantle,Wash Hood
372,Inkling #372,A looping cartoon-squid PFP stacked from painterly trait layers. Minted on Ink.,372.gif,Peach Dusk,Silver Veil,Giant,Lidded,Clean mantle,Soft Crown
373,Inkling #373,A looping cartoon-squid PFP stacked from painterly trait layers. Minted on Ink.,373.gif,Peach Dusk,Violet Haze,Cuttle,Ember,Clean mantle,Ink Ribbon
374,Inkling #374,A looping cartoon-squid PFP stacked from painterly trait layers. Minted on Ink.,374.gif,Indigo Night,Violet Haze,Bobtail,Wink,Brush Streak,Bare mantle
375,Inkling #375,A looping cartoon-squid PFP stacked from painterly trait layers. Minted on Ink.,375.gif,Storm Grey,Coral Glow,Cuttle,Bright,Ink Splash,Ink Ribbon
376,Inkling #376,A looping cartoon-squid PFP stacked from painterly trait layers. Minted on Ink.,376.gif,Indigo Night,Gold Wash,Firefly,Dew,Clean mantle,Bare mantle
377,Inkling #377,A looping cartoon-squid PFP stacked from painterly trait layers. Minted on Ink.,377.gif,Charcoal Wash,Silver Veil,Giant,Wink,Ink Splash,Bare mantle
378,Inkling #378,A looping cartoon-squid PFP stacked from painterly trait layers. Minted on Ink.,378.gif,Cream Rice,Silver Veil,Firefly,Sleepy,Clean mantle,Bare mantle
379,Inkling #379,A looping cartoon-squid PFP stacked from painterly trait layers. Minted on Ink.,379.gif,Celadon Garden,Gold Wash,Giant,Bright,Slow Drip,Wash Hood
380,Inkling #380,A looping cartoon-squid PFP stacked from painterly trait layers. Minted on Ink.,380.gif,Storm Grey,Violet Haze,Dumbo,Ember,Ink Splash,Pearl Cluster
381,Inkling #381,A looping cartoon-squid PFP stacked from painterly trait layers. Minted on Ink.,381.gif,Rose Gold,Gold Wash,Reef,Dew,Brush Streak,Bare mantle
382,Inkling #382,A looping cartoon-squid PFP stacked from painterly trait layers. Minted on Ink.,382.gif,Storm Grey,No bloom,Cuttle,Dew,Clean mantle,Kelp Flow
383,Inkling #383,A looping cartoon-squid PFP stacked from painterly trait layers. Minted on Ink.,383.gif,Charcoal Wash,No bloom,Bobtail,Sleepy,Slow Drip,Kelp Flow
384,Inkling #384,A looping cartoon-squid PFP stacked from painterly trait layers. Minted on Ink.,384.gif,Peach Dusk,Gold Wash,Giant,Wink,Clean mantle,Bare mantle
385,Inkling #385,A looping cartoon-squid PFP stacked from painterly trait layers. Minted on Ink.,385.gif,Celadon Garden,No bloom,Bobtail,Lidded,Brush Streak,Kelp Flow
386,Inkling #386,A looping cartoon-squid PFP stacked from painterly trait layers. Minted on Ink.,386.gif,Storm Grey,No bloom,Reef,Sleepy,Red Seal,Pearl Cluster
387,Inkling #387,A looping cartoon-squid PFP stacked from painterly trait layers. Minted on Ink.,387.gif,Celadon Garden,Teal Mist,Cuttle,Bright,Clean mantle,Wash Hood
388,Inkling #388,A looping cartoon-squid PFP stacked from painterly trait layers. Minted on Ink.,388.gif,Wine Paper,No bloom,Glass,Dew,Slow Drip,Ink Ribbon
389,Inkling #389,A looping cartoon-squid PFP stacked from painterly trait layers. Minted on Ink.,389.gif,Rose Gold,Silver Veil,Firefly,Bright,Clean mantle,Ink Ribbon
390,Inkling #390,A looping cartoon-squid PFP stacked from painterly trait layers. Minted on Ink.,390.gif,Peach Dusk,Coral Glow,Glass,Bright,Brush Streak,Kelp Flow
391,Inkling #391,A looping cartoon-squid PFP stacked from painterly trait layers. Minted on Ink.,391.gif,Rose Gold,Coral Glow,Dumbo,Sleepy,Ink Splash,Soft Crown
392,Inkling #392,A looping cartoon-squid PFP stacked from painterly trait layers. Minted on Ink.,392.gif,Indigo Night,No bloom,Bobtail,Dew,Red Seal,Pearl Cluster
393,Inkling #393,A looping cartoon-squid PFP stacked from painterly trait layers. Minted on Ink.,393.gif,Storm Grey,Teal Mist,Reef,Wink,Clean mantle,Pearl Cluster
394,Inkling #394,A looping cartoon-squid PFP stacked from painterly trait layers. Minted on Ink.,394.gif,Wine Paper,Violet Haze,Reef,Wink,Clean mantle,Wash Hood
395,Inkling #395,A looping cartoon-squid PFP stacked from painterly trait layers. Minted on Ink.,395.gif,Peach Dusk,Teal Mist,Inked,Sleepy,Clean mantle,Wash Hood
396,Inkling #396,A looping cartoon-squid PFP stacked from painterly trait layers. Minted on Ink.,396.gif,Peach Dusk,Coral Glow,Bobtail,Dew,Ink Splash,Bare mantle
397,Inkling #397,A looping cartoon-squid PFP stacked from painterly trait layers. Minted on Ink.,397.gif,Charcoal Wash,Teal Mist,Bobtail,Lidded,Clean mantle,Kelp Flow
398,Inkling #398,A looping cartoon-squid PFP stacked from painterly trait layers. Minted on Ink.,398.gif,Rose Gold,Silver Veil,Cuttle,Ember,Clean mantle,Ink Ribbon
399,Inkling #399,A looping cartoon-squid PFP stacked from painterly trait layers. Minted on Ink.,399.gif,Peach Dusk,Gold Wash,Glass,Ember,Brush Streak,Soft Crown
400,Inkling #400,A looping cartoon-squid PFP stacked from painterly trait layers. Minted on Ink.,400.gif,Wine Paper,No bloom,Cuttle,Dew,Ink Splash,Bare mantle
401,Inkling #401,A looping cartoon-squid PFP stacked from painterly trait layers. Minted on Ink.,401.gif,Wine Paper,Silver Veil,Reef,Dew,Clean mantle,Pearl Cluster
402,Inkling #402,A looping cartoon-squid PFP stacked from painterly trait layers. Minted on Ink.,402.gif,Wine Paper,Coral Glow,Dumbo,Wink,Clean mantle,Pearl Cluster
403,Inkling #403,A looping cartoon-squid PFP stacked from painterly trait layers. Minted on Ink.,403.gif,Indigo Night,Coral Glow,Giant,Bright,Slow Drip,Bare mantle
404,Inkling #404,A looping cartoon-squid PFP stacked from painterly trait layers. Minted on Ink.,404.gif,Wine Paper,Silver Veil,Cuttle,Bright,Slow Drip,Bare mantle
405,Inkling #405,A looping cartoon-squid PFP stacked from painterly trait layers. Minted on Ink.,405.gif,Celadon Garden,Silver Veil,Cuttle,Wink,Clean mantle,Soft Crown
406,Inkling #406,A looping cartoon-squid PFP stacked from painterly trait layers. Minted on Ink.,406.gif,Storm Grey,Gold Wash,Inked,Bright,Clean mantle,Pearl Cluster
407,Inkling #407,A looping cartoon-squid PFP stacked from painterly trait layers. Minted on Ink.,407.gif,Celadon Garden,Teal Mist,Dumbo,Sleepy,Brush Streak,Ink Ribbon
408,Inkling #408,A looping cartoon-squid PFP stacked from painterly trait layers. Minted on Ink.,408.gif,Celadon Garden,No bloom,Cuttle,Wink,Clean mantle,Kelp Flow
409,Inkling #409,A looping cartoon-squid PFP stacked from painterly trait layers. Minted on Ink.,409.gif,Peach Dusk,No bloom,Dumbo,Bright,Clean mantle,Soft Crown
410,Inkling #410,A looping cartoon-squid PFP stacked from painterly trait layers. Minted on Ink.,410.gif,Indigo Night,No bloom,Firefly,Sleepy,Clean mantle,Kelp Flow
411,Inkling #411,A looping cartoon-squid PFP stacked from painterly trait layers. Minted on Ink.,411.gif,Storm Grey,No bloom,Bobtail,Bright,Clean mantle,Pearl Cluster
412,Inkling #412,A looping cartoon-squid PFP stacked from painterly trait layers. Minted on Ink.,412.gif,Cream Rice,Teal Mist,Cuttle,Ember,Ink Splash,Bare mantle
413,Inkling #413,A looping cartoon-squid PFP stacked from painterly trait layers. Minted on Ink.,413.gif,Charcoal Wash,Gold Wash,Giant,Ember,Slow Drip,Kelp Flow
414,Inkling #414,A looping cartoon-squid PFP stacked from painterly trait layers. Minted on Ink.,414.gif,Cream Rice,No bloom,Dumbo,Lidded,Clean mantle,Bare mantle
415,Inkling #415,A looping cartoon-squid PFP stacked from painterly trait layers. Minted on Ink.,415.gif,Celadon Garden,Silver Veil,Glass,Dew,Slow Drip,Bare mantle
416,Inkling #416,A looping cartoon-squid PFP stacked from painterly trait layers. Minted on Ink.,416.gif,Peach Dusk,No bloom,Cuttle,Dew,Clean mantle,Kelp Flow
417,Inkling #417,A looping cartoon-squid PFP stacked from painterly trait layers. Minted on Ink.,417.gif,Peach Dusk,Violet Haze,Giant,Bright,Clean mantle,Bare mantle
418,Inkling #418,A looping cartoon-squid PFP stacked from painterly trait layers. Minted on Ink.,418.gif,Storm Grey,No bloom,Giant,Dew,Clean mantle,Ink Ribbon
419,Inkling #419,A looping cartoon-squid PFP stacked from painterly trait layers. Minted on Ink.,419.gif,Celadon Garden,No bloom,Giant,Sleepy,Slow Drip,Wash Hood
420,Inkling #420,A looping cartoon-squid PFP stacked from painterly trait layers. Minted on Ink.,420.gif,Storm Grey,Violet Haze,Inked,Ember,Brush Streak,Kelp Flow
421,Inkling #421,A looping cartoon-squid PFP stacked from painterly trait layers. Minted on Ink.,421.gif,Charcoal Wash,No bloom,Reef,Lidded,Red Seal,Ink Ribbon
422,Inkling #422,A looping cartoon-squid PFP stacked from painterly trait layers. Minted on Ink.,422.gif,Peach Dusk,No bloom,Cuttle,Dew,Red Seal,Ink Ribbon
423,Inkling #423,A looping cartoon-squid PFP stacked from painterly trait layers. Minted on Ink.,423.gif,Rose Gold,Gold Wash,Glass,Dew,Slow Drip,Soft Crown
424,Inkling #424,A looping cartoon-squid PFP stacked from painterly trait layers. Minted on Ink.,424.gif,Storm Grey,No bloom,Inked,Wink,Clean mantle,Bare mantle
425,Inkling #425,A looping cartoon-squid PFP stacked from painterly trait layers. Minted on Ink.,425.gif,Peach Dusk,Coral Glow,Reef,Dew,Clean mantle,Soft Crown
426,Inkling #426,A looping cartoon-squid PFP stacked from painterly trait layers. Minted on Ink.,426.gif,Peach Dusk,Teal Mist,Cuttle,Bright,Clean mantle,Pearl Cluster
427,Inkling #427,A looping cartoon-squid PFP stacked from painterly trait layers. Minted on Ink.,427.gif,Rose Gold,Violet Haze,Glass,Bright,Red Seal,Soft Crown
428,Inkling #428,A looping cartoon-squid PFP stacked from painterly trait layers. Minted on Ink.,428.gif,Charcoal Wash,Teal Mist,Giant,Wink,Slow Drip,Bare mantle
429,Inkling #429,A looping cartoon-squid PFP stacked from painterly trait layers. Minted on Ink.,429.gif,Celadon Garden,Gold Wash,Glass,Bright,Slow Drip,Ink Ribbon
430,Inkling #430,A looping cartoon-squid PFP stacked from painterly trait layers. Minted on Ink.,430.gif,Rose Gold,Gold Wash,Dumbo,Lidded,Slow Drip,Ink Ribbon
431,Inkling #431,A looping cartoon-squid PFP stacked from painterly trait layers. Minted on Ink.,431.gif,Storm Grey,No bloom,Cuttle,Bright,Clean mantle,Kelp Flow
432,Inkling #432,A looping cartoon-squid PFP stacked from painterly trait layers. Minted on Ink.,432.gif,Peach Dusk,Teal Mist,Dumbo,Sleepy,Clean mantle,Wash Hood
433,Inkling #433,A looping cartoon-squid PFP stacked from painterly trait layers. Minted on Ink.,433.gif,Rose Gold,Coral Glow,Dumbo,Sleepy,Red Seal,Wash Hood
434,Inkling #434,A looping cartoon-squid PFP stacked from painterly trait layers. Minted on Ink.,434.gif,Charcoal Wash,Violet Haze,Bobtail,Bright,Slow Drip,Bare mantle
435,Inkling #435,A looping cartoon-squid PFP stacked from painterly trait layers. Minted on Ink.,435.gif,Storm Grey,Gold Wash,Firefly,Bright,Clean mantle,Kelp Flow
436,Inkling #436,A looping cartoon-squid PFP stacked from painterly trait layers. Minted on Ink.,436.gif,Rose Gold,Coral Glow,Firefly,Sleepy,Clean mantle,Ink Ribbon
437,Inkling #437,A looping cartoon-squid PFP stacked from painterly trait layers. Minted on Ink.,437.gif,Wine Paper,No bloom,Firefly,Dew,Clean mantle,Pearl Cluster
438,Inkling #438,A looping cartoon-squid PFP stacked from painterly trait layers. Minted on Ink.,438.gif,Peach Dusk,No bloom,Bobtail,Ember,Clean mantle,Pearl Cluster
439,Inkling #439,A looping cartoon-squid PFP stacked from painterly trait layers. Minted on Ink.,439.gif,Charcoal Wash,Coral Glow,Cuttle,Ember,Clean mantle,Bare mantle
440,Inkling #440,A looping cartoon-squid PFP stacked from painterly trait layers. Minted on Ink.,440.gif,Celadon Garden,No bloom,Giant,Sleepy,Clean mantle,Kelp Flow
441,Inkling #441,A looping cartoon-squid PFP stacked from painterly trait layers. Minted on Ink.,441.gif,Wine Paper,Violet Haze,Reef,Lidded,Brush Streak,Pearl Cluster
442,Inkling #442,A looping cartoon-squid PFP stacked from painterly trait layers. Minted on Ink.,442.gif,Cream Rice,Silver Veil,Dumbo,Lidded,Clean mantle,Bare mantle
443,Inkling #443,A looping cartoon-squid PFP stacked from painterly trait layers. Minted on Ink.,443.gif,Charcoal Wash,Violet Haze,Bobtail,Lidded,Slow Drip,Bare mantle
444,Inkling #444,A looping cartoon-squid PFP stacked from painterly trait layers. Minted on Ink.,444.gif,Storm Grey,Gold Wash,Giant,Sleepy,Clean mantle,Bare mantle
445,Inkling #445,A looping cartoon-squid PFP stacked from painterly trait layers. Minted on Ink.,445.gif,Peach Dusk,Violet Haze,Firefly,Wink,Brush Streak,Wash Hood
446,Inkling #446,A looping cartoon-squid PFP stacked from painterly trait layers. Minted on Ink.,446.gif,Rose Gold,No bloom,Reef,Ember,Slow Drip,Bare mantle
447,Inkling #447,A looping cartoon-squid PFP stacked from painterly trait layers. Minted on Ink.,447.gif,Cream Rice,Gold Wash,Inked,Dew,Clean mantle,Soft Crown
448,Inkling #448,A looping cartoon-squid PFP stacked from painterly trait layers. Minted on Ink.,448.gif,Indigo Night,Teal Mist,Dumbo,Bright,Ink Splash,Pearl Cluster
449,Inkling #449,A looping cartoon-squid PFP stacked from painterly trait layers. Minted on Ink.,449.gif,Indigo Night,Silver Veil,Firefly,Ember,Ink Splash,Soft Crown
450,Inkling #450,A looping cartoon-squid PFP stacked from painterly trait layers. Minted on Ink.,450.gif,Peach Dusk,Teal Mist,Reef,Bright,Clean mantle,Pearl Cluster
451,Inkling #451,A looping cartoon-squid PFP stacked from painterly trait layers. Minted on Ink.,451.gif,Indigo Night,Teal Mist,Firefly,Wink,Clean mantle,Wash Hood
452,Inkling #452,A looping cartoon-squid PFP stacked from painterly trait layers. Minted on Ink.,452.gif,Cream Rice,No bloom,Reef,Ember,Red Seal,Pearl Cluster
453,Inkling #453,A looping cartoon-squid PFP stacked from painterly trait layers. Minted on Ink.,453.gif,Storm Grey,Teal Mist,Cuttle,Sleepy,Clean mantle,Soft Crown
454,Inkling #454,A looping cartoon-squid PFP stacked from painterly trait layers. Minted on Ink.,454.gif,Storm Grey,No bloom,Reef,Bright,Slow Drip,Ink Ribbon
455,Inkling #455,A looping cartoon-squid PFP stacked from painterly trait layers. Minted on Ink.,455.gif,Peach Dusk,Teal Mist,Firefly,Wink,Clean mantle,Soft Crown
456,Inkling #456,A looping cartoon-squid PFP stacked from painterly trait layers. Minted on Ink.,456.gif,Rose Gold,Gold Wash,Reef,Lidded,Red Seal,Bare mantle
457,Inkling #457,A looping cartoon-squid PFP stacked from painterly trait layers. Minted on Ink.,457.gif,Indigo Night,Coral Glow,Giant,Lidded,Red Seal,Wash Hood
458,Inkling #458,A looping cartoon-squid PFP stacked from painterly trait layers. Minted on Ink.,458.gif,Peach Dusk,Silver Veil,Bobtail,Bright,Slow Drip,Bare mantle
459,Inkling #459,A looping cartoon-squid PFP stacked from painterly trait layers. Minted on Ink.,459.gif,Cream Rice,No bloom,Bobtail,Sleepy,Clean mantle,Pearl Cluster
460,Inkling #460,A looping cartoon-squid PFP stacked from painterly trait layers. Minted on Ink.,460.gif,Celadon Garden,Violet Haze,Bobtail,Bright,Ink Splash,Ink Ribbon
461,Inkling #461,A looping cartoon-squid PFP stacked from painterly trait layers. Minted on Ink.,461.gif,Wine Paper,Gold Wash,Cuttle,Dew,Red Seal,Kelp Flow
462,Inkling #462,A looping cartoon-squid PFP stacked from painterly trait layers. Minted on Ink.,462.gif,Peach Dusk,Gold Wash,Giant,Lidded,Clean mantle,Bare mantle
463,Inkling #463,A looping cartoon-squid PFP stacked from painterly trait layers. Minted on Ink.,463.gif,Storm Grey,No bloom,Bobtail,Bright,Red Seal,Ink Ribbon
464,Inkling #464,A looping cartoon-squid PFP stacked from painterly trait layers. Minted on Ink.,464.gif,Wine Paper,No bloom,Dumbo,Bright,Brush Streak,Kelp Flow
465,Inkling #465,A looping cartoon-squid PFP stacked from painterly trait layers. Minted on Ink.,465.gif,Rose Gold,Violet Haze,Glass,Bright,Slow Drip,Kelp Flow
466,Inkling #466,A looping cartoon-squid PFP stacked from painterly trait layers. Minted on Ink.,466.gif,Celadon Garden,Violet Haze,Glass,Ember,Ink Splash,Pearl Cluster
467,Inkling #467,A looping cartoon-squid PFP stacked from painterly trait layers. Minted on Ink.,467.gif,Wine Paper,Silver Veil,Giant,Dew,Ink Splash,Kelp Flow
468,Inkling #468,A looping cartoon-squid PFP stacked from painterly trait layers. Minted on Ink.,468.gif,Cream Rice,Gold Wash,Firefly,Wink,Ink Splash,Soft Crown
469,Inkling #469,A looping cartoon-squid PFP stacked from painterly trait layers. Minted on Ink.,469.gif,Cream Rice,Gold Wash,Cuttle,Dew,Ink Splash,Bare mantle
470,Inkling #470,A looping cartoon-squid PFP stacked from painterly trait layers. Minted on Ink.,470.gif,Rose Gold,Violet Haze,Dumbo,Wink,Red Seal,Pearl Cluster
471,Inkling #471,A looping cartoon-squid PFP stacked from painterly trait layers. Minted on Ink.,471.gif,Charcoal Wash,Coral Glow,Glass,Bright,Ink Splash,Ink Ribbon
472,Inkling #472,A looping cartoon-squid PFP stacked from painterly trait layers. Minted on Ink.,472.gif,Indigo Night,Silver Veil,Bobtail,Wink,Ink Splash,Soft Crown
473,Inkling #473,A looping cartoon-squid PFP stacked from painterly trait layers. Minted on Ink.,473.gif,Storm Grey,Violet Haze,Inked,Ember,Slow Drip,Ink Ribbon
474,Inkling #474,A looping cartoon-squid PFP stacked from painterly trait layers. Minted on Ink.,474.gif,Peach Dusk,Coral Glow,Dumbo,Wink,Brush Streak,Ink Ribbon
475,Inkling #475,A looping cartoon-squid PFP stacked from painterly trait layers. Minted on Ink.,475.gif,Storm Grey,Gold Wash,Inked,Ember,Ink Splash,Bare mantle
476,Inkling #476,A looping cartoon-squid PFP stacked from painterly trait layers. Minted on Ink.,476.gif,Charcoal Wash,Coral Glow,Glass,Wink,Ink Splash,Soft Crown
477,Inkling #477,A looping cartoon-squid PFP stacked from painterly trait layers. Minted on Ink.,477.gif,Indigo Night,Silver Veil,Reef,Wink,Clean mantle,Bare mantle
478,Inkling #478,A looping cartoon-squid PFP stacked from painterly trait layers. Minted on Ink.,478.gif,Storm Grey,Gold Wash,Reef,Wink,Red Seal,Kelp Flow
479,Inkling #479,A looping cartoon-squid PFP stacked from painterly trait layers. Minted on Ink.,479.gif,Rose Gold,No bloom,Reef,Lidded,Red Seal,Wash Hood
480,Inkling #480,A looping cartoon-squid PFP stacked from painterly trait layers. Minted on Ink.,480.gif,Indigo Night,Violet Haze,Reef,Dew,Red Seal,Kelp Flow
481,Inkling #481,A looping cartoon-squid PFP stacked from painterly trait layers. Minted on Ink.,481.gif,Charcoal Wash,Coral Glow,Dumbo,Ember,Clean mantle,Kelp Flow
482,Inkling #482,A looping cartoon-squid PFP stacked from painterly trait layers. Minted on Ink.,482.gif,Charcoal Wash,Coral Glow,Inked,Wink,Slow Drip,Bare mantle
483,Inkling #483,A looping cartoon-squid PFP stacked from painterly trait layers. Minted on Ink.,483.gif,Peach Dusk,No bloom,Cuttle,Bright,Clean mantle,Bare mantle
484,Inkling #484,A looping cartoon-squid PFP stacked from painterly trait layers. Minted on Ink.,484.gif,Storm Grey,Coral Glow,Bobtail,Ember,Ink Splash,Kelp Flow
485,Inkling #485,A looping cartoon-squid PFP stacked from painterly trait layers. Minted on Ink.,485.gif,Storm Grey,Teal Mist,Cuttle,Ember,Ink Splash,Wash Hood
486,Inkling #486,A looping cartoon-squid PFP stacked from painterly trait layers. Minted on Ink.,486.gif,Peach Dusk,Gold Wash,Giant,Ember,Brush Streak,Pearl Cluster
487,Inkling #487,A looping cartoon-squid PFP stacked from painterly trait layers. Minted on Ink.,487.gif,Indigo Night,No bloom,Glass,Sleepy,Clean mantle,Bare mantle
488,Inkling #488,A looping cartoon-squid PFP stacked from painterly trait layers. Minted on Ink.,488.gif,Peach Dusk,Teal Mist,Bobtail,Ember,Ink Splash,Bare mantle
489,Inkling #489,A looping cartoon-squid PFP stacked from painterly trait layers. Minted on Ink.,489.gif,Rose Gold,Silver Veil,Giant,Lidded,Brush Streak,Pearl Cluster
490,Inkling #490,A looping cartoon-squid PFP stacked from painterly trait layers. Minted on Ink.,490.gif,Peach Dusk,Violet Haze,Giant,Sleepy,Clean mantle,Pearl Cluster
491,Inkling #491,A looping cartoon-squid PFP stacked from painterly trait layers. Minted on Ink.,491.gif,Storm Grey,Silver Veil,Giant,Bright,Clean mantle,Bare mantle
492,Inkling #492,A looping cartoon-squid PFP stacked from painterly trait layers. Minted on Ink.,492.gif,Peach Dusk,Gold Wash,Bobtail,Bright,Ink Splash,Pearl Cluster
493,Inkling #493,A looping cartoon-squid PFP stacked from painterly trait layers. Minted on Ink.,493.gif,Wine Paper,Violet Haze,Firefly,Bright,Red Seal,Bare mantle
494,Inkling #494,A looping cartoon-squid PFP stacked from painterly trait layers. Minted on Ink.,494.gif,Celadon Garden,Teal Mist,Inked,Sleepy,Clean mantle,Pearl Cluster
495,Inkling #495,A looping cartoon-squid PFP stacked from painterly trait layers. Minted on Ink.,495.gif,Storm Grey,Coral Glow,Bobtail,Lidded,Clean mantle,Bare mantle
496,Inkling #496,A looping cartoon-squid PFP stacked from painterly trait layers. Minted on Ink.,496.gif,Peach Dusk,Violet Haze,Cuttle,Bright,Clean mantle,Pearl Cluster
497,Inkling #497,A looping cartoon-squid PFP stacked from painterly trait layers. Minted on Ink.,497.gif,Celadon Garden,Coral Glow,Reef,Bright,Clean mantle,Soft Crown
498,Inkling #498,A looping cartoon-squid PFP stacked from painterly trait layers. Minted on Ink.,498.gif,Rose Gold,Teal Mist,Giant,Bright,Brush Streak,Wash Hood
499,Inkling #499,A looping cartoon-squid PFP stacked from painterly trait layers. Minted on Ink.,499.gif,Celadon Garden,No bloom,Inked,Sleepy,Slow Drip,Kelp Flow
500,Inkling #500,A looping cartoon-squid PFP stacked from painterly trait layers. Minted on Ink.,500.gif,Cream Rice,Gold Wash,Giant,Wink,Red Seal,Kelp Flow
501,Inkling #501,A looping cartoon-squid PFP stacked from painterly trait layers. Minted on Ink.,501.gif,Rose Gold,Violet Haze,Reef,Wink,Brush Streak,Ink Ribbon
502,Inkling #502,A looping cartoon-squid PFP stacked from painterly trait layers. Minted on Ink.,502.gif,Celadon Garden,Coral Glow,Cuttle,Lidded,Ink Splash,Kelp Flow
503,Inkling #503,A looping cartoon-squid PFP stacked from painterly trait layers. Minted on Ink.,503.gif,Rose Gold,No bloom,Reef,Wink,Red Seal,Ink Ribbon
504,Inkling #504,A looping cartoon-squid PFP stacked from painterly trait layers. Minted on Ink.,504.gif,Rose Gold,Violet Haze,Reef,Lidded,Clean mantle,Wash Hood
505,Inkling #505,A looping cartoon-squid PFP stacked from painterly trait layers. Minted on Ink.,505.gif,Rose Gold,Violet Haze,Giant,Bright,Clean mantle,Bare mantle
506,Inkling #506,A looping cartoon-squid PFP stacked from painterly trait layers. Minted on Ink.,506.gif,Cream Rice,Gold Wash,Giant,Wink,Brush Streak,Ink Ribbon
507,Inkling #507,A looping cartoon-squid PFP stacked from painterly trait layers. Minted on Ink.,507.gif,Indigo Night,Teal Mist,Giant,Sleepy,Red Seal,Wash Hood
508,Inkling #508,A looping cartoon-squid PFP stacked from painterly trait layers. Minted on Ink.,508.gif,Rose Gold,Gold Wash,Dumbo,Wink,Clean mantle,Bare mantle
509,Inkling #509,A looping cartoon-squid PFP stacked from painterly trait layers. Minted on Ink.,509.gif,Celadon Garden,Gold Wash,Dumbo,Bright,Clean mantle,Kelp Flow
510,Inkling #510,A looping cartoon-squid PFP stacked from painterly trait layers. Minted on Ink.,510.gif,Indigo Night,Teal Mist,Cuttle,Bright,Ink Splash,Soft Crown
511,Inkling #511,A looping cartoon-squid PFP stacked from painterly trait layers. Minted on Ink.,511.gif,Charcoal Wash,Silver Veil,Bobtail,Ember,Clean mantle,Ink Ribbon
512,Inkling #512,A looping cartoon-squid PFP stacked from painterly trait layers. Minted on Ink.,512.gif,Indigo Night,Gold Wash,Bobtail,Bright,Red Seal,Kelp Flow
513,Inkling #513,A looping cartoon-squid PFP stacked from painterly trait layers. Minted on Ink.,513.gif,Wine Paper,No bloom,Glass,Bright,Clean mantle,Soft Crown
514,Inkling #514,A looping cartoon-squid PFP stacked from painterly trait layers. Minted on Ink.,514.gif,Charcoal Wash,Gold Wash,Dumbo,Lidded,Ink Splash,Ink Ribbon
515,Inkling #515,A looping cartoon-squid PFP stacked from painterly trait layers. Minted on Ink.,515.gif,Charcoal Wash,Silver Veil,Dumbo,Wink,Clean mantle,Soft Crown
516,Inkling #516,A looping cartoon-squid PFP stacked from painterly trait layers. Minted on Ink.,516.gif,Rose Gold,Teal Mist,Bobtail,Lidded,Clean mantle,Bare mantle
517,Inkling #517,A looping cartoon-squid PFP stacked from painterly trait layers. Minted on Ink.,517.gif,Peach Dusk,Coral Glow,Inked,Bright,Clean mantle,Soft Crown
518,Inkling #518,A looping cartoon-squid PFP stacked from painterly trait layers. Minted on Ink.,518.gif,Celadon Garden,Silver Veil,Giant,Dew,Brush Streak,Soft Crown
519,Inkling #519,A looping cartoon-squid PFP stacked from painterly trait layers. Minted on Ink.,519.gif,Storm Grey,Gold Wash,Giant,Bright,Red Seal,Ink Ribbon
520,Inkling #520,A looping cartoon-squid PFP stacked from painterly trait layers. Minted on Ink.,520.gif,Peach Dusk,Silver Veil,Giant,Wink,Brush Streak,Pearl Cluster
521,Inkling #521,A looping cartoon-squid PFP stacked from painterly trait layers. Minted on Ink.,521.gif,Charcoal Wash,Teal Mist,Giant,Sleepy,Clean mantle,Bare mantle
522,Inkling #522,A looping cartoon-squid PFP stacked from painterly trait layers. Minted on Ink.,522.gif,Indigo Night,No bloom,Cuttle,Dew,Clean mantle,Bare mantle
523,Inkling #523,A looping cartoon-squid PFP stacked from painterly trait layers. Minted on Ink.,523.gif,Storm Grey,Teal Mist,Giant,Dew,Clean mantle,Bare mantle
524,Inkling #524,A looping cartoon-squid PFP stacked from painterly trait layers. Minted on Ink.,524.gif,Rose Gold,No bloom,Glass,Bright,Red Seal,Ink Ribbon
525,Inkling #525,A looping cartoon-squid PFP stacked from painterly trait layers. Minted on Ink.,525.gif,Cream Rice,No bloom,Reef,Wink,Clean mantle,Wash Hood
526,Inkling #526,A looping cartoon-squid PFP stacked from painterly trait layers. Minted on Ink.,526.gif,Indigo Night,Teal Mist,Reef,Bright,Slow Drip,Bare mantle
527,Inkling #527,A looping cartoon-squid PFP stacked from painterly trait layers. Minted on Ink.,527.gif,Charcoal Wash,Teal Mist,Dumbo,Lidded,Brush Streak,Bare mantle
528,Inkling #528,A looping cartoon-squid PFP stacked from painterly trait layers. Minted on Ink.,528.gif,Peach Dusk,Teal Mist,Cuttle,Ember,Ink Splash,Bare mantle
529,Inkling #529,A looping cartoon-squid PFP stacked from painterly trait layers. Minted on Ink.,529.gif,Charcoal Wash,No bloom,Reef,Dew,Ink Splash,Bare mantle
530,Inkling #530,A looping cartoon-squid PFP stacked from painterly trait layers. Minted on Ink.,530.gif,Peach Dusk,Silver Veil,Dumbo,Wink,Clean mantle,Bare mantle
531,Inkling #531,A looping cartoon-squid PFP stacked from painterly trait layers. Minted on Ink.,531.gif,Celadon Garden,Silver Veil,Bobtail,Sleepy,Slow Drip,Wash Hood
532,Inkling #532,A looping cartoon-squid PFP stacked from painterly trait layers. Minted on Ink.,532.gif,Wine Paper,No bloom,Reef,Lidded,Clean mantle,Pearl Cluster
533,Inkling #533,A looping cartoon-squid PFP stacked from painterly trait layers. Minted on Ink.,533.gif,Indigo Night,No bloom,Glass,Bright,Red Seal,Soft Crown
534,Inkling #534,A looping cartoon-squid PFP stacked from painterly trait layers. Minted on Ink.,534.gif,Charcoal Wash,Violet Haze,Reef,Bright,Slow Drip,Bare mantle
535,Inkling #535,A looping cartoon-squid PFP stacked from painterly trait layers. Minted on Ink.,535.gif,Celadon Garden,Violet Haze,Inked,Bright,Ink Splash,Ink Ribbon
536,Inkling #536,A looping cartoon-squid PFP stacked from painterly trait layers. Minted on Ink.,536.gif,Charcoal Wash,Coral Glow,Bobtail,Dew,Slow Drip,Soft Crown
537,Inkling #537,A looping cartoon-squid PFP stacked from painterly trait layers. Minted on Ink.,537.gif,Wine Paper,Violet Haze,Cuttle,Dew,Brush Streak,Soft Crown
538,Inkling #538,A looping cartoon-squid PFP stacked from painterly trait layers. Minted on Ink.,538.gif,Storm Grey,Gold Wash,Glass,Sleepy,Clean mantle,Ink Ribbon
539,Inkling #539,A looping cartoon-squid PFP stacked from painterly trait layers. Minted on Ink.,539.gif,Peach Dusk,No bloom,Firefly,Bright,Brush Streak,Kelp Flow
540,Inkling #540,A looping cartoon-squid PFP stacked from painterly trait layers. Minted on Ink.,540.gif,Wine Paper,Coral Glow,Reef,Sleepy,Slow Drip,Bare mantle
541,Inkling #541,A looping cartoon-squid PFP stacked from painterly trait layers. Minted on Ink.,541.gif,Wine Paper,Coral Glow,Glass,Dew,Clean mantle,Kelp Flow
542,Inkling #542,A looping cartoon-squid PFP stacked from painterly trait layers. Minted on Ink.,542.gif,Charcoal Wash,Teal Mist,Firefly,Bright,Brush Streak,Soft Crown
543,Inkling #543,A looping cartoon-squid PFP stacked from painterly trait layers. Minted on Ink.,543.gif,Celadon Garden,No bloom,Reef,Sleepy,Ink Splash,Soft Crown
544,Inkling #544,A looping cartoon-squid PFP stacked from painterly trait layers. Minted on Ink.,544.gif,Charcoal Wash,Silver Veil,Cuttle,Dew,Ink Splash,Kelp Flow
545,Inkling #545,A looping cartoon-squid PFP stacked from painterly trait layers. Minted on Ink.,545.gif,Peach Dusk,No bloom,Giant,Sleepy,Clean mantle,Ink Ribbon
546,Inkling #546,A looping cartoon-squid PFP stacked from painterly trait layers. Minted on Ink.,546.gif,Rose Gold,Teal Mist,Cuttle,Ember,Slow Drip,Pearl Cluster
547,Inkling #547,A looping cartoon-squid PFP stacked from painterly trait layers. Minted on Ink.,547.gif,Storm Grey,Violet Haze,Bobtail,Ember,Slow Drip,Pearl Cluster
548,Inkling #548,A looping cartoon-squid PFP stacked from painterly trait layers. Minted on Ink.,548.gif,Cream Rice,Gold Wash,Bobtail,Dew,Ink Splash,Kelp Flow
549,Inkling #549,A looping cartoon-squid PFP stacked from painterly trait layers. Minted on Ink.,549.gif,Wine Paper,Teal Mist,Cuttle,Bright,Slow Drip,Ink Ribbon
550,Inkling #550,A looping cartoon-squid PFP stacked from painterly trait layers. Minted on Ink.,550.gif,Charcoal Wash,Violet Haze,Giant,Wink,Slow Drip,Bare mantle
551,Inkling #551,A looping cartoon-squid PFP stacked from painterly trait layers. Minted on Ink.,551.gif,Wine Paper,No bloom,Cuttle,Lidded,Ink Splash,Bare mantle
552,Inkling #552,A looping cartoon-squid PFP stacked from painterly trait layers. Minted on Ink.,552.gif,Indigo Night,Silver Veil,Inked,Wink,Clean mantle,Soft Crown
553,Inkling #553,A looping cartoon-squid PFP stacked from painterly trait layers. Minted on Ink.,553.gif,Peach Dusk,No bloom,Bobtail,Bright,Clean mantle,Kelp Flow
554,Inkling #554,A looping cartoon-squid PFP stacked from painterly trait layers. Minted on Ink.,554.gif,Celadon Garden,No bloom,Dumbo,Bright,Red Seal,Bare mantle
555,Inkling #555,A looping cartoon-squid PFP stacked from painterly trait layers. Minted on Ink.,555.gif,Peach Dusk,Teal Mist,Dumbo,Ember,Clean mantle,Ink Ribbon
556,Inkling #556,A looping cartoon-squid PFP stacked from painterly trait layers. Minted on Ink.,556.gif,Rose Gold,Violet Haze,Reef,Bright,Slow Drip,Pearl Cluster
557,Inkling #557,A looping cartoon-squid PFP stacked from painterly trait layers. Minted on Ink.,557.gif,Charcoal Wash,Silver Veil,Inked,Lidded,Clean mantle,Kelp Flow
558,Inkling #558,A looping cartoon-squid PFP stacked from painterly trait layers. Minted on Ink.,558.gif,Rose Gold,No bloom,Reef,Sleepy,Red Seal,Wash Hood
559,Inkling #559,A looping cartoon-squid PFP stacked from painterly trait layers. Minted on Ink.,559.gif,Rose Gold,Silver Veil,Reef,Bright,Clean mantle,Kelp Flow
560,Inkling #560,A looping cartoon-squid PFP stacked from painterly trait layers. Minted on Ink.,560.gif,Charcoal Wash,Silver Veil,Glass,Dew,Ink Splash,Bare mantle
561,Inkling #561,A looping cartoon-squid PFP stacked from painterly trait layers. Minted on Ink.,561.gif,Wine Paper,Teal Mist,Cuttle,Bright,Clean mantle,Wash Hood
562,Inkling #562,A looping cartoon-squid PFP stacked from painterly trait layers. Minted on Ink.,562.gif,Wine Paper,Coral Glow,Glass,Wink,Clean mantle,Ink Ribbon
563,Inkling #563,A looping cartoon-squid PFP stacked from painterly trait layers. Minted on Ink.,563.gif,Celadon Garden,Violet Haze,Firefly,Bright,Ink Splash,Pearl Cluster
564,Inkling #564,A looping cartoon-squid PFP stacked from painterly trait layers. Minted on Ink.,564.gif,Charcoal Wash,No bloom,Bobtail,Sleepy,Ink Splash,Soft Crown
565,Inkling #565,A looping cartoon-squid PFP stacked from painterly trait layers. Minted on Ink.,565.gif,Indigo Night,No bloom,Cuttle,Wink,Ink Splash,Bare mantle
566,Inkling #566,A looping cartoon-squid PFP stacked from painterly trait layers. Minted on Ink.,566.gif,Indigo Night,Violet Haze,Cuttle,Wink,Ink Splash,Bare mantle
567,Inkling #567,A looping cartoon-squid PFP stacked from painterly trait layers. Minted on Ink.,567.gif,Peach Dusk,No bloom,Dumbo,Ember,Slow Drip,Kelp Flow
568,Inkling #568,A looping cartoon-squid PFP stacked from painterly trait layers. Minted on Ink.,568.gif,Cream Rice,No bloom,Inked,Lidded,Red Seal,Ink Ribbon
569,Inkling #569,A looping cartoon-squid PFP stacked from painterly trait layers. Minted on Ink.,569.gif,Peach Dusk,Teal Mist,Cuttle,Ember,Brush Streak,Bare mantle
570,Inkling #570,A looping cartoon-squid PFP stacked from painterly trait layers. Minted on Ink.,570.gif,Indigo Night,No bloom,Firefly,Bright,Slow Drip,Kelp Flow
571,Inkling #571,A looping cartoon-squid PFP stacked from painterly trait layers. Minted on Ink.,571.gif,Indigo Night,Silver Veil,Glass,Dew,Slow Drip,Bare mantle
572,Inkling #572,A looping cartoon-squid PFP stacked from painterly trait layers. Minted on Ink.,572.gif,Storm Grey,Coral Glow,Reef,Bright,Clean mantle,Soft Crown
573,Inkling #573,A looping cartoon-squid PFP stacked from painterly trait layers. Minted on Ink.,573.gif,Wine Paper,Violet Haze,Reef,Lidded,Brush Streak,Wash Hood
574,Inkling #574,A looping cartoon-squid PFP stacked from painterly trait layers. Minted on Ink.,574.gif,Indigo Night,Teal Mist,Glass,Lidded,Clean mantle,Kelp Flow
575,Inkling #575,A looping cartoon-squid PFP stacked from painterly trait layers. Minted on Ink.,575.gif,Cream Rice,No bloom,Bobtail,Dew,Ink Splash,Ink Ribbon
576,Inkling #576,A looping cartoon-squid PFP stacked from painterly trait layers. Minted on Ink.,576.gif,Indigo Night,Teal Mist,Glass,Bright,Brush Streak,Ink Ribbon
577,Inkling #577,A looping cartoon-squid PFP stacked from painterly trait layers. Minted on Ink.,577.gif,Cream Rice,Teal Mist,Giant,Lidded,Ink Splash,Wash Hood
578,Inkling #578,A looping cartoon-squid PFP stacked from painterly trait layers. Minted on Ink.,578.gif,Celadon Garden,Gold Wash,Dumbo,Ember,Ink Splash,Kelp Flow
579,Inkling #579,A looping cartoon-squid PFP stacked from painterly trait layers. Minted on Ink.,579.gif,Indigo Night,Teal Mist,Cuttle,Wink,Brush Streak,Kelp Flow
580,Inkling #580,A looping cartoon-squid PFP stacked from painterly trait layers. Minted on Ink.,580.gif,Indigo Night,Silver Veil,Cuttle,Bright,Ink Splash,Bare mantle
581,Inkling #581,A looping cartoon-squid PFP stacked from painterly trait layers. Minted on Ink.,581.gif,Indigo Night,Gold Wash,Cuttle,Dew,Ink Splash,Soft Crown
582,Inkling #582,A looping cartoon-squid PFP stacked from painterly trait layers. Minted on Ink.,582.gif,Cream Rice,No bloom,Dumbo,Dew,Red Seal,Soft Crown
583,Inkling #583,A looping cartoon-squid PFP stacked from painterly trait layers. Minted on Ink.,583.gif,Charcoal Wash,Gold Wash,Reef,Wink,Brush Streak,Ink Ribbon
584,Inkling #584,A looping cartoon-squid PFP stacked from painterly trait layers. Minted on Ink.,584.gif,Peach Dusk,Coral Glow,Firefly,Sleepy,Clean mantle,Pearl Cluster
585,Inkling #585,A looping cartoon-squid PFP stacked from painterly trait layers. Minted on Ink.,585.gif,Indigo Night,Silver Veil,Cuttle,Ember,Slow Drip,Bare mantle
586,Inkling #586,A looping cartoon-squid PFP stacked from painterly trait layers. Minted on Ink.,586.gif,Rose Gold,Gold Wash,Bobtail,Ember,Clean mantle,Ink Ribbon
587,Inkling #587,A looping cartoon-squid PFP stacked from painterly trait layers. Minted on Ink.,587.gif,Indigo Night,Coral Glow,Cuttle,Dew,Clean mantle,Ink Ribbon
588,Inkling #588,A looping cartoon-squid PFP stacked from painterly trait layers. Minted on Ink.,588.gif,Cream Rice,Violet Haze,Giant,Wink,Clean mantle,Pearl Cluster
589,Inkling #589,A looping cartoon-squid PFP stacked from painterly trait layers. Minted on Ink.,589.gif,Peach Dusk,Gold Wash,Reef,Lidded,Clean mantle,Wash Hood
590,Inkling #590,A looping cartoon-squid PFP stacked from painterly trait layers. Minted on Ink.,590.gif,Indigo Night,No bloom,Glass,Wink,Brush Streak,Bare mantle
591,Inkling #591,A looping cartoon-squid PFP stacked from painterly trait layers. Minted on Ink.,591.gif,Charcoal Wash,Violet Haze,Cuttle,Sleepy,Clean mantle,Pearl Cluster
592,Inkling #592,A looping cartoon-squid PFP stacked from painterly trait layers. Minted on Ink.,592.gif,Charcoal Wash,Violet Haze,Inked,Lidded,Clean mantle,Ink Ribbon
593,Inkling #593,A looping cartoon-squid PFP stacked from painterly trait layers. Minted on Ink.,593.gif,Rose Gold,Coral Glow,Cuttle,Dew,Ink Splash,Pearl Cluster
594,Inkling #594,A looping cartoon-squid PFP stacked from painterly trait layers. Minted on Ink.,594.gif,Wine Paper,No bloom,Dumbo,Wink,Brush Streak,Soft Crown
595,Inkling #595,A looping cartoon-squid PFP stacked from painterly trait layers. Minted on Ink.,595.gif,Storm Grey,Coral Glow,Dumbo,Wink,Brush Streak,Pearl Cluster
596,Inkling #596,A looping cartoon-squid PFP stacked from painterly trait layers. Minted on Ink.,596.gif,Celadon Garden,No bloom,Inked,Wink,Red Seal,Kelp Flow
597,Inkling #597,A looping cartoon-squid PFP stacked from painterly trait layers. Minted on Ink.,597.gif,Indigo Night,Teal Mist,Reef,Lidded,Clean mantle,Kelp Flow
598,Inkling #598,A looping cartoon-squid PFP stacked from painterly trait layers. Minted on Ink.,598.gif,Charcoal Wash,Teal Mist,Dumbo,Bright,Ink Splash,Ink Ribbon
599,Inkling #599,A looping cartoon-squid PFP stacked from painterly trait layers. Minted on Ink.,599.gif,Indigo Night,Gold Wash,Firefly,Wink,Slow Drip,Bare mantle
600,Inkling #600,A looping cartoon-squid PFP stacked from painterly trait layers. Minted on Ink.,600.gif,Peach Dusk,Silver Veil,Reef,Bright,Ink Splash,Kelp Flow
601,Inkling #601,A looping cartoon-squid PFP stacked from painterly trait layers. Minted on Ink.,601.gif,Indigo Night,Violet Haze,Cuttle,Dew,Ink Splash,Kelp Flow
602,Inkling #602,A looping cartoon-squid PFP stacked from painterly trait layers. Minted on Ink.,602.gif,Storm Grey,Teal Mist,Bobtail,Dew,Clean mantle,Pearl Cluster
603,Inkling #603,A looping cartoon-squid PFP stacked from painterly trait layers. Minted on Ink.,603.gif,Storm Grey,Coral Glow,Cuttle,Dew,Brush Streak,Pearl Cluster
604,Inkling #604,A looping cartoon-squid PFP stacked from painterly trait layers. Minted on Ink.,604.gif,Indigo Night,Silver Veil,Cuttle,Sleepy,Brush Streak,Wash Hood
605,Inkling #605,A looping cartoon-squid PFP stacked from painterly trait layers. Minted on Ink.,605.gif,Rose Gold,Coral Glow,Giant,Wink,Clean mantle,Bare mantle
606,Inkling #606,A looping cartoon-squid PFP stacked from painterly trait layers. Minted on Ink.,606.gif,Peach Dusk,Gold Wash,Giant,Ember,Ink Splash,Bare mantle
607,Inkling #607,A looping cartoon-squid PFP stacked from painterly trait layers. Minted on Ink.,607.gif,Indigo Night,Coral Glow,Cuttle,Wink,Brush Streak,Pearl Cluster
608,Inkling #608,A looping cartoon-squid PFP stacked from painterly trait layers. Minted on Ink.,608.gif,Wine Paper,Silver Veil,Glass,Bright,Clean mantle,Kelp Flow
609,Inkling #609,A looping cartoon-squid PFP stacked from painterly trait layers. Minted on Ink.,609.gif,Charcoal Wash,Violet Haze,Glass,Dew,Ink Splash,Soft Crown
610,Inkling #610,A looping cartoon-squid PFP stacked from painterly trait layers. Minted on Ink.,610.gif,Storm Grey,Silver Veil,Cuttle,Bright,Brush Streak,Bare mantle
611,Inkling #611,A looping cartoon-squid PFP stacked from painterly trait layers. Minted on Ink.,611.gif,Cream Rice,Violet Haze,Dumbo,Sleepy,Red Seal,Soft Crown
612,Inkling #612,A looping cartoon-squid PFP stacked from painterly trait layers. Minted on Ink.,612.gif,Indigo Night,Coral Glow,Glass,Dew,Slow Drip,Kelp Flow
613,Inkling #613,A looping cartoon-squid PFP stacked from painterly trait layers. Minted on Ink.,613.gif,Rose Gold,Gold Wash,Bobtail,Bright,Slow Drip,Kelp Flow
614,Inkling #614,A looping cartoon-squid PFP stacked from painterly trait layers. Minted on Ink.,614.gif,Indigo Night,Violet Haze,Inked,Bright,Clean mantle,Bare mantle
615,Inkling #615,A looping cartoon-squid PFP stacked from painterly trait layers. Minted on Ink.,615.gif,Charcoal Wash,Gold Wash,Firefly,Sleepy,Slow Drip,Kelp Flow
616,Inkling #616,A looping cartoon-squid PFP stacked from painterly trait layers. Minted on Ink.,616.gif,Rose Gold,Teal Mist,Dumbo,Ember,Red Seal,Kelp Flow
617,Inkling #617,A looping cartoon-squid PFP stacked from painterly trait layers. Minted on Ink.,617.gif,Indigo Night,Violet Haze,Bobtail,Bright,Red Seal,Pearl Cluster
618,Inkling #618,A looping cartoon-squid PFP stacked from painterly trait layers. Minted on Ink.,618.gif,Wine Paper,Coral Glow,Giant,Bright,Clean mantle,Bare mantle
619,Inkling #619,A looping cartoon-squid PFP stacked from painterly trait layers. Minted on Ink.,619.gif,Rose Gold,Violet Haze,Giant,Ember,Ink Splash,Wash Hood
620,Inkling #620,A looping cartoon-squid PFP stacked from painterly trait layers. Minted on Ink.,620.gif,Cream Rice,No bloom,Giant,Lidded,Clean mantle,Bare mantle
621,Inkling #621,A looping cartoon-squid PFP stacked from painterly trait layers. Minted on Ink.,621.gif,Indigo Night,Teal Mist,Glass,Ember,Clean mantle,Pearl Cluster
622,Inkling #622,A looping cartoon-squid PFP stacked from painterly trait layers. Minted on Ink.,622.gif,Celadon Garden,Silver Veil,Cuttle,Dew,Slow Drip,Bare mantle
623,Inkling #623,A looping cartoon-squid PFP stacked from painterly trait layers. Minted on Ink.,623.gif,Cream Rice,No bloom,Cuttle,Dew,Brush Streak,Kelp Flow
624,Inkling #624,A looping cartoon-squid PFP stacked from painterly trait layers. Minted on Ink.,624.gif,Charcoal Wash,Violet Haze,Giant,Wink,Red Seal,Bare mantle
625,Inkling #625,A looping cartoon-squid PFP stacked from painterly trait layers. Minted on Ink.,625.gif,Charcoal Wash,Coral Glow,Bobtail,Dew,Ink Splash,Bare mantle
626,Inkling #626,A looping cartoon-squid PFP stacked from painterly trait layers. Minted on Ink.,626.gif,Celadon Garden,Coral Glow,Firefly,Wink,Ink Splash,Bare mantle
627,Inkling #627,A looping cartoon-squid PFP stacked from painterly trait layers. Minted on Ink.,627.gif,Peach Dusk,Violet Haze,Reef,Dew,Brush Streak,Soft Crown
628,Inkling #628,A looping cartoon-squid PFP stacked from painterly trait layers. Minted on Ink.,628.gif,Celadon Garden,Silver Veil,Cuttle,Sleepy,Clean mantle,Pearl Cluster
629,Inkling #629,A looping cartoon-squid PFP stacked from painterly trait layers. Minted on Ink.,629.gif,Peach Dusk,Silver Veil,Cuttle,Lidded,Clean mantle,Ink Ribbon
630,Inkling #630,A looping cartoon-squid PFP stacked from painterly trait layers. Minted on Ink.,630.gif,Peach Dusk,No bloom,Firefly,Bright,Ink Splash,Ink Ribbon
631,Inkling #631,A looping cartoon-squid PFP stacked from painterly trait layers. Minted on Ink.,631.gif,Peach Dusk,Gold Wash,Firefly,Bright,Clean mantle,Pearl Cluster
632,Inkling #632,A looping cartoon-squid PFP stacked from painterly trait layers. Minted on Ink.,632.gif,Cream Rice,Silver Veil,Bobtail,Dew,Clean mantle,Bare mantle
633,Inkling #633,A looping cartoon-squid PFP stacked from painterly trait layers. Minted on Ink.,633.gif,Wine Paper,Violet Haze,Reef,Lidded,Ink Splash,Soft Crown
634,Inkling #634,A looping cartoon-squid PFP stacked from painterly trait layers. Minted on Ink.,634.gif,Cream Rice,Coral Glow,Cuttle,Ember,Clean mantle,Wash Hood
635,Inkling #635,A looping cartoon-squid PFP stacked from painterly trait layers. Minted on Ink.,635.gif,Storm Grey,Silver Veil,Glass,Wink,Slow Drip,Kelp Flow
636,Inkling #636,A looping cartoon-squid PFP stacked from painterly trait layers. Minted on Ink.,636.gif,Wine Paper,Coral Glow,Giant,Ember,Brush Streak,Bare mantle
637,Inkling #637,A looping cartoon-squid PFP stacked from painterly trait layers. Minted on Ink.,637.gif,Storm Grey,Violet Haze,Glass,Wink,Slow Drip,Kelp Flow
638,Inkling #638,A looping cartoon-squid PFP stacked from painterly trait layers. Minted on Ink.,638.gif,Rose Gold,No bloom,Firefly,Bright,Ink Splash,Pearl Cluster
639,Inkling #639,A looping cartoon-squid PFP stacked from painterly trait layers. Minted on Ink.,639.gif,Wine Paper,Coral Glow,Dumbo,Sleepy,Clean mantle,Pearl Cluster
640,Inkling #640,A looping cartoon-squid PFP stacked from painterly trait layers. Minted on Ink.,640.gif,Celadon Garden,Violet Haze,Bobtail,Wink,Red Seal,Pearl Cluster
641,Inkling #641,A looping cartoon-squid PFP stacked from painterly trait layers. Minted on Ink.,641.gif,Storm Grey,Violet Haze,Bobtail,Bright,Ink Splash,Bare mantle
642,Inkling #642,A looping cartoon-squid PFP stacked from painterly trait layers. Minted on Ink.,642.gif,Cream Rice,Violet Haze,Firefly,Lidded,Brush Streak,Ink Ribbon
643,Inkling #643,A looping cartoon-squid PFP stacked from painterly trait layers. Minted on Ink.,643.gif,Charcoal Wash,Gold Wash,Dumbo,Wink,Clean mantle,Pearl Cluster
644,Inkling #644,A looping cartoon-squid PFP stacked from painterly trait layers. Minted on Ink.,644.gif,Indigo Night,Violet Haze,Glass,Lidded,Slow Drip,Bare mantle
645,Inkling #645,A looping cartoon-squid PFP stacked from painterly trait layers. Minted on Ink.,645.gif,Indigo Night,Silver Veil,Reef,Ember,Clean mantle,Wash Hood
646,Inkling #646,A looping cartoon-squid PFP stacked from painterly trait layers. Minted on Ink.,646.gif,Cream Rice,Teal Mist,Bobtail,Wink,Brush Streak,Ink Ribbon
647,Inkling #647,A looping cartoon-squid PFP stacked from painterly trait layers. Minted on Ink.,647.gif,Indigo Night,No bloom,Bobtail,Bright,Brush Streak,Kelp Flow
648,Inkling #648,A looping cartoon-squid PFP stacked from painterly trait layers. Minted on Ink.,648.gif,Cream Rice,Silver Veil,Firefly,Wink,Slow Drip,Pearl Cluster
649,Inkling #649,A looping cartoon-squid PFP stacked from painterly trait layers. Minted on Ink.,649.gif,Indigo Night,Teal Mist,Dumbo,Dew,Red Seal,Pearl Cluster
650,Inkling #650,A looping cartoon-squid PFP stacked from painterly trait layers. Minted on Ink.,650.gif,Cream Rice,Coral Glow,Glass,Dew,Red Seal,Bare mantle
651,Inkling #651,A looping cartoon-squid PFP stacked from painterly trait layers. Minted on Ink.,651.gif,Peach Dusk,No bloom,Cuttle,Bright,Ink Splash,Pearl Cluster
652,Inkling #652,A looping cartoon-squid PFP stacked from painterly trait layers. Minted on Ink.,652.gif,Wine Paper,Coral Glow,Cuttle,Sleepy,Clean mantle,Ink Ribbon
653,Inkling #653,A looping cartoon-squid PFP stacked from painterly trait layers. Minted on Ink.,653.gif,Storm Grey,Silver Veil,Bobtail,Sleepy,Red Seal,Bare mantle
654,Inkling #654,A looping cartoon-squid PFP stacked from painterly trait layers. Minted on Ink.,654.gif,Storm Grey,Coral Glow,Reef,Sleepy,Clean mantle,Kelp Flow
655,Inkling #655,A looping cartoon-squid PFP stacked from painterly trait layers. Minted on Ink.,655.gif,Celadon Garden,Silver Veil,Inked,Sleepy,Brush Streak,Soft Crown
656,Inkling #656,A looping cartoon-squid PFP stacked from painterly trait layers. Minted on Ink.,656.gif,Indigo Night,No bloom,Bobtail,Lidded,Clean mantle,Pearl Cluster
657,Inkling #657,A looping cartoon-squid PFP stacked from painterly trait layers. Minted on Ink.,657.gif,Peach Dusk,Coral Glow,Bobtail,Dew,Slow Drip,Kelp Flow
658,Inkling #658,A looping cartoon-squid PFP stacked from painterly trait layers. Minted on Ink.,658.gif,Indigo Night,No bloom,Giant,Bright,Slow Drip,Soft Crown
659,Inkling #659,A looping cartoon-squid PFP stacked from painterly trait layers. Minted on Ink.,659.gif,Peach Dusk,Violet Haze,Reef,Lidded,Ink Splash,Pearl Cluster
660,Inkling #660,A looping cartoon-squid PFP stacked from painterly trait layers. Minted on Ink.,660.gif,Rose Gold,Gold Wash,Giant,Bright,Clean mantle,Soft Crown
661,Inkling #661,A looping cartoon-squid PFP stacked from painterly trait layers. Minted on Ink.,661.gif,Storm Grey,Teal Mist,Cuttle,Sleepy,Clean mantle,Bare mantle
662,Inkling #662,A looping cartoon-squid PFP stacked from painterly trait layers. Minted on Ink.,662.gif,Indigo Night,Violet Haze,Reef,Ember,Clean mantle,Wash Hood
663,Inkling #663,A looping cartoon-squid PFP stacked from painterly trait layers. Minted on Ink.,663.gif,Celadon Garden,Gold Wash,Glass,Bright,Clean mantle,Bare mantle
664,Inkling #664,A looping cartoon-squid PFP stacked from painterly trait layers. Minted on Ink.,664.gif,Wine Paper,Teal Mist,Bobtail,Ember,Brush Streak,Kelp Flow
665,Inkling #665,A looping cartoon-squid PFP stacked from painterly trait layers. Minted on Ink.,665.gif,Storm Grey,Coral Glow,Cuttle,Ember,Brush Streak,Bare mantle
666,Inkling #666,A looping cartoon-squid PFP stacked from painterly trait layers. Minted on Ink.,666.gif,Cream Rice,No bloom,Cuttle,Dew,Ink Splash,Bare mantle
667,Inkling #667,A looping cartoon-squid PFP stacked from painterly trait layers. Minted on Ink.,667.gif,Peach Dusk,No bloom,Cuttle,Dew,Clean mantle,Bare mantle
668,Inkling #668,A looping cartoon-squid PFP stacked from painterly trait layers. Minted on Ink.,668.gif,Peach Dusk,No bloom,Cuttle,Ember,Clean mantle,Bare mantle
669,Inkling #669,A looping cartoon-squid PFP stacked from painterly trait layers. Minted on Ink.,669.gif,Celadon Garden,Silver Veil,Firefly,Wink,Clean mantle,Bare mantle
670,Inkling #670,A looping cartoon-squid PFP stacked from painterly trait layers. Minted on Ink.,670.gif,Charcoal Wash,Silver Veil,Firefly,Bright,Brush Streak,Wash Hood
671,Inkling #671,A looping cartoon-squid PFP stacked from painterly trait layers. Minted on Ink.,671.gif,Peach Dusk,Gold Wash,Bobtail,Dew,Ink Splash,Kelp Flow
672,Inkling #672,A looping cartoon-squid PFP stacked from painterly trait layers. Minted on Ink.,672.gif,Storm Grey,Violet Haze,Cuttle,Sleepy,Slow Drip,Soft Crown
673,Inkling #673,A looping cartoon-squid PFP stacked from painterly trait layers. Minted on Ink.,673.gif,Peach Dusk,Teal Mist,Firefly,Ember,Brush Streak,Pearl Cluster
674,Inkling #674,A looping cartoon-squid PFP stacked from painterly trait layers. Minted on Ink.,674.gif,Cream Rice,Violet Haze,Cuttle,Wink,Clean mantle,Soft Crown
675,Inkling #675,A looping cartoon-squid PFP stacked from painterly trait layers. Minted on Ink.,675.gif,Peach Dusk,Violet Haze,Glass,Bright,Clean mantle,Soft Crown
676,Inkling #676,A looping cartoon-squid PFP stacked from painterly trait layers. Minted on Ink.,676.gif,Peach Dusk,Silver Veil,Reef,Lidded,Brush Streak,Kelp Flow
677,Inkling #677,A looping cartoon-squid PFP stacked from painterly trait layers. Minted on Ink.,677.gif,Storm Grey,Gold Wash,Giant,Bright,Clean mantle,Pearl Cluster
678,Inkling #678,A looping cartoon-squid PFP stacked from painterly trait layers. Minted on Ink.,678.gif,Indigo Night,No bloom,Reef,Bright,Clean mantle,Ink Ribbon
679,Inkling #679,A looping cartoon-squid PFP stacked from painterly trait layers. Minted on Ink.,679.gif,Peach Dusk,Gold Wash,Reef,Sleepy,Red Seal,Pearl Cluster
680,Inkling #680,A looping cartoon-squid PFP stacked from painterly trait layers. Minted on Ink.,680.gif,Storm Grey,Violet Haze,Inked,Bright,Brush Streak,Pearl Cluster
681,Inkling #681,A looping cartoon-squid PFP stacked from painterly trait layers. Minted on Ink.,681.gif,Rose Gold,Violet Haze,Glass,Ember,Ink Splash,Kelp Flow
682,Inkling #682,A looping cartoon-squid PFP stacked from painterly trait layers. Minted on Ink.,682.gif,Indigo Night,Silver Veil,Giant,Sleepy,Brush Streak,Soft Crown
683,Inkling #683,A looping cartoon-squid PFP stacked from painterly trait layers. Minted on Ink.,683.gif,Celadon Garden,Gold Wash,Dumbo,Dew,Slow Drip,Kelp Flow
684,Inkling #684,A looping cartoon-squid PFP stacked from painterly trait layers. Minted on Ink.,684.gif,Peach Dusk,Teal Mist,Glass,Ember,Clean mantle,Wash Hood
685,Inkling #685,A looping cartoon-squid PFP stacked from painterly trait layers. Minted on Ink.,685.gif,Charcoal Wash,Gold Wash,Bobtail,Sleepy,Clean mantle,Wash Hood
686,Inkling #686,A looping cartoon-squid PFP stacked from painterly trait layers. Minted on Ink.,686.gif,Rose Gold,Coral Glow,Bobtail,Bright,Ink Splash,Wash Hood
687,Inkling #687,A looping cartoon-squid PFP stacked from painterly trait layers. Minted on Ink.,687.gif,Rose Gold,Violet Haze,Cuttle,Lidded,Clean mantle,Pearl Cluster
688,Inkling #688,A looping cartoon-squid PFP stacked from painterly trait layers. Minted on Ink.,688.gif,Charcoal Wash,Coral Glow,Bobtail,Bright,Slow Drip,Ink Ribbon
689,Inkling #689,A looping cartoon-squid PFP stacked from painterly trait layers. Minted on Ink.,689.gif,Charcoal Wash,Teal Mist,Reef,Lidded,Red Seal,Ink Ribbon
690,Inkling #690,A looping cartoon-squid PFP stacked from painterly trait layers. Minted on Ink.,690.gif,Indigo Night,Teal Mist,Cuttle,Dew,Ink Splash,Bare mantle
691,Inkling #691,A looping cartoon-squid PFP stacked from painterly trait layers. Minted on Ink.,691.gif,Wine Paper,No bloom,Reef,Wink,Brush Streak,Kelp Flow
692,Inkling #692,A looping cartoon-squid PFP stacked from painterly trait layers. Minted on Ink.,692.gif,Peach Dusk,No bloom,Dumbo,Ember,Clean mantle,Bare mantle
693,Inkling #693,A looping cartoon-squid PFP stacked from painterly trait layers. Minted on Ink.,693.gif,Charcoal Wash,Violet Haze,Cuttle,Wink,Ink Splash,Ink Ribbon
694,Inkling #694,A looping cartoon-squid PFP stacked from painterly trait layers. Minted on Ink.,694.gif,Rose Gold,Silver Veil,Cuttle,Bright,Slow Drip,Bare mantle
695,Inkling #695,A looping cartoon-squid PFP stacked from painterly trait layers. Minted on Ink.,695.gif,Indigo Night,Coral Glow,Firefly,Wink,Clean mantle,Pearl Cluster
696,Inkling #696,A looping cartoon-squid PFP stacked from painterly trait layers. Minted on Ink.,696.gif,Cream Rice,Coral Glow,Inked,Dew,Clean mantle,Bare mantle
697,Inkling #697,A looping cartoon-squid PFP stacked from painterly trait layers. Minted on Ink.,697.gif,Celadon Garden,No bloom,Glass,Ember,Red Seal,Pearl Cluster
698,Inkling #698,A looping cartoon-squid PFP stacked from painterly trait layers. Minted on Ink.,698.gif,Storm Grey,Gold Wash,Dumbo,Wink,Clean mantle,Ink Ribbon
699,Inkling #699,A looping cartoon-squid PFP stacked from painterly trait layers. Minted on Ink.,699.gif,Indigo Night,Teal Mist,Dumbo,Sleepy,Clean mantle,Bare mantle
700,Inkling #700,A looping cartoon-squid PFP stacked from painterly trait layers. Minted on Ink.,700.gif,Celadon Garden,Silver Veil,Giant,Wink,Clean mantle,Bare mantle
701,Inkling #701,A looping cartoon-squid PFP stacked from painterly trait layers. Minted on Ink.,701.gif,Celadon Garden,Coral Glow,Firefly,Bright,Ink Splash,Bare mantle
702,Inkling #702,A looping cartoon-squid PFP stacked from painterly trait layers. Minted on Ink.,702.gif,Cream Rice,Teal Mist,Bobtail,Ember,Clean mantle,Ink Ribbon
703,Inkling #703,A looping cartoon-squid PFP stacked from painterly trait layers. Minted on Ink.,703.gif,Celadon Garden,Violet Haze,Giant,Ember,Clean mantle,Pearl Cluster
704,Inkling #704,A looping cartoon-squid PFP stacked from painterly trait layers. Minted on Ink.,704.gif,Peach Dusk,Silver Veil,Reef,Wink,Red Seal,Bare mantle
705,Inkling #705,A looping cartoon-squid PFP stacked from painterly trait layers. Minted on Ink.,705.gif,Storm Grey,No bloom,Reef,Lidded,Ink Splash,Kelp Flow
706,Inkling #706,A looping cartoon-squid PFP stacked from painterly trait layers. Minted on Ink.,706.gif,Peach Dusk,Violet Haze,Reef,Dew,Ink Splash,Wash Hood
707,Inkling #707,A looping cartoon-squid PFP stacked from painterly trait layers. Minted on Ink.,707.gif,Cream Rice,Gold Wash,Dumbo,Sleepy,Clean mantle,Bare mantle
708,Inkling #708,A looping cartoon-squid PFP stacked from painterly trait layers. Minted on Ink.,708.gif,Charcoal Wash,Violet Haze,Giant,Wink,Clean mantle,Pearl Cluster
709,Inkling #709,A looping cartoon-squid PFP stacked from painterly trait layers. Minted on Ink.,709.gif,Rose Gold,Teal Mist,Dumbo,Dew,Slow Drip,Bare mantle
710,Inkling #710,A looping cartoon-squid PFP stacked from painterly trait layers. Minted on Ink.,710.gif,Wine Paper,Coral Glow,Bobtail,Lidded,Slow Drip,Bare mantle
711,Inkling #711,A looping cartoon-squid PFP stacked from painterly trait layers. Minted on Ink.,711.gif,Celadon Garden,Coral Glow,Bobtail,Dew,Slow Drip,Pearl Cluster
712,Inkling #712,A looping cartoon-squid PFP stacked from painterly trait layers. Minted on Ink.,712.gif,Cream Rice,Violet Haze,Giant,Bright,Slow Drip,Kelp Flow
713,Inkling #713,A looping cartoon-squid PFP stacked from painterly trait layers. Minted on Ink.,713.gif,Celadon Garden,No bloom,Cuttle,Lidded,Clean mantle,Bare mantle
714,Inkling #714,A looping cartoon-squid PFP stacked from painterly trait layers. Minted on Ink.,714.gif,Celadon Garden,No bloom,Glass,Sleepy,Clean mantle,Pearl Cluster
715,Inkling #715,A looping cartoon-squid PFP stacked from painterly trait layers. Minted on Ink.,715.gif,Celadon Garden,Gold Wash,Glass,Ember,Clean mantle,Ink Ribbon
716,Inkling #716,A looping cartoon-squid PFP stacked from painterly trait layers. Minted on Ink.,716.gif,Charcoal Wash,Gold Wash,Bobtail,Lidded,Brush Streak,Wash Hood
717,Inkling #717,A looping cartoon-squid PFP stacked from painterly trait layers. Minted on Ink.,717.gif,Indigo Night,Silver Veil,Inked,Lidded,Slow Drip,Kelp Flow
718,Inkling #718,A looping cartoon-squid PFP stacked from painterly trait layers. Minted on Ink.,718.gif,Cream Rice,Silver Veil,Firefly,Bright,Brush Streak,Ink Ribbon
719,Inkling #719,A looping cartoon-squid PFP stacked from painterly trait layers. Minted on Ink.,719.gif,Indigo Night,No bloom,Reef,Wink,Slow Drip,Soft Crown
720,Inkling #720,A looping cartoon-squid PFP stacked from painterly trait layers. Minted on Ink.,720.gif,Storm Grey,No bloom,Dumbo,Wink,Brush Streak,Kelp Flow
721,Inkling #721,A looping cartoon-squid PFP stacked from painterly trait layers. Minted on Ink.,721.gif,Peach Dusk,Violet Haze,Firefly,Bright,Clean mantle,Bare mantle
722,Inkling #722,A looping cartoon-squid PFP stacked from painterly trait layers. Minted on Ink.,722.gif,Storm Grey,Teal Mist,Inked,Wink,Red Seal,Pearl Cluster
723,Inkling #723,A looping cartoon-squid PFP stacked from painterly trait layers. Minted on Ink.,723.gif,Peach Dusk,Violet Haze,Glass,Dew,Slow Drip,Kelp Flow
724,Inkling #724,A looping cartoon-squid PFP stacked from painterly trait layers. Minted on Ink.,724.gif,Cream Rice,Gold Wash,Glass,Dew,Slow Drip,Ink Ribbon
725,Inkling #725,A looping cartoon-squid PFP stacked from painterly trait layers. Minted on Ink.,725.gif,Storm Grey,Violet Haze,Dumbo,Ember,Slow Drip,Ink Ribbon
726,Inkling #726,A looping cartoon-squid PFP stacked from painterly trait layers. Minted on Ink.,726.gif,Cream Rice,No bloom,Giant,Wink,Clean mantle,Ink Ribbon
727,Inkling #727,A looping cartoon-squid PFP stacked from painterly trait layers. Minted on Ink.,727.gif,Celadon Garden,Gold Wash,Firefly,Lidded,Red Seal,Kelp Flow
728,Inkling #728,A looping cartoon-squid PFP stacked from painterly trait layers. Minted on Ink.,728.gif,Charcoal Wash,Gold Wash,Dumbo,Sleepy,Clean mantle,Bare mantle
729,Inkling #729,A looping cartoon-squid PFP stacked from painterly trait layers. Minted on Ink.,729.gif,Rose Gold,Silver Veil,Cuttle,Dew,Ink Splash,Soft Crown
730,Inkling #730,A looping cartoon-squid PFP stacked from painterly trait layers. Minted on Ink.,730.gif,Storm Grey,Silver Veil,Giant,Bright,Brush Streak,Bare mantle
731,Inkling #731,A looping cartoon-squid PFP stacked from painterly trait layers. Minted on Ink.,731.gif,Indigo Night,No bloom,Bobtail,Sleepy,Slow Drip,Kelp Flow
732,Inkling #732,A looping cartoon-squid PFP stacked from painterly trait layers. Minted on Ink.,732.gif,Indigo Night,Coral Glow,Bobtail,Ember,Ink Splash,Bare mantle
733,Inkling #733,A looping cartoon-squid PFP stacked from painterly trait layers. Minted on Ink.,733.gif,Rose Gold,Teal Mist,Inked,Lidded,Clean mantle,Pearl Cluster
734,Inkling #734,A looping cartoon-squid PFP stacked from painterly trait layers. Minted on Ink.,734.gif,Peach Dusk,Teal Mist,Bobtail,Dew,Red Seal,Kelp Flow
735,Inkling #735,A looping cartoon-squid PFP stacked from painterly trait layers. Minted on Ink.,735.gif,Storm Grey,Coral Glow,Inked,Dew,Red Seal,Ink Ribbon
736,Inkling #736,A looping cartoon-squid PFP stacked from painterly trait layers. Minted on Ink.,736.gif,Indigo Night,Coral Glow,Cuttle,Dew,Clean mantle,Bare mantle
737,Inkling #737,A looping cartoon-squid PFP stacked from painterly trait layers. Minted on Ink.,737.gif,Celadon Garden,Gold Wash,Bobtail,Bright,Red Seal,Wash Hood
738,Inkling #738,A looping cartoon-squid PFP stacked from painterly trait layers. Minted on Ink.,738.gif,Celadon Garden,Gold Wash,Bobtail,Ember,Clean mantle,Wash Hood
739,Inkling #739,A looping cartoon-squid PFP stacked from painterly trait layers. Minted on Ink.,739.gif,Rose Gold,No bloom,Reef,Ember,Ink Splash,Kelp Flow
740,Inkling #740,A looping cartoon-squid PFP stacked from painterly trait layers. Minted on Ink.,740.gif,Charcoal Wash,No bloom,Cuttle,Ember,Ink Splash,Bare mantle
741,Inkling #741,A looping cartoon-squid PFP stacked from painterly trait layers. Minted on Ink.,741.gif,Celadon Garden,Gold Wash,Cuttle,Lidded,Red Seal,Ink Ribbon
742,Inkling #742,A looping cartoon-squid PFP stacked from painterly trait layers. Minted on Ink.,742.gif,Charcoal Wash,Silver Veil,Firefly,Bright,Slow Drip,Bare mantle
743,Inkling #743,A looping cartoon-squid PFP stacked from painterly trait layers. Minted on Ink.,743.gif,Rose Gold,Violet Haze,Firefly,Ember,Slow Drip,Pearl Cluster
744,Inkling #744,A looping cartoon-squid PFP stacked from painterly trait layers. Minted on Ink.,744.gif,Indigo Night,Violet Haze,Reef,Wink,Slow Drip,Kelp Flow
745,Inkling #745,A looping cartoon-squid PFP stacked from painterly trait layers. Minted on Ink.,745.gif,Storm Grey,No bloom,Dumbo,Lidded,Clean mantle,Ink Ribbon
746,Inkling #746,A looping cartoon-squid PFP stacked from painterly trait layers. Minted on Ink.,746.gif,Rose Gold,Teal Mist,Cuttle,Ember,Brush Streak,Ink Ribbon
747,Inkling #747,A looping cartoon-squid PFP stacked from painterly trait layers. Minted on Ink.,747.gif,Storm Grey,Violet Haze,Glass,Bright,Clean mantle,Bare mantle
748,Inkling #748,A looping cartoon-squid PFP stacked from painterly trait layers. Minted on Ink.,748.gif,Cream Rice,Violet Haze,Glass,Wink,Ink Splash,Kelp Flow
749,Inkling #749,A looping cartoon-squid PFP stacked from painterly trait layers. Minted on Ink.,749.gif,Peach Dusk,No bloom,Cuttle,Ember,Ink Splash,Wash Hood
750,Inkling #750,A looping cartoon-squid PFP stacked from painterly trait layers. Minted on Ink.,750.gif,Indigo Night,Silver Veil,Reef,Ember,Slow Drip,Bare mantle
751,Inkling #751,A looping cartoon-squid PFP stacked from painterly trait layers. Minted on Ink.,751.gif,Rose Gold,No bloom,Firefly,Sleepy,Clean mantle,Bare mantle
752,Inkling #752,A looping cartoon-squid PFP stacked from painterly trait layers. Minted on Ink.,752.gif,Celadon Garden,Violet Haze,Dumbo,Sleepy,Red Seal,Ink Ribbon
753,Inkling #753,A looping cartoon-squid PFP stacked from painterly trait layers. Minted on Ink.,753.gif,Indigo Night,Gold Wash,Reef,Sleepy,Red Seal,Ink Ribbon
754,Inkling #754,A looping cartoon-squid PFP stacked from painterly trait layers. Minted on Ink.,754.gif,Cream Rice,No bloom,Bobtail,Bright,Slow Drip,Kelp Flow
755,Inkling #755,A looping cartoon-squid PFP stacked from painterly trait layers. Minted on Ink.,755.gif,Peach Dusk,No bloom,Cuttle,Wink,Clean mantle,Soft Crown
756,Inkling #756,A looping cartoon-squid PFP stacked from painterly trait layers. Minted on Ink.,756.gif,Rose Gold,Gold Wash,Cuttle,Lidded,Slow Drip,Bare mantle
757,Inkling #757,A looping cartoon-squid PFP stacked from painterly trait layers. Minted on Ink.,757.gif,Wine Paper,No bloom,Glass,Ember,Clean mantle,Pearl Cluster
758,Inkling #758,A looping cartoon-squid PFP stacked from painterly trait layers. Minted on Ink.,758.gif,Wine Paper,Violet Haze,Bobtail,Bright,Slow Drip,Ink Ribbon
759,Inkling #759,A looping cartoon-squid PFP stacked from painterly trait layers. Minted on Ink.,759.gif,Charcoal Wash,Silver Veil,Cuttle,Lidded,Slow Drip,Ink Ribbon
760,Inkling #760,A looping cartoon-squid PFP stacked from painterly trait layers. Minted on Ink.,760.gif,Rose Gold,No bloom,Bobtail,Dew,Brush Streak,Ink Ribbon
761,Inkling #761,A looping cartoon-squid PFP stacked from painterly trait layers. Minted on Ink.,761.gif,Wine Paper,Teal Mist,Bobtail,Ember,Ink Splash,Ink Ribbon
762,Inkling #762,A looping cartoon-squid PFP stacked from painterly trait layers. Minted on Ink.,762.gif,Celadon Garden,Violet Haze,Dumbo,Ember,Clean mantle,Kelp Flow
763,Inkling #763,A looping cartoon-squid PFP stacked from painterly trait layers. Minted on Ink.,763.gif,Indigo Night,Coral Glow,Giant,Sleepy,Ink Splash,Kelp Flow
764,Inkling #764,A looping cartoon-squid PFP stacked from painterly trait layers. Minted on Ink.,764.gif,Charcoal Wash,No bloom,Firefly,Dew,Clean mantle,Kelp Flow
765,Inkling #765,A looping cartoon-squid PFP stacked from painterly trait layers. Minted on Ink.,765.gif,Storm Grey,Silver Veil,Reef,Bright,Ink Splash,Pearl Cluster
766,Inkling #766,A looping cartoon-squid PFP stacked from painterly trait layers. Minted on Ink.,766.gif,Rose Gold,Coral Glow,Cuttle,Wink,Clean mantle,Bare mantle
767,Inkling #767,A looping cartoon-squid PFP stacked from painterly trait layers. Minted on Ink.,767.gif,Indigo Night,Gold Wash,Dumbo,Bright,Clean mantle,Bare mantle
768,Inkling #768,A looping cartoon-squid PFP stacked from painterly trait layers. Minted on Ink.,768.gif,Indigo Night,Violet Haze,Bobtail,Bright,Ink Splash,Kelp Flow
769,Inkling #769,A looping cartoon-squid PFP stacked from painterly trait layers. Minted on Ink.,769.gif,Indigo Night,Coral Glow,Bobtail,Dew,Clean mantle,Ink Ribbon
770,Inkling #770,A looping cartoon-squid PFP stacked from painterly trait layers. Minted on Ink.,770.gif,Celadon Garden,No bloom,Dumbo,Dew,Brush Streak,Kelp Flow
771,Inkling #771,A looping cartoon-squid PFP stacked from painterly trait layers. Minted on Ink.,771.gif,Wine Paper,No bloom,Giant,Ember,Clean mantle,Bare mantle
772,Inkling #772,A looping cartoon-squid PFP stacked from painterly trait layers. Minted on Ink.,772.gif,Indigo Night,Violet Haze,Dumbo,Ember,Ink Splash,Bare mantle
773,Inkling #773,A looping cartoon-squid PFP stacked from painterly trait layers. Minted on Ink.,773.gif,Indigo Night,Violet Haze,Inked,Lidded,Clean mantle,Soft Crown
774,Inkling #774,A looping cartoon-squid PFP stacked from painterly trait layers. Minted on Ink.,774.gif,Cream Rice,Violet Haze,Cuttle,Ember,Clean mantle,Kelp Flow
775,Inkling #775,A looping cartoon-squid PFP stacked from painterly trait layers. Minted on Ink.,775.gif,Rose Gold,No bloom,Reef,Bright,Ink Splash,Pearl Cluster
776,Inkling #776,A looping cartoon-squid PFP stacked from painterly trait layers. Minted on Ink.,776.gif,Celadon Garden,Violet Haze,Firefly,Ember,Clean mantle,Pearl Cluster
777,Inkling #777,A looping cartoon-squid PFP stacked from painterly trait layers. Minted on Ink.,777.gif,Rose Gold,Violet Haze,Glass,Wink,Slow Drip,Bare mantle
778,Inkling #778,A looping cartoon-squid PFP stacked from painterly trait layers. Minted on Ink.,778.gif,Wine Paper,No bloom,Giant,Sleepy,Brush Streak,Pearl Cluster
779,Inkling #779,A looping cartoon-squid PFP stacked from painterly trait layers. Minted on Ink.,779.gif,Peach Dusk,Violet Haze,Bobtail,Wink,Clean mantle,Soft Crown
780,Inkling #780,A looping cartoon-squid PFP stacked from painterly trait layers. Minted on Ink.,780.gif,Storm Grey,No bloom,Giant,Bright,Ink Splash,Pearl Cluster
781,Inkling #781,A looping cartoon-squid PFP stacked from painterly trait layers. Minted on Ink.,781.gif,Celadon Garden,No bloom,Glass,Wink,Brush Streak,Kelp Flow
782,Inkling #782,A looping cartoon-squid PFP stacked from painterly trait layers. Minted on Ink.,782.gif,Rose Gold,No bloom,Cuttle,Dew,Clean mantle,Soft Crown
783,Inkling #783,A looping cartoon-squid PFP stacked from painterly trait layers. Minted on Ink.,783.gif,Storm Grey,Coral Glow,Inked,Bright,Red Seal,Pearl Cluster
784,Inkling #784,A looping cartoon-squid PFP stacked from painterly trait layers. Minted on Ink.,784.gif,Wine Paper,Gold Wash,Firefly,Sleepy,Clean mantle,Wash Hood
785,Inkling #785,A looping cartoon-squid PFP stacked from painterly trait layers. Minted on Ink.,785.gif,Cream Rice,Violet Haze,Firefly,Lidded,Clean mantle,Wash Hood
786,Inkling #786,A looping cartoon-squid PFP stacked from painterly trait layers. Minted on Ink.,786.gif,Rose Gold,Gold Wash,Glass,Sleepy,Ink Splash,Ink Ribbon
787,Inkling #787,A looping cartoon-squid PFP stacked from painterly trait layers. Minted on Ink.,787.gif,Rose Gold,Coral Glow,Reef,Wink,Ink Splash,Pearl Cluster
788,Inkling #788,A looping cartoon-squid PFP stacked from painterly trait layers. Minted on Ink.,788.gif,Indigo Night,Silver Veil,Giant,Lidded,Clean mantle,Kelp Flow
789,Inkling #789,A looping cartoon-squid PFP stacked from painterly trait layers. Minted on Ink.,789.gif,Indigo Night,Teal Mist,Inked,Bright,Ink Splash,Wash Hood
790,Inkling #790,A looping cartoon-squid PFP stacked from painterly trait layers. Minted on Ink.,790.gif,Storm Grey,Teal Mist,Firefly,Bright,Brush Streak,Wash Hood
791,Inkling #791,A looping cartoon-squid PFP stacked from painterly trait layers. Minted on Ink.,791.gif,Celadon Garden,Coral Glow,Cuttle,Bright,Red Seal,Soft Crown
792,Inkling #792,A looping cartoon-squid PFP stacked from painterly trait layers. Minted on Ink.,792.gif,Charcoal Wash,No bloom,Inked,Bright,Clean mantle,Ink Ribbon
793,Inkling #793,A looping cartoon-squid PFP stacked from painterly trait layers. Minted on Ink.,793.gif,Celadon Garden,Violet Haze,Dumbo,Sleepy,Brush Streak,Ink Ribbon
794,Inkling #794,A looping cartoon-squid PFP stacked from painterly trait layers. Minted on Ink.,794.gif,Rose Gold,Teal Mist,Dumbo,Sleepy,Brush Streak,Pearl Cluster
795,Inkling #795,A looping cartoon-squid PFP stacked from painterly trait layers. Minted on Ink.,795.gif,Storm Grey,No bloom,Dumbo,Sleepy,Clean mantle,Pearl Cluster
796,Inkling #796,A looping cartoon-squid PFP stacked from painterly trait layers. Minted on Ink.,796.gif,Cream Rice,Teal Mist,Reef,Wink,Slow Drip,Pearl Cluster
797,Inkling #797,A looping cartoon-squid PFP stacked from painterly trait layers. Minted on Ink.,797.gif,Indigo Night,Violet Haze,Glass,Sleepy,Clean mantle,Ink Ribbon
798,Inkling #798,A looping cartoon-squid PFP stacked from painterly trait layers. Minted on Ink.,798.gif,Charcoal Wash,Violet Haze,Giant,Wink,Slow Drip,Wash Hood
799,Inkling #799,A looping cartoon-squid PFP stacked from painterly trait layers. Minted on Ink.,799.gif,Charcoal Wash,No bloom,Firefly,Dew,Ink Splash,Bare mantle
800,Inkling #800,A looping cartoon-squid PFP stacked from painterly trait layers. Minted on Ink.,800.gif,Charcoal Wash,Violet Haze,Firefly,Ember,Slow Drip,Ink Ribbon
801,Inkling #801,A looping cartoon-squid PFP stacked from painterly trait layers. Minted on Ink.,801.gif,Charcoal Wash,Silver Veil,Firefly,Sleepy,Brush Streak,Pearl Cluster
802,Inkling #802,A looping cartoon-squid PFP stacked from painterly trait layers. Minted on Ink.,802.gif,Peach Dusk,Coral Glow,Giant,Sleepy,Brush Streak,Ink Ribbon
803,Inkling #803,A looping cartoon-squid PFP stacked from painterly trait layers. Minted on Ink.,803.gif,Cream Rice,No bloom,Giant,Bright,Clean mantle,Pearl Cluster
804,Inkling #804,A looping cartoon-squid PFP stacked from painterly trait layers. Minted on Ink.,804.gif,Charcoal Wash,Teal Mist,Firefly,Ember,Brush Streak,Wash Hood
805,Inkling #805,A looping cartoon-squid PFP stacked from painterly trait layers. Minted on Ink.,805.gif,Cream Rice,Silver Veil,Firefly,Sleepy,Clean mantle,Wash Hood
806,Inkling #806,A looping cartoon-squid PFP stacked from painterly trait layers. Minted on Ink.,806.gif,Storm Grey,No bloom,Bobtail,Lidded,Ink Splash,Ink Ribbon
807,Inkling #807,A looping cartoon-squid PFP stacked from painterly trait layers. Minted on Ink.,807.gif,Celadon Garden,Violet Haze,Dumbo,Sleepy,Clean mantle,Wash Hood
808,Inkling #808,A looping cartoon-squid PFP stacked from painterly trait layers. Minted on Ink.,808.gif,Cream Rice,Teal Mist,Cuttle,Wink,Brush Streak,Soft Crown
809,Inkling #809,A looping cartoon-squid PFP stacked from painterly trait layers. Minted on Ink.,809.gif,Indigo Night,Violet Haze,Reef,Dew,Slow Drip,Bare mantle
810,Inkling #810,A looping cartoon-squid PFP stacked from painterly trait layers. Minted on Ink.,810.gif,Cream Rice,No bloom,Inked,Lidded,Red Seal,Soft Crown
811,Inkling #811,A looping cartoon-squid PFP stacked from painterly trait layers. Minted on Ink.,811.gif,Rose Gold,Silver Veil,Cuttle,Bright,Slow Drip,Wash Hood
812,Inkling #812,A looping cartoon-squid PFP stacked from painterly trait layers. Minted on Ink.,812.gif,Celadon Garden,Coral Glow,Giant,Wink,Slow Drip,Ink Ribbon
813,Inkling #813,A looping cartoon-squid PFP stacked from painterly trait layers. Minted on Ink.,813.gif,Cream Rice,Coral Glow,Glass,Lidded,Ink Splash,Bare mantle
814,Inkling #814,A looping cartoon-squid PFP stacked from painterly trait layers. Minted on Ink.,814.gif,Cream Rice,Teal Mist,Dumbo,Wink,Slow Drip,Bare mantle
815,Inkling #815,A looping cartoon-squid PFP stacked from painterly trait layers. Minted on Ink.,815.gif,Celadon Garden,No bloom,Reef,Bright,Clean mantle,Soft Crown
816,Inkling #816,A looping cartoon-squid PFP stacked from painterly trait layers. Minted on Ink.,816.gif,Indigo Night,Teal Mist,Glass,Ember,Brush Streak,Bare mantle
817,Inkling #817,A looping cartoon-squid PFP stacked from painterly trait layers. Minted on Ink.,817.gif,Indigo Night,Teal Mist,Bobtail,Ember,Slow Drip,Soft Crown
818,Inkling #818,A looping cartoon-squid PFP stacked from painterly trait layers. Minted on Ink.,818.gif,Peach Dusk,Gold Wash,Reef,Bright,Clean mantle,Soft Crown
819,Inkling #819,A looping cartoon-squid PFP stacked from painterly trait layers. Minted on Ink.,819.gif,Peach Dusk,No bloom,Glass,Wink,Slow Drip,Wash Hood
820,Inkling #820,A looping cartoon-squid PFP stacked from painterly trait layers. Minted on Ink.,820.gif,Indigo Night,Coral Glow,Glass,Sleepy,Clean mantle,Bare mantle
821,Inkling #821,A looping cartoon-squid PFP stacked from painterly trait layers. Minted on Ink.,821.gif,Storm Grey,No bloom,Firefly,Lidded,Clean mantle,Bare mantle
822,Inkling #822,A looping cartoon-squid PFP stacked from painterly trait layers. Minted on Ink.,822.gif,Wine Paper,Gold Wash,Bobtail,Lidded,Ink Splash,Soft Crown
823,Inkling #823,A looping cartoon-squid PFP stacked from painterly trait layers. Minted on Ink.,823.gif,Celadon Garden,Teal Mist,Reef,Lidded,Red Seal,Bare mantle
824,Inkling #824,A looping cartoon-squid PFP stacked from painterly trait layers. Minted on Ink.,824.gif,Celadon Garden,Gold Wash,Reef,Bright,Ink Splash,Bare mantle
825,Inkling #825,A looping cartoon-squid PFP stacked from painterly trait layers. Minted on Ink.,825.gif,Indigo Night,Violet Haze,Cuttle,Ember,Clean mantle,Soft Crown
826,Inkling #826,A looping cartoon-squid PFP stacked from painterly trait layers. Minted on Ink.,826.gif,Cream Rice,Teal Mist,Reef,Wink,Brush Streak,Ink Ribbon
827,Inkling #827,A looping cartoon-squid PFP stacked from painterly trait layers. Minted on Ink.,827.gif,Rose Gold,Silver Veil,Cuttle,Dew,Red Seal,Bare mantle
828,Inkling #828,A looping cartoon-squid PFP stacked from painterly trait layers. Minted on Ink.,828.gif,Charcoal Wash,Coral Glow,Firefly,Wink,Clean mantle,Soft Crown
829,Inkling #829,A looping cartoon-squid PFP stacked from painterly trait layers. Minted on Ink.,829.gif,Storm Grey,Violet Haze,Dumbo,Sleepy,Clean mantle,Bare mantle
830,Inkling #830,A looping cartoon-squid PFP stacked from painterly trait layers. Minted on Ink.,830.gif,Peach Dusk,Teal Mist,Bobtail,Ember,Slow Drip,Wash Hood
831,Inkling #831,A looping cartoon-squid PFP stacked from painterly trait layers. Minted on Ink.,831.gif,Peach Dusk,No bloom,Glass,Bright,Red Seal,Pearl Cluster
832,Inkling #832,A looping cartoon-squid PFP stacked from painterly trait layers. Minted on Ink.,832.gif,Indigo Night,No bloom,Giant,Sleepy,Clean mantle,Ink Ribbon
833,Inkling #833,A looping cartoon-squid PFP stacked from painterly trait layers. Minted on Ink.,833.gif,Rose Gold,Coral Glow,Firefly,Wink,Slow Drip,Soft Crown
834,Inkling #834,A looping cartoon-squid PFP stacked from painterly trait layers. Minted on Ink.,834.gif,Storm Grey,Teal Mist,Bobtail,Wink,Red Seal,Wash Hood
835,Inkling #835,A looping cartoon-squid PFP stacked from painterly trait layers. Minted on Ink.,835.gif,Wine Paper,Silver Veil,Cuttle,Lidded,Clean mantle,Wash Hood
836,Inkling #836,A looping cartoon-squid PFP stacked from painterly trait layers. Minted on Ink.,836.gif,Indigo Night,No bloom,Bobtail,Lidded,Ink Splash,Pearl Cluster
837,Inkling #837,A looping cartoon-squid PFP stacked from painterly trait layers. Minted on Ink.,837.gif,Celadon Garden,Violet Haze,Reef,Dew,Slow Drip,Kelp Flow
838,Inkling #838,A looping cartoon-squid PFP stacked from painterly trait layers. Minted on Ink.,838.gif,Rose Gold,No bloom,Cuttle,Ember,Slow Drip,Ink Ribbon
839,Inkling #839,A looping cartoon-squid PFP stacked from painterly trait layers. Minted on Ink.,839.gif,Storm Grey,Teal Mist,Reef,Wink,Brush Streak,Wash Hood
840,Inkling #840,A looping cartoon-squid PFP stacked from painterly trait layers. Minted on Ink.,840.gif,Charcoal Wash,Coral Glow,Dumbo,Bright,Clean mantle,Pearl Cluster
841,Inkling #841,A looping cartoon-squid PFP stacked from painterly trait layers. Minted on Ink.,841.gif,Storm Grey,No bloom,Dumbo,Bright,Clean mantle,Wash Hood
842,Inkling #842,A looping cartoon-squid PFP stacked from painterly trait layers. Minted on Ink.,842.gif,Celadon Garden,Gold Wash,Reef,Lidded,Red Seal,Ink Ribbon
843,Inkling #843,A looping cartoon-squid PFP stacked from painterly trait layers. Minted on Ink.,843.gif,Charcoal Wash,Teal Mist,Bobtail,Ember,Brush Streak,Ink Ribbon
844,Inkling #844,A looping cartoon-squid PFP stacked from painterly trait layers. Minted on Ink.,844.gif,Peach Dusk,Violet Haze,Glass,Sleepy,Clean mantle,Kelp Flow
845,Inkling #845,A looping cartoon-squid PFP stacked from painterly trait layers. Minted on Ink.,845.gif,Storm Grey,Teal Mist,Dumbo,Bright,Ink Splash,Pearl Cluster
846,Inkling #846,A looping cartoon-squid PFP stacked from painterly trait layers. Minted on Ink.,846.gif,Storm Grey,No bloom,Bobtail,Dew,Clean mantle,Bare mantle
847,Inkling #847,A looping cartoon-squid PFP stacked from painterly trait layers. Minted on Ink.,847.gif,Indigo Night,Gold Wash,Cuttle,Sleepy,Red Seal,Pearl Cluster
848,Inkling #848,A looping cartoon-squid PFP stacked from painterly trait layers. Minted on Ink.,848.gif,Cream Rice,Violet Haze,Dumbo,Sleepy,Clean mantle,Soft Crown
849,Inkling #849,A looping cartoon-squid PFP stacked from painterly trait layers. Minted on Ink.,849.gif,Celadon Garden,Coral Glow,Reef,Dew,Slow Drip,Ink Ribbon
850,Inkling #850,A looping cartoon-squid PFP stacked from painterly trait layers. Minted on Ink.,850.gif,Cream Rice,Coral Glow,Glass,Sleepy,Ink Splash,Kelp Flow
851,Inkling #851,A looping cartoon-squid PFP stacked from painterly trait layers. Minted on Ink.,851.gif,Celadon Garden,Silver Veil,Bobtail,Bright,Slow Drip,Kelp Flow
852,Inkling #852,A looping cartoon-squid PFP stacked from painterly trait layers. Minted on Ink.,852.gif,Cream Rice,Gold Wash,Reef,Wink,Clean mantle,Soft Crown
853,Inkling #853,A looping cartoon-squid PFP stacked from painterly trait layers. Minted on Ink.,853.gif,Storm Grey,Silver Veil,Giant,Wink,Clean mantle,Wash Hood
854,Inkling #854,A looping cartoon-squid PFP stacked from painterly trait layers. Minted on Ink.,854.gif,Rose Gold,Violet Haze,Giant,Wink,Ink Splash,Pearl Cluster
855,Inkling #855,A looping cartoon-squid PFP stacked from painterly trait layers. Minted on Ink.,855.gif,Peach Dusk,Silver Veil,Dumbo,Bright,Clean mantle,Ink Ribbon
856,Inkling #856,A looping cartoon-squid PFP stacked from painterly trait layers. Minted on Ink.,856.gif,Storm Grey,No bloom,Reef,Dew,Brush Streak,Bare mantle
857,Inkling #857,A looping cartoon-squid PFP stacked from painterly trait layers. Minted on Ink.,857.gif,Cream Rice,Violet Haze,Giant,Wink,Ink Splash,Pearl Cluster
858,Inkling #858,A looping cartoon-squid PFP stacked from painterly trait layers. Minted on Ink.,858.gif,Charcoal Wash,No bloom,Glass,Lidded,Slow Drip,Soft Crown
859,Inkling #859,A looping cartoon-squid PFP stacked from painterly trait layers. Minted on Ink.,859.gif,Wine Paper,No bloom,Bobtail,Lidded,Brush Streak,Ink Ribbon
860,Inkling #860,A looping cartoon-squid PFP stacked from painterly trait layers. Minted on Ink.,860.gif,Peach Dusk,Teal Mist,Reef,Lidded,Ink Splash,Bare mantle
861,Inkling #861,A looping cartoon-squid PFP stacked from painterly trait layers. Minted on Ink.,861.gif,Indigo Night,Coral Glow,Glass,Sleepy,Brush Streak,Wash Hood
862,Inkling #862,A looping cartoon-squid PFP stacked from painterly trait layers. Minted on Ink.,862.gif,Peach Dusk,Coral Glow,Dumbo,Dew,Clean mantle,Soft Crown
863,Inkling #863,A looping cartoon-squid PFP stacked from painterly trait layers. Minted on Ink.,863.gif,Cream Rice,No bloom,Bobtail,Wink,Clean mantle,Bare mantle
864,Inkling #864,A looping cartoon-squid PFP stacked from painterly trait layers. Minted on Ink.,864.gif,Charcoal Wash,No bloom,Reef,Wink,Clean mantle,Bare mantle
865,Inkling #865,A looping cartoon-squid PFP stacked from painterly trait layers. Minted on Ink.,865.gif,Wine Paper,Coral Glow,Firefly,Bright,Ink Splash,Bare mantle
866,Inkling #866,A looping cartoon-squid PFP stacked from painterly trait layers. Minted on Ink.,866.gif,Peach Dusk,Silver Veil,Cuttle,Wink,Ink Splash,Wash Hood
867,Inkling #867,A looping cartoon-squid PFP stacked from painterly trait layers. Minted on Ink.,867.gif,Peach Dusk,No bloom,Bobtail,Lidded,Brush Streak,Kelp Flow
868,Inkling #868,A looping cartoon-squid PFP stacked from painterly trait layers. Minted on Ink.,868.gif,Celadon Garden,Teal Mist,Dumbo,Bright,Red Seal,Kelp Flow
869,Inkling #869,A looping cartoon-squid PFP stacked from painterly trait layers. Minted on Ink.,869.gif,Storm Grey,Gold Wash,Glass,Ember,Ink Splash,Bare mantle
870,Inkling #870,A looping cartoon-squid PFP stacked from painterly trait layers. Minted on Ink.,870.gif,Storm Grey,No bloom,Firefly,Lidded,Slow Drip,Pearl Cluster
871,Inkling #871,A looping cartoon-squid PFP stacked from painterly trait layers. Minted on Ink.,871.gif,Storm Grey,Gold Wash,Glass,Wink,Brush Streak,Kelp Flow
872,Inkling #872,A looping cartoon-squid PFP stacked from painterly trait layers. Minted on Ink.,872.gif,Celadon Garden,Teal Mist,Glass,Sleepy,Clean mantle,Ink Ribbon
873,Inkling #873,A looping cartoon-squid PFP stacked from painterly trait layers. Minted on Ink.,873.gif,Charcoal Wash,Silver Veil,Glass,Sleepy,Slow Drip,Ink Ribbon
874,Inkling #874,A looping cartoon-squid PFP stacked from painterly trait layers. Minted on Ink.,874.gif,Cream Rice,Violet Haze,Dumbo,Wink,Clean mantle,Wash Hood
875,Inkling #875,A looping cartoon-squid PFP stacked from painterly trait layers. Minted on Ink.,875.gif,Charcoal Wash,Violet Haze,Giant,Dew,Ink Splash,Kelp Flow
876,Inkling #876,A looping cartoon-squid PFP stacked from painterly trait layers. Minted on Ink.,876.gif,Charcoal Wash,Coral Glow,Firefly,Sleepy,Red Seal,Kelp Flow
877,Inkling #877,A looping cartoon-squid PFP stacked from painterly trait layers. Minted on Ink.,877.gif,Cream Rice,Gold Wash,Firefly,Ember,Clean mantle,Soft Crown
878,Inkling #878,A looping cartoon-squid PFP stacked from painterly trait layers. Minted on Ink.,878.gif,Indigo Night,Gold Wash,Cuttle,Lidded,Red Seal,Bare mantle
879,Inkling #879,A looping cartoon-squid PFP stacked from painterly trait layers. Minted on Ink.,879.gif,Cream Rice,Teal Mist,Dumbo,Lidded,Red Seal,Kelp Flow
880,Inkling #880,A looping cartoon-squid PFP stacked from painterly trait layers. Minted on Ink.,880.gif,Wine Paper,No bloom,Bobtail,Bright,Clean mantle,Kelp Flow
881,Inkling #881,A looping cartoon-squid PFP stacked from painterly trait layers. Minted on Ink.,881.gif,Celadon Garden,Violet Haze,Bobtail,Ember,Ink Splash,Ink Ribbon
882,Inkling #882,A looping cartoon-squid PFP stacked from painterly trait layers. Minted on Ink.,882.gif,Rose Gold,Coral Glow,Firefly,Dew,Red Seal,Bare mantle
883,Inkling #883,A looping cartoon-squid PFP stacked from painterly trait layers. Minted on Ink.,883.gif,Indigo Night,Teal Mist,Giant,Bright,Ink Splash,Pearl Cluster
884,Inkling #884,A looping cartoon-squid PFP stacked from painterly trait layers. Minted on Ink.,884.gif,Celadon Garden,Violet Haze,Inked,Lidded,Red Seal,Ink Ribbon
885,Inkling #885,A looping cartoon-squid PFP stacked from painterly trait layers. Minted on Ink.,885.gif,Rose Gold,No bloom,Firefly,Wink,Clean mantle,Bare mantle
886,Inkling #886,A looping cartoon-squid PFP stacked from painterly trait layers. Minted on Ink.,886.gif,Wine Paper,No bloom,Cuttle,Sleepy,Red Seal,Bare mantle
887,Inkling #887,A looping cartoon-squid PFP stacked from painterly trait layers. Minted on Ink.,887.gif,Celadon Garden,No bloom,Reef,Bright,Clean mantle,Bare mantle
888,Inkling #888,A looping cartoon-squid PFP stacked from painterly trait layers. Minted on Ink.,888.gif,Celadon Garden,Violet Haze,Dumbo,Lidded,Clean mantle,Soft Crown
889,Inkling #889,A looping cartoon-squid PFP stacked from painterly trait layers. Minted on Ink.,889.gif,Cream Rice,No bloom,Bobtail,Dew,Clean mantle,Bare mantle
890,Inkling #890,A looping cartoon-squid PFP stacked from painterly trait layers. Minted on Ink.,890.gif,Charcoal Wash,Teal Mist,Dumbo,Lidded,Ink Splash,Ink Ribbon
891,Inkling #891,A looping cartoon-squid PFP stacked from painterly trait layers. Minted on Ink.,891.gif,Indigo Night,Teal Mist,Giant,Bright,Red Seal,Kelp Flow
892,Inkling #892,A looping cartoon-squid PFP stacked from painterly trait layers. Minted on Ink.,892.gif,Rose Gold,Teal Mist,Bobtail,Lidded,Red Seal,Soft Crown
893,Inkling #893,A looping cartoon-squid PFP stacked from painterly trait layers. Minted on Ink.,893.gif,Indigo Night,No bloom,Reef,Dew,Clean mantle,Wash Hood
894,Inkling #894,A looping cartoon-squid PFP stacked from painterly trait layers. Minted on Ink.,894.gif,Celadon Garden,Violet Haze,Reef,Lidded,Slow Drip,Kelp Flow
895,Inkling #895,A looping cartoon-squid PFP stacked from painterly trait layers. Minted on Ink.,895.gif,Peach Dusk,No bloom,Dumbo,Wink,Ink Splash,Pearl Cluster
896,Inkling #896,A looping cartoon-squid PFP stacked from painterly trait layers. Minted on Ink.,896.gif,Storm Grey,Coral Glow,Cuttle,Bright,Red Seal,Pearl Cluster
897,Inkling #897,A looping cartoon-squid PFP stacked from painterly trait layers. Minted on Ink.,897.gif,Indigo Night,Silver Veil,Reef,Sleepy,Clean mantle,Bare mantle
898,Inkling #898,A looping cartoon-squid PFP stacked from painterly trait layers. Minted on Ink.,898.gif,Rose Gold,No bloom,Dumbo,Bright,Clean mantle,Wash Hood
899,Inkling #899,A looping cartoon-squid PFP stacked from painterly trait layers. Minted on Ink.,899.gif,Cream Rice,Teal Mist,Reef,Lidded,Clean mantle,Bare mantle
900,Inkling #900,A looping cartoon-squid PFP stacked from painterly trait layers. Minted on Ink.,900.gif,Charcoal Wash,Teal Mist,Inked,Ember,Clean mantle,Kelp Flow
901,Inkling #901,A looping cartoon-squid PFP stacked from painterly trait layers. Minted on Ink.,901.gif,Rose Gold,Silver Veil,Reef,Lidded,Clean mantle,Soft Crown
902,Inkling #902,A looping cartoon-squid PFP stacked from painterly trait layers. Minted on Ink.,902.gif,Rose Gold,No bloom,Firefly,Bright,Clean mantle,Wash Hood
903,Inkling #903,A looping cartoon-squid PFP stacked from painterly trait layers. Minted on Ink.,903.gif,Celadon Garden,Teal Mist,Cuttle,Ember,Clean mantle,Bare mantle
904,Inkling #904,A looping cartoon-squid PFP stacked from painterly trait layers. Minted on Ink.,904.gif,Charcoal Wash,Teal Mist,Glass,Sleepy,Brush Streak,Ink Ribbon
905,Inkling #905,A looping cartoon-squid PFP stacked from painterly trait layers. Minted on Ink.,905.gif,Indigo Night,Silver Veil,Giant,Wink,Slow Drip,Ink Ribbon
906,Inkling #906,A looping cartoon-squid PFP stacked from painterly trait layers. Minted on Ink.,906.gif,Rose Gold,Coral Glow,Reef,Lidded,Brush Streak,Pearl Cluster
907,Inkling #907,A looping cartoon-squid PFP stacked from painterly trait layers. Minted on Ink.,907.gif,Peach Dusk,Silver Veil,Cuttle,Wink,Clean mantle,Ink Ribbon
908,Inkling #908,A looping cartoon-squid PFP stacked from painterly trait layers. Minted on Ink.,908.gif,Celadon Garden,Violet Haze,Inked,Sleepy,Clean mantle,Wash Hood
909,Inkling #909,A looping cartoon-squid PFP stacked from painterly trait layers. Minted on Ink.,909.gif,Charcoal Wash,Gold Wash,Bobtail,Ember,Ink Splash,Soft Crown
910,Inkling #910,A looping cartoon-squid PFP stacked from painterly trait layers. Minted on Ink.,910.gif,Charcoal Wash,Teal Mist,Bobtail,Sleepy,Ink Splash,Wash Hood
911,Inkling #911,A looping cartoon-squid PFP stacked from painterly trait layers. Minted on Ink.,911.gif,Cream Rice,Violet Haze,Bobtail,Wink,Ink Splash,Bare mantle
912,Inkling #912,A looping cartoon-squid PFP stacked from painterly trait layers. Minted on Ink.,912.gif,Indigo Night,Teal Mist,Bobtail,Wink,Red Seal,Bare mantle
913,Inkling #913,A looping cartoon-squid PFP stacked from painterly trait layers. Minted on Ink.,913.gif,Indigo Night,No bloom,Firefly,Bright,Slow Drip,Soft Crown
914,Inkling #914,A looping cartoon-squid PFP stacked from painterly trait layers. Minted on Ink.,914.gif,Storm Grey,Teal Mist,Glass,Lidded,Slow Drip,Wash Hood
915,Inkling #915,A looping cartoon-squid PFP stacked from painterly trait layers. Minted on Ink.,915.gif,Celadon Garden,Violet Haze,Giant,Bright,Slow Drip,Kelp Flow
916,Inkling #916,A looping cartoon-squid PFP stacked from painterly trait layers. Minted on Ink.,916.gif,Cream Rice,Gold Wash,Bobtail,Bright,Ink Splash,Pearl Cluster
917,Inkling #917,A looping cartoon-squid PFP stacked from painterly trait layers. Minted on Ink.,917.gif,Rose Gold,Coral Glow,Inked,Lidded,Clean mantle,Kelp Flow
918,Inkling #918,A looping cartoon-squid PFP stacked from painterly trait layers. Minted on Ink.,918.gif,Indigo Night,No bloom,Firefly,Dew,Ink Splash,Soft Crown
919,Inkling #919,A looping cartoon-squid PFP stacked from painterly trait layers. Minted on Ink.,919.gif,Celadon Garden,Teal Mist,Giant,Wink,Slow Drip,Wash Hood
920,Inkling #920,A looping cartoon-squid PFP stacked from painterly trait layers. Minted on Ink.,920.gif,Wine Paper,Coral Glow,Firefly,Bright,Slow Drip,Ink Ribbon
921,Inkling #921,A looping cartoon-squid PFP stacked from painterly trait layers. Minted on Ink.,921.gif,Wine Paper,Teal Mist,Bobtail,Dew,Clean mantle,Bare mantle
922,Inkling #922,A looping cartoon-squid PFP stacked from painterly trait layers. Minted on Ink.,922.gif,Peach Dusk,Coral Glow,Reef,Dew,Slow Drip,Pearl Cluster
923,Inkling #923,A looping cartoon-squid PFP stacked from painterly trait layers. Minted on Ink.,923.gif,Charcoal Wash,Teal Mist,Cuttle,Ember,Ink Splash,Ink Ribbon
924,Inkling #924,A looping cartoon-squid PFP stacked from painterly trait layers. Minted on Ink.,924.gif,Storm Grey,Silver Veil,Dumbo,Lidded,Brush Streak,Kelp Flow
925,Inkling #925,A looping cartoon-squid PFP stacked from painterly trait layers. Minted on Ink.,925.gif,Rose Gold,No bloom,Cuttle,Dew,Clean mantle,Ink Ribbon
926,Inkling #926,A looping cartoon-squid PFP stacked from painterly trait layers. Minted on Ink.,926.gif,Indigo Night,Teal Mist,Reef,Wink,Brush Streak,Bare mantle
927,Inkling #927,A looping cartoon-squid PFP stacked from painterly trait layers. Minted on Ink.,927.gif,Celadon Garden,Gold Wash,Reef,Sleepy,Clean mantle,Kelp Flow
928,Inkling #928,A looping cartoon-squid PFP stacked from painterly trait layers. Minted on Ink.,928.gif,Wine Paper,No bloom,Bobtail,Sleepy,Slow Drip,Bare mantle
929,Inkling #929,A looping cartoon-squid PFP stacked from painterly trait layers. Minted on Ink.,929.gif,Rose Gold,Coral Glow,Dumbo,Bright,Red Seal,Pearl Cluster
930,Inkling #930,A looping cartoon-squid PFP stacked from painterly trait layers. Minted on Ink.,930.gif,Storm Grey,No bloom,Cuttle,Lidded,Clean mantle,Pearl Cluster
931,Inkling #931,A looping cartoon-squid PFP stacked from painterly trait layers. Minted on Ink.,931.gif,Rose Gold,Coral Glow,Cuttle,Sleepy,Clean mantle,Soft Crown
932,Inkling #932,A looping cartoon-squid PFP stacked from painterly trait layers. Minted on Ink.,932.gif,Rose Gold,Gold Wash,Firefly,Wink,Clean mantle,Bare mantle
933,Inkling #933,A looping cartoon-squid PFP stacked from painterly trait layers. Minted on Ink.,933.gif,Peach Dusk,Teal Mist,Bobtail,Bright,Clean mantle,Pearl Cluster
934,Inkling #934,A looping cartoon-squid PFP stacked from painterly trait layers. Minted on Ink.,934.gif,Rose Gold,No bloom,Giant,Dew,Clean mantle,Bare mantle
935,Inkling #935,A looping cartoon-squid PFP stacked from painterly trait layers. Minted on Ink.,935.gif,Charcoal Wash,No bloom,Giant,Dew,Ink Splash,Bare mantle
936,Inkling #936,A looping cartoon-squid PFP stacked from painterly trait layers. Minted on Ink.,936.gif,Storm Grey,Gold Wash,Bobtail,Dew,Clean mantle,Bare mantle
937,Inkling #937,A looping cartoon-squid PFP stacked from painterly trait layers. Minted on Ink.,937.gif,Cream Rice,Teal Mist,Glass,Ember,Brush Streak,Pearl Cluster
938,Inkling #938,A looping cartoon-squid PFP stacked from painterly trait layers. Minted on Ink.,938.gif,Rose Gold,Teal Mist,Giant,Bright,Clean mantle,Kelp Flow
939,Inkling #939,A looping cartoon-squid PFP stacked from painterly trait layers. Minted on Ink.,939.gif,Wine Paper,Coral Glow,Giant,Bright,Brush Streak,Bare mantle
940,Inkling #940,A looping cartoon-squid PFP stacked from painterly trait layers. Minted on Ink.,940.gif,Rose Gold,Coral Glow,Reef,Lidded,Clean mantle,Ink Ribbon
941,Inkling #941,A looping cartoon-squid PFP stacked from painterly trait layers. Minted on Ink.,941.gif,Storm Grey,Teal Mist,Dumbo,Wink,Red Seal,Bare mantle
942,Inkling #942,A looping cartoon-squid PFP stacked from painterly trait layers. Minted on Ink.,942.gif,Indigo Night,No bloom,Dumbo,Wink,Ink Splash,Soft Crown
943,Inkling #943,A looping cartoon-squid PFP stacked from painterly trait layers. Minted on Ink.,943.gif,Indigo Night,Silver Veil,Cuttle,Lidded,Slow Drip,Pearl Cluster
944,Inkling #944,A looping cartoon-squid PFP stacked from painterly trait layers. Minted on Ink.,944.gif,Celadon Garden,Violet Haze,Dumbo,Dew,Ink Splash,Bare mantle
945,Inkling #945,A looping cartoon-squid PFP stacked from painterly trait layers. Minted on Ink.,945.gif,Peach Dusk,Gold Wash,Glass,Wink,Ink Splash,Bare mantle
946,Inkling #946,A looping cartoon-squid PFP stacked from painterly trait layers. Minted on Ink.,946.gif,Celadon Garden,Silver Veil,Dumbo,Bright,Clean mantle,Kelp Flow
947,Inkling #947,A looping cartoon-squid PFP stacked from painterly trait layers. Minted on Ink.,947.gif,Wine Paper,Coral Glow,Bobtail,Wink,Brush Streak,Pearl Cluster
948,Inkling #948,A looping cartoon-squid PFP stacked from painterly trait layers. Minted on Ink.,948.gif,Wine Paper,Teal Mist,Cuttle,Sleepy,Clean mantle,Pearl Cluster
949,Inkling #949,A looping cartoon-squid PFP stacked from painterly trait layers. Minted on Ink.,949.gif,Rose Gold,Coral Glow,Giant,Ember,Clean mantle,Wash Hood
950,Inkling #950,A looping cartoon-squid PFP stacked from painterly trait layers. Minted on Ink.,950.gif,Rose Gold,Violet Haze,Reef,Lidded,Brush Streak,Kelp Flow
951,Inkling #951,A looping cartoon-squid PFP stacked from painterly trait layers. Minted on Ink.,951.gif,Storm Grey,Coral Glow,Cuttle,Dew,Red Seal,Ink Ribbon
952,Inkling #952,A looping cartoon-squid PFP stacked from painterly trait layers. Minted on Ink.,952.gif,Celadon Garden,No bloom,Reef,Bright,Brush Streak,Bare mantle
953,Inkling #953,A looping cartoon-squid PFP stacked from painterly trait layers. Minted on Ink.,953.gif,Storm Grey,No bloom,Inked,Sleepy,Brush Streak,Soft Crown
954,Inkling #954,A looping cartoon-squid PFP stacked from painterly trait layers. Minted on Ink.,954.gif,Rose Gold,No bloom,Cuttle,Bright,Clean mantle,Wash Hood
955,Inkling #955,A looping cartoon-squid PFP stacked from painterly trait layers. Minted on Ink.,955.gif,Storm Grey,Gold Wash,Cuttle,Bright,Clean mantle,Kelp Flow
956,Inkling #956,A looping cartoon-squid PFP stacked from painterly trait layers. Minted on Ink.,956.gif,Indigo Night,No bloom,Reef,Ember,Red Seal,Ink Ribbon
957,Inkling #957,A looping cartoon-squid PFP stacked from painterly trait layers. Minted on Ink.,957.gif,Storm Grey,Teal Mist,Inked,Lidded,Slow Drip,Bare mantle
958,Inkling #958,A looping cartoon-squid PFP stacked from painterly trait layers. Minted on Ink.,958.gif,Peach Dusk,Teal Mist,Giant,Lidded,Red Seal,Pearl Cluster
959,Inkling #959,A looping cartoon-squid PFP stacked from painterly trait layers. Minted on Ink.,959.gif,Rose Gold,Silver Veil,Firefly,Lidded,Slow Drip,Pearl Cluster
960,Inkling #960,A looping cartoon-squid PFP stacked from painterly trait layers. Minted on Ink.,960.gif,Wine Paper,Teal Mist,Giant,Bright,Ink Splash,Soft Crown
961,Inkling #961,A looping cartoon-squid PFP stacked from painterly trait layers. Minted on Ink.,961.gif,Peach Dusk,Violet Haze,Glass,Lidded,Ink Splash,Pearl Cluster
962,Inkling #962,A looping cartoon-squid PFP stacked from painterly trait layers. Minted on Ink.,962.gif,Indigo Night,Violet Haze,Glass,Dew,Slow Drip,Pearl Cluster
963,Inkling #963,A looping cartoon-squid PFP stacked from painterly trait layers. Minted on Ink.,963.gif,Indigo Night,Teal Mist,Cuttle,Bright,Clean mantle,Bare mantle
964,Inkling #964,A looping cartoon-squid PFP stacked from painterly trait layers. Minted on Ink.,964.gif,Celadon Garden,No bloom,Firefly,Sleepy,Ink Splash,Pearl Cluster
965,Inkling #965,A looping cartoon-squid PFP stacked from painterly trait layers. Minted on Ink.,965.gif,Peach Dusk,Coral Glow,Cuttle,Lidded,Brush Streak,Bare mantle
966,Inkling #966,A looping cartoon-squid PFP stacked from painterly trait layers. Minted on Ink.,966.gif,Charcoal Wash,Teal Mist,Firefly,Sleepy,Ink Splash,Pearl Cluster
967,Inkling #967,A looping cartoon-squid PFP stacked from painterly trait layers. Minted on Ink.,967.gif,Charcoal Wash,Gold Wash,Reef,Wink,Clean mantle,Ink Ribbon
968,Inkling #968,A looping cartoon-squid PFP stacked from painterly trait layers. Minted on Ink.,968.gif,Celadon Garden,Gold Wash,Bobtail,Wink,Ink Splash,Soft Crown
969,Inkling #969,A looping cartoon-squid PFP stacked from painterly trait layers. Minted on Ink.,969.gif,Rose Gold,Teal Mist,Dumbo,Wink,Slow Drip,Kelp Flow
970,Inkling #970,A looping cartoon-squid PFP stacked from painterly trait layers. Minted on Ink.,970.gif,Storm Grey,Gold Wash,Dumbo,Lidded,Red Seal,Ink Ribbon
971,Inkling #971,A looping cartoon-squid PFP stacked from painterly trait layers. Minted on Ink.,971.gif,Indigo Night,Teal Mist,Firefly,Sleepy,Ink Splash,Bare mantle
972,Inkling #972,A looping cartoon-squid PFP stacked from painterly trait layers. Minted on Ink.,972.gif,Celadon Garden,No bloom,Dumbo,Ember,Red Seal,Ink Ribbon
973,Inkling #973,A looping cartoon-squid PFP stacked from painterly trait layers. Minted on Ink.,973.gif,Peach Dusk,No bloom,Dumbo,Ember,Clean mantle,Wash Hood
974,Inkling #974,A looping cartoon-squid PFP stacked from painterly trait layers. Minted on Ink.,974.gif,Indigo Night,Violet Haze,Reef,Ember,Clean mantle,Bare mantle
975,Inkling #975,A looping cartoon-squid PFP stacked from painterly trait layers. Minted on Ink.,975.gif,Indigo Night,Violet Haze,Firefly,Dew,Clean mantle,Bare mantle
976,Inkling #976,A looping cartoon-squid PFP stacked from painterly trait layers. Minted on Ink.,976.gif,Peach Dusk,Teal Mist,Firefly,Dew,Clean mantle,Bare mantle
977,Inkling #977,A looping cartoon-squid PFP stacked from painterly trait layers. Minted on Ink.,977.gif,Celadon Garden,Teal Mist,Bobtail,Bright,Red Seal,Kelp Flow
978,Inkling #978,A looping cartoon-squid PFP stacked from painterly trait layers. Minted on Ink.,978.gif,Storm Grey,Teal Mist,Inked,Ember,Red Seal,Ink Ribbon
979,Inkling #979,A looping cartoon-squid PFP stacked from painterly trait layers. Minted on Ink.,979.gif,Peach Dusk,Violet Haze,Bobtail,Ember,Ink Splash,Ink Ribbon
980,Inkling #980,A looping cartoon-squid PFP stacked from painterly trait layers. Minted on Ink.,980.gif,Celadon Garden,Teal Mist,Firefly,Sleepy,Brush Streak,Soft Crown
981,Inkling #981,A looping cartoon-squid PFP stacked from painterly trait layers. Minted on Ink.,981.gif,Celadon Garden,Violet Haze,Cuttle,Wink,Slow Drip,Kelp Flow
982,Inkling #982,A looping cartoon-squid PFP stacked from painterly trait layers. Minted on Ink.,982.gif,Cream Rice,Teal Mist,Giant,Sleepy,Slow Drip,Pearl Cluster
983,Inkling #983,A looping cartoon-squid PFP stacked from painterly trait layers. Minted on Ink.,983.gif,Charcoal Wash,Teal Mist,Bobtail,Wink,Ink Splash,Kelp Flow
984,Inkling #984,A looping cartoon-squid PFP stacked from painterly trait layers. Minted on Ink.,984.gif,Wine Paper,Coral Glow,Bobtail,Wink,Brush Streak,Bare mantle
985,Inkling #985,A looping cartoon-squid PFP stacked from painterly trait layers. Minted on Ink.,985.gif,Storm Grey,Silver Veil,Bobtail,Bright,Ink Splash,Ink Ribbon
986,Inkling #986,A looping cartoon-squid PFP stacked from painterly trait layers. Minted on Ink.,986.gif,Storm Grey,Coral Glow,Dumbo,Bright,Clean mantle,Bare mantle
987,Inkling #987,A looping cartoon-squid PFP stacked from painterly trait layers. Minted on Ink.,987.gif,Charcoal Wash,Teal Mist,Giant,Dew,Clean mantle,Soft Crown
988,Inkling #988,A looping cartoon-squid PFP stacked from painterly trait layers. Minted on Ink.,988.gif,Peach Dusk,Coral Glow,Bobtail,Lidded,Ink Splash,Pearl Cluster
989,Inkling #989,A looping cartoon-squid PFP stacked from painterly trait layers. Minted on Ink.,989.gif,Cream Rice,Teal Mist,Reef,Lidded,Brush Streak,Pearl Cluster
990,Inkling #990,A looping cartoon-squid PFP stacked from painterly trait layers. Minted on Ink.,990.gif,Rose Gold,Teal Mist,Bobtail,Lidded,Clean mantle,Kelp Flow
991,Inkling #991,A looping cartoon-squid PFP stacked from painterly trait layers. Minted on Ink.,991.gif,Indigo Night,Coral Glow,Bobtail,Bright,Clean mantle,Bare mantle
992,Inkling #992,A looping cartoon-squid PFP stacked from painterly trait layers. Minted on Ink.,992.gif,Peach Dusk,Violet Haze,Cuttle,Wink,Clean mantle,Bare mantle
993,Inkling #993,A looping cartoon-squid PFP stacked from painterly trait layers. Minted on Ink.,993.gif,Wine Paper,Gold Wash,Cuttle,Ember,Clean mantle,Ink Ribbon
994,Inkling #994,A looping cartoon-squid PFP stacked from painterly trait layers. Minted on Ink.,994.gif,Celadon Garden,Coral Glow,Reef,Ember,Brush Streak,Pearl Cluster
995,Inkling #995,A looping cartoon-squid PFP stacked from painterly trait layers. Minted on Ink.,995.gif,Storm Grey,Silver Veil,Dumbo,Ember,Slow Drip,Ink Ribbon
996,Inkling #996,A looping cartoon-squid PFP stacked from painterly trait layers. Minted on Ink.,996.gif,Rose Gold,Gold Wash,Cuttle,Bright,Clean mantle,Kelp Flow
997,Inkling #997,A looping cartoon-squid PFP stacked from painterly trait layers. Minted on Ink.,997.gif,Storm Grey,Silver Veil,Bobtail,Wink,Clean mantle,Soft Crown
998,Inkling #998,A looping cartoon-squid PFP stacked from painterly trait layers. Minted on Ink.,998.gif,Storm Grey,No bloom,Dumbo,Ember,Clean mantle,Ink Ribbon
999,Inkling #999,A looping cartoon-squid PFP stacked from painterly trait layers. Minted on Ink.,999.gif,Indigo Night,No bloom,Reef,Dew,Ink Splash,Wash Hood
1000,Inkling #1000,A looping cartoon-squid PFP stacked from painterly trait layers. Minted on Ink.,1000.gif,Storm Grey,Violet Haze,Glass,Sleepy,Slow Drip,Wash Hood
1001,Inkling #1001,A looping cartoon-squid PFP stacked from painterly trait layers. Minted on Ink.,1001.gif,Celadon Garden,Coral Glow,Reef,Lidded,Red Seal,Ink Ribbon
1002,Inkling #1002,A looping cartoon-squid PFP stacked from painterly trait layers. Minted on Ink.,1002.gif,Cream Rice,Teal Mist,Bobtail,Dew,Clean mantle,Bare mantle
1003,Inkling #1003,A looping cartoon-squid PFP stacked from painterly trait layers. Minted on Ink.,1003.gif,Celadon Garden,No bloom,Inked,Ember,Clean mantle,Ink Ribbon
1004,Inkling #1004,A looping cartoon-squid PFP stacked from painterly trait layers. Minted on Ink.,1004.gif,Charcoal Wash,Gold Wash,Cuttle,Ember,Ink Splash,Kelp Flow
1005,Inkling #1005,A looping cartoon-squid PFP stacked from painterly trait layers. Minted on Ink.,1005.gif,Wine Paper,Teal Mist,Cuttle,Dew,Brush Streak,Ink Ribbon
1006,Inkling #1006,A looping cartoon-squid PFP stacked from painterly trait layers. Minted on Ink.,1006.gif,Celadon Garden,Teal Mist,Dumbo,Bright,Ink Splash,Bare mantle
1007,Inkling #1007,A looping cartoon-squid PFP stacked from painterly trait layers. Minted on Ink.,1007.gif,Peach Dusk,Teal Mist,Dumbo,Wink,Red Seal,Wash Hood
1008,Inkling #1008,A looping cartoon-squid PFP stacked from painterly trait layers. Minted on Ink.,1008.gif,Storm Grey,Coral Glow,Inked,Lidded,Ink Splash,Soft Crown
1009,Inkling #1009,A looping cartoon-squid PFP stacked from painterly trait layers. Minted on Ink.,1009.gif,Cream Rice,Violet Haze,Bobtail,Lidded,Red Seal,Soft Crown
1010,Inkling #1010,A looping cartoon-squid PFP stacked from painterly trait layers. Minted on Ink.,1010.gif,Storm Grey,No bloom,Dumbo,Ember,Red Seal,Wash Hood
1011,Inkling #1011,A looping cartoon-squid PFP stacked from painterly trait layers. Minted on Ink.,1011.gif,Peach Dusk,Gold Wash,Dumbo,Bright,Ink Splash,Kelp Flow
1012,Inkling #1012,A looping cartoon-squid PFP stacked from painterly trait layers. Minted on Ink.,1012.gif,Celadon Garden,Violet Haze,Bobtail,Bright,Slow Drip,Bare mantle
1013,Inkling #1013,A looping cartoon-squid PFP stacked from painterly trait layers. Minted on Ink.,1013.gif,Charcoal Wash,Teal Mist,Reef,Bright,Ink Splash,Bare mantle
1014,Inkling #1014,A looping cartoon-squid PFP stacked from painterly trait layers. Minted on Ink.,1014.gif,Peach Dusk,No bloom,Giant,Wink,Ink Splash,Soft Crown
1015,Inkling #1015,A looping cartoon-squid PFP stacked from painterly trait layers. Minted on Ink.,1015.gif,Charcoal Wash,No bloom,Dumbo,Dew,Slow Drip,Ink Ribbon
1016,Inkling #1016,A looping cartoon-squid PFP stacked from painterly trait layers. Minted on Ink.,1016.gif,Peach Dusk,Silver Veil,Firefly,Dew,Ink Splash,Ink Ribbon
1017,Inkling #1017,A looping cartoon-squid PFP stacked from painterly trait layers. Minted on Ink.,1017.gif,Rose Gold,No bloom,Glass,Wink,Red Seal,Soft Crown
1018,Inkling #1018,A looping cartoon-squid PFP stacked from painterly trait layers. Minted on Ink.,1018.gif,Rose Gold,Teal Mist,Cuttle,Wink,Slow Drip,Pearl Cluster
1019,Inkling #1019,A looping cartoon-squid PFP stacked from painterly trait layers. Minted on Ink.,1019.gif,Indigo Night,Gold Wash,Cuttle,Lidded,Clean mantle,Bare mantle
1020,Inkling #1020,A looping cartoon-squid PFP stacked from painterly trait layers. Minted on Ink.,1020.gif,Peach Dusk,Silver Veil,Bobtail,Wink,Slow Drip,Ink Ribbon
1021,Inkling #1021,A looping cartoon-squid PFP stacked from painterly trait layers. Minted on Ink.,1021.gif,Storm Grey,Gold Wash,Bobtail,Wink,Red Seal,Ink Ribbon
1022,Inkling #1022,A looping cartoon-squid PFP stacked from painterly trait layers. Minted on Ink.,1022.gif,Charcoal Wash,No bloom,Bobtail,Sleepy,Clean mantle,Bare mantle
1023,Inkling #1023,A looping cartoon-squid PFP stacked from painterly trait layers. Minted on Ink.,1023.gif,Indigo Night,No bloom,Reef,Wink,Slow Drip,Ink Ribbon
1024,Inkling #1024,A looping cartoon-squid PFP stacked from painterly trait layers. Minted on Ink.,1024.gif,Cream Rice,No bloom,Dumbo,Ember,Clean mantle,Kelp Flow
1025,Inkling #1025,A looping cartoon-squid PFP stacked from painterly trait layers. Minted on Ink.,1025.gif,Wine Paper,Violet Haze,Reef,Bright,Clean mantle,Kelp Flow
1026,Inkling #1026,A looping cartoon-squid PFP stacked from painterly trait layers. Minted on Ink.,1026.gif,Indigo Night,No bloom,Reef,Sleepy,Ink Splash,Bare mantle
1027,Inkling #1027,A looping cartoon-squid PFP stacked from painterly trait layers. Minted on Ink.,1027.gif,Storm Grey,Violet Haze,Cuttle,Ember,Clean mantle,Ink Ribbon
1028,Inkling #1028,A looping cartoon-squid PFP stacked from painterly trait layers. Minted on Ink.,1028.gif,Wine Paper,Silver Veil,Inked,Wink,Slow Drip,Ink Ribbon
1029,Inkling #1029,A looping cartoon-squid PFP stacked from painterly trait layers. Minted on Ink.,1029.gif,Cream Rice,No bloom,Reef,Sleepy,Clean mantle,Bare mantle
1030,Inkling #1030,A looping cartoon-squid PFP stacked from painterly trait layers. Minted on Ink.,1030.gif,Celadon Garden,Gold Wash,Glass,Wink,Slow Drip,Wash Hood
1031,Inkling #1031,A looping cartoon-squid PFP stacked from painterly trait layers. Minted on Ink.,1031.gif,Wine Paper,Teal Mist,Dumbo,Dew,Clean mantle,Kelp Flow
1032,Inkling #1032,A looping cartoon-squid PFP stacked from painterly trait layers. Minted on Ink.,1032.gif,Cream Rice,Violet Haze,Dumbo,Ember,Brush Streak,Soft Crown
1033,Inkling #1033,A looping cartoon-squid PFP stacked from painterly trait layers. Minted on Ink.,1033.gif,Celadon Garden,Violet Haze,Inked,Bright,Clean mantle,Pearl Cluster
1034,Inkling #1034,A looping cartoon-squid PFP stacked from painterly trait layers. Minted on Ink.,1034.gif,Indigo Night,Teal Mist,Firefly,Ember,Slow Drip,Kelp Flow
1035,Inkling #1035,A looping cartoon-squid PFP stacked from painterly trait layers. Minted on Ink.,1035.gif,Indigo Night,Silver Veil,Reef,Wink,Clean mantle,Ink Ribbon
1036,Inkling #1036,A looping cartoon-squid PFP stacked from painterly trait layers. Minted on Ink.,1036.gif,Peach Dusk,Teal Mist,Reef,Dew,Ink Splash,Bare mantle
1037,Inkling #1037,A looping cartoon-squid PFP stacked from painterly trait layers. Minted on Ink.,1037.gif,Peach Dusk,Violet Haze,Giant,Bright,Clean mantle,Wash Hood
1038,Inkling #1038,A looping cartoon-squid PFP stacked from painterly trait layers. Minted on Ink.,1038.gif,Storm Grey,No bloom,Firefly,Lidded,Slow Drip,Ink Ribbon
1039,Inkling #1039,A looping cartoon-squid PFP stacked from painterly trait layers. Minted on Ink.,1039.gif,Celadon Garden,Coral Glow,Dumbo,Bright,Slow Drip,Soft Crown
1040,Inkling #1040,A looping cartoon-squid PFP stacked from painterly trait layers. Minted on Ink.,1040.gif,Cream Rice,Gold Wash,Bobtail,Dew,Brush Streak,Pearl Cluster
1041,Inkling #1041,A looping cartoon-squid PFP stacked from painterly trait layers. Minted on Ink.,1041.gif,Celadon Garden,Teal Mist,Inked,Lidded,Clean mantle,Bare mantle
1042,Inkling #1042,A looping cartoon-squid PFP stacked from painterly trait layers. Minted on Ink.,1042.gif,Peach Dusk,Coral Glow,Bobtail,Ember,Clean mantle,Pearl Cluster
1043,Inkling #1043,A looping cartoon-squid PFP stacked from painterly trait layers. Minted on Ink.,1043.gif,Celadon Garden,Coral Glow,Cuttle,Sleepy,Red Seal,Kelp Flow
1044,Inkling #1044,A looping cartoon-squid PFP stacked from painterly trait layers. Minted on Ink.,1044.gif,Indigo Night,Gold Wash,Inked,Sleepy,Brush Streak,Kelp Flow
1045,Inkling #1045,A looping cartoon-squid PFP stacked from painterly trait layers. Minted on Ink.,1045.gif,Rose Gold,Violet Haze,Glass,Dew,Slow Drip,Ink Ribbon
1046,Inkling #1046,A looping cartoon-squid PFP stacked from painterly trait layers. Minted on Ink.,1046.gif,Charcoal Wash,Violet Haze,Firefly,Lidded,Ink Splash,Pearl Cluster
1047,Inkling #1047,A looping cartoon-squid PFP stacked from painterly trait layers. Minted on Ink.,1047.gif,Celadon Garden,No bloom,Reef,Dew,Clean mantle,Ink Ribbon
1048,Inkling #1048,A looping cartoon-squid PFP stacked from painterly trait layers. Minted on Ink.,1048.gif,Charcoal Wash,Coral Glow,Bobtail,Dew,Red Seal,Bare mantle
1049,Inkling #1049,A looping cartoon-squid PFP stacked from painterly trait layers. Minted on Ink.,1049.gif,Cream Rice,Gold Wash,Reef,Wink,Clean mantle,Bare mantle
1050,Inkling #1050,A looping cartoon-squid PFP stacked from painterly trait layers. Minted on Ink.,1050.gif,Wine Paper,Silver Veil,Glass,Wink,Slow Drip,Bare mantle
1051,Inkling #1051,A looping cartoon-squid PFP stacked from painterly trait layers. Minted on Ink.,1051.gif,Storm Grey,Silver Veil,Bobtail,Lidded,Brush Streak,Kelp Flow
1052,Inkling #1052,A looping cartoon-squid PFP stacked from painterly trait layers. Minted on Ink.,1052.gif,Wine Paper,No bloom,Bobtail,Ember,Ink Splash,Ink Ribbon
1053,Inkling #1053,A looping cartoon-squid PFP stacked from painterly trait layers. Minted on Ink.,1053.gif,Peach Dusk,Gold Wash,Bobtail,Wink,Clean mantle,Soft Crown
1054,Inkling #1054,A looping cartoon-squid PFP stacked from painterly trait layers. Minted on Ink.,1054.gif,Cream Rice,Coral Glow,Bobtail,Ember,Red Seal,Soft Crown
1055,Inkling #1055,A looping cartoon-squid PFP stacked from painterly trait layers. Minted on Ink.,1055.gif,Rose Gold,No bloom,Giant,Bright,Red Seal,Ink Ribbon
1056,Inkling #1056,A looping cartoon-squid PFP stacked from painterly trait layers. Minted on Ink.,1056.gif,Storm Grey,Gold Wash,Firefly,Wink,Red Seal,Pearl Cluster
1057,Inkling #1057,A looping cartoon-squid PFP stacked from painterly trait layers. Minted on Ink.,1057.gif,Storm Grey,Gold Wash,Glass,Wink,Clean mantle,Bare mantle
1058,Inkling #1058,A looping cartoon-squid PFP stacked from painterly trait layers. Minted on Ink.,1058.gif,Wine Paper,No bloom,Bobtail,Bright,Clean mantle,Soft Crown
1059,Inkling #1059,A looping cartoon-squid PFP stacked from painterly trait layers. Minted on Ink.,1059.gif,Charcoal Wash,Violet Haze,Bobtail,Dew,Slow Drip,Bare mantle
1060,Inkling #1060,A looping cartoon-squid PFP stacked from painterly trait layers. Minted on Ink.,1060.gif,Celadon Garden,Violet Haze,Cuttle,Wink,Ink Splash,Pearl Cluster
1061,Inkling #1061,A looping cartoon-squid PFP stacked from painterly trait layers. Minted on Ink.,1061.gif,Rose Gold,Coral Glow,Bobtail,Wink,Clean mantle,Bare mantle
1062,Inkling #1062,A looping cartoon-squid PFP stacked from painterly trait layers. Minted on Ink.,1062.gif,Celadon Garden,Teal Mist,Cuttle,Ember,Red Seal,Bare mantle
1063,Inkling #1063,A looping cartoon-squid PFP stacked from painterly trait layers. Minted on Ink.,1063.gif,Peach Dusk,Silver Veil,Dumbo,Bright,Clean mantle,Bare mantle
1064,Inkling #1064,A looping cartoon-squid PFP stacked from painterly trait layers. Minted on Ink.,1064.gif,Charcoal Wash,Teal Mist,Firefly,Ember,Slow Drip,Kelp Flow
1065,Inkling #1065,A looping cartoon-squid PFP stacked from painterly trait layers. Minted on Ink.,1065.gif,Rose Gold,Coral Glow,Dumbo,Lidded,Clean mantle,Pearl Cluster
1066,Inkling #1066,A looping cartoon-squid PFP stacked from painterly trait layers. Minted on Ink.,1066.gif,Peach Dusk,Teal Mist,Dumbo,Dew,Clean mantle,Bare mantle
1067,Inkling #1067,A looping cartoon-squid PFP stacked from painterly trait layers. Minted on Ink.,1067.gif,Charcoal Wash,Coral Glow,Reef,Lidded,Brush Streak,Pearl Cluster
1068,Inkling #1068,A looping cartoon-squid PFP stacked from painterly trait layers. Minted on Ink.,1068.gif,Rose Gold,Gold Wash,Inked,Lidded,Slow Drip,Bare mantle
1069,Inkling #1069,A looping cartoon-squid PFP stacked from painterly trait layers. Minted on Ink.,1069.gif,Peach Dusk,Teal Mist,Glass,Sleepy,Clean mantle,Bare mantle
1070,Inkling #1070,A looping cartoon-squid PFP stacked from painterly trait layers. Minted on Ink.,1070.gif,Indigo Night,Silver Veil,Bobtail,Lidded,Brush Streak,Bare mantle
1071,Inkling #1071,A looping cartoon-squid PFP stacked from painterly trait layers. Minted on Ink.,1071.gif,Storm Grey,No bloom,Reef,Bright,Slow Drip,Bare mantle
1072,Inkling #1072,A looping cartoon-squid PFP stacked from painterly trait layers. Minted on Ink.,1072.gif,Indigo Night,Violet Haze,Glass,Sleepy,Clean mantle,Soft Crown
1073,Inkling #1073,A looping cartoon-squid PFP stacked from painterly trait layers. Minted on Ink.,1073.gif,Charcoal Wash,Violet Haze,Reef,Lidded,Red Seal,Soft Crown
1074,Inkling #1074,A looping cartoon-squid PFP stacked from painterly trait layers. Minted on Ink.,1074.gif,Indigo Night,No bloom,Reef,Wink,Red Seal,Pearl Cluster
1075,Inkling #1075,A looping cartoon-squid PFP stacked from painterly trait layers. Minted on Ink.,1075.gif,Cream Rice,Coral Glow,Bobtail,Lidded,Clean mantle,Pearl Cluster
1076,Inkling #1076,A looping cartoon-squid PFP stacked from painterly trait layers. Minted on Ink.,1076.gif,Storm Grey,Violet Haze,Firefly,Sleepy,Red Seal,Pearl Cluster
1077,Inkling #1077,A looping cartoon-squid PFP stacked from painterly trait layers. Minted on Ink.,1077.gif,Wine Paper,Coral Glow,Cuttle,Ember,Red Seal,Soft Crown
1078,Inkling #1078,A looping cartoon-squid PFP stacked from painterly trait layers. Minted on Ink.,1078.gif,Indigo Night,Gold Wash,Bobtail,Lidded,Clean mantle,Bare mantle
1079,Inkling #1079,A looping cartoon-squid PFP stacked from painterly trait layers. Minted on Ink.,1079.gif,Celadon Garden,Silver Veil,Dumbo,Sleepy,Brush Streak,Pearl Cluster
1080,Inkling #1080,A looping cartoon-squid PFP stacked from painterly trait layers. Minted on Ink.,1080.gif,Wine Paper,No bloom,Bobtail,Lidded,Clean mantle,Pearl Cluster
1081,Inkling #1081,A looping cartoon-squid PFP stacked from painterly trait layers. Minted on Ink.,1081.gif,Indigo Night,Violet Haze,Inked,Dew,Brush Streak,Wash Hood
1082,Inkling #1082,A looping cartoon-squid PFP stacked from painterly trait layers. Minted on Ink.,1082.gif,Indigo Night,No bloom,Bobtail,Wink,Clean mantle,Pearl Cluster
1083,Inkling #1083,A looping cartoon-squid PFP stacked from painterly trait layers. Minted on Ink.,1083.gif,Indigo Night,Silver Veil,Dumbo,Bright,Slow Drip,Soft Crown
1084,Inkling #1084,A looping cartoon-squid PFP stacked from painterly trait layers. Minted on Ink.,1084.gif,Wine Paper,Teal Mist,Bobtail,Ember,Slow Drip,Pearl Cluster
1085,Inkling #1085,A looping cartoon-squid PFP stacked from painterly trait layers. Minted on Ink.,1085.gif,Wine Paper,Violet Haze,Firefly,Ember,Brush Streak,Bare mantle
1086,Inkling #1086,A looping cartoon-squid PFP stacked from painterly trait layers. Minted on Ink.,1086.gif,Peach Dusk,Gold Wash,Cuttle,Dew,Red Seal,Kelp Flow
1087,Inkling #1087,A looping cartoon-squid PFP stacked from painterly trait layers. Minted on Ink.,1087.gif,Wine Paper,Violet Haze,Glass,Dew,Clean mantle,Wash Hood
1088,Inkling #1088,A looping cartoon-squid PFP stacked from painterly trait layers. Minted on Ink.,1088.gif,Wine Paper,Coral Glow,Bobtail,Lidded,Clean mantle,Bare mantle
1089,Inkling #1089,A looping cartoon-squid PFP stacked from painterly trait layers. Minted on Ink.,1089.gif,Rose Gold,Gold Wash,Firefly,Dew,Brush Streak,Bare mantle
1090,Inkling #1090,A looping cartoon-squid PFP stacked from painterly trait layers. Minted on Ink.,1090.gif,Peach Dusk,Teal Mist,Inked,Sleepy,Clean mantle,Pearl Cluster
1091,Inkling #1091,A looping cartoon-squid PFP stacked from painterly trait layers. Minted on Ink.,1091.gif,Wine Paper,Gold Wash,Inked,Wink,Clean mantle,Wash Hood
1092,Inkling #1092,A looping cartoon-squid PFP stacked from painterly trait layers. Minted on Ink.,1092.gif,Charcoal Wash,Violet Haze,Cuttle,Lidded,Clean mantle,Soft Crown
1093,Inkling #1093,A looping cartoon-squid PFP stacked from painterly trait layers. Minted on Ink.,1093.gif,Cream Rice,No bloom,Giant,Wink,Ink Splash,Pearl Cluster
1094,Inkling #1094,A looping cartoon-squid PFP stacked from painterly trait layers. Minted on Ink.,1094.gif,Indigo Night,Coral Glow,Cuttle,Dew,Brush Streak,Soft Crown
1095,Inkling #1095,A looping cartoon-squid PFP stacked from painterly trait layers. Minted on Ink.,1095.gif,Wine Paper,Silver Veil,Dumbo,Bright,Red Seal,Bare mantle
1096,Inkling #1096,A looping cartoon-squid PFP stacked from painterly trait layers. Minted on Ink.,1096.gif,Wine Paper,Gold Wash,Inked,Wink,Clean mantle,Kelp Flow
1097,Inkling #1097,A looping cartoon-squid PFP stacked from painterly trait layers. Minted on Ink.,1097.gif,Charcoal Wash,No bloom,Glass,Dew,Red Seal,Bare mantle
1098,Inkling #1098,A looping cartoon-squid PFP stacked from painterly trait layers. Minted on Ink.,1098.gif,Storm Grey,Coral Glow,Cuttle,Dew,Clean mantle,Bare mantle
1099,Inkling #1099,A looping cartoon-squid PFP stacked from painterly trait layers. Minted on Ink.,1099.gif,Rose Gold,Teal Mist,Giant,Lidded,Clean mantle,Pearl Cluster
1100,Inkling #1100,A looping cartoon-squid PFP stacked from painterly trait layers. Minted on Ink.,1100.gif,Rose Gold,No bloom,Bobtail,Sleepy,Red Seal,Wash Hood
1101,Inkling #1101,A looping cartoon-squid PFP stacked from painterly trait layers. Minted on Ink.,1101.gif,Rose Gold,No bloom,Glass,Sleepy,Brush Streak,Bare mantle
1102,Inkling #1102,A looping cartoon-squid PFP stacked from painterly trait layers. Minted on Ink.,1102.gif,Peach Dusk,Silver Veil,Bobtail,Bright,Clean mantle,Kelp Flow
1103,Inkling #1103,A looping cartoon-squid PFP stacked from painterly trait layers. Minted on Ink.,1103.gif,Cream Rice,No bloom,Dumbo,Dew,Slow Drip,Pearl Cluster
1104,Inkling #1104,A looping cartoon-squid PFP stacked from painterly trait layers. Minted on Ink.,1104.gif,Indigo Night,No bloom,Giant,Lidded,Clean mantle,Pearl Cluster
1105,Inkling #1105,A looping cartoon-squid PFP stacked from painterly trait layers. Minted on Ink.,1105.gif,Peach Dusk,Coral Glow,Firefly,Bright,Clean mantle,Pearl Cluster
1106,Inkling #1106,A looping cartoon-squid PFP stacked from painterly trait layers. Minted on Ink.,1106.gif,Rose Gold,Gold Wash,Dumbo,Wink,Slow Drip,Kelp Flow
1107,Inkling #1107,A looping cartoon-squid PFP stacked from painterly trait layers. Minted on Ink.,1107.gif,Charcoal Wash,Gold Wash,Reef,Dew,Ink Splash,Soft Crown
1108,Inkling #1108,A looping cartoon-squid PFP stacked from painterly trait layers. Minted on Ink.,1108.gif,Indigo Night,No bloom,Cuttle,Bright,Red Seal,Wash Hood
1109,Inkling #1109,A looping cartoon-squid PFP stacked from painterly trait layers. Minted on Ink.,1109.gif,Wine Paper,No bloom,Firefly,Lidded,Brush Streak,Pearl Cluster
1110,Inkling #1110,A looping cartoon-squid PFP stacked from painterly trait layers. Minted on Ink.,1110.gif,Rose Gold,Teal Mist,Bobtail,Wink,Clean mantle,Kelp Flow
1111,Inkling #1111,A looping cartoon-squid PFP stacked from painterly trait layers. Minted on Ink.,1111.gif,Peach Dusk,Violet Haze,Reef,Sleepy,Clean mantle,Soft Crown
1112,Inkling #1112,A looping cartoon-squid PFP stacked from painterly trait layers. Minted on Ink.,1112.gif,Cream Rice,No bloom,Giant,Bright,Ink Splash,Bare mantle
1113,Inkling #1113,A looping cartoon-squid PFP stacked from painterly trait layers. Minted on Ink.,1113.gif,Rose Gold,Violet Haze,Glass,Bright,Clean mantle,Pearl Cluster
1114,Inkling #1114,A looping cartoon-squid PFP stacked from painterly trait layers. Minted on Ink.,1114.gif,Indigo Night,Violet Haze,Cuttle,Bright,Ink Splash,Bare mantle
1115,Inkling #1115,A looping cartoon-squid PFP stacked from painterly trait layers. Minted on Ink.,1115.gif,Rose Gold,No bloom,Giant,Wink,Clean mantle,Wash Hood
1116,Inkling #1116,A looping cartoon-squid PFP stacked from painterly trait layers. Minted on Ink.,1116.gif,Celadon Garden,Violet Haze,Giant,Bright,Red Seal,Bare mantle
1117,Inkling #1117,A looping cartoon-squid PFP stacked from painterly trait layers. Minted on Ink.,1117.gif,Wine Paper,Teal Mist,Firefly,Bright,Ink Splash,Bare mantle
1118,Inkling #1118,A looping cartoon-squid PFP stacked from painterly trait layers. Minted on Ink.,1118.gif,Rose Gold,Violet Haze,Glass,Dew,Clean mantle,Kelp Flow
1119,Inkling #1119,A looping cartoon-squid PFP stacked from painterly trait layers. Minted on Ink.,1119.gif,Rose Gold,No bloom,Glass,Sleepy,Ink Splash,Ink Ribbon
1120,Inkling #1120,A looping cartoon-squid PFP stacked from painterly trait layers. Minted on Ink.,1120.gif,Celadon Garden,Violet Haze,Cuttle,Lidded,Clean mantle,Pearl Cluster
1121,Inkling #1121,A looping cartoon-squid PFP stacked from painterly trait layers. Minted on Ink.,1121.gif,Cream Rice,No bloom,Inked,Dew,Red Seal,Bare mantle
1122,Inkling #1122,A looping cartoon-squid PFP stacked from painterly trait layers. Minted on Ink.,1122.gif,Cream Rice,Gold Wash,Inked,Ember,Red Seal,Wash Hood
1123,Inkling #1123,A looping cartoon-squid PFP stacked from painterly trait layers. Minted on Ink.,1123.gif,Indigo Night,Violet Haze,Cuttle,Bright,Clean mantle,Soft Crown
1124,Inkling #1124,A looping cartoon-squid PFP stacked from painterly trait layers. Minted on Ink.,1124.gif,Peach Dusk,Teal Mist,Firefly,Dew,Ink Splash,Bare mantle
1125,Inkling #1125,A looping cartoon-squid PFP stacked from painterly trait layers. Minted on Ink.,1125.gif,Peach Dusk,Coral Glow,Firefly,Dew,Ink Splash,Ink Ribbon
1126,Inkling #1126,A looping cartoon-squid PFP stacked from painterly trait layers. Minted on Ink.,1126.gif,Charcoal Wash,No bloom,Bobtail,Lidded,Clean mantle,Bare mantle
1127,Inkling #1127,A looping cartoon-squid PFP stacked from painterly trait layers. Minted on Ink.,1127.gif,Peach Dusk,Teal Mist,Reef,Lidded,Brush Streak,Bare mantle
1128,Inkling #1128,A looping cartoon-squid PFP stacked from painterly trait layers. Minted on Ink.,1128.gif,Charcoal Wash,No bloom,Firefly,Dew,Clean mantle,Wash Hood
1129,Inkling #1129,A looping cartoon-squid PFP stacked from painterly trait layers. Minted on Ink.,1129.gif,Celadon Garden,Silver Veil,Dumbo,Lidded,Clean mantle,Ink Ribbon
1130,Inkling #1130,A looping cartoon-squid PFP stacked from painterly trait layers. Minted on Ink.,1130.gif,Storm Grey,Silver Veil,Giant,Ember,Ink Splash,Kelp Flow
1131,Inkling #1131,A looping cartoon-squid PFP stacked from painterly trait layers. Minted on Ink.,1131.gif,Charcoal Wash,Violet Haze,Reef,Wink,Clean mantle,Kelp Flow
1132,Inkling #1132,A looping cartoon-squid PFP stacked from painterly trait layers. Minted on Ink.,1132.gif,Peach Dusk,Gold Wash,Cuttle,Wink,Brush Streak,Kelp Flow
1133,Inkling #1133,A looping cartoon-squid PFP stacked from painterly trait layers. Minted on Ink.,1133.gif,Peach Dusk,Silver Veil,Dumbo,Bright,Slow Drip,Ink Ribbon
1134,Inkling #1134,A looping cartoon-squid PFP stacked from painterly trait layers. Minted on Ink.,1134.gif,Rose Gold,Violet Haze,Inked,Lidded,Red Seal,Bare mantle
1135,Inkling #1135,A looping cartoon-squid PFP stacked from painterly trait layers. Minted on Ink.,1135.gif,Cream Rice,No bloom,Reef,Lidded,Red Seal,Bare mantle
1136,Inkling #1136,A looping cartoon-squid PFP stacked from painterly trait layers. Minted on Ink.,1136.gif,Storm Grey,Violet Haze,Bobtail,Wink,Ink Splash,Wash Hood
1137,Inkling #1137,A looping cartoon-squid PFP stacked from painterly trait layers. Minted on Ink.,1137.gif,Celadon Garden,Teal Mist,Giant,Lidded,Slow Drip,Kelp Flow
1138,Inkling #1138,A looping cartoon-squid PFP stacked from painterly trait layers. Minted on Ink.,1138.gif,Celadon Garden,Silver Veil,Bobtail,Bright,Ink Splash,Bare mantle
1139,Inkling #1139,A looping cartoon-squid PFP stacked from painterly trait layers. Minted on Ink.,1139.gif,Peach Dusk,Coral Glow,Giant,Wink,Brush Streak,Ink Ribbon
1140,Inkling #1140,A looping cartoon-squid PFP stacked from painterly trait layers. Minted on Ink.,1140.gif,Wine Paper,Coral Glow,Reef,Wink,Slow Drip,Ink Ribbon
1141,Inkling #1141,A looping cartoon-squid PFP stacked from painterly trait layers. Minted on Ink.,1141.gif,Indigo Night,Violet Haze,Giant,Dew,Slow Drip,Wash Hood
1142,Inkling #1142,A looping cartoon-squid PFP stacked from painterly trait layers. Minted on Ink.,1142.gif,Storm Grey,Silver Veil,Glass,Ember,Ink Splash,Soft Crown
1143,Inkling #1143,A looping cartoon-squid PFP stacked from painterly trait layers. Minted on Ink.,1143.gif,Charcoal Wash,Gold Wash,Inked,Sleepy,Clean mantle,Kelp Flow
1144,Inkling #1144,A looping cartoon-squid PFP stacked from painterly trait layers. Minted on Ink.,1144.gif,Celadon Garden,Teal Mist,Firefly,Wink,Ink Splash,Pearl Cluster
1145,Inkling #1145,A looping cartoon-squid PFP stacked from painterly trait layers. Minted on Ink.,1145.gif,Rose Gold,Gold Wash,Reef,Dew,Clean mantle,Bare mantle
1146,Inkling #1146,A looping cartoon-squid PFP stacked from painterly trait layers. Minted on Ink.,1146.gif,Indigo Night,No bloom,Dumbo,Wink,Slow Drip,Pearl Cluster
1147,Inkling #1147,A looping cartoon-squid PFP stacked from painterly trait layers. Minted on Ink.,1147.gif,Wine Paper,Gold Wash,Cuttle,Bright,Clean mantle,Bare mantle
1148,Inkling #1148,A looping cartoon-squid PFP stacked from painterly trait layers. Minted on Ink.,1148.gif,Peach Dusk,No bloom,Reef,Ember,Slow Drip,Bare mantle
1149,Inkling #1149,A looping cartoon-squid PFP stacked from painterly trait layers. Minted on Ink.,1149.gif,Indigo Night,Teal Mist,Bobtail,Lidded,Slow Drip,Bare mantle
1150,Inkling #1150,A looping cartoon-squid PFP stacked from painterly trait layers. Minted on Ink.,1150.gif,Peach Dusk,No bloom,Glass,Wink,Red Seal,Bare mantle
1151,Inkling #1151,A looping cartoon-squid PFP stacked from painterly trait layers. Minted on Ink.,1151.gif,Cream Rice,Coral Glow,Bobtail,Ember,Ink Splash,Pearl Cluster
1152,Inkling #1152,A looping cartoon-squid PFP stacked from painterly trait layers. Minted on Ink.,1152.gif,Indigo Night,No bloom,Cuttle,Lidded,Clean mantle,Kelp Flow
1153,Inkling #1153,A looping cartoon-squid PFP stacked from painterly trait layers. Minted on Ink.,1153.gif,Peach Dusk,No bloom,Bobtail,Wink,Clean mantle,Soft Crown
1154,Inkling #1154,A looping cartoon-squid PFP stacked from painterly trait layers. Minted on Ink.,1154.gif,Indigo Night,No bloom,Glass,Dew,Clean mantle,Bare mantle
1155,Inkling #1155,A looping cartoon-squid PFP stacked from painterly trait layers. Minted on Ink.,1155.gif,Storm Grey,Coral Glow,Firefly,Wink,Red Seal,Ink Ribbon
1156,Inkling #1156,A looping cartoon-squid PFP stacked from painterly trait layers. Minted on Ink.,1156.gif,Indigo Night,Teal Mist,Giant,Dew,Ink Splash,Kelp Flow
1157,Inkling #1157,A looping cartoon-squid PFP stacked from painterly trait layers. Minted on Ink.,1157.gif,Celadon Garden,Violet Haze,Giant,Lidded,Brush Streak,Kelp Flow
1158,Inkling #1158,A looping cartoon-squid PFP stacked from painterly trait layers. Minted on Ink.,1158.gif,Rose Gold,Silver Veil,Glass,Bright,Clean mantle,Ink Ribbon
1159,Inkling #1159,A looping cartoon-squid PFP stacked from painterly trait layers. Minted on Ink.,1159.gif,Indigo Night,No bloom,Cuttle,Ember,Clean mantle,Kelp Flow
1160,Inkling #1160,A looping cartoon-squid PFP stacked from painterly trait layers. Minted on Ink.,1160.gif,Charcoal Wash,No bloom,Cuttle,Dew,Ink Splash,Bare mantle
1161,Inkling #1161,A looping cartoon-squid PFP stacked from painterly trait layers. Minted on Ink.,1161.gif,Rose Gold,Gold Wash,Bobtail,Lidded,Ink Splash,Pearl Cluster
1162,Inkling #1162,A looping cartoon-squid PFP stacked from painterly trait layers. Minted on Ink.,1162.gif,Rose Gold,Teal Mist,Inked,Bright,Clean mantle,Ink Ribbon
1163,Inkling #1163,A looping cartoon-squid PFP stacked from painterly trait layers. Minted on Ink.,1163.gif,Indigo Night,Violet Haze,Dumbo,Bright,Ink Splash,Soft Crown
1164,Inkling #1164,A looping cartoon-squid PFP stacked from painterly trait layers. Minted on Ink.,1164.gif,Indigo Night,Gold Wash,Dumbo,Lidded,Clean mantle,Kelp Flow
1165,Inkling #1165,A looping cartoon-squid PFP stacked from painterly trait layers. Minted on Ink.,1165.gif,Peach Dusk,Silver Veil,Bobtail,Sleepy,Clean mantle,Soft Crown
1166,Inkling #1166,A looping cartoon-squid PFP stacked from painterly trait layers. Minted on Ink.,1166.gif,Rose Gold,No bloom,Dumbo,Sleepy,Clean mantle,Ink Ribbon
1167,Inkling #1167,A looping cartoon-squid PFP stacked from painterly trait layers. Minted on Ink.,1167.gif,Charcoal Wash,Teal Mist,Glass,Wink,Slow Drip,Bare mantle
1168,Inkling #1168,A looping cartoon-squid PFP stacked from painterly trait layers. Minted on Ink.,1168.gif,Indigo Night,Teal Mist,Giant,Sleepy,Ink Splash,Wash Hood
1169,Inkling #1169,A looping cartoon-squid PFP stacked from painterly trait layers. Minted on Ink.,1169.gif,Celadon Garden,No bloom,Inked,Lidded,Slow Drip,Soft Crown
1170,Inkling #1170,A looping cartoon-squid PFP stacked from painterly trait layers. Minted on Ink.,1170.gif,Cream Rice,Violet Haze,Dumbo,Sleepy,Slow Drip,Bare mantle
1171,Inkling #1171,A looping cartoon-squid PFP stacked from painterly trait layers. Minted on Ink.,1171.gif,Cream Rice,Teal Mist,Reef,Bright,Ink Splash,Bare mantle
1172,Inkling #1172,A looping cartoon-squid PFP stacked from painterly trait layers. Minted on Ink.,1172.gif,Celadon Garden,Teal Mist,Glass,Sleepy,Brush Streak,Ink Ribbon
1173,Inkling #1173,A looping cartoon-squid PFP stacked from painterly trait layers. Minted on Ink.,1173.gif,Rose Gold,No bloom,Bobtail,Sleepy,Ink Splash,Pearl Cluster
1174,Inkling #1174,A looping cartoon-squid PFP stacked from painterly trait layers. Minted on Ink.,1174.gif,Storm Grey,Coral Glow,Glass,Wink,Clean mantle,Ink Ribbon
1175,Inkling #1175,A looping cartoon-squid PFP stacked from painterly trait layers. Minted on Ink.,1175.gif,Rose Gold,Violet Haze,Dumbo,Sleepy,Ink Splash,Soft Crown
1176,Inkling #1176,A looping cartoon-squid PFP stacked from painterly trait layers. Minted on Ink.,1176.gif,Celadon Garden,Gold Wash,Inked,Bright,Slow Drip,Bare mantle
1177,Inkling #1177,A looping cartoon-squid PFP stacked from painterly trait layers. Minted on Ink.,1177.gif,Indigo Night,Violet Haze,Firefly,Wink,Ink Splash,Bare mantle
1178,Inkling #1178,A looping cartoon-squid PFP stacked from painterly trait layers. Minted on Ink.,1178.gif,Cream Rice,Teal Mist,Reef,Bright,Clean mantle,Pearl Cluster
1179,Inkling #1179,A looping cartoon-squid PFP stacked from painterly trait layers. Minted on Ink.,1179.gif,Celadon Garden,No bloom,Dumbo,Wink,Brush Streak,Pearl Cluster
1180,Inkling #1180,A looping cartoon-squid PFP stacked from painterly trait layers. Minted on Ink.,1180.gif,Indigo Night,Violet Haze,Glass,Dew,Clean mantle,Soft Crown
1181,Inkling #1181,A looping cartoon-squid PFP stacked from painterly trait layers. Minted on Ink.,1181.gif,Celadon Garden,Gold Wash,Inked,Ember,Clean mantle,Wash Hood
1182,Inkling #1182,A looping cartoon-squid PFP stacked from painterly trait layers. Minted on Ink.,1182.gif,Rose Gold,Gold Wash,Dumbo,Dew,Slow Drip,Kelp Flow
1183,Inkling #1183,A looping cartoon-squid PFP stacked from painterly trait layers. Minted on Ink.,1183.gif,Indigo Night,Violet Haze,Bobtail,Lidded,Clean mantle,Kelp Flow
1184,Inkling #1184,A looping cartoon-squid PFP stacked from painterly trait layers. Minted on Ink.,1184.gif,Cream Rice,Violet Haze,Inked,Dew,Ink Splash,Soft Crown
1185,Inkling #1185,A looping cartoon-squid PFP stacked from painterly trait layers. Minted on Ink.,1185.gif,Indigo Night,Silver Veil,Inked,Dew,Slow Drip,Soft Crown
1186,Inkling #1186,A looping cartoon-squid PFP stacked from painterly trait layers. Minted on Ink.,1186.gif,Celadon Garden,Teal Mist,Dumbo,Bright,Clean mantle,Ink Ribbon
1187,Inkling #1187,A looping cartoon-squid PFP stacked from painterly trait layers. Minted on Ink.,1187.gif,Indigo Night,Coral Glow,Firefly,Sleepy,Ink Splash,Pearl Cluster
1188,Inkling #1188,A looping cartoon-squid PFP stacked from painterly trait layers. Minted on Ink.,1188.gif,Celadon Garden,No bloom,Bobtail,Wink,Red Seal,Ink Ribbon
1189,Inkling #1189,A looping cartoon-squid PFP stacked from painterly trait layers. Minted on Ink.,1189.gif,Rose Gold,Gold Wash,Glass,Wink,Ink Splash,Soft Crown
1190,Inkling #1190,A looping cartoon-squid PFP stacked from painterly trait layers. Minted on Ink.,1190.gif,Wine Paper,Silver Veil,Giant,Lidded,Ink Splash,Kelp Flow
1191,Inkling #1191,A looping cartoon-squid PFP stacked from painterly trait layers. Minted on Ink.,1191.gif,Charcoal Wash,Violet Haze,Bobtail,Dew,Clean mantle,Kelp Flow
1192,Inkling #1192,A looping cartoon-squid PFP stacked from painterly trait layers. Minted on Ink.,1192.gif,Peach Dusk,Teal Mist,Dumbo,Dew,Red Seal,Bare mantle
1193,Inkling #1193,A looping cartoon-squid PFP stacked from painterly trait layers. Minted on Ink.,1193.gif,Cream Rice,No bloom,Inked,Ember,Slow Drip,Pearl Cluster
1194,Inkling #1194,A looping cartoon-squid PFP stacked from painterly trait layers. Minted on Ink.,1194.gif,Rose Gold,No bloom,Firefly,Bright,Slow Drip,Bare mantle
1195,Inkling #1195,A looping cartoon-squid PFP stacked from painterly trait layers. Minted on Ink.,1195.gif,Charcoal Wash,Silver Veil,Reef,Bright,Brush Streak,Bare mantle
1196,Inkling #1196,A looping cartoon-squid PFP stacked from painterly trait layers. Minted on Ink.,1196.gif,Peach Dusk,Violet Haze,Reef,Lidded,Clean mantle,Bare mantle
1197,Inkling #1197,A looping cartoon-squid PFP stacked from painterly trait layers. Minted on Ink.,1197.gif,Cream Rice,Teal Mist,Reef,Lidded,Clean mantle,Wash Hood
1198,Inkling #1198,A looping cartoon-squid PFP stacked from painterly trait layers. Minted on Ink.,1198.gif,Celadon Garden,Gold Wash,Cuttle,Dew,Clean mantle,Bare mantle
1199,Inkling #1199,A looping cartoon-squid PFP stacked from painterly trait layers. Minted on Ink.,1199.gif,Indigo Night,Violet Haze,Cuttle,Lidded,Ink Splash,Soft Crown
1200,Inkling #1200,A looping cartoon-squid PFP stacked from painterly trait layers. Minted on Ink.,1200.gif,Storm Grey,Teal Mist,Bobtail,Sleepy,Slow Drip,Bare mantle
1201,Inkling #1201,A looping cartoon-squid PFP stacked from painterly trait layers. Minted on Ink.,1201.gif,Indigo Night,No bloom,Giant,Dew,Red Seal,Bare mantle
1202,Inkling #1202,A looping cartoon-squid PFP stacked from painterly trait layers. Minted on Ink.,1202.gif,Cream Rice,Gold Wash,Firefly,Wink,Clean mantle,Pearl Cluster
1203,Inkling #1203,A looping cartoon-squid PFP stacked from painterly trait layers. Minted on Ink.,1203.gif,Storm Grey,Coral Glow,Dumbo,Lidded,Ink Splash,Ink Ribbon
1204,Inkling #1204,A looping cartoon-squid PFP stacked from painterly trait layers. Minted on Ink.,1204.gif,Storm Grey,Violet Haze,Giant,Ember,Slow Drip,Soft Crown
1205,Inkling #1205,A looping cartoon-squid PFP stacked from painterly trait layers. Minted on Ink.,1205.gif,Charcoal Wash,Gold Wash,Dumbo,Dew,Slow Drip,Ink Ribbon
1206,Inkling #1206,A looping cartoon-squid PFP stacked from painterly trait layers. Minted on Ink.,1206.gif,Wine Paper,Gold Wash,Giant,Ember,Ink Splash,Pearl Cluster
1207,Inkling #1207,A looping cartoon-squid PFP stacked from painterly trait layers. Minted on Ink.,1207.gif,Charcoal Wash,Coral Glow,Inked,Lidded,Ink Splash,Pearl Cluster
1208,Inkling #1208,A looping cartoon-squid PFP stacked from painterly trait layers. Minted on Ink.,1208.gif,Peach Dusk,No bloom,Reef,Wink,Ink Splash,Bare mantle
1209,Inkling #1209,A looping cartoon-squid PFP stacked from painterly trait layers. Minted on Ink.,1209.gif,Wine Paper,No bloom,Dumbo,Lidded,Clean mantle,Soft Crown
1210,Inkling #1210,A looping cartoon-squid PFP stacked from painterly trait layers. Minted on Ink.,1210.gif,Storm Grey,No bloom,Giant,Wink,Red Seal,Bare mantle
1211,Inkling #1211,A looping cartoon-squid PFP stacked from painterly trait layers. Minted on Ink.,1211.gif,Peach Dusk,Violet Haze,Firefly,Ember,Red Seal,Bare mantle
1212,Inkling #1212,A looping cartoon-squid PFP stacked from painterly trait layers. Minted on Ink.,1212.gif,Storm Grey,Gold Wash,Cuttle,Bright,Clean mantle,Wash Hood
1213,Inkling #1213,A looping cartoon-squid PFP stacked from painterly trait layers. Minted on Ink.,1213.gif,Celadon Garden,Coral Glow,Giant,Bright,Ink Splash,Kelp Flow
1214,Inkling #1214,A looping cartoon-squid PFP stacked from painterly trait layers. Minted on Ink.,1214.gif,Indigo Night,Violet Haze,Dumbo,Lidded,Brush Streak,Bare mantle
1215,Inkling #1215,A looping cartoon-squid PFP stacked from painterly trait layers. Minted on Ink.,1215.gif,Peach Dusk,Violet Haze,Giant,Sleepy,Slow Drip,Soft Crown
1216,Inkling #1216,A looping cartoon-squid PFP stacked from painterly trait layers. Minted on Ink.,1216.gif,Rose Gold,Violet Haze,Giant,Lidded,Brush Streak,Pearl Cluster
1217,Inkling #1217,A looping cartoon-squid PFP stacked from painterly trait layers. Minted on Ink.,1217.gif,Cream Rice,Violet Haze,Giant,Bright,Slow Drip,Ink Ribbon
1218,Inkling #1218,A looping cartoon-squid PFP stacked from painterly trait layers. Minted on Ink.,1218.gif,Storm Grey,Gold Wash,Glass,Dew,Clean mantle,Pearl Cluster
1219,Inkling #1219,A looping cartoon-squid PFP stacked from painterly trait layers. Minted on Ink.,1219.gif,Celadon Garden,Violet Haze,Reef,Lidded,Brush Streak,Ink Ribbon
1220,Inkling #1220,A looping cartoon-squid PFP stacked from painterly trait layers. Minted on Ink.,1220.gif,Celadon Garden,Gold Wash,Glass,Lidded,Brush Streak,Bare mantle
1221,Inkling #1221,A looping cartoon-squid PFP stacked from painterly trait layers. Minted on Ink.,1221.gif,Charcoal Wash,No bloom,Firefly,Bright,Clean mantle,Kelp Flow
1222,Inkling #1222,A looping cartoon-squid PFP stacked from painterly trait layers. Minted on Ink.,1222.gif,Peach Dusk,Coral Glow,Giant,Wink,Clean mantle,Soft Crown
1223,Inkling #1223,A looping cartoon-squid PFP stacked from painterly trait layers. Minted on Ink.,1223.gif,Indigo Night,Violet Haze,Inked,Bright,Slow Drip,Ink Ribbon
1224,Inkling #1224,A looping cartoon-squid PFP stacked from painterly trait layers. Minted on Ink.,1224.gif,Indigo Night,Silver Veil,Giant,Bright,Clean mantle,Wash Hood
1225,Inkling #1225,A looping cartoon-squid PFP stacked from painterly trait layers. Minted on Ink.,1225.gif,Charcoal Wash,No bloom,Glass,Lidded,Slow Drip,Pearl Cluster
1226,Inkling #1226,A looping cartoon-squid PFP stacked from painterly trait layers. Minted on Ink.,1226.gif,Storm Grey,Coral Glow,Bobtail,Dew,Brush Streak,Ink Ribbon
1227,Inkling #1227,A looping cartoon-squid PFP stacked from painterly trait layers. Minted on Ink.,1227.gif,Wine Paper,Violet Haze,Dumbo,Bright,Brush Streak,Ink Ribbon
1228,Inkling #1228,A looping cartoon-squid PFP stacked from painterly trait layers. Minted on Ink.,1228.gif,Cream Rice,No bloom,Bobtail,Dew,Slow Drip,Soft Crown
1229,Inkling #1229,A looping cartoon-squid PFP stacked from painterly trait layers. Minted on Ink.,1229.gif,Charcoal Wash,No bloom,Cuttle,Sleepy,Clean mantle,Wash Hood
1230,Inkling #1230,A looping cartoon-squid PFP stacked from painterly trait layers. Minted on Ink.,1230.gif,Charcoal Wash,No bloom,Dumbo,Bright,Ink Splash,Bare mantle
1231,Inkling #1231,A looping cartoon-squid PFP stacked from painterly trait layers. Minted on Ink.,1231.gif,Peach Dusk,No bloom,Bobtail,Ember,Clean mantle,Soft Crown
1232,Inkling #1232,A looping cartoon-squid PFP stacked from painterly trait layers. Minted on Ink.,1232.gif,Peach Dusk,Teal Mist,Giant,Sleepy,Clean mantle,Pearl Cluster
1233,Inkling #1233,A looping cartoon-squid PFP stacked from painterly trait layers. Minted on Ink.,1233.gif,Indigo Night,Teal Mist,Firefly,Ember,Red Seal,Kelp Flow
1234,Inkling #1234,A looping cartoon-squid PFP stacked from painterly trait layers. Minted on Ink.,1234.gif,Indigo Night,Coral Glow,Inked,Ember,Slow Drip,Pearl Cluster
1235,Inkling #1235,A looping cartoon-squid PFP stacked from painterly trait layers. Minted on Ink.,1235.gif,Peach Dusk,Teal Mist,Glass,Sleepy,Ink Splash,Pearl Cluster
1236,Inkling #1236,A looping cartoon-squid PFP stacked from painterly trait layers. Minted on Ink.,1236.gif,Rose Gold,Silver Veil,Giant,Sleepy,Ink Splash,Soft Crown
1237,Inkling #1237,A looping cartoon-squid PFP stacked from painterly trait layers. Minted on Ink.,1237.gif,Storm Grey,Silver Veil,Glass,Bright,Slow Drip,Kelp Flow
1238,Inkling #1238,A looping cartoon-squid PFP stacked from painterly trait layers. Minted on Ink.,1238.gif,Wine Paper,No bloom,Dumbo,Bright,Clean mantle,Soft Crown
1239,Inkling #1239,A looping cartoon-squid PFP stacked from painterly trait layers. Minted on Ink.,1239.gif,Charcoal Wash,No bloom,Bobtail,Bright,Slow Drip,Ink Ribbon
1240,Inkling #1240,A looping cartoon-squid PFP stacked from painterly trait layers. Minted on Ink.,1240.gif,Peach Dusk,Gold Wash,Bobtail,Wink,Ink Splash,Wash Hood
1241,Inkling #1241,A looping cartoon-squid PFP stacked from painterly trait layers. Minted on Ink.,1241.gif,Rose Gold,Gold Wash,Inked,Wink,Ink Splash,Kelp Flow
1242,Inkling #1242,A looping cartoon-squid PFP stacked from painterly trait layers. Minted on Ink.,1242.gif,Wine Paper,Violet Haze,Reef,Sleepy,Ink Splash,Bare mantle
1243,Inkling #1243,A looping cartoon-squid PFP stacked from painterly trait layers. Minted on Ink.,1243.gif,Cream Rice,No bloom,Inked,Dew,Slow Drip,Soft Crown
1244,Inkling #1244,A looping cartoon-squid PFP stacked from painterly trait layers. Minted on Ink.,1244.gif,Rose Gold,Silver Veil,Bobtail,Bright,Brush Streak,Wash Hood
1245,Inkling #1245,A looping cartoon-squid PFP stacked from painterly trait layers. Minted on Ink.,1245.gif,Indigo Night,Teal Mist,Giant,Ember,Slow Drip,Bare mantle
1246,Inkling #1246,A looping cartoon-squid PFP stacked from painterly trait layers. Minted on Ink.,1246.gif,Storm Grey,Gold Wash,Reef,Bright,Brush Streak,Soft Crown
1247,Inkling #1247,A looping cartoon-squid PFP stacked from painterly trait layers. Minted on Ink.,1247.gif,Storm Grey,Gold Wash,Inked,Lidded,Brush Streak,Kelp Flow
1248,Inkling #1248,A looping cartoon-squid PFP stacked from painterly trait layers. Minted on Ink.,1248.gif,Rose Gold,Coral Glow,Giant,Lidded,Clean mantle,Kelp Flow
1249,Inkling #1249,A looping cartoon-squid PFP stacked from painterly trait layers. Minted on Ink.,1249.gif,Celadon Garden,Coral Glow,Inked,Dew,Slow Drip,Bare mantle
1250,Inkling #1250,A looping cartoon-squid PFP stacked from painterly trait layers. Minted on Ink.,1250.gif,Storm Grey,Gold Wash,Firefly,Lidded,Clean mantle,Wash Hood
1251,Inkling #1251,A looping cartoon-squid PFP stacked from painterly trait layers. Minted on Ink.,1251.gif,Storm Grey,Teal Mist,Firefly,Lidded,Clean mantle,Wash Hood
1252,Inkling #1252,A looping cartoon-squid PFP stacked from painterly trait layers. Minted on Ink.,1252.gif,Indigo Night,Violet Haze,Cuttle,Bright,Clean mantle,Ink Ribbon
1253,Inkling #1253,A looping cartoon-squid PFP stacked from painterly trait layers. Minted on Ink.,1253.gif,Storm Grey,Teal Mist,Glass,Sleepy,Brush Streak,Wash Hood
1254,Inkling #1254,A looping cartoon-squid PFP stacked from painterly trait layers. Minted on Ink.,1254.gif,Indigo Night,No bloom,Inked,Lidded,Clean mantle,Kelp Flow
1255,Inkling #1255,A looping cartoon-squid PFP stacked from painterly trait layers. Minted on Ink.,1255.gif,Indigo Night,Silver Veil,Giant,Wink,Clean mantle,Ink Ribbon
1256,Inkling #1256,A looping cartoon-squid PFP stacked from painterly trait layers. Minted on Ink.,1256.gif,Celadon Garden,No bloom,Cuttle,Bright,Ink Splash,Kelp Flow
1257,Inkling #1257,A looping cartoon-squid PFP stacked from painterly trait layers. Minted on Ink.,1257.gif,Charcoal Wash,Teal Mist,Dumbo,Lidded,Red Seal,Pearl Cluster
1258,Inkling #1258,A looping cartoon-squid PFP stacked from painterly trait layers. Minted on Ink.,1258.gif,Charcoal Wash,Gold Wash,Cuttle,Wink,Ink Splash,Kelp Flow
1259,Inkling #1259,A looping cartoon-squid PFP stacked from painterly trait layers. Minted on Ink.,1259.gif,Indigo Night,No bloom,Cuttle,Wink,Brush Streak,Soft Crown
1260,Inkling #1260,A looping cartoon-squid PFP stacked from painterly trait layers. Minted on Ink.,1260.gif,Indigo Night,Gold Wash,Glass,Bright,Red Seal,Wash Hood
1261,Inkling #1261,A looping cartoon-squid PFP stacked from painterly trait layers. Minted on Ink.,1261.gif,Celadon Garden,Gold Wash,Glass,Lidded,Red Seal,Ink Ribbon
1262,Inkling #1262,A looping cartoon-squid PFP stacked from painterly trait layers. Minted on Ink.,1262.gif,Celadon Garden,Violet Haze,Bobtail,Sleepy,Ink Splash,Ink Ribbon
1263,Inkling #1263,A looping cartoon-squid PFP stacked from painterly trait layers. Minted on Ink.,1263.gif,Cream Rice,Coral Glow,Bobtail,Lidded,Clean mantle,Bare mantle
1264,Inkling #1264,A looping cartoon-squid PFP stacked from painterly trait layers. Minted on Ink.,1264.gif,Storm Grey,Gold Wash,Firefly,Ember,Brush Streak,Kelp Flow
1265,Inkling #1265,A looping cartoon-squid PFP stacked from painterly trait layers. Minted on Ink.,1265.gif,Peach Dusk,Violet Haze,Reef,Wink,Red Seal,Bare mantle
1266,Inkling #1266,A looping cartoon-squid PFP stacked from painterly trait layers. Minted on Ink.,1266.gif,Wine Paper,Coral Glow,Reef,Sleepy,Slow Drip,Soft Crown
1267,Inkling #1267,A looping cartoon-squid PFP stacked from painterly trait layers. Minted on Ink.,1267.gif,Indigo Night,Violet Haze,Firefly,Ember,Slow Drip,Wash Hood
1268,Inkling #1268,A looping cartoon-squid PFP stacked from painterly trait layers. Minted on Ink.,1268.gif,Storm Grey,Gold Wash,Bobtail,Ember,Clean mantle,Bare mantle
1269,Inkling #1269,A looping cartoon-squid PFP stacked from painterly trait layers. Minted on Ink.,1269.gif,Wine Paper,Gold Wash,Cuttle,Lidded,Ink Splash,Bare mantle
1270,Inkling #1270,A looping cartoon-squid PFP stacked from painterly trait layers. Minted on Ink.,1270.gif,Celadon Garden,Silver Veil,Glass,Ember,Clean mantle,Kelp Flow
1271,Inkling #1271,A looping cartoon-squid PFP stacked from painterly trait layers. Minted on Ink.,1271.gif,Charcoal Wash,Teal Mist,Dumbo,Lidded,Clean mantle,Bare mantle
1272,Inkling #1272,A looping cartoon-squid PFP stacked from painterly trait layers. Minted on Ink.,1272.gif,Indigo Night,No bloom,Cuttle,Wink,Ink Splash,Pearl Cluster
1273,Inkling #1273,A looping cartoon-squid PFP stacked from painterly trait layers. Minted on Ink.,1273.gif,Peach Dusk,Violet Haze,Giant,Lidded,Clean mantle,Bare mantle
1274,Inkling #1274,A looping cartoon-squid PFP stacked from painterly trait layers. Minted on Ink.,1274.gif,Peach Dusk,Coral Glow,Reef,Ember,Brush Streak,Kelp Flow
1275,Inkling #1275,A looping cartoon-squid PFP stacked from painterly trait layers. Minted on Ink.,1275.gif,Charcoal Wash,Gold Wash,Reef,Bright,Brush Streak,Soft Crown
1276,Inkling #1276,A looping cartoon-squid PFP stacked from painterly trait layers. Minted on Ink.,1276.gif,Celadon Garden,Violet Haze,Bobtail,Ember,Ink Splash,Kelp Flow
1277,Inkling #1277,A looping cartoon-squid PFP stacked from painterly trait layers. Minted on Ink.,1277.gif,Peach Dusk,Silver Veil,Inked,Lidded,Ink Splash,Pearl Cluster
1278,Inkling #1278,A looping cartoon-squid PFP stacked from painterly trait layers. Minted on Ink.,1278.gif,Charcoal Wash,Gold Wash,Inked,Bright,Clean mantle,Pearl Cluster
1279,Inkling #1279,A looping cartoon-squid PFP stacked from painterly trait layers. Minted on Ink.,1279.gif,Rose Gold,Gold Wash,Dumbo,Lidded,Red Seal,Ink Ribbon
1280,Inkling #1280,A looping cartoon-squid PFP stacked from painterly trait layers. Minted on Ink.,1280.gif,Charcoal Wash,No bloom,Cuttle,Bright,Slow Drip,Soft Crown
1281,Inkling #1281,A looping cartoon-squid PFP stacked from painterly trait layers. Minted on Ink.,1281.gif,Peach Dusk,Coral Glow,Cuttle,Lidded,Clean mantle,Bare mantle
1282,Inkling #1282,A looping cartoon-squid PFP stacked from painterly trait layers. Minted on Ink.,1282.gif,Rose Gold,Violet Haze,Cuttle,Lidded,Clean mantle,Wash Hood
1283,Inkling #1283,A looping cartoon-squid PFP stacked from painterly trait layers. Minted on Ink.,1283.gif,Indigo Night,Gold Wash,Bobtail,Ember,Clean mantle,Pearl Cluster
1284,Inkling #1284,A looping cartoon-squid PFP stacked from painterly trait layers. Minted on Ink.,1284.gif,Cream Rice,Coral Glow,Reef,Ember,Clean mantle,Pearl Cluster
1285,Inkling #1285,A looping cartoon-squid PFP stacked from painterly trait layers. Minted on Ink.,1285.gif,Peach Dusk,Teal Mist,Firefly,Sleepy,Clean mantle,Bare mantle
1286,Inkling #1286,A looping cartoon-squid PFP stacked from painterly trait layers. Minted on Ink.,1286.gif,Storm Grey,Violet Haze,Bobtail,Bright,Ink Splash,Wash Hood
1287,Inkling #1287,A looping cartoon-squid PFP stacked from painterly trait layers. Minted on Ink.,1287.gif,Storm Grey,Coral Glow,Glass,Sleepy,Clean mantle,Ink Ribbon
1288,Inkling #1288,A looping cartoon-squid PFP stacked from painterly trait layers. Minted on Ink.,1288.gif,Storm Grey,Gold Wash,Giant,Sleepy,Brush Streak,Bare mantle
1289,Inkling #1289,A looping cartoon-squid PFP stacked from painterly trait layers. Minted on Ink.,1289.gif,Celadon Garden,Violet Haze,Giant,Dew,Slow Drip,Kelp Flow
1290,Inkling #1290,A looping cartoon-squid PFP stacked from painterly trait layers. Minted on Ink.,1290.gif,Peach Dusk,Gold Wash,Dumbo,Bright,Clean mantle,Ink Ribbon
1291,Inkling #1291,A looping cartoon-squid PFP stacked from painterly trait layers. Minted on Ink.,1291.gif,Peach Dusk,No bloom,Cuttle,Sleepy,Clean mantle,Pearl Cluster
1292,Inkling #1292,A looping cartoon-squid PFP stacked from painterly trait layers. Minted on Ink.,1292.gif,Indigo Night,Teal Mist,Inked,Sleepy,Ink Splash,Soft Crown
1293,Inkling #1293,A looping cartoon-squid PFP stacked from painterly trait layers. Minted on Ink.,1293.gif,Celadon Garden,No bloom,Dumbo,Bright,Ink Splash,Soft Crown
1294,Inkling #1294,A looping cartoon-squid PFP stacked from painterly trait layers. Minted on Ink.,1294.gif,Wine Paper,Gold Wash,Reef,Bright,Ink Splash,Soft Crown
1295,Inkling #1295,A looping cartoon-squid PFP stacked from painterly trait layers. Minted on Ink.,1295.gif,Indigo Night,No bloom,Dumbo,Lidded,Red Seal,Ink Ribbon
1296,Inkling #1296,A looping cartoon-squid PFP stacked from painterly trait layers. Minted on Ink.,1296.gif,Celadon Garden,No bloom,Firefly,Dew,Red Seal,Kelp Flow
1297,Inkling #1297,A looping cartoon-squid PFP stacked from painterly trait layers. Minted on Ink.,1297.gif,Rose Gold,Gold Wash,Inked,Bright,Clean mantle,Bare mantle
1298,Inkling #1298,A looping cartoon-squid PFP stacked from painterly trait layers. Minted on Ink.,1298.gif,Indigo Night,Coral Glow,Dumbo,Lidded,Clean mantle,Pearl Cluster
1299,Inkling #1299,A looping cartoon-squid PFP stacked from painterly trait layers. Minted on Ink.,1299.gif,Charcoal Wash,Teal Mist,Bobtail,Ember,Ink Splash,Wash Hood
1300,Inkling #1300,A looping cartoon-squid PFP stacked from painterly trait layers. Minted on Ink.,1300.gif,Storm Grey,No bloom,Giant,Ember,Ink Splash,Kelp Flow
1301,Inkling #1301,A looping cartoon-squid PFP stacked from painterly trait layers. Minted on Ink.,1301.gif,Rose Gold,No bloom,Bobtail,Wink,Brush Streak,Bare mantle
1302,Inkling #1302,A looping cartoon-squid PFP stacked from painterly trait layers. Minted on Ink.,1302.gif,Charcoal Wash,Coral Glow,Dumbo,Bright,Ink Splash,Ink Ribbon
1303,Inkling #1303,A looping cartoon-squid PFP stacked from painterly trait layers. Minted on Ink.,1303.gif,Indigo Night,No bloom,Reef,Bright,Red Seal,Kelp Flow
1304,Inkling #1304,A looping cartoon-squid PFP stacked from painterly trait layers. Minted on Ink.,1304.gif,Celadon Garden,Violet Haze,Cuttle,Bright,Slow Drip,Wash Hood
1305,Inkling #1305,A looping cartoon-squid PFP stacked from painterly trait layers. Minted on Ink.,1305.gif,Storm Grey,Teal Mist,Reef,Wink,Slow Drip,Soft Crown
1306,Inkling #1306,A looping cartoon-squid PFP stacked from painterly trait layers. Minted on Ink.,1306.gif,Celadon Garden,No bloom,Glass,Wink,Ink Splash,Pearl Cluster
1307,Inkling #1307,A looping cartoon-squid PFP stacked from painterly trait layers. Minted on Ink.,1307.gif,Peach Dusk,Coral Glow,Bobtail,Wink,Red Seal,Wash Hood
1308,Inkling #1308,A looping cartoon-squid PFP stacked from painterly trait layers. Minted on Ink.,1308.gif,Celadon Garden,No bloom,Glass,Lidded,Brush Streak,Bare mantle
1309,Inkling #1309,A looping cartoon-squid PFP stacked from painterly trait layers. Minted on Ink.,1309.gif,Peach Dusk,Gold Wash,Dumbo,Lidded,Clean mantle,Soft Crown
1310,Inkling #1310,A looping cartoon-squid PFP stacked from painterly trait layers. Minted on Ink.,1310.gif,Peach Dusk,Teal Mist,Firefly,Ember,Clean mantle,Soft Crown
1311,Inkling #1311,A looping cartoon-squid PFP stacked from painterly trait layers. Minted on Ink.,1311.gif,Cream Rice,No bloom,Dumbo,Ember,Clean mantle,Soft Crown
1312,Inkling #1312,A looping cartoon-squid PFP stacked from painterly trait layers. Minted on Ink.,1312.gif,Charcoal Wash,Gold Wash,Glass,Ember,Clean mantle,Kelp Flow
1313,Inkling #1313,A looping cartoon-squid PFP stacked from painterly trait layers. Minted on Ink.,1313.gif,Storm Grey,Violet Haze,Bobtail,Ember,Ink Splash,Ink Ribbon
1314,Inkling #1314,A looping cartoon-squid PFP stacked from painterly trait layers. Minted on Ink.,1314.gif,Rose Gold,No bloom,Firefly,Ember,Red Seal,Ink Ribbon
1315,Inkling #1315,A looping cartoon-squid PFP stacked from painterly trait layers. Minted on Ink.,1315.gif,Rose Gold,Teal Mist,Cuttle,Wink,Ink Splash,Bare mantle
1316,Inkling #1316,A looping cartoon-squid PFP stacked from painterly trait layers. Minted on Ink.,1316.gif,Indigo Night,Coral Glow,Bobtail,Lidded,Clean mantle,Bare mantle
1317,Inkling #1317,A looping cartoon-squid PFP stacked from painterly trait layers. Minted on Ink.,1317.gif,Celadon Garden,Coral Glow,Cuttle,Sleepy,Clean mantle,Bare mantle
1318,Inkling #1318,A looping cartoon-squid PFP stacked from painterly trait layers. Minted on Ink.,1318.gif,Wine Paper,No bloom,Reef,Bright,Red Seal,Bare mantle
1319,Inkling #1319,A looping cartoon-squid PFP stacked from painterly trait layers. Minted on Ink.,1319.gif,Indigo Night,Coral Glow,Bobtail,Dew,Clean mantle,Soft Crown
1320,Inkling #1320,A looping cartoon-squid PFP stacked from painterly trait layers. Minted on Ink.,1320.gif,Indigo Night,Coral Glow,Bobtail,Ember,Slow Drip,Kelp Flow
1321,Inkling #1321,A looping cartoon-squid PFP stacked from painterly trait layers. Minted on Ink.,1321.gif,Peach Dusk,Gold Wash,Dumbo,Bright,Brush Streak,Kelp Flow
1322,Inkling #1322,A looping cartoon-squid PFP stacked from painterly trait layers. Minted on Ink.,1322.gif,Celadon Garden,Gold Wash,Cuttle,Bright,Slow Drip,Kelp Flow
1323,Inkling #1323,A looping cartoon-squid PFP stacked from painterly trait layers. Minted on Ink.,1323.gif,Celadon Garden,Silver Veil,Dumbo,Bright,Ink Splash,Bare mantle
1324,Inkling #1324,A looping cartoon-squid PFP stacked from painterly trait layers. Minted on Ink.,1324.gif,Indigo Night,Teal Mist,Giant,Bright,Brush Streak,Soft Crown
1325,Inkling #1325,A looping cartoon-squid PFP stacked from painterly trait layers. Minted on Ink.,1325.gif,Peach Dusk,Violet Haze,Glass,Sleepy,Ink Splash,Soft Crown
1326,Inkling #1326,A looping cartoon-squid PFP stacked from painterly trait layers. Minted on Ink.,1326.gif,Indigo Night,Silver Veil,Glass,Bright,Brush Streak,Ink Ribbon
1327,Inkling #1327,A looping cartoon-squid PFP stacked from painterly trait layers. Minted on Ink.,1327.gif,Rose Gold,Violet Haze,Glass,Dew,Slow Drip,Kelp Flow
1328,Inkling #1328,A looping cartoon-squid PFP stacked from painterly trait layers. Minted on Ink.,1328.gif,Indigo Night,Violet Haze,Reef,Dew,Clean mantle,Pearl Cluster
1329,Inkling #1329,A looping cartoon-squid PFP stacked from painterly trait layers. Minted on Ink.,1329.gif,Rose Gold,Teal Mist,Bobtail,Dew,Clean mantle,Kelp Flow
1330,Inkling #1330,A looping cartoon-squid PFP stacked from painterly trait layers. Minted on Ink.,1330.gif,Celadon Garden,No bloom,Reef,Dew,Slow Drip,Bare mantle
1331,Inkling #1331,A looping cartoon-squid PFP stacked from painterly trait layers. Minted on Ink.,1331.gif,Indigo Night,Coral Glow,Giant,Wink,Slow Drip,Soft Crown
1332,Inkling #1332,A looping cartoon-squid PFP stacked from painterly trait layers. Minted on Ink.,1332.gif,Cream Rice,Violet Haze,Reef,Lidded,Ink Splash,Wash Hood
1333,Inkling #1333,A looping cartoon-squid PFP stacked from painterly trait layers. Minted on Ink.,1333.gif,Indigo Night,No bloom,Firefly,Lidded,Ink Splash,Ink Ribbon
1334,Inkling #1334,A looping cartoon-squid PFP stacked from painterly trait layers. Minted on Ink.,1334.gif,Celadon Garden,Violet Haze,Firefly,Wink,Clean mantle,Kelp Flow
1335,Inkling #1335,A looping cartoon-squid PFP stacked from painterly trait layers. Minted on Ink.,1335.gif,Wine Paper,Silver Veil,Reef,Ember,Clean mantle,Bare mantle
1336,Inkling #1336,A looping cartoon-squid PFP stacked from painterly trait layers. Minted on Ink.,1336.gif,Celadon Garden,Violet Haze,Dumbo,Dew,Clean mantle,Soft Crown
1337,Inkling #1337,A looping cartoon-squid PFP stacked from painterly trait layers. Minted on Ink.,1337.gif,Cream Rice,No bloom,Cuttle,Lidded,Clean mantle,Ink Ribbon
1338,Inkling #1338,A looping cartoon-squid PFP stacked from painterly trait layers. Minted on Ink.,1338.gif,Peach Dusk,Teal Mist,Bobtail,Sleepy,Brush Streak,Wash Hood
1339,Inkling #1339,A looping cartoon-squid PFP stacked from painterly trait layers. Minted on Ink.,1339.gif,Indigo Night,Violet Haze,Giant,Sleepy,Clean mantle,Bare mantle
1340,Inkling #1340,A looping cartoon-squid PFP stacked from painterly trait layers. Minted on Ink.,1340.gif,Rose Gold,Gold Wash,Reef,Lidded,Ink Splash,Soft Crown
1341,Inkling #1341,A looping cartoon-squid PFP stacked from painterly trait layers. Minted on Ink.,1341.gif,Wine Paper,No bloom,Cuttle,Ember,Clean mantle,Kelp Flow
1342,Inkling #1342,A looping cartoon-squid PFP stacked from painterly trait layers. Minted on Ink.,1342.gif,Celadon Garden,Gold Wash,Bobtail,Bright,Clean mantle,Wash Hood
1343,Inkling #1343,A looping cartoon-squid PFP stacked from painterly trait layers. Minted on Ink.,1343.gif,Rose Gold,No bloom,Dumbo,Lidded,Brush Streak,Kelp Flow
1344,Inkling #1344,A looping cartoon-squid PFP stacked from painterly trait layers. Minted on Ink.,1344.gif,Peach Dusk,Coral Glow,Giant,Dew,Slow Drip,Pearl Cluster
1345,Inkling #1345,A looping cartoon-squid PFP stacked from painterly trait layers. Minted on Ink.,1345.gif,Rose Gold,Teal Mist,Bobtail,Ember,Brush Streak,Ink Ribbon
1346,Inkling #1346,A looping cartoon-squid PFP stacked from painterly trait layers. Minted on Ink.,1346.gif,Indigo Night,No bloom,Giant,Ember,Clean mantle,Soft Crown
1347,Inkling #1347,A looping cartoon-squid PFP stacked from painterly trait layers. Minted on Ink.,1347.gif,Rose Gold,Coral Glow,Reef,Lidded,Brush Streak,Bare mantle
1348,Inkling #1348,A looping cartoon-squid PFP stacked from painterly trait layers. Minted on Ink.,1348.gif,Celadon Garden,No bloom,Firefly,Dew,Ink Splash,Kelp Flow
1349,Inkling #1349,A looping cartoon-squid PFP stacked from painterly trait layers. Minted on Ink.,1349.gif,Charcoal Wash,Gold Wash,Glass,Dew,Ink Splash,Bare mantle
1350,Inkling #1350,A looping cartoon-squid PFP stacked from painterly trait layers. Minted on Ink.,1350.gif,Peach Dusk,No bloom,Glass,Dew,Red Seal,Ink Ribbon
1351,Inkling #1351,A looping cartoon-squid PFP stacked from painterly trait layers. Minted on Ink.,1351.gif,Indigo Night,No bloom,Cuttle,Dew,Slow Drip,Soft Crown
1352,Inkling #1352,A looping cartoon-squid PFP stacked from painterly trait layers. Minted on Ink.,1352.gif,Wine Paper,Violet Haze,Glass,Bright,Slow Drip,Wash Hood
1353,Inkling #1353,A looping cartoon-squid PFP stacked from painterly trait layers. Minted on Ink.,1353.gif,Indigo Night,Silver Veil,Dumbo,Lidded,Clean mantle,Soft Crown
1354,Inkling #1354,A looping cartoon-squid PFP stacked from painterly trait layers. Minted on Ink.,1354.gif,Indigo Night,Teal Mist,Dumbo,Bright,Red Seal,Kelp Flow
1355,Inkling #1355,A looping cartoon-squid PFP stacked from painterly trait layers. Minted on Ink.,1355.gif,Wine Paper,Gold Wash,Firefly,Bright,Slow Drip,Kelp Flow
1356,Inkling #1356,A looping cartoon-squid PFP stacked from painterly trait layers. Minted on Ink.,1356.gif,Peach Dusk,Silver Veil,Firefly,Sleepy,Clean mantle,Ink Ribbon
1357,Inkling #1357,A looping cartoon-squid PFP stacked from painterly trait layers. Minted on Ink.,1357.gif,Indigo Night,Teal Mist,Reef,Ember,Slow Drip,Soft Crown
1358,Inkling #1358,A looping cartoon-squid PFP stacked from painterly trait layers. Minted on Ink.,1358.gif,Rose Gold,Teal Mist,Firefly,Ember,Clean mantle,Soft Crown
1359,Inkling #1359,A looping cartoon-squid PFP stacked from painterly trait layers. Minted on Ink.,1359.gif,Celadon Garden,No bloom,Reef,Wink,Clean mantle,Kelp Flow
1360,Inkling #1360,A looping cartoon-squid PFP stacked from painterly trait layers. Minted on Ink.,1360.gif,Rose Gold,Teal Mist,Dumbo,Wink,Ink Splash,Kelp Flow
1361,Inkling #1361,A looping cartoon-squid PFP stacked from painterly trait layers. Minted on Ink.,1361.gif,Storm Grey,Violet Haze,Cuttle,Lidded,Clean mantle,Ink Ribbon
1362,Inkling #1362,A looping cartoon-squid PFP stacked from painterly trait layers. Minted on Ink.,1362.gif,Rose Gold,Violet Haze,Glass,Dew,Clean mantle,Ink Ribbon
1363,Inkling #1363,A looping cartoon-squid PFP stacked from painterly trait layers. Minted on Ink.,1363.gif,Cream Rice,No bloom,Dumbo,Bright,Slow Drip,Soft Crown
1364,Inkling #1364,A looping cartoon-squid PFP stacked from painterly trait layers. Minted on Ink.,1364.gif,Charcoal Wash,Gold Wash,Dumbo,Wink,Brush Streak,Soft Crown
1365,Inkling #1365,A looping cartoon-squid PFP stacked from painterly trait layers. Minted on Ink.,1365.gif,Storm Grey,Coral Glow,Bobtail,Bright,Brush Streak,Bare mantle
1366,Inkling #1366,A looping cartoon-squid PFP stacked from painterly trait layers. Minted on Ink.,1366.gif,Peach Dusk,No bloom,Firefly,Bright,Red Seal,Kelp Flow
1367,Inkling #1367,A looping cartoon-squid PFP stacked from painterly trait layers. Minted on Ink.,1367.gif,Wine Paper,No bloom,Reef,Wink,Clean mantle,Bare mantle
1368,Inkling #1368,A looping cartoon-squid PFP stacked from painterly trait layers. Minted on Ink.,1368.gif,Indigo Night,No bloom,Bobtail,Sleepy,Ink Splash,Soft Crown
1369,Inkling #1369,A looping cartoon-squid PFP stacked from painterly trait layers. Minted on Ink.,1369.gif,Celadon Garden,Violet Haze,Cuttle,Sleepy,Clean mantle,Kelp Flow
1370,Inkling #1370,A looping cartoon-squid PFP stacked from painterly trait layers. Minted on Ink.,1370.gif,Peach Dusk,Violet Haze,Dumbo,Ember,Clean mantle,Bare mantle
1371,Inkling #1371,A looping cartoon-squid PFP stacked from painterly trait layers. Minted on Ink.,1371.gif,Indigo Night,Gold Wash,Cuttle,Bright,Ink Splash,Bare mantle
1372,Inkling #1372,A looping cartoon-squid PFP stacked from painterly trait layers. Minted on Ink.,1372.gif,Rose Gold,Teal Mist,Bobtail,Lidded,Ink Splash,Soft Crown
1373,Inkling #1373,A looping cartoon-squid PFP stacked from painterly trait layers. Minted on Ink.,1373.gif,Celadon Garden,Gold Wash,Bobtail,Dew,Brush Streak,Soft Crown
1374,Inkling #1374,A looping cartoon-squid PFP stacked from painterly trait layers. Minted on Ink.,1374.gif,Indigo Night,Teal Mist,Glass,Ember,Brush Streak,Ink Ribbon
1375,Inkling #1375,A looping cartoon-squid PFP stacked from painterly trait layers. Minted on Ink.,1375.gif,Cream Rice,Silver Veil,Reef,Bright,Ink Splash,Pearl Cluster
1376,Inkling #1376,A looping cartoon-squid PFP stacked from painterly trait layers. Minted on Ink.,1376.gif,Wine Paper,Teal Mist,Firefly,Sleepy,Ink Splash,Bare mantle
1377,Inkling #1377,A looping cartoon-squid PFP stacked from painterly trait layers. Minted on Ink.,1377.gif,Celadon Garden,Silver Veil,Reef,Wink,Red Seal,Wash Hood
1378,Inkling #1378,A looping cartoon-squid PFP stacked from painterly trait layers. Minted on Ink.,1378.gif,Celadon Garden,Violet Haze,Giant,Bright,Clean mantle,Soft Crown
1379,Inkling #1379,A looping cartoon-squid PFP stacked from painterly trait layers. Minted on Ink.,1379.gif,Rose Gold,No bloom,Firefly,Bright,Slow Drip,Soft Crown
1380,Inkling #1380,A looping cartoon-squid PFP stacked from painterly trait layers. Minted on Ink.,1380.gif,Charcoal Wash,Coral Glow,Firefly,Lidded,Ink Splash,Soft Crown
1381,Inkling #1381,A looping cartoon-squid PFP stacked from painterly trait layers. Minted on Ink.,1381.gif,Peach Dusk,Violet Haze,Glass,Ember,Ink Splash,Pearl Cluster
1382,Inkling #1382,A looping cartoon-squid PFP stacked from painterly trait layers. Minted on Ink.,1382.gif,Storm Grey,No bloom,Bobtail,Bright,Slow Drip,Ink Ribbon
1383,Inkling #1383,A looping cartoon-squid PFP stacked from painterly trait layers. Minted on Ink.,1383.gif,Peach Dusk,Gold Wash,Cuttle,Wink,Clean mantle,Pearl Cluster
1384,Inkling #1384,A looping cartoon-squid PFP stacked from painterly trait layers. Minted on Ink.,1384.gif,Celadon Garden,Violet Haze,Firefly,Bright,Clean mantle,Ink Ribbon
1385,Inkling #1385,A looping cartoon-squid PFP stacked from painterly trait layers. Minted on Ink.,1385.gif,Rose Gold,No bloom,Glass,Bright,Ink Splash,Bare mantle
1386,Inkling #1386,A looping cartoon-squid PFP stacked from painterly trait layers. Minted on Ink.,1386.gif,Peach Dusk,No bloom,Firefly,Bright,Clean mantle,Bare mantle
1387,Inkling #1387,A looping cartoon-squid PFP stacked from painterly trait layers. Minted on Ink.,1387.gif,Peach Dusk,Violet Haze,Bobtail,Bright,Red Seal,Kelp Flow
1388,Inkling #1388,A looping cartoon-squid PFP stacked from painterly trait layers. Minted on Ink.,1388.gif,Rose Gold,Coral Glow,Bobtail,Bright,Clean mantle,Kelp Flow
1389,Inkling #1389,A looping cartoon-squid PFP stacked from painterly trait layers. Minted on Ink.,1389.gif,Peach Dusk,Teal Mist,Giant,Lidded,Clean mantle,Soft Crown
1390,Inkling #1390,A looping cartoon-squid PFP stacked from painterly trait layers. Minted on Ink.,1390.gif,Rose Gold,Violet Haze,Cuttle,Lidded,Ink Splash,Bare mantle
1391,Inkling #1391,A looping cartoon-squid PFP stacked from painterly trait layers. Minted on Ink.,1391.gif,Celadon Garden,Coral Glow,Firefly,Sleepy,Slow Drip,Soft Crown
1392,Inkling #1392,A looping cartoon-squid PFP stacked from painterly trait layers. Minted on Ink.,1392.gif,Peach Dusk,Teal Mist,Bobtail,Ember,Slow Drip,Ink Ribbon
1393,Inkling #1393,A looping cartoon-squid PFP stacked from painterly trait layers. Minted on Ink.,1393.gif,Charcoal Wash,Coral Glow,Firefly,Sleepy,Brush Streak,Soft Crown
1394,Inkling #1394,A looping cartoon-squid PFP stacked from painterly trait layers. Minted on Ink.,1394.gif,Indigo Night,No bloom,Dumbo,Sleepy,Red Seal,Pearl Cluster
1395,Inkling #1395,A looping cartoon-squid PFP stacked from painterly trait layers. Minted on Ink.,1395.gif,Celadon Garden,Gold Wash,Glass,Bright,Ink Splash,Bare mantle
1396,Inkling #1396,A looping cartoon-squid PFP stacked from painterly trait layers. Minted on Ink.,1396.gif,Celadon Garden,No bloom,Dumbo,Bright,Clean mantle,Bare mantle
1397,Inkling #1397,A looping cartoon-squid PFP stacked from painterly trait layers. Minted on Ink.,1397.gif,Charcoal Wash,No bloom,Bobtail,Bright,Brush Streak,Pearl Cluster
1398,Inkling #1398,A looping cartoon-squid PFP stacked from painterly trait layers. Minted on Ink.,1398.gif,Storm Grey,Gold Wash,Glass,Wink,Red Seal,Soft Crown
1399,Inkling #1399,A looping cartoon-squid PFP stacked from painterly trait layers. Minted on Ink.,1399.gif,Celadon Garden,Teal Mist,Cuttle,Wink,Red Seal,Bare mantle
1400,Inkling #1400,A looping cartoon-squid PFP stacked from painterly trait layers. Minted on Ink.,1400.gif,Cream Rice,Silver Veil,Dumbo,Dew,Clean mantle,Kelp Flow
1401,Inkling #1401,A looping cartoon-squid PFP stacked from painterly trait layers. Minted on Ink.,1401.gif,Celadon Garden,Silver Veil,Reef,Wink,Clean mantle,Wash Hood
1402,Inkling #1402,A looping cartoon-squid PFP stacked from painterly trait layers. Minted on Ink.,1402.gif,Storm Grey,No bloom,Bobtail,Bright,Brush Streak,Kelp Flow
1403,Inkling #1403,A looping cartoon-squid PFP stacked from painterly trait layers. Minted on Ink.,1403.gif,Cream Rice,Gold Wash,Inked,Lidded,Slow Drip,Bare mantle
1404,Inkling #1404,A looping cartoon-squid PFP stacked from painterly trait layers. Minted on Ink.,1404.gif,Charcoal Wash,Violet Haze,Giant,Lidded,Slow Drip,Kelp Flow
1405,Inkling #1405,A looping cartoon-squid PFP stacked from painterly trait layers. Minted on Ink.,1405.gif,Indigo Night,Gold Wash,Reef,Bright,Clean mantle,Wash Hood
1406,Inkling #1406,A looping cartoon-squid PFP stacked from painterly trait layers. Minted on Ink.,1406.gif,Rose Gold,Violet Haze,Glass,Sleepy,Clean mantle,Wash Hood
1407,Inkling #1407,A looping cartoon-squid PFP stacked from painterly trait layers. Minted on Ink.,1407.gif,Peach Dusk,Teal Mist,Glass,Lidded,Clean mantle,Kelp Flow
1408,Inkling #1408,A looping cartoon-squid PFP stacked from painterly trait layers. Minted on Ink.,1408.gif,Charcoal Wash,Coral Glow,Cuttle,Bright,Clean mantle,Wash Hood
1409,Inkling #1409,A looping cartoon-squid PFP stacked from painterly trait layers. Minted on Ink.,1409.gif,Peach Dusk,Coral Glow,Glass,Lidded,Clean mantle,Ink Ribbon
1410,Inkling #1410,A looping cartoon-squid PFP stacked from painterly trait layers. Minted on Ink.,1410.gif,Peach Dusk,Coral Glow,Giant,Bright,Red Seal,Kelp Flow
1411,Inkling #1411,A looping cartoon-squid PFP stacked from painterly trait layers. Minted on Ink.,1411.gif,Celadon Garden,No bloom,Dumbo,Lidded,Slow Drip,Pearl Cluster
1412,Inkling #1412,A looping cartoon-squid PFP stacked from painterly trait layers. Minted on Ink.,1412.gif,Storm Grey,Violet Haze,Reef,Wink,Ink Splash,Pearl Cluster
1413,Inkling #1413,A looping cartoon-squid PFP stacked from painterly trait layers. Minted on Ink.,1413.gif,Celadon Garden,Violet Haze,Firefly,Ember,Slow Drip,Soft Crown
1414,Inkling #1414,A looping cartoon-squid PFP stacked from painterly trait layers. Minted on Ink.,1414.gif,Storm Grey,No bloom,Giant,Wink,Slow Drip,Soft Crown
1415,Inkling #1415,A looping cartoon-squid PFP stacked from painterly trait layers. Minted on Ink.,1415.gif,Indigo Night,No bloom,Inked,Wink,Clean mantle,Bare mantle
1416,Inkling #1416,A looping cartoon-squid PFP stacked from painterly trait layers. Minted on Ink.,1416.gif,Indigo Night,No bloom,Dumbo,Dew,Clean mantle,Bare mantle
1417,Inkling #1417,A looping cartoon-squid PFP stacked from painterly trait layers. Minted on Ink.,1417.gif,Peach Dusk,Coral Glow,Dumbo,Lidded,Slow Drip,Kelp Flow
1418,Inkling #1418,A looping cartoon-squid PFP stacked from painterly trait layers. Minted on Ink.,1418.gif,Indigo Night,Violet Haze,Bobtail,Lidded,Brush Streak,Bare mantle
1419,Inkling #1419,A looping cartoon-squid PFP stacked from painterly trait layers. Minted on Ink.,1419.gif,Storm Grey,Teal Mist,Giant,Bright,Brush Streak,Kelp Flow
1420,Inkling #1420,A looping cartoon-squid PFP stacked from painterly trait layers. Minted on Ink.,1420.gif,Rose Gold,Violet Haze,Inked,Lidded,Slow Drip,Bare mantle
1421,Inkling #1421,A looping cartoon-squid PFP stacked from painterly trait layers. Minted on Ink.,1421.gif,Wine Paper,No bloom,Reef,Dew,Clean mantle,Soft Crown
1422,Inkling #1422,A looping cartoon-squid PFP stacked from painterly trait layers. Minted on Ink.,1422.gif,Celadon Garden,No bloom,Dumbo,Ember,Slow Drip,Bare mantle
1423,Inkling #1423,A looping cartoon-squid PFP stacked from painterly trait layers. Minted on Ink.,1423.gif,Cream Rice,Violet Haze,Dumbo,Sleepy,Red Seal,Pearl Cluster
1424,Inkling #1424,A looping cartoon-squid PFP stacked from painterly trait layers. Minted on Ink.,1424.gif,Charcoal Wash,Silver Veil,Cuttle,Wink,Brush Streak,Wash Hood
1425,Inkling #1425,A looping cartoon-squid PFP stacked from painterly trait layers. Minted on Ink.,1425.gif,Rose Gold,No bloom,Inked,Ember,Clean mantle,Pearl Cluster
1426,Inkling #1426,A looping cartoon-squid PFP stacked from painterly trait layers. Minted on Ink.,1426.gif,Cream Rice,Gold Wash,Dumbo,Sleepy,Clean mantle,Ink Ribbon
1427,Inkling #1427,A looping cartoon-squid PFP stacked from painterly trait layers. Minted on Ink.,1427.gif,Wine Paper,Violet Haze,Dumbo,Sleepy,Ink Splash,Soft Crown
1428,Inkling #1428,A looping cartoon-squid PFP stacked from painterly trait layers. Minted on Ink.,1428.gif,Peach Dusk,Silver Veil,Reef,Bright,Slow Drip,Bare mantle
1429,Inkling #1429,A looping cartoon-squid PFP stacked from painterly trait layers. Minted on Ink.,1429.gif,Celadon Garden,Violet Haze,Bobtail,Wink,Ink Splash,Ink Ribbon
1430,Inkling #1430,A looping cartoon-squid PFP stacked from painterly trait layers. Minted on Ink.,1430.gif,Peach Dusk,Teal Mist,Firefly,Ember,Red Seal,Pearl Cluster
1431,Inkling #1431,A looping cartoon-squid PFP stacked from painterly trait layers. Minted on Ink.,1431.gif,Cream Rice,Teal Mist,Inked,Sleepy,Clean mantle,Bare mantle
1432,Inkling #1432,A looping cartoon-squid PFP stacked from painterly trait layers. Minted on Ink.,1432.gif,Peach Dusk,Teal Mist,Glass,Lidded,Brush Streak,Pearl Cluster
1433,Inkling #1433,A looping cartoon-squid PFP stacked from painterly trait layers. Minted on Ink.,1433.gif,Cream Rice,Teal Mist,Bobtail,Wink,Red Seal,Bare mantle
1434,Inkling #1434,A looping cartoon-squid PFP stacked from painterly trait layers. Minted on Ink.,1434.gif,Rose Gold,No bloom,Cuttle,Bright,Brush Streak,Ink Ribbon
1435,Inkling #1435,A looping cartoon-squid PFP stacked from painterly trait layers. Minted on Ink.,1435.gif,Indigo Night,Coral Glow,Giant,Ember,Brush Streak,Kelp Flow
1436,Inkling #1436,A looping cartoon-squid PFP stacked from painterly trait layers. Minted on Ink.,1436.gif,Indigo Night,Teal Mist,Reef,Lidded,Red Seal,Bare mantle
1437,Inkling #1437,A looping cartoon-squid PFP stacked from painterly trait layers. Minted on Ink.,1437.gif,Cream Rice,No bloom,Giant,Bright,Red Seal,Wash Hood
1438,Inkling #1438,A looping cartoon-squid PFP stacked from painterly trait layers. Minted on Ink.,1438.gif,Peach Dusk,Violet Haze,Reef,Sleepy,Ink Splash,Ink Ribbon
1439,Inkling #1439,A looping cartoon-squid PFP stacked from painterly trait layers. Minted on Ink.,1439.gif,Celadon Garden,No bloom,Reef,Bright,Brush Streak,Pearl Cluster
1440,Inkling #1440,A looping cartoon-squid PFP stacked from painterly trait layers. Minted on Ink.,1440.gif,Charcoal Wash,Coral Glow,Firefly,Dew,Ink Splash,Kelp Flow
1441,Inkling #1441,A looping cartoon-squid PFP stacked from painterly trait layers. Minted on Ink.,1441.gif,Celadon Garden,Silver Veil,Cuttle,Lidded,Brush Streak,Soft Crown
1442,Inkling #1442,A looping cartoon-squid PFP stacked from painterly trait layers. Minted on Ink.,1442.gif,Charcoal Wash,Teal Mist,Cuttle,Bright,Brush Streak,Kelp Flow
1443,Inkling #1443,A looping cartoon-squid PFP stacked from painterly trait layers. Minted on Ink.,1443.gif,Charcoal Wash,Violet Haze,Dumbo,Ember,Slow Drip,Ink Ribbon
1444,Inkling #1444,A looping cartoon-squid PFP stacked from painterly trait layers. Minted on Ink.,1444.gif,Peach Dusk,Teal Mist,Inked,Bright,Brush Streak,Bare mantle
1445,Inkling #1445,A looping cartoon-squid PFP stacked from painterly trait layers. Minted on Ink.,1445.gif,Rose Gold,Silver Veil,Bobtail,Ember,Clean mantle,Ink Ribbon
1446,Inkling #1446,A looping cartoon-squid PFP stacked from painterly trait layers. Minted on Ink.,1446.gif,Cream Rice,No bloom,Giant,Sleepy,Red Seal,Bare mantle
1447,Inkling #1447,A looping cartoon-squid PFP stacked from painterly trait layers. Minted on Ink.,1447.gif,Indigo Night,Teal Mist,Reef,Ember,Ink Splash,Bare mantle
1448,Inkling #1448,A looping cartoon-squid PFP stacked from painterly trait layers. Minted on Ink.,1448.gif,Storm Grey,Coral Glow,Firefly,Sleepy,Clean mantle,Kelp Flow
1449,Inkling #1449,A looping cartoon-squid PFP stacked from painterly trait layers. Minted on Ink.,1449.gif,Charcoal Wash,No bloom,Cuttle,Lidded,Ink Splash,Kelp Flow
1450,Inkling #1450,A looping cartoon-squid PFP stacked from painterly trait layers. Minted on Ink.,1450.gif,Storm Grey,Silver Veil,Cuttle,Bright,Clean mantle,Ink Ribbon
1451,Inkling #1451,A looping cartoon-squid PFP stacked from painterly trait layers. Minted on Ink.,1451.gif,Storm Grey,Violet Haze,Cuttle,Wink,Brush Streak,Kelp Flow
1452,Inkling #1452,A looping cartoon-squid PFP stacked from painterly trait layers. Minted on Ink.,1452.gif,Celadon Garden,Silver Veil,Bobtail,Sleepy,Clean mantle,Ink Ribbon
1453,Inkling #1453,A looping cartoon-squid PFP stacked from painterly trait layers. Minted on Ink.,1453.gif,Indigo Night,Silver Veil,Cuttle,Lidded,Clean mantle,Bare mantle
1454,Inkling #1454,A looping cartoon-squid PFP stacked from painterly trait layers. Minted on Ink.,1454.gif,Peach Dusk,Gold Wash,Glass,Dew,Clean mantle,Pearl Cluster
1455,Inkling #1455,A looping cartoon-squid PFP stacked from painterly trait layers. Minted on Ink.,1455.gif,Rose Gold,Violet Haze,Inked,Bright,Clean mantle,Bare mantle
1456,Inkling #1456,A looping cartoon-squid PFP stacked from painterly trait layers. Minted on Ink.,1456.gif,Rose Gold,Silver Veil,Firefly,Ember,Clean mantle,Ink Ribbon
1457,Inkling #1457,A looping cartoon-squid PFP stacked from painterly trait layers. Minted on Ink.,1457.gif,Indigo Night,Violet Haze,Cuttle,Wink,Clean mantle,Bare mantle
1458,Inkling #1458,A looping cartoon-squid PFP stacked from painterly trait layers. Minted on Ink.,1458.gif,Rose Gold,No bloom,Bobtail,Bright,Ink Splash,Ink Ribbon
1459,Inkling #1459,A looping cartoon-squid PFP stacked from painterly trait layers. Minted on Ink.,1459.gif,Storm Grey,Gold Wash,Dumbo,Lidded,Slow Drip,Bare mantle
1460,Inkling #1460,A looping cartoon-squid PFP stacked from painterly trait layers. Minted on Ink.,1460.gif,Peach Dusk,Teal Mist,Bobtail,Dew,Clean mantle,Soft Crown
1461,Inkling #1461,A looping cartoon-squid PFP stacked from painterly trait layers. Minted on Ink.,1461.gif,Celadon Garden,No bloom,Dumbo,Bright,Brush Streak,Kelp Flow
1462,Inkling #1462,A looping cartoon-squid PFP stacked from painterly trait layers. Minted on Ink.,1462.gif,Storm Grey,No bloom,Giant,Ember,Clean mantle,Kelp Flow
1463,Inkling #1463,A looping cartoon-squid PFP stacked from painterly trait layers. Minted on Ink.,1463.gif,Cream Rice,Coral Glow,Glass,Bright,Ink Splash,Ink Ribbon
1464,Inkling #1464,A looping cartoon-squid PFP stacked from painterly trait layers. Minted on Ink.,1464.gif,Charcoal Wash,No bloom,Reef,Ember,Brush Streak,Ink Ribbon
1465,Inkling #1465,A looping cartoon-squid PFP stacked from painterly trait layers. Minted on Ink.,1465.gif,Peach Dusk,Gold Wash,Cuttle,Sleepy,Ink Splash,Pearl Cluster
1466,Inkling #1466,A looping cartoon-squid PFP stacked from painterly trait layers. Minted on Ink.,1466.gif,Peach Dusk,Gold Wash,Reef,Bright,Ink Splash,Bare mantle
1467,Inkling #1467,A looping cartoon-squid PFP stacked from painterly trait layers. Minted on Ink.,1467.gif,Cream Rice,Silver Veil,Reef,Bright,Clean mantle,Pearl Cluster
1468,Inkling #1468,A looping cartoon-squid PFP stacked from painterly trait layers. Minted on Ink.,1468.gif,Cream Rice,Violet Haze,Glass,Bright,Clean mantle,Wash Hood
1469,Inkling #1469,A looping cartoon-squid PFP stacked from painterly trait layers. Minted on Ink.,1469.gif,Celadon Garden,Silver Veil,Reef,Lidded,Clean mantle,Pearl Cluster
1470,Inkling #1470,A looping cartoon-squid PFP stacked from painterly trait layers. Minted on Ink.,1470.gif,Rose Gold,Teal Mist,Reef,Bright,Clean mantle,Bare mantle
1471,Inkling #1471,A looping cartoon-squid PFP stacked from painterly trait layers. Minted on Ink.,1471.gif,Peach Dusk,Teal Mist,Reef,Bright,Slow Drip,Ink Ribbon
1472,Inkling #1472,A looping cartoon-squid PFP stacked from painterly trait layers. Minted on Ink.,1472.gif,Celadon Garden,No bloom,Giant,Sleepy,Brush Streak,Kelp Flow
1473,Inkling #1473,A looping cartoon-squid PFP stacked from painterly trait layers. Minted on Ink.,1473.gif,Indigo Night,Teal Mist,Inked,Wink,Red Seal,Bare mantle
1474,Inkling #1474,A looping cartoon-squid PFP stacked from painterly trait layers. Minted on Ink.,1474.gif,Celadon Garden,No bloom,Bobtail,Ember,Ink Splash,Pearl Cluster
1475,Inkling #1475,A looping cartoon-squid PFP stacked from painterly trait layers. Minted on Ink.,1475.gif,Storm Grey,Gold Wash,Giant,Wink,Brush Streak,Bare mantle
1476,Inkling #1476,A looping cartoon-squid PFP stacked from painterly trait layers. Minted on Ink.,1476.gif,Celadon Garden,Violet Haze,Reef,Wink,Slow Drip,Ink Ribbon
1477,Inkling #1477,A looping cartoon-squid PFP stacked from painterly trait layers. Minted on Ink.,1477.gif,Storm Grey,Gold Wash,Glass,Sleepy,Ink Splash,Soft Crown
1478,Inkling #1478,A looping cartoon-squid PFP stacked from painterly trait layers. Minted on Ink.,1478.gif,Storm Grey,Silver Veil,Firefly,Lidded,Slow Drip,Wash Hood
1479,Inkling #1479,A looping cartoon-squid PFP stacked from painterly trait layers. Minted on Ink.,1479.gif,Peach Dusk,No bloom,Reef,Bright,Clean mantle,Ink Ribbon
1480,Inkling #1480,A looping cartoon-squid PFP stacked from painterly trait layers. Minted on Ink.,1480.gif,Charcoal Wash,Teal Mist,Cuttle,Dew,Ink Splash,Pearl Cluster
1481,Inkling #1481,A looping cartoon-squid PFP stacked from painterly trait layers. Minted on Ink.,1481.gif,Rose Gold,Violet Haze,Dumbo,Sleepy,Ink Splash,Ink Ribbon
1482,Inkling #1482,A looping cartoon-squid PFP stacked from painterly trait layers. Minted on Ink.,1482.gif,Rose Gold,Coral Glow,Giant,Bright,Brush Streak,Bare mantle
1483,Inkling #1483,A looping cartoon-squid PFP stacked from painterly trait layers. Minted on Ink.,1483.gif,Storm Grey,Silver Veil,Cuttle,Wink,Slow Drip,Pearl Cluster
1484,Inkling #1484,A looping cartoon-squid PFP stacked from painterly trait layers. Minted on Ink.,1484.gif,Charcoal Wash,Gold Wash,Reef,Ember,Ink Splash,Soft Crown
1485,Inkling #1485,A looping cartoon-squid PFP stacked from painterly trait layers. Minted on Ink.,1485.gif,Charcoal Wash,Gold Wash,Bobtail,Dew,Red Seal,Pearl Cluster
1486,Inkling #1486,A looping cartoon-squid PFP stacked from painterly trait layers. Minted on Ink.,1486.gif,Charcoal Wash,Coral Glow,Bobtail,Sleepy,Clean mantle,Wash Hood
1487,Inkling #1487,A looping cartoon-squid PFP stacked from painterly trait layers. Minted on Ink.,1487.gif,Cream Rice,Gold Wash,Glass,Dew,Brush Streak,Ink Ribbon
1488,Inkling #1488,A looping cartoon-squid PFP stacked from painterly trait layers. Minted on Ink.,1488.gif,Celadon Garden,No bloom,Cuttle,Wink,Ink Splash,Bare mantle
1489,Inkling #1489,A looping cartoon-squid PFP stacked from painterly trait layers. Minted on Ink.,1489.gif,Storm Grey,No bloom,Glass,Bright,Red Seal,Wash Hood
1490,Inkling #1490,A looping cartoon-squid PFP stacked from painterly trait layers. Minted on Ink.,1490.gif,Wine Paper,Teal Mist,Bobtail,Bright,Slow Drip,Bare mantle
1491,Inkling #1491,A looping cartoon-squid PFP stacked from painterly trait layers. Minted on Ink.,1491.gif,Cream Rice,No bloom,Dumbo,Sleepy,Red Seal,Bare mantle
1492,Inkling #1492,A looping cartoon-squid PFP stacked from painterly trait layers. Minted on Ink.,1492.gif,Indigo Night,Violet Haze,Reef,Ember,Brush Streak,Soft Crown
1493,Inkling #1493,A looping cartoon-squid PFP stacked from painterly trait layers. Minted on Ink.,1493.gif,Wine Paper,No bloom,Cuttle,Wink,Ink Splash,Pearl Cluster
1494,Inkling #1494,A looping cartoon-squid PFP stacked from painterly trait layers. Minted on Ink.,1494.gif,Indigo Night,Violet Haze,Glass,Lidded,Ink Splash,Kelp Flow
1495,Inkling #1495,A looping cartoon-squid PFP stacked from painterly trait layers. Minted on Ink.,1495.gif,Celadon Garden,Coral Glow,Bobtail,Wink,Slow Drip,Bare mantle
1496,Inkling #1496,A looping cartoon-squid PFP stacked from painterly trait layers. Minted on Ink.,1496.gif,Celadon Garden,No bloom,Dumbo,Sleepy,Ink Splash,Bare mantle
1497,Inkling #1497,A looping cartoon-squid PFP stacked from painterly trait layers. Minted on Ink.,1497.gif,Indigo Night,No bloom,Giant,Bright,Red Seal,Bare mantle
1498,Inkling #1498,A looping cartoon-squid PFP stacked from painterly trait layers. Minted on Ink.,1498.gif,Celadon Garden,Gold Wash,Giant,Lidded,Clean mantle,Pearl Cluster
1499,Inkling #1499,A looping cartoon-squid PFP stacked from painterly trait layers. Minted on Ink.,1499.gif,Cream Rice,Gold Wash,Bobtail,Ember,Clean mantle,Ink Ribbon
1500,Inkling #1500,A looping cartoon-squid PFP stacked from painterly trait layers. Minted on Ink.,1500.gif,Indigo Night,Silver Veil,Giant,Ember,Brush Streak,Wash Hood
1501,Inkling #1501,A looping cartoon-squid PFP stacked from painterly trait layers. Minted on Ink.,1501.gif,Cream Rice,No bloom,Firefly,Lidded,Clean mantle,Ink Ribbon
1502,Inkling #1502,A looping cartoon-squid PFP stacked from painterly trait layers. Minted on Ink.,1502.gif,Storm Grey,Violet Haze,Firefly,Dew,Ink Splash,Pearl Cluster
1503,Inkling #1503,A looping cartoon-squid PFP stacked from painterly trait layers. Minted on Ink.,1503.gif,Peach Dusk,No bloom,Firefly,Lidded,Clean mantle,Pearl Cluster
1504,Inkling #1504,A looping cartoon-squid PFP stacked from painterly trait layers. Minted on Ink.,1504.gif,Peach Dusk,Coral Glow,Reef,Ember,Red Seal,Wash Hood
1505,Inkling #1505,A looping cartoon-squid PFP stacked from painterly trait layers. Minted on Ink.,1505.gif,Peach Dusk,Silver Veil,Bobtail,Wink,Brush Streak,Wash Hood
1506,Inkling #1506,A looping cartoon-squid PFP stacked from painterly trait layers. Minted on Ink.,1506.gif,Cream Rice,No bloom,Inked,Ember,Clean mantle,Pearl Cluster
1507,Inkling #1507,A looping cartoon-squid PFP stacked from painterly trait layers. Minted on Ink.,1507.gif,Rose Gold,Teal Mist,Bobtail,Wink,Slow Drip,Kelp Flow
1508,Inkling #1508,A looping cartoon-squid PFP stacked from painterly trait layers. Minted on Ink.,1508.gif,Storm Grey,Coral Glow,Dumbo,Wink,Clean mantle,Kelp Flow
1509,Inkling #1509,A looping cartoon-squid PFP stacked from painterly trait layers. Minted on Ink.,1509.gif,Charcoal Wash,Teal Mist,Glass,Dew,Clean mantle,Pearl Cluster
1510,Inkling #1510,A looping cartoon-squid PFP stacked from painterly trait layers. Minted on Ink.,1510.gif,Peach Dusk,Teal Mist,Firefly,Wink,Clean mantle,Bare mantle
1511,Inkling #1511,A looping cartoon-squid PFP stacked from painterly trait layers. Minted on Ink.,1511.gif,Cream Rice,Violet Haze,Inked,Sleepy,Red Seal,Bare mantle
1512,Inkling #1512,A looping cartoon-squid PFP stacked from painterly trait layers. Minted on Ink.,1512.gif,Wine Paper,Silver Veil,Dumbo,Dew,Red Seal,Kelp Flow
1513,Inkling #1513,A looping cartoon-squid PFP stacked from painterly trait layers. Minted on Ink.,1513.gif,Wine Paper,Violet Haze,Glass,Lidded,Slow Drip,Bare mantle
1514,Inkling #1514,A looping cartoon-squid PFP stacked from painterly trait layers. Minted on Ink.,1514.gif,Cream Rice,Teal Mist,Firefly,Sleepy,Clean mantle,Pearl Cluster
1515,Inkling #1515,A looping cartoon-squid PFP stacked from painterly trait layers. Minted on Ink.,1515.gif,Wine Paper,Gold Wash,Cuttle,Dew,Slow Drip,Kelp Flow
1516,Inkling #1516,A looping cartoon-squid PFP stacked from painterly trait layers. Minted on Ink.,1516.gif,Rose Gold,No bloom,Bobtail,Sleepy,Ink Splash,Bare mantle
1517,Inkling #1517,A looping cartoon-squid PFP stacked from painterly trait layers. Minted on Ink.,1517.gif,Charcoal Wash,No bloom,Cuttle,Lidded,Ink Splash,Ink Ribbon
1518,Inkling #1518,A looping cartoon-squid PFP stacked from painterly trait layers. Minted on Ink.,1518.gif,Peach Dusk,Teal Mist,Inked,Wink,Ink Splash,Pearl Cluster
1519,Inkling #1519,A looping cartoon-squid PFP stacked from painterly trait layers. Minted on Ink.,1519.gif,Indigo Night,No bloom,Firefly,Dew,Ink Splash,Kelp Flow
1520,Inkling #1520,A looping cartoon-squid PFP stacked from painterly trait layers. Minted on Ink.,1520.gif,Celadon Garden,Coral Glow,Bobtail,Ember,Clean mantle,Soft Crown
1521,Inkling #1521,A looping cartoon-squid PFP stacked from painterly trait layers. Minted on Ink.,1521.gif,Indigo Night,Teal Mist,Firefly,Lidded,Brush Streak,Ink Ribbon
1522,Inkling #1522,A looping cartoon-squid PFP stacked from painterly trait layers. Minted on Ink.,1522.gif,Charcoal Wash,Silver Veil,Firefly,Bright,Ink Splash,Soft Crown
1523,Inkling #1523,A looping cartoon-squid PFP stacked from painterly trait layers. Minted on Ink.,1523.gif,Peach Dusk,Gold Wash,Firefly,Ember,Ink Splash,Kelp Flow
1524,Inkling #1524,A looping cartoon-squid PFP stacked from painterly trait layers. Minted on Ink.,1524.gif,Storm Grey,Coral Glow,Giant,Wink,Brush Streak,Pearl Cluster
1525,Inkling #1525,A looping cartoon-squid PFP stacked from painterly trait layers. Minted on Ink.,1525.gif,Charcoal Wash,Violet Haze,Bobtail,Wink,Slow Drip,Ink Ribbon
1526,Inkling #1526,A looping cartoon-squid PFP stacked from painterly trait layers. Minted on Ink.,1526.gif,Storm Grey,Coral Glow,Cuttle,Bright,Slow Drip,Soft Crown
1527,Inkling #1527,A looping cartoon-squid PFP stacked from painterly trait layers. Minted on Ink.,1527.gif,Rose Gold,Silver Veil,Firefly,Lidded,Red Seal,Wash Hood
1528,Inkling #1528,A looping cartoon-squid PFP stacked from painterly trait layers. Minted on Ink.,1528.gif,Storm Grey,No bloom,Dumbo,Wink,Slow Drip,Ink Ribbon
1529,Inkling #1529,A looping cartoon-squid PFP stacked from painterly trait layers. Minted on Ink.,1529.gif,Celadon Garden,Teal Mist,Dumbo,Sleepy,Clean mantle,Soft Crown
1530,Inkling #1530,A looping cartoon-squid PFP stacked from painterly trait layers. Minted on Ink.,1530.gif,Wine Paper,Violet Haze,Dumbo,Lidded,Clean mantle,Ink Ribbon
1531,Inkling #1531,A looping cartoon-squid PFP stacked from painterly trait layers. Minted on Ink.,1531.gif,Storm Grey,Violet Haze,Inked,Dew,Red Seal,Wash Hood
1532,Inkling #1532,A looping cartoon-squid PFP stacked from painterly trait layers. Minted on Ink.,1532.gif,Indigo Night,No bloom,Bobtail,Sleepy,Slow Drip,Bare mantle
1533,Inkling #1533,A looping cartoon-squid PFP stacked from painterly trait layers. Minted on Ink.,1533.gif,Peach Dusk,Silver Veil,Cuttle,Ember,Red Seal,Kelp Flow
1534,Inkling #1534,A looping cartoon-squid PFP stacked from painterly trait layers. Minted on Ink.,1534.gif,Storm Grey,Coral Glow,Cuttle,Ember,Slow Drip,Ink Ribbon
1535,Inkling #1535,A looping cartoon-squid PFP stacked from painterly trait layers. Minted on Ink.,1535.gif,Cream Rice,Teal Mist,Glass,Lidded,Red Seal,Bare mantle
1536,Inkling #1536,A looping cartoon-squid PFP stacked from painterly trait layers. Minted on Ink.,1536.gif,Charcoal Wash,No bloom,Giant,Lidded,Brush Streak,Kelp Flow
1537,Inkling #1537,A looping cartoon-squid PFP stacked from painterly trait layers. Minted on Ink.,1537.gif,Peach Dusk,Coral Glow,Firefly,Bright,Brush Streak,Pearl Cluster
1538,Inkling #1538,A looping cartoon-squid PFP stacked from painterly trait layers. Minted on Ink.,1538.gif,Celadon Garden,Gold Wash,Dumbo,Bright,Brush Streak,Bare mantle
1539,Inkling #1539,A looping cartoon-squid PFP stacked from painterly trait layers. Minted on Ink.,1539.gif,Charcoal Wash,Teal Mist,Dumbo,Lidded,Slow Drip,Bare mantle
1540,Inkling #1540,A looping cartoon-squid PFP stacked from painterly trait layers. Minted on Ink.,1540.gif,Peach Dusk,Teal Mist,Inked,Wink,Slow Drip,Wash Hood
1541,Inkling #1541,A looping cartoon-squid PFP stacked from painterly trait layers. Minted on Ink.,1541.gif,Rose Gold,Gold Wash,Dumbo,Sleepy,Clean mantle,Bare mantle
1542,Inkling #1542,A looping cartoon-squid PFP stacked from painterly trait layers. Minted on Ink.,1542.gif,Indigo Night,Violet Haze,Bobtail,Dew,Brush Streak,Wash Hood
1543,Inkling #1543,A looping cartoon-squid PFP stacked from painterly trait layers. Minted on Ink.,1543.gif,Charcoal Wash,No bloom,Cuttle,Sleepy,Ink Splash,Bare mantle
1544,Inkling #1544,A looping cartoon-squid PFP stacked from painterly trait layers. Minted on Ink.,1544.gif,Peach Dusk,Violet Haze,Glass,Wink,Clean mantle,Bare mantle
1545,Inkling #1545,A looping cartoon-squid PFP stacked from painterly trait layers. Minted on Ink.,1545.gif,Cream Rice,Silver Veil,Dumbo,Lidded,Red Seal,Wash Hood
1546,Inkling #1546,A looping cartoon-squid PFP stacked from painterly trait layers. Minted on Ink.,1546.gif,Wine Paper,Violet Haze,Cuttle,Bright,Slow Drip,Bare mantle
1547,Inkling #1547,A looping cartoon-squid PFP stacked from painterly trait layers. Minted on Ink.,1547.gif,Cream Rice,Coral Glow,Reef,Sleepy,Slow Drip,Bare mantle
1548,Inkling #1548,A looping cartoon-squid PFP stacked from painterly trait layers. Minted on Ink.,1548.gif,Peach Dusk,Violet Haze,Bobtail,Sleepy,Clean mantle,Soft Crown
1549,Inkling #1549,A looping cartoon-squid PFP stacked from painterly trait layers. Minted on Ink.,1549.gif,Celadon Garden,Gold Wash,Bobtail,Lidded,Ink Splash,Pearl Cluster
1550,Inkling #1550,A looping cartoon-squid PFP stacked from painterly trait layers. Minted on Ink.,1550.gif,Rose Gold,Gold Wash,Bobtail,Lidded,Slow Drip,Bare mantle
1551,Inkling #1551,A looping cartoon-squid PFP stacked from painterly trait layers. Minted on Ink.,1551.gif,Charcoal Wash,Teal Mist,Firefly,Sleepy,Clean mantle,Wash Hood
1552,Inkling #1552,A looping cartoon-squid PFP stacked from painterly trait layers. Minted on Ink.,1552.gif,Rose Gold,Silver Veil,Reef,Sleepy,Clean mantle,Bare mantle
1553,Inkling #1553,A looping cartoon-squid PFP stacked from painterly trait layers. Minted on Ink.,1553.gif,Cream Rice,Teal Mist,Bobtail,Dew,Slow Drip,Wash Hood
1554,Inkling #1554,A looping cartoon-squid PFP stacked from painterly trait layers. Minted on Ink.,1554.gif,Storm Grey,No bloom,Firefly,Sleepy,Clean mantle,Bare mantle
1555,Inkling #1555,A looping cartoon-squid PFP stacked from painterly trait layers. Minted on Ink.,1555.gif,Charcoal Wash,Silver Veil,Giant,Sleepy,Ink Splash,Kelp Flow
1556,Inkling #1556,A looping cartoon-squid PFP stacked from painterly trait layers. Minted on Ink.,1556.gif,Cream Rice,Gold Wash,Reef,Sleepy,Clean mantle,Kelp Flow
1557,Inkling #1557,A looping cartoon-squid PFP stacked from painterly trait layers. Minted on Ink.,1557.gif,Charcoal Wash,Coral Glow,Glass,Lidded,Clean mantle,Kelp Flow
1558,Inkling #1558,A looping cartoon-squid PFP stacked from painterly trait layers. Minted on Ink.,1558.gif,Storm Grey,Violet Haze,Cuttle,Dew,Clean mantle,Bare mantle
1559,Inkling #1559,A looping cartoon-squid PFP stacked from painterly trait layers. Minted on Ink.,1559.gif,Storm Grey,Coral Glow,Firefly,Wink,Clean mantle,Soft Crown
1560,Inkling #1560,A looping cartoon-squid PFP stacked from painterly trait layers. Minted on Ink.,1560.gif,Storm Grey,No bloom,Inked,Wink,Slow Drip,Bare mantle
1561,Inkling #1561,A looping cartoon-squid PFP stacked from painterly trait layers. Minted on Ink.,1561.gif,Storm Grey,No bloom,Reef,Dew,Clean mantle,Bare mantle
1562,Inkling #1562,A looping cartoon-squid PFP stacked from painterly trait layers. Minted on Ink.,1562.gif,Wine Paper,Silver Veil,Reef,Sleepy,Slow Drip,Bare mantle
1563,Inkling #1563,A looping cartoon-squid PFP stacked from painterly trait layers. Minted on Ink.,1563.gif,Storm Grey,No bloom,Inked,Sleepy,Red Seal,Wash Hood
1564,Inkling #1564,A looping cartoon-squid PFP stacked from painterly trait layers. Minted on Ink.,1564.gif,Wine Paper,No bloom,Bobtail,Wink,Ink Splash,Wash Hood
1565,Inkling #1565,A looping cartoon-squid PFP stacked from painterly trait layers. Minted on Ink.,1565.gif,Indigo Night,Violet Haze,Reef,Lidded,Brush Streak,Kelp Flow
1566,Inkling #1566,A looping cartoon-squid PFP stacked from painterly trait layers. Minted on Ink.,1566.gif,Indigo Night,Teal Mist,Cuttle,Sleepy,Clean mantle,Ink Ribbon
1567,Inkling #1567,A looping cartoon-squid PFP stacked from painterly trait layers. Minted on Ink.,1567.gif,Celadon Garden,No bloom,Reef,Lidded,Red Seal,Bare mantle
1568,Inkling #1568,A looping cartoon-squid PFP stacked from painterly trait layers. Minted on Ink.,1568.gif,Celadon Garden,Violet Haze,Cuttle,Bright,Clean mantle,Bare mantle
1569,Inkling #1569,A looping cartoon-squid PFP stacked from painterly trait layers. Minted on Ink.,1569.gif,Peach Dusk,No bloom,Firefly,Bright,Red Seal,Soft Crown
1570,Inkling #1570,A looping cartoon-squid PFP stacked from painterly trait layers. Minted on Ink.,1570.gif,Indigo Night,No bloom,Inked,Dew,Clean mantle,Kelp Flow
1571,Inkling #1571,A looping cartoon-squid PFP stacked from painterly trait layers. Minted on Ink.,1571.gif,Celadon Garden,Silver Veil,Reef,Wink,Brush Streak,Bare mantle
1572,Inkling #1572,A looping cartoon-squid PFP stacked from painterly trait layers. Minted on Ink.,1572.gif,Indigo Night,Violet Haze,Reef,Dew,Slow Drip,Ink Ribbon
1573,Inkling #1573,A looping cartoon-squid PFP stacked from painterly trait layers. Minted on Ink.,1573.gif,Cream Rice,Violet Haze,Giant,Dew,Red Seal,Pearl Cluster
1574,Inkling #1574,A looping cartoon-squid PFP stacked from painterly trait layers. Minted on Ink.,1574.gif,Celadon Garden,Violet Haze,Glass,Wink,Slow Drip,Soft Crown
1575,Inkling #1575,A looping cartoon-squid PFP stacked from painterly trait layers. Minted on Ink.,1575.gif,Charcoal Wash,No bloom,Giant,Wink,Clean mantle,Kelp Flow
1576,Inkling #1576,A looping cartoon-squid PFP stacked from painterly trait layers. Minted on Ink.,1576.gif,Rose Gold,Gold Wash,Inked,Sleepy,Clean mantle,Soft Crown
1577,Inkling #1577,A looping cartoon-squid PFP stacked from painterly trait layers. Minted on Ink.,1577.gif,Peach Dusk,Violet Haze,Cuttle,Lidded,Clean mantle,Wash Hood
1578,Inkling #1578,A looping cartoon-squid PFP stacked from painterly trait layers. Minted on Ink.,1578.gif,Cream Rice,Gold Wash,Dumbo,Sleepy,Slow Drip,Soft Crown
1579,Inkling #1579,A looping cartoon-squid PFP stacked from painterly trait layers. Minted on Ink.,1579.gif,Storm Grey,Teal Mist,Reef,Dew,Clean mantle,Kelp Flow
1580,Inkling #1580,A looping cartoon-squid PFP stacked from painterly trait layers. Minted on Ink.,1580.gif,Charcoal Wash,Silver Veil,Bobtail,Dew,Clean mantle,Bare mantle
1581,Inkling #1581,A looping cartoon-squid PFP stacked from painterly trait layers. Minted on Ink.,1581.gif,Celadon Garden,Teal Mist,Inked,Bright,Ink Splash,Bare mantle
1582,Inkling #1582,A looping cartoon-squid PFP stacked from painterly trait layers. Minted on Ink.,1582.gif,Indigo Night,Violet Haze,Dumbo,Sleepy,Red Seal,Bare mantle
1583,Inkling #1583,A looping cartoon-squid PFP stacked from painterly trait layers. Minted on Ink.,1583.gif,Peach Dusk,No bloom,Cuttle,Lidded,Red Seal,Wash Hood
1584,Inkling #1584,A looping cartoon-squid PFP stacked from painterly trait layers. Minted on Ink.,1584.gif,Peach Dusk,Violet Haze,Dumbo,Dew,Ink Splash,Ink Ribbon
1585,Inkling #1585,A looping cartoon-squid PFP stacked from painterly trait layers. Minted on Ink.,1585.gif,Cream Rice,No bloom,Dumbo,Ember,Clean mantle,Ink Ribbon
1586,Inkling #1586,A looping cartoon-squid PFP stacked from painterly trait layers. Minted on Ink.,1586.gif,Charcoal Wash,Silver Veil,Bobtail,Dew,Clean mantle,Kelp Flow
1587,Inkling #1587,A looping cartoon-squid PFP stacked from painterly trait layers. Minted on Ink.,1587.gif,Cream Rice,No bloom,Dumbo,Dew,Brush Streak,Ink Ribbon
1588,Inkling #1588,A looping cartoon-squid PFP stacked from painterly trait layers. Minted on Ink.,1588.gif,Wine Paper,Violet Haze,Bobtail,Wink,Ink Splash,Ink Ribbon
1589,Inkling #1589,A looping cartoon-squid PFP stacked from painterly trait layers. Minted on Ink.,1589.gif,Charcoal Wash,Teal Mist,Giant,Wink,Red Seal,Kelp Flow
1590,Inkling #1590,A looping cartoon-squid PFP stacked from painterly trait layers. Minted on Ink.,1590.gif,Cream Rice,No bloom,Inked,Lidded,Ink Splash,Pearl Cluster
1591,Inkling #1591,A looping cartoon-squid PFP stacked from painterly trait layers. Minted on Ink.,1591.gif,Indigo Night,Teal Mist,Giant,Ember,Ink Splash,Wash Hood
1592,Inkling #1592,A looping cartoon-squid PFP stacked from painterly trait layers. Minted on Ink.,1592.gif,Storm Grey,No bloom,Giant,Lidded,Brush Streak,Ink Ribbon
1593,Inkling #1593,A looping cartoon-squid PFP stacked from painterly trait layers. Minted on Ink.,1593.gif,Celadon Garden,Teal Mist,Giant,Lidded,Clean mantle,Bare mantle
1594,Inkling #1594,A looping cartoon-squid PFP stacked from painterly trait layers. Minted on Ink.,1594.gif,Indigo Night,No bloom,Glass,Ember,Red Seal,Soft Crown
1595,Inkling #1595,A looping cartoon-squid PFP stacked from painterly trait layers. Minted on Ink.,1595.gif,Peach Dusk,Violet Haze,Glass,Dew,Clean mantle,Wash Hood
1596,Inkling #1596,A looping cartoon-squid PFP stacked from painterly trait layers. Minted on Ink.,1596.gif,Indigo Night,No bloom,Reef,Bright,Slow Drip,Soft Crown
1597,Inkling #1597,A looping cartoon-squid PFP stacked from painterly trait layers. Minted on Ink.,1597.gif,Wine Paper,Violet Haze,Inked,Ember,Brush Streak,Kelp Flow
1598,Inkling #1598,A looping cartoon-squid PFP stacked from painterly trait layers. Minted on Ink.,1598.gif,Rose Gold,Gold Wash,Dumbo,Dew,Slow Drip,Bare mantle
1599,Inkling #1599,A looping cartoon-squid PFP stacked from painterly trait layers. Minted on Ink.,1599.gif,Storm Grey,Violet Haze,Inked,Lidded,Brush Streak,Kelp Flow
1600,Inkling #1600,A looping cartoon-squid PFP stacked from painterly trait layers. Minted on Ink.,1600.gif,Wine Paper,Teal Mist,Bobtail,Sleepy,Brush Streak,Kelp Flow
1601,Inkling #1601,A looping cartoon-squid PFP stacked from painterly trait layers. Minted on Ink.,1601.gif,Rose Gold,No bloom,Reef,Sleepy,Clean mantle,Ink Ribbon
1602,Inkling #1602,A looping cartoon-squid PFP stacked from painterly trait layers. Minted on Ink.,1602.gif,Wine Paper,Gold Wash,Dumbo,Wink,Clean mantle,Ink Ribbon
1603,Inkling #1603,A looping cartoon-squid PFP stacked from painterly trait layers. Minted on Ink.,1603.gif,Rose Gold,Silver Veil,Dumbo,Wink,Clean mantle,Soft Crown
1604,Inkling #1604,A looping cartoon-squid PFP stacked from painterly trait layers. Minted on Ink.,1604.gif,Celadon Garden,Violet Haze,Glass,Dew,Ink Splash,Bare mantle
1605,Inkling #1605,A looping cartoon-squid PFP stacked from painterly trait layers. Minted on Ink.,1605.gif,Rose Gold,Teal Mist,Glass,Bright,Clean mantle,Bare mantle
1606,Inkling #1606,A looping cartoon-squid PFP stacked from painterly trait layers. Minted on Ink.,1606.gif,Celadon Garden,Silver Veil,Glass,Bright,Ink Splash,Soft Crown
1607,Inkling #1607,A looping cartoon-squid PFP stacked from painterly trait layers. Minted on Ink.,1607.gif,Indigo Night,Coral Glow,Bobtail,Ember,Brush Streak,Soft Crown
1608,Inkling #1608,A looping cartoon-squid PFP stacked from painterly trait layers. Minted on Ink.,1608.gif,Storm Grey,Coral Glow,Bobtail,Bright,Clean mantle,Ink Ribbon
1609,Inkling #1609,A looping cartoon-squid PFP stacked from painterly trait layers. Minted on Ink.,1609.gif,Indigo Night,Violet Haze,Firefly,Dew,Ink Splash,Bare mantle
1610,Inkling #1610,A looping cartoon-squid PFP stacked from painterly trait layers. Minted on Ink.,1610.gif,Indigo Night,Violet Haze,Glass,Wink,Ink Splash,Kelp Flow
1611,Inkling #1611,A looping cartoon-squid PFP stacked from painterly trait layers. Minted on Ink.,1611.gif,Cream Rice,Violet Haze,Giant,Bright,Clean mantle,Pearl Cluster
1612,Inkling #1612,A looping cartoon-squid PFP stacked from painterly trait layers. Minted on Ink.,1612.gif,Indigo Night,Silver Veil,Giant,Wink,Ink Splash,Pearl Cluster
1613,Inkling #1613,A looping cartoon-squid PFP stacked from painterly trait layers. Minted on Ink.,1613.gif,Celadon Garden,Violet Haze,Firefly,Lidded,Clean mantle,Pearl Cluster
1614,Inkling #1614,A looping cartoon-squid PFP stacked from painterly trait layers. Minted on Ink.,1614.gif,Charcoal Wash,Gold Wash,Glass,Wink,Clean mantle,Ink Ribbon
1615,Inkling #1615,A looping cartoon-squid PFP stacked from painterly trait layers. Minted on Ink.,1615.gif,Charcoal Wash,No bloom,Bobtail,Lidded,Clean mantle,Soft Crown
1616,Inkling #1616,A looping cartoon-squid PFP stacked from painterly trait layers. Minted on Ink.,1616.gif,Rose Gold,No bloom,Giant,Bright,Ink Splash,Bare mantle
1617,Inkling #1617,A looping cartoon-squid PFP stacked from painterly trait layers. Minted on Ink.,1617.gif,Storm Grey,Gold Wash,Bobtail,Ember,Slow Drip,Bare mantle
1618,Inkling #1618,A looping cartoon-squid PFP stacked from painterly trait layers. Minted on Ink.,1618.gif,Rose Gold,Teal Mist,Cuttle,Sleepy,Clean mantle,Wash Hood
1619,Inkling #1619,A looping cartoon-squid PFP stacked from painterly trait layers. Minted on Ink.,1619.gif,Celadon Garden,Coral Glow,Giant,Dew,Brush Streak,Bare mantle
1620,Inkling #1620,A looping cartoon-squid PFP stacked from painterly trait layers. Minted on Ink.,1620.gif,Celadon Garden,No bloom,Reef,Bright,Ink Splash,Pearl Cluster
1621,Inkling #1621,A looping cartoon-squid PFP stacked from painterly trait layers. Minted on Ink.,1621.gif,Indigo Night,Violet Haze,Giant,Sleepy,Clean mantle,Ink Ribbon
1622,Inkling #1622,A looping cartoon-squid PFP stacked from painterly trait layers. Minted on Ink.,1622.gif,Peach Dusk,Silver Veil,Giant,Lidded,Slow Drip,Pearl Cluster
1623,Inkling #1623,A looping cartoon-squid PFP stacked from painterly trait layers. Minted on Ink.,1623.gif,Peach Dusk,No bloom,Cuttle,Wink,Red Seal,Ink Ribbon
1624,Inkling #1624,A looping cartoon-squid PFP stacked from painterly trait layers. Minted on Ink.,1624.gif,Charcoal Wash,Violet Haze,Reef,Lidded,Slow Drip,Ink Ribbon
1625,Inkling #1625,A looping cartoon-squid PFP stacked from painterly trait layers. Minted on Ink.,1625.gif,Indigo Night,No bloom,Giant,Bright,Slow Drip,Wash Hood
1626,Inkling #1626,A looping cartoon-squid PFP stacked from painterly trait layers. Minted on Ink.,1626.gif,Celadon Garden,No bloom,Bobtail,Lidded,Slow Drip,Bare mantle
1627,Inkling #1627,A looping cartoon-squid PFP stacked from painterly trait layers. Minted on Ink.,1627.gif,Cream Rice,Silver Veil,Firefly,Sleepy,Clean mantle,Ink Ribbon
1628,Inkling #1628,A looping cartoon-squid PFP stacked from painterly trait layers. Minted on Ink.,1628.gif,Indigo Night,No bloom,Glass,Ember,Clean mantle,Kelp Flow
1629,Inkling #1629,A looping cartoon-squid PFP stacked from painterly trait layers. Minted on Ink.,1629.gif,Indigo Night,No bloom,Inked,Ember,Clean mantle,Bare mantle
1630,Inkling #1630,A looping cartoon-squid PFP stacked from painterly trait layers. Minted on Ink.,1630.gif,Wine Paper,Silver Veil,Glass,Sleepy,Clean mantle,Soft Crown
1631,Inkling #1631,A looping cartoon-squid PFP stacked from painterly trait layers. Minted on Ink.,1631.gif,Peach Dusk,Teal Mist,Glass,Wink,Slow Drip,Soft Crown
1632,Inkling #1632,A looping cartoon-squid PFP stacked from painterly trait layers. Minted on Ink.,1632.gif,Celadon Garden,Teal Mist,Reef,Dew,Clean mantle,Kelp Flow
1633,Inkling #1633,A looping cartoon-squid PFP stacked from painterly trait layers. Minted on Ink.,1633.gif,Rose Gold,Violet Haze,Reef,Bright,Brush Streak,Bare mantle
1634,Inkling #1634,A looping cartoon-squid PFP stacked from painterly trait layers. Minted on Ink.,1634.gif,Celadon Garden,Violet Haze,Giant,Lidded,Red Seal,Bare mantle
1635,Inkling #1635,A looping cartoon-squid PFP stacked from painterly trait layers. Minted on Ink.,1635.gif,Peach Dusk,Teal Mist,Bobtail,Sleepy,Red Seal,Soft Crown
1636,Inkling #1636,A looping cartoon-squid PFP stacked from painterly trait layers. Minted on Ink.,1636.gif,Charcoal Wash,Teal Mist,Glass,Lidded,Clean mantle,Bare mantle
1637,Inkling #1637,A looping cartoon-squid PFP stacked from painterly trait layers. Minted on Ink.,1637.gif,Storm Grey,Silver Veil,Reef,Dew,Red Seal,Kelp Flow
1638,Inkling #1638,A looping cartoon-squid PFP stacked from painterly trait layers. Minted on Ink.,1638.gif,Wine Paper,Violet Haze,Dumbo,Bright,Clean mantle,Kelp Flow
1639,Inkling #1639,A looping cartoon-squid PFP stacked from painterly trait layers. Minted on Ink.,1639.gif,Indigo Night,No bloom,Bobtail,Sleepy,Clean mantle,Bare mantle
1640,Inkling #1640,A looping cartoon-squid PFP stacked from painterly trait layers. Minted on Ink.,1640.gif,Storm Grey,Violet Haze,Inked,Bright,Clean mantle,Ink Ribbon
1641,Inkling #1641,A looping cartoon-squid PFP stacked from painterly trait layers. Minted on Ink.,1641.gif,Storm Grey,Violet Haze,Cuttle,Sleepy,Clean mantle,Bare mantle
1642,Inkling #1642,A looping cartoon-squid PFP stacked from painterly trait layers. Minted on Ink.,1642.gif,Rose Gold,Violet Haze,Giant,Bright,Slow Drip,Wash Hood
1643,Inkling #1643,A looping cartoon-squid PFP stacked from painterly trait layers. Minted on Ink.,1643.gif,Charcoal Wash,Teal Mist,Reef,Dew,Clean mantle,Pearl Cluster
1644,Inkling #1644,A looping cartoon-squid PFP stacked from painterly trait layers. Minted on Ink.,1644.gif,Rose Gold,No bloom,Cuttle,Bright,Red Seal,Bare mantle
1645,Inkling #1645,A looping cartoon-squid PFP stacked from painterly trait layers. Minted on Ink.,1645.gif,Storm Grey,Teal Mist,Reef,Ember,Slow Drip,Kelp Flow
1646,Inkling #1646,A looping cartoon-squid PFP stacked from painterly trait layers. Minted on Ink.,1646.gif,Rose Gold,Coral Glow,Dumbo,Dew,Brush Streak,Soft Crown
1647,Inkling #1647,A looping cartoon-squid PFP stacked from painterly trait layers. Minted on Ink.,1647.gif,Wine Paper,No bloom,Firefly,Bright,Brush Streak,Bare mantle
1648,Inkling #1648,A looping cartoon-squid PFP stacked from painterly trait layers. Minted on Ink.,1648.gif,Wine Paper,Coral Glow,Reef,Sleepy,Clean mantle,Bare mantle
1649,Inkling #1649,A looping cartoon-squid PFP stacked from painterly trait layers. Minted on Ink.,1649.gif,Celadon Garden,Silver Veil,Giant,Bright,Red Seal,Wash Hood
1650,Inkling #1650,A looping cartoon-squid PFP stacked from painterly trait layers. Minted on Ink.,1650.gif,Charcoal Wash,Violet Haze,Reef,Ember,Brush Streak,Wash Hood
1651,Inkling #1651,A looping cartoon-squid PFP stacked from painterly trait layers. Minted on Ink.,1651.gif,Storm Grey,Coral Glow,Glass,Bright,Red Seal,Soft Crown
1652,Inkling #1652,A looping cartoon-squid PFP stacked from painterly trait layers. Minted on Ink.,1652.gif,Celadon Garden,Teal Mist,Cuttle,Bright,Clean mantle,Pearl Cluster
1653,Inkling #1653,A looping cartoon-squid PFP stacked from painterly trait layers. Minted on Ink.,1653.gif,Cream Rice,Teal Mist,Bobtail,Sleepy,Red Seal,Soft Crown
1654,Inkling #1654,A looping cartoon-squid PFP stacked from painterly trait layers. Minted on Ink.,1654.gif,Celadon Garden,No bloom,Dumbo,Lidded,Red Seal,Wash Hood
1655,Inkling #1655,A looping cartoon-squid PFP stacked from painterly trait layers. Minted on Ink.,1655.gif,Indigo Night,Gold Wash,Giant,Lidded,Clean mantle,Ink Ribbon
1656,Inkling #1656,A looping cartoon-squid PFP stacked from painterly trait layers. Minted on Ink.,1656.gif,Rose Gold,No bloom,Dumbo,Dew,Brush Streak,Wash Hood
1657,Inkling #1657,A looping cartoon-squid PFP stacked from painterly trait layers. Minted on Ink.,1657.gif,Storm Grey,Silver Veil,Dumbo,Wink,Ink Splash,Kelp Flow
1658,Inkling #1658,A looping cartoon-squid PFP stacked from painterly trait layers. Minted on Ink.,1658.gif,Indigo Night,Gold Wash,Bobtail,Lidded,Ink Splash,Kelp Flow
1659,Inkling #1659,A looping cartoon-squid PFP stacked from painterly trait layers. Minted on Ink.,1659.gif,Wine Paper,Teal Mist,Giant,Lidded,Clean mantle,Kelp Flow
1660,Inkling #1660,A looping cartoon-squid PFP stacked from painterly trait layers. Minted on Ink.,1660.gif,Wine Paper,Violet Haze,Bobtail,Dew,Clean mantle,Kelp Flow
1661,Inkling #1661,A looping cartoon-squid PFP stacked from painterly trait layers. Minted on Ink.,1661.gif,Peach Dusk,Silver Veil,Giant,Bright,Red Seal,Wash Hood
1662,Inkling #1662,A looping cartoon-squid PFP stacked from painterly trait layers. Minted on Ink.,1662.gif,Storm Grey,Coral Glow,Glass,Lidded,Slow Drip,Kelp Flow
1663,Inkling #1663,A looping cartoon-squid PFP stacked from painterly trait layers. Minted on Ink.,1663.gif,Indigo Night,Gold Wash,Bobtail,Bright,Clean mantle,Soft Crown
1664,Inkling #1664,A looping cartoon-squid PFP stacked from painterly trait layers. Minted on Ink.,1664.gif,Rose Gold,No bloom,Giant,Bright,Ink Splash,Pearl Cluster
1665,Inkling #1665,A looping cartoon-squid PFP stacked from painterly trait layers. Minted on Ink.,1665.gif,Peach Dusk,No bloom,Glass,Bright,Clean mantle,Pearl Cluster
1666,Inkling #1666,A looping cartoon-squid PFP stacked from painterly trait layers. Minted on Ink.,1666.gif,Indigo Night,Teal Mist,Inked,Lidded,Clean mantle,Wash Hood
1667,Inkling #1667,A looping cartoon-squid PFP stacked from painterly trait layers. Minted on Ink.,1667.gif,Charcoal Wash,Silver Veil,Cuttle,Lidded,Clean mantle,Pearl Cluster
1668,Inkling #1668,A looping cartoon-squid PFP stacked from painterly trait layers. Minted on Ink.,1668.gif,Storm Grey,Teal Mist,Firefly,Wink,Slow Drip,Pearl Cluster
1669,Inkling #1669,A looping cartoon-squid PFP stacked from painterly trait layers. Minted on Ink.,1669.gif,Celadon Garden,Silver Veil,Bobtail,Sleepy,Clean mantle,Pearl Cluster
1670,Inkling #1670,A looping cartoon-squid PFP stacked from painterly trait layers. Minted on Ink.,1670.gif,Indigo Night,Silver Veil,Reef,Bright,Red Seal,Bare mantle
1671,Inkling #1671,A looping cartoon-squid PFP stacked from painterly trait layers. Minted on Ink.,1671.gif,Cream Rice,No bloom,Giant,Dew,Brush Streak,Pearl Cluster
1672,Inkling #1672,A looping cartoon-squid PFP stacked from painterly trait layers. Minted on Ink.,1672.gif,Indigo Night,Coral Glow,Firefly,Bright,Clean mantle,Soft Crown
1673,Inkling #1673,A looping cartoon-squid PFP stacked from painterly trait layers. Minted on Ink.,1673.gif,Peach Dusk,Violet Haze,Bobtail,Bright,Brush Streak,Ink Ribbon
1674,Inkling #1674,A looping cartoon-squid PFP stacked from painterly trait layers. Minted on Ink.,1674.gif,Indigo Night,No bloom,Giant,Bright,Clean mantle,Pearl Cluster
1675,Inkling #1675,A looping cartoon-squid PFP stacked from painterly trait layers. Minted on Ink.,1675.gif,Indigo Night,No bloom,Glass,Wink,Clean mantle,Pearl Cluster
1676,Inkling #1676,A looping cartoon-squid PFP stacked from painterly trait layers. Minted on Ink.,1676.gif,Storm Grey,No bloom,Inked,Sleepy,Clean mantle,Ink Ribbon
1677,Inkling #1677,A looping cartoon-squid PFP stacked from painterly trait layers. Minted on Ink.,1677.gif,Wine Paper,No bloom,Inked,Lidded,Clean mantle,Kelp Flow
1678,Inkling #1678,A looping cartoon-squid PFP stacked from painterly trait layers. Minted on Ink.,1678.gif,Charcoal Wash,No bloom,Bobtail,Ember,Brush Streak,Bare mantle
1679,Inkling #1679,A looping cartoon-squid PFP stacked from painterly trait layers. Minted on Ink.,1679.gif,Charcoal Wash,Teal Mist,Bobtail,Wink,Brush Streak,Ink Ribbon
1680,Inkling #1680,A looping cartoon-squid PFP stacked from painterly trait layers. Minted on Ink.,1680.gif,Rose Gold,Silver Veil,Reef,Sleepy,Clean mantle,Ink Ribbon
1681,Inkling #1681,A looping cartoon-squid PFP stacked from painterly trait layers. Minted on Ink.,1681.gif,Charcoal Wash,Teal Mist,Cuttle,Bright,Slow Drip,Pearl Cluster
1682,Inkling #1682,A looping cartoon-squid PFP stacked from painterly trait layers. Minted on Ink.,1682.gif,Storm Grey,Coral Glow,Giant,Bright,Brush Streak,Kelp Flow
1683,Inkling #1683,A looping cartoon-squid PFP stacked from painterly trait layers. Minted on Ink.,1683.gif,Cream Rice,Violet Haze,Reef,Sleepy,Clean mantle,Bare mantle
1684,Inkling #1684,A looping cartoon-squid PFP stacked from painterly trait layers. Minted on Ink.,1684.gif,Indigo Night,Coral Glow,Inked,Ember,Brush Streak,Bare mantle
1685,Inkling #1685,A looping cartoon-squid PFP stacked from painterly trait layers. Minted on Ink.,1685.gif,Peach Dusk,No bloom,Reef,Ember,Ink Splash,Pearl Cluster
1686,Inkling #1686,A looping cartoon-squid PFP stacked from painterly trait layers. Minted on Ink.,1686.gif,Charcoal Wash,Silver Veil,Firefly,Bright,Clean mantle,Bare mantle
1687,Inkling #1687,A looping cartoon-squid PFP stacked from painterly trait layers. Minted on Ink.,1687.gif,Cream Rice,Coral Glow,Cuttle,Sleepy,Slow Drip,Wash Hood
1688,Inkling #1688,A looping cartoon-squid PFP stacked from painterly trait layers. Minted on Ink.,1688.gif,Wine Paper,No bloom,Giant,Ember,Ink Splash,Wash Hood
1689,Inkling #1689,A looping cartoon-squid PFP stacked from painterly trait layers. Minted on Ink.,1689.gif,Peach Dusk,Violet Haze,Dumbo,Bright,Brush Streak,Pearl Cluster
1690,Inkling #1690,A looping cartoon-squid PFP stacked from painterly trait layers. Minted on Ink.,1690.gif,Rose Gold,No bloom,Dumbo,Sleepy,Brush Streak,Bare mantle
1691,Inkling #1691,A looping cartoon-squid PFP stacked from painterly trait layers. Minted on Ink.,1691.gif,Peach Dusk,Violet Haze,Inked,Ember,Slow Drip,Pearl Cluster
1692,Inkling #1692,A looping cartoon-squid PFP stacked from painterly trait layers. Minted on Ink.,1692.gif,Wine Paper,Coral Glow,Reef,Sleepy,Clean mantle,Kelp Flow
1693,Inkling #1693,A looping cartoon-squid PFP stacked from painterly trait layers. Minted on Ink.,1693.gif,Peach Dusk,Gold Wash,Reef,Ember,Clean mantle,Ink Ribbon
1694,Inkling #1694,A looping cartoon-squid PFP stacked from painterly trait layers. Minted on Ink.,1694.gif,Rose Gold,Violet Haze,Firefly,Ember,Ink Splash,Wash Hood
1695,Inkling #1695,A looping cartoon-squid PFP stacked from painterly trait layers. Minted on Ink.,1695.gif,Storm Grey,Violet Haze,Giant,Wink,Slow Drip,Pearl Cluster
1696,Inkling #1696,A looping cartoon-squid PFP stacked from painterly trait layers. Minted on Ink.,1696.gif,Charcoal Wash,Violet Haze,Dumbo,Ember,Red Seal,Pearl Cluster
1697,Inkling #1697,A looping cartoon-squid PFP stacked from painterly trait layers. Minted on Ink.,1697.gif,Storm Grey,Gold Wash,Cuttle,Wink,Clean mantle,Wash Hood
1698,Inkling #1698,A looping cartoon-squid PFP stacked from painterly trait layers. Minted on Ink.,1698.gif,Storm Grey,Coral Glow,Reef,Lidded,Clean mantle,Ink Ribbon
1699,Inkling #1699,A looping cartoon-squid PFP stacked from painterly trait layers. Minted on Ink.,1699.gif,Rose Gold,Silver Veil,Reef,Bright,Clean mantle,Bare mantle
1700,Inkling #1700,A looping cartoon-squid PFP stacked from painterly trait layers. Minted on Ink.,1700.gif,Cream Rice,Silver Veil,Dumbo,Sleepy,Slow Drip,Kelp Flow
1701,Inkling #1701,A looping cartoon-squid PFP stacked from painterly trait layers. Minted on Ink.,1701.gif,Cream Rice,Coral Glow,Dumbo,Bright,Red Seal,Kelp Flow
1702,Inkling #1702,A looping cartoon-squid PFP stacked from painterly trait layers. Minted on Ink.,1702.gif,Indigo Night,Teal Mist,Firefly,Sleepy,Clean mantle,Soft Crown
1703,Inkling #1703,A looping cartoon-squid PFP stacked from painterly trait layers. Minted on Ink.,1703.gif,Celadon Garden,Coral Glow,Inked,Lidded,Clean mantle,Ink Ribbon
1704,Inkling #1704,A looping cartoon-squid PFP stacked from painterly trait layers. Minted on Ink.,1704.gif,Cream Rice,Gold Wash,Cuttle,Dew,Red Seal,Ink Ribbon
1705,Inkling #1705,A looping cartoon-squid PFP stacked from painterly trait layers. Minted on Ink.,1705.gif,Peach Dusk,Teal Mist,Reef,Sleepy,Clean mantle,Bare mantle
1706,Inkling #1706,A looping cartoon-squid PFP stacked from painterly trait layers. Minted on Ink.,1706.gif,Peach Dusk,Teal Mist,Glass,Dew,Clean mantle,Soft Crown
1707,Inkling #1707,A looping cartoon-squid PFP stacked from painterly trait layers. Minted on Ink.,1707.gif,Charcoal Wash,Teal Mist,Inked,Sleepy,Slow Drip,Ink Ribbon
1708,Inkling #1708,A looping cartoon-squid PFP stacked from painterly trait layers. Minted on Ink.,1708.gif,Indigo Night,Teal Mist,Inked,Bright,Slow Drip,Kelp Flow
1709,Inkling #1709,A looping cartoon-squid PFP stacked from painterly trait layers. Minted on Ink.,1709.gif,Indigo Night,Silver Veil,Reef,Lidded,Red Seal,Bare mantle
1710,Inkling #1710,A looping cartoon-squid PFP stacked from painterly trait layers. Minted on Ink.,1710.gif,Peach Dusk,Coral Glow,Reef,Sleepy,Clean mantle,Soft Crown
1711,Inkling #1711,A looping cartoon-squid PFP stacked from painterly trait layers. Minted on Ink.,1711.gif,Celadon Garden,Teal Mist,Giant,Dew,Brush Streak,Soft Crown
1712,Inkling #1712,A looping cartoon-squid PFP stacked from painterly trait layers. Minted on Ink.,1712.gif,Rose Gold,Gold Wash,Giant,Bright,Red Seal,Bare mantle
1713,Inkling #1713,A looping cartoon-squid PFP stacked from painterly trait layers. Minted on Ink.,1713.gif,Storm Grey,Coral Glow,Firefly,Bright,Red Seal,Ink Ribbon
1714,Inkling #1714,A looping cartoon-squid PFP stacked from painterly trait layers. Minted on Ink.,1714.gif,Wine Paper,Silver Veil,Reef,Ember,Clean mantle,Pearl Cluster
1715,Inkling #1715,A looping cartoon-squid PFP stacked from painterly trait layers. Minted on Ink.,1715.gif,Indigo Night,Violet Haze,Reef,Dew,Slow Drip,Pearl Cluster
1716,Inkling #1716,A looping cartoon-squid PFP stacked from painterly trait layers. Minted on Ink.,1716.gif,Cream Rice,Gold Wash,Reef,Bright,Slow Drip,Bare mantle
1717,Inkling #1717,A looping cartoon-squid PFP stacked from painterly trait layers. Minted on Ink.,1717.gif,Peach Dusk,Gold Wash,Cuttle,Lidded,Clean mantle,Bare mantle
1718,Inkling #1718,A looping cartoon-squid PFP stacked from painterly trait layers. Minted on Ink.,1718.gif,Storm Grey,Silver Veil,Cuttle,Ember,Clean mantle,Ink Ribbon
1719,Inkling #1719,A looping cartoon-squid PFP stacked from painterly trait layers. Minted on Ink.,1719.gif,Rose Gold,No bloom,Dumbo,Ember,Ink Splash,Soft Crown
1720,Inkling #1720,A looping cartoon-squid PFP stacked from painterly trait layers. Minted on Ink.,1720.gif,Peach Dusk,Coral Glow,Firefly,Wink,Red Seal,Soft Crown
1721,Inkling #1721,A looping cartoon-squid PFP stacked from painterly trait layers. Minted on Ink.,1721.gif,Indigo Night,Coral Glow,Cuttle,Lidded,Clean mantle,Soft Crown
1722,Inkling #1722,A looping cartoon-squid PFP stacked from painterly trait layers. Minted on Ink.,1722.gif,Cream Rice,Silver Veil,Glass,Wink,Clean mantle,Ink Ribbon
1723,Inkling #1723,A looping cartoon-squid PFP stacked from painterly trait layers. Minted on Ink.,1723.gif,Rose Gold,Violet Haze,Glass,Lidded,Ink Splash,Bare mantle
1724,Inkling #1724,A looping cartoon-squid PFP stacked from painterly trait layers. Minted on Ink.,1724.gif,Peach Dusk,Coral Glow,Dumbo,Dew,Clean mantle,Bare mantle
1725,Inkling #1725,A looping cartoon-squid PFP stacked from painterly trait layers. Minted on Ink.,1725.gif,Peach Dusk,Gold Wash,Firefly,Dew,Clean mantle,Pearl Cluster
1726,Inkling #1726,A looping cartoon-squid PFP stacked from painterly trait layers. Minted on Ink.,1726.gif,Peach Dusk,Teal Mist,Glass,Bright,Clean mantle,Kelp Flow
1727,Inkling #1727,A looping cartoon-squid PFP stacked from painterly trait layers. Minted on Ink.,1727.gif,Storm Grey,No bloom,Cuttle,Ember,Red Seal,Bare mantle
1728,Inkling #1728,A looping cartoon-squid PFP stacked from painterly trait layers. Minted on Ink.,1728.gif,Charcoal Wash,Coral Glow,Reef,Bright,Slow Drip,Kelp Flow
1729,Inkling #1729,A looping cartoon-squid PFP stacked from painterly trait layers. Minted on Ink.,1729.gif,Cream Rice,Violet Haze,Giant,Bright,Red Seal,Pearl Cluster
1730,Inkling #1730,A looping cartoon-squid PFP stacked from painterly trait layers. Minted on Ink.,1730.gif,Charcoal Wash,Gold Wash,Glass,Bright,Red Seal,Pearl Cluster
1731,Inkling #1731,A looping cartoon-squid PFP stacked from painterly trait layers. Minted on Ink.,1731.gif,Indigo Night,Violet Haze,Reef,Lidded,Ink Splash,Bare mantle
1732,Inkling #1732,A looping cartoon-squid PFP stacked from painterly trait layers. Minted on Ink.,1732.gif,Rose Gold,Silver Veil,Glass,Dew,Ink Splash,Pearl Cluster
1733,Inkling #1733,A looping cartoon-squid PFP stacked from painterly trait layers. Minted on Ink.,1733.gif,Wine Paper,Teal Mist,Dumbo,Bright,Clean mantle,Pearl Cluster
1734,Inkling #1734,A looping cartoon-squid PFP stacked from painterly trait layers. Minted on Ink.,1734.gif,Storm Grey,No bloom,Firefly,Bright,Clean mantle,Soft Crown
1735,Inkling #1735,A looping cartoon-squid PFP stacked from painterly trait layers. Minted on Ink.,1735.gif,Cream Rice,Teal Mist,Firefly,Dew,Slow Drip,Kelp Flow
1736,Inkling #1736,A looping cartoon-squid PFP stacked from painterly trait layers. Minted on Ink.,1736.gif,Storm Grey,Coral Glow,Reef,Ember,Ink Splash,Ink Ribbon
1737,Inkling #1737,A looping cartoon-squid PFP stacked from painterly trait layers. Minted on Ink.,1737.gif,Charcoal Wash,Silver Veil,Dumbo,Lidded,Slow Drip,Wash Hood
1738,Inkling #1738,A looping cartoon-squid PFP stacked from painterly trait layers. Minted on Ink.,1738.gif,Celadon Garden,Gold Wash,Glass,Bright,Clean mantle,Soft Crown
1739,Inkling #1739,A looping cartoon-squid PFP stacked from painterly trait layers. Minted on Ink.,1739.gif,Peach Dusk,Gold Wash,Bobtail,Ember,Clean mantle,Wash Hood
1740,Inkling #1740,A looping cartoon-squid PFP stacked from painterly trait layers. Minted on Ink.,1740.gif,Storm Grey,Violet Haze,Firefly,Ember,Red Seal,Soft Crown
1741,Inkling #1741,A looping cartoon-squid PFP stacked from painterly trait layers. Minted on Ink.,1741.gif,Peach Dusk,Silver Veil,Reef,Dew,Brush Streak,Wash Hood
1742,Inkling #1742,A looping cartoon-squid PFP stacked from painterly trait layers. Minted on Ink.,1742.gif,Rose Gold,Coral Glow,Inked,Dew,Ink Splash,Soft Crown
1743,Inkling #1743,A looping cartoon-squid PFP stacked from painterly trait layers. Minted on Ink.,1743.gif,Cream Rice,Gold Wash,Dumbo,Bright,Brush Streak,Pearl Cluster
1744,Inkling #1744,A looping cartoon-squid PFP stacked from painterly trait layers. Minted on Ink.,1744.gif,Celadon Garden,Coral Glow,Glass,Dew,Ink Splash,Bare mantle
1745,Inkling #1745,A looping cartoon-squid PFP stacked from painterly trait layers. Minted on Ink.,1745.gif,Celadon Garden,Teal Mist,Dumbo,Ember,Brush Streak,Soft Crown
1746,Inkling #1746,A looping cartoon-squid PFP stacked from painterly trait layers. Minted on Ink.,1746.gif,Charcoal Wash,No bloom,Firefly,Bright,Red Seal,Kelp Flow
1747,Inkling #1747,A looping cartoon-squid PFP stacked from painterly trait layers. Minted on Ink.,1747.gif,Storm Grey,No bloom,Glass,Dew,Brush Streak,Wash Hood
1748,Inkling #1748,A looping cartoon-squid PFP stacked from painterly trait layers. Minted on Ink.,1748.gif,Indigo Night,No bloom,Reef,Bright,Brush Streak,Wash Hood
1749,Inkling #1749,A looping cartoon-squid PFP stacked from painterly trait layers. Minted on Ink.,1749.gif,Indigo Night,Teal Mist,Glass,Sleepy,Ink Splash,Kelp Flow
1750,Inkling #1750,A looping cartoon-squid PFP stacked from painterly trait layers. Minted on Ink.,1750.gif,Rose Gold,No bloom,Glass,Sleepy,Clean mantle,Pearl Cluster
1751,Inkling #1751,A looping cartoon-squid PFP stacked from painterly trait layers. Minted on Ink.,1751.gif,Indigo Night,Teal Mist,Firefly,Lidded,Slow Drip,Bare mantle
1752,Inkling #1752,A looping cartoon-squid PFP stacked from painterly trait layers. Minted on Ink.,1752.gif,Storm Grey,Gold Wash,Cuttle,Wink,Slow Drip,Kelp Flow
1753,Inkling #1753,A looping cartoon-squid PFP stacked from painterly trait layers. Minted on Ink.,1753.gif,Rose Gold,Violet Haze,Dumbo,Lidded,Slow Drip,Kelp Flow
1754,Inkling #1754,A looping cartoon-squid PFP stacked from painterly trait layers. Minted on Ink.,1754.gif,Indigo Night,Gold Wash,Cuttle,Dew,Clean mantle,Kelp Flow
1755,Inkling #1755,A looping cartoon-squid PFP stacked from painterly trait layers. Minted on Ink.,1755.gif,Peach Dusk,Gold Wash,Firefly,Bright,Ink Splash,Pearl Cluster
1756,Inkling #1756,A looping cartoon-squid PFP stacked from painterly trait layers. Minted on Ink.,1756.gif,Rose Gold,Gold Wash,Dumbo,Dew,Clean mantle,Pearl Cluster
1757,Inkling #1757,A looping cartoon-squid PFP stacked from painterly trait layers. Minted on Ink.,1757.gif,Cream Rice,Coral Glow,Cuttle,Lidded,Slow Drip,Wash Hood
1758,Inkling #1758,A looping cartoon-squid PFP stacked from painterly trait layers. Minted on Ink.,1758.gif,Charcoal Wash,Coral Glow,Cuttle,Dew,Red Seal,Wash Hood
1759,Inkling #1759,A looping cartoon-squid PFP stacked from painterly trait layers. Minted on Ink.,1759.gif,Storm Grey,Teal Mist,Dumbo,Lidded,Clean mantle,Wash Hood
1760,Inkling #1760,A looping cartoon-squid PFP stacked from painterly trait layers. Minted on Ink.,1760.gif,Celadon Garden,Coral Glow,Firefly,Ember,Red Seal,Ink Ribbon
1761,Inkling #1761,A looping cartoon-squid PFP stacked from painterly trait layers. Minted on Ink.,1761.gif,Indigo Night,Violet Haze,Firefly,Sleepy,Clean mantle,Wash Hood
1762,Inkling #1762,A looping cartoon-squid PFP stacked from painterly trait layers. Minted on Ink.,1762.gif,Storm Grey,Gold Wash,Cuttle,Dew,Ink Splash,Soft Crown
1763,Inkling #1763,A looping cartoon-squid PFP stacked from painterly trait layers. Minted on Ink.,1763.gif,Indigo Night,Silver Veil,Dumbo,Ember,Red Seal,Bare mantle
1764,Inkling #1764,A looping cartoon-squid PFP stacked from painterly trait layers. Minted on Ink.,1764.gif,Rose Gold,Gold Wash,Reef,Bright,Clean mantle,Wash Hood
1765,Inkling #1765,A looping cartoon-squid PFP stacked from painterly trait layers. Minted on Ink.,1765.gif,Rose Gold,No bloom,Bobtail,Lidded,Brush Streak,Pearl Cluster
1766,Inkling #1766,A looping cartoon-squid PFP stacked from painterly trait layers. Minted on Ink.,1766.gif,Storm Grey,Teal Mist,Reef,Sleepy,Ink Splash,Pearl Cluster
1767,Inkling #1767,A looping cartoon-squid PFP stacked from painterly trait layers. Minted on Ink.,1767.gif,Indigo Night,Violet Haze,Glass,Dew,Ink Splash,Ink Ribbon
1768,Inkling #1768,A looping cartoon-squid PFP stacked from painterly trait layers. Minted on Ink.,1768.gif,Charcoal Wash,Teal Mist,Reef,Bright,Slow Drip,Bare mantle
1769,Inkling #1769,A looping cartoon-squid PFP stacked from painterly trait layers. Minted on Ink.,1769.gif,Cream Rice,Teal Mist,Reef,Dew,Slow Drip,Pearl Cluster
1770,Inkling #1770,A looping cartoon-squid PFP stacked from painterly trait layers. Minted on Ink.,1770.gif,Peach Dusk,Silver Veil,Firefly,Dew,Slow Drip,Kelp Flow
1771,Inkling #1771,A looping cartoon-squid PFP stacked from painterly trait layers. Minted on Ink.,1771.gif,Celadon Garden,Teal Mist,Reef,Dew,Slow Drip,Kelp Flow
1772,Inkling #1772,A looping cartoon-squid PFP stacked from painterly trait layers. Minted on Ink.,1772.gif,Celadon Garden,Gold Wash,Glass,Wink,Clean mantle,Kelp Flow
1773,Inkling #1773,A looping cartoon-squid PFP stacked from painterly trait layers. Minted on Ink.,1773.gif,Indigo Night,Violet Haze,Cuttle,Sleepy,Ink Splash,Ink Ribbon
1774,Inkling #1774,A looping cartoon-squid PFP stacked from painterly trait layers. Minted on Ink.,1774.gif,Charcoal Wash,Coral Glow,Bobtail,Bright,Ink Splash,Pearl Cluster
1775,Inkling #1775,A looping cartoon-squid PFP stacked from painterly trait layers. Minted on Ink.,1775.gif,Cream Rice,Coral Glow,Bobtail,Sleepy,Clean mantle,Kelp Flow
1776,Inkling #1776,A looping cartoon-squid PFP stacked from painterly trait layers. Minted on Ink.,1776.gif,Wine Paper,Gold Wash,Cuttle,Sleepy,Ink Splash,Wash Hood
1777,Inkling #1777,A looping cartoon-squid PFP stacked from painterly trait layers. Minted on Ink.,1777.gif,Celadon Garden,Coral Glow,Reef,Ember,Slow Drip,Wash Hood
1778,Inkling #1778,A looping cartoon-squid PFP stacked from painterly trait layers. Minted on Ink.,1778.gif,Storm Grey,Silver Veil,Dumbo,Sleepy,Brush Streak,Kelp Flow
1779,Inkling #1779,A looping cartoon-squid PFP stacked from painterly trait layers. Minted on Ink.,1779.gif,Cream Rice,Teal Mist,Glass,Bright,Red Seal,Kelp Flow
1780,Inkling #1780,A looping cartoon-squid PFP stacked from painterly trait layers. Minted on Ink.,1780.gif,Storm Grey,Violet Haze,Cuttle,Sleepy,Ink Splash,Wash Hood
1781,Inkling #1781,A looping cartoon-squid PFP stacked from painterly trait layers. Minted on Ink.,1781.gif,Cream Rice,Teal Mist,Bobtail,Lidded,Slow Drip,Soft Crown
1782,Inkling #1782,A looping cartoon-squid PFP stacked from painterly trait layers. Minted on Ink.,1782.gif,Indigo Night,Silver Veil,Bobtail,Dew,Brush Streak,Soft Crown
1783,Inkling #1783,A looping cartoon-squid PFP stacked from painterly trait layers. Minted on Ink.,1783.gif,Celadon Garden,Teal Mist,Bobtail,Bright,Slow Drip,Pearl Cluster
1784,Inkling #1784,A looping cartoon-squid PFP stacked from painterly trait layers. Minted on Ink.,1784.gif,Rose Gold,Violet Haze,Glass,Sleepy,Red Seal,Ink Ribbon
1785,Inkling #1785,A looping cartoon-squid PFP stacked from painterly trait layers. Minted on Ink.,1785.gif,Storm Grey,Violet Haze,Inked,Lidded,Clean mantle,Kelp Flow
1786,Inkling #1786,A looping cartoon-squid PFP stacked from painterly trait layers. Minted on Ink.,1786.gif,Wine Paper,Gold Wash,Cuttle,Wink,Red Seal,Kelp Flow
1787,Inkling #1787,A looping cartoon-squid PFP stacked from painterly trait layers. Minted on Ink.,1787.gif,Celadon Garden,Silver Veil,Reef,Ember,Ink Splash,Bare mantle
1788,Inkling #1788,A looping cartoon-squid PFP stacked from painterly trait layers. Minted on Ink.,1788.gif,Storm Grey,Coral Glow,Firefly,Bright,Clean mantle,Ink Ribbon
1789,Inkling #1789,A looping cartoon-squid PFP stacked from painterly trait layers. Minted on Ink.,1789.gif,Cream Rice,Violet Haze,Reef,Wink,Clean mantle,Bare mantle
1790,Inkling #1790,A looping cartoon-squid PFP stacked from painterly trait layers. Minted on Ink.,1790.gif,Storm Grey,Gold Wash,Dumbo,Bright,Ink Splash,Ink Ribbon
1791,Inkling #1791,A looping cartoon-squid PFP stacked from painterly trait layers. Minted on Ink.,1791.gif,Rose Gold,No bloom,Glass,Ember,Clean mantle,Wash Hood
1792,Inkling #1792,A looping cartoon-squid PFP stacked from painterly trait layers. Minted on Ink.,1792.gif,Indigo Night,Silver Veil,Reef,Wink,Red Seal,Kelp Flow
1793,Inkling #1793,A looping cartoon-squid PFP stacked from painterly trait layers. Minted on Ink.,1793.gif,Cream Rice,Gold Wash,Dumbo,Bright,Ink Splash,Ink Ribbon
1794,Inkling #1794,A looping cartoon-squid PFP stacked from painterly trait layers. Minted on Ink.,1794.gif,Indigo Night,Teal Mist,Reef,Sleepy,Slow Drip,Soft Crown
1795,Inkling #1795,A looping cartoon-squid PFP stacked from painterly trait layers. Minted on Ink.,1795.gif,Indigo Night,Gold Wash,Reef,Ember,Slow Drip,Ink Ribbon
1796,Inkling #1796,A looping cartoon-squid PFP stacked from painterly trait layers. Minted on Ink.,1796.gif,Peach Dusk,Gold Wash,Dumbo,Dew,Brush Streak,Wash Hood
1797,Inkling #1797,A looping cartoon-squid PFP stacked from painterly trait layers. Minted on Ink.,1797.gif,Celadon Garden,Violet Haze,Dumbo,Ember,Red Seal,Bare mantle
1798,Inkling #1798,A looping cartoon-squid PFP stacked from painterly trait layers. Minted on Ink.,1798.gif,Cream Rice,Silver Veil,Cuttle,Ember,Clean mantle,Ink Ribbon
1799,Inkling #1799,A looping cartoon-squid PFP stacked from painterly trait layers. Minted on Ink.,1799.gif,Wine Paper,Silver Veil,Glass,Sleepy,Ink Splash,Bare mantle
1800,Inkling #1800,A looping cartoon-squid PFP stacked from painterly trait layers. Minted on Ink.,1800.gif,Wine Paper,Coral Glow,Dumbo,Lidded,Ink Splash,Ink Ribbon
1801,Inkling #1801,A looping cartoon-squid PFP stacked from painterly trait layers. Minted on Ink.,1801.gif,Rose Gold,Gold Wash,Bobtail,Bright,Clean mantle,Soft Crown
1802,Inkling #1802,A looping cartoon-squid PFP stacked from painterly trait layers. Minted on Ink.,1802.gif,Charcoal Wash,Gold Wash,Cuttle,Lidded,Slow Drip,Bare mantle
1803,Inkling #1803,A looping cartoon-squid PFP stacked from painterly trait layers. Minted on Ink.,1803.gif,Charcoal Wash,No bloom,Giant,Bright,Slow Drip,Kelp Flow
1804,Inkling #1804,A looping cartoon-squid PFP stacked from painterly trait layers. Minted on Ink.,1804.gif,Rose Gold,No bloom,Firefly,Wink,Ink Splash,Soft Crown
1805,Inkling #1805,A looping cartoon-squid PFP stacked from painterly trait layers. Minted on Ink.,1805.gif,Indigo Night,Violet Haze,Giant,Lidded,Slow Drip,Ink Ribbon
1806,Inkling #1806,A looping cartoon-squid PFP stacked from painterly trait layers. Minted on Ink.,1806.gif,Peach Dusk,Coral Glow,Giant,Dew,Slow Drip,Ink Ribbon
1807,Inkling #1807,A looping cartoon-squid PFP stacked from painterly trait layers. Minted on Ink.,1807.gif,Peach Dusk,Coral Glow,Giant,Wink,Ink Splash,Ink Ribbon
1808,Inkling #1808,A looping cartoon-squid PFP stacked from painterly trait layers. Minted on Ink.,1808.gif,Storm Grey,Coral Glow,Reef,Wink,Ink Splash,Bare mantle
1809,Inkling #1809,A looping cartoon-squid PFP stacked from painterly trait layers. Minted on Ink.,1809.gif,Storm Grey,Gold Wash,Firefly,Wink,Brush Streak,Bare mantle
1810,Inkling #1810,A looping cartoon-squid PFP stacked from painterly trait layers. Minted on Ink.,1810.gif,Celadon Garden,Gold Wash,Giant,Bright,Clean mantle,Wash Hood
1811,Inkling #1811,A looping cartoon-squid PFP stacked from painterly trait layers. Minted on Ink.,1811.gif,Cream Rice,Gold Wash,Reef,Bright,Clean mantle,Pearl Cluster
1812,Inkling #1812,A looping cartoon-squid PFP stacked from painterly trait layers. Minted on Ink.,1812.gif,Charcoal Wash,Violet Haze,Dumbo,Sleepy,Clean mantle,Soft Crown
1813,Inkling #1813,A looping cartoon-squid PFP stacked from painterly trait layers. Minted on Ink.,1813.gif,Peach Dusk,Violet Haze,Reef,Wink,Ink Splash,Pearl Cluster
1814,Inkling #1814,A looping cartoon-squid PFP stacked from painterly trait layers. Minted on Ink.,1814.gif,Cream Rice,Gold Wash,Firefly,Lidded,Brush Streak,Bare mantle
1815,Inkling #1815,A looping cartoon-squid PFP stacked from painterly trait layers. Minted on Ink.,1815.gif,Indigo Night,Coral Glow,Glass,Lidded,Red Seal,Pearl Cluster
1816,Inkling #1816,A looping cartoon-squid PFP stacked from painterly trait layers. Minted on Ink.,1816.gif,Peach Dusk,Teal Mist,Cuttle,Ember,Clean mantle,Bare mantle
1817,Inkling #1817,A looping cartoon-squid PFP stacked from painterly trait layers. Minted on Ink.,1817.gif,Cream Rice,Violet Haze,Giant,Bright,Clean mantle,Soft Crown
1818,Inkling #1818,A looping cartoon-squid PFP stacked from painterly trait layers. Minted on Ink.,1818.gif,Indigo Night,Teal Mist,Firefly,Bright,Clean mantle,Pearl Cluster
1819,Inkling #1819,A looping cartoon-squid PFP stacked from painterly trait layers. Minted on Ink.,1819.gif,Indigo Night,No bloom,Giant,Bright,Clean mantle,Soft Crown
1820,Inkling #1820,A looping cartoon-squid PFP stacked from painterly trait layers. Minted on Ink.,1820.gif,Peach Dusk,Gold Wash,Cuttle,Dew,Clean mantle,Ink Ribbon
1821,Inkling #1821,A looping cartoon-squid PFP stacked from painterly trait layers. Minted on Ink.,1821.gif,Rose Gold,Violet Haze,Inked,Ember,Ink Splash,Kelp Flow
1822,Inkling #1822,A looping cartoon-squid PFP stacked from painterly trait layers. Minted on Ink.,1822.gif,Peach Dusk,Violet Haze,Inked,Wink,Slow Drip,Ink Ribbon
1823,Inkling #1823,A looping cartoon-squid PFP stacked from painterly trait layers. Minted on Ink.,1823.gif,Peach Dusk,Silver Veil,Glass,Bright,Clean mantle,Pearl Cluster
1824,Inkling #1824,A looping cartoon-squid PFP stacked from painterly trait layers. Minted on Ink.,1824.gif,Rose Gold,No bloom,Giant,Dew,Clean mantle,Ink Ribbon
1825,Inkling #1825,A looping cartoon-squid PFP stacked from painterly trait layers. Minted on Ink.,1825.gif,Celadon Garden,No bloom,Bobtail,Dew,Clean mantle,Pearl Cluster
1826,Inkling #1826,A looping cartoon-squid PFP stacked from painterly trait layers. Minted on Ink.,1826.gif,Wine Paper,No bloom,Bobtail,Bright,Red Seal,Pearl Cluster
1827,Inkling #1827,A looping cartoon-squid PFP stacked from painterly trait layers. Minted on Ink.,1827.gif,Wine Paper,Gold Wash,Reef,Dew,Clean mantle,Ink Ribbon
1828,Inkling #1828,A looping cartoon-squid PFP stacked from painterly trait layers. Minted on Ink.,1828.gif,Charcoal Wash,Coral Glow,Reef,Lidded,Clean mantle,Wash Hood
1829,Inkling #1829,A looping cartoon-squid PFP stacked from painterly trait layers. Minted on Ink.,1829.gif,Charcoal Wash,Gold Wash,Inked,Sleepy,Ink Splash,Kelp Flow
1830,Inkling #1830,A looping cartoon-squid PFP stacked from painterly trait layers. Minted on Ink.,1830.gif,Rose Gold,Coral Glow,Inked,Sleepy,Red Seal,Bare mantle
1831,Inkling #1831,A looping cartoon-squid PFP stacked from painterly trait layers. Minted on Ink.,1831.gif,Indigo Night,Violet Haze,Reef,Bright,Clean mantle,Bare mantle
1832,Inkling #1832,A looping cartoon-squid PFP stacked from painterly trait layers. Minted on Ink.,1832.gif,Celadon Garden,Teal Mist,Inked,Dew,Slow Drip,Kelp Flow
1833,Inkling #1833,A looping cartoon-squid PFP stacked from painterly trait layers. Minted on Ink.,1833.gif,Rose Gold,Violet Haze,Firefly,Dew,Clean mantle,Bare mantle
1834,Inkling #1834,A looping cartoon-squid PFP stacked from painterly trait layers. Minted on Ink.,1834.gif,Cream Rice,Gold Wash,Cuttle,Bright,Red Seal,Kelp Flow
1835,Inkling #1835,A looping cartoon-squid PFP stacked from painterly trait layers. Minted on Ink.,1835.gif,Peach Dusk,Teal Mist,Cuttle,Wink,Clean mantle,Kelp Flow
1836,Inkling #1836,A looping cartoon-squid PFP stacked from painterly trait layers. Minted on Ink.,1836.gif,Wine Paper,Teal Mist,Bobtail,Sleepy,Clean mantle,Bare mantle
1837,Inkling #1837,A looping cartoon-squid PFP stacked from painterly trait layers. Minted on Ink.,1837.gif,Storm Grey,Violet Haze,Giant,Bright,Clean mantle,Pearl Cluster
1838,Inkling #1838,A looping cartoon-squid PFP stacked from painterly trait layers. Minted on Ink.,1838.gif,Rose Gold,No bloom,Firefly,Lidded,Red Seal,Soft Crown
1839,Inkling #1839,A looping cartoon-squid PFP stacked from painterly trait layers. Minted on Ink.,1839.gif,Peach Dusk,Violet Haze,Firefly,Wink,Slow Drip,Bare mantle
1840,Inkling #1840,A looping cartoon-squid PFP stacked from painterly trait layers. Minted on Ink.,1840.gif,Charcoal Wash,Teal Mist,Reef,Ember,Slow Drip,Kelp Flow
1841,Inkling #1841,A looping cartoon-squid PFP stacked from painterly trait layers. Minted on Ink.,1841.gif,Charcoal Wash,Violet Haze,Reef,Lidded,Ink Splash,Wash Hood
1842,Inkling #1842,A looping cartoon-squid PFP stacked from painterly trait layers. Minted on Ink.,1842.gif,Indigo Night,Violet Haze,Firefly,Bright,Brush Streak,Bare mantle
1843,Inkling #1843,A looping cartoon-squid PFP stacked from painterly trait layers. Minted on Ink.,1843.gif,Indigo Night,Coral Glow,Reef,Bright,Red Seal,Kelp Flow
1844,Inkling #1844,A looping cartoon-squid PFP stacked from painterly trait layers. Minted on Ink.,1844.gif,Peach Dusk,Teal Mist,Glass,Dew,Red Seal,Bare mantle
1845,Inkling #1845,A looping cartoon-squid PFP stacked from painterly trait layers. Minted on Ink.,1845.gif,Rose Gold,Coral Glow,Bobtail,Wink,Clean mantle,Wash Hood
1846,Inkling #1846,A looping cartoon-squid PFP stacked from painterly trait layers. Minted on Ink.,1846.gif,Storm Grey,Violet Haze,Bobtail,Sleepy,Red Seal,Soft Crown
1847,Inkling #1847,A looping cartoon-squid PFP stacked from painterly trait layers. Minted on Ink.,1847.gif,Storm Grey,Violet Haze,Firefly,Lidded,Brush Streak,Kelp Flow
1848,Inkling #1848,A looping cartoon-squid PFP stacked from painterly trait layers. Minted on Ink.,1848.gif,Peach Dusk,Coral Glow,Cuttle,Sleepy,Ink Splash,Pearl Cluster
1849,Inkling #1849,A looping cartoon-squid PFP stacked from painterly trait layers. Minted on Ink.,1849.gif,Indigo Night,Gold Wash,Reef,Sleepy,Slow Drip,Wash Hood
1850,Inkling #1850,A looping cartoon-squid PFP stacked from painterly trait layers. Minted on Ink.,1850.gif,Storm Grey,Coral Glow,Reef,Lidded,Red Seal,Ink Ribbon
1851,Inkling #1851,A looping cartoon-squid PFP stacked from painterly trait layers. Minted on Ink.,1851.gif,Peach Dusk,Gold Wash,Dumbo,Lidded,Ink Splash,Ink Ribbon
1852,Inkling #1852,A looping cartoon-squid PFP stacked from painterly trait layers. Minted on Ink.,1852.gif,Celadon Garden,Coral Glow,Cuttle,Bright,Clean mantle,Bare mantle
1853,Inkling #1853,A looping cartoon-squid PFP stacked from painterly trait layers. Minted on Ink.,1853.gif,Wine Paper,Coral Glow,Bobtail,Dew,Brush Streak,Pearl Cluster
1854,Inkling #1854,A looping cartoon-squid PFP stacked from painterly trait layers. Minted on Ink.,1854.gif,Storm Grey,Gold Wash,Giant,Lidded,Ink Splash,Kelp Flow
1855,Inkling #1855,A looping cartoon-squid PFP stacked from painterly trait layers. Minted on Ink.,1855.gif,Peach Dusk,Gold Wash,Bobtail,Bright,Ink Splash,Bare mantle
1856,Inkling #1856,A looping cartoon-squid PFP stacked from painterly trait layers. Minted on Ink.,1856.gif,Wine Paper,Gold Wash,Glass,Bright,Red Seal,Soft Crown
1857,Inkling #1857,A looping cartoon-squid PFP stacked from painterly trait layers. Minted on Ink.,1857.gif,Cream Rice,Violet Haze,Inked,Lidded,Clean mantle,Kelp Flow
1858,Inkling #1858,A looping cartoon-squid PFP stacked from painterly trait layers. Minted on Ink.,1858.gif,Storm Grey,Coral Glow,Reef,Lidded,Red Seal,Bare mantle
1859,Inkling #1859,A looping cartoon-squid PFP stacked from painterly trait layers. Minted on Ink.,1859.gif,Charcoal Wash,No bloom,Inked,Wink,Ink Splash,Soft Crown
1860,Inkling #1860,A looping cartoon-squid PFP stacked from painterly trait layers. Minted on Ink.,1860.gif,Indigo Night,No bloom,Glass,Bright,Ink Splash,Pearl Cluster
1861,Inkling #1861,A looping cartoon-squid PFP stacked from painterly trait layers. Minted on Ink.,1861.gif,Rose Gold,Violet Haze,Glass,Bright,Red Seal,Ink Ribbon
1862,Inkling #1862,A looping cartoon-squid PFP stacked from painterly trait layers. Minted on Ink.,1862.gif,Rose Gold,Teal Mist,Dumbo,Sleepy,Clean mantle,Bare mantle
1863,Inkling #1863,A looping cartoon-squid PFP stacked from painterly trait layers. Minted on Ink.,1863.gif,Wine Paper,Teal Mist,Dumbo,Lidded,Clean mantle,Kelp Flow
1864,Inkling #1864,A looping cartoon-squid PFP stacked from painterly trait layers. Minted on Ink.,1864.gif,Wine Paper,Violet Haze,Bobtail,Bright,Red Seal,Wash Hood
1865,Inkling #1865,A looping cartoon-squid PFP stacked from painterly trait layers. Minted on Ink.,1865.gif,Celadon Garden,No bloom,Inked,Lidded,Slow Drip,Bare mantle
1866,Inkling #1866,A looping cartoon-squid PFP stacked from painterly trait layers. Minted on Ink.,1866.gif,Charcoal Wash,Violet Haze,Inked,Bright,Brush Streak,Soft Crown
1867,Inkling #1867,A looping cartoon-squid PFP stacked from painterly trait layers. Minted on Ink.,1867.gif,Celadon Garden,Teal Mist,Reef,Bright,Clean mantle,Bare mantle
1868,Inkling #1868,A looping cartoon-squid PFP stacked from painterly trait layers. Minted on Ink.,1868.gif,Celadon Garden,Violet Haze,Giant,Wink,Ink Splash,Pearl Cluster
1869,Inkling #1869,A looping cartoon-squid PFP stacked from painterly trait layers. Minted on Ink.,1869.gif,Wine Paper,No bloom,Firefly,Sleepy,Clean mantle,Ink Ribbon
1870,Inkling #1870,A looping cartoon-squid PFP stacked from painterly trait layers. Minted on Ink.,1870.gif,Cream Rice,Violet Haze,Giant,Lidded,Red Seal,Ink Ribbon
1871,Inkling #1871,A looping cartoon-squid PFP stacked from painterly trait layers. Minted on Ink.,1871.gif,Charcoal Wash,Violet Haze,Dumbo,Lidded,Clean mantle,Wash Hood
1872,Inkling #1872,A looping cartoon-squid PFP stacked from painterly trait layers. Minted on Ink.,1872.gif,Rose Gold,No bloom,Reef,Wink,Ink Splash,Ink Ribbon
1873,Inkling #1873,A looping cartoon-squid PFP stacked from painterly trait layers. Minted on Ink.,1873.gif,Storm Grey,Gold Wash,Dumbo,Ember,Ink Splash,Kelp Flow
1874,Inkling #1874,A looping cartoon-squid PFP stacked from painterly trait layers. Minted on Ink.,1874.gif,Charcoal Wash,Gold Wash,Reef,Bright,Ink Splash,Pearl Cluster
1875,Inkling #1875,A looping cartoon-squid PFP stacked from painterly trait layers. Minted on Ink.,1875.gif,Indigo Night,Gold Wash,Dumbo,Ember,Clean mantle,Pearl Cluster
1876,Inkling #1876,A looping cartoon-squid PFP stacked from painterly trait layers. Minted on Ink.,1876.gif,Indigo Night,No bloom,Reef,Sleepy,Red Seal,Wash Hood
1877,Inkling #1877,A looping cartoon-squid PFP stacked from painterly trait layers. Minted on Ink.,1877.gif,Charcoal Wash,No bloom,Reef,Dew,Slow Drip,Soft Crown
1878,Inkling #1878,A looping cartoon-squid PFP stacked from painterly trait layers. Minted on Ink.,1878.gif,Celadon Garden,Violet Haze,Giant,Wink,Clean mantle,Ink Ribbon
1879,Inkling #1879,A looping cartoon-squid PFP stacked from painterly trait layers. Minted on Ink.,1879.gif,Storm Grey,Silver Veil,Reef,Bright,Slow Drip,Kelp Flow
1880,Inkling #1880,A looping cartoon-squid PFP stacked from painterly trait layers. Minted on Ink.,1880.gif,Indigo Night,No bloom,Firefly,Bright,Red Seal,Kelp Flow
1881,Inkling #1881,A looping cartoon-squid PFP stacked from painterly trait layers. Minted on Ink.,1881.gif,Indigo Night,No bloom,Firefly,Dew,Clean mantle,Wash Hood
1882,Inkling #1882,A looping cartoon-squid PFP stacked from painterly trait layers. Minted on Ink.,1882.gif,Peach Dusk,Gold Wash,Bobtail,Sleepy,Ink Splash,Kelp Flow
1883,Inkling #1883,A looping cartoon-squid PFP stacked from painterly trait layers. Minted on Ink.,1883.gif,Peach Dusk,Gold Wash,Glass,Bright,Clean mantle,Kelp Flow
1884,Inkling #1884,A looping cartoon-squid PFP stacked from painterly trait layers. Minted on Ink.,1884.gif,Celadon Garden,Violet Haze,Glass,Lidded,Clean mantle,Pearl Cluster
1885,Inkling #1885,A looping cartoon-squid PFP stacked from painterly trait layers. Minted on Ink.,1885.gif,Storm Grey,Violet Haze,Dumbo,Bright,Clean mantle,Kelp Flow
1886,Inkling #1886,A looping cartoon-squid PFP stacked from painterly trait layers. Minted on Ink.,1886.gif,Charcoal Wash,Silver Veil,Bobtail,Wink,Slow Drip,Bare mantle
1887,Inkling #1887,A looping cartoon-squid PFP stacked from painterly trait layers. Minted on Ink.,1887.gif,Indigo Night,Gold Wash,Reef,Ember,Clean mantle,Soft Crown
1888,Inkling #1888,A looping cartoon-squid PFP stacked from painterly trait layers. Minted on Ink.,1888.gif,Storm Grey,No bloom,Dumbo,Bright,Slow Drip,Ink Ribbon
1889,Inkling #1889,A looping cartoon-squid PFP stacked from painterly trait layers. Minted on Ink.,1889.gif,Storm Grey,No bloom,Dumbo,Dew,Slow Drip,Kelp Flow
1890,Inkling #1890,A looping cartoon-squid PFP stacked from painterly trait layers. Minted on Ink.,1890.gif,Rose Gold,No bloom,Inked,Sleepy,Ink Splash,Kelp Flow
1891,Inkling #1891,A looping cartoon-squid PFP stacked from painterly trait layers. Minted on Ink.,1891.gif,Storm Grey,Teal Mist,Bobtail,Sleepy,Clean mantle,Wash Hood
1892,Inkling #1892,A looping cartoon-squid PFP stacked from painterly trait layers. Minted on Ink.,1892.gif,Celadon Garden,Gold Wash,Glass,Bright,Ink Splash,Soft Crown
1893,Inkling #1893,A looping cartoon-squid PFP stacked from painterly trait layers. Minted on Ink.,1893.gif,Peach Dusk,Coral Glow,Inked,Dew,Slow Drip,Pearl Cluster
1894,Inkling #1894,A looping cartoon-squid PFP stacked from painterly trait layers. Minted on Ink.,1894.gif,Peach Dusk,Teal Mist,Bobtail,Lidded,Ink Splash,Bare mantle
1895,Inkling #1895,A looping cartoon-squid PFP stacked from painterly trait layers. Minted on Ink.,1895.gif,Indigo Night,Violet Haze,Reef,Lidded,Clean mantle,Soft Crown
1896,Inkling #1896,A looping cartoon-squid PFP stacked from painterly trait layers. Minted on Ink.,1896.gif,Celadon Garden,Silver Veil,Glass,Bright,Clean mantle,Bare mantle
1897,Inkling #1897,A looping cartoon-squid PFP stacked from painterly trait layers. Minted on Ink.,1897.gif,Indigo Night,Coral Glow,Bobtail,Sleepy,Clean mantle,Bare mantle
1898,Inkling #1898,A looping cartoon-squid PFP stacked from painterly trait layers. Minted on Ink.,1898.gif,Charcoal Wash,Teal Mist,Firefly,Dew,Red Seal,Ink Ribbon
1899,Inkling #1899,A looping cartoon-squid PFP stacked from painterly trait layers. Minted on Ink.,1899.gif,Charcoal Wash,Teal Mist,Reef,Wink,Clean mantle,Ink Ribbon
1900,Inkling #1900,A looping cartoon-squid PFP stacked from painterly trait layers. Minted on Ink.,1900.gif,Indigo Night,Silver Veil,Bobtail,Lidded,Clean mantle,Pearl Cluster
1901,Inkling #1901,A looping cartoon-squid PFP stacked from painterly trait layers. Minted on Ink.,1901.gif,Charcoal Wash,Coral Glow,Dumbo,Dew,Ink Splash,Kelp Flow
1902,Inkling #1902,A looping cartoon-squid PFP stacked from painterly trait layers. Minted on Ink.,1902.gif,Storm Grey,Gold Wash,Glass,Dew,Red Seal,Pearl Cluster
1903,Inkling #1903,A looping cartoon-squid PFP stacked from painterly trait layers. Minted on Ink.,1903.gif,Rose Gold,No bloom,Dumbo,Sleepy,Brush Streak,Soft Crown
1904,Inkling #1904,A looping cartoon-squid PFP stacked from painterly trait layers. Minted on Ink.,1904.gif,Storm Grey,Silver Veil,Inked,Sleepy,Ink Splash,Bare mantle
1905,Inkling #1905,A looping cartoon-squid PFP stacked from painterly trait layers. Minted on Ink.,1905.gif,Peach Dusk,Teal Mist,Glass,Dew,Brush Streak,Kelp Flow
1906,Inkling #1906,A looping cartoon-squid PFP stacked from painterly trait layers. Minted on Ink.,1906.gif,Peach Dusk,Coral Glow,Dumbo,Wink,Brush Streak,Kelp Flow
1907,Inkling #1907,A looping cartoon-squid PFP stacked from painterly trait layers. Minted on Ink.,1907.gif,Storm Grey,Gold Wash,Inked,Sleepy,Brush Streak,Bare mantle
1908,Inkling #1908,A looping cartoon-squid PFP stacked from painterly trait layers. Minted on Ink.,1908.gif,Peach Dusk,No bloom,Dumbo,Ember,Brush Streak,Kelp Flow
1909,Inkling #1909,A looping cartoon-squid PFP stacked from painterly trait layers. Minted on Ink.,1909.gif,Wine Paper,Gold Wash,Reef,Ember,Ink Splash,Wash Hood
1910,Inkling #1910,A looping cartoon-squid PFP stacked from painterly trait layers. Minted on Ink.,1910.gif,Charcoal Wash,Violet Haze,Glass,Bright,Red Seal,Pearl Cluster
1911,Inkling #1911,A looping cartoon-squid PFP stacked from painterly trait layers. Minted on Ink.,1911.gif,Indigo Night,Gold Wash,Bobtail,Lidded,Ink Splash,Wash Hood
1912,Inkling #1912,A looping cartoon-squid PFP stacked from painterly trait layers. Minted on Ink.,1912.gif,Indigo Night,Coral Glow,Bobtail,Wink,Slow Drip,Pearl Cluster
1913,Inkling #1913,A looping cartoon-squid PFP stacked from painterly trait layers. Minted on Ink.,1913.gif,Wine Paper,No bloom,Glass,Wink,Slow Drip,Ink Ribbon
1914,Inkling #1914,A looping cartoon-squid PFP stacked from painterly trait layers. Minted on Ink.,1914.gif,Celadon Garden,Violet Haze,Glass,Lidded,Brush Streak,Ink Ribbon
1915,Inkling #1915,A looping cartoon-squid PFP stacked from painterly trait layers. Minted on Ink.,1915.gif,Rose Gold,Coral Glow,Reef,Ember,Red Seal,Kelp Flow
1916,Inkling #1916,A looping cartoon-squid PFP stacked from painterly trait layers. Minted on Ink.,1916.gif,Rose Gold,Silver Veil,Reef,Lidded,Clean mantle,Pearl Cluster
1917,Inkling #1917,A looping cartoon-squid PFP stacked from painterly trait layers. Minted on Ink.,1917.gif,Indigo Night,Silver Veil,Glass,Bright,Ink Splash,Soft Crown
1918,Inkling #1918,A looping cartoon-squid PFP stacked from painterly trait layers. Minted on Ink.,1918.gif,Storm Grey,Teal Mist,Dumbo,Lidded,Brush Streak,Kelp Flow
1919,Inkling #1919,A looping cartoon-squid PFP stacked from painterly trait layers. Minted on Ink.,1919.gif,Indigo Night,Teal Mist,Dumbo,Dew,Brush Streak,Kelp Flow
1920,Inkling #1920,A looping cartoon-squid PFP stacked from painterly trait layers. Minted on Ink.,1920.gif,Celadon Garden,No bloom,Glass,Sleepy,Clean mantle,Bare mantle
1921,Inkling #1921,A looping cartoon-squid PFP stacked from painterly trait layers. Minted on Ink.,1921.gif,Wine Paper,Violet Haze,Glass,Dew,Slow Drip,Bare mantle
1922,Inkling #1922,A looping cartoon-squid PFP stacked from painterly trait layers. Minted on Ink.,1922.gif,Charcoal Wash,No bloom,Dumbo,Sleepy,Brush Streak,Pearl Cluster
1923,Inkling #1923,A looping cartoon-squid PFP stacked from painterly trait layers. Minted on Ink.,1923.gif,Peach Dusk,Teal Mist,Cuttle,Bright,Brush Streak,Wash Hood
1924,Inkling #1924,A looping cartoon-squid PFP stacked from painterly trait layers. Minted on Ink.,1924.gif,Storm Grey,Silver Veil,Inked,Bright,Ink Splash,Pearl Cluster
1925,Inkling #1925,A looping cartoon-squid PFP stacked from painterly trait layers. Minted on Ink.,1925.gif,Storm Grey,Gold Wash,Firefly,Dew,Slow Drip,Pearl Cluster
1926,Inkling #1926,A looping cartoon-squid PFP stacked from painterly trait layers. Minted on Ink.,1926.gif,Peach Dusk,No bloom,Giant,Ember,Clean mantle,Ink Ribbon
1927,Inkling #1927,A looping cartoon-squid PFP stacked from painterly trait layers. Minted on Ink.,1927.gif,Charcoal Wash,No bloom,Bobtail,Dew,Ink Splash,Soft Crown
1928,Inkling #1928,A looping cartoon-squid PFP stacked from painterly trait layers. Minted on Ink.,1928.gif,Rose Gold,Violet Haze,Bobtail,Ember,Brush Streak,Bare mantle
1929,Inkling #1929,A looping cartoon-squid PFP stacked from painterly trait layers. Minted on Ink.,1929.gif,Rose Gold,Gold Wash,Cuttle,Bright,Brush Streak,Bare mantle
1930,Inkling #1930,A looping cartoon-squid PFP stacked from painterly trait layers. Minted on Ink.,1930.gif,Celadon Garden,Coral Glow,Firefly,Lidded,Ink Splash,Pearl Cluster
1931,Inkling #1931,A looping cartoon-squid PFP stacked from painterly trait layers. Minted on Ink.,1931.gif,Cream Rice,Violet Haze,Bobtail,Sleepy,Brush Streak,Wash Hood
1932,Inkling #1932,A looping cartoon-squid PFP stacked from painterly trait layers. Minted on Ink.,1932.gif,Charcoal Wash,Teal Mist,Giant,Bright,Brush Streak,Pearl Cluster
1933,Inkling #1933,A looping cartoon-squid PFP stacked from painterly trait layers. Minted on Ink.,1933.gif,Rose Gold,No bloom,Dumbo,Wink,Slow Drip,Ink Ribbon
1934,Inkling #1934,A looping cartoon-squid PFP stacked from painterly trait layers. Minted on Ink.,1934.gif,Wine Paper,Gold Wash,Inked,Dew,Clean mantle,Kelp Flow
1935,Inkling #1935,A looping cartoon-squid PFP stacked from painterly trait layers. Minted on Ink.,1935.gif,Storm Grey,Gold Wash,Reef,Dew,Clean mantle,Pearl Cluster
1936,Inkling #1936,A looping cartoon-squid PFP stacked from painterly trait layers. Minted on Ink.,1936.gif,Wine Paper,No bloom,Inked,Bright,Brush Streak,Soft Crown
1937,Inkling #1937,A looping cartoon-squid PFP stacked from painterly trait layers. Minted on Ink.,1937.gif,Peach Dusk,Coral Glow,Dumbo,Wink,Red Seal,Wash Hood
1938,Inkling #1938,A looping cartoon-squid PFP stacked from painterly trait layers. Minted on Ink.,1938.gif,Rose Gold,No bloom,Bobtail,Ember,Brush Streak,Bare mantle
1939,Inkling #1939,A looping cartoon-squid PFP stacked from painterly trait layers. Minted on Ink.,1939.gif,Storm Grey,No bloom,Reef,Bright,Clean mantle,Kelp Flow
1940,Inkling #1940,A looping cartoon-squid PFP stacked from painterly trait layers. Minted on Ink.,1940.gif,Wine Paper,Gold Wash,Firefly,Lidded,Brush Streak,Wash Hood
1941,Inkling #1941,A looping cartoon-squid PFP stacked from painterly trait layers. Minted on Ink.,1941.gif,Cream Rice,Silver Veil,Cuttle,Lidded,Clean mantle,Soft Crown
1942,Inkling #1942,A looping cartoon-squid PFP stacked from painterly trait layers. Minted on Ink.,1942.gif,Peach Dusk,Teal Mist,Inked,Sleepy,Ink Splash,Wash Hood
1943,Inkling #1943,A looping cartoon-squid PFP stacked from painterly trait layers. Minted on Ink.,1943.gif,Peach Dusk,No bloom,Firefly,Sleepy,Brush Streak,Kelp Flow
1944,Inkling #1944,A looping cartoon-squid PFP stacked from painterly trait layers. Minted on Ink.,1944.gif,Storm Grey,No bloom,Glass,Dew,Clean mantle,Soft Crown
1945,Inkling #1945,A looping cartoon-squid PFP stacked from painterly trait layers. Minted on Ink.,1945.gif,Celadon Garden,Silver Veil,Dumbo,Wink,Brush Streak,Kelp Flow
1946,Inkling #1946,A looping cartoon-squid PFP stacked from painterly trait layers. Minted on Ink.,1946.gif,Peach Dusk,Gold Wash,Dumbo,Sleepy,Clean mantle,Pearl Cluster
1947,Inkling #1947,A looping cartoon-squid PFP stacked from painterly trait layers. Minted on Ink.,1947.gif,Storm Grey,No bloom,Reef,Bright,Ink Splash,Wash Hood
1948,Inkling #1948,A looping cartoon-squid PFP stacked from painterly trait layers. Minted on Ink.,1948.gif,Charcoal Wash,No bloom,Inked,Lidded,Clean mantle,Pearl Cluster
1949,Inkling #1949,A looping cartoon-squid PFP stacked from painterly trait layers. Minted on Ink.,1949.gif,Celadon Garden,Teal Mist,Bobtail,Ember,Red Seal,Bare mantle
1950,Inkling #1950,A looping cartoon-squid PFP stacked from painterly trait layers. Minted on Ink.,1950.gif,Celadon Garden,Teal Mist,Dumbo,Bright,Clean mantle,Kelp Flow
1951,Inkling #1951,A looping cartoon-squid PFP stacked from painterly trait layers. Minted on Ink.,1951.gif,Wine Paper,Coral Glow,Inked,Bright,Ink Splash,Bare mantle
1952,Inkling #1952,A looping cartoon-squid PFP stacked from painterly trait layers. Minted on Ink.,1952.gif,Charcoal Wash,Violet Haze,Bobtail,Ember,Red Seal,Wash Hood
1953,Inkling #1953,A looping cartoon-squid PFP stacked from painterly trait layers. Minted on Ink.,1953.gif,Charcoal Wash,Violet Haze,Firefly,Sleepy,Ink Splash,Bare mantle
1954,Inkling #1954,A looping cartoon-squid PFP stacked from painterly trait layers. Minted on Ink.,1954.gif,Wine Paper,Gold Wash,Reef,Dew,Red Seal,Wash Hood
1955,Inkling #1955,A looping cartoon-squid PFP stacked from painterly trait layers. Minted on Ink.,1955.gif,Celadon Garden,Violet Haze,Giant,Bright,Clean mantle,Wash Hood
1956,Inkling #1956,A looping cartoon-squid PFP stacked from painterly trait layers. Minted on Ink.,1956.gif,Indigo Night,No bloom,Firefly,Dew,Clean mantle,Soft Crown
1957,Inkling #1957,A looping cartoon-squid PFP stacked from painterly trait layers. Minted on Ink.,1957.gif,Celadon Garden,No bloom,Firefly,Lidded,Ink Splash,Kelp Flow
1958,Inkling #1958,A looping cartoon-squid PFP stacked from painterly trait layers. Minted on Ink.,1958.gif,Wine Paper,Violet Haze,Glass,Ember,Brush Streak,Kelp Flow
1959,Inkling #1959,A looping cartoon-squid PFP stacked from painterly trait layers. Minted on Ink.,1959.gif,Rose Gold,Violet Haze,Giant,Lidded,Red Seal,Kelp Flow
1960,Inkling #1960,A looping cartoon-squid PFP stacked from painterly trait layers. Minted on Ink.,1960.gif,Celadon Garden,No bloom,Bobtail,Sleepy,Red Seal,Bare mantle
1961,Inkling #1961,A looping cartoon-squid PFP stacked from painterly trait layers. Minted on Ink.,1961.gif,Cream Rice,Violet Haze,Giant,Ember,Clean mantle,Bare mantle
1962,Inkling #1962,A looping cartoon-squid PFP stacked from painterly trait layers. Minted on Ink.,1962.gif,Cream Rice,Violet Haze,Cuttle,Lidded,Clean mantle,Ink Ribbon
1963,Inkling #1963,A looping cartoon-squid PFP stacked from painterly trait layers. Minted on Ink.,1963.gif,Charcoal Wash,Violet Haze,Giant,Wink,Clean mantle,Ink Ribbon
1964,Inkling #1964,A looping cartoon-squid PFP stacked from painterly trait layers. Minted on Ink.,1964.gif,Indigo Night,No bloom,Cuttle,Sleepy,Ink Splash,Soft Crown
1965,Inkling #1965,A looping cartoon-squid PFP stacked from painterly trait layers. Minted on Ink.,1965.gif,Cream Rice,Violet Haze,Reef,Wink,Red Seal,Soft Crown
1966,Inkling #1966,A looping cartoon-squid PFP stacked from painterly trait layers. Minted on Ink.,1966.gif,Rose Gold,Teal Mist,Inked,Ember,Red Seal,Bare mantle
1967,Inkling #1967,A looping cartoon-squid PFP stacked from painterly trait layers. Minted on Ink.,1967.gif,Cream Rice,No bloom,Reef,Dew,Clean mantle,Bare mantle
1968,Inkling #1968,A looping cartoon-squid PFP stacked from painterly trait layers. Minted on Ink.,1968.gif,Peach Dusk,Silver Veil,Firefly,Lidded,Brush Streak,Ink Ribbon
1969,Inkling #1969,A looping cartoon-squid PFP stacked from painterly trait layers. Minted on Ink.,1969.gif,Wine Paper,Violet Haze,Giant,Wink,Slow Drip,Bare mantle
1970,Inkling #1970,A looping cartoon-squid PFP stacked from painterly trait layers. Minted on Ink.,1970.gif,Peach Dusk,Gold Wash,Glass,Ember,Brush Streak,Kelp Flow
1971,Inkling #1971,A looping cartoon-squid PFP stacked from painterly trait layers. Minted on Ink.,1971.gif,Cream Rice,Violet Haze,Glass,Lidded,Ink Splash,Bare mantle
1972,Inkling #1972,A looping cartoon-squid PFP stacked from painterly trait layers. Minted on Ink.,1972.gif,Storm Grey,No bloom,Firefly,Bright,Ink Splash,Soft Crown
1973,Inkling #1973,A looping cartoon-squid PFP stacked from painterly trait layers. Minted on Ink.,1973.gif,Indigo Night,Coral Glow,Firefly,Lidded,Clean mantle,Ink Ribbon
1974,Inkling #1974,A looping cartoon-squid PFP stacked from painterly trait layers. Minted on Ink.,1974.gif,Storm Grey,Coral Glow,Bobtail,Wink,Clean mantle,Pearl Cluster
1975,Inkling #1975,A looping cartoon-squid PFP stacked from painterly trait layers. Minted on Ink.,1975.gif,Wine Paper,Teal Mist,Bobtail,Bright,Red Seal,Wash Hood
1976,Inkling #1976,A looping cartoon-squid PFP stacked from painterly trait layers. Minted on Ink.,1976.gif,Cream Rice,No bloom,Reef,Sleepy,Ink Splash,Kelp Flow
1977,Inkling #1977,A looping cartoon-squid PFP stacked from painterly trait layers. Minted on Ink.,1977.gif,Rose Gold,Violet Haze,Bobtail,Sleepy,Slow Drip,Pearl Cluster
1978,Inkling #1978,A looping cartoon-squid PFP stacked from painterly trait layers. Minted on Ink.,1978.gif,Celadon Garden,Teal Mist,Inked,Wink,Clean mantle,Soft Crown
1979,Inkling #1979,A looping cartoon-squid PFP stacked from painterly trait layers. Minted on Ink.,1979.gif,Charcoal Wash,Violet Haze,Bobtail,Lidded,Slow Drip,Soft Crown
1980,Inkling #1980,A looping cartoon-squid PFP stacked from painterly trait layers. Minted on Ink.,1980.gif,Charcoal Wash,Teal Mist,Glass,Lidded,Clean mantle,Kelp Flow
1981,Inkling #1981,A looping cartoon-squid PFP stacked from painterly trait layers. Minted on Ink.,1981.gif,Rose Gold,Violet Haze,Firefly,Dew,Red Seal,Soft Crown
1982,Inkling #1982,A looping cartoon-squid PFP stacked from painterly trait layers. Minted on Ink.,1982.gif,Wine Paper,Silver Veil,Inked,Wink,Clean mantle,Pearl Cluster
1983,Inkling #1983,A looping cartoon-squid PFP stacked from painterly trait layers. Minted on Ink.,1983.gif,Indigo Night,Violet Haze,Cuttle,Bright,Ink Splash,Pearl Cluster
1984,Inkling #1984,A looping cartoon-squid PFP stacked from painterly trait layers. Minted on Ink.,1984.gif,Peach Dusk,Violet Haze,Firefly,Bright,Clean mantle,Soft Crown
1985,Inkling #1985,A looping cartoon-squid PFP stacked from painterly trait layers. Minted on Ink.,1985.gif,Rose Gold,Coral Glow,Reef,Ember,Red Seal,Ink Ribbon
1986,Inkling #1986,A looping cartoon-squid PFP stacked from painterly trait layers. Minted on Ink.,1986.gif,Peach Dusk,Violet Haze,Bobtail,Bright,Red Seal,Bare mantle
1987,Inkling #1987,A looping cartoon-squid PFP stacked from painterly trait layers. Minted on Ink.,1987.gif,Celadon Garden,Silver Veil,Dumbo,Sleepy,Slow Drip,Ink Ribbon
1988,Inkling #1988,A looping cartoon-squid PFP stacked from painterly trait layers. Minted on Ink.,1988.gif,Peach Dusk,Gold Wash,Glass,Wink,Clean mantle,Bare mantle
1989,Inkling #1989,A looping cartoon-squid PFP stacked from painterly trait layers. Minted on Ink.,1989.gif,Celadon Garden,Teal Mist,Glass,Ember,Ink Splash,Kelp Flow
1990,Inkling #1990,A looping cartoon-squid PFP stacked from painterly trait layers. Minted on Ink.,1990.gif,Storm Grey,Violet Haze,Dumbo,Wink,Brush Streak,Kelp Flow
1991,Inkling #1991,A looping cartoon-squid PFP stacked from painterly trait layers. Minted on Ink.,1991.gif,Peach Dusk,Violet Haze,Cuttle,Bright,Slow Drip,Ink Ribbon
1992,Inkling #1992,A looping cartoon-squid PFP stacked from painterly trait layers. Minted on Ink.,1992.gif,Rose Gold,No bloom,Inked,Bright,Red Seal,Bare mantle
1993,Inkling #1993,A looping cartoon-squid PFP stacked from painterly trait layers. Minted on Ink.,1993.gif,Cream Rice,Teal Mist,Glass,Lidded,Slow Drip,Kelp Flow
1994,Inkling #1994,A looping cartoon-squid PFP stacked from painterly trait layers. Minted on Ink.,1994.gif,Storm Grey,Teal Mist,Dumbo,Sleepy,Brush Streak,Pearl Cluster
1995,Inkling #1995,A looping cartoon-squid PFP stacked from painterly trait layers. Minted on Ink.,1995.gif,Cream Rice,Coral Glow,Bobtail,Bright,Slow Drip,Bare mantle
1996,Inkling #1996,A looping cartoon-squid PFP stacked from painterly trait layers. Minted on Ink.,1996.gif,Cream Rice,Silver Veil,Cuttle,Bright,Clean mantle,Kelp Flow
1997,Inkling #1997,A looping cartoon-squid PFP stacked from painterly trait layers. Minted on Ink.,1997.gif,Cream Rice,Gold Wash,Reef,Lidded,Clean mantle,Ink Ribbon
1998,Inkling #1998,A looping cartoon-squid PFP stacked from painterly trait layers. Minted on Ink.,1998.gif,Cream Rice,No bloom,Dumbo,Ember,Red Seal,Wash Hood
1999,Inkling #1999,A looping cartoon-squid PFP stacked from painterly trait layers. Minted on Ink.,1999.gif,Rose Gold,No bloom,Dumbo,Dew,Clean mantle,Wash Hood
2000,Inkling #2000,A looping cartoon-squid PFP stacked from painterly trait layers. Minted on Ink.,2000.gif,Storm Grey,Teal Mist,Glass,Ember,Brush Streak,Pearl Cluster
2001,Inkling #2001,A looping cartoon-squid PFP stacked from painterly trait layers. Minted on Ink.,2001.gif,Cream Rice,Coral Glow,Giant,Ember,Ink Splash,Bare mantle
2002,Inkling #2002,A looping cartoon-squid PFP stacked from painterly trait layers. Minted on Ink.,2002.gif,Indigo Night,Gold Wash,Reef,Bright,Clean mantle,Soft Crown
2003,Inkling #2003,A looping cartoon-squid PFP stacked from painterly trait layers. Minted on Ink.,2003.gif,Wine Paper,No bloom,Inked,Sleepy,Clean mantle,Bare mantle
2004,Inkling #2004,A looping cartoon-squid PFP stacked from painterly trait layers. Minted on Ink.,2004.gif,Celadon Garden,No bloom,Inked,Lidded,Clean mantle,Wash Hood
2005,Inkling #2005,A looping cartoon-squid PFP stacked from painterly trait layers. Minted on Ink.,2005.gif,Celadon Garden,Violet Haze,Dumbo,Lidded,Clean mantle,Bare mantle
2006,Inkling #2006,A looping cartoon-squid PFP stacked from painterly trait layers. Minted on Ink.,2006.gif,Peach Dusk,Violet Haze,Bobtail,Ember,Ink Splash,Bare mantle
2007,Inkling #2007,A looping cartoon-squid PFP stacked from painterly trait layers. Minted on Ink.,2007.gif,Charcoal Wash,No bloom,Dumbo,Dew,Clean mantle,Bare mantle
2008,Inkling #2008,A looping cartoon-squid PFP stacked from painterly trait layers. Minted on Ink.,2008.gif,Peach Dusk,Gold Wash,Reef,Ember,Slow Drip,Ink Ribbon
2009,Inkling #2009,A looping cartoon-squid PFP stacked from painterly trait layers. Minted on Ink.,2009.gif,Indigo Night,Gold Wash,Cuttle,Bright,Clean mantle,Bare mantle
2010,Inkling #2010,A looping cartoon-squid PFP stacked from painterly trait layers. Minted on Ink.,2010.gif,Rose Gold,No bloom,Bobtail,Bright,Red Seal,Bare mantle
2011,Inkling #2011,A looping cartoon-squid PFP stacked from painterly trait layers. Minted on Ink.,2011.gif,Peach Dusk,No bloom,Bobtail,Dew,Slow Drip,Kelp Flow
2012,Inkling #2012,A looping cartoon-squid PFP stacked from painterly trait layers. Minted on Ink.,2012.gif,Rose Gold,Silver Veil,Glass,Bright,Red Seal,Pearl Cluster
2013,Inkling #2013,A looping cartoon-squid PFP stacked from painterly trait layers. Minted on Ink.,2013.gif,Charcoal Wash,Teal Mist,Glass,Dew,Clean mantle,Ink Ribbon
2014,Inkling #2014,A looping cartoon-squid PFP stacked from painterly trait layers. Minted on Ink.,2014.gif,Peach Dusk,Violet Haze,Giant,Ember,Clean mantle,Kelp Flow
2015,Inkling #2015,A looping cartoon-squid PFP stacked from painterly trait layers. Minted on Ink.,2015.gif,Indigo Night,Coral Glow,Inked,Dew,Slow Drip,Soft Crown
2016,Inkling #2016,A looping cartoon-squid PFP stacked from painterly trait layers. Minted on Ink.,2016.gif,Indigo Night,No bloom,Dumbo,Bright,Clean mantle,Kelp Flow
2017,Inkling #2017,A looping cartoon-squid PFP stacked from painterly trait layers. Minted on Ink.,2017.gif,Rose Gold,Silver Veil,Cuttle,Dew,Ink Splash,Bare mantle
2018,Inkling #2018,A looping cartoon-squid PFP stacked from painterly trait layers. Minted on Ink.,2018.gif,Wine Paper,Gold Wash,Dumbo,Bright,Ink Splash,Kelp Flow
2019,Inkling #2019,A looping cartoon-squid PFP stacked from painterly trait layers. Minted on Ink.,2019.gif,Wine Paper,Coral Glow,Dumbo,Ember,Ink Splash,Bare mantle
2020,Inkling #2020,A looping cartoon-squid PFP stacked from painterly trait layers. Minted on Ink.,2020.gif,Cream Rice,Violet Haze,Cuttle,Bright,Clean mantle,Soft Crown
2021,Inkling #2021,A looping cartoon-squid PFP stacked from painterly trait layers. Minted on Ink.,2021.gif,Cream Rice,Teal Mist,Bobtail,Dew,Brush Streak,Bare mantle
2022,Inkling #2022,A looping cartoon-squid PFP stacked from painterly trait layers. Minted on Ink.,2022.gif,Storm Grey,No bloom,Firefly,Ember,Clean mantle,Ink Ribbon
2023,Inkling #2023,A looping cartoon-squid PFP stacked from painterly trait layers. Minted on Ink.,2023.gif,Indigo Night,Gold Wash,Reef,Sleepy,Clean mantle,Soft Crown
2024,Inkling #2024,A looping cartoon-squid PFP stacked from painterly trait layers. Minted on Ink.,2024.gif,Celadon Garden,Silver Veil,Inked,Dew,Slow Drip,Bare mantle
2025,Inkling #2025,A looping cartoon-squid PFP stacked from painterly trait layers. Minted on Ink.,2025.gif,Charcoal Wash,Teal Mist,Reef,Dew,Ink Splash,Wash Hood
2026,Inkling #2026,A looping cartoon-squid PFP stacked from painterly trait layers. Minted on Ink.,2026.gif,Charcoal Wash,Gold Wash,Cuttle,Bright,Ink Splash,Pearl Cluster
2027,Inkling #2027,A looping cartoon-squid PFP stacked from painterly trait layers. Minted on Ink.,2027.gif,Celadon Garden,Gold Wash,Dumbo,Ember,Clean mantle,Bare mantle
2028,Inkling #2028,A looping cartoon-squid PFP stacked from painterly trait layers. Minted on Ink.,2028.gif,Cream Rice,Gold Wash,Giant,Dew,Slow Drip,Soft Crown
2029,Inkling #2029,A looping cartoon-squid PFP stacked from painterly trait layers. Minted on Ink.,2029.gif,Wine Paper,Coral Glow,Dumbo,Dew,Ink Splash,Bare mantle
2030,Inkling #2030,A looping cartoon-squid PFP stacked from painterly trait layers. Minted on Ink.,2030.gif,Indigo Night,Silver Veil,Glass,Lidded,Clean mantle,Ink Ribbon
2031,Inkling #2031,A looping cartoon-squid PFP stacked from painterly trait layers. Minted on Ink.,2031.gif,Peach Dusk,Violet Haze,Firefly,Wink,Red Seal,Wash Hood
2032,Inkling #2032,A looping cartoon-squid PFP stacked from painterly trait layers. Minted on Ink.,2032.gif,Peach Dusk,Violet Haze,Dumbo,Sleepy,Slow Drip,Soft Crown
2033,Inkling #2033,A looping cartoon-squid PFP stacked from painterly trait layers. Minted on Ink.,2033.gif,Wine Paper,Teal Mist,Reef,Lidded,Clean mantle,Ink Ribbon
2034,Inkling #2034,A looping cartoon-squid PFP stacked from painterly trait layers. Minted on Ink.,2034.gif,Peach Dusk,Teal Mist,Inked,Sleepy,Red Seal,Ink Ribbon
2035,Inkling #2035,A looping cartoon-squid PFP stacked from painterly trait layers. Minted on Ink.,2035.gif,Celadon Garden,Violet Haze,Cuttle,Ember,Red Seal,Soft Crown
2036,Inkling #2036,A looping cartoon-squid PFP stacked from painterly trait layers. Minted on Ink.,2036.gif,Indigo Night,Gold Wash,Cuttle,Bright,Slow Drip,Bare mantle
2037,Inkling #2037,A looping cartoon-squid PFP stacked from painterly trait layers. Minted on Ink.,2037.gif,Celadon Garden,Gold Wash,Glass,Lidded,Ink Splash,Wash Hood
2038,Inkling #2038,A looping cartoon-squid PFP stacked from painterly trait layers. Minted on Ink.,2038.gif,Peach Dusk,Gold Wash,Firefly,Bright,Red Seal,Ink Ribbon
2039,Inkling #2039,A looping cartoon-squid PFP stacked from painterly trait layers. Minted on Ink.,2039.gif,Peach Dusk,Violet Haze,Giant,Wink,Clean mantle,Ink Ribbon
2040,Inkling #2040,A looping cartoon-squid PFP stacked from painterly trait layers. Minted on Ink.,2040.gif,Celadon Garden,Violet Haze,Inked,Dew,Red Seal,Ink Ribbon
2041,Inkling #2041,A looping cartoon-squid PFP stacked from painterly trait layers. Minted on Ink.,2041.gif,Wine Paper,No bloom,Glass,Ember,Clean mantle,Soft Crown
2042,Inkling #2042,A looping cartoon-squid PFP stacked from painterly trait layers. Minted on Ink.,2042.gif,Wine Paper,Violet Haze,Giant,Dew,Brush Streak,Pearl Cluster
2043,Inkling #2043,A looping cartoon-squid PFP stacked from painterly trait layers. Minted on Ink.,2043.gif,Celadon Garden,No bloom,Firefly,Sleepy,Clean mantle,Kelp Flow
2044,Inkling #2044,A looping cartoon-squid PFP stacked from painterly trait layers. Minted on Ink.,2044.gif,Peach Dusk,Teal Mist,Giant,Wink,Slow Drip,Wash Hood
2045,Inkling #2045,A looping cartoon-squid PFP stacked from painterly trait layers. Minted on Ink.,2045.gif,Celadon Garden,Silver Veil,Giant,Lidded,Clean mantle,Soft Crown
2046,Inkling #2046,A looping cartoon-squid PFP stacked from painterly trait layers. Minted on Ink.,2046.gif,Indigo Night,Silver Veil,Firefly,Sleepy,Red Seal,Wash Hood
2047,Inkling #2047,A looping cartoon-squid PFP stacked from painterly trait layers. Minted on Ink.,2047.gif,Storm Grey,Teal Mist,Firefly,Dew,Clean mantle,Ink Ribbon
2048,Inkling #2048,A looping cartoon-squid PFP stacked from painterly trait layers. Minted on Ink.,2048.gif,Peach Dusk,No bloom,Reef,Sleepy,Ink Splash,Bare mantle
2049,Inkling #2049,A looping cartoon-squid PFP stacked from painterly trait layers. Minted on Ink.,2049.gif,Indigo Night,Violet Haze,Cuttle,Sleepy,Slow Drip,Kelp Flow
2050,Inkling #2050,A looping cartoon-squid PFP stacked from painterly trait layers. Minted on Ink.,2050.gif,Wine Paper,Coral Glow,Reef,Wink,Clean mantle,Wash Hood
2051,Inkling #2051,A looping cartoon-squid PFP stacked from painterly trait layers. Minted on Ink.,2051.gif,Rose Gold,No bloom,Bobtail,Lidded,Red Seal,Bare mantle
2052,Inkling #2052,A looping cartoon-squid PFP stacked from painterly trait layers. Minted on Ink.,2052.gif,Rose Gold,Violet Haze,Cuttle,Lidded,Clean mantle,Bare mantle
2053,Inkling #2053,A looping cartoon-squid PFP stacked from painterly trait layers. Minted on Ink.,2053.gif,Rose Gold,Silver Veil,Bobtail,Ember,Ink Splash,Pearl Cluster
2054,Inkling #2054,A looping cartoon-squid PFP stacked from painterly trait layers. Minted on Ink.,2054.gif,Celadon Garden,No bloom,Cuttle,Bright,Clean mantle,Bare mantle
2055,Inkling #2055,A looping cartoon-squid PFP stacked from painterly trait layers. Minted on Ink.,2055.gif,Rose Gold,Coral Glow,Dumbo,Ember,Brush Streak,Bare mantle
2056,Inkling #2056,A looping cartoon-squid PFP stacked from painterly trait layers. Minted on Ink.,2056.gif,Charcoal Wash,Violet Haze,Glass,Wink,Clean mantle,Kelp Flow
2057,Inkling #2057,A looping cartoon-squid PFP stacked from painterly trait layers. Minted on Ink.,2057.gif,Wine Paper,Violet Haze,Glass,Lidded,Ink Splash,Soft Crown
2058,Inkling #2058,A looping cartoon-squid PFP stacked from painterly trait layers. Minted on Ink.,2058.gif,Celadon Garden,Gold Wash,Dumbo,Bright,Clean mantle,Ink Ribbon
2059,Inkling #2059,A looping cartoon-squid PFP stacked from painterly trait layers. Minted on Ink.,2059.gif,Indigo Night,Silver Veil,Giant,Wink,Clean mantle,Bare mantle
2060,Inkling #2060,A looping cartoon-squid PFP stacked from painterly trait layers. Minted on Ink.,2060.gif,Celadon Garden,Silver Veil,Dumbo,Dew,Clean mantle,Ink Ribbon
2061,Inkling #2061,A looping cartoon-squid PFP stacked from painterly trait layers. Minted on Ink.,2061.gif,Cream Rice,Coral Glow,Cuttle,Wink,Ink Splash,Soft Crown
2062,Inkling #2062,A looping cartoon-squid PFP stacked from painterly trait layers. Minted on Ink.,2062.gif,Peach Dusk,Gold Wash,Dumbo,Wink,Clean mantle,Kelp Flow
2063,Inkling #2063,A looping cartoon-squid PFP stacked from painterly trait layers. Minted on Ink.,2063.gif,Charcoal Wash,Gold Wash,Dumbo,Sleepy,Clean mantle,Soft Crown
2064,Inkling #2064,A looping cartoon-squid PFP stacked from painterly trait layers. Minted on Ink.,2064.gif,Rose Gold,Coral Glow,Dumbo,Dew,Slow Drip,Kelp Flow
2065,Inkling #2065,A looping cartoon-squid PFP stacked from painterly trait layers. Minted on Ink.,2065.gif,Indigo Night,Violet Haze,Bobtail,Wink,Ink Splash,Wash Hood
2066,Inkling #2066,A looping cartoon-squid PFP stacked from painterly trait layers. Minted on Ink.,2066.gif,Peach Dusk,Violet Haze,Inked,Sleepy,Slow Drip,Kelp Flow
2067,Inkling #2067,A looping cartoon-squid PFP stacked from painterly trait layers. Minted on Ink.,2067.gif,Indigo Night,Teal Mist,Bobtail,Lidded,Brush Streak,Kelp Flow
2068,Inkling #2068,A looping cartoon-squid PFP stacked from painterly trait layers. Minted on Ink.,2068.gif,Rose Gold,No bloom,Dumbo,Dew,Slow Drip,Soft Crown
2069,Inkling #2069,A looping cartoon-squid PFP stacked from painterly trait layers. Minted on Ink.,2069.gif,Celadon Garden,No bloom,Reef,Bright,Ink Splash,Ink Ribbon
2070,Inkling #2070,A looping cartoon-squid PFP stacked from painterly trait layers. Minted on Ink.,2070.gif,Indigo Night,Gold Wash,Inked,Wink,Brush Streak,Pearl Cluster
2071,Inkling #2071,A looping cartoon-squid PFP stacked from painterly trait layers. Minted on Ink.,2071.gif,Wine Paper,Silver Veil,Glass,Lidded,Clean mantle,Bare mantle
2072,Inkling #2072,A looping cartoon-squid PFP stacked from painterly trait layers. Minted on Ink.,2072.gif,Indigo Night,Teal Mist,Glass,Sleepy,Ink Splash,Pearl Cluster
2073,Inkling #2073,A looping cartoon-squid PFP stacked from painterly trait layers. Minted on Ink.,2073.gif,Wine Paper,Teal Mist,Reef,Lidded,Slow Drip,Bare mantle
2074,Inkling #2074,A looping cartoon-squid PFP stacked from painterly trait layers. Minted on Ink.,2074.gif,Celadon Garden,Teal Mist,Giant,Dew,Brush Streak,Bare mantle
2075,Inkling #2075,A looping cartoon-squid PFP stacked from painterly trait layers. Minted on Ink.,2075.gif,Charcoal Wash,Gold Wash,Reef,Dew,Ink Splash,Bare mantle
2076,Inkling #2076,A looping cartoon-squid PFP stacked from painterly trait layers. Minted on Ink.,2076.gif,Celadon Garden,Violet Haze,Firefly,Lidded,Clean mantle,Ink Ribbon
2077,Inkling #2077,A looping cartoon-squid PFP stacked from painterly trait layers. Minted on Ink.,2077.gif,Rose Gold,No bloom,Glass,Lidded,Clean mantle,Bare mantle
2078,Inkling #2078,A looping cartoon-squid PFP stacked from painterly trait layers. Minted on Ink.,2078.gif,Celadon Garden,Teal Mist,Glass,Ember,Brush Streak,Soft Crown
2079,Inkling #2079,A looping cartoon-squid PFP stacked from painterly trait layers. Minted on Ink.,2079.gif,Wine Paper,Violet Haze,Reef,Dew,Red Seal,Kelp Flow
2080,Inkling #2080,A looping cartoon-squid PFP stacked from painterly trait layers. Minted on Ink.,2080.gif,Rose Gold,Violet Haze,Dumbo,Sleepy,Brush Streak,Wash Hood
2081,Inkling #2081,A looping cartoon-squid PFP stacked from painterly trait layers. Minted on Ink.,2081.gif,Peach Dusk,Coral Glow,Inked,Dew,Slow Drip,Bare mantle
2082,Inkling #2082,A looping cartoon-squid PFP stacked from painterly trait layers. Minted on Ink.,2082.gif,Indigo Night,Silver Veil,Firefly,Lidded,Brush Streak,Pearl Cluster
2083,Inkling #2083,A looping cartoon-squid PFP stacked from painterly trait layers. Minted on Ink.,2083.gif,Celadon Garden,No bloom,Glass,Lidded,Red Seal,Bare mantle
2084,Inkling #2084,A looping cartoon-squid PFP stacked from painterly trait layers. Minted on Ink.,2084.gif,Wine Paper,No bloom,Bobtail,Ember,Brush Streak,Pearl Cluster
2085,Inkling #2085,A looping cartoon-squid PFP stacked from painterly trait layers. Minted on Ink.,2085.gif,Peach Dusk,Teal Mist,Reef,Wink,Ink Splash,Kelp Flow
2086,Inkling #2086,A looping cartoon-squid PFP stacked from painterly trait layers. Minted on Ink.,2086.gif,Peach Dusk,Teal Mist,Bobtail,Bright,Red Seal,Pearl Cluster
2087,Inkling #2087,A looping cartoon-squid PFP stacked from painterly trait layers. Minted on Ink.,2087.gif,Indigo Night,Teal Mist,Firefly,Dew,Brush Streak,Ink Ribbon
2088,Inkling #2088,A looping cartoon-squid PFP stacked from painterly trait layers. Minted on Ink.,2088.gif,Wine Paper,No bloom,Dumbo,Dew,Ink Splash,Wash Hood
2089,Inkling #2089,A looping cartoon-squid PFP stacked from painterly trait layers. Minted on Ink.,2089.gif,Cream Rice,Silver Veil,Bobtail,Lidded,Ink Splash,Bare mantle
2090,Inkling #2090,A looping cartoon-squid PFP stacked from painterly trait layers. Minted on Ink.,2090.gif,Wine Paper,Violet Haze,Bobtail,Wink,Ink Splash,Pearl Cluster
2091,Inkling #2091,A looping cartoon-squid PFP stacked from painterly trait layers. Minted on Ink.,2091.gif,Rose Gold,No bloom,Dumbo,Ember,Brush Streak,Wash Hood
2092,Inkling #2092,A looping cartoon-squid PFP stacked from painterly trait layers. Minted on Ink.,2092.gif,Peach Dusk,Teal Mist,Firefly,Sleepy,Slow Drip,Soft Crown
2093,Inkling #2093,A looping cartoon-squid PFP stacked from painterly trait layers. Minted on Ink.,2093.gif,Peach Dusk,Gold Wash,Glass,Bright,Slow Drip,Kelp Flow
2094,Inkling #2094,A looping cartoon-squid PFP stacked from painterly trait layers. Minted on Ink.,2094.gif,Wine Paper,Teal Mist,Reef,Lidded,Slow Drip,Pearl Cluster
2095,Inkling #2095,A looping cartoon-squid PFP stacked from painterly trait layers. Minted on Ink.,2095.gif,Peach Dusk,Violet Haze,Reef,Ember,Slow Drip,Kelp Flow
2096,Inkling #2096,A looping cartoon-squid PFP stacked from painterly trait layers. Minted on Ink.,2096.gif,Indigo Night,No bloom,Bobtail,Ember,Ink Splash,Kelp Flow
2097,Inkling #2097,A looping cartoon-squid PFP stacked from painterly trait layers. Minted on Ink.,2097.gif,Peach Dusk,Gold Wash,Glass,Bright,Clean mantle,Bare mantle
2098,Inkling #2098,A looping cartoon-squid PFP stacked from painterly trait layers. Minted on Ink.,2098.gif,Wine Paper,Silver Veil,Giant,Ember,Clean mantle,Ink Ribbon
2099,Inkling #2099,A looping cartoon-squid PFP stacked from painterly trait layers. Minted on Ink.,2099.gif,Celadon Garden,Silver Veil,Glass,Wink,Red Seal,Soft Crown
2100,Inkling #2100,A looping cartoon-squid PFP stacked from painterly trait layers. Minted on Ink.,2100.gif,Indigo Night,No bloom,Inked,Bright,Slow Drip,Ink Ribbon
2101,Inkling #2101,A looping cartoon-squid PFP stacked from painterly trait layers. Minted on Ink.,2101.gif,Celadon Garden,Coral Glow,Reef,Sleepy,Clean mantle,Bare mantle
2102,Inkling #2102,A looping cartoon-squid PFP stacked from painterly trait layers. Minted on Ink.,2102.gif,Storm Grey,Violet Haze,Dumbo,Sleepy,Ink Splash,Wash Hood
2103,Inkling #2103,A looping cartoon-squid PFP stacked from painterly trait layers. Minted on Ink.,2103.gif,Charcoal Wash,Silver Veil,Reef,Lidded,Clean mantle,Ink Ribbon
2104,Inkling #2104,A looping cartoon-squid PFP stacked from painterly trait layers. Minted on Ink.,2104.gif,Celadon Garden,Coral Glow,Dumbo,Wink,Ink Splash,Wash Hood
2105,Inkling #2105,A looping cartoon-squid PFP stacked from painterly trait layers. Minted on Ink.,2105.gif,Peach Dusk,Violet Haze,Reef,Sleepy,Ink Splash,Pearl Cluster
2106,Inkling #2106,A looping cartoon-squid PFP stacked from painterly trait layers. Minted on Ink.,2106.gif,Indigo Night,Gold Wash,Giant,Ember,Red Seal,Bare mantle
2107,Inkling #2107,A looping cartoon-squid PFP stacked from painterly trait layers. Minted on Ink.,2107.gif,Storm Grey,Silver Veil,Dumbo,Bright,Clean mantle,Wash Hood
2108,Inkling #2108,A looping cartoon-squid PFP stacked from painterly trait layers. Minted on Ink.,2108.gif,Peach Dusk,Coral Glow,Cuttle,Ember,Clean mantle,Kelp Flow
2109,Inkling #2109,A looping cartoon-squid PFP stacked from painterly trait layers. Minted on Ink.,2109.gif,Wine Paper,Teal Mist,Firefly,Dew,Clean mantle,Ink Ribbon
2110,Inkling #2110,A looping cartoon-squid PFP stacked from painterly trait layers. Minted on Ink.,2110.gif,Cream Rice,No bloom,Bobtail,Wink,Ink Splash,Soft Crown
2111,Inkling #2111,A looping cartoon-squid PFP stacked from painterly trait layers. Minted on Ink.,2111.gif,Charcoal Wash,No bloom,Firefly,Sleepy,Red Seal,Pearl Cluster
2112,Inkling #2112,A looping cartoon-squid PFP stacked from painterly trait layers. Minted on Ink.,2112.gif,Peach Dusk,No bloom,Giant,Sleepy,Clean mantle,Bare mantle
2113,Inkling #2113,A looping cartoon-squid PFP stacked from painterly trait layers. Minted on Ink.,2113.gif,Indigo Night,Violet Haze,Cuttle,Dew,Clean mantle,Wash Hood
2114,Inkling #2114,A looping cartoon-squid PFP stacked from painterly trait layers. Minted on Ink.,2114.gif,Celadon Garden,Coral Glow,Bobtail,Wink,Clean mantle,Kelp Flow
2115,Inkling #2115,A looping cartoon-squid PFP stacked from painterly trait layers. Minted on Ink.,2115.gif,Celadon Garden,Coral Glow,Bobtail,Sleepy,Slow Drip,Bare mantle
2116,Inkling #2116,A looping cartoon-squid PFP stacked from painterly trait layers. Minted on Ink.,2116.gif,Cream Rice,No bloom,Reef,Wink,Ink Splash,Soft Crown
2117,Inkling #2117,A looping cartoon-squid PFP stacked from painterly trait layers. Minted on Ink.,2117.gif,Celadon Garden,No bloom,Cuttle,Bright,Brush Streak,Kelp Flow
2118,Inkling #2118,A looping cartoon-squid PFP stacked from painterly trait layers. Minted on Ink.,2118.gif,Charcoal Wash,No bloom,Inked,Bright,Clean mantle,Kelp Flow
2119,Inkling #2119,A looping cartoon-squid PFP stacked from painterly trait layers. Minted on Ink.,2119.gif,Indigo Night,No bloom,Reef,Sleepy,Brush Streak,Bare mantle
2120,Inkling #2120,A looping cartoon-squid PFP stacked from painterly trait layers. Minted on Ink.,2120.gif,Charcoal Wash,Gold Wash,Inked,Wink,Clean mantle,Pearl Cluster
2121,Inkling #2121,A looping cartoon-squid PFP stacked from painterly trait layers. Minted on Ink.,2121.gif,Indigo Night,Teal Mist,Glass,Lidded,Red Seal,Pearl Cluster
2122,Inkling #2122,A looping cartoon-squid PFP stacked from painterly trait layers. Minted on Ink.,2122.gif,Rose Gold,Teal Mist,Glass,Lidded,Slow Drip,Kelp Flow
2123,Inkling #2123,A looping cartoon-squid PFP stacked from painterly trait layers. Minted on Ink.,2123.gif,Storm Grey,Teal Mist,Giant,Bright,Clean mantle,Bare mantle
2124,Inkling #2124,A looping cartoon-squid PFP stacked from painterly trait layers. Minted on Ink.,2124.gif,Wine Paper,Teal Mist,Cuttle,Dew,Ink Splash,Kelp Flow
2125,Inkling #2125,A looping cartoon-squid PFP stacked from painterly trait layers. Minted on Ink.,2125.gif,Rose Gold,No bloom,Bobtail,Dew,Ink Splash,Kelp Flow
2126,Inkling #2126,A looping cartoon-squid PFP stacked from painterly trait layers. Minted on Ink.,2126.gif,Storm Grey,No bloom,Reef,Bright,Ink Splash,Bare mantle
2127,Inkling #2127,A looping cartoon-squid PFP stacked from painterly trait layers. Minted on Ink.,2127.gif,Wine Paper,Gold Wash,Inked,Lidded,Slow Drip,Wash Hood
2128,Inkling #2128,A looping cartoon-squid PFP stacked from painterly trait layers. Minted on Ink.,2128.gif,Storm Grey,Teal Mist,Cuttle,Sleepy,Ink Splash,Soft Crown
2129,Inkling #2129,A looping cartoon-squid PFP stacked from painterly trait layers. Minted on Ink.,2129.gif,Rose Gold,Silver Veil,Dumbo,Bright,Ink Splash,Ink Ribbon
2130,Inkling #2130,A looping cartoon-squid PFP stacked from painterly trait layers. Minted on Ink.,2130.gif,Charcoal Wash,No bloom,Cuttle,Wink,Red Seal,Pearl Cluster
2131,Inkling #2131,A looping cartoon-squid PFP stacked from painterly trait layers. Minted on Ink.,2131.gif,Storm Grey,No bloom,Cuttle,Wink,Clean mantle,Bare mantle
2132,Inkling #2132,A looping cartoon-squid PFP stacked from painterly trait layers. Minted on Ink.,2132.gif,Wine Paper,No bloom,Cuttle,Bright,Brush Streak,Ink Ribbon
2133,Inkling #2133,A looping cartoon-squid PFP stacked from painterly trait layers. Minted on Ink.,2133.gif,Cream Rice,Silver Veil,Firefly,Sleepy,Ink Splash,Ink Ribbon
2134,Inkling #2134,A looping cartoon-squid PFP stacked from painterly trait layers. Minted on Ink.,2134.gif,Indigo Night,Gold Wash,Bobtail,Bright,Brush Streak,Bare mantle
2135,Inkling #2135,A looping cartoon-squid PFP stacked from painterly trait layers. Minted on Ink.,2135.gif,Rose Gold,Coral Glow,Reef,Dew,Clean mantle,Soft Crown
2136,Inkling #2136,A looping cartoon-squid PFP stacked from painterly trait layers. Minted on Ink.,2136.gif,Charcoal Wash,Teal Mist,Inked,Bright,Brush Streak,Bare mantle
2137,Inkling #2137,A looping cartoon-squid PFP stacked from painterly trait layers. Minted on Ink.,2137.gif,Charcoal Wash,Gold Wash,Dumbo,Ember,Clean mantle,Wash Hood
2138,Inkling #2138,A looping cartoon-squid PFP stacked from painterly trait layers. Minted on Ink.,2138.gif,Storm Grey,Silver Veil,Giant,Ember,Clean mantle,Bare mantle
2139,Inkling #2139,A looping cartoon-squid PFP stacked from painterly trait layers. Minted on Ink.,2139.gif,Wine Paper,Teal Mist,Cuttle,Sleepy,Slow Drip,Wash Hood
2140,Inkling #2140,A looping cartoon-squid PFP stacked from painterly trait layers. Minted on Ink.,2140.gif,Charcoal Wash,Teal Mist,Glass,Lidded,Clean mantle,Ink Ribbon
2141,Inkling #2141,A looping cartoon-squid PFP stacked from painterly trait layers. Minted on Ink.,2141.gif,Cream Rice,Teal Mist,Inked,Dew,Slow Drip,Bare mantle
2142,Inkling #2142,A looping cartoon-squid PFP stacked from painterly trait layers. Minted on Ink.,2142.gif,Celadon Garden,No bloom,Glass,Ember,Ink Splash,Kelp Flow
2143,Inkling #2143,A looping cartoon-squid PFP stacked from painterly trait layers. Minted on Ink.,2143.gif,Peach Dusk,No bloom,Bobtail,Bright,Clean mantle,Wash Hood
2144,Inkling #2144,A looping cartoon-squid PFP stacked from painterly trait layers. Minted on Ink.,2144.gif,Celadon Garden,No bloom,Firefly,Bright,Clean mantle,Kelp Flow
2145,Inkling #2145,A looping cartoon-squid PFP stacked from painterly trait layers. Minted on Ink.,2145.gif,Storm Grey,Gold Wash,Reef,Bright,Slow Drip,Kelp Flow
2146,Inkling #2146,A looping cartoon-squid PFP stacked from painterly trait layers. Minted on Ink.,2146.gif,Indigo Night,Gold Wash,Reef,Lidded,Clean mantle,Soft Crown
2147,Inkling #2147,A looping cartoon-squid PFP stacked from painterly trait layers. Minted on Ink.,2147.gif,Storm Grey,Gold Wash,Giant,Bright,Clean mantle,Kelp Flow
2148,Inkling #2148,A looping cartoon-squid PFP stacked from painterly trait layers. Minted on Ink.,2148.gif,Storm Grey,Violet Haze,Bobtail,Wink,Slow Drip,Soft Crown
2149,Inkling #2149,A looping cartoon-squid PFP stacked from painterly trait layers. Minted on Ink.,2149.gif,Rose Gold,Gold Wash,Reef,Lidded,Clean mantle,Kelp Flow
2150,Inkling #2150,A looping cartoon-squid PFP stacked from painterly trait layers. Minted on Ink.,2150.gif,Wine Paper,Coral Glow,Reef,Dew,Brush Streak,Ink Ribbon
2151,Inkling #2151,A looping cartoon-squid PFP stacked from painterly trait layers. Minted on Ink.,2151.gif,Charcoal Wash,Violet Haze,Dumbo,Bright,Brush Streak,Kelp Flow
2152,Inkling #2152,A looping cartoon-squid PFP stacked from painterly trait layers. Minted on Ink.,2152.gif,Wine Paper,Coral Glow,Inked,Lidded,Ink Splash,Bare mantle
2153,Inkling #2153,A looping cartoon-squid PFP stacked from painterly trait layers. Minted on Ink.,2153.gif,Peach Dusk,No bloom,Glass,Bright,Clean mantle,Bare mantle
2154,Inkling #2154,A looping cartoon-squid PFP stacked from painterly trait layers. Minted on Ink.,2154.gif,Celadon Garden,Gold Wash,Inked,Bright,Red Seal,Soft Crown
2155,Inkling #2155,A looping cartoon-squid PFP stacked from painterly trait layers. Minted on Ink.,2155.gif,Charcoal Wash,Violet Haze,Reef,Dew,Brush Streak,Bare mantle
2156,Inkling #2156,A looping cartoon-squid PFP stacked from painterly trait layers. Minted on Ink.,2156.gif,Wine Paper,Violet Haze,Firefly,Dew,Red Seal,Bare mantle
2157,Inkling #2157,A looping cartoon-squid PFP stacked from painterly trait layers. Minted on Ink.,2157.gif,Indigo Night,Teal Mist,Bobtail,Dew,Slow Drip,Kelp Flow
2158,Inkling #2158,A looping cartoon-squid PFP stacked from painterly trait layers. Minted on Ink.,2158.gif,Storm Grey,Teal Mist,Giant,Ember,Brush Streak,Wash Hood
2159,Inkling #2159,A looping cartoon-squid PFP stacked from painterly trait layers. Minted on Ink.,2159.gif,Storm Grey,No bloom,Glass,Lidded,Slow Drip,Pearl Cluster
2160,Inkling #2160,A looping cartoon-squid PFP stacked from painterly trait layers. Minted on Ink.,2160.gif,Peach Dusk,Coral Glow,Cuttle,Sleepy,Slow Drip,Wash Hood
2161,Inkling #2161,A looping cartoon-squid PFP stacked from painterly trait layers. Minted on Ink.,2161.gif,Indigo Night,Violet Haze,Cuttle,Dew,Clean mantle,Bare mantle
2162,Inkling #2162,A looping cartoon-squid PFP stacked from painterly trait layers. Minted on Ink.,2162.gif,Charcoal Wash,Violet Haze,Dumbo,Dew,Slow Drip,Wash Hood
2163,Inkling #2163,A looping cartoon-squid PFP stacked from painterly trait layers. Minted on Ink.,2163.gif,Wine Paper,No bloom,Glass,Ember,Clean mantle,Bare mantle
2164,Inkling #2164,A looping cartoon-squid PFP stacked from painterly trait layers. Minted on Ink.,2164.gif,Wine Paper,Violet Haze,Dumbo,Sleepy,Brush Streak,Kelp Flow
2165,Inkling #2165,A looping cartoon-squid PFP stacked from painterly trait layers. Minted on Ink.,2165.gif,Indigo Night,Coral Glow,Bobtail,Bright,Clean mantle,Pearl Cluster
2166,Inkling #2166,A looping cartoon-squid PFP stacked from painterly trait layers. Minted on Ink.,2166.gif,Peach Dusk,No bloom,Cuttle,Wink,Clean mantle,Ink Ribbon
2167,Inkling #2167,A looping cartoon-squid PFP stacked from painterly trait layers. Minted on Ink.,2167.gif,Storm Grey,Violet Haze,Cuttle,Lidded,Ink Splash,Pearl Cluster
2168,Inkling #2168,A looping cartoon-squid PFP stacked from painterly trait layers. Minted on Ink.,2168.gif,Indigo Night,Gold Wash,Bobtail,Lidded,Clean mantle,Kelp Flow
2169,Inkling #2169,A looping cartoon-squid PFP stacked from painterly trait layers. Minted on Ink.,2169.gif,Peach Dusk,Coral Glow,Reef,Bright,Clean mantle,Kelp Flow
2170,Inkling #2170,A looping cartoon-squid PFP stacked from painterly trait layers. Minted on Ink.,2170.gif,Cream Rice,Violet Haze,Bobtail,Sleepy,Brush Streak,Pearl Cluster
2171,Inkling #2171,A looping cartoon-squid PFP stacked from painterly trait layers. Minted on Ink.,2171.gif,Charcoal Wash,No bloom,Firefly,Wink,Clean mantle,Soft Crown
2172,Inkling #2172,A looping cartoon-squid PFP stacked from painterly trait layers. Minted on Ink.,2172.gif,Celadon Garden,Silver Veil,Bobtail,Lidded,Brush Streak,Bare mantle
2173,Inkling #2173,A looping cartoon-squid PFP stacked from painterly trait layers. Minted on Ink.,2173.gif,Peach Dusk,Teal Mist,Bobtail,Wink,Clean mantle,Pearl Cluster
2174,Inkling #2174,A looping cartoon-squid PFP stacked from painterly trait layers. Minted on Ink.,2174.gif,Charcoal Wash,Coral Glow,Reef,Dew,Clean mantle,Kelp Flow
2175,Inkling #2175,A looping cartoon-squid PFP stacked from painterly trait layers. Minted on Ink.,2175.gif,Peach Dusk,No bloom,Bobtail,Bright,Clean mantle,Ink Ribbon
2176,Inkling #2176,A looping cartoon-squid PFP stacked from painterly trait layers. Minted on Ink.,2176.gif,Storm Grey,No bloom,Bobtail,Bright,Brush Streak,Bare mantle
2177,Inkling #2177,A looping cartoon-squid PFP stacked from painterly trait layers. Minted on Ink.,2177.gif,Wine Paper,Gold Wash,Reef,Lidded,Ink Splash,Pearl Cluster
2178,Inkling #2178,A looping cartoon-squid PFP stacked from painterly trait layers. Minted on Ink.,2178.gif,Celadon Garden,No bloom,Cuttle,Sleepy,Red Seal,Pearl Cluster
2179,Inkling #2179,A looping cartoon-squid PFP stacked from painterly trait layers. Minted on Ink.,2179.gif,Celadon Garden,Coral Glow,Bobtail,Bright,Clean mantle,Pearl Cluster
2180,Inkling #2180,A looping cartoon-squid PFP stacked from painterly trait layers. Minted on Ink.,2180.gif,Charcoal Wash,Silver Veil,Cuttle,Sleepy,Brush Streak,Bare mantle
2181,Inkling #2181,A looping cartoon-squid PFP stacked from painterly trait layers. Minted on Ink.,2181.gif,Charcoal Wash,Violet Haze,Giant,Lidded,Red Seal,Wash Hood
2182,Inkling #2182,A looping cartoon-squid PFP stacked from painterly trait layers. Minted on Ink.,2182.gif,Rose Gold,Violet Haze,Bobtail,Sleepy,Slow Drip,Soft Crown
2183,Inkling #2183,A looping cartoon-squid PFP stacked from painterly trait layers. Minted on Ink.,2183.gif,Storm Grey,Violet Haze,Firefly,Dew,Ink Splash,Ink Ribbon
2184,Inkling #2184,A looping cartoon-squid PFP stacked from painterly trait layers. Minted on Ink.,2184.gif,Rose Gold,Coral Glow,Bobtail,Dew,Red Seal,Ink Ribbon
2185,Inkling #2185,A looping cartoon-squid PFP stacked from painterly trait layers. Minted on Ink.,2185.gif,Indigo Night,No bloom,Bobtail,Wink,Brush Streak,Kelp Flow
2186,Inkling #2186,A looping cartoon-squid PFP stacked from painterly trait layers. Minted on Ink.,2186.gif,Wine Paper,Gold Wash,Giant,Wink,Brush Streak,Kelp Flow
2187,Inkling #2187,A looping cartoon-squid PFP stacked from painterly trait layers. Minted on Ink.,2187.gif,Storm Grey,Silver Veil,Glass,Ember,Clean mantle,Wash Hood
2188,Inkling #2188,A looping cartoon-squid PFP stacked from painterly trait layers. Minted on Ink.,2188.gif,Charcoal Wash,No bloom,Giant,Bright,Red Seal,Bare mantle
2189,Inkling #2189,A looping cartoon-squid PFP stacked from painterly trait layers. Minted on Ink.,2189.gif,Peach Dusk,Silver Veil,Dumbo,Lidded,Red Seal,Ink Ribbon
2190,Inkling #2190,A looping cartoon-squid PFP stacked from painterly trait layers. Minted on Ink.,2190.gif,Cream Rice,Teal Mist,Glass,Dew,Brush Streak,Kelp Flow
2191,Inkling #2191,A looping cartoon-squid PFP stacked from painterly trait layers. Minted on Ink.,2191.gif,Cream Rice,Coral Glow,Firefly,Wink,Red Seal,Ink Ribbon
2192,Inkling #2192,A looping cartoon-squid PFP stacked from painterly trait layers. Minted on Ink.,2192.gif,Cream Rice,Silver Veil,Firefly,Ember,Red Seal,Bare mantle
2193,Inkling #2193,A looping cartoon-squid PFP stacked from painterly trait layers. Minted on Ink.,2193.gif,Peach Dusk,Teal Mist,Glass,Lidded,Brush Streak,Bare mantle
2194,Inkling #2194,A looping cartoon-squid PFP stacked from painterly trait layers. Minted on Ink.,2194.gif,Peach Dusk,No bloom,Giant,Wink,Clean mantle,Kelp Flow
2195,Inkling #2195,A looping cartoon-squid PFP stacked from painterly trait layers. Minted on Ink.,2195.gif,Celadon Garden,Teal Mist,Inked,Bright,Clean mantle,Bare mantle
2196,Inkling #2196,A looping cartoon-squid PFP stacked from painterly trait layers. Minted on Ink.,2196.gif,Celadon Garden,Coral Glow,Inked,Lidded,Brush Streak,Ink Ribbon
2197,Inkling #2197,A looping cartoon-squid PFP stacked from painterly trait layers. Minted on Ink.,2197.gif,Wine Paper,Silver Veil,Firefly,Ember,Clean mantle,Pearl Cluster
2198,Inkling #2198,A looping cartoon-squid PFP stacked from painterly trait layers. Minted on Ink.,2198.gif,Indigo Night,No bloom,Dumbo,Lidded,Red Seal,Bare mantle
2199,Inkling #2199,A looping cartoon-squid PFP stacked from painterly trait layers. Minted on Ink.,2199.gif,Rose Gold,No bloom,Dumbo,Dew,Clean mantle,Bare mantle
2200,Inkling #2200,A looping cartoon-squid PFP stacked from painterly trait layers. Minted on Ink.,2200.gif,Storm Grey,No bloom,Bobtail,Dew,Brush Streak,Bare mantle
2201,Inkling #2201,A looping cartoon-squid PFP stacked from painterly trait layers. Minted on Ink.,2201.gif,Celadon Garden,Violet Haze,Bobtail,Dew,Slow Drip,Bare mantle
2202,Inkling #2202,A looping cartoon-squid PFP stacked from painterly trait layers. Minted on Ink.,2202.gif,Rose Gold,Gold Wash,Firefly,Sleepy,Ink Splash,Ink Ribbon
2203,Inkling #2203,A looping cartoon-squid PFP stacked from painterly trait layers. Minted on Ink.,2203.gif,Indigo Night,No bloom,Bobtail,Sleepy,Clean mantle,Ink Ribbon
2204,Inkling #2204,A looping cartoon-squid PFP stacked from painterly trait layers. Minted on Ink.,2204.gif,Peach Dusk,No bloom,Glass,Lidded,Clean mantle,Bare mantle
2205,Inkling #2205,A looping cartoon-squid PFP stacked from painterly trait layers. Minted on Ink.,2205.gif,Celadon Garden,Violet Haze,Firefly,Lidded,Clean mantle,Wash Hood
2206,Inkling #2206,A looping cartoon-squid PFP stacked from painterly trait layers. Minted on Ink.,2206.gif,Wine Paper,Gold Wash,Bobtail,Bright,Clean mantle,Kelp Flow
2207,Inkling #2207,A looping cartoon-squid PFP stacked from painterly trait layers. Minted on Ink.,2207.gif,Charcoal Wash,Teal Mist,Dumbo,Bright,Slow Drip,Pearl Cluster
2208,Inkling #2208,A looping cartoon-squid PFP stacked from painterly trait layers. Minted on Ink.,2208.gif,Indigo Night,Teal Mist,Glass,Bright,Clean mantle,Bare mantle
2209,Inkling #2209,A looping cartoon-squid PFP stacked from painterly trait layers. Minted on Ink.,2209.gif,Wine Paper,Teal Mist,Dumbo,Wink,Clean mantle,Bare mantle
2210,Inkling #2210,A looping cartoon-squid PFP stacked from painterly trait layers. Minted on Ink.,2210.gif,Indigo Night,Silver Veil,Firefly,Ember,Clean mantle,Ink Ribbon
2211,Inkling #2211,A looping cartoon-squid PFP stacked from painterly trait layers. Minted on Ink.,2211.gif,Storm Grey,No bloom,Bobtail,Ember,Clean mantle,Kelp Flow
2212,Inkling #2212,A looping cartoon-squid PFP stacked from painterly trait layers. Minted on Ink.,2212.gif,Peach Dusk,Coral Glow,Giant,Wink,Slow Drip,Bare mantle
2213,Inkling #2213,A looping cartoon-squid PFP stacked from painterly trait layers. Minted on Ink.,2213.gif,Rose Gold,Gold Wash,Cuttle,Ember,Brush Streak,Wash Hood
2214,Inkling #2214,A looping cartoon-squid PFP stacked from painterly trait layers. Minted on Ink.,2214.gif,Indigo Night,Teal Mist,Inked,Wink,Clean mantle,Bare mantle
2215,Inkling #2215,A looping cartoon-squid PFP stacked from painterly trait layers. Minted on Ink.,2215.gif,Charcoal Wash,Silver Veil,Dumbo,Sleepy,Red Seal,Ink Ribbon
2216,Inkling #2216,A looping cartoon-squid PFP stacked from painterly trait layers. Minted on Ink.,2216.gif,Cream Rice,Silver Veil,Inked,Dew,Ink Splash,Bare mantle
2217,Inkling #2217,A looping cartoon-squid PFP stacked from painterly trait layers. Minted on Ink.,2217.gif,Celadon Garden,Violet Haze,Firefly,Lidded,Clean mantle,Kelp Flow
2218,Inkling #2218,A looping cartoon-squid PFP stacked from painterly trait layers. Minted on Ink.,2218.gif,Charcoal Wash,Silver Veil,Bobtail,Bright,Clean mantle,Kelp Flow
2219,Inkling #2219,A looping cartoon-squid PFP stacked from painterly trait layers. Minted on Ink.,2219.gif,Indigo Night,Silver Veil,Inked,Wink,Slow Drip,Soft Crown
2220,Inkling #2220,A looping cartoon-squid PFP stacked from painterly trait layers. Minted on Ink.,2220.gif,Indigo Night,Coral Glow,Cuttle,Sleepy,Clean mantle,Kelp Flow
2221,Inkling #2221,A looping cartoon-squid PFP stacked from painterly trait layers. Minted on Ink.,2221.gif,Rose Gold,Coral Glow,Cuttle,Sleepy,Brush Streak,Ink Ribbon
2222,Inkling #2222,A looping cartoon-squid PFP stacked from painterly trait layers. Minted on Ink.,2222.gif,Indigo Night,No bloom,Firefly,Sleepy,Clean mantle,Bare mantle
2223,Inkling #2223,A looping cartoon-squid PFP stacked from painterly trait layers. Minted on Ink.,2223.gif,Rose Gold,No bloom,Firefly,Bright,Brush Streak,Bare mantle
2224,Inkling #2224,A looping cartoon-squid PFP stacked from painterly trait layers. Minted on Ink.,2224.gif,Peach Dusk,Teal Mist,Firefly,Wink,Ink Splash,Kelp Flow
2225,Inkling #2225,A looping cartoon-squid PFP stacked from painterly trait layers. Minted on Ink.,2225.gif,Cream Rice,No bloom,Glass,Wink,Slow Drip,Kelp Flow
2226,Inkling #2226,A looping cartoon-squid PFP stacked from painterly trait layers. Minted on Ink.,2226.gif,Wine Paper,Gold Wash,Cuttle,Bright,Brush Streak,Wash Hood
2227,Inkling #2227,A looping cartoon-squid PFP stacked from painterly trait layers. Minted on Ink.,2227.gif,Rose Gold,Silver Veil,Dumbo,Ember,Ink Splash,Soft Crown
2228,Inkling #2228,A looping cartoon-squid PFP stacked from painterly trait layers. Minted on Ink.,2228.gif,Peach Dusk,Gold Wash,Bobtail,Bright,Brush Streak,Pearl Cluster
2229,Inkling #2229,A looping cartoon-squid PFP stacked from painterly trait layers. Minted on Ink.,2229.gif,Celadon Garden,Silver Veil,Reef,Sleepy,Red Seal,Bare mantle
2230,Inkling #2230,A looping cartoon-squid PFP stacked from painterly trait layers. Minted on Ink.,2230.gif,Wine Paper,Violet Haze,Dumbo,Sleepy,Brush Streak,Ink Ribbon
2231,Inkling #2231,A looping cartoon-squid PFP stacked from painterly trait layers. Minted on Ink.,2231.gif,Rose Gold,Violet Haze,Firefly,Lidded,Clean mantle,Pearl Cluster
2232,Inkling #2232,A looping cartoon-squid PFP stacked from painterly trait layers. Minted on Ink.,2232.gif,Storm Grey,Gold Wash,Firefly,Wink,Clean mantle,Wash Hood
2233,Inkling #2233,A looping cartoon-squid PFP stacked from painterly trait layers. Minted on Ink.,2233.gif,Celadon Garden,No bloom,Glass,Bright,Clean mantle,Pearl Cluster
2234,Inkling #2234,A looping cartoon-squid PFP stacked from painterly trait layers. Minted on Ink.,2234.gif,Storm Grey,Coral Glow,Inked,Sleepy,Red Seal,Bare mantle
2235,Inkling #2235,A looping cartoon-squid PFP stacked from painterly trait layers. Minted on Ink.,2235.gif,Rose Gold,Violet Haze,Bobtail,Lidded,Ink Splash,Pearl Cluster
2236,Inkling #2236,A looping cartoon-squid PFP stacked from painterly trait layers. Minted on Ink.,2236.gif,Charcoal Wash,No bloom,Cuttle,Ember,Clean mantle,Bare mantle
2237,Inkling #2237,A looping cartoon-squid PFP stacked from painterly trait layers. Minted on Ink.,2237.gif,Wine Paper,No bloom,Cuttle,Bright,Ink Splash,Kelp Flow
2238,Inkling #2238,A looping cartoon-squid PFP stacked from painterly trait layers. Minted on Ink.,2238.gif,Peach Dusk,Teal Mist,Giant,Bright,Clean mantle,Kelp Flow
2239,Inkling #2239,A looping cartoon-squid PFP stacked from painterly trait layers. Minted on Ink.,2239.gif,Storm Grey,Gold Wash,Bobtail,Bright,Clean mantle,Bare mantle
2240,Inkling #2240,A looping cartoon-squid PFP stacked from painterly trait layers. Minted on Ink.,2240.gif,Charcoal Wash,Teal Mist,Giant,Wink,Slow Drip,Soft Crown
2241,Inkling #2241,A looping cartoon-squid PFP stacked from painterly trait layers. Minted on Ink.,2241.gif,Rose Gold,Teal Mist,Firefly,Ember,Clean mantle,Pearl Cluster
2242,Inkling #2242,A looping cartoon-squid PFP stacked from painterly trait layers. Minted on Ink.,2242.gif,Wine Paper,Violet Haze,Glass,Sleepy,Brush Streak,Kelp Flow
2243,Inkling #2243,A looping cartoon-squid PFP stacked from painterly trait layers. Minted on Ink.,2243.gif,Peach Dusk,Silver Veil,Glass,Wink,Clean mantle,Soft Crown
2244,Inkling #2244,A looping cartoon-squid PFP stacked from painterly trait layers. Minted on Ink.,2244.gif,Celadon Garden,Gold Wash,Firefly,Bright,Brush Streak,Wash Hood
2245,Inkling #2245,A looping cartoon-squid PFP stacked from painterly trait layers. Minted on Ink.,2245.gif,Indigo Night,Gold Wash,Glass,Lidded,Clean mantle,Bare mantle
2246,Inkling #2246,A looping cartoon-squid PFP stacked from painterly trait layers. Minted on Ink.,2246.gif,Storm Grey,Coral Glow,Dumbo,Wink,Ink Splash,Wash Hood
2247,Inkling #2247,A looping cartoon-squid PFP stacked from painterly trait layers. Minted on Ink.,2247.gif,Indigo Night,No bloom,Glass,Lidded,Ink Splash,Kelp Flow
2248,Inkling #2248,A looping cartoon-squid PFP stacked from painterly trait layers. Minted on Ink.,2248.gif,Celadon Garden,Teal Mist,Firefly,Bright,Clean mantle,Wash Hood
2249,Inkling #2249,A looping cartoon-squid PFP stacked from painterly trait layers. Minted on Ink.,2249.gif,Indigo Night,Violet Haze,Cuttle,Sleepy,Clean mantle,Ink Ribbon
2250,Inkling #2250,A looping cartoon-squid PFP stacked from painterly trait layers. Minted on Ink.,2250.gif,Peach Dusk,No bloom,Glass,Dew,Clean mantle,Ink Ribbon
2251,Inkling #2251,A looping cartoon-squid PFP stacked from painterly trait layers. Minted on Ink.,2251.gif,Rose Gold,No bloom,Bobtail,Bright,Clean mantle,Kelp Flow
2252,Inkling #2252,A looping cartoon-squid PFP stacked from painterly trait layers. Minted on Ink.,2252.gif,Celadon Garden,Violet Haze,Glass,Lidded,Ink Splash,Soft Crown
2253,Inkling #2253,A looping cartoon-squid PFP stacked from painterly trait layers. Minted on Ink.,2253.gif,Charcoal Wash,Violet Haze,Glass,Dew,Red Seal,Wash Hood
2254,Inkling #2254,A looping cartoon-squid PFP stacked from painterly trait layers. Minted on Ink.,2254.gif,Peach Dusk,Silver Veil,Giant,Sleepy,Brush Streak,Soft Crown
2255,Inkling #2255,A looping cartoon-squid PFP stacked from painterly trait layers. Minted on Ink.,2255.gif,Charcoal Wash,No bloom,Bobtail,Dew,Ink Splash,Bare mantle
2256,Inkling #2256,A looping cartoon-squid PFP stacked from painterly trait layers. Minted on Ink.,2256.gif,Charcoal Wash,Silver Veil,Cuttle,Sleepy,Red Seal,Pearl Cluster
2257,Inkling #2257,A looping cartoon-squid PFP stacked from painterly trait layers. Minted on Ink.,2257.gif,Wine Paper,Silver Veil,Cuttle,Wink,Clean mantle,Soft Crown
2258,Inkling #2258,A looping cartoon-squid PFP stacked from painterly trait layers. Minted on Ink.,2258.gif,Cream Rice,Gold Wash,Firefly,Bright,Brush Streak,Pearl Cluster
2259,Inkling #2259,A looping cartoon-squid PFP stacked from painterly trait layers. Minted on Ink.,2259.gif,Wine Paper,Silver Veil,Dumbo,Dew,Clean mantle,Bare mantle
2260,Inkling #2260,A looping cartoon-squid PFP stacked from painterly trait layers. Minted on Ink.,2260.gif,Peach Dusk,Gold Wash,Firefly,Wink,Ink Splash,Soft Crown
2261,Inkling #2261,A looping cartoon-squid PFP stacked from painterly trait layers. Minted on Ink.,2261.gif,Charcoal Wash,Coral Glow,Firefly,Ember,Clean mantle,Ink Ribbon
2262,Inkling #2262,A looping cartoon-squid PFP stacked from painterly trait layers. Minted on Ink.,2262.gif,Wine Paper,No bloom,Cuttle,Bright,Red Seal,Kelp Flow
2263,Inkling #2263,A looping cartoon-squid PFP stacked from painterly trait layers. Minted on Ink.,2263.gif,Celadon Garden,Teal Mist,Inked,Sleepy,Slow Drip,Wash Hood
2264,Inkling #2264,A looping cartoon-squid PFP stacked from painterly trait layers. Minted on Ink.,2264.gif,Cream Rice,Silver Veil,Cuttle,Ember,Ink Splash,Pearl Cluster
2265,Inkling #2265,A looping cartoon-squid PFP stacked from painterly trait layers. Minted on Ink.,2265.gif,Indigo Night,Violet Haze,Bobtail,Wink,Clean mantle,Bare mantle
2266,Inkling #2266,A looping cartoon-squid PFP stacked from painterly trait layers. Minted on Ink.,2266.gif,Cream Rice,Gold Wash,Giant,Bright,Clean mantle,Soft Crown
2267,Inkling #2267,A looping cartoon-squid PFP stacked from painterly trait layers. Minted on Ink.,2267.gif,Indigo Night,Coral Glow,Giant,Bright,Clean mantle,Soft Crown
2268,Inkling #2268,A looping cartoon-squid PFP stacked from painterly trait layers. Minted on Ink.,2268.gif,Rose Gold,No bloom,Dumbo,Bright,Clean mantle,Soft Crown
2269,Inkling #2269,A looping cartoon-squid PFP stacked from painterly trait layers. Minted on Ink.,2269.gif,Indigo Night,Silver Veil,Reef,Bright,Brush Streak,Ink Ribbon
2270,Inkling #2270,A looping cartoon-squid PFP stacked from painterly trait layers. Minted on Ink.,2270.gif,Rose Gold,Teal Mist,Cuttle,Sleepy,Ink Splash,Kelp Flow
2271,Inkling #2271,A looping cartoon-squid PFP stacked from painterly trait layers. Minted on Ink.,2271.gif,Celadon Garden,Coral Glow,Dumbo,Lidded,Clean mantle,Ink Ribbon
2272,Inkling #2272,A looping cartoon-squid PFP stacked from painterly trait layers. Minted on Ink.,2272.gif,Cream Rice,Silver Veil,Reef,Lidded,Brush Streak,Kelp Flow
2273,Inkling #2273,A looping cartoon-squid PFP stacked from painterly trait layers. Minted on Ink.,2273.gif,Charcoal Wash,Violet Haze,Giant,Wink,Ink Splash,Wash Hood
2274,Inkling #2274,A looping cartoon-squid PFP stacked from painterly trait layers. Minted on Ink.,2274.gif,Rose Gold,Teal Mist,Dumbo,Bright,Ink Splash,Kelp Flow
2275,Inkling #2275,A looping cartoon-squid PFP stacked from painterly trait layers. Minted on Ink.,2275.gif,Rose Gold,No bloom,Firefly,Sleepy,Slow Drip,Bare mantle
2276,Inkling #2276,A looping cartoon-squid PFP stacked from painterly trait layers. Minted on Ink.,2276.gif,Cream Rice,Gold Wash,Cuttle,Wink,Ink Splash,Bare mantle
2277,Inkling #2277,A looping cartoon-squid PFP stacked from painterly trait layers. Minted on Ink.,2277.gif,Indigo Night,Teal Mist,Bobtail,Sleepy,Clean mantle,Ink Ribbon
2278,Inkling #2278,A looping cartoon-squid PFP stacked from painterly trait layers. Minted on Ink.,2278.gif,Storm Grey,Gold Wash,Firefly,Lidded,Slow Drip,Bare mantle
2279,Inkling #2279,A looping cartoon-squid PFP stacked from painterly trait layers. Minted on Ink.,2279.gif,Charcoal Wash,No bloom,Firefly,Lidded,Ink Splash,Ink Ribbon
2280,Inkling #2280,A looping cartoon-squid PFP stacked from painterly trait layers. Minted on Ink.,2280.gif,Peach Dusk,No bloom,Inked,Sleepy,Clean mantle,Kelp Flow
2281,Inkling #2281,A looping cartoon-squid PFP stacked from painterly trait layers. Minted on Ink.,2281.gif,Wine Paper,Silver Veil,Dumbo,Bright,Red Seal,Wash Hood
2282,Inkling #2282,A looping cartoon-squid PFP stacked from painterly trait layers. Minted on Ink.,2282.gif,Indigo Night,Gold Wash,Glass,Bright,Slow Drip,Wash Hood
2283,Inkling #2283,A looping cartoon-squid PFP stacked from painterly trait layers. Minted on Ink.,2283.gif,Celadon Garden,Silver Veil,Bobtail,Ember,Ink Splash,Kelp Flow
2284,Inkling #2284,A looping cartoon-squid PFP stacked from painterly trait layers. Minted on Ink.,2284.gif,Charcoal Wash,Coral Glow,Bobtail,Lidded,Slow Drip,Wash Hood
2285,Inkling #2285,A looping cartoon-squid PFP stacked from painterly trait layers. Minted on Ink.,2285.gif,Rose Gold,Silver Veil,Firefly,Sleepy,Slow Drip,Bare mantle
2286,Inkling #2286,A looping cartoon-squid PFP stacked from painterly trait layers. Minted on Ink.,2286.gif,Charcoal Wash,No bloom,Reef,Dew,Clean mantle,Ink Ribbon
2287,Inkling #2287,A looping cartoon-squid PFP stacked from painterly trait layers. Minted on Ink.,2287.gif,Celadon Garden,Teal Mist,Reef,Ember,Slow Drip,Bare mantle
2288,Inkling #2288,A looping cartoon-squid PFP stacked from painterly trait layers. Minted on Ink.,2288.gif,Rose Gold,No bloom,Inked,Lidded,Clean mantle,Bare mantle
2289,Inkling #2289,A looping cartoon-squid PFP stacked from painterly trait layers. Minted on Ink.,2289.gif,Indigo Night,Violet Haze,Inked,Bright,Clean mantle,Ink Ribbon
2290,Inkling #2290,A looping cartoon-squid PFP stacked from painterly trait layers. Minted on Ink.,2290.gif,Cream Rice,Silver Veil,Glass,Bright,Clean mantle,Pearl Cluster
2291,Inkling #2291,A looping cartoon-squid PFP stacked from painterly trait layers. Minted on Ink.,2291.gif,Indigo Night,Silver Veil,Cuttle,Dew,Slow Drip,Pearl Cluster
2292,Inkling #2292,A looping cartoon-squid PFP stacked from painterly trait layers. Minted on Ink.,2292.gif,Celadon Garden,Gold Wash,Cuttle,Wink,Ink Splash,Kelp Flow
2293,Inkling #2293,A looping cartoon-squid PFP stacked from painterly trait layers. Minted on Ink.,2293.gif,Cream Rice,Gold Wash,Bobtail,Lidded,Brush Streak,Kelp Flow
2294,Inkling #2294,A looping cartoon-squid PFP stacked from painterly trait layers. Minted on Ink.,2294.gif,Celadon Garden,Silver Veil,Cuttle,Ember,Slow Drip,Pearl Cluster
2295,Inkling #2295,A looping cartoon-squid PFP stacked from painterly trait layers. Minted on Ink.,2295.gif,Wine Paper,Violet Haze,Firefly,Bright,Slow Drip,Kelp Flow
2296,Inkling #2296,A looping cartoon-squid PFP stacked from painterly trait layers. Minted on Ink.,2296.gif,Charcoal Wash,Coral Glow,Reef,Bright,Clean mantle,Soft Crown
2297,Inkling #2297,A looping cartoon-squid PFP stacked from painterly trait layers. Minted on Ink.,2297.gif,Celadon Garden,No bloom,Reef,Bright,Ink Splash,Kelp Flow
2298,Inkling #2298,A looping cartoon-squid PFP stacked from painterly trait layers. Minted on Ink.,2298.gif,Rose Gold,Gold Wash,Reef,Lidded,Clean mantle,Ink Ribbon
2299,Inkling #2299,A looping cartoon-squid PFP stacked from painterly trait layers. Minted on Ink.,2299.gif,Celadon Garden,Violet Haze,Cuttle,Ember,Clean mantle,Bare mantle
2300,Inkling #2300,A looping cartoon-squid PFP stacked from painterly trait layers. Minted on Ink.,2300.gif,Charcoal Wash,Coral Glow,Giant,Lidded,Slow Drip,Wash Hood
2301,Inkling #2301,A looping cartoon-squid PFP stacked from painterly trait layers. Minted on Ink.,2301.gif,Peach Dusk,Coral Glow,Dumbo,Bright,Clean mantle,Bare mantle
2302,Inkling #2302,A looping cartoon-squid PFP stacked from painterly trait layers. Minted on Ink.,2302.gif,Cream Rice,Gold Wash,Cuttle,Bright,Brush Streak,Soft Crown
2303,Inkling #2303,A looping cartoon-squid PFP stacked from painterly trait layers. Minted on Ink.,2303.gif,Peach Dusk,No bloom,Reef,Bright,Red Seal,Kelp Flow
2304,Inkling #2304,A looping cartoon-squid PFP stacked from painterly trait layers. Minted on Ink.,2304.gif,Indigo Night,No bloom,Cuttle,Bright,Clean mantle,Kelp Flow
2305,Inkling #2305,A looping cartoon-squid PFP stacked from painterly trait layers. Minted on Ink.,2305.gif,Cream Rice,Violet Haze,Dumbo,Bright,Red Seal,Kelp Flow
2306,Inkling #2306,A looping cartoon-squid PFP stacked from painterly trait layers. Minted on Ink.,2306.gif,Charcoal Wash,Silver Veil,Reef,Sleepy,Clean mantle,Wash Hood
2307,Inkling #2307,A looping cartoon-squid PFP stacked from painterly trait layers. Minted on Ink.,2307.gif,Rose Gold,Silver Veil,Cuttle,Wink,Red Seal,Kelp Flow
2308,Inkling #2308,A looping cartoon-squid PFP stacked from painterly trait layers. Minted on Ink.,2308.gif,Wine Paper,No bloom,Glass,Sleepy,Clean mantle,Soft Crown
2309,Inkling #2309,A looping cartoon-squid PFP stacked from painterly trait layers. Minted on Ink.,2309.gif,Rose Gold,Violet Haze,Cuttle,Bright,Ink Splash,Kelp Flow
2310,Inkling #2310,A looping cartoon-squid PFP stacked from painterly trait layers. Minted on Ink.,2310.gif,Rose Gold,Gold Wash,Dumbo,Bright,Ink Splash,Kelp Flow
2311,Inkling #2311,A looping cartoon-squid PFP stacked from painterly trait layers. Minted on Ink.,2311.gif,Peach Dusk,Teal Mist,Bobtail,Ember,Clean mantle,Soft Crown
2312,Inkling #2312,A looping cartoon-squid PFP stacked from painterly trait layers. Minted on Ink.,2312.gif,Peach Dusk,Violet Haze,Glass,Sleepy,Brush Streak,Kelp Flow
2313,Inkling #2313,A looping cartoon-squid PFP stacked from painterly trait layers. Minted on Ink.,2313.gif,Rose Gold,Teal Mist,Reef,Lidded,Brush Streak,Wash Hood
2314,Inkling #2314,A looping cartoon-squid PFP stacked from painterly trait layers. Minted on Ink.,2314.gif,Storm Grey,Violet Haze,Cuttle,Ember,Ink Splash,Ink Ribbon
2315,Inkling #2315,A looping cartoon-squid PFP stacked from painterly trait layers. Minted on Ink.,2315.gif,Wine Paper,Gold Wash,Glass,Ember,Red Seal,Ink Ribbon
2316,Inkling #2316,A looping cartoon-squid PFP stacked from painterly trait layers. Minted on Ink.,2316.gif,Storm Grey,No bloom,Cuttle,Bright,Slow Drip,Bare mantle
2317,Inkling #2317,A looping cartoon-squid PFP stacked from painterly trait layers. Minted on Ink.,2317.gif,Indigo Night,Coral Glow,Reef,Lidded,Slow Drip,Bare mantle
2318,Inkling #2318,A looping cartoon-squid PFP stacked from painterly trait layers. Minted on Ink.,2318.gif,Indigo Night,Violet Haze,Bobtail,Ember,Ink Splash,Bare mantle
2319,Inkling #2319,A looping cartoon-squid PFP stacked from painterly trait layers. Minted on Ink.,2319.gif,Peach Dusk,Silver Veil,Bobtail,Wink,Slow Drip,Pearl Cluster
2320,Inkling #2320,A looping cartoon-squid PFP stacked from painterly trait layers. Minted on Ink.,2320.gif,Indigo Night,Coral Glow,Bobtail,Sleepy,Red Seal,Wash Hood
2321,Inkling #2321,A looping cartoon-squid PFP stacked from painterly trait layers. Minted on Ink.,2321.gif,Rose Gold,Silver Veil,Cuttle,Sleepy,Slow Drip,Bare mantle
2322,Inkling #2322,A looping cartoon-squid PFP stacked from painterly trait layers. Minted on Ink.,2322.gif,Celadon Garden,Silver Veil,Bobtail,Ember,Clean mantle,Ink Ribbon
2323,Inkling #2323,A looping cartoon-squid PFP stacked from painterly trait layers. Minted on Ink.,2323.gif,Storm Grey,Violet Haze,Giant,Ember,Brush Streak,Bare mantle
2324,Inkling #2324,A looping cartoon-squid PFP stacked from painterly trait layers. Minted on Ink.,2324.gif,Wine Paper,No bloom,Cuttle,Sleepy,Clean mantle,Ink Ribbon
2325,Inkling #2325,A looping cartoon-squid PFP stacked from painterly trait layers. Minted on Ink.,2325.gif,Peach Dusk,Gold Wash,Cuttle,Wink,Red Seal,Pearl Cluster
2326,Inkling #2326,A looping cartoon-squid PFP stacked from painterly trait layers. Minted on Ink.,2326.gif,Celadon Garden,Silver Veil,Bobtail,Dew,Clean mantle,Kelp Flow
2327,Inkling #2327,A looping cartoon-squid PFP stacked from painterly trait layers. Minted on Ink.,2327.gif,Cream Rice,Silver Veil,Bobtail,Bright,Slow Drip,Soft Crown
2328,Inkling #2328,A looping cartoon-squid PFP stacked from painterly trait layers. Minted on Ink.,2328.gif,Celadon Garden,Coral Glow,Glass,Bright,Slow Drip,Wash Hood
2329,Inkling #2329,A looping cartoon-squid PFP stacked from painterly trait layers. Minted on Ink.,2329.gif,Indigo Night,Silver Veil,Bobtail,Lidded,Red Seal,Bare mantle
2330,Inkling #2330,A looping cartoon-squid PFP stacked from painterly trait layers. Minted on Ink.,2330.gif,Wine Paper,Teal Mist,Glass,Sleepy,Ink Splash,Wash Hood
2331,Inkling #2331,A looping cartoon-squid PFP stacked from painterly trait layers. Minted on Ink.,2331.gif,Rose Gold,No bloom,Dumbo,Bright,Red Seal,Bare mantle
2332,Inkling #2332,A looping cartoon-squid PFP stacked from painterly trait layers. Minted on Ink.,2332.gif,Cream Rice,Gold Wash,Firefly,Wink,Clean mantle,Bare mantle
2333,Inkling #2333,A looping cartoon-squid PFP stacked from painterly trait layers. Minted on Ink.,2333.gif,Peach Dusk,Teal Mist,Dumbo,Sleepy,Red Seal,Soft Crown
2334,Inkling #2334,A looping cartoon-squid PFP stacked from painterly trait layers. Minted on Ink.,2334.gif,Storm Grey,Silver Veil,Cuttle,Wink,Clean mantle,Wash Hood
2335,Inkling #2335,A looping cartoon-squid PFP stacked from painterly trait layers. Minted on Ink.,2335.gif,Peach Dusk,Coral Glow,Dumbo,Bright,Red Seal,Pearl Cluster
2336,Inkling #2336,A looping cartoon-squid PFP stacked from painterly trait layers. Minted on Ink.,2336.gif,Cream Rice,Silver Veil,Reef,Ember,Ink Splash,Bare mantle
2337,Inkling #2337,A looping cartoon-squid PFP stacked from painterly trait layers. Minted on Ink.,2337.gif,Storm Grey,Silver Veil,Reef,Ember,Clean mantle,Kelp Flow
2338,Inkling #2338,A looping cartoon-squid PFP stacked from painterly trait layers. Minted on Ink.,2338.gif,Indigo Night,Gold Wash,Cuttle,Bright,Ink Splash,Soft Crown
2339,Inkling #2339,A looping cartoon-squid PFP stacked from painterly trait layers. Minted on Ink.,2339.gif,Indigo Night,Gold Wash,Bobtail,Ember,Slow Drip,Soft Crown
2340,Inkling #2340,A looping cartoon-squid PFP stacked from painterly trait layers. Minted on Ink.,2340.gif,Charcoal Wash,No bloom,Dumbo,Ember,Clean mantle,Pearl Cluster
2341,Inkling #2341,A looping cartoon-squid PFP stacked from painterly trait layers. Minted on Ink.,2341.gif,Celadon Garden,Gold Wash,Dumbo,Wink,Clean mantle,Soft Crown
2342,Inkling #2342,A looping cartoon-squid PFP stacked from painterly trait layers. Minted on Ink.,2342.gif,Peach Dusk,No bloom,Giant,Sleepy,Clean mantle,Kelp Flow
2343,Inkling #2343,A looping cartoon-squid PFP stacked from painterly trait layers. Minted on Ink.,2343.gif,Rose Gold,Teal Mist,Cuttle,Wink,Clean mantle,Kelp Flow
2344,Inkling #2344,A looping cartoon-squid PFP stacked from painterly trait layers. Minted on Ink.,2344.gif,Celadon Garden,Teal Mist,Dumbo,Dew,Clean mantle,Kelp Flow
2345,Inkling #2345,A looping cartoon-squid PFP stacked from painterly trait layers. Minted on Ink.,2345.gif,Indigo Night,Coral Glow,Firefly,Lidded,Slow Drip,Kelp Flow
2346,Inkling #2346,A looping cartoon-squid PFP stacked from painterly trait layers. Minted on Ink.,2346.gif,Wine Paper,Teal Mist,Reef,Ember,Ink Splash,Ink Ribbon
2347,Inkling #2347,A looping cartoon-squid PFP stacked from painterly trait layers. Minted on Ink.,2347.gif,Charcoal Wash,Silver Veil,Reef,Ember,Clean mantle,Kelp Flow
2348,Inkling #2348,A looping cartoon-squid PFP stacked from painterly trait layers. Minted on Ink.,2348.gif,Cream Rice,Coral Glow,Dumbo,Dew,Brush Streak,Soft Crown
2349,Inkling #2349,A looping cartoon-squid PFP stacked from painterly trait layers. Minted on Ink.,2349.gif,Wine Paper,Violet Haze,Inked,Lidded,Clean mantle,Kelp Flow
2350,Inkling #2350,A looping cartoon-squid PFP stacked from painterly trait layers. Minted on Ink.,2350.gif,Charcoal Wash,Violet Haze,Cuttle,Bright,Clean mantle,Bare mantle
2351,Inkling #2351,A looping cartoon-squid PFP stacked from painterly trait layers. Minted on Ink.,2351.gif,Indigo Night,Teal Mist,Bobtail,Wink,Ink Splash,Pearl Cluster
2352,Inkling #2352,A looping cartoon-squid PFP stacked from painterly trait layers. Minted on Ink.,2352.gif,Cream Rice,No bloom,Bobtail,Sleepy,Clean mantle,Bare mantle
2353,Inkling #2353,A looping cartoon-squid PFP stacked from painterly trait layers. Minted on Ink.,2353.gif,Cream Rice,Teal Mist,Reef,Bright,Clean mantle,Ink Ribbon
2354,Inkling #2354,A looping cartoon-squid PFP stacked from painterly trait layers. Minted on Ink.,2354.gif,Rose Gold,Violet Haze,Dumbo,Lidded,Ink Splash,Ink Ribbon
2355,Inkling #2355,A looping cartoon-squid PFP stacked from painterly trait layers. Minted on Ink.,2355.gif,Peach Dusk,No bloom,Inked,Bright,Clean mantle,Ink Ribbon
2356,Inkling #2356,A looping cartoon-squid PFP stacked from painterly trait layers. Minted on Ink.,2356.gif,Peach Dusk,Gold Wash,Dumbo,Ember,Clean mantle,Ink Ribbon
2357,Inkling #2357,A looping cartoon-squid PFP stacked from painterly trait layers. Minted on Ink.,2357.gif,Cream Rice,Teal Mist,Dumbo,Dew,Ink Splash,Pearl Cluster
2358,Inkling #2358,A looping cartoon-squid PFP stacked from painterly trait layers. Minted on Ink.,2358.gif,Cream Rice,No bloom,Cuttle,Bright,Ink Splash,Wash Hood
2359,Inkling #2359,A looping cartoon-squid PFP stacked from painterly trait layers. Minted on Ink.,2359.gif,Indigo Night,Violet Haze,Reef,Bright,Clean mantle,Soft Crown
2360,Inkling #2360,A looping cartoon-squid PFP stacked from painterly trait layers. Minted on Ink.,2360.gif,Wine Paper,Violet Haze,Dumbo,Wink,Slow Drip,Bare mantle
2361,Inkling #2361,A looping cartoon-squid PFP stacked from painterly trait layers. Minted on Ink.,2361.gif,Storm Grey,Silver Veil,Reef,Ember,Slow Drip,Soft Crown
2362,Inkling #2362,A looping cartoon-squid PFP stacked from painterly trait layers. Minted on Ink.,2362.gif,Cream Rice,Coral Glow,Cuttle,Lidded,Brush Streak,Kelp Flow
2363,Inkling #2363,A looping cartoon-squid PFP stacked from painterly trait layers. Minted on Ink.,2363.gif,Rose Gold,No bloom,Firefly,Lidded,Slow Drip,Kelp Flow
2364,Inkling #2364,A looping cartoon-squid PFP stacked from painterly trait layers. Minted on Ink.,2364.gif,Indigo Night,Violet Haze,Inked,Wink,Red Seal,Wash Hood
2365,Inkling #2365,A looping cartoon-squid PFP stacked from painterly trait layers. Minted on Ink.,2365.gif,Peach Dusk,Teal Mist,Bobtail,Sleepy,Red Seal,Pearl Cluster
2366,Inkling #2366,A looping cartoon-squid PFP stacked from painterly trait layers. Minted on Ink.,2366.gif,Wine Paper,No bloom,Bobtail,Bright,Slow Drip,Soft Crown
2367,Inkling #2367,A looping cartoon-squid PFP stacked from painterly trait layers. Minted on Ink.,2367.gif,Peach Dusk,Violet Haze,Cuttle,Bright,Ink Splash,Ink Ribbon
2368,Inkling #2368,A looping cartoon-squid PFP stacked from painterly trait layers. Minted on Ink.,2368.gif,Rose Gold,Silver Veil,Bobtail,Wink,Red Seal,Kelp Flow
2369,Inkling #2369,A looping cartoon-squid PFP stacked from painterly trait layers. Minted on Ink.,2369.gif,Celadon Garden,Teal Mist,Dumbo,Bright,Brush Streak,Ink Ribbon
2370,Inkling #2370,A looping cartoon-squid PFP stacked from painterly trait layers. Minted on Ink.,2370.gif,Peach Dusk,No bloom,Dumbo,Lidded,Ink Splash,Kelp Flow
2371,Inkling #2371,A looping cartoon-squid PFP stacked from painterly trait layers. Minted on Ink.,2371.gif,Indigo Night,No bloom,Glass,Dew,Slow Drip,Ink Ribbon
2372,Inkling #2372,A looping cartoon-squid PFP stacked from painterly trait layers. Minted on Ink.,2372.gif,Cream Rice,Teal Mist,Firefly,Lidded,Red Seal,Pearl Cluster
2373,Inkling #2373,A looping cartoon-squid PFP stacked from painterly trait layers. Minted on Ink.,2373.gif,Celadon Garden,No bloom,Bobtail,Lidded,Ink Splash,Wash Hood
2374,Inkling #2374,A looping cartoon-squid PFP stacked from painterly trait layers. Minted on Ink.,2374.gif,Charcoal Wash,Teal Mist,Firefly,Bright,Clean mantle,Pearl Cluster
2375,Inkling #2375,A looping cartoon-squid PFP stacked from painterly trait layers. Minted on Ink.,2375.gif,Rose Gold,Coral Glow,Dumbo,Ember,Ink Splash,Pearl Cluster
2376,Inkling #2376,A looping cartoon-squid PFP stacked from painterly trait layers. Minted on Ink.,2376.gif,Indigo Night,No bloom,Giant,Bright,Ink Splash,Pearl Cluster
2377,Inkling #2377,A looping cartoon-squid PFP stacked from painterly trait layers. Minted on Ink.,2377.gif,Celadon Garden,Gold Wash,Bobtail,Wink,Brush Streak,Pearl Cluster
2378,Inkling #2378,A looping cartoon-squid PFP stacked from painterly trait layers. Minted on Ink.,2378.gif,Storm Grey,Teal Mist,Dumbo,Sleepy,Slow Drip,Ink Ribbon
2379,Inkling #2379,A looping cartoon-squid PFP stacked from painterly trait layers. Minted on Ink.,2379.gif,Wine Paper,Coral Glow,Reef,Lidded,Red Seal,Ink Ribbon
2380,Inkling #2380,A looping cartoon-squid PFP stacked from painterly trait layers. Minted on Ink.,2380.gif,Celadon Garden,Teal Mist,Bobtail,Ember,Brush Streak,Soft Crown
2381,Inkling #2381,A looping cartoon-squid PFP stacked from painterly trait layers. Minted on Ink.,2381.gif,Peach Dusk,Violet Haze,Glass,Sleepy,Red Seal,Kelp Flow
2382,Inkling #2382,A looping cartoon-squid PFP stacked from painterly trait layers. Minted on Ink.,2382.gif,Indigo Night,Coral Glow,Bobtail,Wink,Slow Drip,Kelp Flow
2383,Inkling #2383,A looping cartoon-squid PFP stacked from painterly trait layers. Minted on Ink.,2383.gif,Peach Dusk,Coral Glow,Dumbo,Ember,Brush Streak,Wash Hood
2384,Inkling #2384,A looping cartoon-squid PFP stacked from painterly trait layers. Minted on Ink.,2384.gif,Wine Paper,Coral Glow,Dumbo,Wink,Ink Splash,Ink Ribbon
2385,Inkling #2385,A looping cartoon-squid PFP stacked from painterly trait layers. Minted on Ink.,2385.gif,Charcoal Wash,Silver Veil,Cuttle,Lidded,Brush Streak,Soft Crown
2386,Inkling #2386,A looping cartoon-squid PFP stacked from painterly trait layers. Minted on Ink.,2386.gif,Indigo Night,Gold Wash,Firefly,Lidded,Brush Streak,Pearl Cluster
2387,Inkling #2387,A looping cartoon-squid PFP stacked from painterly trait layers. Minted on Ink.,2387.gif,Rose Gold,No bloom,Bobtail,Dew,Clean mantle,Bare mantle
2388,Inkling #2388,A looping cartoon-squid PFP stacked from painterly trait layers. Minted on Ink.,2388.gif,Peach Dusk,No bloom,Reef,Lidded,Clean mantle,Bare mantle
2389,Inkling #2389,A looping cartoon-squid PFP stacked from painterly trait layers. Minted on Ink.,2389.gif,Cream Rice,Gold Wash,Cuttle,Dew,Red Seal,Bare mantle
2390,Inkling #2390,A looping cartoon-squid PFP stacked from painterly trait layers. Minted on Ink.,2390.gif,Storm Grey,Violet Haze,Reef,Wink,Slow Drip,Bare mantle
2391,Inkling #2391,A looping cartoon-squid PFP stacked from painterly trait layers. Minted on Ink.,2391.gif,Cream Rice,Gold Wash,Glass,Bright,Clean mantle,Pearl Cluster
2392,Inkling #2392,A looping cartoon-squid PFP stacked from painterly trait layers. Minted on Ink.,2392.gif,Wine Paper,Teal Mist,Giant,Wink,Clean mantle,Pearl Cluster
2393,Inkling #2393,A looping cartoon-squid PFP stacked from painterly trait layers. Minted on Ink.,2393.gif,Celadon Garden,Teal Mist,Glass,Wink,Slow Drip,Wash Hood
2394,Inkling #2394,A looping cartoon-squid PFP stacked from painterly trait layers. Minted on Ink.,2394.gif,Cream Rice,No bloom,Firefly,Sleepy,Red Seal,Kelp Flow
2395,Inkling #2395,A looping cartoon-squid PFP stacked from painterly trait layers. Minted on Ink.,2395.gif,Peach Dusk,Teal Mist,Glass,Sleepy,Brush Streak,Ink Ribbon
2396,Inkling #2396,A looping cartoon-squid PFP stacked from painterly trait layers. Minted on Ink.,2396.gif,Celadon Garden,No bloom,Firefly,Bright,Slow Drip,Ink Ribbon
2397,Inkling #2397,A looping cartoon-squid PFP stacked from painterly trait layers. Minted on Ink.,2397.gif,Celadon Garden,Teal Mist,Glass,Ember,Clean mantle,Pearl Cluster
2398,Inkling #2398,A looping cartoon-squid PFP stacked from painterly trait layers. Minted on Ink.,2398.gif,Wine Paper,No bloom,Reef,Wink,Clean mantle,Ink Ribbon
2399,Inkling #2399,A looping cartoon-squid PFP stacked from painterly trait layers. Minted on Ink.,2399.gif,Wine Paper,Coral Glow,Reef,Ember,Clean mantle,Soft Crown
2400,Inkling #2400,A looping cartoon-squid PFP stacked from painterly trait layers. Minted on Ink.,2400.gif,Cream Rice,Teal Mist,Firefly,Bright,Red Seal,Bare mantle
2401,Inkling #2401,A looping cartoon-squid PFP stacked from painterly trait layers. Minted on Ink.,2401.gif,Cream Rice,No bloom,Glass,Wink,Clean mantle,Bare mantle
2402,Inkling #2402,A looping cartoon-squid PFP stacked from painterly trait layers. Minted on Ink.,2402.gif,Celadon Garden,Coral Glow,Giant,Sleepy,Slow Drip,Bare mantle
2403,Inkling #2403,A looping cartoon-squid PFP stacked from painterly trait layers. Minted on Ink.,2403.gif,Peach Dusk,Violet Haze,Glass,Lidded,Clean mantle,Bare mantle
2404,Inkling #2404,A looping cartoon-squid PFP stacked from painterly trait layers. Minted on Ink.,2404.gif,Charcoal Wash,No bloom,Giant,Wink,Slow Drip,Wash Hood
2405,Inkling #2405,A looping cartoon-squid PFP stacked from painterly trait layers. Minted on Ink.,2405.gif,Indigo Night,Coral Glow,Dumbo,Lidded,Clean mantle,Soft Crown
2406,Inkling #2406,A looping cartoon-squid PFP stacked from painterly trait layers. Minted on Ink.,2406.gif,Indigo Night,Teal Mist,Inked,Wink,Clean mantle,Ink Ribbon
2407,Inkling #2407,A looping cartoon-squid PFP stacked from painterly trait layers. Minted on Ink.,2407.gif,Indigo Night,Violet Haze,Dumbo,Lidded,Clean mantle,Soft Crown
2408,Inkling #2408,A looping cartoon-squid PFP stacked from painterly trait layers. Minted on Ink.,2408.gif,Charcoal Wash,Silver Veil,Firefly,Dew,Ink Splash,Bare mantle
2409,Inkling #2409,A looping cartoon-squid PFP stacked from painterly trait layers. Minted on Ink.,2409.gif,Celadon Garden,Teal Mist,Dumbo,Ember,Clean mantle,Bare mantle
2410,Inkling #2410,A looping cartoon-squid PFP stacked from painterly trait layers. Minted on Ink.,2410.gif,Rose Gold,Silver Veil,Bobtail,Lidded,Slow Drip,Kelp Flow
2411,Inkling #2411,A looping cartoon-squid PFP stacked from painterly trait layers. Minted on Ink.,2411.gif,Indigo Night,No bloom,Giant,Dew,Slow Drip,Wash Hood
2412,Inkling #2412,A looping cartoon-squid PFP stacked from painterly trait layers. Minted on Ink.,2412.gif,Rose Gold,No bloom,Reef,Wink,Ink Splash,Pearl Cluster
2413,Inkling #2413,A looping cartoon-squid PFP stacked from painterly trait layers. Minted on Ink.,2413.gif,Charcoal Wash,Teal Mist,Firefly,Lidded,Clean mantle,Pearl Cluster
2414,Inkling #2414,A looping cartoon-squid PFP stacked from painterly trait layers. Minted on Ink.,2414.gif,Indigo Night,Teal Mist,Giant,Lidded,Red Seal,Bare mantle
2415,Inkling #2415,A looping cartoon-squid PFP stacked from painterly trait layers. Minted on Ink.,2415.gif,Cream Rice,Coral Glow,Cuttle,Ember,Slow Drip,Bare mantle
2416,Inkling #2416,A looping cartoon-squid PFP stacked from painterly trait layers. Minted on Ink.,2416.gif,Celadon Garden,No bloom,Cuttle,Bright,Slow Drip,Wash Hood
2417,Inkling #2417,A looping cartoon-squid PFP stacked from painterly trait layers. Minted on Ink.,2417.gif,Indigo Night,Violet Haze,Cuttle,Sleepy,Red Seal,Bare mantle
2418,Inkling #2418,A looping cartoon-squid PFP stacked from painterly trait layers. Minted on Ink.,2418.gif,Peach Dusk,Teal Mist,Firefly,Sleepy,Ink Splash,Wash Hood
2419,Inkling #2419,A looping cartoon-squid PFP stacked from painterly trait layers. Minted on Ink.,2419.gif,Indigo Night,Violet Haze,Cuttle,Wink,Ink Splash,Soft Crown
2420,Inkling #2420,A looping cartoon-squid PFP stacked from painterly trait layers. Minted on Ink.,2420.gif,Celadon Garden,Teal Mist,Dumbo,Sleepy,Clean mantle,Pearl Cluster
2421,Inkling #2421,A looping cartoon-squid PFP stacked from painterly trait layers. Minted on Ink.,2421.gif,Cream Rice,No bloom,Reef,Wink,Red Seal,Bare mantle
2422,Inkling #2422,A looping cartoon-squid PFP stacked from painterly trait layers. Minted on Ink.,2422.gif,Peach Dusk,Gold Wash,Dumbo,Ember,Red Seal,Soft Crown
2423,Inkling #2423,A looping cartoon-squid PFP stacked from painterly trait layers. Minted on Ink.,2423.gif,Wine Paper,Teal Mist,Firefly,Bright,Ink Splash,Pearl Cluster
2424,Inkling #2424,A looping cartoon-squid PFP stacked from painterly trait layers. Minted on Ink.,2424.gif,Wine Paper,Violet Haze,Dumbo,Wink,Clean mantle,Kelp Flow
2425,Inkling #2425,A looping cartoon-squid PFP stacked from painterly trait layers. Minted on Ink.,2425.gif,Peach Dusk,No bloom,Reef,Ember,Clean mantle,Wash Hood
2426,Inkling #2426,A looping cartoon-squid PFP stacked from painterly trait layers. Minted on Ink.,2426.gif,Peach Dusk,Teal Mist,Reef,Ember,Brush Streak,Bare mantle
2427,Inkling #2427,A looping cartoon-squid PFP stacked from painterly trait layers. Minted on Ink.,2427.gif,Indigo Night,Teal Mist,Glass,Wink,Clean mantle,Soft Crown
2428,Inkling #2428,A looping cartoon-squid PFP stacked from painterly trait layers. Minted on Ink.,2428.gif,Storm Grey,Silver Veil,Cuttle,Bright,Clean mantle,Pearl Cluster
2429,Inkling #2429,A looping cartoon-squid PFP stacked from painterly trait layers. Minted on Ink.,2429.gif,Peach Dusk,Violet Haze,Reef,Lidded,Slow Drip,Kelp Flow
2430,Inkling #2430,A looping cartoon-squid PFP stacked from painterly trait layers. Minted on Ink.,2430.gif,Charcoal Wash,Teal Mist,Reef,Ember,Clean mantle,Bare mantle
2431,Inkling #2431,A looping cartoon-squid PFP stacked from painterly trait layers. Minted on Ink.,2431.gif,Indigo Night,Violet Haze,Bobtail,Bright,Red Seal,Wash Hood
2432,Inkling #2432,A looping cartoon-squid PFP stacked from painterly trait layers. Minted on Ink.,2432.gif,Rose Gold,No bloom,Reef,Sleepy,Brush Streak,Soft Crown
2433,Inkling #2433,A looping cartoon-squid PFP stacked from painterly trait layers. Minted on Ink.,2433.gif,Indigo Night,No bloom,Dumbo,Wink,Clean mantle,Soft Crown
2434,Inkling #2434,A looping cartoon-squid PFP stacked from painterly trait layers. Minted on Ink.,2434.gif,Peach Dusk,Gold Wash,Bobtail,Ember,Slow Drip,Soft Crown
2435,Inkling #2435,A looping cartoon-squid PFP stacked from painterly trait layers. Minted on Ink.,2435.gif,Peach Dusk,Coral Glow,Bobtail,Sleepy,Clean mantle,Bare mantle
2436,Inkling #2436,A looping cartoon-squid PFP stacked from painterly trait layers. Minted on Ink.,2436.gif,Indigo Night,Silver Veil,Bobtail,Bright,Brush Streak,Bare mantle
2437,Inkling #2437,A looping cartoon-squid PFP stacked from painterly trait layers. Minted on Ink.,2437.gif,Charcoal Wash,Violet Haze,Giant,Bright,Slow Drip,Soft Crown
2438,Inkling #2438,A looping cartoon-squid PFP stacked from painterly trait layers. Minted on Ink.,2438.gif,Peach Dusk,Violet Haze,Inked,Sleepy,Slow Drip,Wash Hood
2439,Inkling #2439,A looping cartoon-squid PFP stacked from painterly trait layers. Minted on Ink.,2439.gif,Celadon Garden,No bloom,Giant,Dew,Clean mantle,Kelp Flow
2440,Inkling #2440,A looping cartoon-squid PFP stacked from painterly trait layers. Minted on Ink.,2440.gif,Celadon Garden,Gold Wash,Dumbo,Wink,Ink Splash,Pearl Cluster
2441,Inkling #2441,A looping cartoon-squid PFP stacked from painterly trait layers. Minted on Ink.,2441.gif,Celadon Garden,Coral Glow,Bobtail,Wink,Brush Streak,Bare mantle
2442,Inkling #2442,A looping cartoon-squid PFP stacked from painterly trait layers. Minted on Ink.,2442.gif,Charcoal Wash,Violet Haze,Cuttle,Wink,Ink Splash,Wash Hood
2443,Inkling #2443,A looping cartoon-squid PFP stacked from painterly trait layers. Minted on Ink.,2443.gif,Rose Gold,Coral Glow,Giant,Bright,Clean mantle,Pearl Cluster
2444,Inkling #2444,A looping cartoon-squid PFP stacked from painterly trait layers. Minted on Ink.,2444.gif,Storm Grey,Gold Wash,Dumbo,Lidded,Ink Splash,Bare mantle
2445,Inkling #2445,A looping cartoon-squid PFP stacked from painterly trait layers. Minted on Ink.,2445.gif,Indigo Night,Violet Haze,Firefly,Wink,Clean mantle,Bare mantle
2446,Inkling #2446,A looping cartoon-squid PFP stacked from painterly trait layers. Minted on Ink.,2446.gif,Charcoal Wash,Gold Wash,Bobtail,Ember,Clean mantle,Bare mantle
2447,Inkling #2447,A looping cartoon-squid PFP stacked from painterly trait layers. Minted on Ink.,2447.gif,Peach Dusk,Gold Wash,Reef,Ember,Ink Splash,Pearl Cluster
2448,Inkling #2448,A looping cartoon-squid PFP stacked from painterly trait layers. Minted on Ink.,2448.gif,Cream Rice,Coral Glow,Glass,Dew,Clean mantle,Bare mantle
2449,Inkling #2449,A looping cartoon-squid PFP stacked from painterly trait layers. Minted on Ink.,2449.gif,Wine Paper,Gold Wash,Bobtail,Lidded,Ink Splash,Pearl Cluster
2450,Inkling #2450,A looping cartoon-squid PFP stacked from painterly trait layers. Minted on Ink.,2450.gif,Charcoal Wash,Gold Wash,Dumbo,Dew,Brush Streak,Kelp Flow
2451,Inkling #2451,A looping cartoon-squid PFP stacked from painterly trait layers. Minted on Ink.,2451.gif,Charcoal Wash,No bloom,Bobtail,Wink,Clean mantle,Ink Ribbon
2452,Inkling #2452,A looping cartoon-squid PFP stacked from painterly trait layers. Minted on Ink.,2452.gif,Indigo Night,Gold Wash,Firefly,Lidded,Slow Drip,Wash Hood
2453,Inkling #2453,A looping cartoon-squid PFP stacked from painterly trait layers. Minted on Ink.,2453.gif,Storm Grey,Coral Glow,Reef,Wink,Clean mantle,Pearl Cluster
2454,Inkling #2454,A looping cartoon-squid PFP stacked from painterly trait layers. Minted on Ink.,2454.gif,Peach Dusk,No bloom,Reef,Ember,Ink Splash,Ink Ribbon
2455,Inkling #2455,A looping cartoon-squid PFP stacked from painterly trait layers. Minted on Ink.,2455.gif,Rose Gold,No bloom,Inked,Bright,Ink Splash,Bare mantle
2456,Inkling #2456,A looping cartoon-squid PFP stacked from painterly trait layers. Minted on Ink.,2456.gif,Celadon Garden,Violet Haze,Cuttle,Lidded,Clean mantle,Ink Ribbon
2457,Inkling #2457,A looping cartoon-squid PFP stacked from painterly trait layers. Minted on Ink.,2457.gif,Charcoal Wash,Silver Veil,Bobtail,Lidded,Brush Streak,Bare mantle
2458,Inkling #2458,A looping cartoon-squid PFP stacked from painterly trait layers. Minted on Ink.,2458.gif,Peach Dusk,Teal Mist,Bobtail,Ember,Brush Streak,Soft Crown
2459,Inkling #2459,A looping cartoon-squid PFP stacked from painterly trait layers. Minted on Ink.,2459.gif,Rose Gold,Coral Glow,Giant,Wink,Clean mantle,Kelp Flow
2460,Inkling #2460,A looping cartoon-squid PFP stacked from painterly trait layers. Minted on Ink.,2460.gif,Peach Dusk,Coral Glow,Inked,Bright,Ink Splash,Kelp Flow
2461,Inkling #2461,A looping cartoon-squid PFP stacked from painterly trait layers. Minted on Ink.,2461.gif,Indigo Night,No bloom,Reef,Bright,Ink Splash,Bare mantle
2462,Inkling #2462,A looping cartoon-squid PFP stacked from painterly trait layers. Minted on Ink.,2462.gif,Storm Grey,No bloom,Dumbo,Ember,Clean mantle,Kelp Flow
2463,Inkling #2463,A looping cartoon-squid PFP stacked from painterly trait layers. Minted on Ink.,2463.gif,Wine Paper,Silver Veil,Giant,Lidded,Clean mantle,Ink Ribbon
2464,Inkling #2464,A looping cartoon-squid PFP stacked from painterly trait layers. Minted on Ink.,2464.gif,Charcoal Wash,No bloom,Reef,Lidded,Clean mantle,Ink Ribbon
2465,Inkling #2465,A looping cartoon-squid PFP stacked from painterly trait layers. Minted on Ink.,2465.gif,Peach Dusk,No bloom,Dumbo,Sleepy,Clean mantle,Pearl Cluster
2466,Inkling #2466,A looping cartoon-squid PFP stacked from painterly trait layers. Minted on Ink.,2466.gif,Peach Dusk,Coral Glow,Cuttle,Lidded,Red Seal,Pearl Cluster
2467,Inkling #2467,A looping cartoon-squid PFP stacked from painterly trait layers. Minted on Ink.,2467.gif,Storm Grey,No bloom,Inked,Wink,Red Seal,Kelp Flow
2468,Inkling #2468,A looping cartoon-squid PFP stacked from painterly trait layers. Minted on Ink.,2468.gif,Charcoal Wash,Violet Haze,Firefly,Ember,Slow Drip,Bare mantle
2469,Inkling #2469,A looping cartoon-squid PFP stacked from painterly trait layers. Minted on Ink.,2469.gif,Celadon Garden,Coral Glow,Giant,Wink,Clean mantle,Pearl Cluster
2470,Inkling #2470,A looping cartoon-squid PFP stacked from painterly trait layers. Minted on Ink.,2470.gif,Rose Gold,Gold Wash,Bobtail,Ember,Brush Streak,Ink Ribbon
2471,Inkling #2471,A looping cartoon-squid PFP stacked from painterly trait layers. Minted on Ink.,2471.gif,Peach Dusk,Teal Mist,Cuttle,Lidded,Ink Splash,Wash Hood
2472,Inkling #2472,A looping cartoon-squid PFP stacked from painterly trait layers. Minted on Ink.,2472.gif,Wine Paper,Teal Mist,Giant,Ember,Clean mantle,Bare mantle
2473,Inkling #2473,A looping cartoon-squid PFP stacked from painterly trait layers. Minted on Ink.,2473.gif,Rose Gold,Teal Mist,Reef,Bright,Clean mantle,Ink Ribbon
2474,Inkling #2474,A looping cartoon-squid PFP stacked from painterly trait layers. Minted on Ink.,2474.gif,Wine Paper,Gold Wash,Firefly,Bright,Clean mantle,Bare mantle
2475,Inkling #2475,A looping cartoon-squid PFP stacked from painterly trait layers. Minted on Ink.,2475.gif,Celadon Garden,Coral Glow,Bobtail,Bright,Ink Splash,Soft Crown
2476,Inkling #2476,A looping cartoon-squid PFP stacked from painterly trait layers. Minted on Ink.,2476.gif,Cream Rice,Violet Haze,Dumbo,Bright,Clean mantle,Bare mantle
2477,Inkling #2477,A looping cartoon-squid PFP stacked from painterly trait layers. Minted on Ink.,2477.gif,Charcoal Wash,Gold Wash,Cuttle,Sleepy,Ink Splash,Kelp Flow
2478,Inkling #2478,A looping cartoon-squid PFP stacked from painterly trait layers. Minted on Ink.,2478.gif,Celadon Garden,Coral Glow,Inked,Sleepy,Clean mantle,Pearl Cluster
2479,Inkling #2479,A looping cartoon-squid PFP stacked from painterly trait layers. Minted on Ink.,2479.gif,Charcoal Wash,Gold Wash,Inked,Lidded,Clean mantle,Pearl Cluster
2480,Inkling #2480,A looping cartoon-squid PFP stacked from painterly trait layers. Minted on Ink.,2480.gif,Celadon Garden,Teal Mist,Reef,Ember,Clean mantle,Ink Ribbon
2481,Inkling #2481,A looping cartoon-squid PFP stacked from painterly trait layers. Minted on Ink.,2481.gif,Indigo Night,Teal Mist,Cuttle,Bright,Ink Splash,Pearl Cluster
2482,Inkling #2482,A looping cartoon-squid PFP stacked from painterly trait layers. Minted on Ink.,2482.gif,Indigo Night,Silver Veil,Giant,Ember,Clean mantle,Soft Crown
2483,Inkling #2483,A looping cartoon-squid PFP stacked from painterly trait layers. Minted on Ink.,2483.gif,Peach Dusk,No bloom,Cuttle,Dew,Clean mantle,Wash Hood
2484,Inkling #2484,A looping cartoon-squid PFP stacked from painterly trait layers. Minted on Ink.,2484.gif,Peach Dusk,No bloom,Dumbo,Bright,Slow Drip,Soft Crown
2485,Inkling #2485,A looping cartoon-squid PFP stacked from painterly trait layers. Minted on Ink.,2485.gif,Rose Gold,Gold Wash,Firefly,Ember,Ink Splash,Kelp Flow
2486,Inkling #2486,A looping cartoon-squid PFP stacked from painterly trait layers. Minted on Ink.,2486.gif,Peach Dusk,Gold Wash,Cuttle,Wink,Ink Splash,Ink Ribbon
2487,Inkling #2487,A looping cartoon-squid PFP stacked from painterly trait layers. Minted on Ink.,2487.gif,Peach Dusk,No bloom,Reef,Wink,Clean mantle,Ink Ribbon
2488,Inkling #2488,A looping cartoon-squid PFP stacked from painterly trait layers. Minted on Ink.,2488.gif,Wine Paper,No bloom,Dumbo,Lidded,Clean mantle,Wash Hood
2489,Inkling #2489,A looping cartoon-squid PFP stacked from painterly trait layers. Minted on Ink.,2489.gif,Indigo Night,Violet Haze,Bobtail,Wink,Ink Splash,Kelp Flow
2490,Inkling #2490,A looping cartoon-squid PFP stacked from painterly trait layers. Minted on Ink.,2490.gif,Celadon Garden,Teal Mist,Inked,Sleepy,Slow Drip,Soft Crown
2491,Inkling #2491,A looping cartoon-squid PFP stacked from painterly trait layers. Minted on Ink.,2491.gif,Cream Rice,No bloom,Dumbo,Lidded,Ink Splash,Wash Hood
2492,Inkling #2492,A looping cartoon-squid PFP stacked from painterly trait layers. Minted on Ink.,2492.gif,Celadon Garden,No bloom,Giant,Lidded,Slow Drip,Ink Ribbon
2493,Inkling #2493,A looping cartoon-squid PFP stacked from painterly trait layers. Minted on Ink.,2493.gif,Peach Dusk,Gold Wash,Bobtail,Sleepy,Slow Drip,Bare mantle
2494,Inkling #2494,A looping cartoon-squid PFP stacked from painterly trait layers. Minted on Ink.,2494.gif,Indigo Night,Silver Veil,Glass,Bright,Clean mantle,Soft Crown
2495,Inkling #2495,A looping cartoon-squid PFP stacked from painterly trait layers. Minted on Ink.,2495.gif,Indigo Night,No bloom,Giant,Dew,Clean mantle,Bare mantle
2496,Inkling #2496,A looping cartoon-squid PFP stacked from painterly trait layers. Minted on Ink.,2496.gif,Celadon Garden,No bloom,Firefly,Ember,Slow Drip,Pearl Cluster
2497,Inkling #2497,A looping cartoon-squid PFP stacked from painterly trait layers. Minted on Ink.,2497.gif,Indigo Night,No bloom,Dumbo,Lidded,Slow Drip,Ink Ribbon
2498,Inkling #2498,A looping cartoon-squid PFP stacked from painterly trait layers. Minted on Ink.,2498.gif,Charcoal Wash,No bloom,Glass,Sleepy,Clean mantle,Ink Ribbon
2499,Inkling #2499,A looping cartoon-squid PFP stacked from painterly trait layers. Minted on Ink.,2499.gif,Charcoal Wash,Coral Glow,Reef,Sleepy,Slow Drip,Pearl Cluster
2500,Inkling #2500,A looping cartoon-squid PFP stacked from painterly trait layers. Minted on Ink.,2500.gif,Indigo Night,Gold Wash,Giant,Lidded,Clean mantle,Soft Crown
2501,Inkling #2501,A looping cartoon-squid PFP stacked from painterly trait layers. Minted on Ink.,2501.gif,Storm Grey,No bloom,Reef,Wink,Clean mantle,Bare mantle
2502,Inkling #2502,A looping cartoon-squid PFP stacked from painterly trait layers. Minted on Ink.,2502.gif,Charcoal Wash,Gold Wash,Glass,Bright,Slow Drip,Soft Crown
2503,Inkling #2503,A looping cartoon-squid PFP stacked from painterly trait layers. Minted on Ink.,2503.gif,Cream Rice,Gold Wash,Glass,Sleepy,Red Seal,Ink Ribbon
2504,Inkling #2504,A looping cartoon-squid PFP stacked from painterly trait layers. Minted on Ink.,2504.gif,Wine Paper,No bloom,Bobtail,Sleepy,Ink Splash,Bare mantle
2505,Inkling #2505,A looping cartoon-squid PFP stacked from painterly trait layers. Minted on Ink.,2505.gif,Charcoal Wash,Violet Haze,Cuttle,Lidded,Ink Splash,Ink Ribbon
2506,Inkling #2506,A looping cartoon-squid PFP stacked from painterly trait layers. Minted on Ink.,2506.gif,Celadon Garden,Gold Wash,Bobtail,Sleepy,Red Seal,Kelp Flow
2507,Inkling #2507,A looping cartoon-squid PFP stacked from painterly trait layers. Minted on Ink.,2507.gif,Wine Paper,Gold Wash,Dumbo,Bright,Clean mantle,Soft Crown
2508,Inkling #2508,A looping cartoon-squid PFP stacked from painterly trait layers. Minted on Ink.,2508.gif,Wine Paper,Teal Mist,Dumbo,Lidded,Clean mantle,Pearl Cluster
2509,Inkling #2509,A looping cartoon-squid PFP stacked from painterly trait layers. Minted on Ink.,2509.gif,Cream Rice,Violet Haze,Firefly,Wink,Clean mantle,Ink Ribbon
2510,Inkling #2510,A looping cartoon-squid PFP stacked from painterly trait layers. Minted on Ink.,2510.gif,Rose Gold,Violet Haze,Firefly,Dew,Brush Streak,Bare mantle
2511,Inkling #2511,A looping cartoon-squid PFP stacked from painterly trait layers. Minted on Ink.,2511.gif,Indigo Night,Teal Mist,Dumbo,Lidded,Brush Streak,Ink Ribbon
2512,Inkling #2512,A looping cartoon-squid PFP stacked from painterly trait layers. Minted on Ink.,2512.gif,Peach Dusk,No bloom,Bobtail,Wink,Clean mantle,Pearl Cluster
2513,Inkling #2513,A looping cartoon-squid PFP stacked from painterly trait layers. Minted on Ink.,2513.gif,Cream Rice,No bloom,Firefly,Bright,Slow Drip,Bare mantle
2514,Inkling #2514,A looping cartoon-squid PFP stacked from painterly trait layers. Minted on Ink.,2514.gif,Cream Rice,Violet Haze,Bobtail,Ember,Red Seal,Pearl Cluster
2515,Inkling #2515,A looping cartoon-squid PFP stacked from painterly trait layers. Minted on Ink.,2515.gif,Wine Paper,Silver Veil,Firefly,Dew,Slow Drip,Kelp Flow
2516,Inkling #2516,A looping cartoon-squid PFP stacked from painterly trait layers. Minted on Ink.,2516.gif,Charcoal Wash,Gold Wash,Cuttle,Bright,Brush Streak,Pearl Cluster
2517,Inkling #2517,A looping cartoon-squid PFP stacked from painterly trait layers. Minted on Ink.,2517.gif,Celadon Garden,Gold Wash,Glass,Bright,Clean mantle,Pearl Cluster
2518,Inkling #2518,A looping cartoon-squid PFP stacked from painterly trait layers. Minted on Ink.,2518.gif,Indigo Night,Teal Mist,Bobtail,Dew,Red Seal,Pearl Cluster
2519,Inkling #2519,A looping cartoon-squid PFP stacked from painterly trait layers. Minted on Ink.,2519.gif,Cream Rice,Gold Wash,Dumbo,Sleepy,Clean mantle,Pearl Cluster
2520,Inkling #2520,A looping cartoon-squid PFP stacked from painterly trait layers. Minted on Ink.,2520.gif,Cream Rice,Coral Glow,Cuttle,Ember,Brush Streak,Ink Ribbon
2521,Inkling #2521,A looping cartoon-squid PFP stacked from painterly trait layers. Minted on Ink.,2521.gif,Rose Gold,Silver Veil,Giant,Ember,Clean mantle,Kelp Flow
2522,Inkling #2522,A looping cartoon-squid PFP stacked from painterly trait layers. Minted on Ink.,2522.gif,Storm Grey,Silver Veil,Firefly,Bright,Ink Splash,Kelp Flow
2523,Inkling #2523,A looping cartoon-squid PFP stacked from painterly trait layers. Minted on Ink.,2523.gif,Wine Paper,No bloom,Inked,Lidded,Brush Streak,Pearl Cluster
2524,Inkling #2524,A looping cartoon-squid PFP stacked from painterly trait layers. Minted on Ink.,2524.gif,Indigo Night,Gold Wash,Bobtail,Dew,Red Seal,Kelp Flow
2525,Inkling #2525,A looping cartoon-squid PFP stacked from painterly trait layers. Minted on Ink.,2525.gif,Celadon Garden,Gold Wash,Glass,Lidded,Slow Drip,Ink Ribbon
2526,Inkling #2526,A looping cartoon-squid PFP stacked from painterly trait layers. Minted on Ink.,2526.gif,Wine Paper,Teal Mist,Giant,Bright,Brush Streak,Ink Ribbon
2527,Inkling #2527,A looping cartoon-squid PFP stacked from painterly trait layers. Minted on Ink.,2527.gif,Indigo Night,Gold Wash,Inked,Sleepy,Red Seal,Bare mantle
2528,Inkling #2528,A looping cartoon-squid PFP stacked from painterly trait layers. Minted on Ink.,2528.gif,Indigo Night,Violet Haze,Inked,Bright,Ink Splash,Soft Crown
2529,Inkling #2529,A looping cartoon-squid PFP stacked from painterly trait layers. Minted on Ink.,2529.gif,Peach Dusk,Teal Mist,Reef,Bright,Clean mantle,Ink Ribbon
2530,Inkling #2530,A looping cartoon-squid PFP stacked from painterly trait layers. Minted on Ink.,2530.gif,Celadon Garden,Violet Haze,Bobtail,Sleepy,Slow Drip,Bare mantle
2531,Inkling #2531,A looping cartoon-squid PFP stacked from painterly trait layers. Minted on Ink.,2531.gif,Indigo Night,Coral Glow,Inked,Dew,Clean mantle,Bare mantle
2532,Inkling #2532,A looping cartoon-squid PFP stacked from painterly trait layers. Minted on Ink.,2532.gif,Celadon Garden,Teal Mist,Dumbo,Wink,Slow Drip,Kelp Flow
2533,Inkling #2533,A looping cartoon-squid PFP stacked from painterly trait layers. Minted on Ink.,2533.gif,Celadon Garden,Gold Wash,Reef,Dew,Clean mantle,Ink Ribbon
2534,Inkling #2534,A looping cartoon-squid PFP stacked from painterly trait layers. Minted on Ink.,2534.gif,Celadon Garden,Violet Haze,Dumbo,Bright,Ink Splash,Bare mantle
2535,Inkling #2535,A looping cartoon-squid PFP stacked from painterly trait layers. Minted on Ink.,2535.gif,Celadon Garden,Coral Glow,Cuttle,Wink,Slow Drip,Ink Ribbon
2536,Inkling #2536,A looping cartoon-squid PFP stacked from painterly trait layers. Minted on Ink.,2536.gif,Indigo Night,No bloom,Bobtail,Lidded,Ink Splash,Bare mantle
2537,Inkling #2537,A looping cartoon-squid PFP stacked from painterly trait layers. Minted on Ink.,2537.gif,Peach Dusk,Violet Haze,Firefly,Lidded,Slow Drip,Pearl Cluster
2538,Inkling #2538,A looping cartoon-squid PFP stacked from painterly trait layers. Minted on Ink.,2538.gif,Rose Gold,Silver Veil,Glass,Bright,Ink Splash,Kelp Flow
2539,Inkling #2539,A looping cartoon-squid PFP stacked from painterly trait layers. Minted on Ink.,2539.gif,Indigo Night,Violet Haze,Dumbo,Wink,Clean mantle,Soft Crown
2540,Inkling #2540,A looping cartoon-squid PFP stacked from painterly trait layers. Minted on Ink.,2540.gif,Celadon Garden,Teal Mist,Glass,Dew,Clean mantle,Wash Hood
2541,Inkling #2541,A looping cartoon-squid PFP stacked from painterly trait layers. Minted on Ink.,2541.gif,Storm Grey,Coral Glow,Cuttle,Lidded,Slow Drip,Kelp Flow
2542,Inkling #2542,A looping cartoon-squid PFP stacked from painterly trait layers. Minted on Ink.,2542.gif,Charcoal Wash,Violet Haze,Cuttle,Ember,Ink Splash,Bare mantle
2543,Inkling #2543,A looping cartoon-squid PFP stacked from painterly trait layers. Minted on Ink.,2543.gif,Rose Gold,Gold Wash,Glass,Dew,Ink Splash,Kelp Flow
2544,Inkling #2544,A looping cartoon-squid PFP stacked from painterly trait layers. Minted on Ink.,2544.gif,Cream Rice,Gold Wash,Inked,Sleepy,Brush Streak,Wash Hood
2545,Inkling #2545,A looping cartoon-squid PFP stacked from painterly trait layers. Minted on Ink.,2545.gif,Charcoal Wash,Coral Glow,Firefly,Lidded,Brush Streak,Ink Ribbon
2546,Inkling #2546,A looping cartoon-squid PFP stacked from painterly trait layers. Minted on Ink.,2546.gif,Peach Dusk,No bloom,Reef,Dew,Slow Drip,Kelp Flow
2547,Inkling #2547,A looping cartoon-squid PFP stacked from painterly trait layers. Minted on Ink.,2547.gif,Wine Paper,Teal Mist,Dumbo,Dew,Ink Splash,Pearl Cluster
2548,Inkling #2548,A looping cartoon-squid PFP stacked from painterly trait layers. Minted on Ink.,2548.gif,Cream Rice,Coral Glow,Cuttle,Wink,Brush Streak,Ink Ribbon
2549,Inkling #2549,A looping cartoon-squid PFP stacked from painterly trait layers. Minted on Ink.,2549.gif,Rose Gold,Silver Veil,Dumbo,Sleepy,Red Seal,Bare mantle
2550,Inkling #2550,A looping cartoon-squid PFP stacked from painterly trait layers. Minted on Ink.,2550.gif,Rose Gold,Silver Veil,Dumbo,Ember,Slow Drip,Pearl Cluster
2551,Inkling #2551,A looping cartoon-squid PFP stacked from painterly trait layers. Minted on Ink.,2551.gif,Storm Grey,Gold Wash,Giant,Sleepy,Red Seal,Soft Crown
2552,Inkling #2552,A looping cartoon-squid PFP stacked from painterly trait layers. Minted on Ink.,2552.gif,Celadon Garden,Violet Haze,Bobtail,Bright,Ink Splash,Bare mantle
2553,Inkling #2553,A looping cartoon-squid PFP stacked from painterly trait layers. Minted on Ink.,2553.gif,Cream Rice,No bloom,Dumbo,Sleepy,Slow Drip,Kelp Flow
2554,Inkling #2554,A looping cartoon-squid PFP stacked from painterly trait layers. Minted on Ink.,2554.gif,Celadon Garden,Violet Haze,Firefly,Bright,Slow Drip,Wash Hood
2555,Inkling #2555,A looping cartoon-squid PFP stacked from painterly trait layers. Minted on Ink.,2555.gif,Celadon Garden,Violet Haze,Bobtail,Dew,Brush Streak,Pearl Cluster
2556,Inkling #2556,A looping cartoon-squid PFP stacked from painterly trait layers. Minted on Ink.,2556.gif,Charcoal Wash,Violet Haze,Inked,Lidded,Clean mantle,Bare mantle
2557,Inkling #2557,A looping cartoon-squid PFP stacked from painterly trait layers. Minted on Ink.,2557.gif,Celadon Garden,Silver Veil,Cuttle,Ember,Clean mantle,Ink Ribbon
2558,Inkling #2558,A looping cartoon-squid PFP stacked from painterly trait layers. Minted on Ink.,2558.gif,Charcoal Wash,Violet Haze,Inked,Wink,Red Seal,Bare mantle
2559,Inkling #2559,A looping cartoon-squid PFP stacked from painterly trait layers. Minted on Ink.,2559.gif,Celadon Garden,Teal Mist,Giant,Sleepy,Clean mantle,Ink Ribbon
2560,Inkling #2560,A looping cartoon-squid PFP stacked from painterly trait layers. Minted on Ink.,2560.gif,Cream Rice,No bloom,Firefly,Dew,Ink Splash,Pearl Cluster
2561,Inkling #2561,A looping cartoon-squid PFP stacked from painterly trait layers. Minted on Ink.,2561.gif,Peach Dusk,Teal Mist,Cuttle,Wink,Slow Drip,Wash Hood
2562,Inkling #2562,A looping cartoon-squid PFP stacked from painterly trait layers. Minted on Ink.,2562.gif,Cream Rice,Coral Glow,Cuttle,Wink,Red Seal,Pearl Cluster
2563,Inkling #2563,A looping cartoon-squid PFP stacked from painterly trait layers. Minted on Ink.,2563.gif,Peach Dusk,No bloom,Bobtail,Bright,Slow Drip,Kelp Flow
2564,Inkling #2564,A looping cartoon-squid PFP stacked from painterly trait layers. Minted on Ink.,2564.gif,Charcoal Wash,No bloom,Inked,Bright,Red Seal,Pearl Cluster
2565,Inkling #2565,A looping cartoon-squid PFP stacked from painterly trait layers. Minted on Ink.,2565.gif,Cream Rice,No bloom,Firefly,Ember,Ink Splash,Kelp Flow
2566,Inkling #2566,A looping cartoon-squid PFP stacked from painterly trait layers. Minted on Ink.,2566.gif,Rose Gold,No bloom,Inked,Bright,Slow Drip,Bare mantle
2567,Inkling #2567,A looping cartoon-squid PFP stacked from painterly trait layers. Minted on Ink.,2567.gif,Celadon Garden,Silver Veil,Reef,Bright,Clean mantle,Pearl Cluster
2568,Inkling #2568,A looping cartoon-squid PFP stacked from painterly trait layers. Minted on Ink.,2568.gif,Indigo Night,No bloom,Cuttle,Bright,Brush Streak,Kelp Flow
2569,Inkling #2569,A looping cartoon-squid PFP stacked from painterly trait layers. Minted on Ink.,2569.gif,Peach Dusk,Teal Mist,Glass,Wink,Brush Streak,Pearl Cluster
2570,Inkling #2570,A looping cartoon-squid PFP stacked from painterly trait layers. Minted on Ink.,2570.gif,Charcoal Wash,Violet Haze,Inked,Lidded,Ink Splash,Bare mantle
2571,Inkling #2571,A looping cartoon-squid PFP stacked from painterly trait layers. Minted on Ink.,2571.gif,Celadon Garden,Coral Glow,Cuttle,Lidded,Ink Splash,Bare mantle
2572,Inkling #2572,A looping cartoon-squid PFP stacked from painterly trait layers. Minted on Ink.,2572.gif,Cream Rice,No bloom,Glass,Ember,Red Seal,Soft Crown
2573,Inkling #2573,A looping cartoon-squid PFP stacked from painterly trait layers. Minted on Ink.,2573.gif,Storm Grey,Gold Wash,Firefly,Wink,Clean mantle,Kelp Flow
2574,Inkling #2574,A looping cartoon-squid PFP stacked from painterly trait layers. Minted on Ink.,2574.gif,Celadon Garden,Violet Haze,Cuttle,Ember,Red Seal,Pearl Cluster
2575,Inkling #2575,A looping cartoon-squid PFP stacked from painterly trait layers. Minted on Ink.,2575.gif,Wine Paper,Violet Haze,Glass,Sleepy,Slow Drip,Bare mantle
2576,Inkling #2576,A looping cartoon-squid PFP stacked from painterly trait layers. Minted on Ink.,2576.gif,Peach Dusk,Silver Veil,Dumbo,Bright,Ink Splash,Pearl Cluster
2577,Inkling #2577,A looping cartoon-squid PFP stacked from painterly trait layers. Minted on Ink.,2577.gif,Wine Paper,Gold Wash,Dumbo,Lidded,Clean mantle,Ink Ribbon
2578,Inkling #2578,A looping cartoon-squid PFP stacked from painterly trait layers. Minted on Ink.,2578.gif,Charcoal Wash,Silver Veil,Reef,Dew,Slow Drip,Pearl Cluster
2579,Inkling #2579,A looping cartoon-squid PFP stacked from painterly trait layers. Minted on Ink.,2579.gif,Charcoal Wash,Violet Haze,Bobtail,Wink,Clean mantle,Kelp Flow
2580,Inkling #2580,A looping cartoon-squid PFP stacked from painterly trait layers. Minted on Ink.,2580.gif,Cream Rice,Coral Glow,Reef,Wink,Slow Drip,Bare mantle
2581,Inkling #2581,A looping cartoon-squid PFP stacked from painterly trait layers. Minted on Ink.,2581.gif,Storm Grey,No bloom,Giant,Ember,Ink Splash,Ink Ribbon
2582,Inkling #2582,A looping cartoon-squid PFP stacked from painterly trait layers. Minted on Ink.,2582.gif,Celadon Garden,Silver Veil,Giant,Bright,Clean mantle,Bare mantle
2583,Inkling #2583,A looping cartoon-squid PFP stacked from painterly trait layers. Minted on Ink.,2583.gif,Charcoal Wash,Violet Haze,Cuttle,Bright,Brush Streak,Wash Hood
2584,Inkling #2584,A looping cartoon-squid PFP stacked from painterly trait layers. Minted on Ink.,2584.gif,Peach Dusk,No bloom,Firefly,Wink,Clean mantle,Pearl Cluster
2585,Inkling #2585,A looping cartoon-squid PFP stacked from painterly trait layers. Minted on Ink.,2585.gif,Rose Gold,Gold Wash,Glass,Dew,Clean mantle,Pearl Cluster
2586,Inkling #2586,A looping cartoon-squid PFP stacked from painterly trait layers. Minted on Ink.,2586.gif,Storm Grey,Gold Wash,Giant,Lidded,Clean mantle,Ink Ribbon
2587,Inkling #2587,A looping cartoon-squid PFP stacked from painterly trait layers. Minted on Ink.,2587.gif,Peach Dusk,Gold Wash,Dumbo,Wink,Red Seal,Bare mantle
2588,Inkling #2588,A looping cartoon-squid PFP stacked from painterly trait layers. Minted on Ink.,2588.gif,Rose Gold,Violet Haze,Glass,Lidded,Ink Splash,Ink Ribbon
2589,Inkling #2589,A looping cartoon-squid PFP stacked from painterly trait layers. Minted on Ink.,2589.gif,Rose Gold,Gold Wash,Firefly,Bright,Slow Drip,Ink Ribbon
2590,Inkling #2590,A looping cartoon-squid PFP stacked from painterly trait layers. Minted on Ink.,2590.gif,Storm Grey,No bloom,Dumbo,Bright,Ink Splash,Wash Hood
2591,Inkling #2591,A looping cartoon-squid PFP stacked from painterly trait layers. Minted on Ink.,2591.gif,Storm Grey,Silver Veil,Bobtail,Lidded,Red Seal,Ink Ribbon
2592,Inkling #2592,A looping cartoon-squid PFP stacked from painterly trait layers. Minted on Ink.,2592.gif,Charcoal Wash,Coral Glow,Cuttle,Wink,Clean mantle,Pearl Cluster
2593,Inkling #2593,A looping cartoon-squid PFP stacked from painterly trait layers. Minted on Ink.,2593.gif,Wine Paper,Gold Wash,Bobtail,Lidded,Clean mantle,Pearl Cluster
2594,Inkling #2594,A looping cartoon-squid PFP stacked from painterly trait layers. Minted on Ink.,2594.gif,Peach Dusk,No bloom,Firefly,Bright,Ink Splash,Soft Crown
2595,Inkling #2595,A looping cartoon-squid PFP stacked from painterly trait layers. Minted on Ink.,2595.gif,Peach Dusk,Gold Wash,Cuttle,Bright,Clean mantle,Wash Hood
2596,Inkling #2596,A looping cartoon-squid PFP stacked from painterly trait layers. Minted on Ink.,2596.gif,Rose Gold,Silver Veil,Firefly,Wink,Clean mantle,Kelp Flow
2597,Inkling #2597,A looping cartoon-squid PFP stacked from painterly trait layers. Minted on Ink.,2597.gif,Cream Rice,Gold Wash,Inked,Wink,Clean mantle,Bare mantle
2598,Inkling #2598,A looping cartoon-squid PFP stacked from painterly trait layers. Minted on Ink.,2598.gif,Storm Grey,Silver Veil,Cuttle,Sleepy,Ink Splash,Ink Ribbon
2599,Inkling #2599,A looping cartoon-squid PFP stacked from painterly trait layers. Minted on Ink.,2599.gif,Cream Rice,Coral Glow,Reef,Sleepy,Ink Splash,Pearl Cluster
2600,Inkling #2600,A looping cartoon-squid PFP stacked from painterly trait layers. Minted on Ink.,2600.gif,Indigo Night,Teal Mist,Giant,Bright,Red Seal,Wash Hood
2601,Inkling #2601,A looping cartoon-squid PFP stacked from painterly trait layers. Minted on Ink.,2601.gif,Celadon Garden,Coral Glow,Reef,Lidded,Clean mantle,Kelp Flow
2602,Inkling #2602,A looping cartoon-squid PFP stacked from painterly trait layers. Minted on Ink.,2602.gif,Storm Grey,Violet Haze,Giant,Bright,Ink Splash,Bare mantle
2603,Inkling #2603,A looping cartoon-squid PFP stacked from painterly trait layers. Minted on Ink.,2603.gif,Celadon Garden,Teal Mist,Bobtail,Bright,Clean mantle,Soft Crown
2604,Inkling #2604,A looping cartoon-squid PFP stacked from painterly trait layers. Minted on Ink.,2604.gif,Cream Rice,No bloom,Reef,Bright,Brush Streak,Bare mantle
2605,Inkling #2605,A looping cartoon-squid PFP stacked from painterly trait layers. Minted on Ink.,2605.gif,Rose Gold,Silver Veil,Glass,Bright,Ink Splash,Ink Ribbon
2606,Inkling #2606,A looping cartoon-squid PFP stacked from painterly trait layers. Minted on Ink.,2606.gif,Indigo Night,No bloom,Dumbo,Dew,Slow Drip,Ink Ribbon
2607,Inkling #2607,A looping cartoon-squid PFP stacked from painterly trait layers. Minted on Ink.,2607.gif,Charcoal Wash,Silver Veil,Firefly,Lidded,Ink Splash,Soft Crown
2608,Inkling #2608,A looping cartoon-squid PFP stacked from painterly trait layers. Minted on Ink.,2608.gif,Charcoal Wash,Teal Mist,Inked,Wink,Clean mantle,Ink Ribbon
2609,Inkling #2609,A looping cartoon-squid PFP stacked from painterly trait layers. Minted on Ink.,2609.gif,Peach Dusk,Silver Veil,Bobtail,Wink,Clean mantle,Kelp Flow
2610,Inkling #2610,A looping cartoon-squid PFP stacked from painterly trait layers. Minted on Ink.,2610.gif,Wine Paper,Teal Mist,Firefly,Dew,Red Seal,Pearl Cluster
2611,Inkling #2611,A looping cartoon-squid PFP stacked from painterly trait layers. Minted on Ink.,2611.gif,Peach Dusk,Teal Mist,Dumbo,Dew,Clean mantle,Ink Ribbon
2612,Inkling #2612,A looping cartoon-squid PFP stacked from painterly trait layers. Minted on Ink.,2612.gif,Peach Dusk,Silver Veil,Reef,Dew,Clean mantle,Pearl Cluster
2613,Inkling #2613,A looping cartoon-squid PFP stacked from painterly trait layers. Minted on Ink.,2613.gif,Indigo Night,Violet Haze,Inked,Sleepy,Clean mantle,Wash Hood
2614,Inkling #2614,A looping cartoon-squid PFP stacked from painterly trait layers. Minted on Ink.,2614.gif,Celadon Garden,Coral Glow,Reef,Lidded,Slow Drip,Ink Ribbon
2615,Inkling #2615,A looping cartoon-squid PFP stacked from painterly trait layers. Minted on Ink.,2615.gif,Storm Grey,No bloom,Cuttle,Wink,Ink Splash,Soft Crown
2616,Inkling #2616,A looping cartoon-squid PFP stacked from painterly trait layers. Minted on Ink.,2616.gif,Peach Dusk,Gold Wash,Inked,Sleepy,Clean mantle,Wash Hood
2617,Inkling #2617,A looping cartoon-squid PFP stacked from painterly trait layers. Minted on Ink.,2617.gif,Peach Dusk,No bloom,Glass,Dew,Clean mantle,Soft Crown
2618,Inkling #2618,A looping cartoon-squid PFP stacked from painterly trait layers. Minted on Ink.,2618.gif,Storm Grey,Teal Mist,Firefly,Sleepy,Red Seal,Bare mantle
2619,Inkling #2619,A looping cartoon-squid PFP stacked from painterly trait layers. Minted on Ink.,2619.gif,Rose Gold,Violet Haze,Reef,Dew,Red Seal,Pearl Cluster
2620,Inkling #2620,A looping cartoon-squid PFP stacked from painterly trait layers. Minted on Ink.,2620.gif,Storm Grey,Coral Glow,Bobtail,Sleepy,Brush Streak,Ink Ribbon
2621,Inkling #2621,A looping cartoon-squid PFP stacked from painterly trait layers. Minted on Ink.,2621.gif,Indigo Night,No bloom,Dumbo,Ember,Clean mantle,Pearl Cluster
2622,Inkling #2622,A looping cartoon-squid PFP stacked from painterly trait layers. Minted on Ink.,2622.gif,Storm Grey,Coral Glow,Firefly,Ember,Slow Drip,Pearl Cluster
2623,Inkling #2623,A looping cartoon-squid PFP stacked from painterly trait layers. Minted on Ink.,2623.gif,Celadon Garden,Violet Haze,Reef,Bright,Red Seal,Bare mantle
2624,Inkling #2624,A looping cartoon-squid PFP stacked from painterly trait layers. Minted on Ink.,2624.gif,Charcoal Wash,No bloom,Glass,Bright,Ink Splash,Kelp Flow
2625,Inkling #2625,A looping cartoon-squid PFP stacked from painterly trait layers. Minted on Ink.,2625.gif,Charcoal Wash,Teal Mist,Bobtail,Lidded,Red Seal,Kelp Flow
2626,Inkling #2626,A looping cartoon-squid PFP stacked from painterly trait layers. Minted on Ink.,2626.gif,Cream Rice,Violet Haze,Dumbo,Wink,Slow Drip,Pearl Cluster
2627,Inkling #2627,A looping cartoon-squid PFP stacked from painterly trait layers. Minted on Ink.,2627.gif,Cream Rice,Violet Haze,Dumbo,Wink,Ink Splash,Kelp Flow
2628,Inkling #2628,A looping cartoon-squid PFP stacked from painterly trait layers. Minted on Ink.,2628.gif,Peach Dusk,Teal Mist,Cuttle,Lidded,Slow Drip,Pearl Cluster
2629,Inkling #2629,A looping cartoon-squid PFP stacked from painterly trait layers. Minted on Ink.,2629.gif,Charcoal Wash,Silver Veil,Inked,Sleepy,Clean mantle,Kelp Flow
2630,Inkling #2630,A looping cartoon-squid PFP stacked from painterly trait layers. Minted on Ink.,2630.gif,Wine Paper,No bloom,Bobtail,Ember,Clean mantle,Kelp Flow
2631,Inkling #2631,A looping cartoon-squid PFP stacked from painterly trait layers. Minted on Ink.,2631.gif,Celadon Garden,Coral Glow,Firefly,Ember,Clean mantle,Pearl Cluster
2632,Inkling #2632,A looping cartoon-squid PFP stacked from painterly trait layers. Minted on Ink.,2632.gif,Peach Dusk,Coral Glow,Cuttle,Lidded,Clean mantle,Kelp Flow
2633,Inkling #2633,A looping cartoon-squid PFP stacked from painterly trait layers. Minted on Ink.,2633.gif,Peach Dusk,Violet Haze,Glass,Lidded,Clean mantle,Kelp Flow
2634,Inkling #2634,A looping cartoon-squid PFP stacked from painterly trait layers. Minted on Ink.,2634.gif,Wine Paper,Coral Glow,Reef,Bright,Red Seal,Ink Ribbon
2635,Inkling #2635,A looping cartoon-squid PFP stacked from painterly trait layers. Minted on Ink.,2635.gif,Storm Grey,No bloom,Bobtail,Bright,Clean mantle,Wash Hood
2636,Inkling #2636,A looping cartoon-squid PFP stacked from painterly trait layers. Minted on Ink.,2636.gif,Peach Dusk,Gold Wash,Cuttle,Wink,Brush Streak,Bare mantle
2637,Inkling #2637,A looping cartoon-squid PFP stacked from painterly trait layers. Minted on Ink.,2637.gif,Peach Dusk,Silver Veil,Giant,Bright,Brush Streak,Bare mantle
2638,Inkling #2638,A looping cartoon-squid PFP stacked from painterly trait layers. Minted on Ink.,2638.gif,Indigo Night,No bloom,Glass,Wink,Slow Drip,Kelp Flow
2639,Inkling #2639,A looping cartoon-squid PFP stacked from painterly trait layers. Minted on Ink.,2639.gif,Storm Grey,Coral Glow,Reef,Ember,Brush Streak,Pearl Cluster
2640,Inkling #2640,A looping cartoon-squid PFP stacked from painterly trait layers. Minted on Ink.,2640.gif,Storm Grey,Coral Glow,Cuttle,Ember,Clean mantle,Kelp Flow
2641,Inkling #2641,A looping cartoon-squid PFP stacked from painterly trait layers. Minted on Ink.,2641.gif,Charcoal Wash,Coral Glow,Cuttle,Bright,Clean mantle,Ink Ribbon
2642,Inkling #2642,A looping cartoon-squid PFP stacked from painterly trait layers. Minted on Ink.,2642.gif,Cream Rice,No bloom,Bobtail,Dew,Ink Splash,Kelp Flow
2643,Inkling #2643,A looping cartoon-squid PFP stacked from painterly trait layers. Minted on Ink.,2643.gif,Celadon Garden,Coral Glow,Inked,Bright,Red Seal,Pearl Cluster
2644,Inkling #2644,A looping cartoon-squid PFP stacked from painterly trait layers. Minted on Ink.,2644.gif,Storm Grey,Coral Glow,Bobtail,Wink,Red Seal,Pearl Cluster
2645,Inkling #2645,A looping cartoon-squid PFP stacked from painterly trait layers. Minted on Ink.,2645.gif,Charcoal Wash,Coral Glow,Giant,Wink,Red Seal,Wash Hood
2646,Inkling #2646,A looping cartoon-squid PFP stacked from painterly trait layers. Minted on Ink.,2646.gif,Rose Gold,Violet Haze,Glass,Dew,Red Seal,Soft Crown
2647,Inkling #2647,A looping cartoon-squid PFP stacked from painterly trait layers. Minted on Ink.,2647.gif,Celadon Garden,No bloom,Inked,Lidded,Red Seal,Soft Crown
2648,Inkling #2648,A looping cartoon-squid PFP stacked from painterly trait layers. Minted on Ink.,2648.gif,Indigo Night,Silver Veil,Reef,Bright,Slow Drip,Kelp Flow
2649,Inkling #2649,A looping cartoon-squid PFP stacked from painterly trait layers. Minted on Ink.,2649.gif,Celadon Garden,Violet Haze,Dumbo,Wink,Slow Drip,Kelp Flow
2650,Inkling #2650,A looping cartoon-squid PFP stacked from painterly trait layers. Minted on Ink.,2650.gif,Peach Dusk,Silver Veil,Glass,Ember,Brush Streak,Pearl Cluster
2651,Inkling #2651,A looping cartoon-squid PFP stacked from painterly trait layers. Minted on Ink.,2651.gif,Indigo Night,Teal Mist,Dumbo,Bright,Clean mantle,Pearl Cluster
2652,Inkling #2652,A looping cartoon-squid PFP stacked from painterly trait layers. Minted on Ink.,2652.gif,Wine Paper,Violet Haze,Firefly,Lidded,Slow Drip,Pearl Cluster
2653,Inkling #2653,A looping cartoon-squid PFP stacked from painterly trait layers. Minted on Ink.,2653.gif,Cream Rice,Violet Haze,Cuttle,Lidded,Slow Drip,Kelp Flow
2654,Inkling #2654,A looping cartoon-squid PFP stacked from painterly trait layers. Minted on Ink.,2654.gif,Cream Rice,Coral Glow,Bobtail,Lidded,Ink Splash,Pearl Cluster
2655,Inkling #2655,A looping cartoon-squid PFP stacked from painterly trait layers. Minted on Ink.,2655.gif,Storm Grey,Teal Mist,Giant,Sleepy,Clean mantle,Pearl Cluster
2656,Inkling #2656,A looping cartoon-squid PFP stacked from painterly trait layers. Minted on Ink.,2656.gif,Storm Grey,Teal Mist,Reef,Wink,Brush Streak,Bare mantle
2657,Inkling #2657,A looping cartoon-squid PFP stacked from painterly trait layers. Minted on Ink.,2657.gif,Peach Dusk,No bloom,Bobtail,Dew,Ink Splash,Kelp Flow
2658,Inkling #2658,A looping cartoon-squid PFP stacked from painterly trait layers. Minted on Ink.,2658.gif,Indigo Night,No bloom,Giant,Lidded,Slow Drip,Kelp Flow
2659,Inkling #2659,A looping cartoon-squid PFP stacked from painterly trait layers. Minted on Ink.,2659.gif,Rose Gold,Silver Veil,Inked,Lidded,Slow Drip,Soft Crown
2660,Inkling #2660,A looping cartoon-squid PFP stacked from painterly trait layers. Minted on Ink.,2660.gif,Indigo Night,Silver Veil,Giant,Bright,Clean mantle,Soft Crown
2661,Inkling #2661,A looping cartoon-squid PFP stacked from painterly trait layers. Minted on Ink.,2661.gif,Indigo Night,Violet Haze,Dumbo,Bright,Ink Splash,Bare mantle
2662,Inkling #2662,A looping cartoon-squid PFP stacked from painterly trait layers. Minted on Ink.,2662.gif,Storm Grey,No bloom,Firefly,Bright,Slow Drip,Pearl Cluster
2663,Inkling #2663,A looping cartoon-squid PFP stacked from painterly trait layers. Minted on Ink.,2663.gif,Wine Paper,Violet Haze,Cuttle,Bright,Ink Splash,Soft Crown
2664,Inkling #2664,A looping cartoon-squid PFP stacked from painterly trait layers. Minted on Ink.,2664.gif,Rose Gold,Teal Mist,Glass,Lidded,Slow Drip,Ink Ribbon
2665,Inkling #2665,A looping cartoon-squid PFP stacked from painterly trait layers. Minted on Ink.,2665.gif,Celadon Garden,Violet Haze,Reef,Wink,Clean mantle,Kelp Flow
2666,Inkling #2666,A looping cartoon-squid PFP stacked from painterly trait layers. Minted on Ink.,2666.gif,Indigo Night,Violet Haze,Dumbo,Lidded,Slow Drip,Kelp Flow
2667,Inkling #2667,A looping cartoon-squid PFP stacked from painterly trait layers. Minted on Ink.,2667.gif,Charcoal Wash,No bloom,Cuttle,Bright,Brush Streak,Soft Crown
2668,Inkling #2668,A looping cartoon-squid PFP stacked from painterly trait layers. Minted on Ink.,2668.gif,Rose Gold,Violet Haze,Dumbo,Sleepy,Slow Drip,Wash Hood
2669,Inkling #2669,A looping cartoon-squid PFP stacked from painterly trait layers. Minted on Ink.,2669.gif,Indigo Night,Violet Haze,Reef,Bright,Clean mantle,Ink Ribbon
2670,Inkling #2670,A looping cartoon-squid PFP stacked from painterly trait layers. Minted on Ink.,2670.gif,Rose Gold,No bloom,Inked,Dew,Clean mantle,Kelp Flow
2671,Inkling #2671,A looping cartoon-squid PFP stacked from painterly trait layers. Minted on Ink.,2671.gif,Celadon Garden,Teal Mist,Inked,Ember,Clean mantle,Soft Crown
2672,Inkling #2672,A looping cartoon-squid PFP stacked from painterly trait layers. Minted on Ink.,2672.gif,Celadon Garden,Violet Haze,Reef,Ember,Clean mantle,Soft Crown
2673,Inkling #2673,A looping cartoon-squid PFP stacked from painterly trait layers. Minted on Ink.,2673.gif,Storm Grey,Coral Glow,Inked,Dew,Brush Streak,Ink Ribbon
2674,Inkling #2674,A looping cartoon-squid PFP stacked from painterly trait layers. Minted on Ink.,2674.gif,Cream Rice,Silver Veil,Inked,Bright,Slow Drip,Pearl Cluster
2675,Inkling #2675,A looping cartoon-squid PFP stacked from painterly trait layers. Minted on Ink.,2675.gif,Peach Dusk,No bloom,Inked,Sleepy,Clean mantle,Pearl Cluster
2676,Inkling #2676,A looping cartoon-squid PFP stacked from painterly trait layers. Minted on Ink.,2676.gif,Peach Dusk,Silver Veil,Dumbo,Sleepy,Slow Drip,Wash Hood
2677,Inkling #2677,A looping cartoon-squid PFP stacked from painterly trait layers. Minted on Ink.,2677.gif,Wine Paper,Silver Veil,Cuttle,Wink,Red Seal,Ink Ribbon
2678,Inkling #2678,A looping cartoon-squid PFP stacked from painterly trait layers. Minted on Ink.,2678.gif,Peach Dusk,Gold Wash,Inked,Bright,Brush Streak,Bare mantle
2679,Inkling #2679,A looping cartoon-squid PFP stacked from painterly trait layers. Minted on Ink.,2679.gif,Indigo Night,Gold Wash,Firefly,Sleepy,Red Seal,Bare mantle
2680,Inkling #2680,A looping cartoon-squid PFP stacked from painterly trait layers. Minted on Ink.,2680.gif,Peach Dusk,Teal Mist,Inked,Bright,Slow Drip,Ink Ribbon
2681,Inkling #2681,A looping cartoon-squid PFP stacked from painterly trait layers. Minted on Ink.,2681.gif,Charcoal Wash,Gold Wash,Dumbo,Lidded,Clean mantle,Ink Ribbon
2682,Inkling #2682,A looping cartoon-squid PFP stacked from painterly trait layers. Minted on Ink.,2682.gif,Rose Gold,Gold Wash,Giant,Bright,Slow Drip,Pearl Cluster
2683,Inkling #2683,A looping cartoon-squid PFP stacked from painterly trait layers. Minted on Ink.,2683.gif,Storm Grey,Gold Wash,Reef,Wink,Slow Drip,Ink Ribbon
2684,Inkling #2684,A looping cartoon-squid PFP stacked from painterly trait layers. Minted on Ink.,2684.gif,Wine Paper,Violet Haze,Cuttle,Lidded,Clean mantle,Bare mantle
2685,Inkling #2685,A looping cartoon-squid PFP stacked from painterly trait layers. Minted on Ink.,2685.gif,Rose Gold,Gold Wash,Cuttle,Dew,Clean mantle,Kelp Flow
2686,Inkling #2686,A looping cartoon-squid PFP stacked from painterly trait layers. Minted on Ink.,2686.gif,Rose Gold,Gold Wash,Reef,Ember,Red Seal,Bare mantle
2687,Inkling #2687,A looping cartoon-squid PFP stacked from painterly trait layers. Minted on Ink.,2687.gif,Wine Paper,Violet Haze,Firefly,Sleepy,Clean mantle,Bare mantle
2688,Inkling #2688,A looping cartoon-squid PFP stacked from painterly trait layers. Minted on Ink.,2688.gif,Rose Gold,Silver Veil,Glass,Bright,Brush Streak,Pearl Cluster
2689,Inkling #2689,A looping cartoon-squid PFP stacked from painterly trait layers. Minted on Ink.,2689.gif,Storm Grey,Teal Mist,Giant,Lidded,Slow Drip,Wash Hood
2690,Inkling #2690,A looping cartoon-squid PFP stacked from painterly trait layers. Minted on Ink.,2690.gif,Wine Paper,Coral Glow,Cuttle,Lidded,Red Seal,Pearl Cluster
2691,Inkling #2691,A looping cartoon-squid PFP stacked from painterly trait layers. Minted on Ink.,2691.gif,Storm Grey,Violet Haze,Reef,Ember,Clean mantle,Wash Hood
2692,Inkling #2692,A looping cartoon-squid PFP stacked from painterly trait layers. Minted on Ink.,2692.gif,Rose Gold,Gold Wash,Reef,Lidded,Brush Streak,Bare mantle
2693,Inkling #2693,A looping cartoon-squid PFP stacked from painterly trait layers. Minted on Ink.,2693.gif,Celadon Garden,Coral Glow,Cuttle,Lidded,Brush Streak,Soft Crown
2694,Inkling #2694,A looping cartoon-squid PFP stacked from painterly trait layers. Minted on Ink.,2694.gif,Cream Rice,Teal Mist,Dumbo,Ember,Clean mantle,Soft Crown
2695,Inkling #2695,A looping cartoon-squid PFP stacked from painterly trait layers. Minted on Ink.,2695.gif,Wine Paper,Violet Haze,Reef,Ember,Clean mantle,Kelp Flow
2696,Inkling #2696,A looping cartoon-squid PFP stacked from painterly trait layers. Minted on Ink.,2696.gif,Rose Gold,Teal Mist,Inked,Ember,Clean mantle,Pearl Cluster
2697,Inkling #2697,A looping cartoon-squid PFP stacked from painterly trait layers. Minted on Ink.,2697.gif,Charcoal Wash,Gold Wash,Glass,Dew,Slow Drip,Kelp Flow
2698,Inkling #2698,A looping cartoon-squid PFP stacked from painterly trait layers. Minted on Ink.,2698.gif,Peach Dusk,Gold Wash,Reef,Lidded,Red Seal,Wash Hood
2699,Inkling #2699,A looping cartoon-squid PFP stacked from painterly trait layers. Minted on Ink.,2699.gif,Indigo Night,No bloom,Dumbo,Ember,Red Seal,Kelp Flow
2700,Inkling #2700,A looping cartoon-squid PFP stacked from painterly trait layers. Minted on Ink.,2700.gif,Storm Grey,Teal Mist,Giant,Bright,Clean mantle,Wash Hood
2701,Inkling #2701,A looping cartoon-squid PFP stacked from painterly trait layers. Minted on Ink.,2701.gif,Indigo Night,Violet Haze,Bobtail,Lidded,Slow Drip,Bare mantle
2702,Inkling #2702,A looping cartoon-squid PFP stacked from painterly trait layers. Minted on Ink.,2702.gif,Peach Dusk,Coral Glow,Cuttle,Bright,Clean mantle,Pearl Cluster
2703,Inkling #2703,A looping cartoon-squid PFP stacked from painterly trait layers. Minted on Ink.,2703.gif,Celadon Garden,No bloom,Glass,Wink,Clean mantle,Pearl Cluster
2704,Inkling #2704,A looping cartoon-squid PFP stacked from painterly trait layers. Minted on Ink.,2704.gif,Indigo Night,Gold Wash,Dumbo,Sleepy,Slow Drip,Bare mantle
2705,Inkling #2705,A looping cartoon-squid PFP stacked from painterly trait layers. Minted on Ink.,2705.gif,Cream Rice,Silver Veil,Bobtail,Lidded,Red Seal,Pearl Cluster
2706,Inkling #2706,A looping cartoon-squid PFP stacked from painterly trait layers. Minted on Ink.,2706.gif,Wine Paper,Gold Wash,Glass,Bright,Red Seal,Wash Hood
2707,Inkling #2707,A looping cartoon-squid PFP stacked from painterly trait layers. Minted on Ink.,2707.gif,Storm Grey,Gold Wash,Giant,Bright,Clean mantle,Bare mantle
2708,Inkling #2708,A looping cartoon-squid PFP stacked from painterly trait layers. Minted on Ink.,2708.gif,Wine Paper,Silver Veil,Giant,Dew,Clean mantle,Pearl Cluster
2709,Inkling #2709,A looping cartoon-squid PFP stacked from painterly trait layers. Minted on Ink.,2709.gif,Indigo Night,Teal Mist,Reef,Sleepy,Red Seal,Soft Crown
2710,Inkling #2710,A looping cartoon-squid PFP stacked from painterly trait layers. Minted on Ink.,2710.gif,Indigo Night,Coral Glow,Firefly,Bright,Brush Streak,Soft Crown
2711,Inkling #2711,A looping cartoon-squid PFP stacked from painterly trait layers. Minted on Ink.,2711.gif,Cream Rice,Gold Wash,Glass,Wink,Clean mantle,Bare mantle
2712,Inkling #2712,A looping cartoon-squid PFP stacked from painterly trait layers. Minted on Ink.,2712.gif,Peach Dusk,Violet Haze,Reef,Bright,Slow Drip,Bare mantle
2713,Inkling #2713,A looping cartoon-squid PFP stacked from painterly trait layers. Minted on Ink.,2713.gif,Cream Rice,No bloom,Reef,Ember,Clean mantle,Soft Crown
2714,Inkling #2714,A looping cartoon-squid PFP stacked from painterly trait layers. Minted on Ink.,2714.gif,Rose Gold,No bloom,Cuttle,Lidded,Red Seal,Ink Ribbon
2715,Inkling #2715,A looping cartoon-squid PFP stacked from painterly trait layers. Minted on Ink.,2715.gif,Peach Dusk,No bloom,Reef,Wink,Red Seal,Soft Crown
2716,Inkling #2716,A looping cartoon-squid PFP stacked from painterly trait layers. Minted on Ink.,2716.gif,Peach Dusk,Silver Veil,Dumbo,Ember,Brush Streak,Kelp Flow
2717,Inkling #2717,A looping cartoon-squid PFP stacked from painterly trait layers. Minted on Ink.,2717.gif,Peach Dusk,Teal Mist,Cuttle,Wink,Red Seal,Wash Hood
2718,Inkling #2718,A looping cartoon-squid PFP stacked from painterly trait layers. Minted on Ink.,2718.gif,Wine Paper,Violet Haze,Glass,Wink,Clean mantle,Kelp Flow
2719,Inkling #2719,A looping cartoon-squid PFP stacked from painterly trait layers. Minted on Ink.,2719.gif,Cream Rice,No bloom,Cuttle,Sleepy,Clean mantle,Bare mantle
2720,Inkling #2720,A looping cartoon-squid PFP stacked from painterly trait layers. Minted on Ink.,2720.gif,Peach Dusk,Coral Glow,Glass,Wink,Clean mantle,Ink Ribbon
2721,Inkling #2721,A looping cartoon-squid PFP stacked from painterly trait layers. Minted on Ink.,2721.gif,Charcoal Wash,No bloom,Bobtail,Bright,Clean mantle,Bare mantle
2722,Inkling #2722,A looping cartoon-squid PFP stacked from painterly trait layers. Minted on Ink.,2722.gif,Peach Dusk,Gold Wash,Glass,Dew,Ink Splash,Kelp Flow
2723,Inkling #2723,A looping cartoon-squid PFP stacked from painterly trait layers. Minted on Ink.,2723.gif,Charcoal Wash,No bloom,Dumbo,Sleepy,Ink Splash,Wash Hood
2724,Inkling #2724,A looping cartoon-squid PFP stacked from painterly trait layers. Minted on Ink.,2724.gif,Storm Grey,Gold Wash,Giant,Bright,Clean mantle,Ink Ribbon
2725,Inkling #2725,A looping cartoon-squid PFP stacked from painterly trait layers. Minted on Ink.,2725.gif,Storm Grey,Violet Haze,Firefly,Dew,Clean mantle,Wash Hood
2726,Inkling #2726,A looping cartoon-squid PFP stacked from painterly trait layers. Minted on Ink.,2726.gif,Rose Gold,Violet Haze,Bobtail,Ember,Red Seal,Pearl Cluster
2727,Inkling #2727,A looping cartoon-squid PFP stacked from painterly trait layers. Minted on Ink.,2727.gif,Peach Dusk,Silver Veil,Bobtail,Lidded,Clean mantle,Bare mantle
2728,Inkling #2728,A looping cartoon-squid PFP stacked from painterly trait layers. Minted on Ink.,2728.gif,Cream Rice,Coral Glow,Giant,Bright,Clean mantle,Soft Crown
2729,Inkling #2729,A looping cartoon-squid PFP stacked from painterly trait layers. Minted on Ink.,2729.gif,Cream Rice,Gold Wash,Dumbo,Ember,Ink Splash,Bare mantle
2730,Inkling #2730,A looping cartoon-squid PFP stacked from painterly trait layers. Minted on Ink.,2730.gif,Indigo Night,Silver Veil,Dumbo,Dew,Red Seal,Pearl Cluster
2731,Inkling #2731,A looping cartoon-squid PFP stacked from painterly trait layers. Minted on Ink.,2731.gif,Celadon Garden,Gold Wash,Bobtail,Bright,Ink Splash,Bare mantle
2732,Inkling #2732,A looping cartoon-squid PFP stacked from painterly trait layers. Minted on Ink.,2732.gif,Rose Gold,No bloom,Bobtail,Sleepy,Red Seal,Pearl Cluster
2733,Inkling #2733,A looping cartoon-squid PFP stacked from painterly trait layers. Minted on Ink.,2733.gif,Charcoal Wash,No bloom,Giant,Dew,Clean mantle,Ink Ribbon
2734,Inkling #2734,A looping cartoon-squid PFP stacked from painterly trait layers. Minted on Ink.,2734.gif,Peach Dusk,No bloom,Dumbo,Lidded,Brush Streak,Bare mantle
2735,Inkling #2735,A looping cartoon-squid PFP stacked from painterly trait layers. Minted on Ink.,2735.gif,Rose Gold,Teal Mist,Firefly,Lidded,Ink Splash,Bare mantle
2736,Inkling #2736,A looping cartoon-squid PFP stacked from painterly trait layers. Minted on Ink.,2736.gif,Wine Paper,Violet Haze,Bobtail,Dew,Ink Splash,Ink Ribbon
2737,Inkling #2737,A looping cartoon-squid PFP stacked from painterly trait layers. Minted on Ink.,2737.gif,Charcoal Wash,Violet Haze,Dumbo,Wink,Clean mantle,Kelp Flow
2738,Inkling #2738,A looping cartoon-squid PFP stacked from painterly trait layers. Minted on Ink.,2738.gif,Celadon Garden,No bloom,Reef,Wink,Red Seal,Soft Crown
2739,Inkling #2739,A looping cartoon-squid PFP stacked from painterly trait layers. Minted on Ink.,2739.gif,Charcoal Wash,Teal Mist,Cuttle,Lidded,Ink Splash,Pearl Cluster
2740,Inkling #2740,A looping cartoon-squid PFP stacked from painterly trait layers. Minted on Ink.,2740.gif,Cream Rice,Coral Glow,Reef,Dew,Brush Streak,Pearl Cluster
2741,Inkling #2741,A looping cartoon-squid PFP stacked from painterly trait layers. Minted on Ink.,2741.gif,Indigo Night,Violet Haze,Bobtail,Dew,Clean mantle,Kelp Flow
2742,Inkling #2742,A looping cartoon-squid PFP stacked from painterly trait layers. Minted on Ink.,2742.gif,Rose Gold,Coral Glow,Giant,Wink,Clean mantle,Soft Crown
2743,Inkling #2743,A looping cartoon-squid PFP stacked from painterly trait layers. Minted on Ink.,2743.gif,Cream Rice,Violet Haze,Firefly,Sleepy,Brush Streak,Ink Ribbon
2744,Inkling #2744,A looping cartoon-squid PFP stacked from painterly trait layers. Minted on Ink.,2744.gif,Indigo Night,Violet Haze,Cuttle,Bright,Slow Drip,Kelp Flow
2745,Inkling #2745,A looping cartoon-squid PFP stacked from painterly trait layers. Minted on Ink.,2745.gif,Peach Dusk,Coral Glow,Reef,Ember,Brush Streak,Wash Hood
2746,Inkling #2746,A looping cartoon-squid PFP stacked from painterly trait layers. Minted on Ink.,2746.gif,Celadon Garden,Violet Haze,Bobtail,Lidded,Brush Streak,Pearl Cluster
2747,Inkling #2747,A looping cartoon-squid PFP stacked from painterly trait layers. Minted on Ink.,2747.gif,Celadon Garden,Coral Glow,Glass,Lidded,Brush Streak,Pearl Cluster
2748,Inkling #2748,A looping cartoon-squid PFP stacked from painterly trait layers. Minted on Ink.,2748.gif,Charcoal Wash,Coral Glow,Firefly,Bright,Red Seal,Ink Ribbon
2749,Inkling #2749,A looping cartoon-squid PFP stacked from painterly trait layers. Minted on Ink.,2749.gif,Charcoal Wash,Silver Veil,Glass,Bright,Clean mantle,Bare mantle
2750,Inkling #2750,A looping cartoon-squid PFP stacked from painterly trait layers. Minted on Ink.,2750.gif,Cream Rice,Silver Veil,Reef,Ember,Clean mantle,Soft Crown
2751,Inkling #2751,A looping cartoon-squid PFP stacked from painterly trait layers. Minted on Ink.,2751.gif,Rose Gold,Gold Wash,Inked,Bright,Clean mantle,Wash Hood
2752,Inkling #2752,A looping cartoon-squid PFP stacked from painterly trait layers. Minted on Ink.,2752.gif,Celadon Garden,Coral Glow,Glass,Dew,Clean mantle,Pearl Cluster
2753,Inkling #2753,A looping cartoon-squid PFP stacked from painterly trait layers. Minted on Ink.,2753.gif,Storm Grey,Violet Haze,Inked,Sleepy,Clean mantle,Pearl Cluster
2754,Inkling #2754,A looping cartoon-squid PFP stacked from painterly trait layers. Minted on Ink.,2754.gif,Charcoal Wash,Silver Veil,Reef,Lidded,Ink Splash,Pearl Cluster
2755,Inkling #2755,A looping cartoon-squid PFP stacked from painterly trait layers. Minted on Ink.,2755.gif,Cream Rice,Teal Mist,Giant,Dew,Brush Streak,Kelp Flow
2756,Inkling #2756,A looping cartoon-squid PFP stacked from painterly trait layers. Minted on Ink.,2756.gif,Celadon Garden,Teal Mist,Glass,Wink,Ink Splash,Soft Crown
2757,Inkling #2757,A looping cartoon-squid PFP stacked from painterly trait layers. Minted on Ink.,2757.gif,Cream Rice,Silver Veil,Dumbo,Lidded,Clean mantle,Ink Ribbon
2758,Inkling #2758,A looping cartoon-squid PFP stacked from painterly trait layers. Minted on Ink.,2758.gif,Storm Grey,Silver Veil,Giant,Bright,Clean mantle,Pearl Cluster
2759,Inkling #2759,A looping cartoon-squid PFP stacked from painterly trait layers. Minted on Ink.,2759.gif,Charcoal Wash,Teal Mist,Cuttle,Lidded,Red Seal,Pearl Cluster
2760,Inkling #2760,A looping cartoon-squid PFP stacked from painterly trait layers. Minted on Ink.,2760.gif,Storm Grey,Coral Glow,Dumbo,Wink,Slow Drip,Bare mantle
2761,Inkling #2761,A looping cartoon-squid PFP stacked from painterly trait layers. Minted on Ink.,2761.gif,Charcoal Wash,Gold Wash,Reef,Dew,Brush Streak,Ink Ribbon
2762,Inkling #2762,A looping cartoon-squid PFP stacked from painterly trait layers. Minted on Ink.,2762.gif,Celadon Garden,Violet Haze,Glass,Bright,Red Seal,Pearl Cluster
2763,Inkling #2763,A looping cartoon-squid PFP stacked from painterly trait layers. Minted on Ink.,2763.gif,Rose Gold,Coral Glow,Dumbo,Dew,Clean mantle,Bare mantle
2764,Inkling #2764,A looping cartoon-squid PFP stacked from painterly trait layers. Minted on Ink.,2764.gif,Storm Grey,Teal Mist,Glass,Ember,Ink Splash,Soft Crown
2765,Inkling #2765,A looping cartoon-squid PFP stacked from painterly trait layers. Minted on Ink.,2765.gif,Charcoal Wash,Violet Haze,Dumbo,Dew,Red Seal,Soft Crown
2766,Inkling #2766,A looping cartoon-squid PFP stacked from painterly trait layers. Minted on Ink.,2766.gif,Cream Rice,Gold Wash,Reef,Wink,Red Seal,Bare mantle
2767,Inkling #2767,A looping cartoon-squid PFP stacked from painterly trait layers. Minted on Ink.,2767.gif,Wine Paper,Coral Glow,Firefly,Ember,Ink Splash,Pearl Cluster
2768,Inkling #2768,A looping cartoon-squid PFP stacked from painterly trait layers. Minted on Ink.,2768.gif,Wine Paper,Teal Mist,Reef,Wink,Red Seal,Bare mantle
2769,Inkling #2769,A looping cartoon-squid PFP stacked from painterly trait layers. Minted on Ink.,2769.gif,Charcoal Wash,Teal Mist,Firefly,Bright,Clean mantle,Wash Hood
2770,Inkling #2770,A looping cartoon-squid PFP stacked from painterly trait layers. Minted on Ink.,2770.gif,Wine Paper,No bloom,Cuttle,Lidded,Slow Drip,Pearl Cluster
2771,Inkling #2771,A looping cartoon-squid PFP stacked from painterly trait layers. Minted on Ink.,2771.gif,Peach Dusk,Teal Mist,Cuttle,Dew,Red Seal,Soft Crown
2772,Inkling #2772,A looping cartoon-squid PFP stacked from painterly trait layers. Minted on Ink.,2772.gif,Cream Rice,Teal Mist,Glass,Wink,Slow Drip,Kelp Flow
2773,Inkling #2773,A looping cartoon-squid PFP stacked from painterly trait layers. Minted on Ink.,2773.gif,Indigo Night,Violet Haze,Bobtail,Lidded,Slow Drip,Soft Crown
2774,Inkling #2774,A looping cartoon-squid PFP stacked from painterly trait layers. Minted on Ink.,2774.gif,Storm Grey,Coral Glow,Glass,Sleepy,Clean mantle,Bare mantle
2775,Inkling #2775,A looping cartoon-squid PFP stacked from painterly trait layers. Minted on Ink.,2775.gif,Cream Rice,Gold Wash,Glass,Lidded,Clean mantle,Ink Ribbon
2776,Inkling #2776,A looping cartoon-squid PFP stacked from painterly trait layers. Minted on Ink.,2776.gif,Cream Rice,Silver Veil,Glass,Ember,Ink Splash,Pearl Cluster
2777,Inkling #2777,A looping cartoon-squid PFP stacked from painterly trait layers. Minted on Ink.,2777.gif,Rose Gold,Gold Wash,Dumbo,Wink,Slow Drip,Wash Hood
2778,Inkling #2778,A looping cartoon-squid PFP stacked from painterly trait layers. Minted on Ink.,2778.gif,Indigo Night,Silver Veil,Giant,Wink,Slow Drip,Pearl Cluster
2779,Inkling #2779,A looping cartoon-squid PFP stacked from painterly trait layers. Minted on Ink.,2779.gif,Rose Gold,Gold Wash,Giant,Dew,Slow Drip,Soft Crown
2780,Inkling #2780,A looping cartoon-squid PFP stacked from painterly trait layers. Minted on Ink.,2780.gif,Storm Grey,Violet Haze,Cuttle,Sleepy,Clean mantle,Wash Hood
2781,Inkling #2781,A looping cartoon-squid PFP stacked from painterly trait layers. Minted on Ink.,2781.gif,Storm Grey,Violet Haze,Reef,Bright,Clean mantle,Wash Hood
2782,Inkling #2782,A looping cartoon-squid PFP stacked from painterly trait layers. Minted on Ink.,2782.gif,Indigo Night,Teal Mist,Reef,Bright,Slow Drip,Soft Crown
2783,Inkling #2783,A looping cartoon-squid PFP stacked from painterly trait layers. Minted on Ink.,2783.gif,Celadon Garden,Violet Haze,Inked,Bright,Brush Streak,Soft Crown
2784,Inkling #2784,A looping cartoon-squid PFP stacked from painterly trait layers. Minted on Ink.,2784.gif,Celadon Garden,Teal Mist,Bobtail,Dew,Clean mantle,Kelp Flow
2785,Inkling #2785,A looping cartoon-squid PFP stacked from painterly trait layers. Minted on Ink.,2785.gif,Peach Dusk,Silver Veil,Inked,Dew,Slow Drip,Kelp Flow
2786,Inkling #2786,A looping cartoon-squid PFP stacked from painterly trait layers. Minted on Ink.,2786.gif,Storm Grey,Violet Haze,Dumbo,Wink,Ink Splash,Pearl Cluster
2787,Inkling #2787,A looping cartoon-squid PFP stacked from painterly trait layers. Minted on Ink.,2787.gif,Storm Grey,No bloom,Cuttle,Ember,Clean mantle,Kelp Flow
2788,Inkling #2788,A looping cartoon-squid PFP stacked from painterly trait layers. Minted on Ink.,2788.gif,Peach Dusk,No bloom,Inked,Bright,Brush Streak,Kelp Flow
2789,Inkling #2789,A looping cartoon-squid PFP stacked from painterly trait layers. Minted on Ink.,2789.gif,Rose Gold,No bloom,Cuttle,Lidded,Clean mantle,Ink Ribbon
2790,Inkling #2790,A looping cartoon-squid PFP stacked from painterly trait layers. Minted on Ink.,2790.gif,Indigo Night,Coral Glow,Dumbo,Sleepy,Clean mantle,Bare mantle
2791,Inkling #2791,A looping cartoon-squid PFP stacked from painterly trait layers. Minted on Ink.,2791.gif,Storm Grey,No bloom,Glass,Ember,Brush Streak,Soft Crown
2792,Inkling #2792,A looping cartoon-squid PFP stacked from painterly trait layers. Minted on Ink.,2792.gif,Indigo Night,Coral Glow,Cuttle,Bright,Ink Splash,Kelp Flow
2793,Inkling #2793,A looping cartoon-squid PFP stacked from painterly trait layers. Minted on Ink.,2793.gif,Celadon Garden,Teal Mist,Bobtail,Bright,Clean mantle,Wash Hood
2794,Inkling #2794,A looping cartoon-squid PFP stacked from painterly trait layers. Minted on Ink.,2794.gif,Wine Paper,No bloom,Reef,Dew,Clean mantle,Ink Ribbon
2795,Inkling #2795,A looping cartoon-squid PFP stacked from painterly trait layers. Minted on Ink.,2795.gif,Cream Rice,Gold Wash,Firefly,Wink,Clean mantle,Ink Ribbon
2796,Inkling #2796,A looping cartoon-squid PFP stacked from painterly trait layers. Minted on Ink.,2796.gif,Wine Paper,Coral Glow,Glass,Sleepy,Ink Splash,Ink Ribbon
2797,Inkling #2797,A looping cartoon-squid PFP stacked from painterly trait layers. Minted on Ink.,2797.gif,Indigo Night,Teal Mist,Reef,Ember,Red Seal,Bare mantle
2798,Inkling #2798,A looping cartoon-squid PFP stacked from painterly trait layers. Minted on Ink.,2798.gif,Storm Grey,Teal Mist,Cuttle,Bright,Clean mantle,Soft Crown
2799,Inkling #2799,A looping cartoon-squid PFP stacked from painterly trait layers. Minted on Ink.,2799.gif,Peach Dusk,Violet Haze,Dumbo,Wink,Brush Streak,Soft Crown
2800,Inkling #2800,A looping cartoon-squid PFP stacked from painterly trait layers. Minted on Ink.,2800.gif,Rose Gold,No bloom,Bobtail,Dew,Clean mantle,Wash Hood
2801,Inkling #2801,A looping cartoon-squid PFP stacked from painterly trait layers. Minted on Ink.,2801.gif,Wine Paper,Coral Glow,Glass,Dew,Ink Splash,Soft Crown
2802,Inkling #2802,A looping cartoon-squid PFP stacked from painterly trait layers. Minted on Ink.,2802.gif,Cream Rice,Teal Mist,Reef,Dew,Slow Drip,Wash Hood
2803,Inkling #2803,A looping cartoon-squid PFP stacked from painterly trait layers. Minted on Ink.,2803.gif,Wine Paper,Silver Veil,Giant,Ember,Slow Drip,Ink Ribbon
2804,Inkling #2804,A looping cartoon-squid PFP stacked from painterly trait layers. Minted on Ink.,2804.gif,Celadon Garden,No bloom,Glass,Dew,Clean mantle,Ink Ribbon
2805,Inkling #2805,A looping cartoon-squid PFP stacked from painterly trait layers. Minted on Ink.,2805.gif,Indigo Night,Gold Wash,Bobtail,Sleepy,Clean mantle,Bare mantle
2806,Inkling #2806,A looping cartoon-squid PFP stacked from painterly trait layers. Minted on Ink.,2806.gif,Storm Grey,Violet Haze,Cuttle,Wink,Clean mantle,Wash Hood
2807,Inkling #2807,A looping cartoon-squid PFP stacked from painterly trait layers. Minted on Ink.,2807.gif,Celadon Garden,Silver Veil,Firefly,Bright,Ink Splash,Pearl Cluster
2808,Inkling #2808,A looping cartoon-squid PFP stacked from painterly trait layers. Minted on Ink.,2808.gif,Wine Paper,Teal Mist,Cuttle,Sleepy,Red Seal,Bare mantle
2809,Inkling #2809,A looping cartoon-squid PFP stacked from painterly trait layers. Minted on Ink.,2809.gif,Peach Dusk,Coral Glow,Firefly,Wink,Ink Splash,Ink Ribbon
2810,Inkling #2810,A looping cartoon-squid PFP stacked from painterly trait layers. Minted on Ink.,2810.gif,Indigo Night,Gold Wash,Giant,Wink,Clean mantle,Bare mantle
2811,Inkling #2811,A looping cartoon-squid PFP stacked from painterly trait layers. Minted on Ink.,2811.gif,Cream Rice,Gold Wash,Inked,Ember,Red Seal,Ink Ribbon
2812,Inkling #2812,A looping cartoon-squid PFP stacked from painterly trait layers. Minted on Ink.,2812.gif,Peach Dusk,Violet Haze,Inked,Dew,Brush Streak,Pearl Cluster
2813,Inkling #2813,A looping cartoon-squid PFP stacked from painterly trait layers. Minted on Ink.,2813.gif,Cream Rice,No bloom,Firefly,Wink,Red Seal,Ink Ribbon
2814,Inkling #2814,A looping cartoon-squid PFP stacked from painterly trait layers. Minted on Ink.,2814.gif,Indigo Night,Gold Wash,Dumbo,Lidded,Ink Splash,Bare mantle
2815,Inkling #2815,A looping cartoon-squid PFP stacked from painterly trait layers. Minted on Ink.,2815.gif,Cream Rice,Violet Haze,Dumbo,Lidded,Ink Splash,Soft Crown
2816,Inkling #2816,A looping cartoon-squid PFP stacked from painterly trait layers. Minted on Ink.,2816.gif,Cream Rice,Violet Haze,Bobtail,Wink,Clean mantle,Ink Ribbon
2817,Inkling #2817,A looping cartoon-squid PFP stacked from painterly trait layers. Minted on Ink.,2817.gif,Wine Paper,No bloom,Bobtail,Wink,Red Seal,Ink Ribbon
2818,Inkling #2818,A looping cartoon-squid PFP stacked from painterly trait layers. Minted on Ink.,2818.gif,Celadon Garden,Gold Wash,Firefly,Lidded,Clean mantle,Soft Crown
2819,Inkling #2819,A looping cartoon-squid PFP stacked from painterly trait layers. Minted on Ink.,2819.gif,Rose Gold,Violet Haze,Firefly,Ember,Clean mantle,Wash Hood
2820,Inkling #2820,A looping cartoon-squid PFP stacked from painterly trait layers. Minted on Ink.,2820.gif,Celadon Garden,Coral Glow,Inked,Ember,Clean mantle,Pearl Cluster
2821,Inkling #2821,A looping cartoon-squid PFP stacked from painterly trait layers. Minted on Ink.,2821.gif,Indigo Night,No bloom,Dumbo,Sleepy,Brush Streak,Soft Crown
2822,Inkling #2822,A looping cartoon-squid PFP stacked from painterly trait layers. Minted on Ink.,2822.gif,Rose Gold,Coral Glow,Firefly,Bright,Clean mantle,Bare mantle
2823,Inkling #2823,A looping cartoon-squid PFP stacked from painterly trait layers. Minted on Ink.,2823.gif,Wine Paper,No bloom,Giant,Lidded,Ink Splash,Bare mantle
2824,Inkling #2824,A looping cartoon-squid PFP stacked from painterly trait layers. Minted on Ink.,2824.gif,Indigo Night,Gold Wash,Cuttle,Bright,Slow Drip,Wash Hood
2825,Inkling #2825,A looping cartoon-squid PFP stacked from painterly trait layers. Minted on Ink.,2825.gif,Cream Rice,No bloom,Glass,Bright,Clean mantle,Bare mantle
2826,Inkling #2826,A looping cartoon-squid PFP stacked from painterly trait layers. Minted on Ink.,2826.gif,Charcoal Wash,Gold Wash,Dumbo,Bright,Clean mantle,Bare mantle
2827,Inkling #2827,A looping cartoon-squid PFP stacked from painterly trait layers. Minted on Ink.,2827.gif,Indigo Night,Gold Wash,Dumbo,Wink,Clean mantle,Wash Hood
2828,Inkling #2828,A looping cartoon-squid PFP stacked from painterly trait layers. Minted on Ink.,2828.gif,Rose Gold,No bloom,Giant,Dew,Clean mantle,Kelp Flow
2829,Inkling #2829,A looping cartoon-squid PFP stacked from painterly trait layers. Minted on Ink.,2829.gif,Indigo Night,Silver Veil,Glass,Ember,Clean mantle,Soft Crown
2830,Inkling #2830,A looping cartoon-squid PFP stacked from painterly trait layers. Minted on Ink.,2830.gif,Storm Grey,No bloom,Bobtail,Lidded,Brush Streak,Bare mantle
2831,Inkling #2831,A looping cartoon-squid PFP stacked from painterly trait layers. Minted on Ink.,2831.gif,Celadon Garden,Teal Mist,Inked,Sleepy,Ink Splash,Wash Hood
2832,Inkling #2832,A looping cartoon-squid PFP stacked from painterly trait layers. Minted on Ink.,2832.gif,Peach Dusk,No bloom,Inked,Dew,Brush Streak,Soft Crown
2833,Inkling #2833,A looping cartoon-squid PFP stacked from painterly trait layers. Minted on Ink.,2833.gif,Indigo Night,Gold Wash,Glass,Dew,Clean mantle,Bare mantle
2834,Inkling #2834,A looping cartoon-squid PFP stacked from painterly trait layers. Minted on Ink.,2834.gif,Cream Rice,Teal Mist,Giant,Sleepy,Ink Splash,Kelp Flow
2835,Inkling #2835,A looping cartoon-squid PFP stacked from painterly trait layers. Minted on Ink.,2835.gif,Celadon Garden,No bloom,Giant,Wink,Ink Splash,Pearl Cluster
2836,Inkling #2836,A looping cartoon-squid PFP stacked from painterly trait layers. Minted on Ink.,2836.gif,Cream Rice,Coral Glow,Reef,Lidded,Brush Streak,Bare mantle
2837,Inkling #2837,A looping cartoon-squid PFP stacked from painterly trait layers. Minted on Ink.,2837.gif,Celadon Garden,Violet Haze,Cuttle,Bright,Brush Streak,Bare mantle
2838,Inkling #2838,A looping cartoon-squid PFP stacked from painterly trait layers. Minted on Ink.,2838.gif,Storm Grey,Violet Haze,Bobtail,Wink,Red Seal,Ink Ribbon
2839,Inkling #2839,A looping cartoon-squid PFP stacked from painterly trait layers. Minted on Ink.,2839.gif,Celadon Garden,Violet Haze,Bobtail,Sleepy,Ink Splash,Kelp Flow
2840,Inkling #2840,A looping cartoon-squid PFP stacked from painterly trait layers. Minted on Ink.,2840.gif,Rose Gold,Coral Glow,Cuttle,Wink,Clean mantle,Kelp Flow
2841,Inkling #2841,A looping cartoon-squid PFP stacked from painterly trait layers. Minted on Ink.,2841.gif,Rose Gold,Coral Glow,Cuttle,Lidded,Slow Drip,Bare mantle
2842,Inkling #2842,A looping cartoon-squid PFP stacked from painterly trait layers. Minted on Ink.,2842.gif,Rose Gold,Coral Glow,Bobtail,Dew,Red Seal,Wash Hood
2843,Inkling #2843,A looping cartoon-squid PFP stacked from painterly trait layers. Minted on Ink.,2843.gif,Wine Paper,Violet Haze,Reef,Bright,Clean mantle,Wash Hood
2844,Inkling #2844,A looping cartoon-squid PFP stacked from painterly trait layers. Minted on Ink.,2844.gif,Charcoal Wash,No bloom,Reef,Bright,Red Seal,Bare mantle
2845,Inkling #2845,A looping cartoon-squid PFP stacked from painterly trait layers. Minted on Ink.,2845.gif,Peach Dusk,No bloom,Bobtail,Sleepy,Clean mantle,Kelp Flow
2846,Inkling #2846,A looping cartoon-squid PFP stacked from painterly trait layers. Minted on Ink.,2846.gif,Cream Rice,Silver Veil,Giant,Ember,Clean mantle,Ink Ribbon
2847,Inkling #2847,A looping cartoon-squid PFP stacked from painterly trait layers. Minted on Ink.,2847.gif,Indigo Night,Gold Wash,Dumbo,Sleepy,Ink Splash,Bare mantle
2848,Inkling #2848,A looping cartoon-squid PFP stacked from painterly trait layers. Minted on Ink.,2848.gif,Cream Rice,No bloom,Cuttle,Wink,Slow Drip,Soft Crown
2849,Inkling #2849,A looping cartoon-squid PFP stacked from painterly trait layers. Minted on Ink.,2849.gif,Storm Grey,Silver Veil,Dumbo,Sleepy,Ink Splash,Soft Crown
2850,Inkling #2850,A looping cartoon-squid PFP stacked from painterly trait layers. Minted on Ink.,2850.gif,Indigo Night,Teal Mist,Glass,Ember,Clean mantle,Wash Hood
2851,Inkling #2851,A looping cartoon-squid PFP stacked from painterly trait layers. Minted on Ink.,2851.gif,Wine Paper,No bloom,Glass,Ember,Brush Streak,Bare mantle
2852,Inkling #2852,A looping cartoon-squid PFP stacked from painterly trait layers. Minted on Ink.,2852.gif,Celadon Garden,No bloom,Cuttle,Sleepy,Clean mantle,Wash Hood
2853,Inkling #2853,A looping cartoon-squid PFP stacked from painterly trait layers. Minted on Ink.,2853.gif,Cream Rice,Coral Glow,Inked,Bright,Brush Streak,Wash Hood
2854,Inkling #2854,A looping cartoon-squid PFP stacked from painterly trait layers. Minted on Ink.,2854.gif,Storm Grey,Violet Haze,Reef,Bright,Clean mantle,Ink Ribbon
2855,Inkling #2855,A looping cartoon-squid PFP stacked from painterly trait layers. Minted on Ink.,2855.gif,Charcoal Wash,No bloom,Cuttle,Wink,Slow Drip,Pearl Cluster
2856,Inkling #2856,A looping cartoon-squid PFP stacked from painterly trait layers. Minted on Ink.,2856.gif,Storm Grey,Silver Veil,Bobtail,Dew,Slow Drip,Ink Ribbon
2857,Inkling #2857,A looping cartoon-squid PFP stacked from painterly trait layers. Minted on Ink.,2857.gif,Charcoal Wash,Teal Mist,Inked,Ember,Red Seal,Wash Hood
2858,Inkling #2858,A looping cartoon-squid PFP stacked from painterly trait layers. Minted on Ink.,2858.gif,Celadon Garden,Silver Veil,Reef,Lidded,Slow Drip,Pearl Cluster
2859,Inkling #2859,A looping cartoon-squid PFP stacked from painterly trait layers. Minted on Ink.,2859.gif,Rose Gold,Teal Mist,Firefly,Bright,Clean mantle,Bare mantle
2860,Inkling #2860,A looping cartoon-squid PFP stacked from painterly trait layers. Minted on Ink.,2860.gif,Peach Dusk,No bloom,Bobtail,Ember,Red Seal,Soft Crown
2861,Inkling #2861,A looping cartoon-squid PFP stacked from painterly trait layers. Minted on Ink.,2861.gif,Indigo Night,No bloom,Dumbo,Bright,Brush Streak,Pearl Cluster
2862,Inkling #2862,A looping cartoon-squid PFP stacked from painterly trait layers. Minted on Ink.,2862.gif,Peach Dusk,No bloom,Dumbo,Ember,Red Seal,Soft Crown
2863,Inkling #2863,A looping cartoon-squid PFP stacked from painterly trait layers. Minted on Ink.,2863.gif,Indigo Night,Silver Veil,Bobtail,Dew,Clean mantle,Soft Crown
2864,Inkling #2864,A looping cartoon-squid PFP stacked from painterly trait layers. Minted on Ink.,2864.gif,Celadon Garden,Teal Mist,Cuttle,Lidded,Ink Splash,Pearl Cluster
2865,Inkling #2865,A looping cartoon-squid PFP stacked from painterly trait layers. Minted on Ink.,2865.gif,Cream Rice,Violet Haze,Glass,Lidded,Clean mantle,Wash Hood
2866,Inkling #2866,A looping cartoon-squid PFP stacked from painterly trait layers. Minted on Ink.,2866.gif,Indigo Night,Gold Wash,Dumbo,Bright,Clean mantle,Ink Ribbon
2867,Inkling #2867,A looping cartoon-squid PFP stacked from painterly trait layers. Minted on Ink.,2867.gif,Rose Gold,Gold Wash,Glass,Wink,Slow Drip,Soft Crown
2868,Inkling #2868,A looping cartoon-squid PFP stacked from painterly trait layers. Minted on Ink.,2868.gif,Indigo Night,Gold Wash,Cuttle,Lidded,Red Seal,Soft Crown
2869,Inkling #2869,A looping cartoon-squid PFP stacked from painterly trait layers. Minted on Ink.,2869.gif,Indigo Night,Teal Mist,Dumbo,Lidded,Clean mantle,Wash Hood
2870,Inkling #2870,A looping cartoon-squid PFP stacked from painterly trait layers. Minted on Ink.,2870.gif,Cream Rice,Gold Wash,Giant,Lidded,Red Seal,Pearl Cluster
2871,Inkling #2871,A looping cartoon-squid PFP stacked from painterly trait layers. Minted on Ink.,2871.gif,Peach Dusk,Teal Mist,Dumbo,Wink,Clean mantle,Bare mantle
2872,Inkling #2872,A looping cartoon-squid PFP stacked from painterly trait layers. Minted on Ink.,2872.gif,Peach Dusk,Coral Glow,Giant,Ember,Ink Splash,Kelp Flow
2873,Inkling #2873,A looping cartoon-squid PFP stacked from painterly trait layers. Minted on Ink.,2873.gif,Rose Gold,Coral Glow,Cuttle,Dew,Red Seal,Kelp Flow
2874,Inkling #2874,A looping cartoon-squid PFP stacked from painterly trait layers. Minted on Ink.,2874.gif,Celadon Garden,Gold Wash,Firefly,Lidded,Slow Drip,Kelp Flow
2875,Inkling #2875,A looping cartoon-squid PFP stacked from painterly trait layers. Minted on Ink.,2875.gif,Storm Grey,Gold Wash,Glass,Sleepy,Clean mantle,Pearl Cluster
2876,Inkling #2876,A looping cartoon-squid PFP stacked from painterly trait layers. Minted on Ink.,2876.gif,Indigo Night,No bloom,Dumbo,Lidded,Clean mantle,Wash Hood
2877,Inkling #2877,A looping cartoon-squid PFP stacked from painterly trait layers. Minted on Ink.,2877.gif,Wine Paper,Silver Veil,Firefly,Wink,Brush Streak,Pearl Cluster
2878,Inkling #2878,A looping cartoon-squid PFP stacked from painterly trait layers. Minted on Ink.,2878.gif,Wine Paper,Coral Glow,Giant,Ember,Clean mantle,Soft Crown
2879,Inkling #2879,A looping cartoon-squid PFP stacked from painterly trait layers. Minted on Ink.,2879.gif,Celadon Garden,No bloom,Firefly,Sleepy,Brush Streak,Wash Hood
2880,Inkling #2880,A looping cartoon-squid PFP stacked from painterly trait layers. Minted on Ink.,2880.gif,Celadon Garden,Silver Veil,Inked,Sleepy,Brush Streak,Kelp Flow
2881,Inkling #2881,A looping cartoon-squid PFP stacked from painterly trait layers. Minted on Ink.,2881.gif,Indigo Night,Coral Glow,Dumbo,Lidded,Brush Streak,Pearl Cluster
2882,Inkling #2882,A looping cartoon-squid PFP stacked from painterly trait layers. Minted on Ink.,2882.gif,Celadon Garden,Violet Haze,Bobtail,Bright,Clean mantle,Bare mantle
2883,Inkling #2883,A looping cartoon-squid PFP stacked from painterly trait layers. Minted on Ink.,2883.gif,Peach Dusk,Gold Wash,Firefly,Dew,Ink Splash,Wash Hood
2884,Inkling #2884,A looping cartoon-squid PFP stacked from painterly trait layers. Minted on Ink.,2884.gif,Storm Grey,Silver Veil,Reef,Lidded,Clean mantle,Soft Crown
2885,Inkling #2885,A looping cartoon-squid PFP stacked from painterly trait layers. Minted on Ink.,2885.gif,Peach Dusk,No bloom,Dumbo,Lidded,Clean mantle,Pearl Cluster
2886,Inkling #2886,A looping cartoon-squid PFP stacked from painterly trait layers. Minted on Ink.,2886.gif,Wine Paper,Coral Glow,Inked,Bright,Slow Drip,Wash Hood
2887,Inkling #2887,A looping cartoon-squid PFP stacked from painterly trait layers. Minted on Ink.,2887.gif,Peach Dusk,Gold Wash,Reef,Dew,Clean mantle,Kelp Flow
2888,Inkling #2888,A looping cartoon-squid PFP stacked from painterly trait layers. Minted on Ink.,2888.gif,Rose Gold,No bloom,Bobtail,Wink,Red Seal,Ink Ribbon
2889,Inkling #2889,A looping cartoon-squid PFP stacked from painterly trait layers. Minted on Ink.,2889.gif,Rose Gold,Violet Haze,Bobtail,Bright,Ink Splash,Wash Hood
2890,Inkling #2890,A looping cartoon-squid PFP stacked from painterly trait layers. Minted on Ink.,2890.gif,Indigo Night,Violet Haze,Reef,Bright,Slow Drip,Bare mantle
2891,Inkling #2891,A looping cartoon-squid PFP stacked from painterly trait layers. Minted on Ink.,2891.gif,Wine Paper,Coral Glow,Reef,Lidded,Ink Splash,Bare mantle
2892,Inkling #2892,A looping cartoon-squid PFP stacked from painterly trait layers. Minted on Ink.,2892.gif,Storm Grey,Gold Wash,Glass,Bright,Ink Splash,Ink Ribbon
2893,Inkling #2893,A looping cartoon-squid PFP stacked from painterly trait layers. Minted on Ink.,2893.gif,Indigo Night,Teal Mist,Bobtail,Sleepy,Ink Splash,Soft Crown
2894,Inkling #2894,A looping cartoon-squid PFP stacked from painterly trait layers. Minted on Ink.,2894.gif,Celadon Garden,Silver Veil,Dumbo,Dew,Clean mantle,Kelp Flow
2895,Inkling #2895,A looping cartoon-squid PFP stacked from painterly trait layers. Minted on Ink.,2895.gif,Charcoal Wash,Gold Wash,Giant,Ember,Clean mantle,Kelp Flow
2896,Inkling #2896,A looping cartoon-squid PFP stacked from painterly trait layers. Minted on Ink.,2896.gif,Storm Grey,Teal Mist,Glass,Wink,Clean mantle,Wash Hood
2897,Inkling #2897,A looping cartoon-squid PFP stacked from painterly trait layers. Minted on Ink.,2897.gif,Cream Rice,Violet Haze,Cuttle,Sleepy,Red Seal,Bare mantle
2898,Inkling #2898,A looping cartoon-squid PFP stacked from painterly trait layers. Minted on Ink.,2898.gif,Wine Paper,Gold Wash,Firefly,Wink,Clean mantle,Kelp Flow
2899,Inkling #2899,A looping cartoon-squid PFP stacked from painterly trait layers. Minted on Ink.,2899.gif,Celadon Garden,Coral Glow,Inked,Dew,Ink Splash,Kelp Flow
2900,Inkling #2900,A looping cartoon-squid PFP stacked from painterly trait layers. Minted on Ink.,2900.gif,Charcoal Wash,Teal Mist,Reef,Wink,Clean mantle,Bare mantle
2901,Inkling #2901,A looping cartoon-squid PFP stacked from painterly trait layers. Minted on Ink.,2901.gif,Cream Rice,Silver Veil,Glass,Sleepy,Clean mantle,Bare mantle
2902,Inkling #2902,A looping cartoon-squid PFP stacked from painterly trait layers. Minted on Ink.,2902.gif,Rose Gold,Silver Veil,Cuttle,Dew,Slow Drip,Bare mantle
2903,Inkling #2903,A looping cartoon-squid PFP stacked from painterly trait layers. Minted on Ink.,2903.gif,Wine Paper,Silver Veil,Firefly,Bright,Slow Drip,Soft Crown
2904,Inkling #2904,A looping cartoon-squid PFP stacked from painterly trait layers. Minted on Ink.,2904.gif,Celadon Garden,Teal Mist,Cuttle,Bright,Clean mantle,Bare mantle
2905,Inkling #2905,A looping cartoon-squid PFP stacked from painterly trait layers. Minted on Ink.,2905.gif,Celadon Garden,Violet Haze,Glass,Wink,Ink Splash,Pearl Cluster
2906,Inkling #2906,A looping cartoon-squid PFP stacked from painterly trait layers. Minted on Ink.,2906.gif,Rose Gold,Gold Wash,Inked,Lidded,Red Seal,Kelp Flow
2907,Inkling #2907,A looping cartoon-squid PFP stacked from painterly trait layers. Minted on Ink.,2907.gif,Rose Gold,No bloom,Inked,Wink,Clean mantle,Bare mantle
2908,Inkling #2908,A looping cartoon-squid PFP stacked from painterly trait layers. Minted on Ink.,2908.gif,Rose Gold,Teal Mist,Glass,Bright,Red Seal,Kelp Flow
2909,Inkling #2909,A looping cartoon-squid PFP stacked from painterly trait layers. Minted on Ink.,2909.gif,Wine Paper,No bloom,Reef,Ember,Brush Streak,Soft Crown
2910,Inkling #2910,A looping cartoon-squid PFP stacked from painterly trait layers. Minted on Ink.,2910.gif,Wine Paper,Gold Wash,Dumbo,Ember,Ink Splash,Bare mantle
2911,Inkling #2911,A looping cartoon-squid PFP stacked from painterly trait layers. Minted on Ink.,2911.gif,Rose Gold,Coral Glow,Reef,Lidded,Slow Drip,Kelp Flow
2912,Inkling #2912,A looping cartoon-squid PFP stacked from painterly trait layers. Minted on Ink.,2912.gif,Celadon Garden,No bloom,Inked,Lidded,Clean mantle,Pearl Cluster
2913,Inkling #2913,A looping cartoon-squid PFP stacked from painterly trait layers. Minted on Ink.,2913.gif,Charcoal Wash,No bloom,Glass,Bright,Red Seal,Bare mantle
2914,Inkling #2914,A looping cartoon-squid PFP stacked from painterly trait layers. Minted on Ink.,2914.gif,Cream Rice,Coral Glow,Giant,Wink,Clean mantle,Soft Crown
2915,Inkling #2915,A looping cartoon-squid PFP stacked from painterly trait layers. Minted on Ink.,2915.gif,Peach Dusk,No bloom,Dumbo,Sleepy,Clean mantle,Ink Ribbon
2916,Inkling #2916,A looping cartoon-squid PFP stacked from painterly trait layers. Minted on Ink.,2916.gif,Charcoal Wash,Violet Haze,Cuttle,Dew,Ink Splash,Wash Hood
2917,Inkling #2917,A looping cartoon-squid PFP stacked from painterly trait layers. Minted on Ink.,2917.gif,Wine Paper,Coral Glow,Glass,Lidded,Ink Splash,Pearl Cluster
2918,Inkling #2918,A looping cartoon-squid PFP stacked from painterly trait layers. Minted on Ink.,2918.gif,Storm Grey,No bloom,Glass,Dew,Ink Splash,Bare mantle
2919,Inkling #2919,A looping cartoon-squid PFP stacked from painterly trait layers. Minted on Ink.,2919.gif,Indigo Night,No bloom,Bobtail,Dew,Clean mantle,Kelp Flow
2920,Inkling #2920,A looping cartoon-squid PFP stacked from painterly trait layers. Minted on Ink.,2920.gif,Celadon Garden,Gold Wash,Reef,Sleepy,Slow Drip,Kelp Flow
2921,Inkling #2921,A looping cartoon-squid PFP stacked from painterly trait layers. Minted on Ink.,2921.gif,Celadon Garden,Coral Glow,Giant,Bright,Ink Splash,Pearl Cluster
2922,Inkling #2922,A looping cartoon-squid PFP stacked from painterly trait layers. Minted on Ink.,2922.gif,Wine Paper,Gold Wash,Bobtail,Ember,Brush Streak,Pearl Cluster
2923,Inkling #2923,A looping cartoon-squid PFP stacked from painterly trait layers. Minted on Ink.,2923.gif,Storm Grey,No bloom,Dumbo,Bright,Slow Drip,Pearl Cluster
2924,Inkling #2924,A looping cartoon-squid PFP stacked from painterly trait layers. Minted on Ink.,2924.gif,Peach Dusk,No bloom,Firefly,Bright,Brush Streak,Pearl Cluster
2925,Inkling #2925,A looping cartoon-squid PFP stacked from painterly trait layers. Minted on Ink.,2925.gif,Charcoal Wash,Violet Haze,Dumbo,Dew,Clean mantle,Kelp Flow
2926,Inkling #2926,A looping cartoon-squid PFP stacked from painterly trait layers. Minted on Ink.,2926.gif,Peach Dusk,Gold Wash,Dumbo,Dew,Clean mantle,Pearl Cluster
2927,Inkling #2927,A looping cartoon-squid PFP stacked from painterly trait layers. Minted on Ink.,2927.gif,Peach Dusk,Teal Mist,Inked,Lidded,Clean mantle,Pearl Cluster
2928,Inkling #2928,A looping cartoon-squid PFP stacked from painterly trait layers. Minted on Ink.,2928.gif,Indigo Night,No bloom,Giant,Ember,Brush Streak,Bare mantle
2929,Inkling #2929,A looping cartoon-squid PFP stacked from painterly trait layers. Minted on Ink.,2929.gif,Indigo Night,Violet Haze,Glass,Dew,Clean mantle,Wash Hood
2930,Inkling #2930,A looping cartoon-squid PFP stacked from painterly trait layers. Minted on Ink.,2930.gif,Peach Dusk,No bloom,Firefly,Wink,Slow Drip,Pearl Cluster
2931,Inkling #2931,A looping cartoon-squid PFP stacked from painterly trait layers. Minted on Ink.,2931.gif,Celadon Garden,No bloom,Dumbo,Bright,Clean mantle,Wash Hood
2932,Inkling #2932,A looping cartoon-squid PFP stacked from painterly trait layers. Minted on Ink.,2932.gif,Peach Dusk,Coral Glow,Bobtail,Bright,Clean mantle,Bare mantle
2933,Inkling #2933,A looping cartoon-squid PFP stacked from painterly trait layers. Minted on Ink.,2933.gif,Charcoal Wash,Violet Haze,Reef,Sleepy,Slow Drip,Bare mantle
2934,Inkling #2934,A looping cartoon-squid PFP stacked from painterly trait layers. Minted on Ink.,2934.gif,Rose Gold,Teal Mist,Giant,Bright,Brush Streak,Soft Crown
2935,Inkling #2935,A looping cartoon-squid PFP stacked from painterly trait layers. Minted on Ink.,2935.gif,Wine Paper,Silver Veil,Firefly,Lidded,Clean mantle,Pearl Cluster
2936,Inkling #2936,A looping cartoon-squid PFP stacked from painterly trait layers. Minted on Ink.,2936.gif,Indigo Night,Teal Mist,Dumbo,Sleepy,Ink Splash,Pearl Cluster
2937,Inkling #2937,A looping cartoon-squid PFP stacked from painterly trait layers. Minted on Ink.,2937.gif,Rose Gold,Coral Glow,Firefly,Bright,Brush Streak,Bare mantle
2938,Inkling #2938,A looping cartoon-squid PFP stacked from painterly trait layers. Minted on Ink.,2938.gif,Celadon Garden,Teal Mist,Inked,Lidded,Clean mantle,Ink Ribbon
2939,Inkling #2939,A looping cartoon-squid PFP stacked from painterly trait layers. Minted on Ink.,2939.gif,Celadon Garden,Gold Wash,Bobtail,Lidded,Brush Streak,Kelp Flow
2940,Inkling #2940,A looping cartoon-squid PFP stacked from painterly trait layers. Minted on Ink.,2940.gif,Indigo Night,No bloom,Giant,Wink,Brush Streak,Soft Crown
2941,Inkling #2941,A looping cartoon-squid PFP stacked from painterly trait layers. Minted on Ink.,2941.gif,Wine Paper,Violet Haze,Glass,Dew,Clean mantle,Ink Ribbon
2942,Inkling #2942,A looping cartoon-squid PFP stacked from painterly trait layers. Minted on Ink.,2942.gif,Storm Grey,No bloom,Reef,Bright,Slow Drip,Soft Crown
2943,Inkling #2943,A looping cartoon-squid PFP stacked from painterly trait layers. Minted on Ink.,2943.gif,Celadon Garden,No bloom,Reef,Wink,Ink Splash,Pearl Cluster
2944,Inkling #2944,A looping cartoon-squid PFP stacked from painterly trait layers. Minted on Ink.,2944.gif,Charcoal Wash,Coral Glow,Glass,Bright,Clean mantle,Kelp Flow
2945,Inkling #2945,A looping cartoon-squid PFP stacked from painterly trait layers. Minted on Ink.,2945.gif,Peach Dusk,Gold Wash,Dumbo,Bright,Red Seal,Ink Ribbon
2946,Inkling #2946,A looping cartoon-squid PFP stacked from painterly trait layers. Minted on Ink.,2946.gif,Storm Grey,Silver Veil,Dumbo,Sleepy,Slow Drip,Wash Hood
2947,Inkling #2947,A looping cartoon-squid PFP stacked from painterly trait layers. Minted on Ink.,2947.gif,Indigo Night,Violet Haze,Cuttle,Sleepy,Clean mantle,Kelp Flow
2948,Inkling #2948,A looping cartoon-squid PFP stacked from painterly trait layers. Minted on Ink.,2948.gif,Wine Paper,No bloom,Bobtail,Lidded,Slow Drip,Bare mantle
2949,Inkling #2949,A looping cartoon-squid PFP stacked from painterly trait layers. Minted on Ink.,2949.gif,Rose Gold,Coral Glow,Inked,Ember,Clean mantle,Ink Ribbon
2950,Inkling #2950,A looping cartoon-squid PFP stacked from painterly trait layers. Minted on Ink.,2950.gif,Wine Paper,Silver Veil,Bobtail,Sleepy,Clean mantle,Bare mantle
2951,Inkling #2951,A looping cartoon-squid PFP stacked from painterly trait layers. Minted on Ink.,2951.gif,Indigo Night,Silver Veil,Bobtail,Ember,Red Seal,Wash Hood
2952,Inkling #2952,A looping cartoon-squid PFP stacked from painterly trait layers. Minted on Ink.,2952.gif,Indigo Night,No bloom,Dumbo,Ember,Slow Drip,Soft Crown
2953,Inkling #2953,A looping cartoon-squid PFP stacked from painterly trait layers. Minted on Ink.,2953.gif,Indigo Night,Violet Haze,Inked,Lidded,Clean mantle,Wash Hood
2954,Inkling #2954,A looping cartoon-squid PFP stacked from painterly trait layers. Minted on Ink.,2954.gif,Peach Dusk,Teal Mist,Dumbo,Sleepy,Clean mantle,Bare mantle
2955,Inkling #2955,A looping cartoon-squid PFP stacked from painterly trait layers. Minted on Ink.,2955.gif,Storm Grey,Violet Haze,Firefly,Ember,Brush Streak,Kelp Flow
2956,Inkling #2956,A looping cartoon-squid PFP stacked from painterly trait layers. Minted on Ink.,2956.gif,Storm Grey,Violet Haze,Firefly,Lidded,Clean mantle,Ink Ribbon
2957,Inkling #2957,A looping cartoon-squid PFP stacked from painterly trait layers. Minted on Ink.,2957.gif,Charcoal Wash,Silver Veil,Firefly,Sleepy,Red Seal,Ink Ribbon
2958,Inkling #2958,A looping cartoon-squid PFP stacked from painterly trait layers. Minted on Ink.,2958.gif,Indigo Night,Coral Glow,Cuttle,Ember,Slow Drip,Soft Crown
2959,Inkling #2959,A looping cartoon-squid PFP stacked from painterly trait layers. Minted on Ink.,2959.gif,Rose Gold,No bloom,Inked,Dew,Brush Streak,Wash Hood
2960,Inkling #2960,A looping cartoon-squid PFP stacked from painterly trait layers. Minted on Ink.,2960.gif,Indigo Night,Teal Mist,Bobtail,Ember,Red Seal,Soft Crown
2961,Inkling #2961,A looping cartoon-squid PFP stacked from painterly trait layers. Minted on Ink.,2961.gif,Wine Paper,Gold Wash,Firefly,Ember,Ink Splash,Soft Crown
2962,Inkling #2962,A looping cartoon-squid PFP stacked from painterly trait layers. Minted on Ink.,2962.gif,Storm Grey,Silver Veil,Dumbo,Dew,Slow Drip,Bare mantle
2963,Inkling #2963,A looping cartoon-squid PFP stacked from painterly trait layers. Minted on Ink.,2963.gif,Indigo Night,Gold Wash,Reef,Ember,Ink Splash,Kelp Flow
2964,Inkling #2964,A looping cartoon-squid PFP stacked from painterly trait layers. Minted on Ink.,2964.gif,Rose Gold,Silver Veil,Dumbo,Sleepy,Red Seal,Pearl Cluster
2965,Inkling #2965,A looping cartoon-squid PFP stacked from painterly trait layers. Minted on Ink.,2965.gif,Indigo Night,Gold Wash,Cuttle,Sleepy,Clean mantle,Bare mantle
2966,Inkling #2966,A looping cartoon-squid PFP stacked from painterly trait layers. Minted on Ink.,2966.gif,Storm Grey,Silver Veil,Bobtail,Lidded,Slow Drip,Kelp Flow
2967,Inkling #2967,A looping cartoon-squid PFP stacked from painterly trait layers. Minted on Ink.,2967.gif,Rose Gold,Gold Wash,Dumbo,Bright,Ink Splash,Ink Ribbon
2968,Inkling #2968,A looping cartoon-squid PFP stacked from painterly trait layers. Minted on Ink.,2968.gif,Peach Dusk,Gold Wash,Dumbo,Wink,Clean mantle,Bare mantle
2969,Inkling #2969,A looping cartoon-squid PFP stacked from painterly trait layers. Minted on Ink.,2969.gif,Peach Dusk,Teal Mist,Firefly,Ember,Clean mantle,Ink Ribbon
2970,Inkling #2970,A looping cartoon-squid PFP stacked from painterly trait layers. Minted on Ink.,2970.gif,Charcoal Wash,Gold Wash,Dumbo,Dew,Clean mantle,Kelp Flow
2971,Inkling #2971,A looping cartoon-squid PFP stacked from painterly trait layers. Minted on Ink.,2971.gif,Rose Gold,Silver Veil,Bobtail,Dew,Red Seal,Kelp Flow
2972,Inkling #2972,A looping cartoon-squid PFP stacked from painterly trait layers. Minted on Ink.,2972.gif,Rose Gold,Gold Wash,Bobtail,Ember,Clean mantle,Soft Crown
2973,Inkling #2973,A looping cartoon-squid PFP stacked from painterly trait layers. Minted on Ink.,2973.gif,Indigo Night,Violet Haze,Bobtail,Bright,Clean mantle,Pearl Cluster
2974,Inkling #2974,A looping cartoon-squid PFP stacked from painterly trait layers. Minted on Ink.,2974.gif,Celadon Garden,Violet Haze,Inked,Wink,Ink Splash,Wash Hood
2975,Inkling #2975,A looping cartoon-squid PFP stacked from painterly trait layers. Minted on Ink.,2975.gif,Indigo Night,Gold Wash,Giant,Sleepy,Slow Drip,Wash Hood
2976,Inkling #2976,A looping cartoon-squid PFP stacked from painterly trait layers. Minted on Ink.,2976.gif,Rose Gold,Violet Haze,Giant,Lidded,Slow Drip,Bare mantle
2977,Inkling #2977,A looping cartoon-squid PFP stacked from painterly trait layers. Minted on Ink.,2977.gif,Charcoal Wash,Violet Haze,Glass,Wink,Clean mantle,Pearl Cluster
2978,Inkling #2978,A looping cartoon-squid PFP stacked from painterly trait layers. Minted on Ink.,2978.gif,Indigo Night,No bloom,Bobtail,Wink,Brush Streak,Bare mantle
2979,Inkling #2979,A looping cartoon-squid PFP stacked from painterly trait layers. Minted on Ink.,2979.gif,Cream Rice,No bloom,Dumbo,Bright,Red Seal,Ink Ribbon
2980,Inkling #2980,A looping cartoon-squid PFP stacked from painterly trait layers. Minted on Ink.,2980.gif,Celadon Garden,No bloom,Bobtail,Lidded,Ink Splash,Ink Ribbon
2981,Inkling #2981,A looping cartoon-squid PFP stacked from painterly trait layers. Minted on Ink.,2981.gif,Peach Dusk,Gold Wash,Firefly,Lidded,Ink Splash,Bare mantle
2982,Inkling #2982,A looping cartoon-squid PFP stacked from painterly trait layers. Minted on Ink.,2982.gif,Peach Dusk,Teal Mist,Bobtail,Wink,Brush Streak,Kelp Flow
2983,Inkling #2983,A looping cartoon-squid PFP stacked from painterly trait layers. Minted on Ink.,2983.gif,Wine Paper,Silver Veil,Inked,Bright,Slow Drip,Bare mantle
2984,Inkling #2984,A looping cartoon-squid PFP stacked from painterly trait layers. Minted on Ink.,2984.gif,Peach Dusk,Coral Glow,Reef,Sleepy,Clean mantle,Wash Hood
2985,Inkling #2985,A looping cartoon-squid PFP stacked from painterly trait layers. Minted on Ink.,2985.gif,Cream Rice,No bloom,Bobtail,Sleepy,Ink Splash,Soft Crown
2986,Inkling #2986,A looping cartoon-squid PFP stacked from painterly trait layers. Minted on Ink.,2986.gif,Celadon Garden,Violet Haze,Firefly,Bright,Ink Splash,Bare mantle
2987,Inkling #2987,A looping cartoon-squid PFP stacked from painterly trait layers. Minted on Ink.,2987.gif,Peach Dusk,No bloom,Reef,Bright,Ink Splash,Kelp Flow
2988,Inkling #2988,A looping cartoon-squid PFP stacked from painterly trait layers. Minted on Ink.,2988.gif,Celadon Garden,Violet Haze,Bobtail,Sleepy,Clean mantle,Wash Hood
2989,Inkling #2989,A looping cartoon-squid PFP stacked from painterly trait layers. Minted on Ink.,2989.gif,Charcoal Wash,Coral Glow,Cuttle,Ember,Clean mantle,Soft Crown
2990,Inkling #2990,A looping cartoon-squid PFP stacked from painterly trait layers. Minted on Ink.,2990.gif,Charcoal Wash,Gold Wash,Bobtail,Lidded,Brush Streak,Kelp Flow
2991,Inkling #2991,A looping cartoon-squid PFP stacked from painterly trait layers. Minted on Ink.,2991.gif,Indigo Night,Teal Mist,Bobtail,Bright,Ink Splash,Kelp Flow
2992,Inkling #2992,A looping cartoon-squid PFP stacked from painterly trait layers. Minted on Ink.,2992.gif,Indigo Night,Silver Veil,Giant,Lidded,Clean mantle,Bare mantle
2993,Inkling #2993,A looping cartoon-squid PFP stacked from painterly trait layers. Minted on Ink.,2993.gif,Indigo Night,Silver Veil,Bobtail,Dew,Ink Splash,Bare mantle
2994,Inkling #2994,A looping cartoon-squid PFP stacked from painterly trait layers. Minted on Ink.,2994.gif,Celadon Garden,Coral Glow,Dumbo,Wink,Clean mantle,Ink Ribbon
2995,Inkling #2995,A looping cartoon-squid PFP stacked from painterly trait layers. Minted on Ink.,2995.gif,Storm Grey,No bloom,Cuttle,Ember,Red Seal,Wash Hood
2996,Inkling #2996,A looping cartoon-squid PFP stacked from painterly trait layers. Minted on Ink.,2996.gif,Storm Grey,No bloom,Cuttle,Lidded,Red Seal,Ink Ribbon
2997,Inkling #2997,A looping cartoon-squid PFP stacked from painterly trait layers. Minted on Ink.,2997.gif,Storm Grey,No bloom,Glass,Wink,Clean mantle,Wash Hood
2998,Inkling #2998,A looping cartoon-squid PFP stacked from painterly trait layers. Minted on Ink.,2998.gif,Indigo Night,Gold Wash,Reef,Ember,Slow Drip,Bare mantle
2999,Inkling #2999,A looping cartoon-squid PFP stacked from painterly trait layers. Minted on Ink.,2999.gif,Celadon Garden,Violet Haze,Giant,Lidded,Clean mantle,Pearl Cluster
3000,Inkling #3000,A looping cartoon-squid PFP stacked from painterly trait layers. Minted on Ink.,3000.gif,Indigo Night,No bloom,Cuttle,Ember,Ink Splash,Kelp Flow
3001,Inkling #3001,A looping cartoon-squid PFP stacked from painterly trait layers. Minted on Ink.,3001.gif,Rose Gold,Silver Veil,Dumbo,Bright,Brush Streak,Bare mantle
3002,Inkling #3002,A looping cartoon-squid PFP stacked from painterly trait layers. Minted on Ink.,3002.gif,Cream Rice,Teal Mist,Bobtail,Bright,Ink Splash,Soft Crown
3003,Inkling #3003,A looping cartoon-squid PFP stacked from painterly trait layers. Minted on Ink.,3003.gif,Wine Paper,Coral Glow,Dumbo,Wink,Clean mantle,Kelp Flow
3004,Inkling #3004,A looping cartoon-squid PFP stacked from painterly trait layers. Minted on Ink.,3004.gif,Storm Grey,No bloom,Dumbo,Bright,Brush Streak,Soft Crown
3005,Inkling #3005,A looping cartoon-squid PFP stacked from painterly trait layers. Minted on Ink.,3005.gif,Storm Grey,Coral Glow,Giant,Dew,Clean mantle,Pearl Cluster
3006,Inkling #3006,A looping cartoon-squid PFP stacked from painterly trait layers. Minted on Ink.,3006.gif,Cream Rice,Violet Haze,Cuttle,Dew,Clean mantle,Ink Ribbon
3007,Inkling #3007,A looping cartoon-squid PFP stacked from painterly trait layers. Minted on Ink.,3007.gif,Storm Grey,No bloom,Reef,Sleepy,Slow Drip,Kelp Flow
3008,Inkling #3008,A looping cartoon-squid PFP stacked from painterly trait layers. Minted on Ink.,3008.gif,Celadon Garden,Coral Glow,Cuttle,Bright,Ink Splash,Pearl Cluster
3009,Inkling #3009,A looping cartoon-squid PFP stacked from painterly trait layers. Minted on Ink.,3009.gif,Charcoal Wash,No bloom,Giant,Ember,Clean mantle,Ink Ribbon
3010,Inkling #3010,A looping cartoon-squid PFP stacked from painterly trait layers. Minted on Ink.,3010.gif,Indigo Night,Coral Glow,Dumbo,Lidded,Slow Drip,Kelp Flow
3011,Inkling #3011,A looping cartoon-squid PFP stacked from painterly trait layers. Minted on Ink.,3011.gif,Celadon Garden,Coral Glow,Dumbo,Dew,Slow Drip,Bare mantle
3012,Inkling #3012,A looping cartoon-squid PFP stacked from painterly trait layers. Minted on Ink.,3012.gif,Cream Rice,No bloom,Inked,Lidded,Ink Splash,Bare mantle
3013,Inkling #3013,A looping cartoon-squid PFP stacked from painterly trait layers. Minted on Ink.,3013.gif,Charcoal Wash,Violet Haze,Inked,Lidded,Red Seal,Bare mantle
3014,Inkling #3014,A looping cartoon-squid PFP stacked from painterly trait layers. Minted on Ink.,3014.gif,Indigo Night,No bloom,Cuttle,Lidded,Red Seal,Wash Hood
3015,Inkling #3015,A looping cartoon-squid PFP stacked from painterly trait layers. Minted on Ink.,3015.gif,Peach Dusk,No bloom,Dumbo,Sleepy,Ink Splash,Bare mantle
3016,Inkling #3016,A looping cartoon-squid PFP stacked from painterly trait layers. Minted on Ink.,3016.gif,Rose Gold,Silver Veil,Bobtail,Lidded,Clean mantle,Wash Hood
3017,Inkling #3017,A looping cartoon-squid PFP stacked from painterly trait layers. Minted on Ink.,3017.gif,Peach Dusk,Coral Glow,Cuttle,Ember,Slow Drip,Bare mantle
3018,Inkling #3018,A looping cartoon-squid PFP stacked from painterly trait layers. Minted on Ink.,3018.gif,Storm Grey,No bloom,Bobtail,Ember,Clean mantle,Pearl Cluster
3019,Inkling #3019,A looping cartoon-squid PFP stacked from painterly trait layers. Minted on Ink.,3019.gif,Cream Rice,Silver Veil,Dumbo,Sleepy,Ink Splash,Kelp Flow
3020,Inkling #3020,A looping cartoon-squid PFP stacked from painterly trait layers. Minted on Ink.,3020.gif,Charcoal Wash,No bloom,Reef,Bright,Brush Streak,Soft Crown
3021,Inkling #3021,A looping cartoon-squid PFP stacked from painterly trait layers. Minted on Ink.,3021.gif,Charcoal Wash,Silver Veil,Inked,Ember,Slow Drip,Bare mantle
3022,Inkling #3022,A looping cartoon-squid PFP stacked from painterly trait layers. Minted on Ink.,3022.gif,Indigo Night,Gold Wash,Bobtail,Sleepy,Clean mantle,Kelp Flow
3023,Inkling #3023,A looping cartoon-squid PFP stacked from painterly trait layers. Minted on Ink.,3023.gif,Indigo Night,No bloom,Bobtail,Lidded,Red Seal,Bare mantle
3024,Inkling #3024,A looping cartoon-squid PFP stacked from painterly trait layers. Minted on Ink.,3024.gif,Celadon Garden,Violet Haze,Firefly,Lidded,Ink Splash,Kelp Flow
3025,Inkling #3025,A looping cartoon-squid PFP stacked from painterly trait layers. Minted on Ink.,3025.gif,Celadon Garden,Gold Wash,Dumbo,Sleepy,Clean mantle,Wash Hood
3026,Inkling #3026,A looping cartoon-squid PFP stacked from painterly trait layers. Minted on Ink.,3026.gif,Wine Paper,Teal Mist,Giant,Sleepy,Red Seal,Ink Ribbon
3027,Inkling #3027,A looping cartoon-squid PFP stacked from painterly trait layers. Minted on Ink.,3027.gif,Celadon Garden,No bloom,Cuttle,Bright,Clean mantle,Wash Hood
3028,Inkling #3028,A looping cartoon-squid PFP stacked from painterly trait layers. Minted on Ink.,3028.gif,Charcoal Wash,Silver Veil,Bobtail,Sleepy,Ink Splash,Ink Ribbon
3029,Inkling #3029,A looping cartoon-squid PFP stacked from painterly trait layers. Minted on Ink.,3029.gif,Wine Paper,No bloom,Dumbo,Ember,Ink Splash,Soft Crown
3030,Inkling #3030,A looping cartoon-squid PFP stacked from painterly trait layers. Minted on Ink.,3030.gif,Cream Rice,No bloom,Inked,Lidded,Red Seal,Kelp Flow
3031,Inkling #3031,A looping cartoon-squid PFP stacked from painterly trait layers. Minted on Ink.,3031.gif,Charcoal Wash,Teal Mist,Cuttle,Bright,Brush Streak,Bare mantle
3032,Inkling #3032,A looping cartoon-squid PFP stacked from painterly trait layers. Minted on Ink.,3032.gif,Rose Gold,Violet Haze,Bobtail,Sleepy,Clean mantle,Pearl Cluster
3033,Inkling #3033,A looping cartoon-squid PFP stacked from painterly trait layers. Minted on Ink.,3033.gif,Peach Dusk,No bloom,Giant,Ember,Slow Drip,Wash Hood
3034,Inkling #3034,A looping cartoon-squid PFP stacked from painterly trait layers. Minted on Ink.,3034.gif,Storm Grey,Silver Veil,Bobtail,Lidded,Slow Drip,Ink Ribbon
3035,Inkling #3035,A looping cartoon-squid PFP stacked from painterly trait layers. Minted on Ink.,3035.gif,Rose Gold,No bloom,Dumbo,Wink,Slow Drip,Bare mantle
3036,Inkling #3036,A looping cartoon-squid PFP stacked from painterly trait layers. Minted on Ink.,3036.gif,Rose Gold,Gold Wash,Giant,Ember,Ink Splash,Soft Crown
3037,Inkling #3037,A looping cartoon-squid PFP stacked from painterly trait layers. Minted on Ink.,3037.gif,Charcoal Wash,Silver Veil,Giant,Lidded,Clean mantle,Soft Crown
3038,Inkling #3038,A looping cartoon-squid PFP stacked from painterly trait layers. Minted on Ink.,3038.gif,Peach Dusk,Violet Haze,Firefly,Dew,Clean mantle,Bare mantle
3039,Inkling #3039,A looping cartoon-squid PFP stacked from painterly trait layers. Minted on Ink.,3039.gif,Charcoal Wash,Violet Haze,Firefly,Dew,Ink Splash,Kelp Flow
3040,Inkling #3040,A looping cartoon-squid PFP stacked from painterly trait layers. Minted on Ink.,3040.gif,Indigo Night,Gold Wash,Cuttle,Ember,Red Seal,Ink Ribbon
3041,Inkling #3041,A looping cartoon-squid PFP stacked from painterly trait layers. Minted on Ink.,3041.gif,Celadon Garden,Gold Wash,Giant,Ember,Clean mantle,Ink Ribbon
3042,Inkling #3042,A looping cartoon-squid PFP stacked from painterly trait layers. Minted on Ink.,3042.gif,Peach Dusk,Violet Haze,Glass,Ember,Red Seal,Ink Ribbon
3043,Inkling #3043,A looping cartoon-squid PFP stacked from painterly trait layers. Minted on Ink.,3043.gif,Celadon Garden,Gold Wash,Bobtail,Ember,Clean mantle,Kelp Flow
3044,Inkling #3044,A looping cartoon-squid PFP stacked from painterly trait layers. Minted on Ink.,3044.gif,Celadon Garden,Coral Glow,Cuttle,Ember,Red Seal,Bare mantle
3045,Inkling #3045,A looping cartoon-squid PFP stacked from painterly trait layers. Minted on Ink.,3045.gif,Charcoal Wash,Silver Veil,Inked,Dew,Slow Drip,Bare mantle
3046,Inkling #3046,A looping cartoon-squid PFP stacked from painterly trait layers. Minted on Ink.,3046.gif,Peach Dusk,Teal Mist,Reef,Wink,Red Seal,Pearl Cluster
3047,Inkling #3047,A looping cartoon-squid PFP stacked from painterly trait layers. Minted on Ink.,3047.gif,Charcoal Wash,No bloom,Reef,Lidded,Slow Drip,Soft Crown
3048,Inkling #3048,A looping cartoon-squid PFP stacked from painterly trait layers. Minted on Ink.,3048.gif,Peach Dusk,Teal Mist,Reef,Lidded,Red Seal,Wash Hood
3049,Inkling #3049,A looping cartoon-squid PFP stacked from painterly trait layers. Minted on Ink.,3049.gif,Celadon Garden,No bloom,Cuttle,Bright,Slow Drip,Pearl Cluster
3050,Inkling #3050,A looping cartoon-squid PFP stacked from painterly trait layers. Minted on Ink.,3050.gif,Charcoal Wash,Gold Wash,Dumbo,Wink,Brush Streak,Bare mantle
3051,Inkling #3051,A looping cartoon-squid PFP stacked from painterly trait layers. Minted on Ink.,3051.gif,Wine Paper,Teal Mist,Bobtail,Lidded,Clean mantle,Bare mantle
3052,Inkling #3052,A looping cartoon-squid PFP stacked from painterly trait layers. Minted on Ink.,3052.gif,Charcoal Wash,No bloom,Inked,Lidded,Ink Splash,Wash Hood
3053,Inkling #3053,A looping cartoon-squid PFP stacked from painterly trait layers. Minted on Ink.,3053.gif,Celadon Garden,Coral Glow,Bobtail,Wink,Clean mantle,Bare mantle
3054,Inkling #3054,A looping cartoon-squid PFP stacked from painterly trait layers. Minted on Ink.,3054.gif,Rose Gold,No bloom,Glass,Bright,Ink Splash,Soft Crown
3055,Inkling #3055,A looping cartoon-squid PFP stacked from painterly trait layers. Minted on Ink.,3055.gif,Rose Gold,No bloom,Dumbo,Bright,Clean mantle,Bare mantle
3056,Inkling #3056,A looping cartoon-squid PFP stacked from painterly trait layers. Minted on Ink.,3056.gif,Peach Dusk,No bloom,Bobtail,Ember,Slow Drip,Bare mantle
3057,Inkling #3057,A looping cartoon-squid PFP stacked from painterly trait layers. Minted on Ink.,3057.gif,Cream Rice,No bloom,Cuttle,Ember,Clean mantle,Pearl Cluster
3058,Inkling #3058,A looping cartoon-squid PFP stacked from painterly trait layers. Minted on Ink.,3058.gif,Charcoal Wash,Gold Wash,Giant,Lidded,Red Seal,Soft Crown
3059,Inkling #3059,A looping cartoon-squid PFP stacked from painterly trait layers. Minted on Ink.,3059.gif,Charcoal Wash,Teal Mist,Dumbo,Bright,Clean mantle,Bare mantle
3060,Inkling #3060,A looping cartoon-squid PFP stacked from painterly trait layers. Minted on Ink.,3060.gif,Celadon Garden,Teal Mist,Giant,Lidded,Red Seal,Soft Crown
3061,Inkling #3061,A looping cartoon-squid PFP stacked from painterly trait layers. Minted on Ink.,3061.gif,Charcoal Wash,Teal Mist,Reef,Bright,Clean mantle,Wash Hood
3062,Inkling #3062,A looping cartoon-squid PFP stacked from painterly trait layers. Minted on Ink.,3062.gif,Storm Grey,Teal Mist,Bobtail,Bright,Slow Drip,Bare mantle
3063,Inkling #3063,A looping cartoon-squid PFP stacked from painterly trait layers. Minted on Ink.,3063.gif,Indigo Night,Silver Veil,Bobtail,Sleepy,Clean mantle,Bare mantle
3064,Inkling #3064,A looping cartoon-squid PFP stacked from painterly trait layers. Minted on Ink.,3064.gif,Storm Grey,Violet Haze,Dumbo,Ember,Brush Streak,Pearl Cluster
3065,Inkling #3065,A looping cartoon-squid PFP stacked from painterly trait layers. Minted on Ink.,3065.gif,Cream Rice,Gold Wash,Glass,Ember,Brush Streak,Soft Crown
3066,Inkling #3066,A looping cartoon-squid PFP stacked from painterly trait layers. Minted on Ink.,3066.gif,Charcoal Wash,Violet Haze,Firefly,Dew,Ink Splash,Bare mantle
3067,Inkling #3067,A looping cartoon-squid PFP stacked from painterly trait layers. Minted on Ink.,3067.gif,Wine Paper,Teal Mist,Reef,Dew,Brush Streak,Kelp Flow
3068,Inkling #3068,A looping cartoon-squid PFP stacked from painterly trait layers. Minted on Ink.,3068.gif,Wine Paper,Coral Glow,Inked,Bright,Brush Streak,Kelp Flow
3069,Inkling #3069,A looping cartoon-squid PFP stacked from painterly trait layers. Minted on Ink.,3069.gif,Peach Dusk,Teal Mist,Cuttle,Dew,Clean mantle,Wash Hood
3070,Inkling #3070,A looping cartoon-squid PFP stacked from painterly trait layers. Minted on Ink.,3070.gif,Peach Dusk,Violet Haze,Bobtail,Bright,Clean mantle,Kelp Flow
3071,Inkling #3071,A looping cartoon-squid PFP stacked from painterly trait layers. Minted on Ink.,3071.gif,Charcoal Wash,Silver Veil,Reef,Lidded,Clean mantle,Soft Crown
3072,Inkling #3072,A looping cartoon-squid PFP stacked from painterly trait layers. Minted on Ink.,3072.gif,Cream Rice,Gold Wash,Firefly,Lidded,Red Seal,Bare mantle
3073,Inkling #3073,A looping cartoon-squid PFP stacked from painterly trait layers. Minted on Ink.,3073.gif,Peach Dusk,Coral Glow,Reef,Lidded,Ink Splash,Wash Hood
3074,Inkling #3074,A looping cartoon-squid PFP stacked from painterly trait layers. Minted on Ink.,3074.gif,Celadon Garden,No bloom,Dumbo,Sleepy,Slow Drip,Kelp Flow
3075,Inkling #3075,A looping cartoon-squid PFP stacked from painterly trait layers. Minted on Ink.,3075.gif,Wine Paper,Gold Wash,Reef,Lidded,Clean mantle,Soft Crown
3076,Inkling #3076,A looping cartoon-squid PFP stacked from painterly trait layers. Minted on Ink.,3076.gif,Cream Rice,Violet Haze,Giant,Bright,Ink Splash,Bare mantle
3077,Inkling #3077,A looping cartoon-squid PFP stacked from painterly trait layers. Minted on Ink.,3077.gif,Wine Paper,Coral Glow,Giant,Sleepy,Red Seal,Wash Hood
3078,Inkling #3078,A looping cartoon-squid PFP stacked from painterly trait layers. Minted on Ink.,3078.gif,Storm Grey,Gold Wash,Bobtail,Lidded,Clean mantle,Pearl Cluster
3079,Inkling #3079,A looping cartoon-squid PFP stacked from painterly trait layers. Minted on Ink.,3079.gif,Rose Gold,No bloom,Inked,Ember,Clean mantle,Ink Ribbon
3080,Inkling #3080,A looping cartoon-squid PFP stacked from painterly trait layers. Minted on Ink.,3080.gif,Storm Grey,Gold Wash,Cuttle,Dew,Red Seal,Wash Hood
3081,Inkling #3081,A looping cartoon-squid PFP stacked from painterly trait layers. Minted on Ink.,3081.gif,Rose Gold,Silver Veil,Giant,Sleepy,Clean mantle,Ink Ribbon
3082,Inkling #3082,A looping cartoon-squid PFP stacked from painterly trait layers. Minted on Ink.,3082.gif,Storm Grey,Violet Haze,Giant,Sleepy,Red Seal,Soft Crown
3083,Inkling #3083,A looping cartoon-squid PFP stacked from painterly trait layers. Minted on Ink.,3083.gif,Rose Gold,No bloom,Reef,Wink,Red Seal,Kelp Flow
3084,Inkling #3084,A looping cartoon-squid PFP stacked from painterly trait layers. Minted on Ink.,3084.gif,Wine Paper,No bloom,Giant,Wink,Clean mantle,Bare mantle
3085,Inkling #3085,A looping cartoon-squid PFP stacked from painterly trait layers. Minted on Ink.,3085.gif,Charcoal Wash,Violet Haze,Cuttle,Bright,Slow Drip,Ink Ribbon
3086,Inkling #3086,A looping cartoon-squid PFP stacked from painterly trait layers. Minted on Ink.,3086.gif,Indigo Night,Gold Wash,Firefly,Wink,Clean mantle,Bare mantle
3087,Inkling #3087,A looping cartoon-squid PFP stacked from painterly trait layers. Minted on Ink.,3087.gif,Storm Grey,Violet Haze,Cuttle,Lidded,Slow Drip,Soft Crown
3088,Inkling #3088,A looping cartoon-squid PFP stacked from painterly trait layers. Minted on Ink.,3088.gif,Peach Dusk,Violet Haze,Reef,Bright,Ink Splash,Pearl Cluster
3089,Inkling #3089,A looping cartoon-squid PFP stacked from painterly trait layers. Minted on Ink.,3089.gif,Storm Grey,Silver Veil,Cuttle,Wink,Brush Streak,Bare mantle
3090,Inkling #3090,A looping cartoon-squid PFP stacked from painterly trait layers. Minted on Ink.,3090.gif,Celadon Garden,No bloom,Reef,Lidded,Clean mantle,Bare mantle
3091,Inkling #3091,A looping cartoon-squid PFP stacked from painterly trait layers. Minted on Ink.,3091.gif,Indigo Night,Teal Mist,Bobtail,Bright,Ink Splash,Ink Ribbon
3092,Inkling #3092,A looping cartoon-squid PFP stacked from painterly trait layers. Minted on Ink.,3092.gif,Charcoal Wash,Violet Haze,Reef,Lidded,Ink Splash,Kelp Flow
3093,Inkling #3093,A looping cartoon-squid PFP stacked from painterly trait layers. Minted on Ink.,3093.gif,Cream Rice,No bloom,Glass,Ember,Slow Drip,Wash Hood
3094,Inkling #3094,A looping cartoon-squid PFP stacked from painterly trait layers. Minted on Ink.,3094.gif,Peach Dusk,Violet Haze,Giant,Bright,Clean mantle,Soft Crown
3095,Inkling #3095,A looping cartoon-squid PFP stacked from painterly trait layers. Minted on Ink.,3095.gif,Indigo Night,No bloom,Cuttle,Sleepy,Slow Drip,Kelp Flow
3096,Inkling #3096,A looping cartoon-squid PFP stacked from painterly trait layers. Minted on Ink.,3096.gif,Charcoal Wash,Gold Wash,Bobtail,Bright,Clean mantle,Kelp Flow
3097,Inkling #3097,A looping cartoon-squid PFP stacked from painterly trait layers. Minted on Ink.,3097.gif,Indigo Night,No bloom,Giant,Bright,Brush Streak,Pearl Cluster
3098,Inkling #3098,A looping cartoon-squid PFP stacked from painterly trait layers. Minted on Ink.,3098.gif,Peach Dusk,No bloom,Bobtail,Sleepy,Clean mantle,Pearl Cluster
3099,Inkling #3099,A looping cartoon-squid PFP stacked from painterly trait layers. Minted on Ink.,3099.gif,Cream Rice,Silver Veil,Cuttle,Sleepy,Red Seal,Ink Ribbon
3100,Inkling #3100,A looping cartoon-squid PFP stacked from painterly trait layers. Minted on Ink.,3100.gif,Cream Rice,No bloom,Reef,Bright,Slow Drip,Pearl Cluster
3101,Inkling #3101,A looping cartoon-squid PFP stacked from painterly trait layers. Minted on Ink.,3101.gif,Peach Dusk,Coral Glow,Reef,Dew,Clean mantle,Pearl Cluster
3102,Inkling #3102,A looping cartoon-squid PFP stacked from painterly trait layers. Minted on Ink.,3102.gif,Charcoal Wash,Violet Haze,Firefly,Wink,Slow Drip,Wash Hood
3103,Inkling #3103,A looping cartoon-squid PFP stacked from painterly trait layers. Minted on Ink.,3103.gif,Cream Rice,Teal Mist,Bobtail,Lidded,Clean mantle,Bare mantle
3104,Inkling #3104,A looping cartoon-squid PFP stacked from painterly trait layers. Minted on Ink.,3104.gif,Rose Gold,No bloom,Cuttle,Sleepy,Red Seal,Pearl Cluster
3105,Inkling #3105,A looping cartoon-squid PFP stacked from painterly trait layers. Minted on Ink.,3105.gif,Cream Rice,No bloom,Firefly,Sleepy,Slow Drip,Pearl Cluster
3106,Inkling #3106,A looping cartoon-squid PFP stacked from painterly trait layers. Minted on Ink.,3106.gif,Storm Grey,Coral Glow,Firefly,Bright,Brush Streak,Bare mantle
3107,Inkling #3107,A looping cartoon-squid PFP stacked from painterly trait layers. Minted on Ink.,3107.gif,Rose Gold,No bloom,Inked,Bright,Ink Splash,Pearl Cluster
3108,Inkling #3108,A looping cartoon-squid PFP stacked from painterly trait layers. Minted on Ink.,3108.gif,Wine Paper,Coral Glow,Giant,Dew,Slow Drip,Soft Crown
3109,Inkling #3109,A looping cartoon-squid PFP stacked from painterly trait layers. Minted on Ink.,3109.gif,Storm Grey,No bloom,Giant,Ember,Slow Drip,Kelp Flow
3110,Inkling #3110,A looping cartoon-squid PFP stacked from painterly trait layers. Minted on Ink.,3110.gif,Charcoal Wash,Violet Haze,Dumbo,Wink,Clean mantle,Wash Hood
3111,Inkling #3111,A looping cartoon-squid PFP stacked from painterly trait layers. Minted on Ink.,3111.gif,Charcoal Wash,Coral Glow,Cuttle,Bright,Clean mantle,Kelp Flow
3112,Inkling #3112,A looping cartoon-squid PFP stacked from painterly trait layers. Minted on Ink.,3112.gif,Storm Grey,Silver Veil,Cuttle,Lidded,Clean mantle,Pearl Cluster
3113,Inkling #3113,A looping cartoon-squid PFP stacked from painterly trait layers. Minted on Ink.,3113.gif,Cream Rice,Gold Wash,Firefly,Lidded,Clean mantle,Ink Ribbon
3114,Inkling #3114,A looping cartoon-squid PFP stacked from painterly trait layers. Minted on Ink.,3114.gif,Charcoal Wash,Gold Wash,Glass,Dew,Brush Streak,Kelp Flow
3115,Inkling #3115,A looping cartoon-squid PFP stacked from painterly trait layers. Minted on Ink.,3115.gif,Storm Grey,No bloom,Bobtail,Bright,Clean mantle,Kelp Flow
3116,Inkling #3116,A looping cartoon-squid PFP stacked from painterly trait layers. Minted on Ink.,3116.gif,Storm Grey,No bloom,Bobtail,Wink,Brush Streak,Ink Ribbon
3117,Inkling #3117,A looping cartoon-squid PFP stacked from painterly trait layers. Minted on Ink.,3117.gif,Indigo Night,Teal Mist,Dumbo,Ember,Clean mantle,Bare mantle
3118,Inkling #3118,A looping cartoon-squid PFP stacked from painterly trait layers. Minted on Ink.,3118.gif,Charcoal Wash,Violet Haze,Firefly,Lidded,Clean mantle,Bare mantle
3119,Inkling #3119,A looping cartoon-squid PFP stacked from painterly trait layers. Minted on Ink.,3119.gif,Cream Rice,Violet Haze,Giant,Wink,Clean mantle,Soft Crown
3120,Inkling #3120,A looping cartoon-squid PFP stacked from painterly trait layers. Minted on Ink.,3120.gif,Celadon Garden,Violet Haze,Dumbo,Bright,Brush Streak,Bare mantle
3121,Inkling #3121,A looping cartoon-squid PFP stacked from painterly trait layers. Minted on Ink.,3121.gif,Indigo Night,Coral Glow,Dumbo,Lidded,Ink Splash,Pearl Cluster
3122,Inkling #3122,A looping cartoon-squid PFP stacked from painterly trait layers. Minted on Ink.,3122.gif,Storm Grey,Teal Mist,Dumbo,Dew,Brush Streak,Bare mantle
3123,Inkling #3123,A looping cartoon-squid PFP stacked from painterly trait layers. Minted on Ink.,3123.gif,Peach Dusk,Violet Haze,Glass,Lidded,Brush Streak,Pearl Cluster
3124,Inkling #3124,A looping cartoon-squid PFP stacked from painterly trait layers. Minted on Ink.,3124.gif,Rose Gold,No bloom,Bobtail,Dew,Clean mantle,Pearl Cluster
3125,Inkling #3125,A looping cartoon-squid PFP stacked from painterly trait layers. Minted on Ink.,3125.gif,Rose Gold,Violet Haze,Giant,Bright,Brush Streak,Ink Ribbon
3126,Inkling #3126,A looping cartoon-squid PFP stacked from painterly trait layers. Minted on Ink.,3126.gif,Rose Gold,Teal Mist,Dumbo,Wink,Slow Drip,Bare mantle
3127,Inkling #3127,A looping cartoon-squid PFP stacked from painterly trait layers. Minted on Ink.,3127.gif,Peach Dusk,Coral Glow,Giant,Dew,Clean mantle,Ink Ribbon
3128,Inkling #3128,A looping cartoon-squid PFP stacked from painterly trait layers. Minted on Ink.,3128.gif,Celadon Garden,Coral Glow,Firefly,Dew,Clean mantle,Bare mantle
3129,Inkling #3129,A looping cartoon-squid PFP stacked from painterly trait layers. Minted on Ink.,3129.gif,Charcoal Wash,Violet Haze,Giant,Wink,Clean mantle,Soft Crown
3130,Inkling #3130,A looping cartoon-squid PFP stacked from painterly trait layers. Minted on Ink.,3130.gif,Wine Paper,No bloom,Giant,Bright,Ink Splash,Ink Ribbon
3131,Inkling #3131,A looping cartoon-squid PFP stacked from painterly trait layers. Minted on Ink.,3131.gif,Storm Grey,Gold Wash,Bobtail,Bright,Slow Drip,Soft Crown
3132,Inkling #3132,A looping cartoon-squid PFP stacked from painterly trait layers. Minted on Ink.,3132.gif,Storm Grey,No bloom,Bobtail,Wink,Clean mantle,Pearl Cluster
3133,Inkling #3133,A looping cartoon-squid PFP stacked from painterly trait layers. Minted on Ink.,3133.gif,Storm Grey,Violet Haze,Inked,Ember,Clean mantle,Bare mantle
3134,Inkling #3134,A looping cartoon-squid PFP stacked from painterly trait layers. Minted on Ink.,3134.gif,Peach Dusk,Silver Veil,Firefly,Sleepy,Red Seal,Bare mantle
3135,Inkling #3135,A looping cartoon-squid PFP stacked from painterly trait layers. Minted on Ink.,3135.gif,Celadon Garden,Coral Glow,Giant,Ember,Red Seal,Bare mantle
3136,Inkling #3136,A looping cartoon-squid PFP stacked from painterly trait layers. Minted on Ink.,3136.gif,Indigo Night,Coral Glow,Bobtail,Dew,Clean mantle,Pearl Cluster
3137,Inkling #3137,A looping cartoon-squid PFP stacked from painterly trait layers. Minted on Ink.,3137.gif,Cream Rice,Coral Glow,Firefly,Ember,Red Seal,Bare mantle
3138,Inkling #3138,A looping cartoon-squid PFP stacked from painterly trait layers. Minted on Ink.,3138.gif,Indigo Night,Silver Veil,Firefly,Lidded,Slow Drip,Ink Ribbon
3139,Inkling #3139,A looping cartoon-squid PFP stacked from painterly trait layers. Minted on Ink.,3139.gif,Rose Gold,Teal Mist,Firefly,Lidded,Clean mantle,Bare mantle
3140,Inkling #3140,A looping cartoon-squid PFP stacked from painterly trait layers. Minted on Ink.,3140.gif,Wine Paper,Teal Mist,Cuttle,Ember,Slow Drip,Ink Ribbon
3141,Inkling #3141,A looping cartoon-squid PFP stacked from painterly trait layers. Minted on Ink.,3141.gif,Wine Paper,No bloom,Cuttle,Sleepy,Clean mantle,Soft Crown
3142,Inkling #3142,A looping cartoon-squid PFP stacked from painterly trait layers. Minted on Ink.,3142.gif,Peach Dusk,Silver Veil,Cuttle,Dew,Slow Drip,Ink Ribbon
3143,Inkling #3143,A looping cartoon-squid PFP stacked from painterly trait layers. Minted on Ink.,3143.gif,Peach Dusk,No bloom,Firefly,Lidded,Clean mantle,Ink Ribbon
3144,Inkling #3144,A looping cartoon-squid PFP stacked from painterly trait layers. Minted on Ink.,3144.gif,Charcoal Wash,Silver Veil,Glass,Bright,Brush Streak,Bare mantle
3145,Inkling #3145,A looping cartoon-squid PFP stacked from painterly trait layers. Minted on Ink.,3145.gif,Charcoal Wash,Silver Veil,Glass,Sleepy,Ink Splash,Bare mantle
3146,Inkling #3146,A looping cartoon-squid PFP stacked from painterly trait layers. Minted on Ink.,3146.gif,Celadon Garden,Silver Veil,Reef,Dew,Clean mantle,Wash Hood
3147,Inkling #3147,A looping cartoon-squid PFP stacked from painterly trait layers. Minted on Ink.,3147.gif,Celadon Garden,Coral Glow,Cuttle,Bright,Brush Streak,Pearl Cluster
3148,Inkling #3148,A looping cartoon-squid PFP stacked from painterly trait layers. Minted on Ink.,3148.gif,Celadon Garden,No bloom,Cuttle,Wink,Red Seal,Ink Ribbon
3149,Inkling #3149,A looping cartoon-squid PFP stacked from painterly trait layers. Minted on Ink.,3149.gif,Wine Paper,Gold Wash,Dumbo,Sleepy,Clean mantle,Bare mantle
3150,Inkling #3150,A looping cartoon-squid PFP stacked from painterly trait layers. Minted on Ink.,3150.gif,Peach Dusk,Silver Veil,Reef,Ember,Clean mantle,Soft Crown
3151,Inkling #3151,A looping cartoon-squid PFP stacked from painterly trait layers. Minted on Ink.,3151.gif,Rose Gold,Teal Mist,Dumbo,Lidded,Clean mantle,Wash Hood
3152,Inkling #3152,A looping cartoon-squid PFP stacked from painterly trait layers. Minted on Ink.,3152.gif,Storm Grey,Violet Haze,Bobtail,Dew,Clean mantle,Pearl Cluster
3153,Inkling #3153,A looping cartoon-squid PFP stacked from painterly trait layers. Minted on Ink.,3153.gif,Peach Dusk,No bloom,Bobtail,Lidded,Clean mantle,Kelp Flow
3154,Inkling #3154,A looping cartoon-squid PFP stacked from painterly trait layers. Minted on Ink.,3154.gif,Storm Grey,Violet Haze,Cuttle,Wink,Brush Streak,Ink Ribbon
3155,Inkling #3155,A looping cartoon-squid PFP stacked from painterly trait layers. Minted on Ink.,3155.gif,Charcoal Wash,Teal Mist,Bobtail,Ember,Slow Drip,Ink Ribbon
3156,Inkling #3156,A looping cartoon-squid PFP stacked from painterly trait layers. Minted on Ink.,3156.gif,Storm Grey,Silver Veil,Giant,Sleepy,Red Seal,Pearl Cluster
3157,Inkling #3157,A looping cartoon-squid PFP stacked from painterly trait layers. Minted on Ink.,3157.gif,Celadon Garden,Teal Mist,Glass,Sleepy,Slow Drip,Ink Ribbon
3158,Inkling #3158,A looping cartoon-squid PFP stacked from painterly trait layers. Minted on Ink.,3158.gif,Cream Rice,No bloom,Glass,Lidded,Red Seal,Bare mantle
3159,Inkling #3159,A looping cartoon-squid PFP stacked from painterly trait layers. Minted on Ink.,3159.gif,Rose Gold,Coral Glow,Glass,Bright,Clean mantle,Ink Ribbon
3160,Inkling #3160,A looping cartoon-squid PFP stacked from painterly trait layers. Minted on Ink.,3160.gif,Storm Grey,Violet Haze,Cuttle,Wink,Clean mantle,Bare mantle
3161,Inkling #3161,A looping cartoon-squid PFP stacked from painterly trait layers. Minted on Ink.,3161.gif,Peach Dusk,No bloom,Inked,Wink,Red Seal,Kelp Flow
3162,Inkling #3162,A looping cartoon-squid PFP stacked from painterly trait layers. Minted on Ink.,3162.gif,Storm Grey,No bloom,Glass,Wink,Slow Drip,Ink Ribbon
3163,Inkling #3163,A looping cartoon-squid PFP stacked from painterly trait layers. Minted on Ink.,3163.gif,Wine Paper,Silver Veil,Bobtail,Dew,Red Seal,Ink Ribbon
3164,Inkling #3164,A looping cartoon-squid PFP stacked from painterly trait layers. Minted on Ink.,3164.gif,Rose Gold,Coral Glow,Glass,Lidded,Red Seal,Wash Hood
3165,Inkling #3165,A looping cartoon-squid PFP stacked from painterly trait layers. Minted on Ink.,3165.gif,Celadon Garden,Violet Haze,Firefly,Sleepy,Clean mantle,Pearl Cluster
3166,Inkling #3166,A looping cartoon-squid PFP stacked from painterly trait layers. Minted on Ink.,3166.gif,Celadon Garden,Silver Veil,Giant,Sleepy,Brush Streak,Bare mantle
3167,Inkling #3167,A looping cartoon-squid PFP stacked from painterly trait layers. Minted on Ink.,3167.gif,Cream Rice,No bloom,Cuttle,Bright,Ink Splash,Ink Ribbon
3168,Inkling #3168,A looping cartoon-squid PFP stacked from painterly trait layers. Minted on Ink.,3168.gif,Indigo Night,Violet Haze,Firefly,Sleepy,Clean mantle,Soft Crown
3169,Inkling #3169,A looping cartoon-squid PFP stacked from painterly trait layers. Minted on Ink.,3169.gif,Celadon Garden,Gold Wash,Glass,Bright,Slow Drip,Wash Hood
3170,Inkling #3170,A looping cartoon-squid PFP stacked from painterly trait layers. Minted on Ink.,3170.gif,Indigo Night,Teal Mist,Firefly,Wink,Clean mantle,Pearl Cluster
3171,Inkling #3171,A looping cartoon-squid PFP stacked from painterly trait layers. Minted on Ink.,3171.gif,Indigo Night,No bloom,Glass,Lidded,Clean mantle,Soft Crown
3172,Inkling #3172,A looping cartoon-squid PFP stacked from painterly trait layers. Minted on Ink.,3172.gif,Rose Gold,Gold Wash,Firefly,Sleepy,Ink Splash,Bare mantle
3173,Inkling #3173,A looping cartoon-squid PFP stacked from painterly trait layers. Minted on Ink.,3173.gif,Storm Grey,Teal Mist,Reef,Sleepy,Brush Streak,Wash Hood
3174,Inkling #3174,A looping cartoon-squid PFP stacked from painterly trait layers. Minted on Ink.,3174.gif,Wine Paper,Violet Haze,Cuttle,Lidded,Red Seal,Kelp Flow
3175,Inkling #3175,A looping cartoon-squid PFP stacked from painterly trait layers. Minted on Ink.,3175.gif,Celadon Garden,No bloom,Firefly,Ember,Clean mantle,Soft Crown
3176,Inkling #3176,A looping cartoon-squid PFP stacked from painterly trait layers. Minted on Ink.,3176.gif,Wine Paper,No bloom,Firefly,Bright,Ink Splash,Ink Ribbon
3177,Inkling #3177,A looping cartoon-squid PFP stacked from painterly trait layers. Minted on Ink.,3177.gif,Peach Dusk,No bloom,Bobtail,Ember,Slow Drip,Soft Crown
3178,Inkling #3178,A looping cartoon-squid PFP stacked from painterly trait layers. Minted on Ink.,3178.gif,Peach Dusk,Silver Veil,Cuttle,Lidded,Brush Streak,Pearl Cluster
3179,Inkling #3179,A looping cartoon-squid PFP stacked from painterly trait layers. Minted on Ink.,3179.gif,Charcoal Wash,Violet Haze,Bobtail,Wink,Clean mantle,Ink Ribbon
3180,Inkling #3180,A looping cartoon-squid PFP stacked from painterly trait layers. Minted on Ink.,3180.gif,Charcoal Wash,Silver Veil,Cuttle,Bright,Red Seal,Bare mantle
3181,Inkling #3181,A looping cartoon-squid PFP stacked from painterly trait layers. Minted on Ink.,3181.gif,Celadon Garden,Silver Veil,Firefly,Dew,Clean mantle,Kelp Flow
3182,Inkling #3182,A looping cartoon-squid PFP stacked from painterly trait layers. Minted on Ink.,3182.gif,Celadon Garden,Violet Haze,Dumbo,Sleepy,Brush Streak,Soft Crown
3183,Inkling #3183,A looping cartoon-squid PFP stacked from painterly trait layers. Minted on Ink.,3183.gif,Rose Gold,Violet Haze,Dumbo,Wink,Red Seal,Bare mantle
3184,Inkling #3184,A looping cartoon-squid PFP stacked from painterly trait layers. Minted on Ink.,3184.gif,Rose Gold,Violet Haze,Inked,Bright,Brush Streak,Bare mantle
3185,Inkling #3185,A looping cartoon-squid PFP stacked from painterly trait layers. Minted on Ink.,3185.gif,Cream Rice,Silver Veil,Giant,Ember,Clean mantle,Bare mantle
3186,Inkling #3186,A looping cartoon-squid PFP stacked from painterly trait layers. Minted on Ink.,3186.gif,Wine Paper,No bloom,Dumbo,Sleepy,Ink Splash,Pearl Cluster
3187,Inkling #3187,A looping cartoon-squid PFP stacked from painterly trait layers. Minted on Ink.,3187.gif,Rose Gold,Teal Mist,Glass,Dew,Ink Splash,Soft Crown
3188,Inkling #3188,A looping cartoon-squid PFP stacked from painterly trait layers. Minted on Ink.,3188.gif,Storm Grey,Teal Mist,Reef,Sleepy,Clean mantle,Wash Hood
3189,Inkling #3189,A looping cartoon-squid PFP stacked from painterly trait layers. Minted on Ink.,3189.gif,Peach Dusk,Gold Wash,Giant,Bright,Brush Streak,Bare mantle
3190,Inkling #3190,A looping cartoon-squid PFP stacked from painterly trait layers. Minted on Ink.,3190.gif,Peach Dusk,No bloom,Giant,Lidded,Ink Splash,Soft Crown
3191,Inkling #3191,A looping cartoon-squid PFP stacked from painterly trait layers. Minted on Ink.,3191.gif,Rose Gold,Teal Mist,Reef,Lidded,Red Seal,Kelp Flow
3192,Inkling #3192,A looping cartoon-squid PFP stacked from painterly trait layers. Minted on Ink.,3192.gif,Charcoal Wash,Silver Veil,Giant,Sleepy,Clean mantle,Bare mantle
3193,Inkling #3193,A looping cartoon-squid PFP stacked from painterly trait layers. Minted on Ink.,3193.gif,Indigo Night,Silver Veil,Cuttle,Bright,Slow Drip,Kelp Flow
3194,Inkling #3194,A looping cartoon-squid PFP stacked from painterly trait layers. Minted on Ink.,3194.gif,Peach Dusk,Gold Wash,Giant,Lidded,Red Seal,Pearl Cluster
3195,Inkling #3195,A looping cartoon-squid PFP stacked from painterly trait layers. Minted on Ink.,3195.gif,Charcoal Wash,No bloom,Dumbo,Lidded,Clean mantle,Bare mantle
3196,Inkling #3196,A looping cartoon-squid PFP stacked from painterly trait layers. Minted on Ink.,3196.gif,Charcoal Wash,Gold Wash,Giant,Wink,Red Seal,Kelp Flow
3197,Inkling #3197,A looping cartoon-squid PFP stacked from painterly trait layers. Minted on Ink.,3197.gif,Celadon Garden,Violet Haze,Inked,Bright,Red Seal,Bare mantle
3198,Inkling #3198,A looping cartoon-squid PFP stacked from painterly trait layers. Minted on Ink.,3198.gif,Celadon Garden,No bloom,Giant,Sleepy,Clean mantle,Ink Ribbon
3199,Inkling #3199,A looping cartoon-squid PFP stacked from painterly trait layers. Minted on Ink.,3199.gif,Storm Grey,Teal Mist,Bobtail,Dew,Clean mantle,Bare mantle
3200,Inkling #3200,A looping cartoon-squid PFP stacked from painterly trait layers. Minted on Ink.,3200.gif,Charcoal Wash,Teal Mist,Reef,Ember,Slow Drip,Bare mantle
3201,Inkling #3201,A looping cartoon-squid PFP stacked from painterly trait layers. Minted on Ink.,3201.gif,Celadon Garden,Silver Veil,Cuttle,Bright,Brush Streak,Ink Ribbon
3202,Inkling #3202,A looping cartoon-squid PFP stacked from painterly trait layers. Minted on Ink.,3202.gif,Charcoal Wash,Gold Wash,Inked,Sleepy,Brush Streak,Ink Ribbon
3203,Inkling #3203,A looping cartoon-squid PFP stacked from painterly trait layers. Minted on Ink.,3203.gif,Celadon Garden,Gold Wash,Cuttle,Dew,Clean mantle,Ink Ribbon
3204,Inkling #3204,A looping cartoon-squid PFP stacked from painterly trait layers. Minted on Ink.,3204.gif,Cream Rice,No bloom,Firefly,Sleepy,Slow Drip,Bare mantle
3205,Inkling #3205,A looping cartoon-squid PFP stacked from painterly trait layers. Minted on Ink.,3205.gif,Charcoal Wash,Teal Mist,Inked,Dew,Slow Drip,Ink Ribbon
3206,Inkling #3206,A looping cartoon-squid PFP stacked from painterly trait layers. Minted on Ink.,3206.gif,Wine Paper,No bloom,Reef,Lidded,Brush Streak,Ink Ribbon
3207,Inkling #3207,A looping cartoon-squid PFP stacked from painterly trait layers. Minted on Ink.,3207.gif,Cream Rice,No bloom,Reef,Bright,Red Seal,Ink Ribbon
3208,Inkling #3208,A looping cartoon-squid PFP stacked from painterly trait layers. Minted on Ink.,3208.gif,Peach Dusk,Coral Glow,Giant,Dew,Ink Splash,Bare mantle
3209,Inkling #3209,A looping cartoon-squid PFP stacked from painterly trait layers. Minted on Ink.,3209.gif,Indigo Night,Gold Wash,Firefly,Bright,Slow Drip,Kelp Flow
3210,Inkling #3210,A looping cartoon-squid PFP stacked from painterly trait layers. Minted on Ink.,3210.gif,Wine Paper,Silver Veil,Cuttle,Lidded,Red Seal,Pearl Cluster
3211,Inkling #3211,A looping cartoon-squid PFP stacked from painterly trait layers. Minted on Ink.,3211.gif,Celadon Garden,Teal Mist,Cuttle,Bright,Clean mantle,Kelp Flow
3212,Inkling #3212,A looping cartoon-squid PFP stacked from painterly trait layers. Minted on Ink.,3212.gif,Cream Rice,Silver Veil,Dumbo,Bright,Clean mantle,Pearl Cluster
3213,Inkling #3213,A looping cartoon-squid PFP stacked from painterly trait layers. Minted on Ink.,3213.gif,Indigo Night,No bloom,Bobtail,Bright,Ink Splash,Kelp Flow
3214,Inkling #3214,A looping cartoon-squid PFP stacked from painterly trait layers. Minted on Ink.,3214.gif,Peach Dusk,No bloom,Firefly,Sleepy,Clean mantle,Ink Ribbon
3215,Inkling #3215,A looping cartoon-squid PFP stacked from painterly trait layers. Minted on Ink.,3215.gif,Indigo Night,Violet Haze,Cuttle,Lidded,Clean mantle,Kelp Flow
3216,Inkling #3216,A looping cartoon-squid PFP stacked from painterly trait layers. Minted on Ink.,3216.gif,Charcoal Wash,Violet Haze,Dumbo,Ember,Red Seal,Bare mantle
3217,Inkling #3217,A looping cartoon-squid PFP stacked from painterly trait layers. Minted on Ink.,3217.gif,Charcoal Wash,Gold Wash,Firefly,Dew,Ink Splash,Soft Crown
3218,Inkling #3218,A looping cartoon-squid PFP stacked from painterly trait layers. Minted on Ink.,3218.gif,Wine Paper,No bloom,Giant,Bright,Brush Streak,Soft Crown
3219,Inkling #3219,A looping cartoon-squid PFP stacked from painterly trait layers. Minted on Ink.,3219.gif,Peach Dusk,Gold Wash,Inked,Ember,Red Seal,Soft Crown
3220,Inkling #3220,A looping cartoon-squid PFP stacked from painterly trait layers. Minted on Ink.,3220.gif,Cream Rice,No bloom,Bobtail,Lidded,Slow Drip,Kelp Flow
3221,Inkling #3221,A looping cartoon-squid PFP stacked from painterly trait layers. Minted on Ink.,3221.gif,Indigo Night,Teal Mist,Cuttle,Wink,Red Seal,Kelp Flow
3222,Inkling #3222,A looping cartoon-squid PFP stacked from painterly trait layers. Minted on Ink.,3222.gif,Wine Paper,No bloom,Firefly,Sleepy,Clean mantle,Pearl Cluster
3223,Inkling #3223,A looping cartoon-squid PFP stacked from painterly trait layers. Minted on Ink.,3223.gif,Rose Gold,No bloom,Glass,Sleepy,Ink Splash,Wash Hood
3224,Inkling #3224,A looping cartoon-squid PFP stacked from painterly trait layers. Minted on Ink.,3224.gif,Indigo Night,Gold Wash,Reef,Lidded,Slow Drip,Kelp Flow
3225,Inkling #3225,A looping cartoon-squid PFP stacked from painterly trait layers. Minted on Ink.,3225.gif,Indigo Night,Teal Mist,Giant,Dew,Clean mantle,Ink Ribbon
3226,Inkling #3226,A looping cartoon-squid PFP stacked from painterly trait layers. Minted on Ink.,3226.gif,Rose Gold,No bloom,Cuttle,Ember,Clean mantle,Bare mantle
3227,Inkling #3227,A looping cartoon-squid PFP stacked from painterly trait layers. Minted on Ink.,3227.gif,Celadon Garden,Gold Wash,Glass,Sleepy,Slow Drip,Ink Ribbon
3228,Inkling #3228,A looping cartoon-squid PFP stacked from painterly trait layers. Minted on Ink.,3228.gif,Peach Dusk,Gold Wash,Dumbo,Lidded,Red Seal,Wash Hood
3229,Inkling #3229,A looping cartoon-squid PFP stacked from painterly trait layers. Minted on Ink.,3229.gif,Wine Paper,Violet Haze,Cuttle,Dew,Red Seal,Wash Hood
3230,Inkling #3230,A looping cartoon-squid PFP stacked from painterly trait layers. Minted on Ink.,3230.gif,Celadon Garden,No bloom,Glass,Wink,Clean mantle,Bare mantle
3231,Inkling #3231,A looping cartoon-squid PFP stacked from painterly trait layers. Minted on Ink.,3231.gif,Celadon Garden,No bloom,Cuttle,Lidded,Slow Drip,Bare mantle
3232,Inkling #3232,A looping cartoon-squid PFP stacked from painterly trait layers. Minted on Ink.,3232.gif,Storm Grey,Silver Veil,Reef,Sleepy,Ink Splash,Ink Ribbon
3233,Inkling #3233,A looping cartoon-squid PFP stacked from painterly trait layers. Minted on Ink.,3233.gif,Wine Paper,Violet Haze,Reef,Lidded,Clean mantle,Ink Ribbon
3234,Inkling #3234,A looping cartoon-squid PFP stacked from painterly trait layers. Minted on Ink.,3234.gif,Rose Gold,Coral Glow,Dumbo,Bright,Clean mantle,Kelp Flow
3235,Inkling #3235,A looping cartoon-squid PFP stacked from painterly trait layers. Minted on Ink.,3235.gif,Rose Gold,No bloom,Cuttle,Lidded,Clean mantle,Kelp Flow
3236,Inkling #3236,A looping cartoon-squid PFP stacked from painterly trait layers. Minted on Ink.,3236.gif,Celadon Garden,Violet Haze,Glass,Wink,Brush Streak,Kelp Flow
3237,Inkling #3237,A looping cartoon-squid PFP stacked from painterly trait layers. Minted on Ink.,3237.gif,Rose Gold,Teal Mist,Reef,Dew,Brush Streak,Soft Crown
3238,Inkling #3238,A looping cartoon-squid PFP stacked from painterly trait layers. Minted on Ink.,3238.gif,Indigo Night,Silver Veil,Inked,Lidded,Red Seal,Wash Hood
3239,Inkling #3239,A looping cartoon-squid PFP stacked from painterly trait layers. Minted on Ink.,3239.gif,Peach Dusk,Gold Wash,Bobtail,Lidded,Clean mantle,Pearl Cluster
3240,Inkling #3240,A looping cartoon-squid PFP stacked from painterly trait layers. Minted on Ink.,3240.gif,Celadon Garden,No bloom,Reef,Lidded,Red Seal,Ink Ribbon
3241,Inkling #3241,A looping cartoon-squid PFP stacked from painterly trait layers. Minted on Ink.,3241.gif,Celadon Garden,No bloom,Dumbo,Sleepy,Brush Streak,Pearl Cluster
3242,Inkling #3242,A looping cartoon-squid PFP stacked from painterly trait layers. Minted on Ink.,3242.gif,Storm Grey,Violet Haze,Bobtail,Bright,Clean mantle,Wash Hood
3243,Inkling #3243,A looping cartoon-squid PFP stacked from painterly trait layers. Minted on Ink.,3243.gif,Cream Rice,Violet Haze,Firefly,Sleepy,Clean mantle,Soft Crown
3244,Inkling #3244,A looping cartoon-squid PFP stacked from painterly trait layers. Minted on Ink.,3244.gif,Charcoal Wash,Teal Mist,Dumbo,Ember,Brush Streak,Soft Crown
3245,Inkling #3245,A looping cartoon-squid PFP stacked from painterly trait layers. Minted on Ink.,3245.gif,Celadon Garden,Teal Mist,Firefly,Dew,Clean mantle,Pearl Cluster
3246,Inkling #3246,A looping cartoon-squid PFP stacked from painterly trait layers. Minted on Ink.,3246.gif,Charcoal Wash,Gold Wash,Giant,Ember,Ink Splash,Pearl Cluster
3247,Inkling #3247,A looping cartoon-squid PFP stacked from painterly trait layers. Minted on Ink.,3247.gif,Storm Grey,Silver Veil,Reef,Wink,Clean mantle,Wash Hood
3248,Inkling #3248,A looping cartoon-squid PFP stacked from painterly trait layers. Minted on Ink.,3248.gif,Cream Rice,No bloom,Firefly,Lidded,Brush Streak,Pearl Cluster
3249,Inkling #3249,A looping cartoon-squid PFP stacked from painterly trait layers. Minted on Ink.,3249.gif,Celadon Garden,Silver Veil,Firefly,Bright,Slow Drip,Ink Ribbon
3250,Inkling #3250,A looping cartoon-squid PFP stacked from painterly trait layers. Minted on Ink.,3250.gif,Storm Grey,Violet Haze,Glass,Dew,Red Seal,Bare mantle
3251,Inkling #3251,A looping cartoon-squid PFP stacked from painterly trait layers. Minted on Ink.,3251.gif,Rose Gold,Teal Mist,Bobtail,Dew,Clean mantle,Bare mantle
3252,Inkling #3252,A looping cartoon-squid PFP stacked from painterly trait layers. Minted on Ink.,3252.gif,Charcoal Wash,No bloom,Giant,Lidded,Clean mantle,Wash Hood
3253,Inkling #3253,A looping cartoon-squid PFP stacked from painterly trait layers. Minted on Ink.,3253.gif,Wine Paper,Violet Haze,Glass,Bright,Ink Splash,Soft Crown
3254,Inkling #3254,A looping cartoon-squid PFP stacked from painterly trait layers. Minted on Ink.,3254.gif,Peach Dusk,No bloom,Glass,Lidded,Clean mantle,Ink Ribbon
3255,Inkling #3255,A looping cartoon-squid PFP stacked from painterly trait layers. Minted on Ink.,3255.gif,Storm Grey,Violet Haze,Cuttle,Bright,Slow Drip,Bare mantle
3256,Inkling #3256,A looping cartoon-squid PFP stacked from painterly trait layers. Minted on Ink.,3256.gif,Celadon Garden,Violet Haze,Reef,Wink,Red Seal,Kelp Flow
3257,Inkling #3257,A looping cartoon-squid PFP stacked from painterly trait layers. Minted on Ink.,3257.gif,Rose Gold,No bloom,Bobtail,Wink,Clean mantle,Soft Crown
3258,Inkling #3258,A looping cartoon-squid PFP stacked from painterly trait layers. Minted on Ink.,3258.gif,Charcoal Wash,No bloom,Firefly,Dew,Brush Streak,Ink Ribbon
3259,Inkling #3259,A looping cartoon-squid PFP stacked from painterly trait layers. Minted on Ink.,3259.gif,Wine Paper,Gold Wash,Giant,Bright,Clean mantle,Ink Ribbon
3260,Inkling #3260,A looping cartoon-squid PFP stacked from painterly trait layers. Minted on Ink.,3260.gif,Rose Gold,No bloom,Reef,Lidded,Brush Streak,Soft Crown
3261,Inkling #3261,A looping cartoon-squid PFP stacked from painterly trait layers. Minted on Ink.,3261.gif,Celadon Garden,Violet Haze,Glass,Lidded,Ink Splash,Ink Ribbon
3262,Inkling #3262,A looping cartoon-squid PFP stacked from painterly trait layers. Minted on Ink.,3262.gif,Storm Grey,Gold Wash,Dumbo,Lidded,Ink Splash,Ink Ribbon
3263,Inkling #3263,A looping cartoon-squid PFP stacked from painterly trait layers. Minted on Ink.,3263.gif,Indigo Night,No bloom,Inked,Ember,Slow Drip,Bare mantle
3264,Inkling #3264,A looping cartoon-squid PFP stacked from painterly trait layers. Minted on Ink.,3264.gif,Peach Dusk,Gold Wash,Bobtail,Bright,Clean mantle,Pearl Cluster
3265,Inkling #3265,A looping cartoon-squid PFP stacked from painterly trait layers. Minted on Ink.,3265.gif,Celadon Garden,Coral Glow,Firefly,Dew,Slow Drip,Ink Ribbon
3266,Inkling #3266,A looping cartoon-squid PFP stacked from painterly trait layers. Minted on Ink.,3266.gif,Charcoal Wash,Coral Glow,Reef,Lidded,Ink Splash,Kelp Flow
3267,Inkling #3267,A looping cartoon-squid PFP stacked from painterly trait layers. Minted on Ink.,3267.gif,Celadon Garden,Violet Haze,Dumbo,Wink,Clean mantle,Pearl Cluster
3268,Inkling #3268,A looping cartoon-squid PFP stacked from painterly trait layers. Minted on Ink.,3268.gif,Celadon Garden,Silver Veil,Dumbo,Wink,Clean mantle,Bare mantle
3269,Inkling #3269,A looping cartoon-squid PFP stacked from painterly trait layers. Minted on Ink.,3269.gif,Indigo Night,Violet Haze,Reef,Dew,Slow Drip,Soft Crown
3270,Inkling #3270,A looping cartoon-squid PFP stacked from painterly trait layers. Minted on Ink.,3270.gif,Cream Rice,Silver Veil,Bobtail,Lidded,Clean mantle,Soft Crown
3271,Inkling #3271,A looping cartoon-squid PFP stacked from painterly trait layers. Minted on Ink.,3271.gif,Charcoal Wash,Coral Glow,Bobtail,Ember,Red Seal,Ink Ribbon
3272,Inkling #3272,A looping cartoon-squid PFP stacked from painterly trait layers. Minted on Ink.,3272.gif,Charcoal Wash,Teal Mist,Dumbo,Dew,Brush Streak,Kelp Flow
3273,Inkling #3273,A looping cartoon-squid PFP stacked from painterly trait layers. Minted on Ink.,3273.gif,Storm Grey,Silver Veil,Giant,Lidded,Slow Drip,Wash Hood
3274,Inkling #3274,A looping cartoon-squid PFP stacked from painterly trait layers. Minted on Ink.,3274.gif,Indigo Night,Gold Wash,Dumbo,Lidded,Red Seal,Bare mantle
3275,Inkling #3275,A looping cartoon-squid PFP stacked from painterly trait layers. Minted on Ink.,3275.gif,Peach Dusk,Gold Wash,Glass,Lidded,Clean mantle,Pearl Cluster
3276,Inkling #3276,A looping cartoon-squid PFP stacked from painterly trait layers. Minted on Ink.,3276.gif,Indigo Night,Violet Haze,Dumbo,Bright,Clean mantle,Kelp Flow
3277,Inkling #3277,A looping cartoon-squid PFP stacked from painterly trait layers. Minted on Ink.,3277.gif,Peach Dusk,Coral Glow,Bobtail,Dew,Clean mantle,Soft Crown
3278,Inkling #3278,A looping cartoon-squid PFP stacked from painterly trait layers. Minted on Ink.,3278.gif,Storm Grey,Teal Mist,Bobtail,Wink,Slow Drip,Ink Ribbon
3279,Inkling #3279,A looping cartoon-squid PFP stacked from painterly trait layers. Minted on Ink.,3279.gif,Celadon Garden,Coral Glow,Dumbo,Ember,Slow Drip,Bare mantle
3280,Inkling #3280,A looping cartoon-squid PFP stacked from painterly trait layers. Minted on Ink.,3280.gif,Peach Dusk,Silver Veil,Reef,Lidded,Ink Splash,Soft Crown
3281,Inkling #3281,A looping cartoon-squid PFP stacked from painterly trait layers. Minted on Ink.,3281.gif,Celadon Garden,Coral Glow,Dumbo,Lidded,Slow Drip,Bare mantle
3282,Inkling #3282,A looping cartoon-squid PFP stacked from painterly trait layers. Minted on Ink.,3282.gif,Wine Paper,No bloom,Firefly,Wink,Slow Drip,Bare mantle
3283,Inkling #3283,A looping cartoon-squid PFP stacked from painterly trait layers. Minted on Ink.,3283.gif,Storm Grey,Violet Haze,Cuttle,Bright,Ink Splash,Kelp Flow
3284,Inkling #3284,A looping cartoon-squid PFP stacked from painterly trait layers. Minted on Ink.,3284.gif,Storm Grey,No bloom,Reef,Dew,Brush Streak,Pearl Cluster
3285,Inkling #3285,A looping cartoon-squid PFP stacked from painterly trait layers. Minted on Ink.,3285.gif,Storm Grey,Silver Veil,Reef,Sleepy,Clean mantle,Bare mantle
3286,Inkling #3286,A looping cartoon-squid PFP stacked from painterly trait layers. Minted on Ink.,3286.gif,Wine Paper,Teal Mist,Firefly,Ember,Ink Splash,Ink Ribbon
3287,Inkling #3287,A looping cartoon-squid PFP stacked from painterly trait layers. Minted on Ink.,3287.gif,Celadon Garden,Gold Wash,Bobtail,Bright,Ink Splash,Pearl Cluster
3288,Inkling #3288,A looping cartoon-squid PFP stacked from painterly trait layers. Minted on Ink.,3288.gif,Cream Rice,Gold Wash,Bobtail,Bright,Red Seal,Ink Ribbon
3289,Inkling #3289,A looping cartoon-squid PFP stacked from painterly trait layers. Minted on Ink.,3289.gif,Cream Rice,Teal Mist,Reef,Wink,Brush Streak,Pearl Cluster
3290,Inkling #3290,A looping cartoon-squid PFP stacked from painterly trait layers. Minted on Ink.,3290.gif,Charcoal Wash,Gold Wash,Reef,Lidded,Slow Drip,Soft Crown
3291,Inkling #3291,A looping cartoon-squid PFP stacked from painterly trait layers. Minted on Ink.,3291.gif,Peach Dusk,No bloom,Cuttle,Lidded,Clean mantle,Ink Ribbon
3292,Inkling #3292,A looping cartoon-squid PFP stacked from painterly trait layers. Minted on Ink.,3292.gif,Charcoal Wash,Coral Glow,Cuttle,Ember,Red Seal,Kelp Flow
3293,Inkling #3293,A looping cartoon-squid PFP stacked from painterly trait layers. Minted on Ink.,3293.gif,Indigo Night,Gold Wash,Bobtail,Wink,Slow Drip,Soft Crown
3294,Inkling #3294,A looping cartoon-squid PFP stacked from painterly trait layers. Minted on Ink.,3294.gif,Rose Gold,Violet Haze,Glass,Lidded,Slow Drip,Bare mantle
3295,Inkling #3295,A looping cartoon-squid PFP stacked from painterly trait layers. Minted on Ink.,3295.gif,Indigo Night,No bloom,Inked,Dew,Clean mantle,Wash Hood
3296,Inkling #3296,A looping cartoon-squid PFP stacked from painterly trait layers. Minted on Ink.,3296.gif,Charcoal Wash,Silver Veil,Glass,Ember,Ink Splash,Soft Crown
3297,Inkling #3297,A looping cartoon-squid PFP stacked from painterly trait layers. Minted on Ink.,3297.gif,Rose Gold,Coral Glow,Glass,Lidded,Ink Splash,Kelp Flow
3298,Inkling #3298,A looping cartoon-squid PFP stacked from painterly trait layers. Minted on Ink.,3298.gif,Cream Rice,No bloom,Cuttle,Bright,Clean mantle,Ink Ribbon
3299,Inkling #3299,A looping cartoon-squid PFP stacked from painterly trait layers. Minted on Ink.,3299.gif,Indigo Night,Silver Veil,Reef,Sleepy,Clean mantle,Ink Ribbon
3300,Inkling #3300,A looping cartoon-squid PFP stacked from painterly trait layers. Minted on Ink.,3300.gif,Indigo Night,Coral Glow,Inked,Sleepy,Clean mantle,Bare mantle
3301,Inkling #3301,A looping cartoon-squid PFP stacked from painterly trait layers. Minted on Ink.,3301.gif,Wine Paper,Coral Glow,Dumbo,Wink,Clean mantle,Soft Crown
3302,Inkling #3302,A looping cartoon-squid PFP stacked from painterly trait layers. Minted on Ink.,3302.gif,Charcoal Wash,No bloom,Reef,Bright,Red Seal,Wash Hood
3303,Inkling #3303,A looping cartoon-squid PFP stacked from painterly trait layers. Minted on Ink.,3303.gif,Cream Rice,No bloom,Bobtail,Lidded,Clean mantle,Kelp Flow
3304,Inkling #3304,A looping cartoon-squid PFP stacked from painterly trait layers. Minted on Ink.,3304.gif,Wine Paper,Coral Glow,Cuttle,Lidded,Brush Streak,Bare mantle
3305,Inkling #3305,A looping cartoon-squid PFP stacked from painterly trait layers. Minted on Ink.,3305.gif,Celadon Garden,Gold Wash,Reef,Bright,Brush Streak,Soft Crown
3306,Inkling #3306,A looping cartoon-squid PFP stacked from painterly trait layers. Minted on Ink.,3306.gif,Peach Dusk,Teal Mist,Inked,Ember,Clean mantle,Ink Ribbon
3307,Inkling #3307,A looping cartoon-squid PFP stacked from painterly trait layers. Minted on Ink.,3307.gif,Charcoal Wash,No bloom,Giant,Lidded,Clean mantle,Ink Ribbon
3308,Inkling #3308,A looping cartoon-squid PFP stacked from painterly trait layers. Minted on Ink.,3308.gif,Charcoal Wash,Teal Mist,Reef,Sleepy,Brush Streak,Kelp Flow
3309,Inkling #3309,A looping cartoon-squid PFP stacked from painterly trait layers. Minted on Ink.,3309.gif,Charcoal Wash,Gold Wash,Reef,Bright,Red Seal,Kelp Flow
3310,Inkling #3310,A looping cartoon-squid PFP stacked from painterly trait layers. Minted on Ink.,3310.gif,Charcoal Wash,No bloom,Bobtail,Bright,Brush Streak,Wash Hood
3311,Inkling #3311,A looping cartoon-squid PFP stacked from painterly trait layers. Minted on Ink.,3311.gif,Storm Grey,No bloom,Dumbo,Lidded,Clean mantle,Soft Crown
3312,Inkling #3312,A looping cartoon-squid PFP stacked from painterly trait layers. Minted on Ink.,3312.gif,Charcoal Wash,Gold Wash,Giant,Lidded,Clean mantle,Kelp Flow
3313,Inkling #3313,A looping cartoon-squid PFP stacked from painterly trait layers. Minted on Ink.,3313.gif,Storm Grey,No bloom,Giant,Sleepy,Clean mantle,Bare mantle
3314,Inkling #3314,A looping cartoon-squid PFP stacked from painterly trait layers. Minted on Ink.,3314.gif,Celadon Garden,No bloom,Firefly,Sleepy,Slow Drip,Bare mantle
3315,Inkling #3315,A looping cartoon-squid PFP stacked from painterly trait layers. Minted on Ink.,3315.gif,Celadon Garden,Teal Mist,Bobtail,Sleepy,Clean mantle,Pearl Cluster
3316,Inkling #3316,A looping cartoon-squid PFP stacked from painterly trait layers. Minted on Ink.,3316.gif,Celadon Garden,Violet Haze,Cuttle,Wink,Clean mantle,Bare mantle
3317,Inkling #3317,A looping cartoon-squid PFP stacked from painterly trait layers. Minted on Ink.,3317.gif,Indigo Night,Silver Veil,Cuttle,Sleepy,Brush Streak,Bare mantle
3318,Inkling #3318,A looping cartoon-squid PFP stacked from painterly trait layers. Minted on Ink.,3318.gif,Wine Paper,No bloom,Firefly,Dew,Ink Splash,Ink Ribbon
3319,Inkling #3319,A looping cartoon-squid PFP stacked from painterly trait layers. Minted on Ink.,3319.gif,Storm Grey,Gold Wash,Cuttle,Bright,Brush Streak,Ink Ribbon
3320,Inkling #3320,A looping cartoon-squid PFP stacked from painterly trait layers. Minted on Ink.,3320.gif,Cream Rice,Gold Wash,Inked,Dew,Brush Streak,Pearl Cluster
3321,Inkling #3321,A looping cartoon-squid PFP stacked from painterly trait layers. Minted on Ink.,3321.gif,Storm Grey,No bloom,Inked,Dew,Ink Splash,Wash Hood
3322,Inkling #3322,A looping cartoon-squid PFP stacked from painterly trait layers. Minted on Ink.,3322.gif,Indigo Night,No bloom,Firefly,Ember,Clean mantle,Ink Ribbon
3323,Inkling #3323,A looping cartoon-squid PFP stacked from painterly trait layers. Minted on Ink.,3323.gif,Celadon Garden,Silver Veil,Cuttle,Wink,Ink Splash,Soft Crown
3324,Inkling #3324,A looping cartoon-squid PFP stacked from painterly trait layers. Minted on Ink.,3324.gif,Storm Grey,Coral Glow,Inked,Ember,Brush Streak,Soft Crown
3325,Inkling #3325,A looping cartoon-squid PFP stacked from painterly trait layers. Minted on Ink.,3325.gif,Storm Grey,No bloom,Cuttle,Ember,Red Seal,Kelp Flow
3326,Inkling #3326,A looping cartoon-squid PFP stacked from painterly trait layers. Minted on Ink.,3326.gif,Wine Paper,Gold Wash,Firefly,Sleepy,Clean mantle,Bare mantle
3327,Inkling #3327,A looping cartoon-squid PFP stacked from painterly trait layers. Minted on Ink.,3327.gif,Charcoal Wash,No bloom,Inked,Wink,Ink Splash,Kelp Flow
3328,Inkling #3328,A looping cartoon-squid PFP stacked from painterly trait layers. Minted on Ink.,3328.gif,Storm Grey,No bloom,Inked,Bright,Brush Streak,Kelp Flow
3329,Inkling #3329,A looping cartoon-squid PFP stacked from painterly trait layers. Minted on Ink.,3329.gif,Charcoal Wash,Silver Veil,Cuttle,Ember,Clean mantle,Kelp Flow
3330,Inkling #3330,A looping cartoon-squid PFP stacked from painterly trait layers. Minted on Ink.,3330.gif,Storm Grey,Silver Veil,Glass,Sleepy,Slow Drip,Kelp Flow
3331,Inkling #3331,A looping cartoon-squid PFP stacked from painterly trait layers. Minted on Ink.,3331.gif,Storm Grey,Silver Veil,Glass,Ember,Clean mantle,Pearl Cluster
3332,Inkling #3332,A looping cartoon-squid PFP stacked from painterly trait layers. Minted on Ink.,3332.gif,Celadon Garden,Gold Wash,Cuttle,Wink,Red Seal,Kelp Flow
3333,Inkling #3333,A looping cartoon-squid PFP stacked from painterly trait layers. Minted on Ink.,3333.gif,Charcoal Wash,Gold Wash,Bobtail,Wink,Ink Splash,Pearl Cluster
3334,Inkling #3334,A looping cartoon-squid PFP stacked from painterly trait layers. Minted on Ink.,3334.gif,Peach Dusk,Teal Mist,Dumbo,Dew,Brush Streak,Bare mantle
3335,Inkling #3335,A looping cartoon-squid PFP stacked from painterly trait layers. Minted on Ink.,3335.gif,Celadon Garden,Gold Wash,Glass,Bright,Slow Drip,Soft Crown
3336,Inkling #3336,A looping cartoon-squid PFP stacked from painterly trait layers. Minted on Ink.,3336.gif,Wine Paper,Coral Glow,Inked,Lidded,Red Seal,Bare mantle
3337,Inkling #3337,A looping cartoon-squid PFP stacked from painterly trait layers. Minted on Ink.,3337.gif,Rose Gold,Gold Wash,Giant,Wink,Red Seal,Ink Ribbon
3338,Inkling #3338,A looping cartoon-squid PFP stacked from painterly trait layers. Minted on Ink.,3338.gif,Celadon Garden,No bloom,Glass,Lidded,Ink Splash,Bare mantle
3339,Inkling #3339,A looping cartoon-squid PFP stacked from painterly trait layers. Minted on Ink.,3339.gif,Cream Rice,Violet Haze,Dumbo,Dew,Clean mantle,Wash Hood
3340,Inkling #3340,A looping cartoon-squid PFP stacked from painterly trait layers. Minted on Ink.,3340.gif,Charcoal Wash,Violet Haze,Giant,Ember,Clean mantle,Kelp Flow
3341,Inkling #3341,A looping cartoon-squid PFP stacked from painterly trait layers. Minted on Ink.,3341.gif,Cream Rice,Violet Haze,Reef,Sleepy,Brush Streak,Bare mantle
3342,Inkling #3342,A looping cartoon-squid PFP stacked from painterly trait layers. Minted on Ink.,3342.gif,Wine Paper,Violet Haze,Dumbo,Wink,Ink Splash,Pearl Cluster
3343,Inkling #3343,A looping cartoon-squid PFP stacked from painterly trait layers. Minted on Ink.,3343.gif,Peach Dusk,Violet Haze,Cuttle,Wink,Clean mantle,Soft Crown
3344,Inkling #3344,A looping cartoon-squid PFP stacked from painterly trait layers. Minted on Ink.,3344.gif,Storm Grey,Gold Wash,Bobtail,Sleepy,Red Seal,Bare mantle
3345,Inkling #3345,A looping cartoon-squid PFP stacked from painterly trait layers. Minted on Ink.,3345.gif,Celadon Garden,Silver Veil,Giant,Bright,Ink Splash,Kelp Flow
3346,Inkling #3346,A looping cartoon-squid PFP stacked from painterly trait layers. Minted on Ink.,3346.gif,Storm Grey,Coral Glow,Inked,Bright,Red Seal,Bare mantle
3347,Inkling #3347,A looping cartoon-squid PFP stacked from painterly trait layers. Minted on Ink.,3347.gif,Wine Paper,Teal Mist,Dumbo,Sleepy,Ink Splash,Kelp Flow
3348,Inkling #3348,A looping cartoon-squid PFP stacked from painterly trait layers. Minted on Ink.,3348.gif,Cream Rice,No bloom,Reef,Bright,Slow Drip,Kelp Flow
3349,Inkling #3349,A looping cartoon-squid PFP stacked from painterly trait layers. Minted on Ink.,3349.gif,Celadon Garden,No bloom,Firefly,Lidded,Clean mantle,Bare mantle
3350,Inkling #3350,A looping cartoon-squid PFP stacked from painterly trait layers. Minted on Ink.,3350.gif,Storm Grey,No bloom,Inked,Sleepy,Ink Splash,Bare mantle
3351,Inkling #3351,A looping cartoon-squid PFP stacked from painterly trait layers. Minted on Ink.,3351.gif,Charcoal Wash,Silver Veil,Cuttle,Lidded,Clean mantle,Ink Ribbon
3352,Inkling #3352,A looping cartoon-squid PFP stacked from painterly trait layers. Minted on Ink.,3352.gif,Indigo Night,Violet Haze,Cuttle,Bright,Clean mantle,Pearl Cluster
3353,Inkling #3353,A looping cartoon-squid PFP stacked from painterly trait layers. Minted on Ink.,3353.gif,Rose Gold,Gold Wash,Reef,Lidded,Clean mantle,Wash Hood
3354,Inkling #3354,A looping cartoon-squid PFP stacked from painterly trait layers. Minted on Ink.,3354.gif,Charcoal Wash,No bloom,Glass,Dew,Slow Drip,Pearl Cluster
3355,Inkling #3355,A looping cartoon-squid PFP stacked from painterly trait layers. Minted on Ink.,3355.gif,Storm Grey,Coral Glow,Bobtail,Sleepy,Clean mantle,Ink Ribbon
3356,Inkling #3356,A looping cartoon-squid PFP stacked from painterly trait layers. Minted on Ink.,3356.gif,Celadon Garden,Coral Glow,Glass,Lidded,Clean mantle,Bare mantle
3357,Inkling #3357,A looping cartoon-squid PFP stacked from painterly trait layers. Minted on Ink.,3357.gif,Charcoal Wash,No bloom,Cuttle,Dew,Clean mantle,Bare mantle
3358,Inkling #3358,A looping cartoon-squid PFP stacked from painterly trait layers. Minted on Ink.,3358.gif,Rose Gold,Violet Haze,Firefly,Wink,Slow Drip,Bare mantle
3359,Inkling #3359,A looping cartoon-squid PFP stacked from painterly trait layers. Minted on Ink.,3359.gif,Charcoal Wash,No bloom,Giant,Bright,Clean mantle,Wash Hood
3360,Inkling #3360,A looping cartoon-squid PFP stacked from painterly trait layers. Minted on Ink.,3360.gif,Indigo Night,Gold Wash,Reef,Wink,Clean mantle,Bare mantle
3361,Inkling #3361,A looping cartoon-squid PFP stacked from painterly trait layers. Minted on Ink.,3361.gif,Indigo Night,No bloom,Glass,Ember,Red Seal,Pearl Cluster
3362,Inkling #3362,A looping cartoon-squid PFP stacked from painterly trait layers. Minted on Ink.,3362.gif,Charcoal Wash,Violet Haze,Dumbo,Lidded,Red Seal,Bare mantle
3363,Inkling #3363,A looping cartoon-squid PFP stacked from painterly trait layers. Minted on Ink.,3363.gif,Rose Gold,No bloom,Cuttle,Ember,Ink Splash,Bare mantle
3364,Inkling #3364,A looping cartoon-squid PFP stacked from painterly trait layers. Minted on Ink.,3364.gif,Charcoal Wash,Gold Wash,Bobtail,Bright,Clean mantle,Ink Ribbon
3365,Inkling #3365,A looping cartoon-squid PFP stacked from painterly trait layers. Minted on Ink.,3365.gif,Cream Rice,Violet Haze,Firefly,Ember,Clean mantle,Kelp Flow
3366,Inkling #3366,A looping cartoon-squid PFP stacked from painterly trait layers. Minted on Ink.,3366.gif,Indigo Night,Coral Glow,Giant,Dew,Clean mantle,Kelp Flow
3367,Inkling #3367,A looping cartoon-squid PFP stacked from painterly trait layers. Minted on Ink.,3367.gif,Rose Gold,Teal Mist,Dumbo,Wink,Red Seal,Ink Ribbon
3368,Inkling #3368,A looping cartoon-squid PFP stacked from painterly trait layers. Minted on Ink.,3368.gif,Cream Rice,Gold Wash,Firefly,Bright,Red Seal,Bare mantle
3369,Inkling #3369,A looping cartoon-squid PFP stacked from painterly trait layers. Minted on Ink.,3369.gif,Celadon Garden,Gold Wash,Reef,Dew,Clean mantle,Bare mantle
3370,Inkling #3370,A looping cartoon-squid PFP stacked from painterly trait layers. Minted on Ink.,3370.gif,Rose Gold,Coral Glow,Giant,Dew,Ink Splash,Kelp Flow
3371,Inkling #3371,A looping cartoon-squid PFP stacked from painterly trait layers. Minted on Ink.,3371.gif,Rose Gold,Teal Mist,Firefly,Bright,Brush Streak,Bare mantle
3372,Inkling #3372,A looping cartoon-squid PFP stacked from painterly trait layers. Minted on Ink.,3372.gif,Peach Dusk,Silver Veil,Inked,Lidded,Ink Splash,Soft Crown
3373,Inkling #3373,A looping cartoon-squid PFP stacked from painterly trait layers. Minted on Ink.,3373.gif,Charcoal Wash,No bloom,Cuttle,Wink,Red Seal,Bare mantle
3374,Inkling #3374,A looping cartoon-squid PFP stacked from painterly trait layers. Minted on Ink.,3374.gif,Wine Paper,No bloom,Firefly,Dew,Red Seal,Kelp Flow
3375,Inkling #3375,A looping cartoon-squid PFP stacked from painterly trait layers. Minted on Ink.,3375.gif,Celadon Garden,Gold Wash,Giant,Wink,Brush Streak,Kelp Flow
3376,Inkling #3376,A looping cartoon-squid PFP stacked from painterly trait layers. Minted on Ink.,3376.gif,Rose Gold,Violet Haze,Glass,Bright,Ink Splash,Bare mantle
3377,Inkling #3377,A looping cartoon-squid PFP stacked from painterly trait layers. Minted on Ink.,3377.gif,Storm Grey,Violet Haze,Bobtail,Sleepy,Ink Splash,Bare mantle
3378,Inkling #3378,A looping cartoon-squid PFP stacked from painterly trait layers. Minted on Ink.,3378.gif,Cream Rice,Teal Mist,Cuttle,Bright,Brush Streak,Bare mantle
3379,Inkling #3379,A looping cartoon-squid PFP stacked from painterly trait layers. Minted on Ink.,3379.gif,Peach Dusk,Gold Wash,Cuttle,Dew,Brush Streak,Wash Hood
3380,Inkling #3380,A looping cartoon-squid PFP stacked from painterly trait layers. Minted on Ink.,3380.gif,Charcoal Wash,No bloom,Firefly,Lidded,Clean mantle,Bare mantle
3381,Inkling #3381,A looping cartoon-squid PFP stacked from painterly trait layers. Minted on Ink.,3381.gif,Cream Rice,Violet Haze,Dumbo,Sleepy,Clean mantle,Ink Ribbon
3382,Inkling #3382,A looping cartoon-squid PFP stacked from painterly trait layers. Minted on Ink.,3382.gif,Storm Grey,Gold Wash,Glass,Sleepy,Clean mantle,Kelp Flow
3383,Inkling #3383,A looping cartoon-squid PFP stacked from painterly trait layers. Minted on Ink.,3383.gif,Storm Grey,Teal Mist,Dumbo,Lidded,Brush Streak,Wash Hood
3384,Inkling #3384,A looping cartoon-squid PFP stacked from painterly trait layers. Minted on Ink.,3384.gif,Indigo Night,Silver Veil,Inked,Lidded,Clean mantle,Soft Crown
3385,Inkling #3385,A looping cartoon-squid PFP stacked from painterly trait layers. Minted on Ink.,3385.gif,Indigo Night,Violet Haze,Dumbo,Ember,Brush Streak,Bare mantle
3386,Inkling #3386,A looping cartoon-squid PFP stacked from painterly trait layers. Minted on Ink.,3386.gif,Storm Grey,Teal Mist,Inked,Ember,Brush Streak,Pearl Cluster
3387,Inkling #3387,A looping cartoon-squid PFP stacked from painterly trait layers. Minted on Ink.,3387.gif,Storm Grey,No bloom,Inked,Dew,Clean mantle,Kelp Flow
3388,Inkling #3388,A looping cartoon-squid PFP stacked from painterly trait layers. Minted on Ink.,3388.gif,Wine Paper,Coral Glow,Giant,Sleepy,Ink Splash,Bare mantle
3389,Inkling #3389,A looping cartoon-squid PFP stacked from painterly trait layers. Minted on Ink.,3389.gif,Cream Rice,Violet Haze,Reef,Dew,Clean mantle,Bare mantle
3390,Inkling #3390,A looping cartoon-squid PFP stacked from painterly trait layers. Minted on Ink.,3390.gif,Storm Grey,Violet Haze,Reef,Sleepy,Clean mantle,Bare mantle
3391,Inkling #3391,A looping cartoon-squid PFP stacked from painterly trait layers. Minted on Ink.,3391.gif,Charcoal Wash,Gold Wash,Inked,Bright,Slow Drip,Bare mantle
3392,Inkling #3392,A looping cartoon-squid PFP stacked from painterly trait layers. Minted on Ink.,3392.gif,Wine Paper,Coral Glow,Reef,Sleepy,Red Seal,Soft Crown
3393,Inkling #3393,A looping cartoon-squid PFP stacked from painterly trait layers. Minted on Ink.,3393.gif,Storm Grey,Coral Glow,Dumbo,Lidded,Clean mantle,Bare mantle
3394,Inkling #3394,A looping cartoon-squid PFP stacked from painterly trait layers. Minted on Ink.,3394.gif,Charcoal Wash,Violet Haze,Cuttle,Ember,Clean mantle,Pearl Cluster
3395,Inkling #3395,A looping cartoon-squid PFP stacked from painterly trait layers. Minted on Ink.,3395.gif,Celadon Garden,Teal Mist,Reef,Dew,Clean mantle,Bare mantle
3396,Inkling #3396,A looping cartoon-squid PFP stacked from painterly trait layers. Minted on Ink.,3396.gif,Peach Dusk,No bloom,Inked,Dew,Red Seal,Bare mantle
3397,Inkling #3397,A looping cartoon-squid PFP stacked from painterly trait layers. Minted on Ink.,3397.gif,Celadon Garden,Violet Haze,Inked,Dew,Brush Streak,Bare mantle
3398,Inkling #3398,A looping cartoon-squid PFP stacked from painterly trait layers. Minted on Ink.,3398.gif,Indigo Night,Violet Haze,Glass,Sleepy,Ink Splash,Kelp Flow
3399,Inkling #3399,A looping cartoon-squid PFP stacked from painterly trait layers. Minted on Ink.,3399.gif,Celadon Garden,Silver Veil,Cuttle,Wink,Brush Streak,Wash Hood
3400,Inkling #3400,A looping cartoon-squid PFP stacked from painterly trait layers. Minted on Ink.,3400.gif,Wine Paper,Violet Haze,Giant,Dew,Ink Splash,Bare mantle
3401,Inkling #3401,A looping cartoon-squid PFP stacked from painterly trait layers. Minted on Ink.,3401.gif,Indigo Night,Violet Haze,Inked,Dew,Clean mantle,Kelp Flow
3402,Inkling #3402,A looping cartoon-squid PFP stacked from painterly trait layers. Minted on Ink.,3402.gif,Wine Paper,Silver Veil,Reef,Dew,Ink Splash,Soft Crown
3403,Inkling #3403,A looping cartoon-squid PFP stacked from painterly trait layers. Minted on Ink.,3403.gif,Peach Dusk,Coral Glow,Dumbo,Dew,Red Seal,Ink Ribbon
3404,Inkling #3404,A looping cartoon-squid PFP stacked from painterly trait layers. Minted on Ink.,3404.gif,Indigo Night,No bloom,Cuttle,Dew,Slow Drip,Bare mantle
3405,Inkling #3405,A looping cartoon-squid PFP stacked from painterly trait layers. Minted on Ink.,3405.gif,Cream Rice,Violet Haze,Cuttle,Bright,Brush Streak,Pearl Cluster
3406,Inkling #3406,A looping cartoon-squid PFP stacked from painterly trait layers. Minted on Ink.,3406.gif,Peach Dusk,No bloom,Firefly,Sleepy,Ink Splash,Soft Crown
3407,Inkling #3407,A looping cartoon-squid PFP stacked from painterly trait layers. Minted on Ink.,3407.gif,Peach Dusk,Silver Veil,Bobtail,Dew,Ink Splash,Soft Crown
3408,Inkling #3408,A looping cartoon-squid PFP stacked from painterly trait layers. Minted on Ink.,3408.gif,Peach Dusk,No bloom,Firefly,Bright,Red Seal,Pearl Cluster
3409,Inkling #3409,A looping cartoon-squid PFP stacked from painterly trait layers. Minted on Ink.,3409.gif,Cream Rice,Silver Veil,Giant,Sleepy,Clean mantle,Ink Ribbon
3410,Inkling #3410,A looping cartoon-squid PFP stacked from painterly trait layers. Minted on Ink.,3410.gif,Rose Gold,Violet Haze,Reef,Lidded,Clean mantle,Kelp Flow
3411,Inkling #3411,A looping cartoon-squid PFP stacked from painterly trait layers. Minted on Ink.,3411.gif,Charcoal Wash,Teal Mist,Giant,Lidded,Ink Splash,Bare mantle
3412,Inkling #3412,A looping cartoon-squid PFP stacked from painterly trait layers. Minted on Ink.,3412.gif,Charcoal Wash,Teal Mist,Bobtail,Dew,Clean mantle,Ink Ribbon
3413,Inkling #3413,A looping cartoon-squid PFP stacked from painterly trait layers. Minted on Ink.,3413.gif,Peach Dusk,Gold Wash,Cuttle,Dew,Brush Streak,Soft Crown
3414,Inkling #3414,A looping cartoon-squid PFP stacked from painterly trait layers. Minted on Ink.,3414.gif,Indigo Night,Violet Haze,Dumbo,Ember,Brush Streak,Kelp Flow
3415,Inkling #3415,A looping cartoon-squid PFP stacked from painterly trait layers. Minted on Ink.,3415.gif,Indigo Night,Violet Haze,Firefly,Dew,Slow Drip,Kelp Flow
3416,Inkling #3416,A looping cartoon-squid PFP stacked from painterly trait layers. Minted on Ink.,3416.gif,Peach Dusk,Teal Mist,Dumbo,Wink,Slow Drip,Bare mantle
3417,Inkling #3417,A looping cartoon-squid PFP stacked from painterly trait layers. Minted on Ink.,3417.gif,Celadon Garden,Teal Mist,Dumbo,Lidded,Ink Splash,Soft Crown
3418,Inkling #3418,A looping cartoon-squid PFP stacked from painterly trait layers. Minted on Ink.,3418.gif,Storm Grey,Violet Haze,Cuttle,Bright,Brush Streak,Pearl Cluster
3419,Inkling #3419,A looping cartoon-squid PFP stacked from painterly trait layers. Minted on Ink.,3419.gif,Charcoal Wash,No bloom,Firefly,Sleepy,Brush Streak,Pearl Cluster
3420,Inkling #3420,A looping cartoon-squid PFP stacked from painterly trait layers. Minted on Ink.,3420.gif,Indigo Night,Violet Haze,Bobtail,Lidded,Clean mantle,Ink Ribbon
3421,Inkling #3421,A looping cartoon-squid PFP stacked from painterly trait layers. Minted on Ink.,3421.gif,Celadon Garden,No bloom,Cuttle,Sleepy,Slow Drip,Ink Ribbon
3422,Inkling #3422,A looping cartoon-squid PFP stacked from painterly trait layers. Minted on Ink.,3422.gif,Peach Dusk,No bloom,Firefly,Wink,Slow Drip,Ink Ribbon
3423,Inkling #3423,A looping cartoon-squid PFP stacked from painterly trait layers. Minted on Ink.,3423.gif,Charcoal Wash,Coral Glow,Reef,Sleepy,Brush Streak,Pearl Cluster
3424,Inkling #3424,A looping cartoon-squid PFP stacked from painterly trait layers. Minted on Ink.,3424.gif,Wine Paper,Silver Veil,Bobtail,Dew,Red Seal,Pearl Cluster
3425,Inkling #3425,A looping cartoon-squid PFP stacked from painterly trait layers. Minted on Ink.,3425.gif,Charcoal Wash,Violet Haze,Inked,Bright,Ink Splash,Ink Ribbon
3426,Inkling #3426,A looping cartoon-squid PFP stacked from painterly trait layers. Minted on Ink.,3426.gif,Peach Dusk,Coral Glow,Bobtail,Sleepy,Clean mantle,Pearl Cluster
3427,Inkling #3427,A looping cartoon-squid PFP stacked from painterly trait layers. Minted on Ink.,3427.gif,Rose Gold,Silver Veil,Dumbo,Ember,Clean mantle,Bare mantle
3428,Inkling #3428,A looping cartoon-squid PFP stacked from painterly trait layers. Minted on Ink.,3428.gif,Charcoal Wash,Gold Wash,Bobtail,Wink,Red Seal,Ink Ribbon
3429,Inkling #3429,A looping cartoon-squid PFP stacked from painterly trait layers. Minted on Ink.,3429.gif,Celadon Garden,No bloom,Reef,Ember,Ink Splash,Ink Ribbon
3430,Inkling #3430,A looping cartoon-squid PFP stacked from painterly trait layers. Minted on Ink.,3430.gif,Celadon Garden,Gold Wash,Reef,Lidded,Clean mantle,Bare mantle
3431,Inkling #3431,A looping cartoon-squid PFP stacked from painterly trait layers. Minted on Ink.,3431.gif,Celadon Garden,Violet Haze,Reef,Sleepy,Clean mantle,Bare mantle
3432,Inkling #3432,A looping cartoon-squid PFP stacked from painterly trait layers. Minted on Ink.,3432.gif,Celadon Garden,No bloom,Reef,Sleepy,Red Seal,Ink Ribbon
3433,Inkling #3433,A looping cartoon-squid PFP stacked from painterly trait layers. Minted on Ink.,3433.gif,Celadon Garden,Silver Veil,Cuttle,Bright,Brush Streak,Kelp Flow
3434,Inkling #3434,A looping cartoon-squid PFP stacked from painterly trait layers. Minted on Ink.,3434.gif,Indigo Night,No bloom,Inked,Dew,Slow Drip,Bare mantle
3435,Inkling #3435,A looping cartoon-squid PFP stacked from painterly trait layers. Minted on Ink.,3435.gif,Celadon Garden,Silver Veil,Giant,Sleepy,Clean mantle,Pearl Cluster
3436,Inkling #3436,A looping cartoon-squid PFP stacked from painterly trait layers. Minted on Ink.,3436.gif,Rose Gold,Gold Wash,Glass,Sleepy,Ink Splash,Kelp Flow
3437,Inkling #3437,A looping cartoon-squid PFP stacked from painterly trait layers. Minted on Ink.,3437.gif,Rose Gold,Teal Mist,Reef,Wink,Red Seal,Kelp Flow
3438,Inkling #3438,A looping cartoon-squid PFP stacked from painterly trait layers. Minted on Ink.,3438.gif,Charcoal Wash,No bloom,Giant,Wink,Brush Streak,Soft Crown
3439,Inkling #3439,A looping cartoon-squid PFP stacked from painterly trait layers. Minted on Ink.,3439.gif,Storm Grey,Silver Veil,Bobtail,Bright,Clean mantle,Pearl Cluster
3440,Inkling #3440,A looping cartoon-squid PFP stacked from painterly trait layers. Minted on Ink.,3440.gif,Storm Grey,Violet Haze,Glass,Dew,Ink Splash,Bare mantle
3441,Inkling #3441,A looping cartoon-squid PFP stacked from painterly trait layers. Minted on Ink.,3441.gif,Storm Grey,Silver Veil,Dumbo,Ember,Red Seal,Bare mantle
3442,Inkling #3442,A looping cartoon-squid PFP stacked from painterly trait layers. Minted on Ink.,3442.gif,Storm Grey,Violet Haze,Dumbo,Wink,Clean mantle,Soft Crown
3443,Inkling #3443,A looping cartoon-squid PFP stacked from painterly trait layers. Minted on Ink.,3443.gif,Celadon Garden,Violet Haze,Reef,Dew,Clean mantle,Soft Crown
3444,Inkling #3444,A looping cartoon-squid PFP stacked from painterly trait layers. Minted on Ink.,3444.gif,Indigo Night,Gold Wash,Dumbo,Wink,Ink Splash,Pearl Cluster
3445,Inkling #3445,A looping cartoon-squid PFP stacked from painterly trait layers. Minted on Ink.,3445.gif,Peach Dusk,No bloom,Dumbo,Ember,Ink Splash,Kelp Flow
3446,Inkling #3446,A looping cartoon-squid PFP stacked from painterly trait layers. Minted on Ink.,3446.gif,Wine Paper,No bloom,Giant,Bright,Clean mantle,Pearl Cluster
3447,Inkling #3447,A looping cartoon-squid PFP stacked from painterly trait layers. Minted on Ink.,3447.gif,Celadon Garden,Teal Mist,Cuttle,Ember,Ink Splash,Soft Crown
3448,Inkling #3448,A looping cartoon-squid PFP stacked from painterly trait layers. Minted on Ink.,3448.gif,Peach Dusk,Violet Haze,Reef,Lidded,Red Seal,Ink Ribbon
3449,Inkling #3449,A looping cartoon-squid PFP stacked from painterly trait layers. Minted on Ink.,3449.gif,Indigo Night,Coral Glow,Firefly,Bright,Red Seal,Soft Crown
3450,Inkling #3450,A looping cartoon-squid PFP stacked from painterly trait layers. Minted on Ink.,3450.gif,Rose Gold,Teal Mist,Bobtail,Sleepy,Ink Splash,Bare mantle
3451,Inkling #3451,A looping cartoon-squid PFP stacked from painterly trait layers. Minted on Ink.,3451.gif,Storm Grey,Silver Veil,Reef,Sleepy,Clean mantle,Kelp Flow
3452,Inkling #3452,A looping cartoon-squid PFP stacked from painterly trait layers. Minted on Ink.,3452.gif,Peach Dusk,Silver Veil,Cuttle,Lidded,Ink Splash,Kelp Flow
3453,Inkling #3453,A looping cartoon-squid PFP stacked from painterly trait layers. Minted on Ink.,3453.gif,Celadon Garden,Teal Mist,Bobtail,Bright,Brush Streak,Ink Ribbon
3454,Inkling #3454,A looping cartoon-squid PFP stacked from painterly trait layers. Minted on Ink.,3454.gif,Peach Dusk,Silver Veil,Reef,Dew,Ink Splash,Pearl Cluster
3455,Inkling #3455,A looping cartoon-squid PFP stacked from painterly trait layers. Minted on Ink.,3455.gif,Storm Grey,Teal Mist,Cuttle,Ember,Clean mantle,Pearl Cluster
3456,Inkling #3456,A looping cartoon-squid PFP stacked from painterly trait layers. Minted on Ink.,3456.gif,Charcoal Wash,Violet Haze,Cuttle,Bright,Slow Drip,Kelp Flow
3457,Inkling #3457,A looping cartoon-squid PFP stacked from painterly trait layers. Minted on Ink.,3457.gif,Wine Paper,Violet Haze,Cuttle,Lidded,Clean mantle,Kelp Flow
3458,Inkling #3458,A looping cartoon-squid PFP stacked from painterly trait layers. Minted on Ink.,3458.gif,Charcoal Wash,No bloom,Giant,Ember,Clean mantle,Bare mantle
3459,Inkling #3459,A looping cartoon-squid PFP stacked from painterly trait layers. Minted on Ink.,3459.gif,Cream Rice,No bloom,Cuttle,Dew,Clean mantle,Wash Hood
3460,Inkling #3460,A looping cartoon-squid PFP stacked from painterly trait layers. Minted on Ink.,3460.gif,Storm Grey,No bloom,Reef,Bright,Clean mantle,Soft Crown
3461,Inkling #3461,A looping cartoon-squid PFP stacked from painterly trait layers. Minted on Ink.,3461.gif,Rose Gold,No bloom,Inked,Bright,Slow Drip,Ink Ribbon
3462,Inkling #3462,A looping cartoon-squid PFP stacked from painterly trait layers. Minted on Ink.,3462.gif,Rose Gold,Gold Wash,Bobtail,Sleepy,Ink Splash,Soft Crown
3463,Inkling #3463,A looping cartoon-squid PFP stacked from painterly trait layers. Minted on Ink.,3463.gif,Wine Paper,Teal Mist,Cuttle,Bright,Red Seal,Bare mantle
3464,Inkling #3464,A looping cartoon-squid PFP stacked from painterly trait layers. Minted on Ink.,3464.gif,Peach Dusk,No bloom,Cuttle,Sleepy,Brush Streak,Wash Hood
3465,Inkling #3465,A looping cartoon-squid PFP stacked from painterly trait layers. Minted on Ink.,3465.gif,Peach Dusk,Silver Veil,Giant,Wink,Red Seal,Wash Hood
3466,Inkling #3466,A looping cartoon-squid PFP stacked from painterly trait layers. Minted on Ink.,3466.gif,Rose Gold,Teal Mist,Firefly,Bright,Slow Drip,Wash Hood
3467,Inkling #3467,A looping cartoon-squid PFP stacked from painterly trait layers. Minted on Ink.,3467.gif,Wine Paper,Silver Veil,Inked,Wink,Clean mantle,Bare mantle
3468,Inkling #3468,A looping cartoon-squid PFP stacked from painterly trait layers. Minted on Ink.,3468.gif,Peach Dusk,Gold Wash,Giant,Wink,Clean mantle,Soft Crown
3469,Inkling #3469,A looping cartoon-squid PFP stacked from painterly trait layers. Minted on Ink.,3469.gif,Rose Gold,Teal Mist,Dumbo,Lidded,Clean mantle,Bare mantle
3470,Inkling #3470,A looping cartoon-squid PFP stacked from painterly trait layers. Minted on Ink.,3470.gif,Storm Grey,Silver Veil,Dumbo,Lidded,Ink Splash,Pearl Cluster
3471,Inkling #3471,A looping cartoon-squid PFP stacked from painterly trait layers. Minted on Ink.,3471.gif,Indigo Night,Coral Glow,Inked,Ember,Clean mantle,Pearl Cluster
3472,Inkling #3472,A looping cartoon-squid PFP stacked from painterly trait layers. Minted on Ink.,3472.gif,Cream Rice,Gold Wash,Cuttle,Bright,Slow Drip,Bare mantle
3473,Inkling #3473,A looping cartoon-squid PFP stacked from painterly trait layers. Minted on Ink.,3473.gif,Storm Grey,No bloom,Glass,Dew,Clean mantle,Pearl Cluster
3474,Inkling #3474,A looping cartoon-squid PFP stacked from painterly trait layers. Minted on Ink.,3474.gif,Rose Gold,Silver Veil,Giant,Dew,Slow Drip,Wash Hood
3475,Inkling #3475,A looping cartoon-squid PFP stacked from painterly trait layers. Minted on Ink.,3475.gif,Indigo Night,Teal Mist,Dumbo,Lidded,Ink Splash,Wash Hood
3476,Inkling #3476,A looping cartoon-squid PFP stacked from painterly trait layers. Minted on Ink.,3476.gif,Celadon Garden,No bloom,Cuttle,Dew,Clean mantle,Soft Crown
3477,Inkling #3477,A looping cartoon-squid PFP stacked from painterly trait layers. Minted on Ink.,3477.gif,Storm Grey,No bloom,Bobtail,Ember,Clean mantle,Ink Ribbon
3478,Inkling #3478,A looping cartoon-squid PFP stacked from painterly trait layers. Minted on Ink.,3478.gif,Peach Dusk,Coral Glow,Cuttle,Bright,Slow Drip,Bare mantle
3479,Inkling #3479,A looping cartoon-squid PFP stacked from painterly trait layers. Minted on Ink.,3479.gif,Peach Dusk,Gold Wash,Cuttle,Bright,Clean mantle,Bare mantle
3480,Inkling #3480,A looping cartoon-squid PFP stacked from painterly trait layers. Minted on Ink.,3480.gif,Rose Gold,Coral Glow,Glass,Lidded,Slow Drip,Soft Crown
3481,Inkling #3481,A looping cartoon-squid PFP stacked from painterly trait layers. Minted on Ink.,3481.gif,Indigo Night,Gold Wash,Reef,Ember,Clean mantle,Ink Ribbon
3482,Inkling #3482,A looping cartoon-squid PFP stacked from painterly trait layers. Minted on Ink.,3482.gif,Wine Paper,Violet Haze,Bobtail,Sleepy,Clean mantle,Soft Crown
3483,Inkling #3483,A looping cartoon-squid PFP stacked from painterly trait layers. Minted on Ink.,3483.gif,Peach Dusk,Violet Haze,Glass,Lidded,Red Seal,Wash Hood
3484,Inkling #3484,A looping cartoon-squid PFP stacked from painterly trait layers. Minted on Ink.,3484.gif,Charcoal Wash,Gold Wash,Giant,Wink,Brush Streak,Ink Ribbon
3485,Inkling #3485,A looping cartoon-squid PFP stacked from painterly trait layers. Minted on Ink.,3485.gif,Cream Rice,Gold Wash,Glass,Wink,Ink Splash,Soft Crown
3486,Inkling #3486,A looping cartoon-squid PFP stacked from painterly trait layers. Minted on Ink.,3486.gif,Cream Rice,Gold Wash,Reef,Wink,Ink Splash,Bare mantle
3487,Inkling #3487,A looping cartoon-squid PFP stacked from painterly trait layers. Minted on Ink.,3487.gif,Cream Rice,No bloom,Reef,Wink,Clean mantle,Pearl Cluster
3488,Inkling #3488,A looping cartoon-squid PFP stacked from painterly trait layers. Minted on Ink.,3488.gif,Charcoal Wash,Coral Glow,Dumbo,Bright,Red Seal,Pearl Cluster
3489,Inkling #3489,A looping cartoon-squid PFP stacked from painterly trait layers. Minted on Ink.,3489.gif,Charcoal Wash,Gold Wash,Firefly,Sleepy,Clean mantle,Wash Hood
3490,Inkling #3490,A looping cartoon-squid PFP stacked from painterly trait layers. Minted on Ink.,3490.gif,Indigo Night,Gold Wash,Reef,Lidded,Ink Splash,Ink Ribbon
3491,Inkling #3491,A looping cartoon-squid PFP stacked from painterly trait layers. Minted on Ink.,3491.gif,Rose Gold,Teal Mist,Cuttle,Lidded,Clean mantle,Ink Ribbon
3492,Inkling #3492,A looping cartoon-squid PFP stacked from painterly trait layers. Minted on Ink.,3492.gif,Storm Grey,Coral Glow,Giant,Ember,Slow Drip,Pearl Cluster
3493,Inkling #3493,A looping cartoon-squid PFP stacked from painterly trait layers. Minted on Ink.,3493.gif,Celadon Garden,Violet Haze,Bobtail,Ember,Brush Streak,Bare mantle
3494,Inkling #3494,A looping cartoon-squid PFP stacked from painterly trait layers. Minted on Ink.,3494.gif,Wine Paper,Violet Haze,Bobtail,Bright,Brush Streak,Soft Crown
3495,Inkling #3495,A looping cartoon-squid PFP stacked from painterly trait layers. Minted on Ink.,3495.gif,Rose Gold,Violet Haze,Bobtail,Bright,Red Seal,Kelp Flow
3496,Inkling #3496,A looping cartoon-squid PFP stacked from painterly trait layers. Minted on Ink.,3496.gif,Charcoal Wash,No bloom,Glass,Wink,Clean mantle,Soft Crown
3497,Inkling #3497,A looping cartoon-squid PFP stacked from painterly trait layers. Minted on Ink.,3497.gif,Cream Rice,Violet Haze,Bobtail,Ember,Slow Drip,Bare mantle
3498,Inkling #3498,A looping cartoon-squid PFP stacked from painterly trait layers. Minted on Ink.,3498.gif,Wine Paper,Gold Wash,Bobtail,Lidded,Clean mantle,Ink Ribbon
3499,Inkling #3499,A looping cartoon-squid PFP stacked from painterly trait layers. Minted on Ink.,3499.gif,Peach Dusk,No bloom,Bobtail,Wink,Brush Streak,Kelp Flow
3500,Inkling #3500,A looping cartoon-squid PFP stacked from painterly trait layers. Minted on Ink.,3500.gif,Indigo Night,Violet Haze,Cuttle,Ember,Clean mantle,Pearl Cluster
3501,Inkling #3501,A looping cartoon-squid PFP stacked from painterly trait layers. Minted on Ink.,3501.gif,Cream Rice,Violet Haze,Reef,Wink,Red Seal,Kelp Flow
3502,Inkling #3502,A looping cartoon-squid PFP stacked from painterly trait layers. Minted on Ink.,3502.gif,Wine Paper,Violet Haze,Cuttle,Sleepy,Clean mantle,Wash Hood
3503,Inkling #3503,A looping cartoon-squid PFP stacked from painterly trait layers. Minted on Ink.,3503.gif,Storm Grey,No bloom,Giant,Ember,Red Seal,Bare mantle
3504,Inkling #3504,A looping cartoon-squid PFP stacked from painterly trait layers. Minted on Ink.,3504.gif,Peach Dusk,Gold Wash,Bobtail,Wink,Slow Drip,Bare mantle
3505,Inkling #3505,A looping cartoon-squid PFP stacked from painterly trait layers. Minted on Ink.,3505.gif,Cream Rice,Coral Glow,Firefly,Bright,Slow Drip,Kelp Flow
3506,Inkling #3506,A looping cartoon-squid PFP stacked from painterly trait layers. Minted on Ink.,3506.gif,Cream Rice,Teal Mist,Firefly,Ember,Brush Streak,Bare mantle
3507,Inkling #3507,A looping cartoon-squid PFP stacked from painterly trait layers. Minted on Ink.,3507.gif,Celadon Garden,Violet Haze,Bobtail,Sleepy,Red Seal,Kelp Flow
3508,Inkling #3508,A looping cartoon-squid PFP stacked from painterly trait layers. Minted on Ink.,3508.gif,Indigo Night,Coral Glow,Reef,Lidded,Clean mantle,Bare mantle
3509,Inkling #3509,A looping cartoon-squid PFP stacked from painterly trait layers. Minted on Ink.,3509.gif,Rose Gold,Teal Mist,Bobtail,Wink,Clean mantle,Bare mantle
3510,Inkling #3510,A looping cartoon-squid PFP stacked from painterly trait layers. Minted on Ink.,3510.gif,Wine Paper,Silver Veil,Bobtail,Wink,Ink Splash,Bare mantle
3511,Inkling #3511,A looping cartoon-squid PFP stacked from painterly trait layers. Minted on Ink.,3511.gif,Rose Gold,Coral Glow,Glass,Wink,Slow Drip,Kelp Flow
3512,Inkling #3512,A looping cartoon-squid PFP stacked from painterly trait layers. Minted on Ink.,3512.gif,Celadon Garden,Gold Wash,Cuttle,Sleepy,Brush Streak,Ink Ribbon
3513,Inkling #3513,A looping cartoon-squid PFP stacked from painterly trait layers. Minted on Ink.,3513.gif,Indigo Night,No bloom,Dumbo,Lidded,Clean mantle,Bare mantle
3514,Inkling #3514,A looping cartoon-squid PFP stacked from painterly trait layers. Minted on Ink.,3514.gif,Rose Gold,No bloom,Dumbo,Dew,Brush Streak,Ink Ribbon
3515,Inkling #3515,A looping cartoon-squid PFP stacked from painterly trait layers. Minted on Ink.,3515.gif,Indigo Night,No bloom,Dumbo,Wink,Ink Splash,Pearl Cluster
3516,Inkling #3516,A looping cartoon-squid PFP stacked from painterly trait layers. Minted on Ink.,3516.gif,Cream Rice,No bloom,Reef,Lidded,Red Seal,Ink Ribbon
3517,Inkling #3517,A looping cartoon-squid PFP stacked from painterly trait layers. Minted on Ink.,3517.gif,Peach Dusk,Coral Glow,Glass,Lidded,Clean mantle,Kelp Flow
3518,Inkling #3518,A looping cartoon-squid PFP stacked from painterly trait layers. Minted on Ink.,3518.gif,Celadon Garden,No bloom,Cuttle,Ember,Clean mantle,Bare mantle
3519,Inkling #3519,A looping cartoon-squid PFP stacked from painterly trait layers. Minted on Ink.,3519.gif,Indigo Night,Silver Veil,Bobtail,Lidded,Slow Drip,Wash Hood
3520,Inkling #3520,A looping cartoon-squid PFP stacked from painterly trait layers. Minted on Ink.,3520.gif,Indigo Night,Coral Glow,Cuttle,Dew,Clean mantle,Kelp Flow
3521,Inkling #3521,A looping cartoon-squid PFP stacked from painterly trait layers. Minted on Ink.,3521.gif,Wine Paper,No bloom,Reef,Bright,Brush Streak,Kelp Flow
3522,Inkling #3522,A looping cartoon-squid PFP stacked from painterly trait layers. Minted on Ink.,3522.gif,Charcoal Wash,Violet Haze,Glass,Ember,Clean mantle,Bare mantle
3523,Inkling #3523,A looping cartoon-squid PFP stacked from painterly trait layers. Minted on Ink.,3523.gif,Charcoal Wash,Teal Mist,Reef,Bright,Clean mantle,Soft Crown
3524,Inkling #3524,A looping cartoon-squid PFP stacked from painterly trait layers. Minted on Ink.,3524.gif,Rose Gold,Gold Wash,Firefly,Sleepy,Clean mantle,Kelp Flow
3525,Inkling #3525,A looping cartoon-squid PFP stacked from painterly trait layers. Minted on Ink.,3525.gif,Indigo Night,Coral Glow,Cuttle,Sleepy,Slow Drip,Kelp Flow
3526,Inkling #3526,A looping cartoon-squid PFP stacked from painterly trait layers. Minted on Ink.,3526.gif,Charcoal Wash,Silver Veil,Reef,Wink,Red Seal,Soft Crown
3527,Inkling #3527,A looping cartoon-squid PFP stacked from painterly trait layers. Minted on Ink.,3527.gif,Celadon Garden,No bloom,Giant,Wink,Slow Drip,Wash Hood
3528,Inkling #3528,A looping cartoon-squid PFP stacked from painterly trait layers. Minted on Ink.,3528.gif,Peach Dusk,No bloom,Reef,Dew,Clean mantle,Kelp Flow
3529,Inkling #3529,A looping cartoon-squid PFP stacked from painterly trait layers. Minted on Ink.,3529.gif,Charcoal Wash,No bloom,Dumbo,Bright,Ink Splash,Soft Crown
3530,Inkling #3530,A looping cartoon-squid PFP stacked from painterly trait layers. Minted on Ink.,3530.gif,Cream Rice,No bloom,Reef,Bright,Slow Drip,Soft Crown
3531,Inkling #3531,A looping cartoon-squid PFP stacked from painterly trait layers. Minted on Ink.,3531.gif,Rose Gold,Violet Haze,Glass,Ember,Ink Splash,Ink Ribbon
3532,Inkling #3532,A looping cartoon-squid PFP stacked from painterly trait layers. Minted on Ink.,3532.gif,Wine Paper,Coral Glow,Glass,Bright,Clean mantle,Ink Ribbon
3533,Inkling #3533,A looping cartoon-squid PFP stacked from painterly trait layers. Minted on Ink.,3533.gif,Charcoal Wash,Silver Veil,Giant,Dew,Slow Drip,Ink Ribbon
3534,Inkling #3534,A looping cartoon-squid PFP stacked from painterly trait layers. Minted on Ink.,3534.gif,Indigo Night,Teal Mist,Glass,Dew,Clean mantle,Soft Crown
3535,Inkling #3535,A looping cartoon-squid PFP stacked from painterly trait layers. Minted on Ink.,3535.gif,Peach Dusk,No bloom,Reef,Lidded,Clean mantle,Kelp Flow
3536,Inkling #3536,A looping cartoon-squid PFP stacked from painterly trait layers. Minted on Ink.,3536.gif,Indigo Night,Coral Glow,Dumbo,Bright,Clean mantle,Wash Hood
3537,Inkling #3537,A looping cartoon-squid PFP stacked from painterly trait layers. Minted on Ink.,3537.gif,Charcoal Wash,Violet Haze,Glass,Sleepy,Red Seal,Soft Crown
3538,Inkling #3538,A looping cartoon-squid PFP stacked from painterly trait layers. Minted on Ink.,3538.gif,Indigo Night,Gold Wash,Inked,Bright,Clean mantle,Kelp Flow
3539,Inkling #3539,A looping cartoon-squid PFP stacked from painterly trait layers. Minted on Ink.,3539.gif,Storm Grey,No bloom,Cuttle,Sleepy,Clean mantle,Bare mantle
3540,Inkling #3540,A looping cartoon-squid PFP stacked from painterly trait layers. Minted on Ink.,3540.gif,Charcoal Wash,No bloom,Firefly,Lidded,Clean mantle,Ink Ribbon
3541,Inkling #3541,A looping cartoon-squid PFP stacked from painterly trait layers. Minted on Ink.,3541.gif,Cream Rice,Coral Glow,Bobtail,Ember,Ink Splash,Soft Crown
3542,Inkling #3542,A looping cartoon-squid PFP stacked from painterly trait layers. Minted on Ink.,3542.gif,Celadon Garden,Coral Glow,Bobtail,Bright,Red Seal,Ink Ribbon
3543,Inkling #3543,A looping cartoon-squid PFP stacked from painterly trait layers. Minted on Ink.,3543.gif,Rose Gold,Gold Wash,Cuttle,Ember,Slow Drip,Pearl Cluster
3544,Inkling #3544,A looping cartoon-squid PFP stacked from painterly trait layers. Minted on Ink.,3544.gif,Charcoal Wash,Teal Mist,Bobtail,Wink,Clean mantle,Soft Crown
3545,Inkling #3545,A looping cartoon-squid PFP stacked from painterly trait layers. Minted on Ink.,3545.gif,Rose Gold,No bloom,Inked,Bright,Clean mantle,Soft Crown
3546,Inkling #3546,A looping cartoon-squid PFP stacked from painterly trait layers. Minted on Ink.,3546.gif,Cream Rice,Violet Haze,Reef,Sleepy,Brush Streak,Kelp Flow
3547,Inkling #3547,A looping cartoon-squid PFP stacked from painterly trait layers. Minted on Ink.,3547.gif,Indigo Night,No bloom,Giant,Bright,Clean mantle,Bare mantle
3548,Inkling #3548,A looping cartoon-squid PFP stacked from painterly trait layers. Minted on Ink.,3548.gif,Rose Gold,Coral Glow,Reef,Wink,Red Seal,Kelp Flow
3549,Inkling #3549,A looping cartoon-squid PFP stacked from painterly trait layers. Minted on Ink.,3549.gif,Wine Paper,No bloom,Firefly,Wink,Clean mantle,Pearl Cluster
3550,Inkling #3550,A looping cartoon-squid PFP stacked from painterly trait layers. Minted on Ink.,3550.gif,Rose Gold,No bloom,Bobtail,Dew,Ink Splash,Pearl Cluster
3551,Inkling #3551,A looping cartoon-squid PFP stacked from painterly trait layers. Minted on Ink.,3551.gif,Indigo Night,Gold Wash,Glass,Dew,Slow Drip,Kelp Flow
3552,Inkling #3552,A looping cartoon-squid PFP stacked from painterly trait layers. Minted on Ink.,3552.gif,Storm Grey,Teal Mist,Bobtail,Lidded,Slow Drip,Wash Hood
3553,Inkling #3553,A looping cartoon-squid PFP stacked from painterly trait layers. Minted on Ink.,3553.gif,Storm Grey,Teal Mist,Firefly,Wink,Ink Splash,Soft Crown
3554,Inkling #3554,A looping cartoon-squid PFP stacked from painterly trait layers. Minted on Ink.,3554.gif,Celadon Garden,Coral Glow,Dumbo,Wink,Brush Streak,Ink Ribbon
3555,Inkling #3555,A looping cartoon-squid PFP stacked from painterly trait layers. Minted on Ink.,3555.gif,Storm Grey,Silver Veil,Dumbo,Lidded,Brush Streak,Ink Ribbon
3556,Inkling #3556,A looping cartoon-squid PFP stacked from painterly trait layers. Minted on Ink.,3556.gif,Cream Rice,Coral Glow,Firefly,Bright,Brush Streak,Bare mantle
3557,Inkling #3557,A looping cartoon-squid PFP stacked from painterly trait layers. Minted on Ink.,3557.gif,Wine Paper,Gold Wash,Inked,Lidded,Brush Streak,Soft Crown
3558,Inkling #3558,A looping cartoon-squid PFP stacked from painterly trait layers. Minted on Ink.,3558.gif,Indigo Night,Teal Mist,Glass,Bright,Ink Splash,Kelp Flow
3559,Inkling #3559,A looping cartoon-squid PFP stacked from painterly trait layers. Minted on Ink.,3559.gif,Peach Dusk,Gold Wash,Cuttle,Lidded,Red Seal,Kelp Flow
3560,Inkling #3560,A looping cartoon-squid PFP stacked from painterly trait layers. Minted on Ink.,3560.gif,Peach Dusk,Teal Mist,Giant,Wink,Slow Drip,Pearl Cluster
3561,Inkling #3561,A looping cartoon-squid PFP stacked from painterly trait layers. Minted on Ink.,3561.gif,Celadon Garden,Violet Haze,Giant,Bright,Brush Streak,Wash Hood
3562,Inkling #3562,A looping cartoon-squid PFP stacked from painterly trait layers. Minted on Ink.,3562.gif,Rose Gold,Coral Glow,Inked,Ember,Slow Drip,Wash Hood
3563,Inkling #3563,A looping cartoon-squid PFP stacked from painterly trait layers. Minted on Ink.,3563.gif,Rose Gold,Violet Haze,Dumbo,Bright,Red Seal,Bare mantle
3564,Inkling #3564,A looping cartoon-squid PFP stacked from painterly trait layers. Minted on Ink.,3564.gif,Rose Gold,Violet Haze,Inked,Sleepy,Clean mantle,Ink Ribbon
3565,Inkling #3565,A looping cartoon-squid PFP stacked from painterly trait layers. Minted on Ink.,3565.gif,Wine Paper,Coral Glow,Giant,Ember,Slow Drip,Ink Ribbon
3566,Inkling #3566,A looping cartoon-squid PFP stacked from painterly trait layers. Minted on Ink.,3566.gif,Rose Gold,Silver Veil,Dumbo,Lidded,Brush Streak,Bare mantle
3567,Inkling #3567,A looping cartoon-squid PFP stacked from painterly trait layers. Minted on Ink.,3567.gif,Rose Gold,Teal Mist,Reef,Lidded,Ink Splash,Ink Ribbon
3568,Inkling #3568,A looping cartoon-squid PFP stacked from painterly trait layers. Minted on Ink.,3568.gif,Storm Grey,Coral Glow,Glass,Wink,Clean mantle,Bare mantle
3569,Inkling #3569,A looping cartoon-squid PFP stacked from painterly trait layers. Minted on Ink.,3569.gif,Celadon Garden,Gold Wash,Bobtail,Lidded,Clean mantle,Bare mantle
3570,Inkling #3570,A looping cartoon-squid PFP stacked from painterly trait layers. Minted on Ink.,3570.gif,Peach Dusk,Silver Veil,Bobtail,Lidded,Slow Drip,Kelp Flow
3571,Inkling #3571,A looping cartoon-squid PFP stacked from painterly trait layers. Minted on Ink.,3571.gif,Peach Dusk,Coral Glow,Giant,Wink,Slow Drip,Ink Ribbon
3572,Inkling #3572,A looping cartoon-squid PFP stacked from painterly trait layers. Minted on Ink.,3572.gif,Celadon Garden,No bloom,Reef,Lidded,Slow Drip,Pearl Cluster
3573,Inkling #3573,A looping cartoon-squid PFP stacked from painterly trait layers. Minted on Ink.,3573.gif,Rose Gold,Gold Wash,Cuttle,Bright,Clean mantle,Bare mantle
3574,Inkling #3574,A looping cartoon-squid PFP stacked from painterly trait layers. Minted on Ink.,3574.gif,Celadon Garden,Silver Veil,Dumbo,Ember,Ink Splash,Soft Crown
3575,Inkling #3575,A looping cartoon-squid PFP stacked from painterly trait layers. Minted on Ink.,3575.gif,Indigo Night,Silver Veil,Bobtail,Bright,Slow Drip,Ink Ribbon
3576,Inkling #3576,A looping cartoon-squid PFP stacked from painterly trait layers. Minted on Ink.,3576.gif,Indigo Night,Silver Veil,Firefly,Lidded,Ink Splash,Pearl Cluster
3577,Inkling #3577,A looping cartoon-squid PFP stacked from painterly trait layers. Minted on Ink.,3577.gif,Rose Gold,Silver Veil,Glass,Ember,Clean mantle,Wash Hood
3578,Inkling #3578,A looping cartoon-squid PFP stacked from painterly trait layers. Minted on Ink.,3578.gif,Celadon Garden,Violet Haze,Reef,Bright,Clean mantle,Ink Ribbon
3579,Inkling #3579,A looping cartoon-squid PFP stacked from painterly trait layers. Minted on Ink.,3579.gif,Wine Paper,Coral Glow,Cuttle,Dew,Red Seal,Pearl Cluster
3580,Inkling #3580,A looping cartoon-squid PFP stacked from painterly trait layers. Minted on Ink.,3580.gif,Indigo Night,No bloom,Firefly,Wink,Red Seal,Kelp Flow
3581,Inkling #3581,A looping cartoon-squid PFP stacked from painterly trait layers. Minted on Ink.,3581.gif,Peach Dusk,Coral Glow,Cuttle,Sleepy,Clean mantle,Kelp Flow
3582,Inkling #3582,A looping cartoon-squid PFP stacked from painterly trait layers. Minted on Ink.,3582.gif,Peach Dusk,Silver Veil,Cuttle,Lidded,Clean mantle,Pearl Cluster
3583,Inkling #3583,A looping cartoon-squid PFP stacked from painterly trait layers. Minted on Ink.,3583.gif,Wine Paper,No bloom,Inked,Bright,Clean mantle,Soft Crown
3584,Inkling #3584,A looping cartoon-squid PFP stacked from painterly trait layers. Minted on Ink.,3584.gif,Cream Rice,Gold Wash,Glass,Bright,Clean mantle,Kelp Flow
3585,Inkling #3585,A looping cartoon-squid PFP stacked from painterly trait layers. Minted on Ink.,3585.gif,Cream Rice,Silver Veil,Giant,Wink,Brush Streak,Pearl Cluster
3586,Inkling #3586,A looping cartoon-squid PFP stacked from painterly trait layers. Minted on Ink.,3586.gif,Indigo Night,Teal Mist,Reef,Sleepy,Ink Splash,Pearl Cluster
3587,Inkling #3587,A looping cartoon-squid PFP stacked from painterly trait layers. Minted on Ink.,3587.gif,Charcoal Wash,No bloom,Inked,Dew,Clean mantle,Soft Crown
3588,Inkling #3588,A looping cartoon-squid PFP stacked from painterly trait layers. Minted on Ink.,3588.gif,Charcoal Wash,Silver Veil,Dumbo,Sleepy,Red Seal,Pearl Cluster
3589,Inkling #3589,A looping cartoon-squid PFP stacked from painterly trait layers. Minted on Ink.,3589.gif,Celadon Garden,Gold Wash,Inked,Sleepy,Brush Streak,Bare mantle
3590,Inkling #3590,A looping cartoon-squid PFP stacked from painterly trait layers. Minted on Ink.,3590.gif,Indigo Night,Coral Glow,Giant,Bright,Ink Splash,Bare mantle
3591,Inkling #3591,A looping cartoon-squid PFP stacked from painterly trait layers. Minted on Ink.,3591.gif,Celadon Garden,No bloom,Firefly,Dew,Clean mantle,Ink Ribbon
3592,Inkling #3592,A looping cartoon-squid PFP stacked from painterly trait layers. Minted on Ink.,3592.gif,Storm Grey,Violet Haze,Bobtail,Ember,Red Seal,Kelp Flow
3593,Inkling #3593,A looping cartoon-squid PFP stacked from painterly trait layers. Minted on Ink.,3593.gif,Rose Gold,Silver Veil,Firefly,Lidded,Clean mantle,Soft Crown
3594,Inkling #3594,A looping cartoon-squid PFP stacked from painterly trait layers. Minted on Ink.,3594.gif,Charcoal Wash,Silver Veil,Firefly,Lidded,Ink Splash,Kelp Flow
3595,Inkling #3595,A looping cartoon-squid PFP stacked from painterly trait layers. Minted on Ink.,3595.gif,Charcoal Wash,No bloom,Inked,Wink,Clean mantle,Kelp Flow
3596,Inkling #3596,A looping cartoon-squid PFP stacked from painterly trait layers. Minted on Ink.,3596.gif,Celadon Garden,Teal Mist,Reef,Lidded,Clean mantle,Bare mantle
3597,Inkling #3597,A looping cartoon-squid PFP stacked from painterly trait layers. Minted on Ink.,3597.gif,Celadon Garden,Gold Wash,Glass,Dew,Clean mantle,Soft Crown
3598,Inkling #3598,A looping cartoon-squid PFP stacked from painterly trait layers. Minted on Ink.,3598.gif,Peach Dusk,No bloom,Giant,Bright,Brush Streak,Ink Ribbon
3599,Inkling #3599,A looping cartoon-squid PFP stacked from painterly trait layers. Minted on Ink.,3599.gif,Indigo Night,No bloom,Inked,Sleepy,Clean mantle,Bare mantle
3600,Inkling #3600,A looping cartoon-squid PFP stacked from painterly trait layers. Minted on Ink.,3600.gif,Indigo Night,Silver Veil,Bobtail,Lidded,Clean mantle,Ink Ribbon
3601,Inkling #3601,A looping cartoon-squid PFP stacked from painterly trait layers. Minted on Ink.,3601.gif,Rose Gold,Violet Haze,Glass,Ember,Slow Drip,Bare mantle
3602,Inkling #3602,A looping cartoon-squid PFP stacked from painterly trait layers. Minted on Ink.,3602.gif,Indigo Night,Silver Veil,Glass,Sleepy,Clean mantle,Kelp Flow
3603,Inkling #3603,A looping cartoon-squid PFP stacked from painterly trait layers. Minted on Ink.,3603.gif,Celadon Garden,Gold Wash,Glass,Dew,Brush Streak,Kelp Flow
3604,Inkling #3604,A looping cartoon-squid PFP stacked from painterly trait layers. Minted on Ink.,3604.gif,Cream Rice,Silver Veil,Bobtail,Bright,Brush Streak,Bare mantle
3605,Inkling #3605,A looping cartoon-squid PFP stacked from painterly trait layers. Minted on Ink.,3605.gif,Storm Grey,Silver Veil,Bobtail,Ember,Clean mantle,Bare mantle
3606,Inkling #3606,A looping cartoon-squid PFP stacked from painterly trait layers. Minted on Ink.,3606.gif,Celadon Garden,Silver Veil,Inked,Ember,Clean mantle,Bare mantle
3607,Inkling #3607,A looping cartoon-squid PFP stacked from painterly trait layers. Minted on Ink.,3607.gif,Storm Grey,Violet Haze,Bobtail,Bright,Clean mantle,Bare mantle
3608,Inkling #3608,A looping cartoon-squid PFP stacked from painterly trait layers. Minted on Ink.,3608.gif,Wine Paper,Violet Haze,Giant,Ember,Slow Drip,Bare mantle
3609,Inkling #3609,A looping cartoon-squid PFP stacked from painterly trait layers. Minted on Ink.,3609.gif,Rose Gold,Gold Wash,Reef,Ember,Clean mantle,Soft Crown
3610,Inkling #3610,A looping cartoon-squid PFP stacked from painterly trait layers. Minted on Ink.,3610.gif,Peach Dusk,No bloom,Glass,Wink,Slow Drip,Soft Crown
3611,Inkling #3611,A looping cartoon-squid PFP stacked from painterly trait layers. Minted on Ink.,3611.gif,Rose Gold,Coral Glow,Reef,Ember,Clean mantle,Ink Ribbon
3612,Inkling #3612,A looping cartoon-squid PFP stacked from painterly trait layers. Minted on Ink.,3612.gif,Storm Grey,No bloom,Dumbo,Dew,Ink Splash,Soft Crown
3613,Inkling #3613,A looping cartoon-squid PFP stacked from painterly trait layers. Minted on Ink.,3613.gif,Celadon Garden,Gold Wash,Inked,Lidded,Slow Drip,Soft Crown
3614,Inkling #3614,A looping cartoon-squid PFP stacked from painterly trait layers. Minted on Ink.,3614.gif,Rose Gold,Silver Veil,Giant,Bright,Clean mantle,Pearl Cluster
3615,Inkling #3615,A looping cartoon-squid PFP stacked from painterly trait layers. Minted on Ink.,3615.gif,Rose Gold,Violet Haze,Glass,Ember,Slow Drip,Pearl Cluster
3616,Inkling #3616,A looping cartoon-squid PFP stacked from painterly trait layers. Minted on Ink.,3616.gif,Rose Gold,Coral Glow,Bobtail,Lidded,Ink Splash,Kelp Flow
3617,Inkling #3617,A looping cartoon-squid PFP stacked from painterly trait layers. Minted on Ink.,3617.gif,Celadon Garden,Gold Wash,Giant,Dew,Red Seal,Soft Crown
3618,Inkling #3618,A looping cartoon-squid PFP stacked from painterly trait layers. Minted on Ink.,3618.gif,Rose Gold,Silver Veil,Inked,Lidded,Ink Splash,Bare mantle
3619,Inkling #3619,A looping cartoon-squid PFP stacked from painterly trait layers. Minted on Ink.,3619.gif,Cream Rice,Teal Mist,Giant,Bright,Clean mantle,Ink Ribbon
3620,Inkling #3620,A looping cartoon-squid PFP stacked from painterly trait layers. Minted on Ink.,3620.gif,Cream Rice,Teal Mist,Cuttle,Wink,Slow Drip,Kelp Flow
3621,Inkling #3621,A looping cartoon-squid PFP stacked from painterly trait layers. Minted on Ink.,3621.gif,Rose Gold,Coral Glow,Glass,Lidded,Clean mantle,Soft Crown
3622,Inkling #3622,A looping cartoon-squid PFP stacked from painterly trait layers. Minted on Ink.,3622.gif,Wine Paper,Silver Veil,Dumbo,Dew,Slow Drip,Kelp Flow
3623,Inkling #3623,A looping cartoon-squid PFP stacked from painterly trait layers. Minted on Ink.,3623.gif,Wine Paper,No bloom,Firefly,Lidded,Brush Streak,Ink Ribbon
3624,Inkling #3624,A looping cartoon-squid PFP stacked from painterly trait layers. Minted on Ink.,3624.gif,Charcoal Wash,Teal Mist,Cuttle,Bright,Clean mantle,Bare mantle
3625,Inkling #3625,A looping cartoon-squid PFP stacked from painterly trait layers. Minted on Ink.,3625.gif,Peach Dusk,No bloom,Giant,Dew,Clean mantle,Soft Crown
3626,Inkling #3626,A looping cartoon-squid PFP stacked from painterly trait layers. Minted on Ink.,3626.gif,Celadon Garden,No bloom,Cuttle,Dew,Slow Drip,Soft Crown
3627,Inkling #3627,A looping cartoon-squid PFP stacked from painterly trait layers. Minted on Ink.,3627.gif,Indigo Night,Teal Mist,Bobtail,Wink,Red Seal,Kelp Flow
3628,Inkling #3628,A looping cartoon-squid PFP stacked from painterly trait layers. Minted on Ink.,3628.gif,Charcoal Wash,Silver Veil,Glass,Bright,Clean mantle,Ink Ribbon
3629,Inkling #3629,A looping cartoon-squid PFP stacked from painterly trait layers. Minted on Ink.,3629.gif,Storm Grey,Teal Mist,Bobtail,Ember,Brush Streak,Wash Hood
3630,Inkling #3630,A looping cartoon-squid PFP stacked from painterly trait layers. Minted on Ink.,3630.gif,Indigo Night,No bloom,Inked,Wink,Brush Streak,Soft Crown
3631,Inkling #3631,A looping cartoon-squid PFP stacked from painterly trait layers. Minted on Ink.,3631.gif,Rose Gold,Coral Glow,Bobtail,Sleepy,Clean mantle,Bare mantle
3632,Inkling #3632,A looping cartoon-squid PFP stacked from painterly trait layers. Minted on Ink.,3632.gif,Wine Paper,Violet Haze,Cuttle,Bright,Clean mantle,Pearl Cluster
3633,Inkling #3633,A looping cartoon-squid PFP stacked from painterly trait layers. Minted on Ink.,3633.gif,Wine Paper,Coral Glow,Firefly,Bright,Brush Streak,Pearl Cluster
3634,Inkling #3634,A looping cartoon-squid PFP stacked from painterly trait layers. Minted on Ink.,3634.gif,Charcoal Wash,Silver Veil,Bobtail,Wink,Ink Splash,Ink Ribbon
3635,Inkling #3635,A looping cartoon-squid PFP stacked from painterly trait layers. Minted on Ink.,3635.gif,Charcoal Wash,Gold Wash,Reef,Bright,Clean mantle,Bare mantle
3636,Inkling #3636,A looping cartoon-squid PFP stacked from painterly trait layers. Minted on Ink.,3636.gif,Indigo Night,Gold Wash,Dumbo,Ember,Ink Splash,Ink Ribbon
3637,Inkling #3637,A looping cartoon-squid PFP stacked from painterly trait layers. Minted on Ink.,3637.gif,Peach Dusk,Teal Mist,Firefly,Ember,Ink Splash,Pearl Cluster
3638,Inkling #3638,A looping cartoon-squid PFP stacked from painterly trait layers. Minted on Ink.,3638.gif,Peach Dusk,No bloom,Glass,Wink,Slow Drip,Pearl Cluster
3639,Inkling #3639,A looping cartoon-squid PFP stacked from painterly trait layers. Minted on Ink.,3639.gif,Indigo Night,No bloom,Cuttle,Dew,Red Seal,Wash Hood
3640,Inkling #3640,A looping cartoon-squid PFP stacked from painterly trait layers. Minted on Ink.,3640.gif,Peach Dusk,Violet Haze,Reef,Wink,Clean mantle,Ink Ribbon
3641,Inkling #3641,A looping cartoon-squid PFP stacked from painterly trait layers. Minted on Ink.,3641.gif,Indigo Night,No bloom,Glass,Lidded,Brush Streak,Kelp Flow
3642,Inkling #3642,A looping cartoon-squid PFP stacked from painterly trait layers. Minted on Ink.,3642.gif,Celadon Garden,Silver Veil,Giant,Dew,Ink Splash,Kelp Flow
3643,Inkling #3643,A looping cartoon-squid PFP stacked from painterly trait layers. Minted on Ink.,3643.gif,Charcoal Wash,Silver Veil,Reef,Sleepy,Slow Drip,Pearl Cluster
3644,Inkling #3644,A looping cartoon-squid PFP stacked from painterly trait layers. Minted on Ink.,3644.gif,Charcoal Wash,Gold Wash,Inked,Bright,Clean mantle,Ink Ribbon
3645,Inkling #3645,A looping cartoon-squid PFP stacked from painterly trait layers. Minted on Ink.,3645.gif,Cream Rice,Silver Veil,Dumbo,Sleepy,Red Seal,Pearl Cluster
3646,Inkling #3646,A looping cartoon-squid PFP stacked from painterly trait layers. Minted on Ink.,3646.gif,Cream Rice,No bloom,Dumbo,Dew,Brush Streak,Kelp Flow
3647,Inkling #3647,A looping cartoon-squid PFP stacked from painterly trait layers. Minted on Ink.,3647.gif,Storm Grey,Gold Wash,Inked,Bright,Ink Splash,Soft Crown
3648,Inkling #3648,A looping cartoon-squid PFP stacked from painterly trait layers. Minted on Ink.,3648.gif,Rose Gold,Violet Haze,Dumbo,Lidded,Clean mantle,Wash Hood
3649,Inkling #3649,A looping cartoon-squid PFP stacked from painterly trait layers. Minted on Ink.,3649.gif,Peach Dusk,No bloom,Cuttle,Sleepy,Brush Streak,Pearl Cluster
3650,Inkling #3650,A looping cartoon-squid PFP stacked from painterly trait layers. Minted on Ink.,3650.gif,Wine Paper,Violet Haze,Reef,Bright,Clean mantle,Ink Ribbon
3651,Inkling #3651,A looping cartoon-squid PFP stacked from painterly trait layers. Minted on Ink.,3651.gif,Storm Grey,Coral Glow,Dumbo,Lidded,Clean mantle,Ink Ribbon
3652,Inkling #3652,A looping cartoon-squid PFP stacked from painterly trait layers. Minted on Ink.,3652.gif,Cream Rice,No bloom,Giant,Lidded,Slow Drip,Soft Crown
3653,Inkling #3653,A looping cartoon-squid PFP stacked from painterly trait layers. Minted on Ink.,3653.gif,Cream Rice,No bloom,Firefly,Wink,Ink Splash,Bare mantle
3654,Inkling #3654,A looping cartoon-squid PFP stacked from painterly trait layers. Minted on Ink.,3654.gif,Wine Paper,Violet Haze,Bobtail,Bright,Slow Drip,Soft Crown
3655,Inkling #3655,A looping cartoon-squid PFP stacked from painterly trait layers. Minted on Ink.,3655.gif,Peach Dusk,Silver Veil,Glass,Bright,Slow Drip,Kelp Flow
3656,Inkling #3656,A looping cartoon-squid PFP stacked from painterly trait layers. Minted on Ink.,3656.gif,Indigo Night,No bloom,Reef,Sleepy,Clean mantle,Bare mantle
3657,Inkling #3657,A looping cartoon-squid PFP stacked from painterly trait layers. Minted on Ink.,3657.gif,Celadon Garden,Gold Wash,Cuttle,Sleepy,Clean mantle,Bare mantle
3658,Inkling #3658,A looping cartoon-squid PFP stacked from painterly trait layers. Minted on Ink.,3658.gif,Peach Dusk,Teal Mist,Dumbo,Bright,Slow Drip,Wash Hood
3659,Inkling #3659,A looping cartoon-squid PFP stacked from painterly trait layers. Minted on Ink.,3659.gif,Rose Gold,Silver Veil,Cuttle,Wink,Slow Drip,Wash Hood
3660,Inkling #3660,A looping cartoon-squid PFP stacked from painterly trait layers. Minted on Ink.,3660.gif,Celadon Garden,No bloom,Dumbo,Dew,Slow Drip,Kelp Flow
3661,Inkling #3661,A looping cartoon-squid PFP stacked from painterly trait layers. Minted on Ink.,3661.gif,Rose Gold,Silver Veil,Bobtail,Bright,Red Seal,Ink Ribbon
3662,Inkling #3662,A looping cartoon-squid PFP stacked from painterly trait layers. Minted on Ink.,3662.gif,Celadon Garden,Teal Mist,Cuttle,Lidded,Clean mantle,Bare mantle
3663,Inkling #3663,A looping cartoon-squid PFP stacked from painterly trait layers. Minted on Ink.,3663.gif,Cream Rice,No bloom,Reef,Wink,Slow Drip,Ink Ribbon
3664,Inkling #3664,A looping cartoon-squid PFP stacked from painterly trait layers. Minted on Ink.,3664.gif,Celadon Garden,Silver Veil,Reef,Bright,Clean mantle,Wash Hood
3665,Inkling #3665,A looping cartoon-squid PFP stacked from painterly trait layers. Minted on Ink.,3665.gif,Celadon Garden,Teal Mist,Firefly,Ember,Red Seal,Bare mantle
3666,Inkling #3666,A looping cartoon-squid PFP stacked from painterly trait layers. Minted on Ink.,3666.gif,Indigo Night,No bloom,Cuttle,Bright,Clean mantle,Bare mantle
3667,Inkling #3667,A looping cartoon-squid PFP stacked from painterly trait layers. Minted on Ink.,3667.gif,Wine Paper,No bloom,Glass,Wink,Clean mantle,Pearl Cluster
3668,Inkling #3668,A looping cartoon-squid PFP stacked from painterly trait layers. Minted on Ink.,3668.gif,Indigo Night,Gold Wash,Reef,Dew,Slow Drip,Soft Crown
3669,Inkling #3669,A looping cartoon-squid PFP stacked from painterly trait layers. Minted on Ink.,3669.gif,Charcoal Wash,Teal Mist,Inked,Sleepy,Clean mantle,Soft Crown
3670,Inkling #3670,A looping cartoon-squid PFP stacked from painterly trait layers. Minted on Ink.,3670.gif,Rose Gold,Violet Haze,Cuttle,Sleepy,Red Seal,Bare mantle
3671,Inkling #3671,A looping cartoon-squid PFP stacked from painterly trait layers. Minted on Ink.,3671.gif,Peach Dusk,Teal Mist,Bobtail,Bright,Slow Drip,Kelp Flow
3672,Inkling #3672,A looping cartoon-squid PFP stacked from painterly trait layers. Minted on Ink.,3672.gif,Rose Gold,No bloom,Dumbo,Bright,Brush Streak,Pearl Cluster
3673,Inkling #3673,A looping cartoon-squid PFP stacked from painterly trait layers. Minted on Ink.,3673.gif,Celadon Garden,Coral Glow,Cuttle,Wink,Clean mantle,Kelp Flow
3674,Inkling #3674,A looping cartoon-squid PFP stacked from painterly trait layers. Minted on Ink.,3674.gif,Cream Rice,Teal Mist,Giant,Dew,Slow Drip,Soft Crown
3675,Inkling #3675,A looping cartoon-squid PFP stacked from painterly trait layers. Minted on Ink.,3675.gif,Celadon Garden,Violet Haze,Reef,Wink,Brush Streak,Pearl Cluster
3676,Inkling #3676,A looping cartoon-squid PFP stacked from painterly trait layers. Minted on Ink.,3676.gif,Storm Grey,No bloom,Firefly,Dew,Clean mantle,Bare mantle
3677,Inkling #3677,A looping cartoon-squid PFP stacked from painterly trait layers. Minted on Ink.,3677.gif,Wine Paper,Violet Haze,Reef,Lidded,Clean mantle,Bare mantle
3678,Inkling #3678,A looping cartoon-squid PFP stacked from painterly trait layers. Minted on Ink.,3678.gif,Wine Paper,Teal Mist,Bobtail,Bright,Slow Drip,Pearl Cluster
3679,Inkling #3679,A looping cartoon-squid PFP stacked from painterly trait layers. Minted on Ink.,3679.gif,Rose Gold,No bloom,Firefly,Lidded,Red Seal,Pearl Cluster
3680,Inkling #3680,A looping cartoon-squid PFP stacked from painterly trait layers. Minted on Ink.,3680.gif,Cream Rice,No bloom,Dumbo,Bright,Clean mantle,Soft Crown
3681,Inkling #3681,A looping cartoon-squid PFP stacked from painterly trait layers. Minted on Ink.,3681.gif,Celadon Garden,No bloom,Inked,Dew,Clean mantle,Kelp Flow
3682,Inkling #3682,A looping cartoon-squid PFP stacked from painterly trait layers. Minted on Ink.,3682.gif,Storm Grey,Coral Glow,Cuttle,Lidded,Clean mantle,Soft Crown
3683,Inkling #3683,A looping cartoon-squid PFP stacked from painterly trait layers. Minted on Ink.,3683.gif,Celadon Garden,No bloom,Bobtail,Dew,Red Seal,Soft Crown
3684,Inkling #3684,A looping cartoon-squid PFP stacked from painterly trait layers. Minted on Ink.,3684.gif,Celadon Garden,No bloom,Cuttle,Wink,Ink Splash,Wash Hood
3685,Inkling #3685,A looping cartoon-squid PFP stacked from painterly trait layers. Minted on Ink.,3685.gif,Indigo Night,Silver Veil,Glass,Bright,Clean mantle,Kelp Flow
3686,Inkling #3686,A looping cartoon-squid PFP stacked from painterly trait layers. Minted on Ink.,3686.gif,Rose Gold,Gold Wash,Reef,Wink,Ink Splash,Wash Hood
3687,Inkling #3687,A looping cartoon-squid PFP stacked from painterly trait layers. Minted on Ink.,3687.gif,Charcoal Wash,No bloom,Bobtail,Lidded,Red Seal,Bare mantle
3688,Inkling #3688,A looping cartoon-squid PFP stacked from painterly trait layers. Minted on Ink.,3688.gif,Cream Rice,Violet Haze,Dumbo,Lidded,Red Seal,Bare mantle
3689,Inkling #3689,A looping cartoon-squid PFP stacked from painterly trait layers. Minted on Ink.,3689.gif,Cream Rice,Gold Wash,Bobtail,Sleepy,Ink Splash,Soft Crown
3690,Inkling #3690,A looping cartoon-squid PFP stacked from painterly trait layers. Minted on Ink.,3690.gif,Storm Grey,Teal Mist,Firefly,Bright,Clean mantle,Bare mantle
3691,Inkling #3691,A looping cartoon-squid PFP stacked from painterly trait layers. Minted on Ink.,3691.gif,Cream Rice,Teal Mist,Firefly,Lidded,Clean mantle,Kelp Flow
3692,Inkling #3692,A looping cartoon-squid PFP stacked from painterly trait layers. Minted on Ink.,3692.gif,Cream Rice,No bloom,Inked,Bright,Brush Streak,Bare mantle
3693,Inkling #3693,A looping cartoon-squid PFP stacked from painterly trait layers. Minted on Ink.,3693.gif,Celadon Garden,Silver Veil,Reef,Dew,Brush Streak,Pearl Cluster
3694,Inkling #3694,A looping cartoon-squid PFP stacked from painterly trait layers. Minted on Ink.,3694.gif,Indigo Night,Violet Haze,Dumbo,Sleepy,Slow Drip,Kelp Flow
3695,Inkling #3695,A looping cartoon-squid PFP stacked from painterly trait layers. Minted on Ink.,3695.gif,Indigo Night,Teal Mist,Dumbo,Wink,Ink Splash,Soft Crown
3696,Inkling #3696,A looping cartoon-squid PFP stacked from painterly trait layers. Minted on Ink.,3696.gif,Celadon Garden,No bloom,Firefly,Lidded,Brush Streak,Wash Hood
3697,Inkling #3697,A looping cartoon-squid PFP stacked from painterly trait layers. Minted on Ink.,3697.gif,Peach Dusk,Silver Veil,Reef,Dew,Slow Drip,Ink Ribbon
3698,Inkling #3698,A looping cartoon-squid PFP stacked from painterly trait layers. Minted on Ink.,3698.gif,Indigo Night,No bloom,Bobtail,Ember,Red Seal,Ink Ribbon
3699,Inkling #3699,A looping cartoon-squid PFP stacked from painterly trait layers. Minted on Ink.,3699.gif,Storm Grey,Teal Mist,Firefly,Ember,Slow Drip,Pearl Cluster
3700,Inkling #3700,A looping cartoon-squid PFP stacked from painterly trait layers. Minted on Ink.,3700.gif,Indigo Night,No bloom,Reef,Lidded,Slow Drip,Pearl Cluster
3701,Inkling #3701,A looping cartoon-squid PFP stacked from painterly trait layers. Minted on Ink.,3701.gif,Indigo Night,Violet Haze,Firefly,Dew,Slow Drip,Bare mantle
3702,Inkling #3702,A looping cartoon-squid PFP stacked from painterly trait layers. Minted on Ink.,3702.gif,Peach Dusk,Coral Glow,Bobtail,Sleepy,Red Seal,Ink Ribbon
3703,Inkling #3703,A looping cartoon-squid PFP stacked from painterly trait layers. Minted on Ink.,3703.gif,Peach Dusk,Gold Wash,Reef,Lidded,Ink Splash,Wash Hood
3704,Inkling #3704,A looping cartoon-squid PFP stacked from painterly trait layers. Minted on Ink.,3704.gif,Storm Grey,Teal Mist,Dumbo,Lidded,Ink Splash,Kelp Flow
3705,Inkling #3705,A looping cartoon-squid PFP stacked from painterly trait layers. Minted on Ink.,3705.gif,Charcoal Wash,Gold Wash,Firefly,Lidded,Red Seal,Kelp Flow
3706,Inkling #3706,A looping cartoon-squid PFP stacked from painterly trait layers. Minted on Ink.,3706.gif,Peach Dusk,Coral Glow,Reef,Bright,Clean mantle,Bare mantle
3707,Inkling #3707,A looping cartoon-squid PFP stacked from painterly trait layers. Minted on Ink.,3707.gif,Indigo Night,Violet Haze,Glass,Bright,Clean mantle,Wash Hood
3708,Inkling #3708,A looping cartoon-squid PFP stacked from painterly trait layers. Minted on Ink.,3708.gif,Rose Gold,Gold Wash,Bobtail,Sleepy,Clean mantle,Ink Ribbon
3709,Inkling #3709,A looping cartoon-squid PFP stacked from painterly trait layers. Minted on Ink.,3709.gif,Celadon Garden,No bloom,Bobtail,Wink,Slow Drip,Ink Ribbon
3710,Inkling #3710,A looping cartoon-squid PFP stacked from painterly trait layers. Minted on Ink.,3710.gif,Indigo Night,Teal Mist,Reef,Ember,Brush Streak,Kelp Flow
3711,Inkling #3711,A looping cartoon-squid PFP stacked from painterly trait layers. Minted on Ink.,3711.gif,Celadon Garden,Violet Haze,Giant,Ember,Slow Drip,Ink Ribbon
3712,Inkling #3712,A looping cartoon-squid PFP stacked from painterly trait layers. Minted on Ink.,3712.gif,Wine Paper,No bloom,Bobtail,Wink,Slow Drip,Bare mantle
3713,Inkling #3713,A looping cartoon-squid PFP stacked from painterly trait layers. Minted on Ink.,3713.gif,Rose Gold,No bloom,Cuttle,Ember,Clean mantle,Kelp Flow
3714,Inkling #3714,A looping cartoon-squid PFP stacked from painterly trait layers. Minted on Ink.,3714.gif,Wine Paper,Coral Glow,Glass,Ember,Clean mantle,Kelp Flow
3715,Inkling #3715,A looping cartoon-squid PFP stacked from painterly trait layers. Minted on Ink.,3715.gif,Celadon Garden,No bloom,Bobtail,Dew,Red Seal,Wash Hood
3716,Inkling #3716,A looping cartoon-squid PFP stacked from painterly trait layers. Minted on Ink.,3716.gif,Cream Rice,Teal Mist,Glass,Wink,Clean mantle,Kelp Flow
3717,Inkling #3717,A looping cartoon-squid PFP stacked from painterly trait layers. Minted on Ink.,3717.gif,Peach Dusk,Gold Wash,Firefly,Wink,Slow Drip,Ink Ribbon
3718,Inkling #3718,A looping cartoon-squid PFP stacked from painterly trait layers. Minted on Ink.,3718.gif,Indigo Night,Violet Haze,Dumbo,Wink,Red Seal,Bare mantle
3719,Inkling #3719,A looping cartoon-squid PFP stacked from painterly trait layers. Minted on Ink.,3719.gif,Celadon Garden,Teal Mist,Cuttle,Dew,Slow Drip,Ink Ribbon
3720,Inkling #3720,A looping cartoon-squid PFP stacked from painterly trait layers. Minted on Ink.,3720.gif,Charcoal Wash,Gold Wash,Inked,Wink,Brush Streak,Bare mantle
3721,Inkling #3721,A looping cartoon-squid PFP stacked from painterly trait layers. Minted on Ink.,3721.gif,Indigo Night,Gold Wash,Dumbo,Wink,Clean mantle,Pearl Cluster
3722,Inkling #3722,A looping cartoon-squid PFP stacked from painterly trait layers. Minted on Ink.,3722.gif,Charcoal Wash,Coral Glow,Bobtail,Wink,Ink Splash,Kelp Flow
3723,Inkling #3723,A looping cartoon-squid PFP stacked from painterly trait layers. Minted on Ink.,3723.gif,Peach Dusk,Teal Mist,Giant,Lidded,Ink Splash,Bare mantle
3724,Inkling #3724,A looping cartoon-squid PFP stacked from painterly trait layers. Minted on Ink.,3724.gif,Charcoal Wash,Violet Haze,Firefly,Wink,Clean mantle,Pearl Cluster
3725,Inkling #3725,A looping cartoon-squid PFP stacked from painterly trait layers. Minted on Ink.,3725.gif,Indigo Night,No bloom,Dumbo,Dew,Ink Splash,Soft Crown
3726,Inkling #3726,A looping cartoon-squid PFP stacked from painterly trait layers. Minted on Ink.,3726.gif,Peach Dusk,Teal Mist,Glass,Bright,Ink Splash,Pearl Cluster
3727,Inkling #3727,A looping cartoon-squid PFP stacked from painterly trait layers. Minted on Ink.,3727.gif,Rose Gold,No bloom,Glass,Ember,Brush Streak,Soft Crown
3728,Inkling #3728,A looping cartoon-squid PFP stacked from painterly trait layers. Minted on Ink.,3728.gif,Storm Grey,Teal Mist,Dumbo,Wink,Slow Drip,Wash Hood
3729,Inkling #3729,A looping cartoon-squid PFP stacked from painterly trait layers. Minted on Ink.,3729.gif,Peach Dusk,Violet Haze,Bobtail,Wink,Slow Drip,Kelp Flow
3730,Inkling #3730,A looping cartoon-squid PFP stacked from painterly trait layers. Minted on Ink.,3730.gif,Peach Dusk,No bloom,Cuttle,Sleepy,Ink Splash,Bare mantle
3731,Inkling #3731,A looping cartoon-squid PFP stacked from painterly trait layers. Minted on Ink.,3731.gif,Celadon Garden,No bloom,Glass,Wink,Clean mantle,Ink Ribbon
3732,Inkling #3732,A looping cartoon-squid PFP stacked from painterly trait layers. Minted on Ink.,3732.gif,Cream Rice,Gold Wash,Dumbo,Lidded,Ink Splash,Bare mantle
3733,Inkling #3733,A looping cartoon-squid PFP stacked from painterly trait layers. Minted on Ink.,3733.gif,Indigo Night,Gold Wash,Reef,Ember,Red Seal,Soft Crown
3734,Inkling #3734,A looping cartoon-squid PFP stacked from painterly trait layers. Minted on Ink.,3734.gif,Charcoal Wash,No bloom,Dumbo,Bright,Slow Drip,Bare mantle
3735,Inkling #3735,A looping cartoon-squid PFP stacked from painterly trait layers. Minted on Ink.,3735.gif,Indigo Night,Silver Veil,Giant,Dew,Clean mantle,Bare mantle
3736,Inkling #3736,A looping cartoon-squid PFP stacked from painterly trait layers. Minted on Ink.,3736.gif,Rose Gold,Silver Veil,Dumbo,Dew,Slow Drip,Wash Hood
3737,Inkling #3737,A looping cartoon-squid PFP stacked from painterly trait layers. Minted on Ink.,3737.gif,Celadon Garden,No bloom,Giant,Ember,Ink Splash,Kelp Flow
3738,Inkling #3738,A looping cartoon-squid PFP stacked from painterly trait layers. Minted on Ink.,3738.gif,Storm Grey,Gold Wash,Reef,Dew,Slow Drip,Ink Ribbon
3739,Inkling #3739,A looping cartoon-squid PFP stacked from painterly trait layers. Minted on Ink.,3739.gif,Charcoal Wash,Violet Haze,Cuttle,Sleepy,Brush Streak,Bare mantle
3740,Inkling #3740,A looping cartoon-squid PFP stacked from painterly trait layers. Minted on Ink.,3740.gif,Cream Rice,Teal Mist,Glass,Wink,Clean mantle,Ink Ribbon
3741,Inkling #3741,A looping cartoon-squid PFP stacked from painterly trait layers. Minted on Ink.,3741.gif,Wine Paper,Teal Mist,Reef,Lidded,Ink Splash,Ink Ribbon
3742,Inkling #3742,A looping cartoon-squid PFP stacked from painterly trait layers. Minted on Ink.,3742.gif,Rose Gold,No bloom,Cuttle,Lidded,Red Seal,Pearl Cluster
3743,Inkling #3743,A looping cartoon-squid PFP stacked from painterly trait layers. Minted on Ink.,3743.gif,Celadon Garden,Gold Wash,Cuttle,Lidded,Brush Streak,Pearl Cluster
3744,Inkling #3744,A looping cartoon-squid PFP stacked from painterly trait layers. Minted on Ink.,3744.gif,Charcoal Wash,Teal Mist,Firefly,Wink,Ink Splash,Kelp Flow
3745,Inkling #3745,A looping cartoon-squid PFP stacked from painterly trait layers. Minted on Ink.,3745.gif,Peach Dusk,Violet Haze,Giant,Sleepy,Red Seal,Kelp Flow
3746,Inkling #3746,A looping cartoon-squid PFP stacked from painterly trait layers. Minted on Ink.,3746.gif,Indigo Night,Teal Mist,Firefly,Bright,Clean mantle,Kelp Flow
3747,Inkling #3747,A looping cartoon-squid PFP stacked from painterly trait layers. Minted on Ink.,3747.gif,Indigo Night,Coral Glow,Firefly,Wink,Red Seal,Soft Crown
3748,Inkling #3748,A looping cartoon-squid PFP stacked from painterly trait layers. Minted on Ink.,3748.gif,Peach Dusk,No bloom,Cuttle,Lidded,Brush Streak,Wash Hood
3749,Inkling #3749,A looping cartoon-squid PFP stacked from painterly trait layers. Minted on Ink.,3749.gif,Rose Gold,Violet Haze,Cuttle,Ember,Red Seal,Pearl Cluster
3750,Inkling #3750,A looping cartoon-squid PFP stacked from painterly trait layers. Minted on Ink.,3750.gif,Peach Dusk,Coral Glow,Firefly,Sleepy,Clean mantle,Bare mantle
3751,Inkling #3751,A looping cartoon-squid PFP stacked from painterly trait layers. Minted on Ink.,3751.gif,Celadon Garden,Coral Glow,Bobtail,Lidded,Brush Streak,Bare mantle
3752,Inkling #3752,A looping cartoon-squid PFP stacked from painterly trait layers. Minted on Ink.,3752.gif,Indigo Night,Violet Haze,Bobtail,Lidded,Clean mantle,Wash Hood
3753,Inkling #3753,A looping cartoon-squid PFP stacked from painterly trait layers. Minted on Ink.,3753.gif,Peach Dusk,Gold Wash,Reef,Sleepy,Brush Streak,Ink Ribbon
3754,Inkling #3754,A looping cartoon-squid PFP stacked from painterly trait layers. Minted on Ink.,3754.gif,Cream Rice,Gold Wash,Giant,Lidded,Clean mantle,Bare mantle
3755,Inkling #3755,A looping cartoon-squid PFP stacked from painterly trait layers. Minted on Ink.,3755.gif,Indigo Night,No bloom,Dumbo,Dew,Clean mantle,Kelp Flow
3756,Inkling #3756,A looping cartoon-squid PFP stacked from painterly trait layers. Minted on Ink.,3756.gif,Wine Paper,No bloom,Inked,Bright,Ink Splash,Wash Hood
3757,Inkling #3757,A looping cartoon-squid PFP stacked from painterly trait layers. Minted on Ink.,3757.gif,Indigo Night,Teal Mist,Cuttle,Bright,Ink Splash,Bare mantle
3758,Inkling #3758,A looping cartoon-squid PFP stacked from painterly trait layers. Minted on Ink.,3758.gif,Indigo Night,Violet Haze,Giant,Wink,Ink Splash,Soft Crown
3759,Inkling #3759,A looping cartoon-squid PFP stacked from painterly trait layers. Minted on Ink.,3759.gif,Indigo Night,No bloom,Bobtail,Lidded,Ink Splash,Kelp Flow
3760,Inkling #3760,A looping cartoon-squid PFP stacked from painterly trait layers. Minted on Ink.,3760.gif,Charcoal Wash,No bloom,Bobtail,Sleepy,Clean mantle,Soft Crown
3761,Inkling #3761,A looping cartoon-squid PFP stacked from painterly trait layers. Minted on Ink.,3761.gif,Indigo Night,Teal Mist,Reef,Bright,Clean mantle,Bare mantle
3762,Inkling #3762,A looping cartoon-squid PFP stacked from painterly trait layers. Minted on Ink.,3762.gif,Indigo Night,No bloom,Cuttle,Lidded,Brush Streak,Bare mantle
3763,Inkling #3763,A looping cartoon-squid PFP stacked from painterly trait layers. Minted on Ink.,3763.gif,Storm Grey,Coral Glow,Glass,Ember,Red Seal,Bare mantle
3764,Inkling #3764,A looping cartoon-squid PFP stacked from painterly trait layers. Minted on Ink.,3764.gif,Celadon Garden,Coral Glow,Cuttle,Sleepy,Red Seal,Ink Ribbon
3765,Inkling #3765,A looping cartoon-squid PFP stacked from painterly trait layers. Minted on Ink.,3765.gif,Rose Gold,Teal Mist,Dumbo,Dew,Red Seal,Bare mantle
3766,Inkling #3766,A looping cartoon-squid PFP stacked from painterly trait layers. Minted on Ink.,3766.gif,Peach Dusk,Gold Wash,Bobtail,Wink,Brush Streak,Kelp Flow
3767,Inkling #3767,A looping cartoon-squid PFP stacked from painterly trait layers. Minted on Ink.,3767.gif,Storm Grey,Violet Haze,Glass,Bright,Ink Splash,Kelp Flow
3768,Inkling #3768,A looping cartoon-squid PFP stacked from painterly trait layers. Minted on Ink.,3768.gif,Peach Dusk,No bloom,Dumbo,Sleepy,Clean mantle,Kelp Flow
3769,Inkling #3769,A looping cartoon-squid PFP stacked from painterly trait layers. Minted on Ink.,3769.gif,Charcoal Wash,No bloom,Glass,Lidded,Clean mantle,Bare mantle
3770,Inkling #3770,A looping cartoon-squid PFP stacked from painterly trait layers. Minted on Ink.,3770.gif,Cream Rice,Coral Glow,Cuttle,Wink,Ink Splash,Pearl Cluster
3771,Inkling #3771,A looping cartoon-squid PFP stacked from painterly trait layers. Minted on Ink.,3771.gif,Wine Paper,Silver Veil,Bobtail,Dew,Clean mantle,Pearl Cluster
3772,Inkling #3772,A looping cartoon-squid PFP stacked from painterly trait layers. Minted on Ink.,3772.gif,Indigo Night,Gold Wash,Reef,Lidded,Clean mantle,Bare mantle
3773,Inkling #3773,A looping cartoon-squid PFP stacked from painterly trait layers. Minted on Ink.,3773.gif,Storm Grey,Violet Haze,Firefly,Wink,Brush Streak,Ink Ribbon
3774,Inkling #3774,A looping cartoon-squid PFP stacked from painterly trait layers. Minted on Ink.,3774.gif,Rose Gold,Teal Mist,Firefly,Dew,Red Seal,Bare mantle
3775,Inkling #3775,A looping cartoon-squid PFP stacked from painterly trait layers. Minted on Ink.,3775.gif,Celadon Garden,Teal Mist,Bobtail,Lidded,Brush Streak,Bare mantle
3776,Inkling #3776,A looping cartoon-squid PFP stacked from painterly trait layers. Minted on Ink.,3776.gif,Charcoal Wash,Coral Glow,Cuttle,Lidded,Brush Streak,Soft Crown
3777,Inkling #3777,A looping cartoon-squid PFP stacked from painterly trait layers. Minted on Ink.,3777.gif,Celadon Garden,Coral Glow,Dumbo,Bright,Ink Splash,Soft Crown
3778,Inkling #3778,A looping cartoon-squid PFP stacked from painterly trait layers. Minted on Ink.,3778.gif,Celadon Garden,Violet Haze,Cuttle,Dew,Clean mantle,Wash Hood
3779,Inkling #3779,A looping cartoon-squid PFP stacked from painterly trait layers. Minted on Ink.,3779.gif,Indigo Night,Gold Wash,Glass,Lidded,Brush Streak,Soft Crown
3780,Inkling #3780,A looping cartoon-squid PFP stacked from painterly trait layers. Minted on Ink.,3780.gif,Storm Grey,Coral Glow,Cuttle,Sleepy,Clean mantle,Bare mantle
3781,Inkling #3781,A looping cartoon-squid PFP stacked from painterly trait layers. Minted on Ink.,3781.gif,Cream Rice,Teal Mist,Reef,Bright,Brush Streak,Kelp Flow
3782,Inkling #3782,A looping cartoon-squid PFP stacked from painterly trait layers. Minted on Ink.,3782.gif,Celadon Garden,Coral Glow,Firefly,Lidded,Slow Drip,Bare mantle
3783,Inkling #3783,A looping cartoon-squid PFP stacked from painterly trait layers. Minted on Ink.,3783.gif,Charcoal Wash,Gold Wash,Giant,Dew,Ink Splash,Pearl Cluster
3784,Inkling #3784,A looping cartoon-squid PFP stacked from painterly trait layers. Minted on Ink.,3784.gif,Indigo Night,Silver Veil,Glass,Dew,Clean mantle,Pearl Cluster
3785,Inkling #3785,A looping cartoon-squid PFP stacked from painterly trait layers. Minted on Ink.,3785.gif,Celadon Garden,No bloom,Glass,Bright,Red Seal,Pearl Cluster
3786,Inkling #3786,A looping cartoon-squid PFP stacked from painterly trait layers. Minted on Ink.,3786.gif,Indigo Night,Gold Wash,Reef,Ember,Red Seal,Ink Ribbon
3787,Inkling #3787,A looping cartoon-squid PFP stacked from painterly trait layers. Minted on Ink.,3787.gif,Peach Dusk,Coral Glow,Reef,Ember,Clean mantle,Soft Crown
3788,Inkling #3788,A looping cartoon-squid PFP stacked from painterly trait layers. Minted on Ink.,3788.gif,Celadon Garden,Gold Wash,Dumbo,Bright,Clean mantle,Pearl Cluster
3789,Inkling #3789,A looping cartoon-squid PFP stacked from painterly trait layers. Minted on Ink.,3789.gif,Cream Rice,Violet Haze,Dumbo,Sleepy,Brush Streak,Pearl Cluster
3790,Inkling #3790,A looping cartoon-squid PFP stacked from painterly trait layers. Minted on Ink.,3790.gif,Indigo Night,No bloom,Reef,Dew,Slow Drip,Wash Hood
3791,Inkling #3791,A looping cartoon-squid PFP stacked from painterly trait layers. Minted on Ink.,3791.gif,Rose Gold,Violet Haze,Dumbo,Dew,Ink Splash,Pearl Cluster
3792,Inkling #3792,A looping cartoon-squid PFP stacked from painterly trait layers. Minted on Ink.,3792.gif,Peach Dusk,Gold Wash,Cuttle,Bright,Clean mantle,Ink Ribbon
3793,Inkling #3793,A looping cartoon-squid PFP stacked from painterly trait layers. Minted on Ink.,3793.gif,Charcoal Wash,No bloom,Dumbo,Ember,Clean mantle,Wash Hood
3794,Inkling #3794,A looping cartoon-squid PFP stacked from painterly trait layers. Minted on Ink.,3794.gif,Wine Paper,Gold Wash,Giant,Wink,Slow Drip,Ink Ribbon
3795,Inkling #3795,A looping cartoon-squid PFP stacked from painterly trait layers. Minted on Ink.,3795.gif,Rose Gold,No bloom,Glass,Ember,Clean mantle,Pearl Cluster
3796,Inkling #3796,A looping cartoon-squid PFP stacked from painterly trait layers. Minted on Ink.,3796.gif,Wine Paper,Violet Haze,Giant,Wink,Ink Splash,Wash Hood
3797,Inkling #3797,A looping cartoon-squid PFP stacked from painterly trait layers. Minted on Ink.,3797.gif,Indigo Night,Gold Wash,Giant,Sleepy,Clean mantle,Kelp Flow
3798,Inkling #3798,A looping cartoon-squid PFP stacked from painterly trait layers. Minted on Ink.,3798.gif,Storm Grey,Gold Wash,Reef,Sleepy,Clean mantle,Soft Crown
3799,Inkling #3799,A looping cartoon-squid PFP stacked from painterly trait layers. Minted on Ink.,3799.gif,Storm Grey,Silver Veil,Dumbo,Bright,Brush Streak,Bare mantle
3800,Inkling #3800,A looping cartoon-squid PFP stacked from painterly trait layers. Minted on Ink.,3800.gif,Indigo Night,Coral Glow,Reef,Sleepy,Clean mantle,Ink Ribbon
3801,Inkling #3801,A looping cartoon-squid PFP stacked from painterly trait layers. Minted on Ink.,3801.gif,Cream Rice,Gold Wash,Reef,Sleepy,Clean mantle,Bare mantle
3802,Inkling #3802,A looping cartoon-squid PFP stacked from painterly trait layers. Minted on Ink.,3802.gif,Cream Rice,No bloom,Inked,Bright,Ink Splash,Pearl Cluster
3803,Inkling #3803,A looping cartoon-squid PFP stacked from painterly trait layers. Minted on Ink.,3803.gif,Cream Rice,Violet Haze,Bobtail,Bright,Clean mantle,Bare mantle
3804,Inkling #3804,A looping cartoon-squid PFP stacked from painterly trait layers. Minted on Ink.,3804.gif,Storm Grey,Teal Mist,Firefly,Sleepy,Clean mantle,Ink Ribbon
3805,Inkling #3805,A looping cartoon-squid PFP stacked from painterly trait layers. Minted on Ink.,3805.gif,Wine Paper,No bloom,Firefly,Bright,Ink Splash,Kelp Flow
3806,Inkling #3806,A looping cartoon-squid PFP stacked from painterly trait layers. Minted on Ink.,3806.gif,Rose Gold,No bloom,Dumbo,Bright,Clean mantle,Ink Ribbon
3807,Inkling #3807,A looping cartoon-squid PFP stacked from painterly trait layers. Minted on Ink.,3807.gif,Indigo Night,No bloom,Firefly,Wink,Clean mantle,Ink Ribbon
3808,Inkling #3808,A looping cartoon-squid PFP stacked from painterly trait layers. Minted on Ink.,3808.gif,Charcoal Wash,No bloom,Firefly,Ember,Red Seal,Soft Crown
3809,Inkling #3809,A looping cartoon-squid PFP stacked from painterly trait layers. Minted on Ink.,3809.gif,Rose Gold,No bloom,Firefly,Dew,Brush Streak,Pearl Cluster
3810,Inkling #3810,A looping cartoon-squid PFP stacked from painterly trait layers. Minted on Ink.,3810.gif,Peach Dusk,Coral Glow,Dumbo,Ember,Clean mantle,Soft Crown
3811,Inkling #3811,A looping cartoon-squid PFP stacked from painterly trait layers. Minted on Ink.,3811.gif,Celadon Garden,Silver Veil,Dumbo,Dew,Clean mantle,Soft Crown
3812,Inkling #3812,A looping cartoon-squid PFP stacked from painterly trait layers. Minted on Ink.,3812.gif,Rose Gold,Teal Mist,Cuttle,Lidded,Slow Drip,Bare mantle
3813,Inkling #3813,A looping cartoon-squid PFP stacked from painterly trait layers. Minted on Ink.,3813.gif,Indigo Night,Coral Glow,Dumbo,Bright,Red Seal,Bare mantle
3814,Inkling #3814,A looping cartoon-squid PFP stacked from painterly trait layers. Minted on Ink.,3814.gif,Cream Rice,Gold Wash,Dumbo,Dew,Ink Splash,Bare mantle
3815,Inkling #3815,A looping cartoon-squid PFP stacked from painterly trait layers. Minted on Ink.,3815.gif,Rose Gold,Silver Veil,Bobtail,Lidded,Clean mantle,Soft Crown
3816,Inkling #3816,A looping cartoon-squid PFP stacked from painterly trait layers. Minted on Ink.,3816.gif,Rose Gold,Gold Wash,Reef,Wink,Brush Streak,Pearl Cluster
3817,Inkling #3817,A looping cartoon-squid PFP stacked from painterly trait layers. Minted on Ink.,3817.gif,Cream Rice,Silver Veil,Glass,Sleepy,Brush Streak,Kelp Flow
3818,Inkling #3818,A looping cartoon-squid PFP stacked from painterly trait layers. Minted on Ink.,3818.gif,Indigo Night,Violet Haze,Firefly,Ember,Slow Drip,Ink Ribbon
3819,Inkling #3819,A looping cartoon-squid PFP stacked from painterly trait layers. Minted on Ink.,3819.gif,Peach Dusk,Silver Veil,Inked,Ember,Clean mantle,Soft Crown
3820,Inkling #3820,A looping cartoon-squid PFP stacked from painterly trait layers. Minted on Ink.,3820.gif,Indigo Night,Violet Haze,Inked,Wink,Red Seal,Pearl Cluster
3821,Inkling #3821,A looping cartoon-squid PFP stacked from painterly trait layers. Minted on Ink.,3821.gif,Indigo Night,Coral Glow,Dumbo,Wink,Red Seal,Soft Crown
3822,Inkling #3822,A looping cartoon-squid PFP stacked from painterly trait layers. Minted on Ink.,3822.gif,Celadon Garden,Coral Glow,Reef,Dew,Clean mantle,Pearl Cluster
3823,Inkling #3823,A looping cartoon-squid PFP stacked from painterly trait layers. Minted on Ink.,3823.gif,Storm Grey,Violet Haze,Firefly,Sleepy,Ink Splash,Ink Ribbon
3824,Inkling #3824,A looping cartoon-squid PFP stacked from painterly trait layers. Minted on Ink.,3824.gif,Peach Dusk,Gold Wash,Bobtail,Dew,Ink Splash,Bare mantle
3825,Inkling #3825,A looping cartoon-squid PFP stacked from painterly trait layers. Minted on Ink.,3825.gif,Celadon Garden,Gold Wash,Inked,Ember,Clean mantle,Bare mantle
3826,Inkling #3826,A looping cartoon-squid PFP stacked from painterly trait layers. Minted on Ink.,3826.gif,Storm Grey,Gold Wash,Reef,Dew,Red Seal,Bare mantle
3827,Inkling #3827,A looping cartoon-squid PFP stacked from painterly trait layers. Minted on Ink.,3827.gif,Storm Grey,No bloom,Giant,Wink,Slow Drip,Pearl Cluster
3828,Inkling #3828,A looping cartoon-squid PFP stacked from painterly trait layers. Minted on Ink.,3828.gif,Charcoal Wash,Silver Veil,Giant,Dew,Clean mantle,Bare mantle
3829,Inkling #3829,A looping cartoon-squid PFP stacked from painterly trait layers. Minted on Ink.,3829.gif,Peach Dusk,No bloom,Dumbo,Lidded,Ink Splash,Wash Hood
3830,Inkling #3830,A looping cartoon-squid PFP stacked from painterly trait layers. Minted on Ink.,3830.gif,Wine Paper,No bloom,Giant,Ember,Ink Splash,Bare mantle
3831,Inkling #3831,A looping cartoon-squid PFP stacked from painterly trait layers. Minted on Ink.,3831.gif,Rose Gold,Gold Wash,Cuttle,Bright,Brush Streak,Ink Ribbon
3832,Inkling #3832,A looping cartoon-squid PFP stacked from painterly trait layers. Minted on Ink.,3832.gif,Storm Grey,Teal Mist,Glass,Sleepy,Red Seal,Bare mantle
3833,Inkling #3833,A looping cartoon-squid PFP stacked from painterly trait layers. Minted on Ink.,3833.gif,Wine Paper,Teal Mist,Cuttle,Sleepy,Red Seal,Wash Hood
3834,Inkling #3834,A looping cartoon-squid PFP stacked from painterly trait layers. Minted on Ink.,3834.gif,Rose Gold,No bloom,Bobtail,Wink,Clean mantle,Pearl Cluster
3835,Inkling #3835,A looping cartoon-squid PFP stacked from painterly trait layers. Minted on Ink.,3835.gif,Storm Grey,No bloom,Glass,Dew,Slow Drip,Kelp Flow
3836,Inkling #3836,A looping cartoon-squid PFP stacked from painterly trait layers. Minted on Ink.,3836.gif,Celadon Garden,Gold Wash,Firefly,Lidded,Slow Drip,Pearl Cluster
3837,Inkling #3837,A looping cartoon-squid PFP stacked from painterly trait layers. Minted on Ink.,3837.gif,Indigo Night,No bloom,Firefly,Wink,Red Seal,Ink Ribbon
3838,Inkling #3838,A looping cartoon-squid PFP stacked from painterly trait layers. Minted on Ink.,3838.gif,Indigo Night,No bloom,Firefly,Dew,Ink Splash,Ink Ribbon
3839,Inkling #3839,A looping cartoon-squid PFP stacked from painterly trait layers. Minted on Ink.,3839.gif,Rose Gold,Gold Wash,Glass,Lidded,Slow Drip,Bare mantle
3840,Inkling #3840,A looping cartoon-squid PFP stacked from painterly trait layers. Minted on Ink.,3840.gif,Peach Dusk,No bloom,Dumbo,Dew,Clean mantle,Bare mantle
3841,Inkling #3841,A looping cartoon-squid PFP stacked from painterly trait layers. Minted on Ink.,3841.gif,Wine Paper,Violet Haze,Cuttle,Wink,Brush Streak,Ink Ribbon
3842,Inkling #3842,A looping cartoon-squid PFP stacked from painterly trait layers. Minted on Ink.,3842.gif,Peach Dusk,Teal Mist,Dumbo,Dew,Slow Drip,Bare mantle
3843,Inkling #3843,A looping cartoon-squid PFP stacked from painterly trait layers. Minted on Ink.,3843.gif,Wine Paper,No bloom,Giant,Sleepy,Brush Streak,Bare mantle
3844,Inkling #3844,A looping cartoon-squid PFP stacked from painterly trait layers. Minted on Ink.,3844.gif,Celadon Garden,Violet Haze,Glass,Bright,Clean mantle,Wash Hood
3845,Inkling #3845,A looping cartoon-squid PFP stacked from painterly trait layers. Minted on Ink.,3845.gif,Celadon Garden,Gold Wash,Reef,Dew,Clean mantle,Pearl Cluster
3846,Inkling #3846,A looping cartoon-squid PFP stacked from painterly trait layers. Minted on Ink.,3846.gif,Peach Dusk,Coral Glow,Inked,Wink,Slow Drip,Bare mantle
3847,Inkling #3847,A looping cartoon-squid PFP stacked from painterly trait layers. Minted on Ink.,3847.gif,Storm Grey,Coral Glow,Firefly,Bright,Red Seal,Wash Hood
3848,Inkling #3848,A looping cartoon-squid PFP stacked from painterly trait layers. Minted on Ink.,3848.gif,Indigo Night,No bloom,Dumbo,Bright,Red Seal,Wash Hood
3849,Inkling #3849,A looping cartoon-squid PFP stacked from painterly trait layers. Minted on Ink.,3849.gif,Celadon Garden,Gold Wash,Dumbo,Ember,Clean mantle,Kelp Flow
3850,Inkling #3850,A looping cartoon-squid PFP stacked from painterly trait layers. Minted on Ink.,3850.gif,Celadon Garden,No bloom,Bobtail,Lidded,Slow Drip,Wash Hood
3851,Inkling #3851,A looping cartoon-squid PFP stacked from painterly trait layers. Minted on Ink.,3851.gif,Peach Dusk,Gold Wash,Reef,Lidded,Brush Streak,Ink Ribbon
3852,Inkling #3852,A looping cartoon-squid PFP stacked from painterly trait layers. Minted on Ink.,3852.gif,Wine Paper,Violet Haze,Cuttle,Dew,Slow Drip,Wash Hood
3853,Inkling #3853,A looping cartoon-squid PFP stacked from painterly trait layers. Minted on Ink.,3853.gif,Storm Grey,Teal Mist,Dumbo,Bright,Ink Splash,Kelp Flow
3854,Inkling #3854,A looping cartoon-squid PFP stacked from painterly trait layers. Minted on Ink.,3854.gif,Rose Gold,Teal Mist,Firefly,Lidded,Red Seal,Soft Crown
3855,Inkling #3855,A looping cartoon-squid PFP stacked from painterly trait layers. Minted on Ink.,3855.gif,Rose Gold,Teal Mist,Dumbo,Bright,Red Seal,Ink Ribbon
3856,Inkling #3856,A looping cartoon-squid PFP stacked from painterly trait layers. Minted on Ink.,3856.gif,Storm Grey,No bloom,Reef,Bright,Ink Splash,Pearl Cluster
3857,Inkling #3857,A looping cartoon-squid PFP stacked from painterly trait layers. Minted on Ink.,3857.gif,Indigo Night,Silver Veil,Glass,Sleepy,Slow Drip,Wash Hood
3858,Inkling #3858,A looping cartoon-squid PFP stacked from painterly trait layers. Minted on Ink.,3858.gif,Cream Rice,Gold Wash,Cuttle,Lidded,Clean mantle,Pearl Cluster
3859,Inkling #3859,A looping cartoon-squid PFP stacked from painterly trait layers. Minted on Ink.,3859.gif,Charcoal Wash,Gold Wash,Reef,Lidded,Slow Drip,Kelp Flow
3860,Inkling #3860,A looping cartoon-squid PFP stacked from painterly trait layers. Minted on Ink.,3860.gif,Storm Grey,Violet Haze,Cuttle,Lidded,Red Seal,Soft Crown
3861,Inkling #3861,A looping cartoon-squid PFP stacked from painterly trait layers. Minted on Ink.,3861.gif,Wine Paper,Gold Wash,Firefly,Bright,Brush Streak,Ink Ribbon
3862,Inkling #3862,A looping cartoon-squid PFP stacked from painterly trait layers. Minted on Ink.,3862.gif,Peach Dusk,Teal Mist,Cuttle,Dew,Clean mantle,Pearl Cluster
3863,Inkling #3863,A looping cartoon-squid PFP stacked from painterly trait layers. Minted on Ink.,3863.gif,Peach Dusk,Teal Mist,Bobtail,Dew,Slow Drip,Soft Crown
3864,Inkling #3864,A looping cartoon-squid PFP stacked from painterly trait layers. Minted on Ink.,3864.gif,Peach Dusk,Teal Mist,Firefly,Lidded,Red Seal,Wash Hood
3865,Inkling #3865,A looping cartoon-squid PFP stacked from painterly trait layers. Minted on Ink.,3865.gif,Peach Dusk,Gold Wash,Dumbo,Sleepy,Clean mantle,Kelp Flow
3866,Inkling #3866,A looping cartoon-squid PFP stacked from painterly trait layers. Minted on Ink.,3866.gif,Cream Rice,Silver Veil,Dumbo,Lidded,Clean mantle,Soft Crown
3867,Inkling #3867,A looping cartoon-squid PFP stacked from painterly trait layers. Minted on Ink.,3867.gif,Storm Grey,Coral Glow,Bobtail,Sleepy,Ink Splash,Soft Crown
3868,Inkling #3868,A looping cartoon-squid PFP stacked from painterly trait layers. Minted on Ink.,3868.gif,Cream Rice,No bloom,Glass,Wink,Brush Streak,Pearl Cluster
3869,Inkling #3869,A looping cartoon-squid PFP stacked from painterly trait layers. Minted on Ink.,3869.gif,Storm Grey,No bloom,Reef,Bright,Brush Streak,Bare mantle
3870,Inkling #3870,A looping cartoon-squid PFP stacked from painterly trait layers. Minted on Ink.,3870.gif,Celadon Garden,Gold Wash,Bobtail,Bright,Ink Splash,Kelp Flow
3871,Inkling #3871,A looping cartoon-squid PFP stacked from painterly trait layers. Minted on Ink.,3871.gif,Indigo Night,Gold Wash,Reef,Lidded,Slow Drip,Ink Ribbon
3872,Inkling #3872,A looping cartoon-squid PFP stacked from painterly trait layers. Minted on Ink.,3872.gif,Celadon Garden,Violet Haze,Giant,Ember,Clean mantle,Bare mantle
3873,Inkling #3873,A looping cartoon-squid PFP stacked from painterly trait layers. Minted on Ink.,3873.gif,Storm Grey,No bloom,Reef,Lidded,Clean mantle,Bare mantle
3874,Inkling #3874,A looping cartoon-squid PFP stacked from painterly trait layers. Minted on Ink.,3874.gif,Celadon Garden,Teal Mist,Firefly,Ember,Ink Splash,Ink Ribbon
3875,Inkling #3875,A looping cartoon-squid PFP stacked from painterly trait layers. Minted on Ink.,3875.gif,Indigo Night,Coral Glow,Glass,Wink,Clean mantle,Kelp Flow
3876,Inkling #3876,A looping cartoon-squid PFP stacked from painterly trait layers. Minted on Ink.,3876.gif,Indigo Night,Teal Mist,Firefly,Bright,Ink Splash,Pearl Cluster
3877,Inkling #3877,A looping cartoon-squid PFP stacked from painterly trait layers. Minted on Ink.,3877.gif,Storm Grey,No bloom,Dumbo,Dew,Clean mantle,Wash Hood
3878,Inkling #3878,A looping cartoon-squid PFP stacked from painterly trait layers. Minted on Ink.,3878.gif,Cream Rice,Silver Veil,Dumbo,Wink,Red Seal,Kelp Flow
3879,Inkling #3879,A looping cartoon-squid PFP stacked from painterly trait layers. Minted on Ink.,3879.gif,Cream Rice,Coral Glow,Dumbo,Lidded,Clean mantle,Ink Ribbon
3880,Inkling #3880,A looping cartoon-squid PFP stacked from painterly trait layers. Minted on Ink.,3880.gif,Cream Rice,Teal Mist,Dumbo,Ember,Slow Drip,Wash Hood
3881,Inkling #3881,A looping cartoon-squid PFP stacked from painterly trait layers. Minted on Ink.,3881.gif,Indigo Night,Silver Veil,Inked,Dew,Clean mantle,Kelp Flow
3882,Inkling #3882,A looping cartoon-squid PFP stacked from painterly trait layers. Minted on Ink.,3882.gif,Wine Paper,No bloom,Firefly,Wink,Red Seal,Ink Ribbon
3883,Inkling #3883,A looping cartoon-squid PFP stacked from painterly trait layers. Minted on Ink.,3883.gif,Celadon Garden,Silver Veil,Glass,Lidded,Clean mantle,Ink Ribbon
3884,Inkling #3884,A looping cartoon-squid PFP stacked from painterly trait layers. Minted on Ink.,3884.gif,Indigo Night,Coral Glow,Glass,Ember,Red Seal,Pearl Cluster
3885,Inkling #3885,A looping cartoon-squid PFP stacked from painterly trait layers. Minted on Ink.,3885.gif,Celadon Garden,Violet Haze,Dumbo,Wink,Red Seal,Wash Hood
3886,Inkling #3886,A looping cartoon-squid PFP stacked from painterly trait layers. Minted on Ink.,3886.gif,Wine Paper,No bloom,Reef,Wink,Ink Splash,Bare mantle
3887,Inkling #3887,A looping cartoon-squid PFP stacked from painterly trait layers. Minted on Ink.,3887.gif,Peach Dusk,Violet Haze,Glass,Bright,Ink Splash,Bare mantle
3888,Inkling #3888,A looping cartoon-squid PFP stacked from painterly trait layers. Minted on Ink.,3888.gif,Charcoal Wash,No bloom,Firefly,Lidded,Clean mantle,Wash Hood
3889,Inkling #3889,A looping cartoon-squid PFP stacked from painterly trait layers. Minted on Ink.,3889.gif,Indigo Night,Teal Mist,Dumbo,Lidded,Clean mantle,Kelp Flow
3890,Inkling #3890,A looping cartoon-squid PFP stacked from painterly trait layers. Minted on Ink.,3890.gif,Rose Gold,Violet Haze,Cuttle,Dew,Brush Streak,Soft Crown
3891,Inkling #3891,A looping cartoon-squid PFP stacked from painterly trait layers. Minted on Ink.,3891.gif,Wine Paper,Teal Mist,Firefly,Dew,Brush Streak,Wash Hood
3892,Inkling #3892,A looping cartoon-squid PFP stacked from painterly trait layers. Minted on Ink.,3892.gif,Indigo Night,Gold Wash,Giant,Ember,Slow Drip,Ink Ribbon
3893,Inkling #3893,A looping cartoon-squid PFP stacked from painterly trait layers. Minted on Ink.,3893.gif,Peach Dusk,Violet Haze,Dumbo,Dew,Ink Splash,Soft Crown
3894,Inkling #3894,A looping cartoon-squid PFP stacked from painterly trait layers. Minted on Ink.,3894.gif,Peach Dusk,Silver Veil,Dumbo,Ember,Brush Streak,Soft Crown
3895,Inkling #3895,A looping cartoon-squid PFP stacked from painterly trait layers. Minted on Ink.,3895.gif,Indigo Night,Violet Haze,Glass,Bright,Slow Drip,Pearl Cluster
3896,Inkling #3896,A looping cartoon-squid PFP stacked from painterly trait layers. Minted on Ink.,3896.gif,Celadon Garden,No bloom,Inked,Bright,Ink Splash,Bare mantle
3897,Inkling #3897,A looping cartoon-squid PFP stacked from painterly trait layers. Minted on Ink.,3897.gif,Celadon Garden,Silver Veil,Cuttle,Bright,Clean mantle,Bare mantle
3898,Inkling #3898,A looping cartoon-squid PFP stacked from painterly trait layers. Minted on Ink.,3898.gif,Celadon Garden,Gold Wash,Dumbo,Wink,Red Seal,Kelp Flow
3899,Inkling #3899,A looping cartoon-squid PFP stacked from painterly trait layers. Minted on Ink.,3899.gif,Indigo Night,Gold Wash,Giant,Dew,Clean mantle,Soft Crown
3900,Inkling #3900,A looping cartoon-squid PFP stacked from painterly trait layers. Minted on Ink.,3900.gif,Charcoal Wash,Coral Glow,Glass,Wink,Clean mantle,Soft Crown
3901,Inkling #3901,A looping cartoon-squid PFP stacked from painterly trait layers. Minted on Ink.,3901.gif,Indigo Night,Violet Haze,Inked,Ember,Ink Splash,Pearl Cluster
3902,Inkling #3902,A looping cartoon-squid PFP stacked from painterly trait layers. Minted on Ink.,3902.gif,Storm Grey,No bloom,Giant,Ember,Clean mantle,Wash Hood
3903,Inkling #3903,A looping cartoon-squid PFP stacked from painterly trait layers. Minted on Ink.,3903.gif,Charcoal Wash,No bloom,Bobtail,Ember,Clean mantle,Kelp Flow
3904,Inkling #3904,A looping cartoon-squid PFP stacked from painterly trait layers. Minted on Ink.,3904.gif,Indigo Night,Teal Mist,Dumbo,Lidded,Slow Drip,Pearl Cluster
3905,Inkling #3905,A looping cartoon-squid PFP stacked from painterly trait layers. Minted on Ink.,3905.gif,Cream Rice,No bloom,Glass,Bright,Clean mantle,Kelp Flow
3906,Inkling #3906,A looping cartoon-squid PFP stacked from painterly trait layers. Minted on Ink.,3906.gif,Storm Grey,Violet Haze,Giant,Dew,Clean mantle,Pearl Cluster
3907,Inkling #3907,A looping cartoon-squid PFP stacked from painterly trait layers. Minted on Ink.,3907.gif,Indigo Night,Coral Glow,Firefly,Wink,Ink Splash,Bare mantle
3908,Inkling #3908,A looping cartoon-squid PFP stacked from painterly trait layers. Minted on Ink.,3908.gif,Peach Dusk,Coral Glow,Inked,Dew,Ink Splash,Ink Ribbon
3909,Inkling #3909,A looping cartoon-squid PFP stacked from painterly trait layers. Minted on Ink.,3909.gif,Celadon Garden,Teal Mist,Reef,Ember,Ink Splash,Wash Hood
3910,Inkling #3910,A looping cartoon-squid PFP stacked from painterly trait layers. Minted on Ink.,3910.gif,Celadon Garden,Teal Mist,Dumbo,Ember,Slow Drip,Bare mantle
3911,Inkling #3911,A looping cartoon-squid PFP stacked from painterly trait layers. Minted on Ink.,3911.gif,Celadon Garden,Teal Mist,Dumbo,Dew,Clean mantle,Bare mantle
3912,Inkling #3912,A looping cartoon-squid PFP stacked from painterly trait layers. Minted on Ink.,3912.gif,Charcoal Wash,No bloom,Reef,Dew,Clean mantle,Bare mantle
3913,Inkling #3913,A looping cartoon-squid PFP stacked from painterly trait layers. Minted on Ink.,3913.gif,Rose Gold,Violet Haze,Inked,Lidded,Clean mantle,Kelp Flow
3914,Inkling #3914,A looping cartoon-squid PFP stacked from painterly trait layers. Minted on Ink.,3914.gif,Wine Paper,Coral Glow,Firefly,Dew,Ink Splash,Ink Ribbon
3915,Inkling #3915,A looping cartoon-squid PFP stacked from painterly trait layers. Minted on Ink.,3915.gif,Cream Rice,Silver Veil,Cuttle,Wink,Brush Streak,Ink Ribbon
3916,Inkling #3916,A looping cartoon-squid PFP stacked from painterly trait layers. Minted on Ink.,3916.gif,Storm Grey,Coral Glow,Glass,Sleepy,Brush Streak,Pearl Cluster
3917,Inkling #3917,A looping cartoon-squid PFP stacked from painterly trait layers. Minted on Ink.,3917.gif,Peach Dusk,Violet Haze,Inked,Lidded,Clean mantle,Kelp Flow
3918,Inkling #3918,A looping cartoon-squid PFP stacked from painterly trait layers. Minted on Ink.,3918.gif,Indigo Night,No bloom,Dumbo,Wink,Clean mantle,Ink Ribbon
3919,Inkling #3919,A looping cartoon-squid PFP stacked from painterly trait layers. Minted on Ink.,3919.gif,Celadon Garden,No bloom,Bobtail,Ember,Clean mantle,Soft Crown
3920,Inkling #3920,A looping cartoon-squid PFP stacked from painterly trait layers. Minted on Ink.,3920.gif,Charcoal Wash,Silver Veil,Bobtail,Bright,Slow Drip,Bare mantle
3921,Inkling #3921,A looping cartoon-squid PFP stacked from painterly trait layers. Minted on Ink.,3921.gif,Peach Dusk,Violet Haze,Bobtail,Bright,Brush Streak,Kelp Flow
3922,Inkling #3922,A looping cartoon-squid PFP stacked from painterly trait layers. Minted on Ink.,3922.gif,Celadon Garden,Coral Glow,Firefly,Dew,Clean mantle,Ink Ribbon
3923,Inkling #3923,A looping cartoon-squid PFP stacked from painterly trait layers. Minted on Ink.,3923.gif,Celadon Garden,No bloom,Firefly,Lidded,Red Seal,Kelp Flow
3924,Inkling #3924,A looping cartoon-squid PFP stacked from painterly trait layers. Minted on Ink.,3924.gif,Storm Grey,Gold Wash,Reef,Sleepy,Slow Drip,Kelp Flow
3925,Inkling #3925,A looping cartoon-squid PFP stacked from painterly trait layers. Minted on Ink.,3925.gif,Storm Grey,No bloom,Bobtail,Dew,Brush Streak,Pearl Cluster
3926,Inkling #3926,A looping cartoon-squid PFP stacked from painterly trait layers. Minted on Ink.,3926.gif,Peach Dusk,No bloom,Giant,Bright,Clean mantle,Soft Crown
3927,Inkling #3927,A looping cartoon-squid PFP stacked from painterly trait layers. Minted on Ink.,3927.gif,Storm Grey,Teal Mist,Dumbo,Ember,Ink Splash,Kelp Flow
3928,Inkling #3928,A looping cartoon-squid PFP stacked from painterly trait layers. Minted on Ink.,3928.gif,Indigo Night,Coral Glow,Inked,Lidded,Red Seal,Bare mantle
3929,Inkling #3929,A looping cartoon-squid PFP stacked from painterly trait layers. Minted on Ink.,3929.gif,Rose Gold,No bloom,Bobtail,Lidded,Slow Drip,Kelp Flow
3930,Inkling #3930,A looping cartoon-squid PFP stacked from painterly trait layers. Minted on Ink.,3930.gif,Charcoal Wash,No bloom,Bobtail,Bright,Ink Splash,Pearl Cluster
3931,Inkling #3931,A looping cartoon-squid PFP stacked from painterly trait layers. Minted on Ink.,3931.gif,Storm Grey,Silver Veil,Dumbo,Sleepy,Clean mantle,Bare mantle
3932,Inkling #3932,A looping cartoon-squid PFP stacked from painterly trait layers. Minted on Ink.,3932.gif,Storm Grey,Silver Veil,Firefly,Dew,Clean mantle,Pearl Cluster
3933,Inkling #3933,A looping cartoon-squid PFP stacked from painterly trait layers. Minted on Ink.,3933.gif,Celadon Garden,Violet Haze,Giant,Lidded,Slow Drip,Bare mantle
3934,Inkling #3934,A looping cartoon-squid PFP stacked from painterly trait layers. Minted on Ink.,3934.gif,Indigo Night,Violet Haze,Dumbo,Ember,Red Seal,Ink Ribbon
3935,Inkling #3935,A looping cartoon-squid PFP stacked from painterly trait layers. Minted on Ink.,3935.gif,Storm Grey,Teal Mist,Glass,Sleepy,Clean mantle,Pearl Cluster
3936,Inkling #3936,A looping cartoon-squid PFP stacked from painterly trait layers. Minted on Ink.,3936.gif,Wine Paper,Violet Haze,Firefly,Ember,Clean mantle,Bare mantle
3937,Inkling #3937,A looping cartoon-squid PFP stacked from painterly trait layers. Minted on Ink.,3937.gif,Peach Dusk,No bloom,Glass,Wink,Red Seal,Soft Crown
3938,Inkling #3938,A looping cartoon-squid PFP stacked from painterly trait layers. Minted on Ink.,3938.gif,Peach Dusk,Silver Veil,Glass,Wink,Brush Streak,Ink Ribbon
3939,Inkling #3939,A looping cartoon-squid PFP stacked from painterly trait layers. Minted on Ink.,3939.gif,Indigo Night,No bloom,Cuttle,Lidded,Slow Drip,Ink Ribbon
3940,Inkling #3940,A looping cartoon-squid PFP stacked from painterly trait layers. Minted on Ink.,3940.gif,Wine Paper,Silver Veil,Dumbo,Lidded,Brush Streak,Bare mantle
3941,Inkling #3941,A looping cartoon-squid PFP stacked from painterly trait layers. Minted on Ink.,3941.gif,Rose Gold,No bloom,Giant,Sleepy,Clean mantle,Pearl Cluster
3942,Inkling #3942,A looping cartoon-squid PFP stacked from painterly trait layers. Minted on Ink.,3942.gif,Indigo Night,Gold Wash,Giant,Bright,Clean mantle,Ink Ribbon
3943,Inkling #3943,A looping cartoon-squid PFP stacked from painterly trait layers. Minted on Ink.,3943.gif,Celadon Garden,Teal Mist,Dumbo,Sleepy,Ink Splash,Ink Ribbon
3944,Inkling #3944,A looping cartoon-squid PFP stacked from painterly trait layers. Minted on Ink.,3944.gif,Charcoal Wash,Coral Glow,Cuttle,Lidded,Red Seal,Kelp Flow
3945,Inkling #3945,A looping cartoon-squid PFP stacked from painterly trait layers. Minted on Ink.,3945.gif,Rose Gold,Silver Veil,Inked,Bright,Slow Drip,Pearl Cluster
3946,Inkling #3946,A looping cartoon-squid PFP stacked from painterly trait layers. Minted on Ink.,3946.gif,Celadon Garden,Teal Mist,Cuttle,Wink,Clean mantle,Kelp Flow
3947,Inkling #3947,A looping cartoon-squid PFP stacked from painterly trait layers. Minted on Ink.,3947.gif,Rose Gold,No bloom,Bobtail,Ember,Ink Splash,Bare mantle
3948,Inkling #3948,A looping cartoon-squid PFP stacked from painterly trait layers. Minted on Ink.,3948.gif,Charcoal Wash,Gold Wash,Inked,Bright,Red Seal,Bare mantle
3949,Inkling #3949,A looping cartoon-squid PFP stacked from painterly trait layers. Minted on Ink.,3949.gif,Charcoal Wash,Coral Glow,Giant,Lidded,Clean mantle,Pearl Cluster
3950,Inkling #3950,A looping cartoon-squid PFP stacked from painterly trait layers. Minted on Ink.,3950.gif,Rose Gold,Teal Mist,Bobtail,Sleepy,Clean mantle,Kelp Flow
3951,Inkling #3951,A looping cartoon-squid PFP stacked from painterly trait layers. Minted on Ink.,3951.gif,Cream Rice,Coral Glow,Giant,Bright,Clean mantle,Bare mantle
3952,Inkling #3952,A looping cartoon-squid PFP stacked from painterly trait layers. Minted on Ink.,3952.gif,Cream Rice,No bloom,Inked,Dew,Clean mantle,Pearl Cluster
3953,Inkling #3953,A looping cartoon-squid PFP stacked from painterly trait layers. Minted on Ink.,3953.gif,Rose Gold,No bloom,Firefly,Ember,Brush Streak,Soft Crown
3954,Inkling #3954,A looping cartoon-squid PFP stacked from painterly trait layers. Minted on Ink.,3954.gif,Wine Paper,No bloom,Giant,Lidded,Clean mantle,Bare mantle
3955,Inkling #3955,A looping cartoon-squid PFP stacked from painterly trait layers. Minted on Ink.,3955.gif,Celadon Garden,No bloom,Firefly,Sleepy,Clean mantle,Wash Hood
3956,Inkling #3956,A looping cartoon-squid PFP stacked from painterly trait layers. Minted on Ink.,3956.gif,Wine Paper,Coral Glow,Inked,Lidded,Slow Drip,Bare mantle
3957,Inkling #3957,A looping cartoon-squid PFP stacked from painterly trait layers. Minted on Ink.,3957.gif,Wine Paper,Coral Glow,Cuttle,Dew,Clean mantle,Bare mantle
3958,Inkling #3958,A looping cartoon-squid PFP stacked from painterly trait layers. Minted on Ink.,3958.gif,Cream Rice,No bloom,Firefly,Wink,Clean mantle,Ink Ribbon
3959,Inkling #3959,A looping cartoon-squid PFP stacked from painterly trait layers. Minted on Ink.,3959.gif,Indigo Night,Gold Wash,Dumbo,Bright,Slow Drip,Wash Hood
3960,Inkling #3960,A looping cartoon-squid PFP stacked from painterly trait layers. Minted on Ink.,3960.gif,Storm Grey,Gold Wash,Giant,Bright,Slow Drip,Bare mantle
3961,Inkling #3961,A looping cartoon-squid PFP stacked from painterly trait layers. Minted on Ink.,3961.gif,Celadon Garden,Teal Mist,Reef,Sleepy,Clean mantle,Kelp Flow
3962,Inkling #3962,A looping cartoon-squid PFP stacked from painterly trait layers. Minted on Ink.,3962.gif,Cream Rice,Teal Mist,Firefly,Dew,Red Seal,Bare mantle
3963,Inkling #3963,A looping cartoon-squid PFP stacked from painterly trait layers. Minted on Ink.,3963.gif,Wine Paper,Gold Wash,Bobtail,Lidded,Red Seal,Ink Ribbon
3964,Inkling #3964,A looping cartoon-squid PFP stacked from painterly trait layers. Minted on Ink.,3964.gif,Wine Paper,Teal Mist,Reef,Wink,Brush Streak,Wash Hood
3965,Inkling #3965,A looping cartoon-squid PFP stacked from painterly trait layers. Minted on Ink.,3965.gif,Storm Grey,No bloom,Glass,Bright,Slow Drip,Ink Ribbon
3966,Inkling #3966,A looping cartoon-squid PFP stacked from painterly trait layers. Minted on Ink.,3966.gif,Charcoal Wash,Gold Wash,Firefly,Bright,Brush Streak,Bare mantle
3967,Inkling #3967,A looping cartoon-squid PFP stacked from painterly trait layers. Minted on Ink.,3967.gif,Celadon Garden,Silver Veil,Cuttle,Wink,Clean mantle,Wash Hood
3968,Inkling #3968,A looping cartoon-squid PFP stacked from painterly trait layers. Minted on Ink.,3968.gif,Cream Rice,Silver Veil,Giant,Wink,Ink Splash,Kelp Flow
3969,Inkling #3969,A looping cartoon-squid PFP stacked from painterly trait layers. Minted on Ink.,3969.gif,Charcoal Wash,Coral Glow,Firefly,Wink,Ink Splash,Pearl Cluster
3970,Inkling #3970,A looping cartoon-squid PFP stacked from painterly trait layers. Minted on Ink.,3970.gif,Rose Gold,Teal Mist,Dumbo,Dew,Clean mantle,Soft Crown
3971,Inkling #3971,A looping cartoon-squid PFP stacked from painterly trait layers. Minted on Ink.,3971.gif,Peach Dusk,Teal Mist,Firefly,Sleepy,Red Seal,Bare mantle
3972,Inkling #3972,A looping cartoon-squid PFP stacked from painterly trait layers. Minted on Ink.,3972.gif,Storm Grey,No bloom,Glass,Wink,Clean mantle,Bare mantle
3973,Inkling #3973,A looping cartoon-squid PFP stacked from painterly trait layers. Minted on Ink.,3973.gif,Storm Grey,Silver Veil,Bobtail,Wink,Ink Splash,Wash Hood
3974,Inkling #3974,A looping cartoon-squid PFP stacked from painterly trait layers. Minted on Ink.,3974.gif,Wine Paper,Teal Mist,Giant,Wink,Red Seal,Pearl Cluster
3975,Inkling #3975,A looping cartoon-squid PFP stacked from painterly trait layers. Minted on Ink.,3975.gif,Charcoal Wash,Silver Veil,Giant,Wink,Red Seal,Soft Crown
3976,Inkling #3976,A looping cartoon-squid PFP stacked from painterly trait layers. Minted on Ink.,3976.gif,Storm Grey,Coral Glow,Inked,Dew,Brush Streak,Pearl Cluster
3977,Inkling #3977,A looping cartoon-squid PFP stacked from painterly trait layers. Minted on Ink.,3977.gif,Peach Dusk,Teal Mist,Bobtail,Bright,Red Seal,Wash Hood
3978,Inkling #3978,A looping cartoon-squid PFP stacked from painterly trait layers. Minted on Ink.,3978.gif,Indigo Night,Gold Wash,Reef,Wink,Clean mantle,Ink Ribbon
3979,Inkling #3979,A looping cartoon-squid PFP stacked from painterly trait layers. Minted on Ink.,3979.gif,Charcoal Wash,No bloom,Glass,Ember,Brush Streak,Kelp Flow
3980,Inkling #3980,A looping cartoon-squid PFP stacked from painterly trait layers. Minted on Ink.,3980.gif,Storm Grey,Teal Mist,Bobtail,Sleepy,Clean mantle,Soft Crown
3981,Inkling #3981,A looping cartoon-squid PFP stacked from painterly trait layers. Minted on Ink.,3981.gif,Rose Gold,Teal Mist,Dumbo,Lidded,Brush Streak,Ink Ribbon
3982,Inkling #3982,A looping cartoon-squid PFP stacked from painterly trait layers. Minted on Ink.,3982.gif,Wine Paper,Gold Wash,Bobtail,Wink,Clean mantle,Soft Crown
3983,Inkling #3983,A looping cartoon-squid PFP stacked from painterly trait layers. Minted on Ink.,3983.gif,Cream Rice,No bloom,Reef,Wink,Clean mantle,Soft Crown
3984,Inkling #3984,A looping cartoon-squid PFP stacked from painterly trait layers. Minted on Ink.,3984.gif,Rose Gold,Silver Veil,Firefly,Lidded,Red Seal,Kelp Flow
3985,Inkling #3985,A looping cartoon-squid PFP stacked from painterly trait layers. Minted on Ink.,3985.gif,Peach Dusk,Teal Mist,Glass,Bright,Clean mantle,Bare mantle
3986,Inkling #3986,A looping cartoon-squid PFP stacked from painterly trait layers. Minted on Ink.,3986.gif,Rose Gold,No bloom,Firefly,Sleepy,Clean mantle,Pearl Cluster
3987,Inkling #3987,A looping cartoon-squid PFP stacked from painterly trait layers. Minted on Ink.,3987.gif,Charcoal Wash,Violet Haze,Firefly,Bright,Ink Splash,Ink Ribbon
3988,Inkling #3988,A looping cartoon-squid PFP stacked from painterly trait layers. Minted on Ink.,3988.gif,Cream Rice,No bloom,Cuttle,Sleepy,Brush Streak,Pearl Cluster
3989,Inkling #3989,A looping cartoon-squid PFP stacked from painterly trait layers. Minted on Ink.,3989.gif,Storm Grey,Gold Wash,Inked,Lidded,Brush Streak,Bare mantle
3990,Inkling #3990,A looping cartoon-squid PFP stacked from painterly trait layers. Minted on Ink.,3990.gif,Wine Paper,Teal Mist,Cuttle,Wink,Red Seal,Kelp Flow
3991,Inkling #3991,A looping cartoon-squid PFP stacked from painterly trait layers. Minted on Ink.,3991.gif,Charcoal Wash,Teal Mist,Glass,Lidded,Ink Splash,Ink Ribbon
3992,Inkling #3992,A looping cartoon-squid PFP stacked from painterly trait layers. Minted on Ink.,3992.gif,Wine Paper,No bloom,Giant,Sleepy,Ink Splash,Soft Crown
3993,Inkling #3993,A looping cartoon-squid PFP stacked from painterly trait layers. Minted on Ink.,3993.gif,Indigo Night,Violet Haze,Giant,Lidded,Clean mantle,Pearl Cluster
3994,Inkling #3994,A looping cartoon-squid PFP stacked from painterly trait layers. Minted on Ink.,3994.gif,Peach Dusk,Coral Glow,Bobtail,Dew,Ink Splash,Kelp Flow
3995,Inkling #3995,A looping cartoon-squid PFP stacked from painterly trait layers. Minted on Ink.,3995.gif,Storm Grey,Gold Wash,Reef,Ember,Brush Streak,Kelp Flow
3996,Inkling #3996,A looping cartoon-squid PFP stacked from painterly trait layers. Minted on Ink.,3996.gif,Rose Gold,Coral Glow,Giant,Sleepy,Slow Drip,Kelp Flow
3997,Inkling #3997,A looping cartoon-squid PFP stacked from painterly trait layers. Minted on Ink.,3997.gif,Charcoal Wash,Coral Glow,Inked,Wink,Clean mantle,Kelp Flow
3998,Inkling #3998,A looping cartoon-squid PFP stacked from painterly trait layers. Minted on Ink.,3998.gif,Storm Grey,Violet Haze,Dumbo,Wink,Brush Streak,Ink Ribbon
3999,Inkling #3999,A looping cartoon-squid PFP stacked from painterly trait layers. Minted on Ink.,3999.gif,Charcoal Wash,Teal Mist,Cuttle,Ember,Clean mantle,Kelp Flow
4000,Inkling #4000,A looping cartoon-squid PFP stacked from painterly trait layers. Minted on Ink.,4000.gif,Wine Paper,Gold Wash,Glass,Lidded,Red Seal,Wash Hood
4001,Inkling #4001,A looping cartoon-squid PFP stacked from painterly trait layers. Minted on Ink.,4001.gif,Indigo Night,Violet Haze,Reef,Lidded,Slow Drip,Bare mantle
4002,Inkling #4002,A looping cartoon-squid PFP stacked from painterly trait layers. Minted on Ink.,4002.gif,Celadon Garden,Teal Mist,Cuttle,Dew,Clean mantle,Wash Hood
4003,Inkling #4003,A looping cartoon-squid PFP stacked from painterly trait layers. Minted on Ink.,4003.gif,Cream Rice,Silver Veil,Firefly,Wink,Ink Splash,Ink Ribbon
4004,Inkling #4004,A looping cartoon-squid PFP stacked from painterly trait layers. Minted on Ink.,4004.gif,Charcoal Wash,Teal Mist,Bobtail,Bright,Slow Drip,Pearl Cluster
4005,Inkling #4005,A looping cartoon-squid PFP stacked from painterly trait layers. Minted on Ink.,4005.gif,Storm Grey,Silver Veil,Dumbo,Sleepy,Slow Drip,Bare mantle
4006,Inkling #4006,A looping cartoon-squid PFP stacked from painterly trait layers. Minted on Ink.,4006.gif,Wine Paper,Gold Wash,Firefly,Wink,Slow Drip,Kelp Flow
4007,Inkling #4007,A looping cartoon-squid PFP stacked from painterly trait layers. Minted on Ink.,4007.gif,Storm Grey,Silver Veil,Bobtail,Sleepy,Clean mantle,Bare mantle
4008,Inkling #4008,A looping cartoon-squid PFP stacked from painterly trait layers. Minted on Ink.,4008.gif,Cream Rice,Gold Wash,Firefly,Wink,Brush Streak,Bare mantle
4009,Inkling #4009,A looping cartoon-squid PFP stacked from painterly trait layers. Minted on Ink.,4009.gif,Indigo Night,No bloom,Dumbo,Wink,Slow Drip,Wash Hood
4010,Inkling #4010,A looping cartoon-squid PFP stacked from painterly trait layers. Minted on Ink.,4010.gif,Wine Paper,No bloom,Firefly,Bright,Slow Drip,Bare mantle
4011,Inkling #4011,A looping cartoon-squid PFP stacked from painterly trait layers. Minted on Ink.,4011.gif,Peach Dusk,No bloom,Dumbo,Lidded,Ink Splash,Pearl Cluster
4012,Inkling #4012,A looping cartoon-squid PFP stacked from painterly trait layers. Minted on Ink.,4012.gif,Rose Gold,Violet Haze,Firefly,Bright,Clean mantle,Wash Hood
4013,Inkling #4013,A looping cartoon-squid PFP stacked from painterly trait layers. Minted on Ink.,4013.gif,Storm Grey,No bloom,Bobtail,Bright,Slow Drip,Kelp Flow
4014,Inkling #4014,A looping cartoon-squid PFP stacked from painterly trait layers. Minted on Ink.,4014.gif,Indigo Night,Violet Haze,Cuttle,Lidded,Brush Streak,Bare mantle
4015,Inkling #4015,A looping cartoon-squid PFP stacked from painterly trait layers. Minted on Ink.,4015.gif,Charcoal Wash,No bloom,Dumbo,Dew,Ink Splash,Ink Ribbon
4016,Inkling #4016,A looping cartoon-squid PFP stacked from painterly trait layers. Minted on Ink.,4016.gif,Charcoal Wash,Gold Wash,Glass,Sleepy,Slow Drip,Bare mantle
4017,Inkling #4017,A looping cartoon-squid PFP stacked from painterly trait layers. Minted on Ink.,4017.gif,Rose Gold,Silver Veil,Bobtail,Lidded,Ink Splash,Bare mantle
4018,Inkling #4018,A looping cartoon-squid PFP stacked from painterly trait layers. Minted on Ink.,4018.gif,Wine Paper,Teal Mist,Firefly,Bright,Clean mantle,Bare mantle
4019,Inkling #4019,A looping cartoon-squid PFP stacked from painterly trait layers. Minted on Ink.,4019.gif,Indigo Night,No bloom,Firefly,Ember,Slow Drip,Soft Crown
4020,Inkling #4020,A looping cartoon-squid PFP stacked from painterly trait layers. Minted on Ink.,4020.gif,Charcoal Wash,Gold Wash,Inked,Sleepy,Red Seal,Ink Ribbon
4021,Inkling #4021,A looping cartoon-squid PFP stacked from painterly trait layers. Minted on Ink.,4021.gif,Wine Paper,No bloom,Cuttle,Dew,Red Seal,Kelp Flow
4022,Inkling #4022,A looping cartoon-squid PFP stacked from painterly trait layers. Minted on Ink.,4022.gif,Celadon Garden,Teal Mist,Dumbo,Ember,Brush Streak,Ink Ribbon
4023,Inkling #4023,A looping cartoon-squid PFP stacked from painterly trait layers. Minted on Ink.,4023.gif,Indigo Night,Teal Mist,Bobtail,Dew,Ink Splash,Soft Crown
4024,Inkling #4024,A looping cartoon-squid PFP stacked from painterly trait layers. Minted on Ink.,4024.gif,Indigo Night,Teal Mist,Bobtail,Dew,Slow Drip,Bare mantle
4025,Inkling #4025,A looping cartoon-squid PFP stacked from painterly trait layers. Minted on Ink.,4025.gif,Peach Dusk,Teal Mist,Giant,Sleepy,Ink Splash,Ink Ribbon
4026,Inkling #4026,A looping cartoon-squid PFP stacked from painterly trait layers. Minted on Ink.,4026.gif,Rose Gold,Coral Glow,Bobtail,Bright,Ink Splash,Pearl Cluster
4027,Inkling #4027,A looping cartoon-squid PFP stacked from painterly trait layers. Minted on Ink.,4027.gif,Rose Gold,No bloom,Bobtail,Bright,Ink Splash,Wash Hood
4028,Inkling #4028,A looping cartoon-squid PFP stacked from painterly trait layers. Minted on Ink.,4028.gif,Charcoal Wash,No bloom,Dumbo,Lidded,Red Seal,Kelp Flow
4029,Inkling #4029,A looping cartoon-squid PFP stacked from painterly trait layers. Minted on Ink.,4029.gif,Peach Dusk,No bloom,Dumbo,Bright,Red Seal,Kelp Flow
4030,Inkling #4030,A looping cartoon-squid PFP stacked from painterly trait layers. Minted on Ink.,4030.gif,Celadon Garden,Teal Mist,Reef,Bright,Slow Drip,Kelp Flow
4031,Inkling #4031,A looping cartoon-squid PFP stacked from painterly trait layers. Minted on Ink.,4031.gif,Peach Dusk,Violet Haze,Reef,Wink,Clean mantle,Bare mantle
4032,Inkling #4032,A looping cartoon-squid PFP stacked from painterly trait layers. Minted on Ink.,4032.gif,Indigo Night,Teal Mist,Dumbo,Lidded,Red Seal,Pearl Cluster
4033,Inkling #4033,A looping cartoon-squid PFP stacked from painterly trait layers. Minted on Ink.,4033.gif,Charcoal Wash,Gold Wash,Cuttle,Lidded,Ink Splash,Ink Ribbon
4034,Inkling #4034,A looping cartoon-squid PFP stacked from painterly trait layers. Minted on Ink.,4034.gif,Wine Paper,Silver Veil,Bobtail,Ember,Ink Splash,Ink Ribbon
4035,Inkling #4035,A looping cartoon-squid PFP stacked from painterly trait layers. Minted on Ink.,4035.gif,Cream Rice,Silver Veil,Reef,Ember,Slow Drip,Kelp Flow
4036,Inkling #4036,A looping cartoon-squid PFP stacked from painterly trait layers. Minted on Ink.,4036.gif,Peach Dusk,No bloom,Cuttle,Sleepy,Clean mantle,Bare mantle
4037,Inkling #4037,A looping cartoon-squid PFP stacked from painterly trait layers. Minted on Ink.,4037.gif,Celadon Garden,Coral Glow,Reef,Sleepy,Brush Streak,Ink Ribbon
4038,Inkling #4038,A looping cartoon-squid PFP stacked from painterly trait layers. Minted on Ink.,4038.gif,Rose Gold,Silver Veil,Firefly,Bright,Clean mantle,Soft Crown
4039,Inkling #4039,A looping cartoon-squid PFP stacked from painterly trait layers. Minted on Ink.,4039.gif,Storm Grey,Coral Glow,Reef,Lidded,Clean mantle,Pearl Cluster
4040,Inkling #4040,A looping cartoon-squid PFP stacked from painterly trait layers. Minted on Ink.,4040.gif,Cream Rice,Coral Glow,Glass,Wink,Clean mantle,Kelp Flow
4041,Inkling #4041,A looping cartoon-squid PFP stacked from painterly trait layers. Minted on Ink.,4041.gif,Cream Rice,No bloom,Bobtail,Wink,Clean mantle,Pearl Cluster
4042,Inkling #4042,A looping cartoon-squid PFP stacked from painterly trait layers. Minted on Ink.,4042.gif,Cream Rice,Violet Haze,Giant,Bright,Ink Splash,Soft Crown
4043,Inkling #4043,A looping cartoon-squid PFP stacked from painterly trait layers. Minted on Ink.,4043.gif,Cream Rice,No bloom,Dumbo,Bright,Red Seal,Pearl Cluster
4044,Inkling #4044,A looping cartoon-squid PFP stacked from painterly trait layers. Minted on Ink.,4044.gif,Celadon Garden,Gold Wash,Giant,Dew,Slow Drip,Wash Hood
4045,Inkling #4045,A looping cartoon-squid PFP stacked from painterly trait layers. Minted on Ink.,4045.gif,Indigo Night,Violet Haze,Giant,Lidded,Clean mantle,Kelp Flow
4046,Inkling #4046,A looping cartoon-squid PFP stacked from painterly trait layers. Minted on Ink.,4046.gif,Storm Grey,Teal Mist,Bobtail,Dew,Ink Splash,Kelp Flow
4047,Inkling #4047,A looping cartoon-squid PFP stacked from painterly trait layers. Minted on Ink.,4047.gif,Rose Gold,No bloom,Reef,Dew,Slow Drip,Kelp Flow
4048,Inkling #4048,A looping cartoon-squid PFP stacked from painterly trait layers. Minted on Ink.,4048.gif,Peach Dusk,Coral Glow,Dumbo,Dew,Red Seal,Soft Crown
4049,Inkling #4049,A looping cartoon-squid PFP stacked from painterly trait layers. Minted on Ink.,4049.gif,Cream Rice,No bloom,Cuttle,Wink,Clean mantle,Kelp Flow
4050,Inkling #4050,A looping cartoon-squid PFP stacked from painterly trait layers. Minted on Ink.,4050.gif,Wine Paper,Teal Mist,Dumbo,Wink,Clean mantle,Kelp Flow
4051,Inkling #4051,A looping cartoon-squid PFP stacked from painterly trait layers. Minted on Ink.,4051.gif,Wine Paper,Gold Wash,Bobtail,Dew,Clean mantle,Bare mantle
4052,Inkling #4052,A looping cartoon-squid PFP stacked from painterly trait layers. Minted on Ink.,4052.gif,Celadon Garden,Coral Glow,Cuttle,Sleepy,Slow Drip,Ink Ribbon
4053,Inkling #4053,A looping cartoon-squid PFP stacked from painterly trait layers. Minted on Ink.,4053.gif,Charcoal Wash,Gold Wash,Reef,Wink,Red Seal,Pearl Cluster
4054,Inkling #4054,A looping cartoon-squid PFP stacked from painterly trait layers. Minted on Ink.,4054.gif,Celadon Garden,Violet Haze,Reef,Ember,Ink Splash,Wash Hood
4055,Inkling #4055,A looping cartoon-squid PFP stacked from painterly trait layers. Minted on Ink.,4055.gif,Indigo Night,Violet Haze,Cuttle,Bright,Red Seal,Pearl Cluster
4056,Inkling #4056,A looping cartoon-squid PFP stacked from painterly trait layers. Minted on Ink.,4056.gif,Peach Dusk,No bloom,Firefly,Lidded,Clean mantle,Soft Crown
4057,Inkling #4057,A looping cartoon-squid PFP stacked from painterly trait layers. Minted on Ink.,4057.gif,Rose Gold,Violet Haze,Reef,Lidded,Clean mantle,Pearl Cluster
4058,Inkling #4058,A looping cartoon-squid PFP stacked from painterly trait layers. Minted on Ink.,4058.gif,Cream Rice,Silver Veil,Cuttle,Wink,Red Seal,Pearl Cluster
4059,Inkling #4059,A looping cartoon-squid PFP stacked from painterly trait layers. Minted on Ink.,4059.gif,Indigo Night,Teal Mist,Firefly,Ember,Slow Drip,Bare mantle
4060,Inkling #4060,A looping cartoon-squid PFP stacked from painterly trait layers. Minted on Ink.,4060.gif,Peach Dusk,Violet Haze,Reef,Bright,Clean mantle,Bare mantle
4061,Inkling #4061,A looping cartoon-squid PFP stacked from painterly trait layers. Minted on Ink.,4061.gif,Storm Grey,Gold Wash,Giant,Bright,Clean mantle,Soft Crown
4062,Inkling #4062,A looping cartoon-squid PFP stacked from painterly trait layers. Minted on Ink.,4062.gif,Charcoal Wash,Silver Veil,Bobtail,Ember,Ink Splash,Pearl Cluster
4063,Inkling #4063,A looping cartoon-squid PFP stacked from painterly trait layers. Minted on Ink.,4063.gif,Cream Rice,Gold Wash,Bobtail,Bright,Slow Drip,Kelp Flow
4064,Inkling #4064,A looping cartoon-squid PFP stacked from painterly trait layers. Minted on Ink.,4064.gif,Rose Gold,No bloom,Giant,Wink,Slow Drip,Bare mantle
4065,Inkling #4065,A looping cartoon-squid PFP stacked from painterly trait layers. Minted on Ink.,4065.gif,Storm Grey,Gold Wash,Bobtail,Lidded,Clean mantle,Kelp Flow
4066,Inkling #4066,A looping cartoon-squid PFP stacked from painterly trait layers. Minted on Ink.,4066.gif,Rose Gold,Coral Glow,Giant,Sleepy,Ink Splash,Bare mantle
4067,Inkling #4067,A looping cartoon-squid PFP stacked from painterly trait layers. Minted on Ink.,4067.gif,Cream Rice,Teal Mist,Glass,Wink,Clean mantle,Soft Crown
4068,Inkling #4068,A looping cartoon-squid PFP stacked from painterly trait layers. Minted on Ink.,4068.gif,Wine Paper,Teal Mist,Cuttle,Bright,Ink Splash,Wash Hood
4069,Inkling #4069,A looping cartoon-squid PFP stacked from painterly trait layers. Minted on Ink.,4069.gif,Cream Rice,Teal Mist,Reef,Wink,Ink Splash,Wash Hood
4070,Inkling #4070,A looping cartoon-squid PFP stacked from painterly trait layers. Minted on Ink.,4070.gif,Cream Rice,Coral Glow,Bobtail,Ember,Clean mantle,Kelp Flow
4071,Inkling #4071,A looping cartoon-squid PFP stacked from painterly trait layers. Minted on Ink.,4071.gif,Cream Rice,Coral Glow,Firefly,Dew,Ink Splash,Pearl Cluster
4072,Inkling #4072,A looping cartoon-squid PFP stacked from painterly trait layers. Minted on Ink.,4072.gif,Celadon Garden,Violet Haze,Reef,Ember,Slow Drip,Ink Ribbon
4073,Inkling #4073,A looping cartoon-squid PFP stacked from painterly trait layers. Minted on Ink.,4073.gif,Wine Paper,Gold Wash,Cuttle,Sleepy,Brush Streak,Pearl Cluster
4074,Inkling #4074,A looping cartoon-squid PFP stacked from painterly trait layers. Minted on Ink.,4074.gif,Indigo Night,Gold Wash,Giant,Wink,Brush Streak,Ink Ribbon
4075,Inkling #4075,A looping cartoon-squid PFP stacked from painterly trait layers. Minted on Ink.,4075.gif,Rose Gold,Violet Haze,Firefly,Sleepy,Red Seal,Bare mantle
4076,Inkling #4076,A looping cartoon-squid PFP stacked from painterly trait layers. Minted on Ink.,4076.gif,Peach Dusk,Coral Glow,Glass,Lidded,Slow Drip,Soft Crown
4077,Inkling #4077,A looping cartoon-squid PFP stacked from painterly trait layers. Minted on Ink.,4077.gif,Charcoal Wash,Gold Wash,Giant,Dew,Brush Streak,Soft Crown
4078,Inkling #4078,A looping cartoon-squid PFP stacked from painterly trait layers. Minted on Ink.,4078.gif,Indigo Night,Violet Haze,Dumbo,Ember,Slow Drip,Kelp Flow
4079,Inkling #4079,A looping cartoon-squid PFP stacked from painterly trait layers. Minted on Ink.,4079.gif,Wine Paper,Violet Haze,Glass,Ember,Red Seal,Pearl Cluster
4080,Inkling #4080,A looping cartoon-squid PFP stacked from painterly trait layers. Minted on Ink.,4080.gif,Rose Gold,Violet Haze,Cuttle,Dew,Slow Drip,Ink Ribbon
4081,Inkling #4081,A looping cartoon-squid PFP stacked from painterly trait layers. Minted on Ink.,4081.gif,Cream Rice,Gold Wash,Reef,Sleepy,Red Seal,Pearl Cluster
4082,Inkling #4082,A looping cartoon-squid PFP stacked from painterly trait layers. Minted on Ink.,4082.gif,Peach Dusk,Coral Glow,Giant,Bright,Clean mantle,Soft Crown
4083,Inkling #4083,A looping cartoon-squid PFP stacked from painterly trait layers. Minted on Ink.,4083.gif,Peach Dusk,No bloom,Glass,Sleepy,Clean mantle,Kelp Flow
4084,Inkling #4084,A looping cartoon-squid PFP stacked from painterly trait layers. Minted on Ink.,4084.gif,Indigo Night,Violet Haze,Glass,Lidded,Clean mantle,Wash Hood
4085,Inkling #4085,A looping cartoon-squid PFP stacked from painterly trait layers. Minted on Ink.,4085.gif,Charcoal Wash,No bloom,Giant,Lidded,Ink Splash,Kelp Flow
4086,Inkling #4086,A looping cartoon-squid PFP stacked from painterly trait layers. Minted on Ink.,4086.gif,Wine Paper,Silver Veil,Firefly,Lidded,Red Seal,Wash Hood
4087,Inkling #4087,A looping cartoon-squid PFP stacked from painterly trait layers. Minted on Ink.,4087.gif,Peach Dusk,Gold Wash,Glass,Ember,Clean mantle,Wash Hood
4088,Inkling #4088,A looping cartoon-squid PFP stacked from painterly trait layers. Minted on Ink.,4088.gif,Rose Gold,No bloom,Reef,Dew,Ink Splash,Pearl Cluster
4089,Inkling #4089,A looping cartoon-squid PFP stacked from painterly trait layers. Minted on Ink.,4089.gif,Cream Rice,No bloom,Dumbo,Lidded,Ink Splash,Ink Ribbon
4090,Inkling #4090,A looping cartoon-squid PFP stacked from painterly trait layers. Minted on Ink.,4090.gif,Indigo Night,Coral Glow,Reef,Bright,Slow Drip,Bare mantle
4091,Inkling #4091,A looping cartoon-squid PFP stacked from painterly trait layers. Minted on Ink.,4091.gif,Peach Dusk,No bloom,Dumbo,Sleepy,Clean mantle,Wash Hood
4092,Inkling #4092,A looping cartoon-squid PFP stacked from painterly trait layers. Minted on Ink.,4092.gif,Charcoal Wash,Teal Mist,Bobtail,Wink,Ink Splash,Pearl Cluster
4093,Inkling #4093,A looping cartoon-squid PFP stacked from painterly trait layers. Minted on Ink.,4093.gif,Rose Gold,Gold Wash,Firefly,Sleepy,Red Seal,Pearl Cluster
4094,Inkling #4094,A looping cartoon-squid PFP stacked from painterly trait layers. Minted on Ink.,4094.gif,Storm Grey,Coral Glow,Dumbo,Lidded,Clean mantle,Kelp Flow
4095,Inkling #4095,A looping cartoon-squid PFP stacked from painterly trait layers. Minted on Ink.,4095.gif,Charcoal Wash,Coral Glow,Reef,Lidded,Slow Drip,Kelp Flow
4096,Inkling #4096,A looping cartoon-squid PFP stacked from painterly trait layers. Minted on Ink.,4096.gif,Celadon Garden,Silver Veil,Cuttle,Dew,Slow Drip,Wash Hood
4097,Inkling #4097,A looping cartoon-squid PFP stacked from painterly trait layers. Minted on Ink.,4097.gif,Indigo Night,Gold Wash,Dumbo,Bright,Ink Splash,Kelp Flow
4098,Inkling #4098,A looping cartoon-squid PFP stacked from painterly trait layers. Minted on Ink.,4098.gif,Rose Gold,Violet Haze,Cuttle,Sleepy,Ink Splash,Ink Ribbon
4099,Inkling #4099,A looping cartoon-squid PFP stacked from painterly trait layers. Minted on Ink.,4099.gif,Charcoal Wash,No bloom,Dumbo,Bright,Brush Streak,Ink Ribbon
4100,Inkling #4100,A looping cartoon-squid PFP stacked from painterly trait layers. Minted on Ink.,4100.gif,Wine Paper,No bloom,Reef,Bright,Clean mantle,Ink Ribbon
4101,Inkling #4101,A looping cartoon-squid PFP stacked from painterly trait layers. Minted on Ink.,4101.gif,Peach Dusk,Violet Haze,Firefly,Lidded,Slow Drip,Bare mantle
4102,Inkling #4102,A looping cartoon-squid PFP stacked from painterly trait layers. Minted on Ink.,4102.gif,Celadon Garden,Coral Glow,Giant,Dew,Clean mantle,Kelp Flow
4103,Inkling #4103,A looping cartoon-squid PFP stacked from painterly trait layers. Minted on Ink.,4103.gif,Celadon Garden,No bloom,Bobtail,Bright,Ink Splash,Kelp Flow
4104,Inkling #4104,A looping cartoon-squid PFP stacked from painterly trait layers. Minted on Ink.,4104.gif,Indigo Night,No bloom,Bobtail,Sleepy,Clean mantle,Pearl Cluster
4105,Inkling #4105,A looping cartoon-squid PFP stacked from painterly trait layers. Minted on Ink.,4105.gif,Celadon Garden,Violet Haze,Giant,Bright,Brush Streak,Kelp Flow
4106,Inkling #4106,A looping cartoon-squid PFP stacked from painterly trait layers. Minted on Ink.,4106.gif,Rose Gold,No bloom,Cuttle,Bright,Red Seal,Pearl Cluster
4107,Inkling #4107,A looping cartoon-squid PFP stacked from painterly trait layers. Minted on Ink.,4107.gif,Wine Paper,Teal Mist,Bobtail,Bright,Clean mantle,Soft Crown
4108,Inkling #4108,A looping cartoon-squid PFP stacked from painterly trait layers. Minted on Ink.,4108.gif,Storm Grey,Gold Wash,Giant,Dew,Brush Streak,Ink Ribbon
4109,Inkling #4109,A looping cartoon-squid PFP stacked from painterly trait layers. Minted on Ink.,4109.gif,Charcoal Wash,Gold Wash,Reef,Dew,Clean mantle,Bare mantle
4110,Inkling #4110,A looping cartoon-squid PFP stacked from painterly trait layers. Minted on Ink.,4110.gif,Storm Grey,Gold Wash,Glass,Lidded,Red Seal,Bare mantle
4111,Inkling #4111,A looping cartoon-squid PFP stacked from painterly trait layers. Minted on Ink.,4111.gif,Peach Dusk,Gold Wash,Bobtail,Bright,Slow Drip,Bare mantle
4112,Inkling #4112,A looping cartoon-squid PFP stacked from painterly trait layers. Minted on Ink.,4112.gif,Indigo Night,Silver Veil,Bobtail,Dew,Slow Drip,Bare mantle
4113,Inkling #4113,A looping cartoon-squid PFP stacked from painterly trait layers. Minted on Ink.,4113.gif,Storm Grey,Silver Veil,Firefly,Dew,Clean mantle,Kelp Flow
4114,Inkling #4114,A looping cartoon-squid PFP stacked from painterly trait layers. Minted on Ink.,4114.gif,Cream Rice,Silver Veil,Giant,Sleepy,Red Seal,Ink Ribbon
4115,Inkling #4115,A looping cartoon-squid PFP stacked from painterly trait layers. Minted on Ink.,4115.gif,Wine Paper,No bloom,Cuttle,Wink,Slow Drip,Bare mantle
4116,Inkling #4116,A looping cartoon-squid PFP stacked from painterly trait layers. Minted on Ink.,4116.gif,Rose Gold,Coral Glow,Reef,Lidded,Slow Drip,Bare mantle
4117,Inkling #4117,A looping cartoon-squid PFP stacked from painterly trait layers. Minted on Ink.,4117.gif,Storm Grey,Gold Wash,Cuttle,Dew,Red Seal,Soft Crown
4118,Inkling #4118,A looping cartoon-squid PFP stacked from painterly trait layers. Minted on Ink.,4118.gif,Indigo Night,No bloom,Reef,Bright,Slow Drip,Pearl Cluster
4119,Inkling #4119,A looping cartoon-squid PFP stacked from painterly trait layers. Minted on Ink.,4119.gif,Peach Dusk,No bloom,Cuttle,Wink,Clean mantle,Bare mantle
4120,Inkling #4120,A looping cartoon-squid PFP stacked from painterly trait layers. Minted on Ink.,4120.gif,Cream Rice,Violet Haze,Cuttle,Wink,Brush Streak,Bare mantle
4121,Inkling #4121,A looping cartoon-squid PFP stacked from painterly trait layers. Minted on Ink.,4121.gif,Cream Rice,Silver Veil,Reef,Sleepy,Brush Streak,Soft Crown
4122,Inkling #4122,A looping cartoon-squid PFP stacked from painterly trait layers. Minted on Ink.,4122.gif,Indigo Night,Violet Haze,Reef,Dew,Clean mantle,Ink Ribbon
4123,Inkling #4123,A looping cartoon-squid PFP stacked from painterly trait layers. Minted on Ink.,4123.gif,Charcoal Wash,Gold Wash,Cuttle,Bright,Slow Drip,Wash Hood
4124,Inkling #4124,A looping cartoon-squid PFP stacked from painterly trait layers. Minted on Ink.,4124.gif,Indigo Night,Gold Wash,Glass,Bright,Ink Splash,Kelp Flow
4125,Inkling #4125,A looping cartoon-squid PFP stacked from painterly trait layers. Minted on Ink.,4125.gif,Rose Gold,No bloom,Inked,Wink,Clean mantle,Pearl Cluster
4126,Inkling #4126,A looping cartoon-squid PFP stacked from painterly trait layers. Minted on Ink.,4126.gif,Charcoal Wash,Violet Haze,Dumbo,Lidded,Slow Drip,Bare mantle
4127,Inkling #4127,A looping cartoon-squid PFP stacked from painterly trait layers. Minted on Ink.,4127.gif,Wine Paper,Coral Glow,Bobtail,Dew,Ink Splash,Wash Hood
4128,Inkling #4128,A looping cartoon-squid PFP stacked from painterly trait layers. Minted on Ink.,4128.gif,Celadon Garden,Teal Mist,Giant,Ember,Ink Splash,Bare mantle
4129,Inkling #4129,A looping cartoon-squid PFP stacked from painterly trait layers. Minted on Ink.,4129.gif,Cream Rice,Silver Veil,Glass,Lidded,Red Seal,Bare mantle
4130,Inkling #4130,A looping cartoon-squid PFP stacked from painterly trait layers. Minted on Ink.,4130.gif,Peach Dusk,Silver Veil,Inked,Ember,Brush Streak,Bare mantle
4131,Inkling #4131,A looping cartoon-squid PFP stacked from painterly trait layers. Minted on Ink.,4131.gif,Indigo Night,No bloom,Giant,Wink,Ink Splash,Kelp Flow
4132,Inkling #4132,A looping cartoon-squid PFP stacked from painterly trait layers. Minted on Ink.,4132.gif,Indigo Night,Violet Haze,Reef,Sleepy,Red Seal,Soft Crown
4133,Inkling #4133,A looping cartoon-squid PFP stacked from painterly trait layers. Minted on Ink.,4133.gif,Wine Paper,Coral Glow,Firefly,Lidded,Clean mantle,Pearl Cluster
4134,Inkling #4134,A looping cartoon-squid PFP stacked from painterly trait layers. Minted on Ink.,4134.gif,Indigo Night,Violet Haze,Reef,Dew,Brush Streak,Bare mantle
4135,Inkling #4135,A looping cartoon-squid PFP stacked from painterly trait layers. Minted on Ink.,4135.gif,Storm Grey,No bloom,Giant,Ember,Clean mantle,Bare mantle
4136,Inkling #4136,A looping cartoon-squid PFP stacked from painterly trait layers. Minted on Ink.,4136.gif,Peach Dusk,No bloom,Bobtail,Ember,Slow Drip,Wash Hood
4137,Inkling #4137,A looping cartoon-squid PFP stacked from painterly trait layers. Minted on Ink.,4137.gif,Indigo Night,Silver Veil,Firefly,Dew,Clean mantle,Bare mantle
4138,Inkling #4138,A looping cartoon-squid PFP stacked from painterly trait layers. Minted on Ink.,4138.gif,Charcoal Wash,Teal Mist,Reef,Bright,Red Seal,Bare mantle
4139,Inkling #4139,A looping cartoon-squid PFP stacked from painterly trait layers. Minted on Ink.,4139.gif,Wine Paper,Gold Wash,Dumbo,Ember,Slow Drip,Ink Ribbon
4140,Inkling #4140,A looping cartoon-squid PFP stacked from painterly trait layers. Minted on Ink.,4140.gif,Storm Grey,No bloom,Bobtail,Bright,Ink Splash,Bare mantle
4141,Inkling #4141,A looping cartoon-squid PFP stacked from painterly trait layers. Minted on Ink.,4141.gif,Rose Gold,Violet Haze,Bobtail,Bright,Clean mantle,Ink Ribbon
4142,Inkling #4142,A looping cartoon-squid PFP stacked from painterly trait layers. Minted on Ink.,4142.gif,Celadon Garden,Coral Glow,Inked,Ember,Red Seal,Kelp Flow
4143,Inkling #4143,A looping cartoon-squid PFP stacked from painterly trait layers. Minted on Ink.,4143.gif,Wine Paper,No bloom,Giant,Ember,Slow Drip,Pearl Cluster
4144,Inkling #4144,A looping cartoon-squid PFP stacked from painterly trait layers. Minted on Ink.,4144.gif,Charcoal Wash,Gold Wash,Firefly,Lidded,Ink Splash,Bare mantle
4145,Inkling #4145,A looping cartoon-squid PFP stacked from painterly trait layers. Minted on Ink.,4145.gif,Indigo Night,Gold Wash,Glass,Bright,Slow Drip,Kelp Flow
4146,Inkling #4146,A looping cartoon-squid PFP stacked from painterly trait layers. Minted on Ink.,4146.gif,Celadon Garden,Gold Wash,Firefly,Sleepy,Ink Splash,Wash Hood
4147,Inkling #4147,A looping cartoon-squid PFP stacked from painterly trait layers. Minted on Ink.,4147.gif,Indigo Night,Gold Wash,Glass,Lidded,Clean mantle,Wash Hood
4148,Inkling #4148,A looping cartoon-squid PFP stacked from painterly trait layers. Minted on Ink.,4148.gif,Cream Rice,Coral Glow,Dumbo,Bright,Slow Drip,Kelp Flow
4149,Inkling #4149,A looping cartoon-squid PFP stacked from painterly trait layers. Minted on Ink.,4149.gif,Peach Dusk,No bloom,Cuttle,Wink,Ink Splash,Ink Ribbon
4150,Inkling #4150,A looping cartoon-squid PFP stacked from painterly trait layers. Minted on Ink.,4150.gif,Cream Rice,Silver Veil,Dumbo,Ember,Clean mantle,Bare mantle
4151,Inkling #4151,A looping cartoon-squid PFP stacked from painterly trait layers. Minted on Ink.,4151.gif,Peach Dusk,Violet Haze,Giant,Lidded,Clean mantle,Ink Ribbon
4152,Inkling #4152,A looping cartoon-squid PFP stacked from painterly trait layers. Minted on Ink.,4152.gif,Rose Gold,Teal Mist,Glass,Dew,Brush Streak,Kelp Flow
4153,Inkling #4153,A looping cartoon-squid PFP stacked from painterly trait layers. Minted on Ink.,4153.gif,Peach Dusk,No bloom,Reef,Wink,Clean mantle,Kelp Flow
4154,Inkling #4154,A looping cartoon-squid PFP stacked from painterly trait layers. Minted on Ink.,4154.gif,Indigo Night,Violet Haze,Inked,Lidded,Red Seal,Soft Crown
4155,Inkling #4155,A looping cartoon-squid PFP stacked from painterly trait layers. Minted on Ink.,4155.gif,Wine Paper,Silver Veil,Dumbo,Lidded,Slow Drip,Wash Hood
4156,Inkling #4156,A looping cartoon-squid PFP stacked from painterly trait layers. Minted on Ink.,4156.gif,Cream Rice,Violet Haze,Glass,Ember,Brush Streak,Kelp Flow
4157,Inkling #4157,A looping cartoon-squid PFP stacked from painterly trait layers. Minted on Ink.,4157.gif,Cream Rice,Teal Mist,Reef,Dew,Red Seal,Bare mantle
4158,Inkling #4158,A looping cartoon-squid PFP stacked from painterly trait layers. Minted on Ink.,4158.gif,Wine Paper,Silver Veil,Firefly,Wink,Brush Streak,Ink Ribbon
4159,Inkling #4159,A looping cartoon-squid PFP stacked from painterly trait layers. Minted on Ink.,4159.gif,Storm Grey,No bloom,Firefly,Sleepy,Ink Splash,Soft Crown
4160,Inkling #4160,A looping cartoon-squid PFP stacked from painterly trait layers. Minted on Ink.,4160.gif,Storm Grey,Coral Glow,Cuttle,Wink,Clean mantle,Bare mantle
4161,Inkling #4161,A looping cartoon-squid PFP stacked from painterly trait layers. Minted on Ink.,4161.gif,Wine Paper,No bloom,Bobtail,Wink,Clean mantle,Ink Ribbon
4162,Inkling #4162,A looping cartoon-squid PFP stacked from painterly trait layers. Minted on Ink.,4162.gif,Cream Rice,Gold Wash,Dumbo,Lidded,Red Seal,Pearl Cluster
4163,Inkling #4163,A looping cartoon-squid PFP stacked from painterly trait layers. Minted on Ink.,4163.gif,Celadon Garden,Teal Mist,Bobtail,Wink,Brush Streak,Kelp Flow
4164,Inkling #4164,A looping cartoon-squid PFP stacked from painterly trait layers. Minted on Ink.,4164.gif,Celadon Garden,Gold Wash,Firefly,Sleepy,Clean mantle,Bare mantle
4165,Inkling #4165,A looping cartoon-squid PFP stacked from painterly trait layers. Minted on Ink.,4165.gif,Rose Gold,Violet Haze,Cuttle,Bright,Ink Splash,Soft Crown
4166,Inkling #4166,A looping cartoon-squid PFP stacked from painterly trait layers. Minted on Ink.,4166.gif,Peach Dusk,No bloom,Inked,Wink,Ink Splash,Pearl Cluster
4167,Inkling #4167,A looping cartoon-squid PFP stacked from painterly trait layers. Minted on Ink.,4167.gif,Charcoal Wash,No bloom,Dumbo,Bright,Clean mantle,Ink Ribbon
4168,Inkling #4168,A looping cartoon-squid PFP stacked from painterly trait layers. Minted on Ink.,4168.gif,Cream Rice,Gold Wash,Firefly,Wink,Red Seal,Kelp Flow
4169,Inkling #4169,A looping cartoon-squid PFP stacked from painterly trait layers. Minted on Ink.,4169.gif,Peach Dusk,Coral Glow,Inked,Ember,Red Seal,Ink Ribbon
4170,Inkling #4170,A looping cartoon-squid PFP stacked from painterly trait layers. Minted on Ink.,4170.gif,Cream Rice,Teal Mist,Giant,Lidded,Red Seal,Soft Crown
4171,Inkling #4171,A looping cartoon-squid PFP stacked from painterly trait layers. Minted on Ink.,4171.gif,Peach Dusk,Violet Haze,Cuttle,Ember,Clean mantle,Wash Hood
4172,Inkling #4172,A looping cartoon-squid PFP stacked from painterly trait layers. Minted on Ink.,4172.gif,Cream Rice,Violet Haze,Reef,Bright,Brush Streak,Kelp Flow
4173,Inkling #4173,A looping cartoon-squid PFP stacked from painterly trait layers. Minted on Ink.,4173.gif,Wine Paper,Teal Mist,Firefly,Bright,Red Seal,Ink Ribbon
4174,Inkling #4174,A looping cartoon-squid PFP stacked from painterly trait layers. Minted on Ink.,4174.gif,Wine Paper,Teal Mist,Reef,Wink,Ink Splash,Soft Crown
4175,Inkling #4175,A looping cartoon-squid PFP stacked from painterly trait layers. Minted on Ink.,4175.gif,Storm Grey,Violet Haze,Glass,Wink,Red Seal,Ink Ribbon
4176,Inkling #4176,A looping cartoon-squid PFP stacked from painterly trait layers. Minted on Ink.,4176.gif,Indigo Night,No bloom,Cuttle,Lidded,Ink Splash,Bare mantle
4177,Inkling #4177,A looping cartoon-squid PFP stacked from painterly trait layers. Minted on Ink.,4177.gif,Peach Dusk,Violet Haze,Inked,Lidded,Ink Splash,Pearl Cluster
4178,Inkling #4178,A looping cartoon-squid PFP stacked from painterly trait layers. Minted on Ink.,4178.gif,Indigo Night,Teal Mist,Cuttle,Lidded,Red Seal,Soft Crown
4179,Inkling #4179,A looping cartoon-squid PFP stacked from painterly trait layers. Minted on Ink.,4179.gif,Indigo Night,Teal Mist,Cuttle,Ember,Ink Splash,Bare mantle
4180,Inkling #4180,A looping cartoon-squid PFP stacked from painterly trait layers. Minted on Ink.,4180.gif,Charcoal Wash,Silver Veil,Giant,Lidded,Slow Drip,Soft Crown
4181,Inkling #4181,A looping cartoon-squid PFP stacked from painterly trait layers. Minted on Ink.,4181.gif,Rose Gold,Teal Mist,Reef,Lidded,Red Seal,Bare mantle
4182,Inkling #4182,A looping cartoon-squid PFP stacked from painterly trait layers. Minted on Ink.,4182.gif,Peach Dusk,Violet Haze,Reef,Sleepy,Slow Drip,Soft Crown
4183,Inkling #4183,A looping cartoon-squid PFP stacked from painterly trait layers. Minted on Ink.,4183.gif,Rose Gold,Violet Haze,Inked,Bright,Red Seal,Ink Ribbon
4184,Inkling #4184,A looping cartoon-squid PFP stacked from painterly trait layers. Minted on Ink.,4184.gif,Peach Dusk,No bloom,Inked,Sleepy,Clean mantle,Bare mantle
4185,Inkling #4185,A looping cartoon-squid PFP stacked from painterly trait layers. Minted on Ink.,4185.gif,Wine Paper,Teal Mist,Inked,Lidded,Clean mantle,Kelp Flow
4186,Inkling #4186,A looping cartoon-squid PFP stacked from painterly trait layers. Minted on Ink.,4186.gif,Celadon Garden,Silver Veil,Bobtail,Dew,Red Seal,Pearl Cluster
4187,Inkling #4187,A looping cartoon-squid PFP stacked from painterly trait layers. Minted on Ink.,4187.gif,Peach Dusk,Gold Wash,Reef,Lidded,Clean mantle,Soft Crown
4188,Inkling #4188,A looping cartoon-squid PFP stacked from painterly trait layers. Minted on Ink.,4188.gif,Storm Grey,Teal Mist,Bobtail,Lidded,Slow Drip,Pearl Cluster
4189,Inkling #4189,A looping cartoon-squid PFP stacked from painterly trait layers. Minted on Ink.,4189.gif,Rose Gold,Silver Veil,Bobtail,Ember,Clean mantle,Kelp Flow
4190,Inkling #4190,A looping cartoon-squid PFP stacked from painterly trait layers. Minted on Ink.,4190.gif,Charcoal Wash,Silver Veil,Firefly,Bright,Brush Streak,Soft Crown
4191,Inkling #4191,A looping cartoon-squid PFP stacked from painterly trait layers. Minted on Ink.,4191.gif,Cream Rice,Coral Glow,Giant,Dew,Brush Streak,Pearl Cluster
4192,Inkling #4192,A looping cartoon-squid PFP stacked from painterly trait layers. Minted on Ink.,4192.gif,Celadon Garden,Violet Haze,Glass,Bright,Ink Splash,Bare mantle
4193,Inkling #4193,A looping cartoon-squid PFP stacked from painterly trait layers. Minted on Ink.,4193.gif,Peach Dusk,Gold Wash,Firefly,Wink,Clean mantle,Ink Ribbon
4194,Inkling #4194,A looping cartoon-squid PFP stacked from painterly trait layers. Minted on Ink.,4194.gif,Celadon Garden,Gold Wash,Dumbo,Bright,Red Seal,Bare mantle
4195,Inkling #4195,A looping cartoon-squid PFP stacked from painterly trait layers. Minted on Ink.,4195.gif,Celadon Garden,Coral Glow,Dumbo,Lidded,Slow Drip,Wash Hood
4196,Inkling #4196,A looping cartoon-squid PFP stacked from painterly trait layers. Minted on Ink.,4196.gif,Rose Gold,No bloom,Dumbo,Ember,Slow Drip,Ink Ribbon
4197,Inkling #4197,A looping cartoon-squid PFP stacked from painterly trait layers. Minted on Ink.,4197.gif,Indigo Night,Gold Wash,Bobtail,Sleepy,Ink Splash,Bare mantle
4198,Inkling #4198,A looping cartoon-squid PFP stacked from painterly trait layers. Minted on Ink.,4198.gif,Wine Paper,No bloom,Cuttle,Lidded,Ink Splash,Wash Hood
4199,Inkling #4199,A looping cartoon-squid PFP stacked from painterly trait layers. Minted on Ink.,4199.gif,Rose Gold,Gold Wash,Inked,Ember,Clean mantle,Bare mantle
4200,Inkling #4200,A looping cartoon-squid PFP stacked from painterly trait layers. Minted on Ink.,4200.gif,Indigo Night,Teal Mist,Giant,Ember,Ink Splash,Soft Crown
4201,Inkling #4201,A looping cartoon-squid PFP stacked from painterly trait layers. Minted on Ink.,4201.gif,Peach Dusk,No bloom,Cuttle,Wink,Slow Drip,Bare mantle
4202,Inkling #4202,A looping cartoon-squid PFP stacked from painterly trait layers. Minted on Ink.,4202.gif,Storm Grey,Gold Wash,Reef,Lidded,Clean mantle,Kelp Flow
4203,Inkling #4203,A looping cartoon-squid PFP stacked from painterly trait layers. Minted on Ink.,4203.gif,Cream Rice,Teal Mist,Cuttle,Wink,Red Seal,Pearl Cluster
4204,Inkling #4204,A looping cartoon-squid PFP stacked from painterly trait layers. Minted on Ink.,4204.gif,Cream Rice,Gold Wash,Cuttle,Sleepy,Ink Splash,Wash Hood
4205,Inkling #4205,A looping cartoon-squid PFP stacked from painterly trait layers. Minted on Ink.,4205.gif,Peach Dusk,Coral Glow,Reef,Lidded,Slow Drip,Wash Hood
4206,Inkling #4206,A looping cartoon-squid PFP stacked from painterly trait layers. Minted on Ink.,4206.gif,Peach Dusk,Teal Mist,Cuttle,Lidded,Clean mantle,Kelp Flow
4207,Inkling #4207,A looping cartoon-squid PFP stacked from painterly trait layers. Minted on Ink.,4207.gif,Peach Dusk,No bloom,Dumbo,Lidded,Brush Streak,Kelp Flow
4208,Inkling #4208,A looping cartoon-squid PFP stacked from painterly trait layers. Minted on Ink.,4208.gif,Indigo Night,No bloom,Glass,Lidded,Clean mantle,Kelp Flow
4209,Inkling #4209,A looping cartoon-squid PFP stacked from painterly trait layers. Minted on Ink.,4209.gif,Charcoal Wash,Gold Wash,Glass,Wink,Clean mantle,Pearl Cluster
4210,Inkling #4210,A looping cartoon-squid PFP stacked from painterly trait layers. Minted on Ink.,4210.gif,Charcoal Wash,Violet Haze,Firefly,Sleepy,Clean mantle,Pearl Cluster
4211,Inkling #4211,A looping cartoon-squid PFP stacked from painterly trait layers. Minted on Ink.,4211.gif,Indigo Night,Gold Wash,Dumbo,Bright,Brush Streak,Soft Crown
4212,Inkling #4212,A looping cartoon-squid PFP stacked from painterly trait layers. Minted on Ink.,4212.gif,Rose Gold,Violet Haze,Dumbo,Ember,Ink Splash,Bare mantle
4213,Inkling #4213,A looping cartoon-squid PFP stacked from painterly trait layers. Minted on Ink.,4213.gif,Celadon Garden,Coral Glow,Cuttle,Sleepy,Slow Drip,Bare mantle
4214,Inkling #4214,A looping cartoon-squid PFP stacked from painterly trait layers. Minted on Ink.,4214.gif,Indigo Night,Coral Glow,Reef,Dew,Brush Streak,Kelp Flow
4215,Inkling #4215,A looping cartoon-squid PFP stacked from painterly trait layers. Minted on Ink.,4215.gif,Rose Gold,Teal Mist,Cuttle,Lidded,Clean mantle,Soft Crown
4216,Inkling #4216,A looping cartoon-squid PFP stacked from painterly trait layers. Minted on Ink.,4216.gif,Charcoal Wash,Violet Haze,Dumbo,Bright,Slow Drip,Pearl Cluster
4217,Inkling #4217,A looping cartoon-squid PFP stacked from painterly trait layers. Minted on Ink.,4217.gif,Peach Dusk,Silver Veil,Giant,Lidded,Clean mantle,Bare mantle
4218,Inkling #4218,A looping cartoon-squid PFP stacked from painterly trait layers. Minted on Ink.,4218.gif,Wine Paper,Gold Wash,Reef,Dew,Ink Splash,Ink Ribbon
4219,Inkling #4219,A looping cartoon-squid PFP stacked from painterly trait layers. Minted on Ink.,4219.gif,Wine Paper,Gold Wash,Bobtail,Lidded,Ink Splash,Bare mantle
4220,Inkling #4220,A looping cartoon-squid PFP stacked from painterly trait layers. Minted on Ink.,4220.gif,Cream Rice,Gold Wash,Bobtail,Bright,Red Seal,Bare mantle
4221,Inkling #4221,A looping cartoon-squid PFP stacked from painterly trait layers. Minted on Ink.,4221.gif,Indigo Night,No bloom,Glass,Bright,Clean mantle,Ink Ribbon
4222,Inkling #4222,A looping cartoon-squid PFP stacked from painterly trait layers. Minted on Ink.,4222.gif,Cream Rice,Teal Mist,Dumbo,Lidded,Clean mantle,Wash Hood
4223,Inkling #4223,A looping cartoon-squid PFP stacked from painterly trait layers. Minted on Ink.,4223.gif,Wine Paper,No bloom,Firefly,Sleepy,Clean mantle,Soft Crown
4224,Inkling #4224,A looping cartoon-squid PFP stacked from painterly trait layers. Minted on Ink.,4224.gif,Storm Grey,Gold Wash,Giant,Lidded,Red Seal,Kelp Flow
4225,Inkling #4225,A looping cartoon-squid PFP stacked from painterly trait layers. Minted on Ink.,4225.gif,Storm Grey,No bloom,Glass,Dew,Clean mantle,Wash Hood
4226,Inkling #4226,A looping cartoon-squid PFP stacked from painterly trait layers. Minted on Ink.,4226.gif,Peach Dusk,Silver Veil,Firefly,Wink,Clean mantle,Pearl Cluster
4227,Inkling #4227,A looping cartoon-squid PFP stacked from painterly trait layers. Minted on Ink.,4227.gif,Indigo Night,Coral Glow,Glass,Ember,Ink Splash,Ink Ribbon
4228,Inkling #4228,A looping cartoon-squid PFP stacked from painterly trait layers. Minted on Ink.,4228.gif,Rose Gold,No bloom,Giant,Wink,Slow Drip,Ink Ribbon
4229,Inkling #4229,A looping cartoon-squid PFP stacked from painterly trait layers. Minted on Ink.,4229.gif,Rose Gold,Gold Wash,Firefly,Ember,Red Seal,Kelp Flow
4230,Inkling #4230,A looping cartoon-squid PFP stacked from painterly trait layers. Minted on Ink.,4230.gif,Wine Paper,Gold Wash,Dumbo,Bright,Clean mantle,Bare mantle
4231,Inkling #4231,A looping cartoon-squid PFP stacked from painterly trait layers. Minted on Ink.,4231.gif,Celadon Garden,Coral Glow,Dumbo,Ember,Ink Splash,Pearl Cluster
4232,Inkling #4232,A looping cartoon-squid PFP stacked from painterly trait layers. Minted on Ink.,4232.gif,Charcoal Wash,No bloom,Glass,Bright,Clean mantle,Wash Hood
4233,Inkling #4233,A looping cartoon-squid PFP stacked from painterly trait layers. Minted on Ink.,4233.gif,Indigo Night,Coral Glow,Reef,Wink,Clean mantle,Soft Crown
4234,Inkling #4234,A looping cartoon-squid PFP stacked from painterly trait layers. Minted on Ink.,4234.gif,Rose Gold,Coral Glow,Firefly,Dew,Ink Splash,Bare mantle
4235,Inkling #4235,A looping cartoon-squid PFP stacked from painterly trait layers. Minted on Ink.,4235.gif,Indigo Night,Teal Mist,Dumbo,Dew,Clean mantle,Ink Ribbon
4236,Inkling #4236,A looping cartoon-squid PFP stacked from painterly trait layers. Minted on Ink.,4236.gif,Wine Paper,Violet Haze,Inked,Bright,Slow Drip,Ink Ribbon
4237,Inkling #4237,A looping cartoon-squid PFP stacked from painterly trait layers. Minted on Ink.,4237.gif,Indigo Night,Gold Wash,Firefly,Lidded,Ink Splash,Kelp Flow
4238,Inkling #4238,A looping cartoon-squid PFP stacked from painterly trait layers. Minted on Ink.,4238.gif,Celadon Garden,Teal Mist,Bobtail,Lidded,Slow Drip,Soft Crown
4239,Inkling #4239,A looping cartoon-squid PFP stacked from painterly trait layers. Minted on Ink.,4239.gif,Peach Dusk,Teal Mist,Bobtail,Wink,Clean mantle,Soft Crown
4240,Inkling #4240,A looping cartoon-squid PFP stacked from painterly trait layers. Minted on Ink.,4240.gif,Charcoal Wash,Silver Veil,Bobtail,Bright,Slow Drip,Soft Crown
4241,Inkling #4241,A looping cartoon-squid PFP stacked from painterly trait layers. Minted on Ink.,4241.gif,Cream Rice,Silver Veil,Glass,Bright,Red Seal,Wash Hood
4242,Inkling #4242,A looping cartoon-squid PFP stacked from painterly trait layers. Minted on Ink.,4242.gif,Charcoal Wash,Violet Haze,Bobtail,Sleepy,Slow Drip,Pearl Cluster
4243,Inkling #4243,A looping cartoon-squid PFP stacked from painterly trait layers. Minted on Ink.,4243.gif,Charcoal Wash,Gold Wash,Cuttle,Lidded,Clean mantle,Ink Ribbon
4244,Inkling #4244,A looping cartoon-squid PFP stacked from painterly trait layers. Minted on Ink.,4244.gif,Cream Rice,Gold Wash,Cuttle,Bright,Clean mantle,Kelp Flow
4245,Inkling #4245,A looping cartoon-squid PFP stacked from painterly trait layers. Minted on Ink.,4245.gif,Wine Paper,No bloom,Firefly,Lidded,Clean mantle,Wash Hood
4246,Inkling #4246,A looping cartoon-squid PFP stacked from painterly trait layers. Minted on Ink.,4246.gif,Cream Rice,Violet Haze,Glass,Sleepy,Ink Splash,Ink Ribbon
4247,Inkling #4247,A looping cartoon-squid PFP stacked from painterly trait layers. Minted on Ink.,4247.gif,Celadon Garden,Violet Haze,Dumbo,Bright,Ink Splash,Ink Ribbon
4248,Inkling #4248,A looping cartoon-squid PFP stacked from painterly trait layers. Minted on Ink.,4248.gif,Charcoal Wash,Gold Wash,Bobtail,Sleepy,Slow Drip,Pearl Cluster
4249,Inkling #4249,A looping cartoon-squid PFP stacked from painterly trait layers. Minted on Ink.,4249.gif,Rose Gold,Coral Glow,Reef,Wink,Brush Streak,Pearl Cluster
4250,Inkling #4250,A looping cartoon-squid PFP stacked from painterly trait layers. Minted on Ink.,4250.gif,Celadon Garden,Coral Glow,Glass,Bright,Clean mantle,Bare mantle
4251,Inkling #4251,A looping cartoon-squid PFP stacked from painterly trait layers. Minted on Ink.,4251.gif,Indigo Night,No bloom,Bobtail,Ember,Clean mantle,Wash Hood
4252,Inkling #4252,A looping cartoon-squid PFP stacked from painterly trait layers. Minted on Ink.,4252.gif,Storm Grey,Silver Veil,Giant,Sleepy,Ink Splash,Wash Hood
4253,Inkling #4253,A looping cartoon-squid PFP stacked from painterly trait layers. Minted on Ink.,4253.gif,Wine Paper,No bloom,Cuttle,Sleepy,Clean mantle,Bare mantle
4254,Inkling #4254,A looping cartoon-squid PFP stacked from painterly trait layers. Minted on Ink.,4254.gif,Peach Dusk,Violet Haze,Reef,Dew,Clean mantle,Pearl Cluster
4255,Inkling #4255,A looping cartoon-squid PFP stacked from painterly trait layers. Minted on Ink.,4255.gif,Celadon Garden,Coral Glow,Bobtail,Wink,Ink Splash,Ink Ribbon
4256,Inkling #4256,A looping cartoon-squid PFP stacked from painterly trait layers. Minted on Ink.,4256.gif,Wine Paper,Coral Glow,Cuttle,Sleepy,Ink Splash,Ink Ribbon
4257,Inkling #4257,A looping cartoon-squid PFP stacked from painterly trait layers. Minted on Ink.,4257.gif,Cream Rice,No bloom,Cuttle,Dew,Slow Drip,Kelp Flow
4258,Inkling #4258,A looping cartoon-squid PFP stacked from painterly trait layers. Minted on Ink.,4258.gif,Celadon Garden,No bloom,Giant,Sleepy,Brush Streak,Wash Hood
4259,Inkling #4259,A looping cartoon-squid PFP stacked from painterly trait layers. Minted on Ink.,4259.gif,Cream Rice,Teal Mist,Cuttle,Ember,Slow Drip,Ink Ribbon
4260,Inkling #4260,A looping cartoon-squid PFP stacked from painterly trait layers. Minted on Ink.,4260.gif,Peach Dusk,No bloom,Inked,Bright,Ink Splash,Kelp Flow
4261,Inkling #4261,A looping cartoon-squid PFP stacked from painterly trait layers. Minted on Ink.,4261.gif,Indigo Night,Teal Mist,Giant,Wink,Ink Splash,Ink Ribbon
4262,Inkling #4262,A looping cartoon-squid PFP stacked from painterly trait layers. Minted on Ink.,4262.gif,Wine Paper,Gold Wash,Firefly,Wink,Clean mantle,Ink Ribbon
4263,Inkling #4263,A looping cartoon-squid PFP stacked from painterly trait layers. Minted on Ink.,4263.gif,Cream Rice,Silver Veil,Giant,Wink,Clean mantle,Bare mantle
4264,Inkling #4264,A looping cartoon-squid PFP stacked from painterly trait layers. Minted on Ink.,4264.gif,Rose Gold,Teal Mist,Reef,Bright,Slow Drip,Wash Hood
4265,Inkling #4265,A looping cartoon-squid PFP stacked from painterly trait layers. Minted on Ink.,4265.gif,Peach Dusk,Gold Wash,Dumbo,Sleepy,Slow Drip,Pearl Cluster
4266,Inkling #4266,A looping cartoon-squid PFP stacked from painterly trait layers. Minted on Ink.,4266.gif,Storm Grey,Gold Wash,Inked,Bright,Ink Splash,Bare mantle
4267,Inkling #4267,A looping cartoon-squid PFP stacked from painterly trait layers. Minted on Ink.,4267.gif,Indigo Night,Violet Haze,Reef,Wink,Brush Streak,Pearl Cluster
4268,Inkling #4268,A looping cartoon-squid PFP stacked from painterly trait layers. Minted on Ink.,4268.gif,Rose Gold,No bloom,Inked,Wink,Ink Splash,Kelp Flow
4269,Inkling #4269,A looping cartoon-squid PFP stacked from painterly trait layers. Minted on Ink.,4269.gif,Charcoal Wash,Violet Haze,Giant,Wink,Ink Splash,Ink Ribbon
4270,Inkling #4270,A looping cartoon-squid PFP stacked from painterly trait layers. Minted on Ink.,4270.gif,Charcoal Wash,Silver Veil,Firefly,Wink,Brush Streak,Wash Hood
4271,Inkling #4271,A looping cartoon-squid PFP stacked from painterly trait layers. Minted on Ink.,4271.gif,Rose Gold,Gold Wash,Cuttle,Bright,Slow Drip,Kelp Flow
4272,Inkling #4272,A looping cartoon-squid PFP stacked from painterly trait layers. Minted on Ink.,4272.gif,Cream Rice,Gold Wash,Inked,Dew,Ink Splash,Kelp Flow
4273,Inkling #4273,A looping cartoon-squid PFP stacked from painterly trait layers. Minted on Ink.,4273.gif,Cream Rice,Teal Mist,Firefly,Dew,Clean mantle,Wash Hood
4274,Inkling #4274,A looping cartoon-squid PFP stacked from painterly trait layers. Minted on Ink.,4274.gif,Indigo Night,No bloom,Giant,Dew,Clean mantle,Kelp Flow
4275,Inkling #4275,A looping cartoon-squid PFP stacked from painterly trait layers. Minted on Ink.,4275.gif,Peach Dusk,Teal Mist,Bobtail,Lidded,Clean mantle,Soft Crown
4276,Inkling #4276,A looping cartoon-squid PFP stacked from painterly trait layers. Minted on Ink.,4276.gif,Indigo Night,Gold Wash,Firefly,Bright,Clean mantle,Bare mantle
4277,Inkling #4277,A looping cartoon-squid PFP stacked from painterly trait layers. Minted on Ink.,4277.gif,Indigo Night,Gold Wash,Dumbo,Sleepy,Red Seal,Bare mantle
4278,Inkling #4278,A looping cartoon-squid PFP stacked from painterly trait layers. Minted on Ink.,4278.gif,Charcoal Wash,Violet Haze,Bobtail,Lidded,Clean mantle,Pearl Cluster
4279,Inkling #4279,A looping cartoon-squid PFP stacked from painterly trait layers. Minted on Ink.,4279.gif,Rose Gold,Gold Wash,Inked,Wink,Clean mantle,Ink Ribbon
4280,Inkling #4280,A looping cartoon-squid PFP stacked from painterly trait layers. Minted on Ink.,4280.gif,Celadon Garden,Teal Mist,Glass,Ember,Clean mantle,Ink Ribbon
4281,Inkling #4281,A looping cartoon-squid PFP stacked from painterly trait layers. Minted on Ink.,4281.gif,Cream Rice,Coral Glow,Bobtail,Ember,Red Seal,Wash Hood
4282,Inkling #4282,A looping cartoon-squid PFP stacked from painterly trait layers. Minted on Ink.,4282.gif,Indigo Night,Silver Veil,Giant,Wink,Slow Drip,Kelp Flow
4283,Inkling #4283,A looping cartoon-squid PFP stacked from painterly trait layers. Minted on Ink.,4283.gif,Celadon Garden,Violet Haze,Inked,Sleepy,Clean mantle,Pearl Cluster
4284,Inkling #4284,A looping cartoon-squid PFP stacked from painterly trait layers. Minted on Ink.,4284.gif,Indigo Night,Silver Veil,Glass,Sleepy,Brush Streak,Kelp Flow
4285,Inkling #4285,A looping cartoon-squid PFP stacked from painterly trait layers. Minted on Ink.,4285.gif,Peach Dusk,No bloom,Reef,Dew,Clean mantle,Soft Crown
4286,Inkling #4286,A looping cartoon-squid PFP stacked from painterly trait layers. Minted on Ink.,4286.gif,Celadon Garden,Silver Veil,Bobtail,Lidded,Brush Streak,Wash Hood
4287,Inkling #4287,A looping cartoon-squid PFP stacked from painterly trait layers. Minted on Ink.,4287.gif,Charcoal Wash,Gold Wash,Dumbo,Sleepy,Clean mantle,Ink Ribbon
4288,Inkling #4288,A looping cartoon-squid PFP stacked from painterly trait layers. Minted on Ink.,4288.gif,Indigo Night,Teal Mist,Cuttle,Bright,Ink Splash,Ink Ribbon
4289,Inkling #4289,A looping cartoon-squid PFP stacked from painterly trait layers. Minted on Ink.,4289.gif,Celadon Garden,Violet Haze,Glass,Sleepy,Brush Streak,Wash Hood
4290,Inkling #4290,A looping cartoon-squid PFP stacked from painterly trait layers. Minted on Ink.,4290.gif,Charcoal Wash,Gold Wash,Inked,Bright,Brush Streak,Bare mantle
4291,Inkling #4291,A looping cartoon-squid PFP stacked from painterly trait layers. Minted on Ink.,4291.gif,Storm Grey,Gold Wash,Bobtail,Sleepy,Brush Streak,Pearl Cluster
4292,Inkling #4292,A looping cartoon-squid PFP stacked from painterly trait layers. Minted on Ink.,4292.gif,Charcoal Wash,Gold Wash,Firefly,Dew,Slow Drip,Kelp Flow
4293,Inkling #4293,A looping cartoon-squid PFP stacked from painterly trait layers. Minted on Ink.,4293.gif,Indigo Night,Violet Haze,Reef,Ember,Ink Splash,Wash Hood
4294,Inkling #4294,A looping cartoon-squid PFP stacked from painterly trait layers. Minted on Ink.,4294.gif,Storm Grey,Silver Veil,Inked,Dew,Brush Streak,Pearl Cluster
4295,Inkling #4295,A looping cartoon-squid PFP stacked from painterly trait layers. Minted on Ink.,4295.gif,Peach Dusk,No bloom,Dumbo,Wink,Red Seal,Bare mantle
4296,Inkling #4296,A looping cartoon-squid PFP stacked from painterly trait layers. Minted on Ink.,4296.gif,Peach Dusk,Violet Haze,Reef,Ember,Ink Splash,Wash Hood
4297,Inkling #4297,A looping cartoon-squid PFP stacked from painterly trait layers. Minted on Ink.,4297.gif,Peach Dusk,Violet Haze,Firefly,Wink,Brush Streak,Kelp Flow
4298,Inkling #4298,A looping cartoon-squid PFP stacked from painterly trait layers. Minted on Ink.,4298.gif,Wine Paper,Coral Glow,Bobtail,Dew,Slow Drip,Bare mantle
4299,Inkling #4299,A looping cartoon-squid PFP stacked from painterly trait layers. Minted on Ink.,4299.gif,Rose Gold,Silver Veil,Firefly,Ember,Brush Streak,Soft Crown
4300,Inkling #4300,A looping cartoon-squid PFP stacked from painterly trait layers. Minted on Ink.,4300.gif,Wine Paper,No bloom,Bobtail,Dew,Clean mantle,Kelp Flow
4301,Inkling #4301,A looping cartoon-squid PFP stacked from painterly trait layers. Minted on Ink.,4301.gif,Charcoal Wash,Violet Haze,Bobtail,Bright,Clean mantle,Pearl Cluster
4302,Inkling #4302,A looping cartoon-squid PFP stacked from painterly trait layers. Minted on Ink.,4302.gif,Wine Paper,Coral Glow,Cuttle,Bright,Red Seal,Wash Hood
4303,Inkling #4303,A looping cartoon-squid PFP stacked from painterly trait layers. Minted on Ink.,4303.gif,Peach Dusk,No bloom,Dumbo,Dew,Slow Drip,Bare mantle
4304,Inkling #4304,A looping cartoon-squid PFP stacked from painterly trait layers. Minted on Ink.,4304.gif,Charcoal Wash,Violet Haze,Reef,Wink,Clean mantle,Pearl Cluster
4305,Inkling #4305,A looping cartoon-squid PFP stacked from painterly trait layers. Minted on Ink.,4305.gif,Charcoal Wash,Gold Wash,Inked,Lidded,Slow Drip,Ink Ribbon
4306,Inkling #4306,A looping cartoon-squid PFP stacked from painterly trait layers. Minted on Ink.,4306.gif,Celadon Garden,No bloom,Reef,Dew,Clean mantle,Kelp Flow
4307,Inkling #4307,A looping cartoon-squid PFP stacked from painterly trait layers. Minted on Ink.,4307.gif,Wine Paper,No bloom,Glass,Dew,Slow Drip,Soft Crown
4308,Inkling #4308,A looping cartoon-squid PFP stacked from painterly trait layers. Minted on Ink.,4308.gif,Peach Dusk,Violet Haze,Bobtail,Wink,Clean mantle,Wash Hood
4309,Inkling #4309,A looping cartoon-squid PFP stacked from painterly trait layers. Minted on Ink.,4309.gif,Cream Rice,No bloom,Bobtail,Dew,Clean mantle,Wash Hood
4310,Inkling #4310,A looping cartoon-squid PFP stacked from painterly trait layers. Minted on Ink.,4310.gif,Indigo Night,Gold Wash,Inked,Wink,Brush Streak,Bare mantle
4311,Inkling #4311,A looping cartoon-squid PFP stacked from painterly trait layers. Minted on Ink.,4311.gif,Wine Paper,Teal Mist,Dumbo,Ember,Red Seal,Ink Ribbon
4312,Inkling #4312,A looping cartoon-squid PFP stacked from painterly trait layers. Minted on Ink.,4312.gif,Peach Dusk,Violet Haze,Cuttle,Dew,Clean mantle,Pearl Cluster
4313,Inkling #4313,A looping cartoon-squid PFP stacked from painterly trait layers. Minted on Ink.,4313.gif,Storm Grey,Gold Wash,Bobtail,Bright,Slow Drip,Kelp Flow
4314,Inkling #4314,A looping cartoon-squid PFP stacked from painterly trait layers. Minted on Ink.,4314.gif,Charcoal Wash,No bloom,Reef,Dew,Red Seal,Bare mantle
4315,Inkling #4315,A looping cartoon-squid PFP stacked from painterly trait layers. Minted on Ink.,4315.gif,Indigo Night,Silver Veil,Bobtail,Wink,Clean mantle,Ink Ribbon
4316,Inkling #4316,A looping cartoon-squid PFP stacked from painterly trait layers. Minted on Ink.,4316.gif,Charcoal Wash,No bloom,Glass,Bright,Brush Streak,Soft Crown
4317,Inkling #4317,A looping cartoon-squid PFP stacked from painterly trait layers. Minted on Ink.,4317.gif,Charcoal Wash,Coral Glow,Dumbo,Ember,Ink Splash,Kelp Flow
4318,Inkling #4318,A looping cartoon-squid PFP stacked from painterly trait layers. Minted on Ink.,4318.gif,Cream Rice,Violet Haze,Inked,Wink,Brush Streak,Pearl Cluster
4319,Inkling #4319,A looping cartoon-squid PFP stacked from painterly trait layers. Minted on Ink.,4319.gif,Storm Grey,Violet Haze,Bobtail,Wink,Clean mantle,Pearl Cluster
4320,Inkling #4320,A looping cartoon-squid PFP stacked from painterly trait layers. Minted on Ink.,4320.gif,Charcoal Wash,No bloom,Dumbo,Sleepy,Clean mantle,Bare mantle
4321,Inkling #4321,A looping cartoon-squid PFP stacked from painterly trait layers. Minted on Ink.,4321.gif,Cream Rice,Gold Wash,Reef,Ember,Slow Drip,Kelp Flow
4322,Inkling #4322,A looping cartoon-squid PFP stacked from painterly trait layers. Minted on Ink.,4322.gif,Indigo Night,No bloom,Bobtail,Dew,Brush Streak,Soft Crown
4323,Inkling #4323,A looping cartoon-squid PFP stacked from painterly trait layers. Minted on Ink.,4323.gif,Rose Gold,Violet Haze,Glass,Bright,Brush Streak,Soft Crown
4324,Inkling #4324,A looping cartoon-squid PFP stacked from painterly trait layers. Minted on Ink.,4324.gif,Wine Paper,No bloom,Cuttle,Bright,Slow Drip,Bare mantle
4325,Inkling #4325,A looping cartoon-squid PFP stacked from painterly trait layers. Minted on Ink.,4325.gif,Storm Grey,No bloom,Glass,Lidded,Ink Splash,Ink Ribbon
4326,Inkling #4326,A looping cartoon-squid PFP stacked from painterly trait layers. Minted on Ink.,4326.gif,Storm Grey,Violet Haze,Inked,Bright,Clean mantle,Kelp Flow
4327,Inkling #4327,A looping cartoon-squid PFP stacked from painterly trait layers. Minted on Ink.,4327.gif,Peach Dusk,Violet Haze,Firefly,Sleepy,Clean mantle,Soft Crown
4328,Inkling #4328,A looping cartoon-squid PFP stacked from painterly trait layers. Minted on Ink.,4328.gif,Storm Grey,No bloom,Firefly,Ember,Clean mantle,Wash Hood
4329,Inkling #4329,A looping cartoon-squid PFP stacked from painterly trait layers. Minted on Ink.,4329.gif,Peach Dusk,Coral Glow,Firefly,Ember,Clean mantle,Pearl Cluster
4330,Inkling #4330,A looping cartoon-squid PFP stacked from painterly trait layers. Minted on Ink.,4330.gif,Indigo Night,Coral Glow,Giant,Bright,Clean mantle,Bare mantle
4331,Inkling #4331,A looping cartoon-squid PFP stacked from painterly trait layers. Minted on Ink.,4331.gif,Indigo Night,No bloom,Cuttle,Lidded,Clean mantle,Bare mantle
4332,Inkling #4332,A looping cartoon-squid PFP stacked from painterly trait layers. Minted on Ink.,4332.gif,Wine Paper,No bloom,Dumbo,Dew,Brush Streak,Pearl Cluster
4333,Inkling #4333,A looping cartoon-squid PFP stacked from painterly trait layers. Minted on Ink.,4333.gif,Rose Gold,Gold Wash,Glass,Sleepy,Clean mantle,Bare mantle
4334,Inkling #4334,A looping cartoon-squid PFP stacked from painterly trait layers. Minted on Ink.,4334.gif,Celadon Garden,Violet Haze,Dumbo,Sleepy,Brush Streak,Bare mantle
4335,Inkling #4335,A looping cartoon-squid PFP stacked from painterly trait layers. Minted on Ink.,4335.gif,Celadon Garden,Coral Glow,Bobtail,Sleepy,Clean mantle,Kelp Flow
4336,Inkling #4336,A looping cartoon-squid PFP stacked from painterly trait layers. Minted on Ink.,4336.gif,Wine Paper,Silver Veil,Glass,Dew,Clean mantle,Pearl Cluster
4337,Inkling #4337,A looping cartoon-squid PFP stacked from painterly trait layers. Minted on Ink.,4337.gif,Storm Grey,Coral Glow,Bobtail,Bright,Slow Drip,Wash Hood
4338,Inkling #4338,A looping cartoon-squid PFP stacked from painterly trait layers. Minted on Ink.,4338.gif,Wine Paper,Teal Mist,Bobtail,Ember,Ink Splash,Kelp Flow
4339,Inkling #4339,A looping cartoon-squid PFP stacked from painterly trait layers. Minted on Ink.,4339.gif,Cream Rice,No bloom,Giant,Dew,Ink Splash,Kelp Flow
4340,Inkling #4340,A looping cartoon-squid PFP stacked from painterly trait layers. Minted on Ink.,4340.gif,Storm Grey,No bloom,Bobtail,Sleepy,Clean mantle,Kelp Flow
4341,Inkling #4341,A looping cartoon-squid PFP stacked from painterly trait layers. Minted on Ink.,4341.gif,Charcoal Wash,No bloom,Cuttle,Wink,Clean mantle,Bare mantle
4342,Inkling #4342,A looping cartoon-squid PFP stacked from painterly trait layers. Minted on Ink.,4342.gif,Wine Paper,Teal Mist,Cuttle,Bright,Clean mantle,Ink Ribbon
4343,Inkling #4343,A looping cartoon-squid PFP stacked from painterly trait layers. Minted on Ink.,4343.gif,Indigo Night,Silver Veil,Bobtail,Bright,Clean mantle,Ink Ribbon
4344,Inkling #4344,A looping cartoon-squid PFP stacked from painterly trait layers. Minted on Ink.,4344.gif,Celadon Garden,Gold Wash,Giant,Sleepy,Clean mantle,Soft Crown
4345,Inkling #4345,A looping cartoon-squid PFP stacked from painterly trait layers. Minted on Ink.,4345.gif,Celadon Garden,No bloom,Bobtail,Bright,Clean mantle,Wash Hood
4346,Inkling #4346,A looping cartoon-squid PFP stacked from painterly trait layers. Minted on Ink.,4346.gif,Cream Rice,Violet Haze,Bobtail,Ember,Slow Drip,Kelp Flow
4347,Inkling #4347,A looping cartoon-squid PFP stacked from painterly trait layers. Minted on Ink.,4347.gif,Indigo Night,Coral Glow,Reef,Dew,Ink Splash,Wash Hood
4348,Inkling #4348,A looping cartoon-squid PFP stacked from painterly trait layers. Minted on Ink.,4348.gif,Indigo Night,No bloom,Firefly,Lidded,Ink Splash,Pearl Cluster
4349,Inkling #4349,A looping cartoon-squid PFP stacked from painterly trait layers. Minted on Ink.,4349.gif,Wine Paper,Violet Haze,Glass,Sleepy,Red Seal,Ink Ribbon
4350,Inkling #4350,A looping cartoon-squid PFP stacked from painterly trait layers. Minted on Ink.,4350.gif,Charcoal Wash,Silver Veil,Dumbo,Wink,Clean mantle,Pearl Cluster
4351,Inkling #4351,A looping cartoon-squid PFP stacked from painterly trait layers. Minted on Ink.,4351.gif,Cream Rice,Violet Haze,Inked,Wink,Red Seal,Bare mantle
4352,Inkling #4352,A looping cartoon-squid PFP stacked from painterly trait layers. Minted on Ink.,4352.gif,Storm Grey,Gold Wash,Inked,Bright,Clean mantle,Ink Ribbon
4353,Inkling #4353,A looping cartoon-squid PFP stacked from painterly trait layers. Minted on Ink.,4353.gif,Peach Dusk,Violet Haze,Cuttle,Ember,Clean mantle,Bare mantle
4354,Inkling #4354,A looping cartoon-squid PFP stacked from painterly trait layers. Minted on Ink.,4354.gif,Wine Paper,Gold Wash,Glass,Bright,Clean mantle,Pearl Cluster
4355,Inkling #4355,A looping cartoon-squid PFP stacked from painterly trait layers. Minted on Ink.,4355.gif,Indigo Night,Coral Glow,Reef,Bright,Slow Drip,Soft Crown
4356,Inkling #4356,A looping cartoon-squid PFP stacked from painterly trait layers. Minted on Ink.,4356.gif,Celadon Garden,Silver Veil,Dumbo,Bright,Clean mantle,Ink Ribbon
4357,Inkling #4357,A looping cartoon-squid PFP stacked from painterly trait layers. Minted on Ink.,4357.gif,Cream Rice,Silver Veil,Giant,Wink,Slow Drip,Wash Hood
4358,Inkling #4358,A looping cartoon-squid PFP stacked from painterly trait layers. Minted on Ink.,4358.gif,Storm Grey,Teal Mist,Bobtail,Lidded,Clean mantle,Bare mantle
4359,Inkling #4359,A looping cartoon-squid PFP stacked from painterly trait layers. Minted on Ink.,4359.gif,Storm Grey,No bloom,Inked,Sleepy,Slow Drip,Wash Hood
4360,Inkling #4360,A looping cartoon-squid PFP stacked from painterly trait layers. Minted on Ink.,4360.gif,Charcoal Wash,Coral Glow,Giant,Dew,Brush Streak,Wash Hood
4361,Inkling #4361,A looping cartoon-squid PFP stacked from painterly trait layers. Minted on Ink.,4361.gif,Peach Dusk,Coral Glow,Reef,Wink,Slow Drip,Soft Crown
4362,Inkling #4362,A looping cartoon-squid PFP stacked from painterly trait layers. Minted on Ink.,4362.gif,Wine Paper,Teal Mist,Firefly,Lidded,Clean mantle,Ink Ribbon
4363,Inkling #4363,A looping cartoon-squid PFP stacked from painterly trait layers. Minted on Ink.,4363.gif,Indigo Night,Coral Glow,Cuttle,Wink,Ink Splash,Soft Crown
4364,Inkling #4364,A looping cartoon-squid PFP stacked from painterly trait layers. Minted on Ink.,4364.gif,Peach Dusk,Teal Mist,Dumbo,Bright,Red Seal,Bare mantle
4365,Inkling #4365,A looping cartoon-squid PFP stacked from painterly trait layers. Minted on Ink.,4365.gif,Charcoal Wash,No bloom,Glass,Ember,Clean mantle,Ink Ribbon
4366,Inkling #4366,A looping cartoon-squid PFP stacked from painterly trait layers. Minted on Ink.,4366.gif,Peach Dusk,Violet Haze,Reef,Bright,Clean mantle,Pearl Cluster
4367,Inkling #4367,A looping cartoon-squid PFP stacked from painterly trait layers. Minted on Ink.,4367.gif,Cream Rice,Silver Veil,Cuttle,Bright,Clean mantle,Soft Crown
4368,Inkling #4368,A looping cartoon-squid PFP stacked from painterly trait layers. Minted on Ink.,4368.gif,Peach Dusk,Teal Mist,Cuttle,Lidded,Clean mantle,Wash Hood
4369,Inkling #4369,A looping cartoon-squid PFP stacked from painterly trait layers. Minted on Ink.,4369.gif,Celadon Garden,No bloom,Bobtail,Sleepy,Brush Streak,Bare mantle
4370,Inkling #4370,A looping cartoon-squid PFP stacked from painterly trait layers. Minted on Ink.,4370.gif,Storm Grey,Gold Wash,Cuttle,Wink,Clean mantle,Bare mantle
4371,Inkling #4371,A looping cartoon-squid PFP stacked from painterly trait layers. Minted on Ink.,4371.gif,Wine Paper,Violet Haze,Inked,Sleepy,Clean mantle,Kelp Flow
4372,Inkling #4372,A looping cartoon-squid PFP stacked from painterly trait layers. Minted on Ink.,4372.gif,Wine Paper,Teal Mist,Firefly,Lidded,Clean mantle,Bare mantle
4373,Inkling #4373,A looping cartoon-squid PFP stacked from painterly trait layers. Minted on Ink.,4373.gif,Cream Rice,Teal Mist,Dumbo,Ember,Red Seal,Ink Ribbon
4374,Inkling #4374,A looping cartoon-squid PFP stacked from painterly trait layers. Minted on Ink.,4374.gif,Storm Grey,Violet Haze,Bobtail,Bright,Ink Splash,Kelp Flow
4375,Inkling #4375,A looping cartoon-squid PFP stacked from painterly trait layers. Minted on Ink.,4375.gif,Rose Gold,Coral Glow,Dumbo,Bright,Clean mantle,Soft Crown
4376,Inkling #4376,A looping cartoon-squid PFP stacked from painterly trait layers. Minted on Ink.,4376.gif,Celadon Garden,Teal Mist,Reef,Lidded,Brush Streak,Pearl Cluster
4377,Inkling #4377,A looping cartoon-squid PFP stacked from painterly trait layers. Minted on Ink.,4377.gif,Peach Dusk,Silver Veil,Reef,Bright,Slow Drip,Ink Ribbon
4378,Inkling #4378,A looping cartoon-squid PFP stacked from painterly trait layers. Minted on Ink.,4378.gif,Wine Paper,No bloom,Inked,Sleepy,Slow Drip,Soft Crown
4379,Inkling #4379,A looping cartoon-squid PFP stacked from painterly trait layers. Minted on Ink.,4379.gif,Rose Gold,Silver Veil,Firefly,Sleepy,Red Seal,Wash Hood
4380,Inkling #4380,A looping cartoon-squid PFP stacked from painterly trait layers. Minted on Ink.,4380.gif,Wine Paper,No bloom,Reef,Sleepy,Red Seal,Pearl Cluster
4381,Inkling #4381,A looping cartoon-squid PFP stacked from painterly trait layers. Minted on Ink.,4381.gif,Indigo Night,Teal Mist,Bobtail,Lidded,Ink Splash,Ink Ribbon
4382,Inkling #4382,A looping cartoon-squid PFP stacked from painterly trait layers. Minted on Ink.,4382.gif,Storm Grey,Violet Haze,Firefly,Bright,Ink Splash,Kelp Flow
4383,Inkling #4383,A looping cartoon-squid PFP stacked from painterly trait layers. Minted on Ink.,4383.gif,Rose Gold,Gold Wash,Dumbo,Wink,Clean mantle,Kelp Flow
4384,Inkling #4384,A looping cartoon-squid PFP stacked from painterly trait layers. Minted on Ink.,4384.gif,Rose Gold,No bloom,Bobtail,Dew,Clean mantle,Soft Crown
4385,Inkling #4385,A looping cartoon-squid PFP stacked from painterly trait layers. Minted on Ink.,4385.gif,Charcoal Wash,Coral Glow,Bobtail,Bright,Clean mantle,Soft Crown
4386,Inkling #4386,A looping cartoon-squid PFP stacked from painterly trait layers. Minted on Ink.,4386.gif,Indigo Night,Coral Glow,Dumbo,Sleepy,Ink Splash,Soft Crown
4387,Inkling #4387,A looping cartoon-squid PFP stacked from painterly trait layers. Minted on Ink.,4387.gif,Cream Rice,No bloom,Cuttle,Dew,Clean mantle,Pearl Cluster
4388,Inkling #4388,A looping cartoon-squid PFP stacked from painterly trait layers. Minted on Ink.,4388.gif,Celadon Garden,Violet Haze,Reef,Dew,Ink Splash,Bare mantle
4389,Inkling #4389,A looping cartoon-squid PFP stacked from painterly trait layers. Minted on Ink.,4389.gif,Rose Gold,No bloom,Firefly,Dew,Ink Splash,Soft Crown
4390,Inkling #4390,A looping cartoon-squid PFP stacked from painterly trait layers. Minted on Ink.,4390.gif,Cream Rice,No bloom,Reef,Dew,Slow Drip,Pearl Cluster
4391,Inkling #4391,A looping cartoon-squid PFP stacked from painterly trait layers. Minted on Ink.,4391.gif,Peach Dusk,No bloom,Reef,Lidded,Clean mantle,Ink Ribbon
4392,Inkling #4392,A looping cartoon-squid PFP stacked from painterly trait layers. Minted on Ink.,4392.gif,Wine Paper,Silver Veil,Inked,Bright,Ink Splash,Soft Crown
4393,Inkling #4393,A looping cartoon-squid PFP stacked from painterly trait layers. Minted on Ink.,4393.gif,Cream Rice,Coral Glow,Reef,Wink,Ink Splash,Kelp Flow
4394,Inkling #4394,A looping cartoon-squid PFP stacked from painterly trait layers. Minted on Ink.,4394.gif,Peach Dusk,Silver Veil,Giant,Dew,Clean mantle,Bare mantle
4395,Inkling #4395,A looping cartoon-squid PFP stacked from painterly trait layers. Minted on Ink.,4395.gif,Celadon Garden,Gold Wash,Glass,Ember,Clean mantle,Pearl Cluster
4396,Inkling #4396,A looping cartoon-squid PFP stacked from painterly trait layers. Minted on Ink.,4396.gif,Charcoal Wash,Teal Mist,Cuttle,Lidded,Clean mantle,Ink Ribbon
4397,Inkling #4397,A looping cartoon-squid PFP stacked from painterly trait layers. Minted on Ink.,4397.gif,Celadon Garden,Coral Glow,Firefly,Sleepy,Red Seal,Pearl Cluster
4398,Inkling #4398,A looping cartoon-squid PFP stacked from painterly trait layers. Minted on Ink.,4398.gif,Celadon Garden,Violet Haze,Dumbo,Sleepy,Ink Splash,Pearl Cluster
4399,Inkling #4399,A looping cartoon-squid PFP stacked from painterly trait layers. Minted on Ink.,4399.gif,Indigo Night,Silver Veil,Dumbo,Dew,Clean mantle,Pearl Cluster
4400,Inkling #4400,A looping cartoon-squid PFP stacked from painterly trait layers. Minted on Ink.,4400.gif,Peach Dusk,Teal Mist,Firefly,Ember,Red Seal,Ink Ribbon
4401,Inkling #4401,A looping cartoon-squid PFP stacked from painterly trait layers. Minted on Ink.,4401.gif,Celadon Garden,Silver Veil,Glass,Wink,Slow Drip,Bare mantle
4402,Inkling #4402,A looping cartoon-squid PFP stacked from painterly trait layers. Minted on Ink.,4402.gif,Indigo Night,Violet Haze,Glass,Dew,Clean mantle,Kelp Flow
4403,Inkling #4403,A looping cartoon-squid PFP stacked from painterly trait layers. Minted on Ink.,4403.gif,Peach Dusk,Gold Wash,Dumbo,Dew,Ink Splash,Pearl Cluster
4404,Inkling #4404,A looping cartoon-squid PFP stacked from painterly trait layers. Minted on Ink.,4404.gif,Celadon Garden,Coral Glow,Giant,Sleepy,Clean mantle,Bare mantle
4405,Inkling #4405,A looping cartoon-squid PFP stacked from painterly trait layers. Minted on Ink.,4405.gif,Indigo Night,Gold Wash,Firefly,Sleepy,Slow Drip,Bare mantle
4406,Inkling #4406,A looping cartoon-squid PFP stacked from painterly trait layers. Minted on Ink.,4406.gif,Charcoal Wash,Silver Veil,Giant,Dew,Red Seal,Pearl Cluster
4407,Inkling #4407,A looping cartoon-squid PFP stacked from painterly trait layers. Minted on Ink.,4407.gif,Indigo Night,Coral Glow,Giant,Bright,Slow Drip,Wash Hood
4408,Inkling #4408,A looping cartoon-squid PFP stacked from painterly trait layers. Minted on Ink.,4408.gif,Indigo Night,No bloom,Cuttle,Sleepy,Clean mantle,Pearl Cluster
4409,Inkling #4409,A looping cartoon-squid PFP stacked from painterly trait layers. Minted on Ink.,4409.gif,Charcoal Wash,Violet Haze,Giant,Bright,Clean mantle,Kelp Flow
4410,Inkling #4410,A looping cartoon-squid PFP stacked from painterly trait layers. Minted on Ink.,4410.gif,Celadon Garden,Coral Glow,Glass,Lidded,Ink Splash,Ink Ribbon
4411,Inkling #4411,A looping cartoon-squid PFP stacked from painterly trait layers. Minted on Ink.,4411.gif,Rose Gold,Violet Haze,Bobtail,Dew,Red Seal,Bare mantle
4412,Inkling #4412,A looping cartoon-squid PFP stacked from painterly trait layers. Minted on Ink.,4412.gif,Storm Grey,Teal Mist,Firefly,Ember,Brush Streak,Bare mantle
4413,Inkling #4413,A looping cartoon-squid PFP stacked from painterly trait layers. Minted on Ink.,4413.gif,Celadon Garden,Teal Mist,Cuttle,Sleepy,Brush Streak,Bare mantle
4414,Inkling #4414,A looping cartoon-squid PFP stacked from painterly trait layers. Minted on Ink.,4414.gif,Indigo Night,No bloom,Giant,Lidded,Red Seal,Soft Crown
4415,Inkling #4415,A looping cartoon-squid PFP stacked from painterly trait layers. Minted on Ink.,4415.gif,Storm Grey,Violet Haze,Bobtail,Dew,Clean mantle,Wash Hood
4416,Inkling #4416,A looping cartoon-squid PFP stacked from painterly trait layers. Minted on Ink.,4416.gif,Cream Rice,Silver Veil,Giant,Dew,Slow Drip,Pearl Cluster
4417,Inkling #4417,A looping cartoon-squid PFP stacked from painterly trait layers. Minted on Ink.,4417.gif,Charcoal Wash,Teal Mist,Reef,Lidded,Slow Drip,Soft Crown
4418,Inkling #4418,A looping cartoon-squid PFP stacked from painterly trait layers. Minted on Ink.,4418.gif,Charcoal Wash,Silver Veil,Dumbo,Wink,Clean mantle,Kelp Flow
4419,Inkling #4419,A looping cartoon-squid PFP stacked from painterly trait layers. Minted on Ink.,4419.gif,Cream Rice,Teal Mist,Cuttle,Ember,Clean mantle,Wash Hood
4420,Inkling #4420,A looping cartoon-squid PFP stacked from painterly trait layers. Minted on Ink.,4420.gif,Peach Dusk,Teal Mist,Dumbo,Lidded,Clean mantle,Wash Hood
4421,Inkling #4421,A looping cartoon-squid PFP stacked from painterly trait layers. Minted on Ink.,4421.gif,Charcoal Wash,No bloom,Bobtail,Lidded,Slow Drip,Kelp Flow
4422,Inkling #4422,A looping cartoon-squid PFP stacked from painterly trait layers. Minted on Ink.,4422.gif,Peach Dusk,Coral Glow,Bobtail,Bright,Brush Streak,Kelp Flow
4423,Inkling #4423,A looping cartoon-squid PFP stacked from painterly trait layers. Minted on Ink.,4423.gif,Peach Dusk,Violet Haze,Inked,Sleepy,Clean mantle,Bare mantle
4424,Inkling #4424,A looping cartoon-squid PFP stacked from painterly trait layers. Minted on Ink.,4424.gif,Celadon Garden,Teal Mist,Giant,Wink,Slow Drip,Kelp Flow
4425,Inkling #4425,A looping cartoon-squid PFP stacked from painterly trait layers. Minted on Ink.,4425.gif,Rose Gold,Silver Veil,Reef,Bright,Slow Drip,Ink Ribbon
4426,Inkling #4426,A looping cartoon-squid PFP stacked from painterly trait layers. Minted on Ink.,4426.gif,Indigo Night,Violet Haze,Cuttle,Dew,Clean mantle,Ink Ribbon
4427,Inkling #4427,A looping cartoon-squid PFP stacked from painterly trait layers. Minted on Ink.,4427.gif,Indigo Night,Gold Wash,Cuttle,Ember,Brush Streak,Bare mantle
4428,Inkling #4428,A looping cartoon-squid PFP stacked from painterly trait layers. Minted on Ink.,4428.gif,Indigo Night,Silver Veil,Cuttle,Bright,Red Seal,Ink Ribbon
4429,Inkling #4429,A looping cartoon-squid PFP stacked from painterly trait layers. Minted on Ink.,4429.gif,Charcoal Wash,Teal Mist,Inked,Sleepy,Clean mantle,Pearl Cluster
4430,Inkling #4430,A looping cartoon-squid PFP stacked from painterly trait layers. Minted on Ink.,4430.gif,Celadon Garden,Gold Wash,Bobtail,Dew,Clean mantle,Soft Crown
4431,Inkling #4431,A looping cartoon-squid PFP stacked from painterly trait layers. Minted on Ink.,4431.gif,Peach Dusk,Coral Glow,Reef,Dew,Clean mantle,Ink Ribbon
4432,Inkling #4432,A looping cartoon-squid PFP stacked from painterly trait layers. Minted on Ink.,4432.gif,Charcoal Wash,Violet Haze,Bobtail,Ember,Slow Drip,Wash Hood
4433,Inkling #4433,A looping cartoon-squid PFP stacked from painterly trait layers. Minted on Ink.,4433.gif,Indigo Night,Gold Wash,Bobtail,Sleepy,Red Seal,Pearl Cluster
4434,Inkling #4434,A looping cartoon-squid PFP stacked from painterly trait layers. Minted on Ink.,4434.gif,Indigo Night,No bloom,Firefly,Sleepy,Clean mantle,Pearl Cluster
4435,Inkling #4435,A looping cartoon-squid PFP stacked from painterly trait layers. Minted on Ink.,4435.gif,Rose Gold,No bloom,Reef,Dew,Brush Streak,Bare mantle
4436,Inkling #4436,A looping cartoon-squid PFP stacked from painterly trait layers. Minted on Ink.,4436.gif,Wine Paper,No bloom,Inked,Bright,Clean mantle,Kelp Flow
4437,Inkling #4437,A looping cartoon-squid PFP stacked from painterly trait layers. Minted on Ink.,4437.gif,Indigo Night,Violet Haze,Cuttle,Sleepy,Brush Streak,Wash Hood
4438,Inkling #4438,A looping cartoon-squid PFP stacked from painterly trait layers. Minted on Ink.,4438.gif,Celadon Garden,Violet Haze,Reef,Ember,Red Seal,Soft Crown
4439,Inkling #4439,A looping cartoon-squid PFP stacked from painterly trait layers. Minted on Ink.,4439.gif,Wine Paper,Coral Glow,Cuttle,Bright,Clean mantle,Bare mantle
4440,Inkling #4440,A looping cartoon-squid PFP stacked from painterly trait layers. Minted on Ink.,4440.gif,Indigo Night,Violet Haze,Glass,Lidded,Clean mantle,Soft Crown
4441,Inkling #4441,A looping cartoon-squid PFP stacked from painterly trait layers. Minted on Ink.,4441.gif,Indigo Night,Violet Haze,Giant,Lidded,Brush Streak,Kelp Flow
4442,Inkling #4442,A looping cartoon-squid PFP stacked from painterly trait layers. Minted on Ink.,4442.gif,Peach Dusk,Silver Veil,Bobtail,Wink,Clean mantle,Ink Ribbon
4443,Inkling #4443,A looping cartoon-squid PFP stacked from painterly trait layers. Minted on Ink.,4443.gif,Charcoal Wash,Silver Veil,Firefly,Sleepy,Brush Streak,Bare mantle
4444,Inkling #4444,A looping cartoon-squid PFP stacked from painterly trait layers. Minted on Ink.,4444.gif,Charcoal Wash,Violet Haze,Firefly,Sleepy,Brush Streak,Bare mantle
4445,Inkling #4445,A looping cartoon-squid PFP stacked from painterly trait layers. Minted on Ink.,4445.gif,Celadon Garden,Coral Glow,Bobtail,Sleepy,Slow Drip,Ink Ribbon
4446,Inkling #4446,A looping cartoon-squid PFP stacked from painterly trait layers. Minted on Ink.,4446.gif,Rose Gold,No bloom,Cuttle,Dew,Ink Splash,Pearl Cluster
4447,Inkling #4447,A looping cartoon-squid PFP stacked from painterly trait layers. Minted on Ink.,4447.gif,Peach Dusk,No bloom,Cuttle,Dew,Clean mantle,Soft Crown
4448,Inkling #4448,A looping cartoon-squid PFP stacked from painterly trait layers. Minted on Ink.,4448.gif,Indigo Night,No bloom,Firefly,Wink,Ink Splash,Kelp Flow
4449,Inkling #4449,A looping cartoon-squid PFP stacked from painterly trait layers. Minted on Ink.,4449.gif,Celadon Garden,No bloom,Reef,Lidded,Brush Streak,Wash Hood
4450,Inkling #4450,A looping cartoon-squid PFP stacked from painterly trait layers. Minted on Ink.,4450.gif,Cream Rice,Teal Mist,Giant,Bright,Clean mantle,Pearl Cluster
4451,Inkling #4451,A looping cartoon-squid PFP stacked from painterly trait layers. Minted on Ink.,4451.gif,Indigo Night,No bloom,Dumbo,Bright,Clean mantle,Bare mantle
4452,Inkling #4452,A looping cartoon-squid PFP stacked from painterly trait layers. Minted on Ink.,4452.gif,Storm Grey,Violet Haze,Reef,Bright,Red Seal,Ink Ribbon
4453,Inkling #4453,A looping cartoon-squid PFP stacked from painterly trait layers. Minted on Ink.,4453.gif,Wine Paper,Teal Mist,Firefly,Wink,Clean mantle,Kelp Flow
4454,Inkling #4454,A looping cartoon-squid PFP stacked from painterly trait layers. Minted on Ink.,4454.gif,Rose Gold,Coral Glow,Cuttle,Wink,Slow Drip,Kelp Flow
4455,Inkling #4455,A looping cartoon-squid PFP stacked from painterly trait layers. Minted on Ink.,4455.gif,Wine Paper,Silver Veil,Reef,Dew,Clean mantle,Ink Ribbon
4456,Inkling #4456,A looping cartoon-squid PFP stacked from painterly trait layers. Minted on Ink.,4456.gif,Rose Gold,Teal Mist,Bobtail,Dew,Clean mantle,Pearl Cluster
4457,Inkling #4457,A looping cartoon-squid PFP stacked from painterly trait layers. Minted on Ink.,4457.gif,Wine Paper,Coral Glow,Cuttle,Wink,Slow Drip,Wash Hood
4458,Inkling #4458,A looping cartoon-squid PFP stacked from painterly trait layers. Minted on Ink.,4458.gif,Indigo Night,Silver Veil,Glass,Wink,Red Seal,Pearl Cluster
4459,Inkling #4459,A looping cartoon-squid PFP stacked from painterly trait layers. Minted on Ink.,4459.gif,Wine Paper,Coral Glow,Firefly,Sleepy,Slow Drip,Ink Ribbon
4460,Inkling #4460,A looping cartoon-squid PFP stacked from painterly trait layers. Minted on Ink.,4460.gif,Peach Dusk,Violet Haze,Cuttle,Dew,Clean mantle,Bare mantle
4461,Inkling #4461,A looping cartoon-squid PFP stacked from painterly trait layers. Minted on Ink.,4461.gif,Celadon Garden,Silver Veil,Bobtail,Bright,Ink Splash,Soft Crown
4462,Inkling #4462,A looping cartoon-squid PFP stacked from painterly trait layers. Minted on Ink.,4462.gif,Storm Grey,No bloom,Bobtail,Wink,Clean mantle,Kelp Flow
4463,Inkling #4463,A looping cartoon-squid PFP stacked from painterly trait layers. Minted on Ink.,4463.gif,Rose Gold,No bloom,Cuttle,Lidded,Brush Streak,Bare mantle
4464,Inkling #4464,A looping cartoon-squid PFP stacked from painterly trait layers. Minted on Ink.,4464.gif,Rose Gold,Gold Wash,Firefly,Bright,Brush Streak,Wash Hood
4465,Inkling #4465,A looping cartoon-squid PFP stacked from painterly trait layers. Minted on Ink.,4465.gif,Peach Dusk,Coral Glow,Dumbo,Ember,Red Seal,Kelp Flow
4466,Inkling #4466,A looping cartoon-squid PFP stacked from painterly trait layers. Minted on Ink.,4466.gif,Celadon Garden,Gold Wash,Giant,Wink,Ink Splash,Soft Crown
4467,Inkling #4467,A looping cartoon-squid PFP stacked from painterly trait layers. Minted on Ink.,4467.gif,Wine Paper,Teal Mist,Cuttle,Wink,Clean mantle,Pearl Cluster
4468,Inkling #4468,A looping cartoon-squid PFP stacked from painterly trait layers. Minted on Ink.,4468.gif,Indigo Night,Teal Mist,Dumbo,Ember,Clean mantle,Ink Ribbon
4469,Inkling #4469,A looping cartoon-squid PFP stacked from painterly trait layers. Minted on Ink.,4469.gif,Wine Paper,Coral Glow,Cuttle,Dew,Clean mantle,Wash Hood
4470,Inkling #4470,A looping cartoon-squid PFP stacked from painterly trait layers. Minted on Ink.,4470.gif,Cream Rice,Gold Wash,Dumbo,Sleepy,Slow Drip,Bare mantle
4471,Inkling #4471,A looping cartoon-squid PFP stacked from painterly trait layers. Minted on Ink.,4471.gif,Storm Grey,Violet Haze,Glass,Dew,Clean mantle,Ink Ribbon
4472,Inkling #4472,A looping cartoon-squid PFP stacked from painterly trait layers. Minted on Ink.,4472.gif,Peach Dusk,Silver Veil,Firefly,Wink,Red Seal,Soft Crown
4473,Inkling #4473,A looping cartoon-squid PFP stacked from painterly trait layers. Minted on Ink.,4473.gif,Indigo Night,Teal Mist,Bobtail,Wink,Brush Streak,Soft Crown
4474,Inkling #4474,A looping cartoon-squid PFP stacked from painterly trait layers. Minted on Ink.,4474.gif,Storm Grey,Silver Veil,Glass,Dew,Red Seal,Kelp Flow
4475,Inkling #4475,A looping cartoon-squid PFP stacked from painterly trait layers. Minted on Ink.,4475.gif,Indigo Night,No bloom,Inked,Ember,Red Seal,Pearl Cluster
4476,Inkling #4476,A looping cartoon-squid PFP stacked from painterly trait layers. Minted on Ink.,4476.gif,Indigo Night,No bloom,Dumbo,Wink,Red Seal,Soft Crown
4477,Inkling #4477,A looping cartoon-squid PFP stacked from painterly trait layers. Minted on Ink.,4477.gif,Cream Rice,Silver Veil,Bobtail,Sleepy,Red Seal,Kelp Flow
4478,Inkling #4478,A looping cartoon-squid PFP stacked from painterly trait layers. Minted on Ink.,4478.gif,Peach Dusk,Violet Haze,Cuttle,Ember,Ink Splash,Kelp Flow
4479,Inkling #4479,A looping cartoon-squid PFP stacked from painterly trait layers. Minted on Ink.,4479.gif,Storm Grey,No bloom,Cuttle,Sleepy,Slow Drip,Bare mantle
4480,Inkling #4480,A looping cartoon-squid PFP stacked from painterly trait layers. Minted on Ink.,4480.gif,Cream Rice,Silver Veil,Cuttle,Sleepy,Brush Streak,Soft Crown
4481,Inkling #4481,A looping cartoon-squid PFP stacked from painterly trait layers. Minted on Ink.,4481.gif,Indigo Night,Gold Wash,Reef,Wink,Red Seal,Ink Ribbon
4482,Inkling #4482,A looping cartoon-squid PFP stacked from painterly trait layers. Minted on Ink.,4482.gif,Charcoal Wash,Coral Glow,Cuttle,Lidded,Slow Drip,Wash Hood
4483,Inkling #4483,A looping cartoon-squid PFP stacked from painterly trait layers. Minted on Ink.,4483.gif,Charcoal Wash,Gold Wash,Dumbo,Wink,Ink Splash,Bare mantle
4484,Inkling #4484,A looping cartoon-squid PFP stacked from painterly trait layers. Minted on Ink.,4484.gif,Storm Grey,Coral Glow,Cuttle,Lidded,Brush Streak,Bare mantle
4485,Inkling #4485,A looping cartoon-squid PFP stacked from painterly trait layers. Minted on Ink.,4485.gif,Indigo Night,No bloom,Inked,Wink,Clean mantle,Pearl Cluster
4486,Inkling #4486,A looping cartoon-squid PFP stacked from painterly trait layers. Minted on Ink.,4486.gif,Celadon Garden,No bloom,Giant,Bright,Clean mantle,Bare mantle
4487,Inkling #4487,A looping cartoon-squid PFP stacked from painterly trait layers. Minted on Ink.,4487.gif,Celadon Garden,No bloom,Inked,Wink,Brush Streak,Kelp Flow
4488,Inkling #4488,A looping cartoon-squid PFP stacked from painterly trait layers. Minted on Ink.,4488.gif,Wine Paper,Violet Haze,Glass,Ember,Red Seal,Bare mantle
4489,Inkling #4489,A looping cartoon-squid PFP stacked from painterly trait layers. Minted on Ink.,4489.gif,Peach Dusk,Violet Haze,Cuttle,Bright,Red Seal,Pearl Cluster
4490,Inkling #4490,A looping cartoon-squid PFP stacked from painterly trait layers. Minted on Ink.,4490.gif,Celadon Garden,Silver Veil,Dumbo,Wink,Ink Splash,Bare mantle
4491,Inkling #4491,A looping cartoon-squid PFP stacked from painterly trait layers. Minted on Ink.,4491.gif,Rose Gold,No bloom,Firefly,Bright,Clean mantle,Kelp Flow
4492,Inkling #4492,A looping cartoon-squid PFP stacked from painterly trait layers. Minted on Ink.,4492.gif,Cream Rice,Teal Mist,Reef,Dew,Clean mantle,Pearl Cluster
4493,Inkling #4493,A looping cartoon-squid PFP stacked from painterly trait layers. Minted on Ink.,4493.gif,Cream Rice,Coral Glow,Cuttle,Wink,Slow Drip,Kelp Flow
4494,Inkling #4494,A looping cartoon-squid PFP stacked from painterly trait layers. Minted on Ink.,4494.gif,Cream Rice,No bloom,Bobtail,Bright,Clean mantle,Bare mantle
4495,Inkling #4495,A looping cartoon-squid PFP stacked from painterly trait layers. Minted on Ink.,4495.gif,Peach Dusk,No bloom,Giant,Sleepy,Ink Splash,Ink Ribbon
4496,Inkling #4496,A looping cartoon-squid PFP stacked from painterly trait layers. Minted on Ink.,4496.gif,Rose Gold,Teal Mist,Reef,Lidded,Ink Splash,Wash Hood
4497,Inkling #4497,A looping cartoon-squid PFP stacked from painterly trait layers. Minted on Ink.,4497.gif,Peach Dusk,No bloom,Inked,Sleepy,Ink Splash,Kelp Flow
4498,Inkling #4498,A looping cartoon-squid PFP stacked from painterly trait layers. Minted on Ink.,4498.gif,Wine Paper,Teal Mist,Cuttle,Lidded,Ink Splash,Bare mantle
4499,Inkling #4499,A looping cartoon-squid PFP stacked from painterly trait layers. Minted on Ink.,4499.gif,Charcoal Wash,Teal Mist,Inked,Ember,Clean mantle,Soft Crown
4500,Inkling #4500,A looping cartoon-squid PFP stacked from painterly trait layers. Minted on Ink.,4500.gif,Celadon Garden,No bloom,Reef,Ember,Brush Streak,Bare mantle
4501,Inkling #4501,A looping cartoon-squid PFP stacked from painterly trait layers. Minted on Ink.,4501.gif,Indigo Night,Gold Wash,Inked,Ember,Red Seal,Kelp Flow
4502,Inkling #4502,A looping cartoon-squid PFP stacked from painterly trait layers. Minted on Ink.,4502.gif,Peach Dusk,Violet Haze,Cuttle,Dew,Red Seal,Wash Hood
4503,Inkling #4503,A looping cartoon-squid PFP stacked from painterly trait layers. Minted on Ink.,4503.gif,Charcoal Wash,No bloom,Giant,Sleepy,Ink Splash,Soft Crown
4504,Inkling #4504,A looping cartoon-squid PFP stacked from painterly trait layers. Minted on Ink.,4504.gif,Cream Rice,Coral Glow,Firefly,Lidded,Slow Drip,Kelp Flow
4505,Inkling #4505,A looping cartoon-squid PFP stacked from painterly trait layers. Minted on Ink.,4505.gif,Wine Paper,Silver Veil,Reef,Wink,Slow Drip,Bare mantle
4506,Inkling #4506,A looping cartoon-squid PFP stacked from painterly trait layers. Minted on Ink.,4506.gif,Peach Dusk,Violet Haze,Cuttle,Lidded,Clean mantle,Soft Crown
4507,Inkling #4507,A looping cartoon-squid PFP stacked from painterly trait layers. Minted on Ink.,4507.gif,Peach Dusk,Gold Wash,Inked,Dew,Ink Splash,Kelp Flow
4508,Inkling #4508,A looping cartoon-squid PFP stacked from painterly trait layers. Minted on Ink.,4508.gif,Indigo Night,Silver Veil,Cuttle,Wink,Slow Drip,Pearl Cluster
4509,Inkling #4509,A looping cartoon-squid PFP stacked from painterly trait layers. Minted on Ink.,4509.gif,Cream Rice,Silver Veil,Bobtail,Bright,Slow Drip,Kelp Flow
4510,Inkling #4510,A looping cartoon-squid PFP stacked from painterly trait layers. Minted on Ink.,4510.gif,Wine Paper,Coral Glow,Glass,Sleepy,Ink Splash,Bare mantle
4511,Inkling #4511,A looping cartoon-squid PFP stacked from painterly trait layers. Minted on Ink.,4511.gif,Storm Grey,Gold Wash,Firefly,Bright,Red Seal,Bare mantle
4512,Inkling #4512,A looping cartoon-squid PFP stacked from painterly trait layers. Minted on Ink.,4512.gif,Charcoal Wash,Silver Veil,Bobtail,Bright,Red Seal,Ink Ribbon
4513,Inkling #4513,A looping cartoon-squid PFP stacked from painterly trait layers. Minted on Ink.,4513.gif,Peach Dusk,Gold Wash,Cuttle,Bright,Clean mantle,Pearl Cluster
4514,Inkling #4514,A looping cartoon-squid PFP stacked from painterly trait layers. Minted on Ink.,4514.gif,Celadon Garden,Violet Haze,Dumbo,Lidded,Clean mantle,Ink Ribbon
4515,Inkling #4515,A looping cartoon-squid PFP stacked from painterly trait layers. Minted on Ink.,4515.gif,Celadon Garden,Teal Mist,Reef,Sleepy,Clean mantle,Soft Crown
4516,Inkling #4516,A looping cartoon-squid PFP stacked from painterly trait layers. Minted on Ink.,4516.gif,Peach Dusk,Silver Veil,Bobtail,Bright,Red Seal,Ink Ribbon
4517,Inkling #4517,A looping cartoon-squid PFP stacked from painterly trait layers. Minted on Ink.,4517.gif,Indigo Night,No bloom,Reef,Sleepy,Red Seal,Kelp Flow
4518,Inkling #4518,A looping cartoon-squid PFP stacked from painterly trait layers. Minted on Ink.,4518.gif,Indigo Night,Coral Glow,Cuttle,Wink,Clean mantle,Ink Ribbon
4519,Inkling #4519,A looping cartoon-squid PFP stacked from painterly trait layers. Minted on Ink.,4519.gif,Peach Dusk,Silver Veil,Inked,Bright,Ink Splash,Wash Hood
4520,Inkling #4520,A looping cartoon-squid PFP stacked from painterly trait layers. Minted on Ink.,4520.gif,Indigo Night,Silver Veil,Bobtail,Dew,Clean mantle,Bare mantle
4521,Inkling #4521,A looping cartoon-squid PFP stacked from painterly trait layers. Minted on Ink.,4521.gif,Celadon Garden,Silver Veil,Inked,Bright,Clean mantle,Wash Hood
4522,Inkling #4522,A looping cartoon-squid PFP stacked from painterly trait layers. Minted on Ink.,4522.gif,Cream Rice,Gold Wash,Bobtail,Sleepy,Brush Streak,Soft Crown
4523,Inkling #4523,A looping cartoon-squid PFP stacked from painterly trait layers. Minted on Ink.,4523.gif,Storm Grey,No bloom,Glass,Dew,Red Seal,Wash Hood
4524,Inkling #4524,A looping cartoon-squid PFP stacked from painterly trait layers. Minted on Ink.,4524.gif,Storm Grey,Coral Glow,Glass,Bright,Clean mantle,Wash Hood
4525,Inkling #4525,A looping cartoon-squid PFP stacked from painterly trait layers. Minted on Ink.,4525.gif,Cream Rice,Coral Glow,Inked,Sleepy,Brush Streak,Soft Crown
4526,Inkling #4526,A looping cartoon-squid PFP stacked from painterly trait layers. Minted on Ink.,4526.gif,Charcoal Wash,No bloom,Cuttle,Dew,Red Seal,Bare mantle
4527,Inkling #4527,A looping cartoon-squid PFP stacked from painterly trait layers. Minted on Ink.,4527.gif,Celadon Garden,Teal Mist,Dumbo,Sleepy,Slow Drip,Soft Crown
4528,Inkling #4528,A looping cartoon-squid PFP stacked from painterly trait layers. Minted on Ink.,4528.gif,Rose Gold,Violet Haze,Dumbo,Ember,Red Seal,Soft Crown
4529,Inkling #4529,A looping cartoon-squid PFP stacked from painterly trait layers. Minted on Ink.,4529.gif,Cream Rice,Coral Glow,Bobtail,Wink,Clean mantle,Bare mantle
4530,Inkling #4530,A looping cartoon-squid PFP stacked from painterly trait layers. Minted on Ink.,4530.gif,Storm Grey,No bloom,Dumbo,Wink,Clean mantle,Wash Hood
4531,Inkling #4531,A looping cartoon-squid PFP stacked from painterly trait layers. Minted on Ink.,4531.gif,Storm Grey,Teal Mist,Cuttle,Sleepy,Ink Splash,Kelp Flow
4532,Inkling #4532,A looping cartoon-squid PFP stacked from painterly trait layers. Minted on Ink.,4532.gif,Indigo Night,Silver Veil,Reef,Bright,Ink Splash,Bare mantle
4533,Inkling #4533,A looping cartoon-squid PFP stacked from painterly trait layers. Minted on Ink.,4533.gif,Cream Rice,Coral Glow,Dumbo,Sleepy,Brush Streak,Ink Ribbon
4534,Inkling #4534,A looping cartoon-squid PFP stacked from painterly trait layers. Minted on Ink.,4534.gif,Indigo Night,Coral Glow,Firefly,Bright,Slow Drip,Bare mantle
4535,Inkling #4535,A looping cartoon-squid PFP stacked from painterly trait layers. Minted on Ink.,4535.gif,Indigo Night,No bloom,Glass,Bright,Brush Streak,Kelp Flow
4536,Inkling #4536,A looping cartoon-squid PFP stacked from painterly trait layers. Minted on Ink.,4536.gif,Charcoal Wash,Silver Veil,Giant,Wink,Clean mantle,Pearl Cluster
4537,Inkling #4537,A looping cartoon-squid PFP stacked from painterly trait layers. Minted on Ink.,4537.gif,Peach Dusk,Teal Mist,Dumbo,Bright,Ink Splash,Pearl Cluster
4538,Inkling #4538,A looping cartoon-squid PFP stacked from painterly trait layers. Minted on Ink.,4538.gif,Wine Paper,Gold Wash,Dumbo,Dew,Clean mantle,Pearl Cluster
4539,Inkling #4539,A looping cartoon-squid PFP stacked from painterly trait layers. Minted on Ink.,4539.gif,Indigo Night,No bloom,Giant,Sleepy,Ink Splash,Kelp Flow
4540,Inkling #4540,A looping cartoon-squid PFP stacked from painterly trait layers. Minted on Ink.,4540.gif,Charcoal Wash,Coral Glow,Glass,Ember,Red Seal,Kelp Flow
4541,Inkling #4541,A looping cartoon-squid PFP stacked from painterly trait layers. Minted on Ink.,4541.gif,Celadon Garden,Gold Wash,Bobtail,Sleepy,Slow Drip,Pearl Cluster
4542,Inkling #4542,A looping cartoon-squid PFP stacked from painterly trait layers. Minted on Ink.,4542.gif,Rose Gold,Violet Haze,Glass,Ember,Clean mantle,Wash Hood
4543,Inkling #4543,A looping cartoon-squid PFP stacked from painterly trait layers. Minted on Ink.,4543.gif,Storm Grey,Teal Mist,Inked,Bright,Slow Drip,Kelp Flow
4544,Inkling #4544,A looping cartoon-squid PFP stacked from painterly trait layers. Minted on Ink.,4544.gif,Cream Rice,Violet Haze,Firefly,Wink,Clean mantle,Pearl Cluster
4545,Inkling #4545,A looping cartoon-squid PFP stacked from painterly trait layers. Minted on Ink.,4545.gif,Indigo Night,Gold Wash,Bobtail,Ember,Clean mantle,Soft Crown
4546,Inkling #4546,A looping cartoon-squid PFP stacked from painterly trait layers. Minted on Ink.,4546.gif,Celadon Garden,No bloom,Cuttle,Wink,Clean mantle,Bare mantle
4547,Inkling #4547,A looping cartoon-squid PFP stacked from painterly trait layers. Minted on Ink.,4547.gif,Peach Dusk,Silver Veil,Inked,Wink,Brush Streak,Pearl Cluster
4548,Inkling #4548,A looping cartoon-squid PFP stacked from painterly trait layers. Minted on Ink.,4548.gif,Storm Grey,Violet Haze,Dumbo,Wink,Slow Drip,Pearl Cluster
4549,Inkling #4549,A looping cartoon-squid PFP stacked from painterly trait layers. Minted on Ink.,4549.gif,Wine Paper,Violet Haze,Cuttle,Sleepy,Slow Drip,Bare mantle
4550,Inkling #4550,A looping cartoon-squid PFP stacked from painterly trait layers. Minted on Ink.,4550.gif,Wine Paper,Silver Veil,Cuttle,Lidded,Brush Streak,Soft Crown
4551,Inkling #4551,A looping cartoon-squid PFP stacked from painterly trait layers. Minted on Ink.,4551.gif,Rose Gold,Teal Mist,Cuttle,Lidded,Brush Streak,Bare mantle
4552,Inkling #4552,A looping cartoon-squid PFP stacked from painterly trait layers. Minted on Ink.,4552.gif,Storm Grey,Violet Haze,Dumbo,Dew,Slow Drip,Ink Ribbon
4553,Inkling #4553,A looping cartoon-squid PFP stacked from painterly trait layers. Minted on Ink.,4553.gif,Storm Grey,Violet Haze,Cuttle,Bright,Brush Streak,Soft Crown
4554,Inkling #4554,A looping cartoon-squid PFP stacked from painterly trait layers. Minted on Ink.,4554.gif,Cream Rice,Gold Wash,Firefly,Dew,Brush Streak,Bare mantle
4555,Inkling #4555,A looping cartoon-squid PFP stacked from painterly trait layers. Minted on Ink.,4555.gif,Celadon Garden,No bloom,Reef,Dew,Red Seal,Bare mantle
4556,Inkling #4556,A looping cartoon-squid PFP stacked from painterly trait layers. Minted on Ink.,4556.gif,Celadon Garden,No bloom,Reef,Dew,Clean mantle,Soft Crown
4557,Inkling #4557,A looping cartoon-squid PFP stacked from painterly trait layers. Minted on Ink.,4557.gif,Wine Paper,No bloom,Cuttle,Ember,Brush Streak,Pearl Cluster
4558,Inkling #4558,A looping cartoon-squid PFP stacked from painterly trait layers. Minted on Ink.,4558.gif,Peach Dusk,No bloom,Reef,Dew,Ink Splash,Kelp Flow
4559,Inkling #4559,A looping cartoon-squid PFP stacked from painterly trait layers. Minted on Ink.,4559.gif,Cream Rice,Violet Haze,Bobtail,Bright,Ink Splash,Bare mantle
4560,Inkling #4560,A looping cartoon-squid PFP stacked from painterly trait layers. Minted on Ink.,4560.gif,Celadon Garden,Gold Wash,Reef,Dew,Brush Streak,Pearl Cluster
4561,Inkling #4561,A looping cartoon-squid PFP stacked from painterly trait layers. Minted on Ink.,4561.gif,Wine Paper,No bloom,Reef,Dew,Clean mantle,Kelp Flow
4562,Inkling #4562,A looping cartoon-squid PFP stacked from painterly trait layers. Minted on Ink.,4562.gif,Storm Grey,Gold Wash,Glass,Lidded,Clean mantle,Pearl Cluster
4563,Inkling #4563,A looping cartoon-squid PFP stacked from painterly trait layers. Minted on Ink.,4563.gif,Celadon Garden,Violet Haze,Giant,Bright,Slow Drip,Bare mantle
4564,Inkling #4564,A looping cartoon-squid PFP stacked from painterly trait layers. Minted on Ink.,4564.gif,Celadon Garden,Teal Mist,Giant,Wink,Slow Drip,Bare mantle
4565,Inkling #4565,A looping cartoon-squid PFP stacked from painterly trait layers. Minted on Ink.,4565.gif,Charcoal Wash,Violet Haze,Firefly,Ember,Brush Streak,Soft Crown
4566,Inkling #4566,A looping cartoon-squid PFP stacked from painterly trait layers. Minted on Ink.,4566.gif,Indigo Night,Violet Haze,Inked,Dew,Clean mantle,Bare mantle
4567,Inkling #4567,A looping cartoon-squid PFP stacked from painterly trait layers. Minted on Ink.,4567.gif,Cream Rice,Coral Glow,Giant,Lidded,Clean mantle,Bare mantle
4568,Inkling #4568,A looping cartoon-squid PFP stacked from painterly trait layers. Minted on Ink.,4568.gif,Celadon Garden,No bloom,Inked,Bright,Red Seal,Ink Ribbon
4569,Inkling #4569,A looping cartoon-squid PFP stacked from painterly trait layers. Minted on Ink.,4569.gif,Peach Dusk,Coral Glow,Bobtail,Lidded,Ink Splash,Wash Hood
4570,Inkling #4570,A looping cartoon-squid PFP stacked from painterly trait layers. Minted on Ink.,4570.gif,Charcoal Wash,No bloom,Glass,Ember,Brush Streak,Pearl Cluster
4571,Inkling #4571,A looping cartoon-squid PFP stacked from painterly trait layers. Minted on Ink.,4571.gif,Peach Dusk,Silver Veil,Giant,Wink,Brush Streak,Ink Ribbon
4572,Inkling #4572,A looping cartoon-squid PFP stacked from painterly trait layers. Minted on Ink.,4572.gif,Wine Paper,Violet Haze,Bobtail,Sleepy,Slow Drip,Soft Crown
4573,Inkling #4573,A looping cartoon-squid PFP stacked from painterly trait layers. Minted on Ink.,4573.gif,Celadon Garden,Teal Mist,Reef,Sleepy,Ink Splash,Kelp Flow
4574,Inkling #4574,A looping cartoon-squid PFP stacked from painterly trait layers. Minted on Ink.,4574.gif,Celadon Garden,Teal Mist,Bobtail,Bright,Slow Drip,Kelp Flow
4575,Inkling #4575,A looping cartoon-squid PFP stacked from painterly trait layers. Minted on Ink.,4575.gif,Indigo Night,Teal Mist,Inked,Ember,Brush Streak,Kelp Flow
4576,Inkling #4576,A looping cartoon-squid PFP stacked from painterly trait layers. Minted on Ink.,4576.gif,Indigo Night,Silver Veil,Cuttle,Lidded,Slow Drip,Soft Crown
4577,Inkling #4577,A looping cartoon-squid PFP stacked from painterly trait layers. Minted on Ink.,4577.gif,Peach Dusk,Gold Wash,Glass,Wink,Brush Streak,Soft Crown
4578,Inkling #4578,A looping cartoon-squid PFP stacked from painterly trait layers. Minted on Ink.,4578.gif,Storm Grey,Teal Mist,Bobtail,Dew,Red Seal,Bare mantle
4579,Inkling #4579,A looping cartoon-squid PFP stacked from painterly trait layers. Minted on Ink.,4579.gif,Indigo Night,Teal Mist,Glass,Bright,Slow Drip,Bare mantle
4580,Inkling #4580,A looping cartoon-squid PFP stacked from painterly trait layers. Minted on Ink.,4580.gif,Wine Paper,Teal Mist,Dumbo,Sleepy,Red Seal,Bare mantle
4581,Inkling #4581,A looping cartoon-squid PFP stacked from painterly trait layers. Minted on Ink.,4581.gif,Cream Rice,Silver Veil,Firefly,Sleepy,Slow Drip,Kelp Flow
4582,Inkling #4582,A looping cartoon-squid PFP stacked from painterly trait layers. Minted on Ink.,4582.gif,Rose Gold,Violet Haze,Reef,Ember,Slow Drip,Pearl Cluster
4583,Inkling #4583,A looping cartoon-squid PFP stacked from painterly trait layers. Minted on Ink.,4583.gif,Charcoal Wash,No bloom,Cuttle,Ember,Clean mantle,Soft Crown
4584,Inkling #4584,A looping cartoon-squid PFP stacked from painterly trait layers. Minted on Ink.,4584.gif,Celadon Garden,Coral Glow,Bobtail,Lidded,Clean mantle,Soft Crown
4585,Inkling #4585,A looping cartoon-squid PFP stacked from painterly trait layers. Minted on Ink.,4585.gif,Indigo Night,No bloom,Glass,Sleepy,Ink Splash,Kelp Flow
4586,Inkling #4586,A looping cartoon-squid PFP stacked from painterly trait layers. Minted on Ink.,4586.gif,Storm Grey,Violet Haze,Inked,Bright,Clean mantle,Wash Hood
4587,Inkling #4587,A looping cartoon-squid PFP stacked from painterly trait layers. Minted on Ink.,4587.gif,Storm Grey,Silver Veil,Dumbo,Sleepy,Clean mantle,Pearl Cluster
4588,Inkling #4588,A looping cartoon-squid PFP stacked from painterly trait layers. Minted on Ink.,4588.gif,Storm Grey,No bloom,Bobtail,Sleepy,Ink Splash,Kelp Flow
4589,Inkling #4589,A looping cartoon-squid PFP stacked from painterly trait layers. Minted on Ink.,4589.gif,Charcoal Wash,No bloom,Giant,Wink,Ink Splash,Pearl Cluster
4590,Inkling #4590,A looping cartoon-squid PFP stacked from painterly trait layers. Minted on Ink.,4590.gif,Celadon Garden,Teal Mist,Glass,Bright,Clean mantle,Bare mantle
4591,Inkling #4591,A looping cartoon-squid PFP stacked from painterly trait layers. Minted on Ink.,4591.gif,Charcoal Wash,Silver Veil,Glass,Lidded,Ink Splash,Kelp Flow
4592,Inkling #4592,A looping cartoon-squid PFP stacked from painterly trait layers. Minted on Ink.,4592.gif,Celadon Garden,Silver Veil,Giant,Lidded,Slow Drip,Ink Ribbon
4593,Inkling #4593,A looping cartoon-squid PFP stacked from painterly trait layers. Minted on Ink.,4593.gif,Wine Paper,Teal Mist,Giant,Bright,Brush Streak,Wash Hood
4594,Inkling #4594,A looping cartoon-squid PFP stacked from painterly trait layers. Minted on Ink.,4594.gif,Charcoal Wash,Coral Glow,Giant,Bright,Brush Streak,Bare mantle
4595,Inkling #4595,A looping cartoon-squid PFP stacked from painterly trait layers. Minted on Ink.,4595.gif,Rose Gold,Teal Mist,Reef,Wink,Slow Drip,Pearl Cluster
4596,Inkling #4596,A looping cartoon-squid PFP stacked from painterly trait layers. Minted on Ink.,4596.gif,Charcoal Wash,Coral Glow,Reef,Sleepy,Brush Streak,Wash Hood
4597,Inkling #4597,A looping cartoon-squid PFP stacked from painterly trait layers. Minted on Ink.,4597.gif,Celadon Garden,Teal Mist,Glass,Dew,Slow Drip,Wash Hood
4598,Inkling #4598,A looping cartoon-squid PFP stacked from painterly trait layers. Minted on Ink.,4598.gif,Charcoal Wash,Silver Veil,Inked,Dew,Ink Splash,Wash Hood
4599,Inkling #4599,A looping cartoon-squid PFP stacked from painterly trait layers. Minted on Ink.,4599.gif,Celadon Garden,Coral Glow,Dumbo,Ember,Red Seal,Ink Ribbon
4600,Inkling #4600,A looping cartoon-squid PFP stacked from painterly trait layers. Minted on Ink.,4600.gif,Charcoal Wash,No bloom,Reef,Lidded,Brush Streak,Pearl Cluster
4601,Inkling #4601,A looping cartoon-squid PFP stacked from painterly trait layers. Minted on Ink.,4601.gif,Indigo Night,Coral Glow,Reef,Lidded,Red Seal,Kelp Flow
4602,Inkling #4602,A looping cartoon-squid PFP stacked from painterly trait layers. Minted on Ink.,4602.gif,Storm Grey,Teal Mist,Reef,Dew,Clean mantle,Pearl Cluster
4603,Inkling #4603,A looping cartoon-squid PFP stacked from painterly trait layers. Minted on Ink.,4603.gif,Celadon Garden,Teal Mist,Bobtail,Wink,Slow Drip,Bare mantle
4604,Inkling #4604,A looping cartoon-squid PFP stacked from painterly trait layers. Minted on Ink.,4604.gif,Rose Gold,Silver Veil,Giant,Dew,Clean mantle,Pearl Cluster
4605,Inkling #4605,A looping cartoon-squid PFP stacked from painterly trait layers. Minted on Ink.,4605.gif,Indigo Night,Gold Wash,Bobtail,Lidded,Ink Splash,Soft Crown
4606,Inkling #4606,A looping cartoon-squid PFP stacked from painterly trait layers. Minted on Ink.,4606.gif,Storm Grey,Silver Veil,Reef,Wink,Ink Splash,Kelp Flow
4607,Inkling #4607,A looping cartoon-squid PFP stacked from painterly trait layers. Minted on Ink.,4607.gif,Peach Dusk,Violet Haze,Bobtail,Lidded,Red Seal,Ink Ribbon
4608,Inkling #4608,A looping cartoon-squid PFP stacked from painterly trait layers. Minted on Ink.,4608.gif,Peach Dusk,Gold Wash,Reef,Lidded,Slow Drip,Kelp Flow
4609,Inkling #4609,A looping cartoon-squid PFP stacked from painterly trait layers. Minted on Ink.,4609.gif,Wine Paper,Coral Glow,Giant,Wink,Clean mantle,Ink Ribbon
4610,Inkling #4610,A looping cartoon-squid PFP stacked from painterly trait layers. Minted on Ink.,4610.gif,Charcoal Wash,Teal Mist,Cuttle,Sleepy,Brush Streak,Kelp Flow
4611,Inkling #4611,A looping cartoon-squid PFP stacked from painterly trait layers. Minted on Ink.,4611.gif,Charcoal Wash,Gold Wash,Inked,Bright,Brush Streak,Soft Crown
4612,Inkling #4612,A looping cartoon-squid PFP stacked from painterly trait layers. Minted on Ink.,4612.gif,Celadon Garden,No bloom,Cuttle,Lidded,Clean mantle,Soft Crown
4613,Inkling #4613,A looping cartoon-squid PFP stacked from painterly trait layers. Minted on Ink.,4613.gif,Wine Paper,Violet Haze,Bobtail,Ember,Red Seal,Kelp Flow
4614,Inkling #4614,A looping cartoon-squid PFP stacked from painterly trait layers. Minted on Ink.,4614.gif,Charcoal Wash,Coral Glow,Reef,Sleepy,Brush Streak,Bare mantle
4615,Inkling #4615,A looping cartoon-squid PFP stacked from painterly trait layers. Minted on Ink.,4615.gif,Wine Paper,Coral Glow,Bobtail,Sleepy,Brush Streak,Kelp Flow
4616,Inkling #4616,A looping cartoon-squid PFP stacked from painterly trait layers. Minted on Ink.,4616.gif,Peach Dusk,Violet Haze,Giant,Lidded,Red Seal,Bare mantle
4617,Inkling #4617,A looping cartoon-squid PFP stacked from painterly trait layers. Minted on Ink.,4617.gif,Peach Dusk,Gold Wash,Cuttle,Sleepy,Clean mantle,Kelp Flow
4618,Inkling #4618,A looping cartoon-squid PFP stacked from painterly trait layers. Minted on Ink.,4618.gif,Cream Rice,Violet Haze,Glass,Lidded,Slow Drip,Ink Ribbon
4619,Inkling #4619,A looping cartoon-squid PFP stacked from painterly trait layers. Minted on Ink.,4619.gif,Celadon Garden,Gold Wash,Firefly,Bright,Slow Drip,Soft Crown
4620,Inkling #4620,A looping cartoon-squid PFP stacked from painterly trait layers. Minted on Ink.,4620.gif,Storm Grey,Gold Wash,Cuttle,Dew,Brush Streak,Wash Hood
4621,Inkling #4621,A looping cartoon-squid PFP stacked from painterly trait layers. Minted on Ink.,4621.gif,Storm Grey,Gold Wash,Dumbo,Sleepy,Clean mantle,Ink Ribbon
4622,Inkling #4622,A looping cartoon-squid PFP stacked from painterly trait layers. Minted on Ink.,4622.gif,Charcoal Wash,Teal Mist,Cuttle,Sleepy,Red Seal,Wash Hood
4623,Inkling #4623,A looping cartoon-squid PFP stacked from painterly trait layers. Minted on Ink.,4623.gif,Peach Dusk,No bloom,Bobtail,Ember,Red Seal,Pearl Cluster
4624,Inkling #4624,A looping cartoon-squid PFP stacked from painterly trait layers. Minted on Ink.,4624.gif,Peach Dusk,No bloom,Inked,Lidded,Ink Splash,Wash Hood
4625,Inkling #4625,A looping cartoon-squid PFP stacked from painterly trait layers. Minted on Ink.,4625.gif,Indigo Night,Violet Haze,Dumbo,Lidded,Red Seal,Pearl Cluster
4626,Inkling #4626,A looping cartoon-squid PFP stacked from painterly trait layers. Minted on Ink.,4626.gif,Indigo Night,Violet Haze,Cuttle,Ember,Clean mantle,Ink Ribbon
4627,Inkling #4627,A looping cartoon-squid PFP stacked from painterly trait layers. Minted on Ink.,4627.gif,Rose Gold,Silver Veil,Cuttle,Lidded,Slow Drip,Soft Crown
4628,Inkling #4628,A looping cartoon-squid PFP stacked from painterly trait layers. Minted on Ink.,4628.gif,Cream Rice,No bloom,Dumbo,Dew,Clean mantle,Bare mantle
4629,Inkling #4629,A looping cartoon-squid PFP stacked from painterly trait layers. Minted on Ink.,4629.gif,Cream Rice,No bloom,Bobtail,Dew,Clean mantle,Soft Crown
4630,Inkling #4630,A looping cartoon-squid PFP stacked from painterly trait layers. Minted on Ink.,4630.gif,Storm Grey,Silver Veil,Giant,Wink,Clean mantle,Kelp Flow
4631,Inkling #4631,A looping cartoon-squid PFP stacked from painterly trait layers. Minted on Ink.,4631.gif,Indigo Night,Violet Haze,Bobtail,Dew,Brush Streak,Kelp Flow
4632,Inkling #4632,A looping cartoon-squid PFP stacked from painterly trait layers. Minted on Ink.,4632.gif,Cream Rice,No bloom,Reef,Bright,Ink Splash,Soft Crown
4633,Inkling #4633,A looping cartoon-squid PFP stacked from painterly trait layers. Minted on Ink.,4633.gif,Peach Dusk,Teal Mist,Reef,Lidded,Clean mantle,Soft Crown
4634,Inkling #4634,A looping cartoon-squid PFP stacked from painterly trait layers. Minted on Ink.,4634.gif,Rose Gold,Gold Wash,Giant,Wink,Clean mantle,Ink Ribbon
4635,Inkling #4635,A looping cartoon-squid PFP stacked from painterly trait layers. Minted on Ink.,4635.gif,Celadon Garden,Teal Mist,Giant,Wink,Ink Splash,Kelp Flow
4636,Inkling #4636,A looping cartoon-squid PFP stacked from painterly trait layers. Minted on Ink.,4636.gif,Wine Paper,No bloom,Bobtail,Dew,Ink Splash,Bare mantle
4637,Inkling #4637,A looping cartoon-squid PFP stacked from painterly trait layers. Minted on Ink.,4637.gif,Charcoal Wash,Teal Mist,Firefly,Dew,Ink Splash,Bare mantle
4638,Inkling #4638,A looping cartoon-squid PFP stacked from painterly trait layers. Minted on Ink.,4638.gif,Cream Rice,Silver Veil,Bobtail,Bright,Red Seal,Ink Ribbon
4639,Inkling #4639,A looping cartoon-squid PFP stacked from painterly trait layers. Minted on Ink.,4639.gif,Peach Dusk,Gold Wash,Glass,Sleepy,Clean mantle,Bare mantle
4640,Inkling #4640,A looping cartoon-squid PFP stacked from painterly trait layers. Minted on Ink.,4640.gif,Celadon Garden,Violet Haze,Cuttle,Wink,Clean mantle,Kelp Flow
4641,Inkling #4641,A looping cartoon-squid PFP stacked from painterly trait layers. Minted on Ink.,4641.gif,Indigo Night,Gold Wash,Cuttle,Ember,Brush Streak,Kelp Flow
4642,Inkling #4642,A looping cartoon-squid PFP stacked from painterly trait layers. Minted on Ink.,4642.gif,Storm Grey,Violet Haze,Bobtail,Bright,Clean mantle,Kelp Flow
4643,Inkling #4643,A looping cartoon-squid PFP stacked from painterly trait layers. Minted on Ink.,4643.gif,Indigo Night,Gold Wash,Inked,Lidded,Clean mantle,Kelp Flow
4644,Inkling #4644,A looping cartoon-squid PFP stacked from painterly trait layers. Minted on Ink.,4644.gif,Wine Paper,No bloom,Glass,Wink,Brush Streak,Kelp Flow
4645,Inkling #4645,A looping cartoon-squid PFP stacked from painterly trait layers. Minted on Ink.,4645.gif,Rose Gold,Coral Glow,Bobtail,Sleepy,Clean mantle,Kelp Flow
4646,Inkling #4646,A looping cartoon-squid PFP stacked from painterly trait layers. Minted on Ink.,4646.gif,Celadon Garden,Coral Glow,Bobtail,Wink,Brush Streak,Pearl Cluster
4647,Inkling #4647,A looping cartoon-squid PFP stacked from painterly trait layers. Minted on Ink.,4647.gif,Storm Grey,Violet Haze,Dumbo,Dew,Ink Splash,Pearl Cluster
4648,Inkling #4648,A looping cartoon-squid PFP stacked from painterly trait layers. Minted on Ink.,4648.gif,Charcoal Wash,Coral Glow,Giant,Sleepy,Clean mantle,Kelp Flow
4649,Inkling #4649,A looping cartoon-squid PFP stacked from painterly trait layers. Minted on Ink.,4649.gif,Cream Rice,Violet Haze,Dumbo,Wink,Clean mantle,Pearl Cluster
4650,Inkling #4650,A looping cartoon-squid PFP stacked from painterly trait layers. Minted on Ink.,4650.gif,Cream Rice,No bloom,Cuttle,Ember,Red Seal,Wash Hood
4651,Inkling #4651,A looping cartoon-squid PFP stacked from painterly trait layers. Minted on Ink.,4651.gif,Charcoal Wash,Gold Wash,Bobtail,Sleepy,Brush Streak,Soft Crown
4652,Inkling #4652,A looping cartoon-squid PFP stacked from painterly trait layers. Minted on Ink.,4652.gif,Rose Gold,Coral Glow,Bobtail,Bright,Clean mantle,Soft Crown
4653,Inkling #4653,A looping cartoon-squid PFP stacked from painterly trait layers. Minted on Ink.,4653.gif,Peach Dusk,Violet Haze,Reef,Sleepy,Ink Splash,Bare mantle
4654,Inkling #4654,A looping cartoon-squid PFP stacked from painterly trait layers. Minted on Ink.,4654.gif,Indigo Night,No bloom,Firefly,Sleepy,Ink Splash,Wash Hood
4655,Inkling #4655,A looping cartoon-squid PFP stacked from painterly trait layers. Minted on Ink.,4655.gif,Wine Paper,Silver Veil,Reef,Sleepy,Brush Streak,Soft Crown
4656,Inkling #4656,A looping cartoon-squid PFP stacked from painterly trait layers. Minted on Ink.,4656.gif,Cream Rice,Gold Wash,Bobtail,Lidded,Ink Splash,Bare mantle
4657,Inkling #4657,A looping cartoon-squid PFP stacked from painterly trait layers. Minted on Ink.,4657.gif,Cream Rice,Coral Glow,Dumbo,Ember,Clean mantle,Pearl Cluster
4658,Inkling #4658,A looping cartoon-squid PFP stacked from painterly trait layers. Minted on Ink.,4658.gif,Celadon Garden,Silver Veil,Cuttle,Lidded,Ink Splash,Ink Ribbon
4659,Inkling #4659,A looping cartoon-squid PFP stacked from painterly trait layers. Minted on Ink.,4659.gif,Indigo Night,No bloom,Reef,Lidded,Ink Splash,Ink Ribbon
4660,Inkling #4660,A looping cartoon-squid PFP stacked from painterly trait layers. Minted on Ink.,4660.gif,Indigo Night,Coral Glow,Reef,Wink,Ink Splash,Bare mantle
4661,Inkling #4661,A looping cartoon-squid PFP stacked from painterly trait layers. Minted on Ink.,4661.gif,Celadon Garden,Violet Haze,Bobtail,Ember,Brush Streak,Ink Ribbon
4662,Inkling #4662,A looping cartoon-squid PFP stacked from painterly trait layers. Minted on Ink.,4662.gif,Indigo Night,No bloom,Firefly,Bright,Ink Splash,Ink Ribbon
4663,Inkling #4663,A looping cartoon-squid PFP stacked from painterly trait layers. Minted on Ink.,4663.gif,Cream Rice,Gold Wash,Inked,Bright,Red Seal,Pearl Cluster
4664,Inkling #4664,A looping cartoon-squid PFP stacked from painterly trait layers. Minted on Ink.,4664.gif,Wine Paper,Violet Haze,Dumbo,Wink,Brush Streak,Pearl Cluster
4665,Inkling #4665,A looping cartoon-squid PFP stacked from painterly trait layers. Minted on Ink.,4665.gif,Peach Dusk,Gold Wash,Reef,Ember,Red Seal,Bare mantle
4666,Inkling #4666,A looping cartoon-squid PFP stacked from painterly trait layers. Minted on Ink.,4666.gif,Cream Rice,Gold Wash,Reef,Wink,Clean mantle,Ink Ribbon
4667,Inkling #4667,A looping cartoon-squid PFP stacked from painterly trait layers. Minted on Ink.,4667.gif,Celadon Garden,No bloom,Cuttle,Wink,Ink Splash,Soft Crown
4668,Inkling #4668,A looping cartoon-squid PFP stacked from painterly trait layers. Minted on Ink.,4668.gif,Cream Rice,Gold Wash,Firefly,Ember,Ink Splash,Pearl Cluster
4669,Inkling #4669,A looping cartoon-squid PFP stacked from painterly trait layers. Minted on Ink.,4669.gif,Peach Dusk,Teal Mist,Inked,Dew,Slow Drip,Wash Hood
4670,Inkling #4670,A looping cartoon-squid PFP stacked from painterly trait layers. Minted on Ink.,4670.gif,Cream Rice,Violet Haze,Glass,Bright,Ink Splash,Kelp Flow
4671,Inkling #4671,A looping cartoon-squid PFP stacked from painterly trait layers. Minted on Ink.,4671.gif,Charcoal Wash,Violet Haze,Cuttle,Lidded,Red Seal,Ink Ribbon
4672,Inkling #4672,A looping cartoon-squid PFP stacked from painterly trait layers. Minted on Ink.,4672.gif,Cream Rice,Violet Haze,Firefly,Bright,Red Seal,Kelp Flow
4673,Inkling #4673,A looping cartoon-squid PFP stacked from painterly trait layers. Minted on Ink.,4673.gif,Storm Grey,Coral Glow,Reef,Lidded,Ink Splash,Kelp Flow
4674,Inkling #4674,A looping cartoon-squid PFP stacked from painterly trait layers. Minted on Ink.,4674.gif,Rose Gold,Gold Wash,Giant,Ember,Clean mantle,Pearl Cluster
4675,Inkling #4675,A looping cartoon-squid PFP stacked from painterly trait layers. Minted on Ink.,4675.gif,Charcoal Wash,Coral Glow,Reef,Wink,Clean mantle,Wash Hood
4676,Inkling #4676,A looping cartoon-squid PFP stacked from painterly trait layers. Minted on Ink.,4676.gif,Indigo Night,No bloom,Glass,Lidded,Slow Drip,Kelp Flow
4677,Inkling #4677,A looping cartoon-squid PFP stacked from painterly trait layers. Minted on Ink.,4677.gif,Wine Paper,No bloom,Giant,Bright,Slow Drip,Wash Hood
4678,Inkling #4678,A looping cartoon-squid PFP stacked from painterly trait layers. Minted on Ink.,4678.gif,Rose Gold,Gold Wash,Glass,Dew,Red Seal,Ink Ribbon
4679,Inkling #4679,A looping cartoon-squid PFP stacked from painterly trait layers. Minted on Ink.,4679.gif,Celadon Garden,Violet Haze,Glass,Bright,Slow Drip,Soft Crown
4680,Inkling #4680,A looping cartoon-squid PFP stacked from painterly trait layers. Minted on Ink.,4680.gif,Storm Grey,Violet Haze,Firefly,Bright,Clean mantle,Bare mantle
4681,Inkling #4681,A looping cartoon-squid PFP stacked from painterly trait layers. Minted on Ink.,4681.gif,Indigo Night,Gold Wash,Giant,Wink,Clean mantle,Ink Ribbon
4682,Inkling #4682,A looping cartoon-squid PFP stacked from painterly trait layers. Minted on Ink.,4682.gif,Rose Gold,No bloom,Cuttle,Wink,Brush Streak,Kelp Flow
4683,Inkling #4683,A looping cartoon-squid PFP stacked from painterly trait layers. Minted on Ink.,4683.gif,Rose Gold,Violet Haze,Reef,Lidded,Clean mantle,Ink Ribbon
4684,Inkling #4684,A looping cartoon-squid PFP stacked from painterly trait layers. Minted on Ink.,4684.gif,Indigo Night,Gold Wash,Dumbo,Sleepy,Brush Streak,Bare mantle
4685,Inkling #4685,A looping cartoon-squid PFP stacked from painterly trait layers. Minted on Ink.,4685.gif,Charcoal Wash,No bloom,Bobtail,Wink,Slow Drip,Pearl Cluster
4686,Inkling #4686,A looping cartoon-squid PFP stacked from painterly trait layers. Minted on Ink.,4686.gif,Wine Paper,Violet Haze,Cuttle,Lidded,Clean mantle,Pearl Cluster
4687,Inkling #4687,A looping cartoon-squid PFP stacked from painterly trait layers. Minted on Ink.,4687.gif,Peach Dusk,Gold Wash,Cuttle,Lidded,Ink Splash,Bare mantle
4688,Inkling #4688,A looping cartoon-squid PFP stacked from painterly trait layers. Minted on Ink.,4688.gif,Peach Dusk,Coral Glow,Glass,Ember,Clean mantle,Pearl Cluster
4689,Inkling #4689,A looping cartoon-squid PFP stacked from painterly trait layers. Minted on Ink.,4689.gif,Wine Paper,No bloom,Cuttle,Ember,Red Seal,Kelp Flow
4690,Inkling #4690,A looping cartoon-squid PFP stacked from painterly trait layers. Minted on Ink.,4690.gif,Indigo Night,Violet Haze,Dumbo,Lidded,Clean mantle,Kelp Flow
4691,Inkling #4691,A looping cartoon-squid PFP stacked from painterly trait layers. Minted on Ink.,4691.gif,Charcoal Wash,Violet Haze,Firefly,Bright,Clean mantle,Ink Ribbon
4692,Inkling #4692,A looping cartoon-squid PFP stacked from painterly trait layers. Minted on Ink.,4692.gif,Indigo Night,Coral Glow,Inked,Wink,Ink Splash,Kelp Flow
4693,Inkling #4693,A looping cartoon-squid PFP stacked from painterly trait layers. Minted on Ink.,4693.gif,Peach Dusk,No bloom,Bobtail,Wink,Red Seal,Bare mantle
4694,Inkling #4694,A looping cartoon-squid PFP stacked from painterly trait layers. Minted on Ink.,4694.gif,Indigo Night,Teal Mist,Dumbo,Dew,Clean mantle,Wash Hood
4695,Inkling #4695,A looping cartoon-squid PFP stacked from painterly trait layers. Minted on Ink.,4695.gif,Storm Grey,Gold Wash,Bobtail,Bright,Clean mantle,Pearl Cluster
4696,Inkling #4696,A looping cartoon-squid PFP stacked from painterly trait layers. Minted on Ink.,4696.gif,Cream Rice,Coral Glow,Firefly,Dew,Brush Streak,Soft Crown
4697,Inkling #4697,A looping cartoon-squid PFP stacked from painterly trait layers. Minted on Ink.,4697.gif,Celadon Garden,Gold Wash,Glass,Lidded,Clean mantle,Pearl Cluster
4698,Inkling #4698,A looping cartoon-squid PFP stacked from painterly trait layers. Minted on Ink.,4698.gif,Indigo Night,Coral Glow,Firefly,Ember,Brush Streak,Pearl Cluster
4699,Inkling #4699,A looping cartoon-squid PFP stacked from painterly trait layers. Minted on Ink.,4699.gif,Peach Dusk,Teal Mist,Dumbo,Sleepy,Slow Drip,Wash Hood
4700,Inkling #4700,A looping cartoon-squid PFP stacked from painterly trait layers. Minted on Ink.,4700.gif,Peach Dusk,Gold Wash,Glass,Sleepy,Ink Splash,Ink Ribbon
4701,Inkling #4701,A looping cartoon-squid PFP stacked from painterly trait layers. Minted on Ink.,4701.gif,Peach Dusk,Coral Glow,Cuttle,Wink,Brush Streak,Kelp Flow
4702,Inkling #4702,A looping cartoon-squid PFP stacked from painterly trait layers. Minted on Ink.,4702.gif,Charcoal Wash,Teal Mist,Bobtail,Sleepy,Clean mantle,Wash Hood
4703,Inkling #4703,A looping cartoon-squid PFP stacked from painterly trait layers. Minted on Ink.,4703.gif,Charcoal Wash,Gold Wash,Dumbo,Lidded,Clean mantle,Pearl Cluster
4704,Inkling #4704,A looping cartoon-squid PFP stacked from painterly trait layers. Minted on Ink.,4704.gif,Celadon Garden,Violet Haze,Reef,Lidded,Clean mantle,Bare mantle
4705,Inkling #4705,A looping cartoon-squid PFP stacked from painterly trait layers. Minted on Ink.,4705.gif,Indigo Night,Violet Haze,Giant,Sleepy,Ink Splash,Ink Ribbon
4706,Inkling #4706,A looping cartoon-squid PFP stacked from painterly trait layers. Minted on Ink.,4706.gif,Indigo Night,Silver Veil,Bobtail,Ember,Brush Streak,Pearl Cluster
4707,Inkling #4707,A looping cartoon-squid PFP stacked from painterly trait layers. Minted on Ink.,4707.gif,Charcoal Wash,Violet Haze,Glass,Sleepy,Clean mantle,Kelp Flow
4708,Inkling #4708,A looping cartoon-squid PFP stacked from painterly trait layers. Minted on Ink.,4708.gif,Peach Dusk,Violet Haze,Bobtail,Sleepy,Brush Streak,Kelp Flow
4709,Inkling #4709,A looping cartoon-squid PFP stacked from painterly trait layers. Minted on Ink.,4709.gif,Storm Grey,Violet Haze,Giant,Bright,Clean mantle,Kelp Flow
4710,Inkling #4710,A looping cartoon-squid PFP stacked from painterly trait layers. Minted on Ink.,4710.gif,Cream Rice,Teal Mist,Dumbo,Dew,Clean mantle,Soft Crown
4711,Inkling #4711,A looping cartoon-squid PFP stacked from painterly trait layers. Minted on Ink.,4711.gif,Wine Paper,Teal Mist,Firefly,Sleepy,Clean mantle,Ink Ribbon
4712,Inkling #4712,A looping cartoon-squid PFP stacked from painterly trait layers. Minted on Ink.,4712.gif,Celadon Garden,No bloom,Cuttle,Bright,Red Seal,Wash Hood
4713,Inkling #4713,A looping cartoon-squid PFP stacked from painterly trait layers. Minted on Ink.,4713.gif,Storm Grey,Silver Veil,Reef,Dew,Brush Streak,Bare mantle
4714,Inkling #4714,A looping cartoon-squid PFP stacked from painterly trait layers. Minted on Ink.,4714.gif,Rose Gold,Coral Glow,Cuttle,Dew,Brush Streak,Soft Crown
4715,Inkling #4715,A looping cartoon-squid PFP stacked from painterly trait layers. Minted on Ink.,4715.gif,Celadon Garden,Silver Veil,Giant,Wink,Slow Drip,Bare mantle
4716,Inkling #4716,A looping cartoon-squid PFP stacked from painterly trait layers. Minted on Ink.,4716.gif,Charcoal Wash,No bloom,Cuttle,Bright,Red Seal,Wash Hood
4717,Inkling #4717,A looping cartoon-squid PFP stacked from painterly trait layers. Minted on Ink.,4717.gif,Charcoal Wash,Teal Mist,Bobtail,Sleepy,Clean mantle,Bare mantle
4718,Inkling #4718,A looping cartoon-squid PFP stacked from painterly trait layers. Minted on Ink.,4718.gif,Charcoal Wash,No bloom,Bobtail,Wink,Ink Splash,Bare mantle
4719,Inkling #4719,A looping cartoon-squid PFP stacked from painterly trait layers. Minted on Ink.,4719.gif,Charcoal Wash,Violet Haze,Glass,Bright,Clean mantle,Ink Ribbon
4720,Inkling #4720,A looping cartoon-squid PFP stacked from painterly trait layers. Minted on Ink.,4720.gif,Charcoal Wash,No bloom,Dumbo,Sleepy,Slow Drip,Kelp Flow
4721,Inkling #4721,A looping cartoon-squid PFP stacked from painterly trait layers. Minted on Ink.,4721.gif,Celadon Garden,Gold Wash,Firefly,Dew,Clean mantle,Soft Crown
4722,Inkling #4722,A looping cartoon-squid PFP stacked from painterly trait layers. Minted on Ink.,4722.gif,Wine Paper,Silver Veil,Reef,Dew,Clean mantle,Kelp Flow
4723,Inkling #4723,A looping cartoon-squid PFP stacked from painterly trait layers. Minted on Ink.,4723.gif,Indigo Night,Coral Glow,Bobtail,Bright,Ink Splash,Pearl Cluster
4724,Inkling #4724,A looping cartoon-squid PFP stacked from painterly trait layers. Minted on Ink.,4724.gif,Peach Dusk,Gold Wash,Bobtail,Bright,Clean mantle,Ink Ribbon
4725,Inkling #4725,A looping cartoon-squid PFP stacked from painterly trait layers. Minted on Ink.,4725.gif,Indigo Night,Violet Haze,Cuttle,Wink,Brush Streak,Ink Ribbon
4726,Inkling #4726,A looping cartoon-squid PFP stacked from painterly trait layers. Minted on Ink.,4726.gif,Cream Rice,Violet Haze,Dumbo,Dew,Red Seal,Bare mantle
4727,Inkling #4727,A looping cartoon-squid PFP stacked from painterly trait layers. Minted on Ink.,4727.gif,Indigo Night,Violet Haze,Bobtail,Ember,Slow Drip,Bare mantle
4728,Inkling #4728,A looping cartoon-squid PFP stacked from painterly trait layers. Minted on Ink.,4728.gif,Rose Gold,Coral Glow,Reef,Sleepy,Brush Streak,Ink Ribbon
4729,Inkling #4729,A looping cartoon-squid PFP stacked from painterly trait layers. Minted on Ink.,4729.gif,Charcoal Wash,Coral Glow,Firefly,Bright,Slow Drip,Kelp Flow
4730,Inkling #4730,A looping cartoon-squid PFP stacked from painterly trait layers. Minted on Ink.,4730.gif,Rose Gold,Gold Wash,Inked,Ember,Red Seal,Wash Hood
4731,Inkling #4731,A looping cartoon-squid PFP stacked from painterly trait layers. Minted on Ink.,4731.gif,Charcoal Wash,Violet Haze,Giant,Sleepy,Brush Streak,Pearl Cluster
4732,Inkling #4732,A looping cartoon-squid PFP stacked from painterly trait layers. Minted on Ink.,4732.gif,Storm Grey,No bloom,Inked,Wink,Clean mantle,Pearl Cluster
4733,Inkling #4733,A looping cartoon-squid PFP stacked from painterly trait layers. Minted on Ink.,4733.gif,Rose Gold,Coral Glow,Reef,Lidded,Red Seal,Bare mantle
4734,Inkling #4734,A looping cartoon-squid PFP stacked from painterly trait layers. Minted on Ink.,4734.gif,Indigo Night,No bloom,Inked,Lidded,Red Seal,Bare mantle
4735,Inkling #4735,A looping cartoon-squid PFP stacked from painterly trait layers. Minted on Ink.,4735.gif,Rose Gold,No bloom,Inked,Wink,Brush Streak,Bare mantle
4736,Inkling #4736,A looping cartoon-squid PFP stacked from painterly trait layers. Minted on Ink.,4736.gif,Cream Rice,Violet Haze,Reef,Dew,Clean mantle,Pearl Cluster
4737,Inkling #4737,A looping cartoon-squid PFP stacked from painterly trait layers. Minted on Ink.,4737.gif,Celadon Garden,Violet Haze,Reef,Ember,Clean mantle,Wash Hood
4738,Inkling #4738,A looping cartoon-squid PFP stacked from painterly trait layers. Minted on Ink.,4738.gif,Indigo Night,Gold Wash,Glass,Ember,Ink Splash,Bare mantle
4739,Inkling #4739,A looping cartoon-squid PFP stacked from painterly trait layers. Minted on Ink.,4739.gif,Charcoal Wash,Silver Veil,Glass,Bright,Slow Drip,Bare mantle
4740,Inkling #4740,A looping cartoon-squid PFP stacked from painterly trait layers. Minted on Ink.,4740.gif,Rose Gold,Teal Mist,Glass,Wink,Slow Drip,Bare mantle
4741,Inkling #4741,A looping cartoon-squid PFP stacked from painterly trait layers. Minted on Ink.,4741.gif,Celadon Garden,Teal Mist,Cuttle,Dew,Brush Streak,Kelp Flow
4742,Inkling #4742,A looping cartoon-squid PFP stacked from painterly trait layers. Minted on Ink.,4742.gif,Peach Dusk,Violet Haze,Dumbo,Bright,Red Seal,Ink Ribbon
4743,Inkling #4743,A looping cartoon-squid PFP stacked from painterly trait layers. Minted on Ink.,4743.gif,Wine Paper,Teal Mist,Firefly,Ember,Clean mantle,Bare mantle
4744,Inkling #4744,A looping cartoon-squid PFP stacked from painterly trait layers. Minted on Ink.,4744.gif,Celadon Garden,Gold Wash,Dumbo,Lidded,Clean mantle,Kelp Flow
4745,Inkling #4745,A looping cartoon-squid PFP stacked from painterly trait layers. Minted on Ink.,4745.gif,Storm Grey,Coral Glow,Firefly,Wink,Clean mantle,Kelp Flow
4746,Inkling #4746,A looping cartoon-squid PFP stacked from painterly trait layers. Minted on Ink.,4746.gif,Storm Grey,Violet Haze,Bobtail,Sleepy,Brush Streak,Ink Ribbon
4747,Inkling #4747,A looping cartoon-squid PFP stacked from painterly trait layers. Minted on Ink.,4747.gif,Charcoal Wash,No bloom,Cuttle,Ember,Slow Drip,Kelp Flow
4748,Inkling #4748,A looping cartoon-squid PFP stacked from painterly trait layers. Minted on Ink.,4748.gif,Charcoal Wash,Violet Haze,Inked,Bright,Clean mantle,Bare mantle
4749,Inkling #4749,A looping cartoon-squid PFP stacked from painterly trait layers. Minted on Ink.,4749.gif,Indigo Night,Coral Glow,Bobtail,Dew,Ink Splash,Kelp Flow
4750,Inkling #4750,A looping cartoon-squid PFP stacked from painterly trait layers. Minted on Ink.,4750.gif,Cream Rice,Violet Haze,Inked,Bright,Clean mantle,Ink Ribbon
4751,Inkling #4751,A looping cartoon-squid PFP stacked from painterly trait layers. Minted on Ink.,4751.gif,Indigo Night,Teal Mist,Cuttle,Bright,Slow Drip,Pearl Cluster
4752,Inkling #4752,A looping cartoon-squid PFP stacked from painterly trait layers. Minted on Ink.,4752.gif,Cream Rice,Silver Veil,Giant,Ember,Red Seal,Kelp Flow
4753,Inkling #4753,A looping cartoon-squid PFP stacked from painterly trait layers. Minted on Ink.,4753.gif,Celadon Garden,Gold Wash,Dumbo,Dew,Clean mantle,Soft Crown
4754,Inkling #4754,A looping cartoon-squid PFP stacked from painterly trait layers. Minted on Ink.,4754.gif,Wine Paper,No bloom,Cuttle,Sleepy,Ink Splash,Kelp Flow
4755,Inkling #4755,A looping cartoon-squid PFP stacked from painterly trait layers. Minted on Ink.,4755.gif,Storm Grey,Violet Haze,Inked,Dew,Clean mantle,Ink Ribbon
4756,Inkling #4756,A looping cartoon-squid PFP stacked from painterly trait layers. Minted on Ink.,4756.gif,Peach Dusk,Gold Wash,Bobtail,Lidded,Ink Splash,Bare mantle
4757,Inkling #4757,A looping cartoon-squid PFP stacked from painterly trait layers. Minted on Ink.,4757.gif,Wine Paper,Coral Glow,Inked,Bright,Ink Splash,Soft Crown
4758,Inkling #4758,A looping cartoon-squid PFP stacked from painterly trait layers. Minted on Ink.,4758.gif,Charcoal Wash,No bloom,Dumbo,Sleepy,Red Seal,Bare mantle
4759,Inkling #4759,A looping cartoon-squid PFP stacked from painterly trait layers. Minted on Ink.,4759.gif,Charcoal Wash,Teal Mist,Bobtail,Sleepy,Clean mantle,Pearl Cluster
4760,Inkling #4760,A looping cartoon-squid PFP stacked from painterly trait layers. Minted on Ink.,4760.gif,Indigo Night,Coral Glow,Inked,Bright,Clean mantle,Kelp Flow
4761,Inkling #4761,A looping cartoon-squid PFP stacked from painterly trait layers. Minted on Ink.,4761.gif,Storm Grey,Violet Haze,Bobtail,Bright,Clean mantle,Pearl Cluster
4762,Inkling #4762,A looping cartoon-squid PFP stacked from painterly trait layers. Minted on Ink.,4762.gif,Indigo Night,Teal Mist,Glass,Dew,Clean mantle,Wash Hood
4763,Inkling #4763,A looping cartoon-squid PFP stacked from painterly trait layers. Minted on Ink.,4763.gif,Peach Dusk,No bloom,Bobtail,Lidded,Ink Splash,Bare mantle
4764,Inkling #4764,A looping cartoon-squid PFP stacked from painterly trait layers. Minted on Ink.,4764.gif,Indigo Night,No bloom,Reef,Sleepy,Brush Streak,Soft Crown
4765,Inkling #4765,A looping cartoon-squid PFP stacked from painterly trait layers. Minted on Ink.,4765.gif,Charcoal Wash,No bloom,Bobtail,Sleepy,Ink Splash,Kelp Flow
4766,Inkling #4766,A looping cartoon-squid PFP stacked from painterly trait layers. Minted on Ink.,4766.gif,Indigo Night,Coral Glow,Cuttle,Wink,Clean mantle,Wash Hood
4767,Inkling #4767,A looping cartoon-squid PFP stacked from painterly trait layers. Minted on Ink.,4767.gif,Rose Gold,Violet Haze,Reef,Wink,Slow Drip,Bare mantle
4768,Inkling #4768,A looping cartoon-squid PFP stacked from painterly trait layers. Minted on Ink.,4768.gif,Wine Paper,Violet Haze,Glass,Dew,Ink Splash,Pearl Cluster
4769,Inkling #4769,A looping cartoon-squid PFP stacked from painterly trait layers. Minted on Ink.,4769.gif,Rose Gold,No bloom,Dumbo,Bright,Brush Streak,Bare mantle
4770,Inkling #4770,A looping cartoon-squid PFP stacked from painterly trait layers. Minted on Ink.,4770.gif,Storm Grey,Teal Mist,Glass,Ember,Slow Drip,Kelp Flow
4771,Inkling #4771,A looping cartoon-squid PFP stacked from painterly trait layers. Minted on Ink.,4771.gif,Peach Dusk,Silver Veil,Cuttle,Bright,Red Seal,Kelp Flow
4772,Inkling #4772,A looping cartoon-squid PFP stacked from painterly trait layers. Minted on Ink.,4772.gif,Indigo Night,Teal Mist,Cuttle,Lidded,Clean mantle,Soft Crown
4773,Inkling #4773,A looping cartoon-squid PFP stacked from painterly trait layers. Minted on Ink.,4773.gif,Wine Paper,Coral Glow,Giant,Wink,Brush Streak,Kelp Flow
4774,Inkling #4774,A looping cartoon-squid PFP stacked from painterly trait layers. Minted on Ink.,4774.gif,Storm Grey,Coral Glow,Firefly,Dew,Clean mantle,Soft Crown
4775,Inkling #4775,A looping cartoon-squid PFP stacked from painterly trait layers. Minted on Ink.,4775.gif,Peach Dusk,Teal Mist,Glass,Wink,Red Seal,Kelp Flow
4776,Inkling #4776,A looping cartoon-squid PFP stacked from painterly trait layers. Minted on Ink.,4776.gif,Storm Grey,Gold Wash,Dumbo,Dew,Slow Drip,Pearl Cluster
4777,Inkling #4777,A looping cartoon-squid PFP stacked from painterly trait layers. Minted on Ink.,4777.gif,Peach Dusk,Coral Glow,Giant,Ember,Slow Drip,Kelp Flow
4778,Inkling #4778,A looping cartoon-squid PFP stacked from painterly trait layers. Minted on Ink.,4778.gif,Indigo Night,No bloom,Dumbo,Dew,Clean mantle,Ink Ribbon
4779,Inkling #4779,A looping cartoon-squid PFP stacked from painterly trait layers. Minted on Ink.,4779.gif,Celadon Garden,No bloom,Glass,Dew,Clean mantle,Soft Crown
4780,Inkling #4780,A looping cartoon-squid PFP stacked from painterly trait layers. Minted on Ink.,4780.gif,Indigo Night,Violet Haze,Bobtail,Sleepy,Ink Splash,Bare mantle
4781,Inkling #4781,A looping cartoon-squid PFP stacked from painterly trait layers. Minted on Ink.,4781.gif,Cream Rice,Silver Veil,Giant,Bright,Ink Splash,Ink Ribbon
4782,Inkling #4782,A looping cartoon-squid PFP stacked from painterly trait layers. Minted on Ink.,4782.gif,Celadon Garden,No bloom,Bobtail,Dew,Ink Splash,Soft Crown
4783,Inkling #4783,A looping cartoon-squid PFP stacked from painterly trait layers. Minted on Ink.,4783.gif,Storm Grey,Coral Glow,Firefly,Sleepy,Red Seal,Ink Ribbon
4784,Inkling #4784,A looping cartoon-squid PFP stacked from painterly trait layers. Minted on Ink.,4784.gif,Indigo Night,Teal Mist,Firefly,Ember,Clean mantle,Wash Hood
4785,Inkling #4785,A looping cartoon-squid PFP stacked from painterly trait layers. Minted on Ink.,4785.gif,Peach Dusk,Violet Haze,Dumbo,Lidded,Clean mantle,Wash Hood
4786,Inkling #4786,A looping cartoon-squid PFP stacked from painterly trait layers. Minted on Ink.,4786.gif,Peach Dusk,No bloom,Cuttle,Ember,Clean mantle,Soft Crown
4787,Inkling #4787,A looping cartoon-squid PFP stacked from painterly trait layers. Minted on Ink.,4787.gif,Peach Dusk,Silver Veil,Firefly,Bright,Slow Drip,Pearl Cluster
4788,Inkling #4788,A looping cartoon-squid PFP stacked from painterly trait layers. Minted on Ink.,4788.gif,Rose Gold,Silver Veil,Dumbo,Sleepy,Ink Splash,Pearl Cluster
4789,Inkling #4789,A looping cartoon-squid PFP stacked from painterly trait layers. Minted on Ink.,4789.gif,Cream Rice,Gold Wash,Reef,Lidded,Brush Streak,Kelp Flow
4790,Inkling #4790,A looping cartoon-squid PFP stacked from painterly trait layers. Minted on Ink.,4790.gif,Peach Dusk,Teal Mist,Dumbo,Dew,Ink Splash,Wash Hood
4791,Inkling #4791,A looping cartoon-squid PFP stacked from painterly trait layers. Minted on Ink.,4791.gif,Rose Gold,Violet Haze,Cuttle,Bright,Brush Streak,Ink Ribbon
4792,Inkling #4792,A looping cartoon-squid PFP stacked from painterly trait layers. Minted on Ink.,4792.gif,Peach Dusk,Violet Haze,Bobtail,Wink,Ink Splash,Bare mantle
4793,Inkling #4793,A looping cartoon-squid PFP stacked from painterly trait layers. Minted on Ink.,4793.gif,Celadon Garden,Violet Haze,Bobtail,Dew,Clean mantle,Kelp Flow
4794,Inkling #4794,A looping cartoon-squid PFP stacked from painterly trait layers. Minted on Ink.,4794.gif,Rose Gold,Teal Mist,Cuttle,Ember,Clean mantle,Kelp Flow
4795,Inkling #4795,A looping cartoon-squid PFP stacked from painterly trait layers. Minted on Ink.,4795.gif,Cream Rice,Violet Haze,Dumbo,Bright,Clean mantle,Soft Crown
4796,Inkling #4796,A looping cartoon-squid PFP stacked from painterly trait layers. Minted on Ink.,4796.gif,Wine Paper,Violet Haze,Glass,Bright,Ink Splash,Ink Ribbon
4797,Inkling #4797,A looping cartoon-squid PFP stacked from painterly trait layers. Minted on Ink.,4797.gif,Rose Gold,Violet Haze,Bobtail,Ember,Red Seal,Bare mantle
4798,Inkling #4798,A looping cartoon-squid PFP stacked from painterly trait layers. Minted on Ink.,4798.gif,Cream Rice,Teal Mist,Inked,Wink,Slow Drip,Soft Crown
4799,Inkling #4799,A looping cartoon-squid PFP stacked from painterly trait layers. Minted on Ink.,4799.gif,Storm Grey,No bloom,Bobtail,Dew,Red Seal,Ink Ribbon
4800,Inkling #4800,A looping cartoon-squid PFP stacked from painterly trait layers. Minted on Ink.,4800.gif,Celadon Garden,No bloom,Cuttle,Dew,Clean mantle,Ink Ribbon
4801,Inkling #4801,A looping cartoon-squid PFP stacked from painterly trait layers. Minted on Ink.,4801.gif,Charcoal Wash,Teal Mist,Glass,Ember,Ink Splash,Bare mantle
4802,Inkling #4802,A looping cartoon-squid PFP stacked from painterly trait layers. Minted on Ink.,4802.gif,Indigo Night,Gold Wash,Bobtail,Bright,Clean mantle,Pearl Cluster
4803,Inkling #4803,A looping cartoon-squid PFP stacked from painterly trait layers. Minted on Ink.,4803.gif,Storm Grey,Gold Wash,Firefly,Wink,Clean mantle,Soft Crown
4804,Inkling #4804,A looping cartoon-squid PFP stacked from painterly trait layers. Minted on Ink.,4804.gif,Storm Grey,Violet Haze,Giant,Dew,Slow Drip,Bare mantle
4805,Inkling #4805,A looping cartoon-squid PFP stacked from painterly trait layers. Minted on Ink.,4805.gif,Cream Rice,Gold Wash,Reef,Bright,Ink Splash,Wash Hood
4806,Inkling #4806,A looping cartoon-squid PFP stacked from painterly trait layers. Minted on Ink.,4806.gif,Wine Paper,Coral Glow,Cuttle,Ember,Red Seal,Pearl Cluster
4807,Inkling #4807,A looping cartoon-squid PFP stacked from painterly trait layers. Minted on Ink.,4807.gif,Wine Paper,Teal Mist,Glass,Wink,Ink Splash,Ink Ribbon
4808,Inkling #4808,A looping cartoon-squid PFP stacked from painterly trait layers. Minted on Ink.,4808.gif,Peach Dusk,Silver Veil,Firefly,Ember,Ink Splash,Soft Crown
4809,Inkling #4809,A looping cartoon-squid PFP stacked from painterly trait layers. Minted on Ink.,4809.gif,Rose Gold,No bloom,Cuttle,Bright,Clean mantle,Kelp Flow
4810,Inkling #4810,A looping cartoon-squid PFP stacked from painterly trait layers. Minted on Ink.,4810.gif,Charcoal Wash,Silver Veil,Bobtail,Bright,Brush Streak,Ink Ribbon
4811,Inkling #4811,A looping cartoon-squid PFP stacked from painterly trait layers. Minted on Ink.,4811.gif,Charcoal Wash,Silver Veil,Cuttle,Bright,Brush Streak,Pearl Cluster
4812,Inkling #4812,A looping cartoon-squid PFP stacked from painterly trait layers. Minted on Ink.,4812.gif,Indigo Night,Gold Wash,Cuttle,Ember,Ink Splash,Bare mantle
4813,Inkling #4813,A looping cartoon-squid PFP stacked from painterly trait layers. Minted on Ink.,4813.gif,Cream Rice,Gold Wash,Cuttle,Sleepy,Clean mantle,Wash Hood
4814,Inkling #4814,A looping cartoon-squid PFP stacked from painterly trait layers. Minted on Ink.,4814.gif,Cream Rice,No bloom,Bobtail,Dew,Brush Streak,Pearl Cluster
4815,Inkling #4815,A looping cartoon-squid PFP stacked from painterly trait layers. Minted on Ink.,4815.gif,Celadon Garden,Gold Wash,Cuttle,Lidded,Slow Drip,Kelp Flow
4816,Inkling #4816,A looping cartoon-squid PFP stacked from painterly trait layers. Minted on Ink.,4816.gif,Rose Gold,Coral Glow,Reef,Wink,Ink Splash,Ink Ribbon
4817,Inkling #4817,A looping cartoon-squid PFP stacked from painterly trait layers. Minted on Ink.,4817.gif,Rose Gold,No bloom,Bobtail,Lidded,Clean mantle,Kelp Flow
4818,Inkling #4818,A looping cartoon-squid PFP stacked from painterly trait layers. Minted on Ink.,4818.gif,Peach Dusk,No bloom,Inked,Dew,Clean mantle,Bare mantle
4819,Inkling #4819,A looping cartoon-squid PFP stacked from painterly trait layers. Minted on Ink.,4819.gif,Celadon Garden,Teal Mist,Firefly,Bright,Ink Splash,Soft Crown
4820,Inkling #4820,A looping cartoon-squid PFP stacked from painterly trait layers. Minted on Ink.,4820.gif,Storm Grey,Violet Haze,Dumbo,Sleepy,Ink Splash,Soft Crown
4821,Inkling #4821,A looping cartoon-squid PFP stacked from painterly trait layers. Minted on Ink.,4821.gif,Rose Gold,Coral Glow,Firefly,Lidded,Clean mantle,Soft Crown
4822,Inkling #4822,A looping cartoon-squid PFP stacked from painterly trait layers. Minted on Ink.,4822.gif,Wine Paper,Teal Mist,Dumbo,Bright,Clean mantle,Bare mantle
4823,Inkling #4823,A looping cartoon-squid PFP stacked from painterly trait layers. Minted on Ink.,4823.gif,Wine Paper,No bloom,Reef,Bright,Slow Drip,Wash Hood
4824,Inkling #4824,A looping cartoon-squid PFP stacked from painterly trait layers. Minted on Ink.,4824.gif,Wine Paper,Coral Glow,Dumbo,Ember,Clean mantle,Bare mantle
4825,Inkling #4825,A looping cartoon-squid PFP stacked from painterly trait layers. Minted on Ink.,4825.gif,Indigo Night,Coral Glow,Bobtail,Lidded,Ink Splash,Ink Ribbon
4826,Inkling #4826,A looping cartoon-squid PFP stacked from painterly trait layers. Minted on Ink.,4826.gif,Celadon Garden,No bloom,Inked,Sleepy,Red Seal,Wash Hood
4827,Inkling #4827,A looping cartoon-squid PFP stacked from painterly trait layers. Minted on Ink.,4827.gif,Peach Dusk,Gold Wash,Cuttle,Lidded,Clean mantle,Wash Hood
4828,Inkling #4828,A looping cartoon-squid PFP stacked from painterly trait layers. Minted on Ink.,4828.gif,Indigo Night,Silver Veil,Inked,Bright,Ink Splash,Bare mantle
4829,Inkling #4829,A looping cartoon-squid PFP stacked from painterly trait layers. Minted on Ink.,4829.gif,Rose Gold,Gold Wash,Glass,Bright,Ink Splash,Kelp Flow
4830,Inkling #4830,A looping cartoon-squid PFP stacked from painterly trait layers. Minted on Ink.,4830.gif,Indigo Night,Violet Haze,Cuttle,Bright,Clean mantle,Wash Hood
4831,Inkling #4831,A looping cartoon-squid PFP stacked from painterly trait layers. Minted on Ink.,4831.gif,Celadon Garden,Violet Haze,Dumbo,Dew,Red Seal,Kelp Flow
4832,Inkling #4832,A looping cartoon-squid PFP stacked from painterly trait layers. Minted on Ink.,4832.gif,Storm Grey,Teal Mist,Inked,Ember,Ink Splash,Bare mantle
4833,Inkling #4833,A looping cartoon-squid PFP stacked from painterly trait layers. Minted on Ink.,4833.gif,Cream Rice,Silver Veil,Bobtail,Bright,Clean mantle,Pearl Cluster
4834,Inkling #4834,A looping cartoon-squid PFP stacked from painterly trait layers. Minted on Ink.,4834.gif,Indigo Night,No bloom,Cuttle,Dew,Clean mantle,Pearl Cluster
4835,Inkling #4835,A looping cartoon-squid PFP stacked from painterly trait layers. Minted on Ink.,4835.gif,Peach Dusk,Violet Haze,Dumbo,Sleepy,Slow Drip,Bare mantle
4836,Inkling #4836,A looping cartoon-squid PFP stacked from painterly trait layers. Minted on Ink.,4836.gif,Wine Paper,Violet Haze,Reef,Wink,Brush Streak,Kelp Flow
4837,Inkling #4837,A looping cartoon-squid PFP stacked from painterly trait layers. Minted on Ink.,4837.gif,Rose Gold,Violet Haze,Dumbo,Lidded,Red Seal,Ink Ribbon
4838,Inkling #4838,A looping cartoon-squid PFP stacked from painterly trait layers. Minted on Ink.,4838.gif,Indigo Night,No bloom,Firefly,Bright,Clean mantle,Bare mantle
4839,Inkling #4839,A looping cartoon-squid PFP stacked from painterly trait layers. Minted on Ink.,4839.gif,Celadon Garden,Silver Veil,Firefly,Ember,Brush Streak,Ink Ribbon
4840,Inkling #4840,A looping cartoon-squid PFP stacked from painterly trait layers. Minted on Ink.,4840.gif,Indigo Night,Violet Haze,Reef,Bright,Red Seal,Wash Hood
4841,Inkling #4841,A looping cartoon-squid PFP stacked from painterly trait layers. Minted on Ink.,4841.gif,Cream Rice,Teal Mist,Bobtail,Dew,Brush Streak,Kelp Flow
4842,Inkling #4842,A looping cartoon-squid PFP stacked from painterly trait layers. Minted on Ink.,4842.gif,Charcoal Wash,No bloom,Glass,Bright,Ink Splash,Ink Ribbon
4843,Inkling #4843,A looping cartoon-squid PFP stacked from painterly trait layers. Minted on Ink.,4843.gif,Rose Gold,Gold Wash,Bobtail,Ember,Red Seal,Bare mantle
4844,Inkling #4844,A looping cartoon-squid PFP stacked from painterly trait layers. Minted on Ink.,4844.gif,Rose Gold,Coral Glow,Inked,Ember,Clean mantle,Wash Hood
4845,Inkling #4845,A looping cartoon-squid PFP stacked from painterly trait layers. Minted on Ink.,4845.gif,Cream Rice,Silver Veil,Giant,Dew,Brush Streak,Bare mantle
4846,Inkling #4846,A looping cartoon-squid PFP stacked from painterly trait layers. Minted on Ink.,4846.gif,Rose Gold,Gold Wash,Cuttle,Ember,Clean mantle,Pearl Cluster
4847,Inkling #4847,A looping cartoon-squid PFP stacked from painterly trait layers. Minted on Ink.,4847.gif,Cream Rice,Teal Mist,Giant,Sleepy,Clean mantle,Soft Crown
4848,Inkling #4848,A looping cartoon-squid PFP stacked from painterly trait layers. Minted on Ink.,4848.gif,Peach Dusk,Gold Wash,Cuttle,Bright,Red Seal,Ink Ribbon
4849,Inkling #4849,A looping cartoon-squid PFP stacked from painterly trait layers. Minted on Ink.,4849.gif,Celadon Garden,Silver Veil,Dumbo,Sleepy,Clean mantle,Soft Crown
4850,Inkling #4850,A looping cartoon-squid PFP stacked from painterly trait layers. Minted on Ink.,4850.gif,Cream Rice,No bloom,Firefly,Bright,Clean mantle,Pearl Cluster
4851,Inkling #4851,A looping cartoon-squid PFP stacked from painterly trait layers. Minted on Ink.,4851.gif,Indigo Night,Coral Glow,Cuttle,Bright,Clean mantle,Kelp Flow
4852,Inkling #4852,A looping cartoon-squid PFP stacked from painterly trait layers. Minted on Ink.,4852.gif,Storm Grey,Teal Mist,Cuttle,Dew,Clean mantle,Kelp Flow
4853,Inkling #4853,A looping cartoon-squid PFP stacked from painterly trait layers. Minted on Ink.,4853.gif,Storm Grey,Gold Wash,Glass,Dew,Ink Splash,Kelp Flow
4854,Inkling #4854,A looping cartoon-squid PFP stacked from painterly trait layers. Minted on Ink.,4854.gif,Indigo Night,Silver Veil,Giant,Lidded,Clean mantle,Soft Crown
4855,Inkling #4855,A looping cartoon-squid PFP stacked from painterly trait layers. Minted on Ink.,4855.gif,Wine Paper,Silver Veil,Inked,Ember,Red Seal,Ink Ribbon
4856,Inkling #4856,A looping cartoon-squid PFP stacked from painterly trait layers. Minted on Ink.,4856.gif,Celadon Garden,Violet Haze,Giant,Bright,Ink Splash,Ink Ribbon
4857,Inkling #4857,A looping cartoon-squid PFP stacked from painterly trait layers. Minted on Ink.,4857.gif,Storm Grey,No bloom,Inked,Bright,Brush Streak,Ink Ribbon
4858,Inkling #4858,A looping cartoon-squid PFP stacked from painterly trait layers. Minted on Ink.,4858.gif,Rose Gold,Teal Mist,Glass,Lidded,Brush Streak,Soft Crown
4859,Inkling #4859,A looping cartoon-squid PFP stacked from painterly trait layers. Minted on Ink.,4859.gif,Storm Grey,Coral Glow,Glass,Bright,Ink Splash,Ink Ribbon
4860,Inkling #4860,A looping cartoon-squid PFP stacked from painterly trait layers. Minted on Ink.,4860.gif,Indigo Night,No bloom,Dumbo,Lidded,Clean mantle,Ink Ribbon
4861,Inkling #4861,A looping cartoon-squid PFP stacked from painterly trait layers. Minted on Ink.,4861.gif,Cream Rice,No bloom,Firefly,Sleepy,Clean mantle,Pearl Cluster
4862,Inkling #4862,A looping cartoon-squid PFP stacked from painterly trait layers. Minted on Ink.,4862.gif,Peach Dusk,Coral Glow,Bobtail,Wink,Ink Splash,Pearl Cluster
4863,Inkling #4863,A looping cartoon-squid PFP stacked from painterly trait layers. Minted on Ink.,4863.gif,Rose Gold,Violet Haze,Inked,Bright,Clean mantle,Kelp Flow
4864,Inkling #4864,A looping cartoon-squid PFP stacked from painterly trait layers. Minted on Ink.,4864.gif,Wine Paper,No bloom,Cuttle,Sleepy,Slow Drip,Pearl Cluster
4865,Inkling #4865,A looping cartoon-squid PFP stacked from painterly trait layers. Minted on Ink.,4865.gif,Cream Rice,Violet Haze,Glass,Dew,Red Seal,Wash Hood
4866,Inkling #4866,A looping cartoon-squid PFP stacked from painterly trait layers. Minted on Ink.,4866.gif,Charcoal Wash,Teal Mist,Firefly,Bright,Clean mantle,Kelp Flow
4867,Inkling #4867,A looping cartoon-squid PFP stacked from painterly trait layers. Minted on Ink.,4867.gif,Celadon Garden,No bloom,Cuttle,Bright,Slow Drip,Kelp Flow
4868,Inkling #4868,A looping cartoon-squid PFP stacked from painterly trait layers. Minted on Ink.,4868.gif,Charcoal Wash,Coral Glow,Reef,Dew,Clean mantle,Pearl Cluster
4869,Inkling #4869,A looping cartoon-squid PFP stacked from painterly trait layers. Minted on Ink.,4869.gif,Cream Rice,Violet Haze,Reef,Dew,Ink Splash,Bare mantle
4870,Inkling #4870,A looping cartoon-squid PFP stacked from painterly trait layers. Minted on Ink.,4870.gif,Cream Rice,Violet Haze,Inked,Sleepy,Ink Splash,Kelp Flow
4871,Inkling #4871,A looping cartoon-squid PFP stacked from painterly trait layers. Minted on Ink.,4871.gif,Indigo Night,Violet Haze,Bobtail,Lidded,Clean mantle,Pearl Cluster
4872,Inkling #4872,A looping cartoon-squid PFP stacked from painterly trait layers. Minted on Ink.,4872.gif,Peach Dusk,Coral Glow,Reef,Sleepy,Brush Streak,Pearl Cluster
4873,Inkling #4873,A looping cartoon-squid PFP stacked from painterly trait layers. Minted on Ink.,4873.gif,Rose Gold,Silver Veil,Cuttle,Bright,Clean mantle,Ink Ribbon
4874,Inkling #4874,A looping cartoon-squid PFP stacked from painterly trait layers. Minted on Ink.,4874.gif,Charcoal Wash,Silver Veil,Firefly,Bright,Clean mantle,Wash Hood
4875,Inkling #4875,A looping cartoon-squid PFP stacked from painterly trait layers. Minted on Ink.,4875.gif,Rose Gold,Gold Wash,Glass,Dew,Clean mantle,Kelp Flow
4876,Inkling #4876,A looping cartoon-squid PFP stacked from painterly trait layers. Minted on Ink.,4876.gif,Indigo Night,No bloom,Cuttle,Sleepy,Red Seal,Pearl Cluster
4877,Inkling #4877,A looping cartoon-squid PFP stacked from painterly trait layers. Minted on Ink.,4877.gif,Celadon Garden,Gold Wash,Dumbo,Ember,Red Seal,Ink Ribbon
4878,Inkling #4878,A looping cartoon-squid PFP stacked from painterly trait layers. Minted on Ink.,4878.gif,Indigo Night,Silver Veil,Dumbo,Wink,Ink Splash,Ink Ribbon
4879,Inkling #4879,A looping cartoon-squid PFP stacked from painterly trait layers. Minted on Ink.,4879.gif,Celadon Garden,No bloom,Bobtail,Dew,Clean mantle,Ink Ribbon
4880,Inkling #4880,A looping cartoon-squid PFP stacked from painterly trait layers. Minted on Ink.,4880.gif,Peach Dusk,No bloom,Firefly,Ember,Brush Streak,Pearl Cluster
4881,Inkling #4881,A looping cartoon-squid PFP stacked from painterly trait layers. Minted on Ink.,4881.gif,Wine Paper,Violet Haze,Giant,Sleepy,Clean mantle,Kelp Flow
4882,Inkling #4882,A looping cartoon-squid PFP stacked from painterly trait layers. Minted on Ink.,4882.gif,Celadon Garden,Violet Haze,Firefly,Bright,Clean mantle,Soft Crown
4883,Inkling #4883,A looping cartoon-squid PFP stacked from painterly trait layers. Minted on Ink.,4883.gif,Storm Grey,No bloom,Reef,Sleepy,Clean mantle,Pearl Cluster
4884,Inkling #4884,A looping cartoon-squid PFP stacked from painterly trait layers. Minted on Ink.,4884.gif,Celadon Garden,Silver Veil,Firefly,Sleepy,Red Seal,Bare mantle
4885,Inkling #4885,A looping cartoon-squid PFP stacked from painterly trait layers. Minted on Ink.,4885.gif,Cream Rice,No bloom,Bobtail,Bright,Slow Drip,Ink Ribbon
4886,Inkling #4886,A looping cartoon-squid PFP stacked from painterly trait layers. Minted on Ink.,4886.gif,Rose Gold,Teal Mist,Inked,Ember,Clean mantle,Bare mantle
4887,Inkling #4887,A looping cartoon-squid PFP stacked from painterly trait layers. Minted on Ink.,4887.gif,Charcoal Wash,Teal Mist,Dumbo,Bright,Clean mantle,Wash Hood
4888,Inkling #4888,A looping cartoon-squid PFP stacked from painterly trait layers. Minted on Ink.,4888.gif,Peach Dusk,No bloom,Cuttle,Wink,Brush Streak,Kelp Flow
4889,Inkling #4889,A looping cartoon-squid PFP stacked from painterly trait layers. Minted on Ink.,4889.gif,Charcoal Wash,Silver Veil,Dumbo,Bright,Slow Drip,Bare mantle
4890,Inkling #4890,A looping cartoon-squid PFP stacked from painterly trait layers. Minted on Ink.,4890.gif,Wine Paper,Violet Haze,Reef,Sleepy,Brush Streak,Bare mantle
4891,Inkling #4891,A looping cartoon-squid PFP stacked from painterly trait layers. Minted on Ink.,4891.gif,Charcoal Wash,Gold Wash,Bobtail,Ember,Clean mantle,Kelp Flow
4892,Inkling #4892,A looping cartoon-squid PFP stacked from painterly trait layers. Minted on Ink.,4892.gif,Celadon Garden,Coral Glow,Firefly,Bright,Red Seal,Bare mantle
4893,Inkling #4893,A looping cartoon-squid PFP stacked from painterly trait layers. Minted on Ink.,4893.gif,Rose Gold,No bloom,Giant,Ember,Brush Streak,Bare mantle
4894,Inkling #4894,A looping cartoon-squid PFP stacked from painterly trait layers. Minted on Ink.,4894.gif,Celadon Garden,Coral Glow,Reef,Lidded,Red Seal,Soft Crown
4895,Inkling #4895,A looping cartoon-squid PFP stacked from painterly trait layers. Minted on Ink.,4895.gif,Celadon Garden,No bloom,Bobtail,Wink,Brush Streak,Bare mantle
4896,Inkling #4896,A looping cartoon-squid PFP stacked from painterly trait layers. Minted on Ink.,4896.gif,Wine Paper,No bloom,Cuttle,Lidded,Red Seal,Kelp Flow
4897,Inkling #4897,A looping cartoon-squid PFP stacked from painterly trait layers. Minted on Ink.,4897.gif,Storm Grey,Coral Glow,Bobtail,Bright,Ink Splash,Ink Ribbon
4898,Inkling #4898,A looping cartoon-squid PFP stacked from painterly trait layers. Minted on Ink.,4898.gif,Charcoal Wash,Gold Wash,Reef,Dew,Slow Drip,Wash Hood
4899,Inkling #4899,A looping cartoon-squid PFP stacked from painterly trait layers. Minted on Ink.,4899.gif,Rose Gold,Silver Veil,Reef,Sleepy,Brush Streak,Bare mantle
4900,Inkling #4900,A looping cartoon-squid PFP stacked from painterly trait layers. Minted on Ink.,4900.gif,Wine Paper,No bloom,Dumbo,Bright,Clean mantle,Ink Ribbon
4901,Inkling #4901,A looping cartoon-squid PFP stacked from painterly trait layers. Minted on Ink.,4901.gif,Wine Paper,Coral Glow,Dumbo,Lidded,Slow Drip,Wash Hood
4902,Inkling #4902,A looping cartoon-squid PFP stacked from painterly trait layers. Minted on Ink.,4902.gif,Storm Grey,Teal Mist,Firefly,Lidded,Clean mantle,Kelp Flow
4903,Inkling #4903,A looping cartoon-squid PFP stacked from painterly trait layers. Minted on Ink.,4903.gif,Celadon Garden,Coral Glow,Reef,Sleepy,Ink Splash,Wash Hood
4904,Inkling #4904,A looping cartoon-squid PFP stacked from painterly trait layers. Minted on Ink.,4904.gif,Celadon Garden,Silver Veil,Glass,Bright,Red Seal,Soft Crown
4905,Inkling #4905,A looping cartoon-squid PFP stacked from painterly trait layers. Minted on Ink.,4905.gif,Charcoal Wash,Violet Haze,Bobtail,Bright,Slow Drip,Kelp Flow
4906,Inkling #4906,A looping cartoon-squid PFP stacked from painterly trait layers. Minted on Ink.,4906.gif,Cream Rice,No bloom,Reef,Sleepy,Slow Drip,Bare mantle
4907,Inkling #4907,A looping cartoon-squid PFP stacked from painterly trait layers. Minted on Ink.,4907.gif,Indigo Night,Gold Wash,Reef,Wink,Brush Streak,Wash Hood
4908,Inkling #4908,A looping cartoon-squid PFP stacked from painterly trait layers. Minted on Ink.,4908.gif,Wine Paper,Silver Veil,Cuttle,Dew,Clean mantle,Wash Hood
4909,Inkling #4909,A looping cartoon-squid PFP stacked from painterly trait layers. Minted on Ink.,4909.gif,Wine Paper,No bloom,Reef,Bright,Clean mantle,Bare mantle
4910,Inkling #4910,A looping cartoon-squid PFP stacked from painterly trait layers. Minted on Ink.,4910.gif,Storm Grey,Silver Veil,Giant,Wink,Ink Splash,Bare mantle
4911,Inkling #4911,A looping cartoon-squid PFP stacked from painterly trait layers. Minted on Ink.,4911.gif,Charcoal Wash,Gold Wash,Cuttle,Sleepy,Clean mantle,Kelp Flow
4912,Inkling #4912,A looping cartoon-squid PFP stacked from painterly trait layers. Minted on Ink.,4912.gif,Celadon Garden,No bloom,Dumbo,Ember,Red Seal,Bare mantle
4913,Inkling #4913,A looping cartoon-squid PFP stacked from painterly trait layers. Minted on Ink.,4913.gif,Rose Gold,Teal Mist,Reef,Lidded,Clean mantle,Bare mantle
4914,Inkling #4914,A looping cartoon-squid PFP stacked from painterly trait layers. Minted on Ink.,4914.gif,Celadon Garden,Gold Wash,Cuttle,Wink,Ink Splash,Ink Ribbon
4915,Inkling #4915,A looping cartoon-squid PFP stacked from painterly trait layers. Minted on Ink.,4915.gif,Charcoal Wash,Violet Haze,Reef,Dew,Brush Streak,Soft Crown
4916,Inkling #4916,A looping cartoon-squid PFP stacked from painterly trait layers. Minted on Ink.,4916.gif,Celadon Garden,Violet Haze,Inked,Sleepy,Ink Splash,Bare mantle
4917,Inkling #4917,A looping cartoon-squid PFP stacked from painterly trait layers. Minted on Ink.,4917.gif,Storm Grey,Gold Wash,Bobtail,Sleepy,Clean mantle,Kelp Flow
4918,Inkling #4918,A looping cartoon-squid PFP stacked from painterly trait layers. Minted on Ink.,4918.gif,Wine Paper,Silver Veil,Cuttle,Sleepy,Clean mantle,Pearl Cluster
4919,Inkling #4919,A looping cartoon-squid PFP stacked from painterly trait layers. Minted on Ink.,4919.gif,Indigo Night,Gold Wash,Reef,Lidded,Slow Drip,Soft Crown
4920,Inkling #4920,A looping cartoon-squid PFP stacked from painterly trait layers. Minted on Ink.,4920.gif,Celadon Garden,Teal Mist,Inked,Dew,Slow Drip,Soft Crown
4921,Inkling #4921,A looping cartoon-squid PFP stacked from painterly trait layers. Minted on Ink.,4921.gif,Storm Grey,Gold Wash,Bobtail,Wink,Slow Drip,Bare mantle
4922,Inkling #4922,A looping cartoon-squid PFP stacked from painterly trait layers. Minted on Ink.,4922.gif,Celadon Garden,Violet Haze,Cuttle,Wink,Ink Splash,Ink Ribbon
4923,Inkling #4923,A looping cartoon-squid PFP stacked from painterly trait layers. Minted on Ink.,4923.gif,Rose Gold,Gold Wash,Reef,Lidded,Ink Splash,Ink Ribbon
4924,Inkling #4924,A looping cartoon-squid PFP stacked from painterly trait layers. Minted on Ink.,4924.gif,Wine Paper,Silver Veil,Dumbo,Lidded,Ink Splash,Soft Crown
4925,Inkling #4925,A looping cartoon-squid PFP stacked from painterly trait layers. Minted on Ink.,4925.gif,Wine Paper,Silver Veil,Cuttle,Sleepy,Ink Splash,Bare mantle
4926,Inkling #4926,A looping cartoon-squid PFP stacked from painterly trait layers. Minted on Ink.,4926.gif,Celadon Garden,No bloom,Firefly,Wink,Slow Drip,Kelp Flow
4927,Inkling #4927,A looping cartoon-squid PFP stacked from painterly trait layers. Minted on Ink.,4927.gif,Charcoal Wash,Violet Haze,Glass,Wink,Clean mantle,Soft Crown
4928,Inkling #4928,A looping cartoon-squid PFP stacked from painterly trait layers. Minted on Ink.,4928.gif,Rose Gold,No bloom,Bobtail,Bright,Red Seal,Wash Hood
4929,Inkling #4929,A looping cartoon-squid PFP stacked from painterly trait layers. Minted on Ink.,4929.gif,Wine Paper,Teal Mist,Reef,Bright,Slow Drip,Pearl Cluster
4930,Inkling #4930,A looping cartoon-squid PFP stacked from painterly trait layers. Minted on Ink.,4930.gif,Wine Paper,No bloom,Cuttle,Dew,Ink Splash,Kelp Flow
4931,Inkling #4931,A looping cartoon-squid PFP stacked from painterly trait layers. Minted on Ink.,4931.gif,Storm Grey,No bloom,Firefly,Wink,Ink Splash,Bare mantle
4932,Inkling #4932,A looping cartoon-squid PFP stacked from painterly trait layers. Minted on Ink.,4932.gif,Indigo Night,No bloom,Cuttle,Lidded,Brush Streak,Ink Ribbon
4933,Inkling #4933,A looping cartoon-squid PFP stacked from painterly trait layers. Minted on Ink.,4933.gif,Wine Paper,Teal Mist,Reef,Sleepy,Slow Drip,Pearl Cluster
4934,Inkling #4934,A looping cartoon-squid PFP stacked from painterly trait layers. Minted on Ink.,4934.gif,Wine Paper,Violet Haze,Inked,Ember,Red Seal,Pearl Cluster
4935,Inkling #4935,A looping cartoon-squid PFP stacked from painterly trait layers. Minted on Ink.,4935.gif,Celadon Garden,Gold Wash,Reef,Wink,Slow Drip,Kelp Flow
4936,Inkling #4936,A looping cartoon-squid PFP stacked from painterly trait layers. Minted on Ink.,4936.gif,Peach Dusk,Coral Glow,Inked,Wink,Slow Drip,Ink Ribbon
4937,Inkling #4937,A looping cartoon-squid PFP stacked from painterly trait layers. Minted on Ink.,4937.gif,Indigo Night,Silver Veil,Cuttle,Wink,Clean mantle,Bare mantle
4938,Inkling #4938,A looping cartoon-squid PFP stacked from painterly trait layers. Minted on Ink.,4938.gif,Indigo Night,Gold Wash,Glass,Bright,Red Seal,Soft Crown
4939,Inkling #4939,A looping cartoon-squid PFP stacked from painterly trait layers. Minted on Ink.,4939.gif,Cream Rice,No bloom,Glass,Lidded,Slow Drip,Kelp Flow
4940,Inkling #4940,A looping cartoon-squid PFP stacked from painterly trait layers. Minted on Ink.,4940.gif,Cream Rice,No bloom,Bobtail,Sleepy,Clean mantle,Wash Hood
4941,Inkling #4941,A looping cartoon-squid PFP stacked from painterly trait layers. Minted on Ink.,4941.gif,Cream Rice,No bloom,Reef,Bright,Clean mantle,Bare mantle
4942,Inkling #4942,A looping cartoon-squid PFP stacked from painterly trait layers. Minted on Ink.,4942.gif,Charcoal Wash,Teal Mist,Glass,Bright,Clean mantle,Soft Crown
4943,Inkling #4943,A looping cartoon-squid PFP stacked from painterly trait layers. Minted on Ink.,4943.gif,Indigo Night,No bloom,Dumbo,Sleepy,Clean mantle,Bare mantle
4944,Inkling #4944,A looping cartoon-squid PFP stacked from painterly trait layers. Minted on Ink.,4944.gif,Wine Paper,Silver Veil,Dumbo,Ember,Clean mantle,Bare mantle
4945,Inkling #4945,A looping cartoon-squid PFP stacked from painterly trait layers. Minted on Ink.,4945.gif,Peach Dusk,Gold Wash,Cuttle,Sleepy,Ink Splash,Bare mantle
4946,Inkling #4946,A looping cartoon-squid PFP stacked from painterly trait layers. Minted on Ink.,4946.gif,Cream Rice,Coral Glow,Firefly,Sleepy,Clean mantle,Soft Crown
4947,Inkling #4947,A looping cartoon-squid PFP stacked from painterly trait layers. Minted on Ink.,4947.gif,Charcoal Wash,Teal Mist,Cuttle,Sleepy,Red Seal,Bare mantle
4948,Inkling #4948,A looping cartoon-squid PFP stacked from painterly trait layers. Minted on Ink.,4948.gif,Charcoal Wash,Gold Wash,Bobtail,Bright,Ink Splash,Bare mantle
4949,Inkling #4949,A looping cartoon-squid PFP stacked from painterly trait layers. Minted on Ink.,4949.gif,Peach Dusk,Teal Mist,Firefly,Sleepy,Red Seal,Ink Ribbon
4950,Inkling #4950,A looping cartoon-squid PFP stacked from painterly trait layers. Minted on Ink.,4950.gif,Celadon Garden,Violet Haze,Dumbo,Wink,Clean mantle,Wash Hood
4951,Inkling #4951,A looping cartoon-squid PFP stacked from painterly trait layers. Minted on Ink.,4951.gif,Peach Dusk,No bloom,Dumbo,Bright,Clean mantle,Kelp Flow
4952,Inkling #4952,A looping cartoon-squid PFP stacked from painterly trait layers. Minted on Ink.,4952.gif,Peach Dusk,Gold Wash,Inked,Ember,Slow Drip,Soft Crown
4953,Inkling #4953,A looping cartoon-squid PFP stacked from painterly trait layers. Minted on Ink.,4953.gif,Peach Dusk,Gold Wash,Glass,Wink,Ink Splash,Soft Crown
4954,Inkling #4954,A looping cartoon-squid PFP stacked from painterly trait layers. Minted on Ink.,4954.gif,Peach Dusk,Coral Glow,Inked,Lidded,Clean mantle,Kelp Flow
4955,Inkling #4955,A looping cartoon-squid PFP stacked from painterly trait layers. Minted on Ink.,4955.gif,Celadon Garden,Silver Veil,Reef,Wink,Red Seal,Pearl Cluster
4956,Inkling #4956,A looping cartoon-squid PFP stacked from painterly trait layers. Minted on Ink.,4956.gif,Rose Gold,Silver Veil,Bobtail,Bright,Clean mantle,Bare mantle
4957,Inkling #4957,A looping cartoon-squid PFP stacked from painterly trait layers. Minted on Ink.,4957.gif,Celadon Garden,No bloom,Firefly,Bright,Clean mantle,Ink Ribbon
4958,Inkling #4958,A looping cartoon-squid PFP stacked from painterly trait layers. Minted on Ink.,4958.gif,Storm Grey,Gold Wash,Firefly,Sleepy,Red Seal,Pearl Cluster
4959,Inkling #4959,A looping cartoon-squid PFP stacked from painterly trait layers. Minted on Ink.,4959.gif,Cream Rice,Teal Mist,Inked,Dew,Slow Drip,Soft Crown
4960,Inkling #4960,A looping cartoon-squid PFP stacked from painterly trait layers. Minted on Ink.,4960.gif,Celadon Garden,No bloom,Firefly,Bright,Clean mantle,Pearl Cluster
4961,Inkling #4961,A looping cartoon-squid PFP stacked from painterly trait layers. Minted on Ink.,4961.gif,Peach Dusk,Silver Veil,Glass,Lidded,Clean mantle,Wash Hood
4962,Inkling #4962,A looping cartoon-squid PFP stacked from painterly trait layers. Minted on Ink.,4962.gif,Storm Grey,Teal Mist,Glass,Dew,Brush Streak,Bare mantle
4963,Inkling #4963,A looping cartoon-squid PFP stacked from painterly trait layers. Minted on Ink.,4963.gif,Rose Gold,No bloom,Bobtail,Dew,Red Seal,Bare mantle
4964,Inkling #4964,A looping cartoon-squid PFP stacked from painterly trait layers. Minted on Ink.,4964.gif,Storm Grey,No bloom,Cuttle,Lidded,Brush Streak,Bare mantle
4965,Inkling #4965,A looping cartoon-squid PFP stacked from painterly trait layers. Minted on Ink.,4965.gif,Cream Rice,Teal Mist,Bobtail,Ember,Ink Splash,Wash Hood
4966,Inkling #4966,A looping cartoon-squid PFP stacked from painterly trait layers. Minted on Ink.,4966.gif,Rose Gold,Violet Haze,Glass,Lidded,Clean mantle,Kelp Flow
4967,Inkling #4967,A looping cartoon-squid PFP stacked from painterly trait layers. Minted on Ink.,4967.gif,Wine Paper,Teal Mist,Bobtail,Bright,Slow Drip,Soft Crown
4968,Inkling #4968,A looping cartoon-squid PFP stacked from painterly trait layers. Minted on Ink.,4968.gif,Charcoal Wash,Gold Wash,Reef,Wink,Brush Streak,Soft Crown
4969,Inkling #4969,A looping cartoon-squid PFP stacked from painterly trait layers. Minted on Ink.,4969.gif,Indigo Night,No bloom,Giant,Lidded,Red Seal,Wash Hood
4970,Inkling #4970,A looping cartoon-squid PFP stacked from painterly trait layers. Minted on Ink.,4970.gif,Rose Gold,Violet Haze,Giant,Dew,Brush Streak,Kelp Flow
4971,Inkling #4971,A looping cartoon-squid PFP stacked from painterly trait layers. Minted on Ink.,4971.gif,Rose Gold,Teal Mist,Inked,Lidded,Clean mantle,Kelp Flow
4972,Inkling #4972,A looping cartoon-squid PFP stacked from painterly trait layers. Minted on Ink.,4972.gif,Cream Rice,Violet Haze,Giant,Wink,Ink Splash,Soft Crown
4973,Inkling #4973,A looping cartoon-squid PFP stacked from painterly trait layers. Minted on Ink.,4973.gif,Celadon Garden,Violet Haze,Cuttle,Bright,Clean mantle,Pearl Cluster
4974,Inkling #4974,A looping cartoon-squid PFP stacked from painterly trait layers. Minted on Ink.,4974.gif,Indigo Night,No bloom,Firefly,Sleepy,Clean mantle,Ink Ribbon
4975,Inkling #4975,A looping cartoon-squid PFP stacked from painterly trait layers. Minted on Ink.,4975.gif,Rose Gold,Violet Haze,Giant,Lidded,Slow Drip,Kelp Flow
4976,Inkling #4976,A looping cartoon-squid PFP stacked from painterly trait layers. Minted on Ink.,4976.gif,Peach Dusk,Coral Glow,Dumbo,Bright,Clean mantle,Kelp Flow
4977,Inkling #4977,A looping cartoon-squid PFP stacked from painterly trait layers. Minted on Ink.,4977.gif,Storm Grey,Silver Veil,Glass,Ember,Clean mantle,Soft Crown
4978,Inkling #4978,A looping cartoon-squid PFP stacked from painterly trait layers. Minted on Ink.,4978.gif,Charcoal Wash,Silver Veil,Giant,Ember,Ink Splash,Pearl Cluster
4979,Inkling #4979,A looping cartoon-squid PFP stacked from painterly trait layers. Minted on Ink.,4979.gif,Indigo Night,No bloom,Dumbo,Dew,Brush Streak,Soft Crown
4980,Inkling #4980,A looping cartoon-squid PFP stacked from painterly trait layers. Minted on Ink.,4980.gif,Peach Dusk,Coral Glow,Dumbo,Sleepy,Ink Splash,Bare mantle
4981,Inkling #4981,A looping cartoon-squid PFP stacked from painterly trait layers. Minted on Ink.,4981.gif,Peach Dusk,Violet Haze,Cuttle,Lidded,Clean mantle,Bare mantle
4982,Inkling #4982,A looping cartoon-squid PFP stacked from painterly trait layers. Minted on Ink.,4982.gif,Celadon Garden,Violet Haze,Cuttle,Sleepy,Clean mantle,Bare mantle
4983,Inkling #4983,A looping cartoon-squid PFP stacked from painterly trait layers. Minted on Ink.,4983.gif,Celadon Garden,No bloom,Reef,Dew,Ink Splash,Bare mantle
4984,Inkling #4984,A looping cartoon-squid PFP stacked from painterly trait layers. Minted on Ink.,4984.gif,Wine Paper,Coral Glow,Giant,Sleepy,Clean mantle,Pearl Cluster
4985,Inkling #4985,A looping cartoon-squid PFP stacked from painterly trait layers. Minted on Ink.,4985.gif,Wine Paper,Violet Haze,Dumbo,Dew,Clean mantle,Wash Hood
4986,Inkling #4986,A looping cartoon-squid PFP stacked from painterly trait layers. Minted on Ink.,4986.gif,Cream Rice,Silver Veil,Firefly,Wink,Slow Drip,Bare mantle
4987,Inkling #4987,A looping cartoon-squid PFP stacked from painterly trait layers. Minted on Ink.,4987.gif,Peach Dusk,Coral Glow,Giant,Wink,Clean mantle,Ink Ribbon
4988,Inkling #4988,A looping cartoon-squid PFP stacked from painterly trait layers. Minted on Ink.,4988.gif,Charcoal Wash,No bloom,Dumbo,Bright,Red Seal,Ink Ribbon
4989,Inkling #4989,A looping cartoon-squid PFP stacked from painterly trait layers. Minted on Ink.,4989.gif,Indigo Night,Gold Wash,Glass,Ember,Ink Splash,Soft Crown
4990,Inkling #4990,A looping cartoon-squid PFP stacked from painterly trait layers. Minted on Ink.,4990.gif,Rose Gold,Teal Mist,Glass,Ember,Clean mantle,Pearl Cluster
4991,Inkling #4991,A looping cartoon-squid PFP stacked from painterly trait layers. Minted on Ink.,4991.gif,Rose Gold,No bloom,Glass,Lidded,Clean mantle,Ink Ribbon
4992,Inkling #4992,A looping cartoon-squid PFP stacked from painterly trait layers. Minted on Ink.,4992.gif,Indigo Night,Silver Veil,Bobtail,Dew,Clean mantle,Ink Ribbon
4993,Inkling #4993,A looping cartoon-squid PFP stacked from painterly trait layers. Minted on Ink.,4993.gif,Cream Rice,Silver Veil,Glass,Bright,Brush Streak,Soft Crown
4994,Inkling #4994,A looping cartoon-squid PFP stacked from painterly trait layers. Minted on Ink.,4994.gif,Cream Rice,No bloom,Firefly,Sleepy,Ink Splash,Pearl Cluster
4995,Inkling #4995,A looping cartoon-squid PFP stacked from painterly trait layers. Minted on Ink.,4995.gif,Rose Gold,No bloom,Giant,Lidded,Ink Splash,Ink Ribbon
4996,Inkling #4996,A looping cartoon-squid PFP stacked from painterly trait layers. Minted on Ink.,4996.gif,Rose Gold,Coral Glow,Giant,Bright,Slow Drip,Pearl Cluster
4997,Inkling #4997,A looping cartoon-squid PFP stacked from painterly trait layers. Minted on Ink.,4997.gif,Storm Grey,Teal Mist,Bobtail,Bright,Clean mantle,Pearl Cluster
4998,Inkling #4998,A looping cartoon-squid PFP stacked from painterly trait layers. Minted on Ink.,4998.gif,Indigo Night,Silver Veil,Bobtail,Ember,Ink Splash,Pearl Cluster
4999,Inkling #4999,A looping cartoon-squid PFP stacked from painterly trait layers. Minted on Ink.,4999.gif,Wine Paper,Silver Veil,Firefly,Dew,Ink Splash,Ink Ribbon
5000,Inkling #5000,A looping cartoon-squid PFP stacked from painterly trait layers. Minted on Ink.,5000.gif,Peach Dusk,Silver Veil,Firefly,Dew,Slow Drip,Wash Hood
5001,Inkling #5001,A looping cartoon-squid PFP stacked from painterly trait layers. Minted on Ink.,5001.gif,Peach Dusk,Coral Glow,Glass,Bright,Slow Drip,Ink Ribbon
5002,Inkling #5002,A looping cartoon-squid PFP stacked from painterly trait layers. Minted on Ink.,5002.gif,Wine Paper,Silver Veil,Firefly,Bright,Ink Splash,Soft Crown
5003,Inkling #5003,A looping cartoon-squid PFP stacked from painterly trait layers. Minted on Ink.,5003.gif,Storm Grey,No bloom,Giant,Ember,Brush Streak,Pearl Cluster
5004,Inkling #5004,A looping cartoon-squid PFP stacked from painterly trait layers. Minted on Ink.,5004.gif,Cream Rice,Gold Wash,Reef,Wink,Red Seal,Kelp Flow
5005,Inkling #5005,A looping cartoon-squid PFP stacked from painterly trait layers. Minted on Ink.,5005.gif,Cream Rice,No bloom,Dumbo,Wink,Clean mantle,Pearl Cluster
5006,Inkling #5006,A looping cartoon-squid PFP stacked from painterly trait layers. Minted on Ink.,5006.gif,Rose Gold,No bloom,Inked,Lidded,Ink Splash,Pearl Cluster
5007,Inkling #5007,A looping cartoon-squid PFP stacked from painterly trait layers. Minted on Ink.,5007.gif,Rose Gold,Gold Wash,Cuttle,Bright,Clean mantle,Soft Crown
5008,Inkling #5008,A looping cartoon-squid PFP stacked from painterly trait layers. Minted on Ink.,5008.gif,Cream Rice,Silver Veil,Reef,Bright,Brush Streak,Ink Ribbon
5009,Inkling #5009,A looping cartoon-squid PFP stacked from painterly trait layers. Minted on Ink.,5009.gif,Indigo Night,Gold Wash,Dumbo,Bright,Slow Drip,Soft Crown
5010,Inkling #5010,A looping cartoon-squid PFP stacked from painterly trait layers. Minted on Ink.,5010.gif,Rose Gold,No bloom,Giant,Dew,Brush Streak,Ink Ribbon
5011,Inkling #5011,A looping cartoon-squid PFP stacked from painterly trait layers. Minted on Ink.,5011.gif,Celadon Garden,Silver Veil,Cuttle,Wink,Slow Drip,Wash Hood
5012,Inkling #5012,A looping cartoon-squid PFP stacked from painterly trait layers. Minted on Ink.,5012.gif,Storm Grey,No bloom,Bobtail,Bright,Clean mantle,Bare mantle
5013,Inkling #5013,A looping cartoon-squid PFP stacked from painterly trait layers. Minted on Ink.,5013.gif,Peach Dusk,Violet Haze,Inked,Ember,Clean mantle,Ink Ribbon
5014,Inkling #5014,A looping cartoon-squid PFP stacked from painterly trait layers. Minted on Ink.,5014.gif,Indigo Night,Gold Wash,Bobtail,Sleepy,Brush Streak,Ink Ribbon
5015,Inkling #5015,A looping cartoon-squid PFP stacked from painterly trait layers. Minted on Ink.,5015.gif,Indigo Night,No bloom,Glass,Bright,Slow Drip,Ink Ribbon
5016,Inkling #5016,A looping cartoon-squid PFP stacked from painterly trait layers. Minted on Ink.,5016.gif,Celadon Garden,Silver Veil,Bobtail,Lidded,Brush Streak,Ink Ribbon
5017,Inkling #5017,A looping cartoon-squid PFP stacked from painterly trait layers. Minted on Ink.,5017.gif,Celadon Garden,No bloom,Dumbo,Bright,Slow Drip,Pearl Cluster
5018,Inkling #5018,A looping cartoon-squid PFP stacked from painterly trait layers. Minted on Ink.,5018.gif,Peach Dusk,Gold Wash,Bobtail,Ember,Slow Drip,Wash Hood
5019,Inkling #5019,A looping cartoon-squid PFP stacked from painterly trait layers. Minted on Ink.,5019.gif,Wine Paper,Violet Haze,Dumbo,Wink,Brush Streak,Kelp Flow
5020,Inkling #5020,A looping cartoon-squid PFP stacked from painterly trait layers. Minted on Ink.,5020.gif,Rose Gold,No bloom,Cuttle,Ember,Red Seal,Ink Ribbon
5021,Inkling #5021,A looping cartoon-squid PFP stacked from painterly trait layers. Minted on Ink.,5021.gif,Peach Dusk,Silver Veil,Dumbo,Lidded,Brush Streak,Kelp Flow
5022,Inkling #5022,A looping cartoon-squid PFP stacked from painterly trait layers. Minted on Ink.,5022.gif,Storm Grey,No bloom,Dumbo,Sleepy,Clean mantle,Wash Hood
5023,Inkling #5023,A looping cartoon-squid PFP stacked from painterly trait layers. Minted on Ink.,5023.gif,Indigo Night,No bloom,Dumbo,Bright,Clean mantle,Soft Crown
5024,Inkling #5024,A looping cartoon-squid PFP stacked from painterly trait layers. Minted on Ink.,5024.gif,Wine Paper,Violet Haze,Inked,Ember,Clean mantle,Bare mantle
5025,Inkling #5025,A looping cartoon-squid PFP stacked from painterly trait layers. Minted on Ink.,5025.gif,Charcoal Wash,No bloom,Cuttle,Bright,Ink Splash,Soft Crown
5026,Inkling #5026,A looping cartoon-squid PFP stacked from painterly trait layers. Minted on Ink.,5026.gif,Celadon Garden,Violet Haze,Giant,Dew,Slow Drip,Bare mantle
5027,Inkling #5027,A looping cartoon-squid PFP stacked from painterly trait layers. Minted on Ink.,5027.gif,Wine Paper,Silver Veil,Bobtail,Wink,Red Seal,Bare mantle
5028,Inkling #5028,A looping cartoon-squid PFP stacked from painterly trait layers. Minted on Ink.,5028.gif,Charcoal Wash,Silver Veil,Cuttle,Ember,Clean mantle,Pearl Cluster
5029,Inkling #5029,A looping cartoon-squid PFP stacked from painterly trait layers. Minted on Ink.,5029.gif,Rose Gold,No bloom,Inked,Dew,Clean mantle,Bare mantle
5030,Inkling #5030,A looping cartoon-squid PFP stacked from painterly trait layers. Minted on Ink.,5030.gif,Rose Gold,Silver Veil,Giant,Bright,Red Seal,Bare mantle
5031,Inkling #5031,A looping cartoon-squid PFP stacked from painterly trait layers. Minted on Ink.,5031.gif,Celadon Garden,Coral Glow,Firefly,Bright,Slow Drip,Ink Ribbon
5032,Inkling #5032,A looping cartoon-squid PFP stacked from painterly trait layers. Minted on Ink.,5032.gif,Charcoal Wash,Teal Mist,Bobtail,Bright,Ink Splash,Bare mantle
5033,Inkling #5033,A looping cartoon-squid PFP stacked from painterly trait layers. Minted on Ink.,5033.gif,Rose Gold,Silver Veil,Glass,Sleepy,Ink Splash,Kelp Flow
5034,Inkling #5034,A looping cartoon-squid PFP stacked from painterly trait layers. Minted on Ink.,5034.gif,Rose Gold,Teal Mist,Dumbo,Dew,Ink Splash,Pearl Cluster
5035,Inkling #5035,A looping cartoon-squid PFP stacked from painterly trait layers. Minted on Ink.,5035.gif,Peach Dusk,Violet Haze,Dumbo,Ember,Slow Drip,Soft Crown
5036,Inkling #5036,A looping cartoon-squid PFP stacked from painterly trait layers. Minted on Ink.,5036.gif,Storm Grey,Silver Veil,Bobtail,Wink,Red Seal,Soft Crown
5037,Inkling #5037,A looping cartoon-squid PFP stacked from painterly trait layers. Minted on Ink.,5037.gif,Celadon Garden,Teal Mist,Cuttle,Ember,Ink Splash,Pearl Cluster
5038,Inkling #5038,A looping cartoon-squid PFP stacked from painterly trait layers. Minted on Ink.,5038.gif,Indigo Night,No bloom,Firefly,Wink,Clean mantle,Soft Crown
5039,Inkling #5039,A looping cartoon-squid PFP stacked from painterly trait layers. Minted on Ink.,5039.gif,Cream Rice,Teal Mist,Firefly,Bright,Clean mantle,Ink Ribbon
5040,Inkling #5040,A looping cartoon-squid PFP stacked from painterly trait layers. Minted on Ink.,5040.gif,Celadon Garden,Coral Glow,Bobtail,Ember,Clean mantle,Kelp Flow
5041,Inkling #5041,A looping cartoon-squid PFP stacked from painterly trait layers. Minted on Ink.,5041.gif,Charcoal Wash,Violet Haze,Glass,Lidded,Ink Splash,Ink Ribbon
5042,Inkling #5042,A looping cartoon-squid PFP stacked from painterly trait layers. Minted on Ink.,5042.gif,Peach Dusk,No bloom,Reef,Dew,Red Seal,Ink Ribbon
5043,Inkling #5043,A looping cartoon-squid PFP stacked from painterly trait layers. Minted on Ink.,5043.gif,Storm Grey,Teal Mist,Giant,Dew,Clean mantle,Ink Ribbon
5044,Inkling #5044,A looping cartoon-squid PFP stacked from painterly trait layers. Minted on Ink.,5044.gif,Indigo Night,Gold Wash,Glass,Wink,Red Seal,Kelp Flow
5045,Inkling #5045,A looping cartoon-squid PFP stacked from painterly trait layers. Minted on Ink.,5045.gif,Indigo Night,Violet Haze,Reef,Dew,Red Seal,Bare mantle
5046,Inkling #5046,A looping cartoon-squid PFP stacked from painterly trait layers. Minted on Ink.,5046.gif,Celadon Garden,Gold Wash,Cuttle,Bright,Clean mantle,Soft Crown
5047,Inkling #5047,A looping cartoon-squid PFP stacked from painterly trait layers. Minted on Ink.,5047.gif,Celadon Garden,No bloom,Bobtail,Lidded,Ink Splash,Soft Crown
5048,Inkling #5048,A looping cartoon-squid PFP stacked from painterly trait layers. Minted on Ink.,5048.gif,Cream Rice,Violet Haze,Cuttle,Dew,Slow Drip,Bare mantle
5049,Inkling #5049,A looping cartoon-squid PFP stacked from painterly trait layers. Minted on Ink.,5049.gif,Storm Grey,Silver Veil,Cuttle,Wink,Clean mantle,Bare mantle
5050,Inkling #5050,A looping cartoon-squid PFP stacked from painterly trait layers. Minted on Ink.,5050.gif,Peach Dusk,Violet Haze,Reef,Wink,Brush Streak,Kelp Flow
5051,Inkling #5051,A looping cartoon-squid PFP stacked from painterly trait layers. Minted on Ink.,5051.gif,Storm Grey,No bloom,Glass,Sleepy,Slow Drip,Ink Ribbon
5052,Inkling #5052,A looping cartoon-squid PFP stacked from painterly trait layers. Minted on Ink.,5052.gif,Charcoal Wash,Gold Wash,Reef,Dew,Slow Drip,Pearl Cluster
5053,Inkling #5053,A looping cartoon-squid PFP stacked from painterly trait layers. Minted on Ink.,5053.gif,Charcoal Wash,Violet Haze,Dumbo,Lidded,Ink Splash,Pearl Cluster
5054,Inkling #5054,A looping cartoon-squid PFP stacked from painterly trait layers. Minted on Ink.,5054.gif,Wine Paper,No bloom,Inked,Wink,Clean mantle,Pearl Cluster
5055,Inkling #5055,A looping cartoon-squid PFP stacked from painterly trait layers. Minted on Ink.,5055.gif,Cream Rice,Silver Veil,Giant,Dew,Red Seal,Pearl Cluster
5056,Inkling #5056,A looping cartoon-squid PFP stacked from painterly trait layers. Minted on Ink.,5056.gif,Peach Dusk,Gold Wash,Dumbo,Bright,Clean mantle,Soft Crown
5057,Inkling #5057,A looping cartoon-squid PFP stacked from painterly trait layers. Minted on Ink.,5057.gif,Peach Dusk,No bloom,Cuttle,Wink,Red Seal,Bare mantle
5058,Inkling #5058,A looping cartoon-squid PFP stacked from painterly trait layers. Minted on Ink.,5058.gif,Indigo Night,Coral Glow,Dumbo,Lidded,Ink Splash,Soft Crown
5059,Inkling #5059,A looping cartoon-squid PFP stacked from painterly trait layers. Minted on Ink.,5059.gif,Cream Rice,Gold Wash,Glass,Ember,Brush Streak,Bare mantle
5060,Inkling #5060,A looping cartoon-squid PFP stacked from painterly trait layers. Minted on Ink.,5060.gif,Rose Gold,Violet Haze,Giant,Bright,Clean mantle,Pearl Cluster
5061,Inkling #5061,A looping cartoon-squid PFP stacked from painterly trait layers. Minted on Ink.,5061.gif,Charcoal Wash,Violet Haze,Reef,Lidded,Ink Splash,Pearl Cluster
5062,Inkling #5062,A looping cartoon-squid PFP stacked from painterly trait layers. Minted on Ink.,5062.gif,Wine Paper,No bloom,Firefly,Wink,Slow Drip,Kelp Flow
5063,Inkling #5063,A looping cartoon-squid PFP stacked from painterly trait layers. Minted on Ink.,5063.gif,Indigo Night,Silver Veil,Bobtail,Sleepy,Ink Splash,Bare mantle
5064,Inkling #5064,A looping cartoon-squid PFP stacked from painterly trait layers. Minted on Ink.,5064.gif,Celadon Garden,Gold Wash,Bobtail,Ember,Ink Splash,Pearl Cluster
5065,Inkling #5065,A looping cartoon-squid PFP stacked from painterly trait layers. Minted on Ink.,5065.gif,Peach Dusk,No bloom,Bobtail,Lidded,Clean mantle,Ink Ribbon
5066,Inkling #5066,A looping cartoon-squid PFP stacked from painterly trait layers. Minted on Ink.,5066.gif,Charcoal Wash,Teal Mist,Reef,Lidded,Slow Drip,Kelp Flow
5067,Inkling #5067,A looping cartoon-squid PFP stacked from painterly trait layers. Minted on Ink.,5067.gif,Wine Paper,Teal Mist,Cuttle,Wink,Brush Streak,Wash Hood
5068,Inkling #5068,A looping cartoon-squid PFP stacked from painterly trait layers. Minted on Ink.,5068.gif,Charcoal Wash,No bloom,Firefly,Sleepy,Clean mantle,Bare mantle
5069,Inkling #5069,A looping cartoon-squid PFP stacked from painterly trait layers. Minted on Ink.,5069.gif,Wine Paper,Violet Haze,Reef,Wink,Clean mantle,Kelp Flow
5070,Inkling #5070,A looping cartoon-squid PFP stacked from painterly trait layers. Minted on Ink.,5070.gif,Rose Gold,Gold Wash,Cuttle,Wink,Clean mantle,Ink Ribbon
5071,Inkling #5071,A looping cartoon-squid PFP stacked from painterly trait layers. Minted on Ink.,5071.gif,Storm Grey,Teal Mist,Firefly,Wink,Clean mantle,Kelp Flow
5072,Inkling #5072,A looping cartoon-squid PFP stacked from painterly trait layers. Minted on Ink.,5072.gif,Celadon Garden,Violet Haze,Cuttle,Lidded,Slow Drip,Ink Ribbon
5073,Inkling #5073,A looping cartoon-squid PFP stacked from painterly trait layers. Minted on Ink.,5073.gif,Indigo Night,Teal Mist,Dumbo,Ember,Ink Splash,Soft Crown
5074,Inkling #5074,A looping cartoon-squid PFP stacked from painterly trait layers. Minted on Ink.,5074.gif,Rose Gold,Silver Veil,Glass,Bright,Brush Streak,Ink Ribbon
5075,Inkling #5075,A looping cartoon-squid PFP stacked from painterly trait layers. Minted on Ink.,5075.gif,Indigo Night,Coral Glow,Bobtail,Dew,Ink Splash,Soft Crown
5076,Inkling #5076,A looping cartoon-squid PFP stacked from painterly trait layers. Minted on Ink.,5076.gif,Indigo Night,Gold Wash,Glass,Lidded,Slow Drip,Kelp Flow
5077,Inkling #5077,A looping cartoon-squid PFP stacked from painterly trait layers. Minted on Ink.,5077.gif,Cream Rice,Coral Glow,Cuttle,Lidded,Ink Splash,Wash Hood
5078,Inkling #5078,A looping cartoon-squid PFP stacked from painterly trait layers. Minted on Ink.,5078.gif,Indigo Night,No bloom,Firefly,Dew,Brush Streak,Bare mantle
5079,Inkling #5079,A looping cartoon-squid PFP stacked from painterly trait layers. Minted on Ink.,5079.gif,Cream Rice,Coral Glow,Giant,Dew,Slow Drip,Bare mantle
5080,Inkling #5080,A looping cartoon-squid PFP stacked from painterly trait layers. Minted on Ink.,5080.gif,Celadon Garden,Violet Haze,Dumbo,Dew,Clean mantle,Pearl Cluster
5081,Inkling #5081,A looping cartoon-squid PFP stacked from painterly trait layers. Minted on Ink.,5081.gif,Cream Rice,Violet Haze,Cuttle,Lidded,Red Seal,Bare mantle
5082,Inkling #5082,A looping cartoon-squid PFP stacked from painterly trait layers. Minted on Ink.,5082.gif,Cream Rice,Violet Haze,Giant,Wink,Red Seal,Bare mantle
5083,Inkling #5083,A looping cartoon-squid PFP stacked from painterly trait layers. Minted on Ink.,5083.gif,Peach Dusk,Silver Veil,Inked,Wink,Slow Drip,Wash Hood
5084,Inkling #5084,A looping cartoon-squid PFP stacked from painterly trait layers. Minted on Ink.,5084.gif,Peach Dusk,Teal Mist,Dumbo,Bright,Ink Splash,Wash Hood
5085,Inkling #5085,A looping cartoon-squid PFP stacked from painterly trait layers. Minted on Ink.,5085.gif,Indigo Night,Gold Wash,Glass,Wink,Clean mantle,Soft Crown
5086,Inkling #5086,A looping cartoon-squid PFP stacked from painterly trait layers. Minted on Ink.,5086.gif,Rose Gold,No bloom,Dumbo,Lidded,Slow Drip,Pearl Cluster
5087,Inkling #5087,A looping cartoon-squid PFP stacked from painterly trait layers. Minted on Ink.,5087.gif,Celadon Garden,No bloom,Cuttle,Dew,Clean mantle,Bare mantle
5088,Inkling #5088,A looping cartoon-squid PFP stacked from painterly trait layers. Minted on Ink.,5088.gif,Charcoal Wash,Coral Glow,Dumbo,Sleepy,Brush Streak,Pearl Cluster
5089,Inkling #5089,A looping cartoon-squid PFP stacked from painterly trait layers. Minted on Ink.,5089.gif,Indigo Night,Violet Haze,Dumbo,Wink,Brush Streak,Bare mantle
5090,Inkling #5090,A looping cartoon-squid PFP stacked from painterly trait layers. Minted on Ink.,5090.gif,Wine Paper,Violet Haze,Glass,Ember,Clean mantle,Ink Ribbon
5091,Inkling #5091,A looping cartoon-squid PFP stacked from painterly trait layers. Minted on Ink.,5091.gif,Peach Dusk,Teal Mist,Dumbo,Lidded,Red Seal,Kelp Flow
5092,Inkling #5092,A looping cartoon-squid PFP stacked from painterly trait layers. Minted on Ink.,5092.gif,Peach Dusk,Teal Mist,Inked,Bright,Clean mantle,Bare mantle
5093,Inkling #5093,A looping cartoon-squid PFP stacked from painterly trait layers. Minted on Ink.,5093.gif,Celadon Garden,Gold Wash,Inked,Bright,Red Seal,Pearl Cluster
5094,Inkling #5094,A looping cartoon-squid PFP stacked from painterly trait layers. Minted on Ink.,5094.gif,Peach Dusk,Gold Wash,Dumbo,Sleepy,Red Seal,Bare mantle
5095,Inkling #5095,A looping cartoon-squid PFP stacked from painterly trait layers. Minted on Ink.,5095.gif,Celadon Garden,No bloom,Glass,Dew,Brush Streak,Kelp Flow
5096,Inkling #5096,A looping cartoon-squid PFP stacked from painterly trait layers. Minted on Ink.,5096.gif,Cream Rice,Silver Veil,Reef,Lidded,Clean mantle,Ink Ribbon
5097,Inkling #5097,A looping cartoon-squid PFP stacked from painterly trait layers. Minted on Ink.,5097.gif,Indigo Night,Silver Veil,Giant,Wink,Slow Drip,Soft Crown
5098,Inkling #5098,A looping cartoon-squid PFP stacked from painterly trait layers. Minted on Ink.,5098.gif,Wine Paper,Silver Veil,Dumbo,Dew,Ink Splash,Kelp Flow
5099,Inkling #5099,A looping cartoon-squid PFP stacked from painterly trait layers. Minted on Ink.,5099.gif,Storm Grey,Teal Mist,Reef,Sleepy,Ink Splash,Soft Crown
5100,Inkling #5100,A looping cartoon-squid PFP stacked from painterly trait layers. Minted on Ink.,5100.gif,Wine Paper,Coral Glow,Firefly,Dew,Brush Streak,Bare mantle
5101,Inkling #5101,A looping cartoon-squid PFP stacked from painterly trait layers. Minted on Ink.,5101.gif,Cream Rice,Violet Haze,Dumbo,Lidded,Ink Splash,Pearl Cluster
5102,Inkling #5102,A looping cartoon-squid PFP stacked from painterly trait layers. Minted on Ink.,5102.gif,Peach Dusk,Silver Veil,Glass,Sleepy,Clean mantle,Ink Ribbon
5103,Inkling #5103,A looping cartoon-squid PFP stacked from painterly trait layers. Minted on Ink.,5103.gif,Charcoal Wash,Violet Haze,Dumbo,Bright,Clean mantle,Pearl Cluster
5104,Inkling #5104,A looping cartoon-squid PFP stacked from painterly trait layers. Minted on Ink.,5104.gif,Cream Rice,Teal Mist,Reef,Sleepy,Slow Drip,Ink Ribbon
5105,Inkling #5105,A looping cartoon-squid PFP stacked from painterly trait layers. Minted on Ink.,5105.gif,Cream Rice,Silver Veil,Bobtail,Wink,Brush Streak,Kelp Flow
5106,Inkling #5106,A looping cartoon-squid PFP stacked from painterly trait layers. Minted on Ink.,5106.gif,Storm Grey,Violet Haze,Glass,Lidded,Ink Splash,Bare mantle
5107,Inkling #5107,A looping cartoon-squid PFP stacked from painterly trait layers. Minted on Ink.,5107.gif,Storm Grey,Silver Veil,Bobtail,Bright,Ink Splash,Pearl Cluster
5108,Inkling #5108,A looping cartoon-squid PFP stacked from painterly trait layers. Minted on Ink.,5108.gif,Rose Gold,Silver Veil,Inked,Bright,Brush Streak,Bare mantle
5109,Inkling #5109,A looping cartoon-squid PFP stacked from painterly trait layers. Minted on Ink.,5109.gif,Rose Gold,Gold Wash,Cuttle,Wink,Red Seal,Soft Crown
5110,Inkling #5110,A looping cartoon-squid PFP stacked from painterly trait layers. Minted on Ink.,5110.gif,Wine Paper,No bloom,Glass,Bright,Brush Streak,Bare mantle
5111,Inkling #5111,A looping cartoon-squid PFP stacked from painterly trait layers. Minted on Ink.,5111.gif,Indigo Night,Gold Wash,Inked,Dew,Ink Splash,Pearl Cluster
5112,Inkling #5112,A looping cartoon-squid PFP stacked from painterly trait layers. Minted on Ink.,5112.gif,Indigo Night,No bloom,Dumbo,Bright,Ink Splash,Kelp Flow
5113,Inkling #5113,A looping cartoon-squid PFP stacked from painterly trait layers. Minted on Ink.,5113.gif,Cream Rice,Teal Mist,Bobtail,Dew,Red Seal,Soft Crown
5114,Inkling #5114,A looping cartoon-squid PFP stacked from painterly trait layers. Minted on Ink.,5114.gif,Peach Dusk,Silver Veil,Dumbo,Sleepy,Clean mantle,Kelp Flow
5115,Inkling #5115,A looping cartoon-squid PFP stacked from painterly trait layers. Minted on Ink.,5115.gif,Cream Rice,Violet Haze,Glass,Bright,Clean mantle,Bare mantle
5116,Inkling #5116,A looping cartoon-squid PFP stacked from painterly trait layers. Minted on Ink.,5116.gif,Indigo Night,Silver Veil,Bobtail,Lidded,Clean mantle,Kelp Flow
5117,Inkling #5117,A looping cartoon-squid PFP stacked from painterly trait layers. Minted on Ink.,5117.gif,Peach Dusk,Gold Wash,Glass,Bright,Brush Streak,Soft Crown
5118,Inkling #5118,A looping cartoon-squid PFP stacked from painterly trait layers. Minted on Ink.,5118.gif,Peach Dusk,Coral Glow,Glass,Bright,Red Seal,Bare mantle
5119,Inkling #5119,A looping cartoon-squid PFP stacked from painterly trait layers. Minted on Ink.,5119.gif,Storm Grey,No bloom,Cuttle,Ember,Brush Streak,Pearl Cluster
5120,Inkling #5120,A looping cartoon-squid PFP stacked from painterly trait layers. Minted on Ink.,5120.gif,Charcoal Wash,Violet Haze,Firefly,Bright,Slow Drip,Pearl Cluster
5121,Inkling #5121,A looping cartoon-squid PFP stacked from painterly trait layers. Minted on Ink.,5121.gif,Charcoal Wash,No bloom,Firefly,Wink,Ink Splash,Ink Ribbon
5122,Inkling #5122,A looping cartoon-squid PFP stacked from painterly trait layers. Minted on Ink.,5122.gif,Wine Paper,No bloom,Inked,Dew,Brush Streak,Bare mantle
5123,Inkling #5123,A looping cartoon-squid PFP stacked from painterly trait layers. Minted on Ink.,5123.gif,Celadon Garden,Coral Glow,Bobtail,Lidded,Slow Drip,Soft Crown
5124,Inkling #5124,A looping cartoon-squid PFP stacked from painterly trait layers. Minted on Ink.,5124.gif,Charcoal Wash,Teal Mist,Cuttle,Ember,Slow Drip,Bare mantle
5125,Inkling #5125,A looping cartoon-squid PFP stacked from painterly trait layers. Minted on Ink.,5125.gif,Storm Grey,Violet Haze,Giant,Sleepy,Clean mantle,Soft Crown
5126,Inkling #5126,A looping cartoon-squid PFP stacked from painterly trait layers. Minted on Ink.,5126.gif,Storm Grey,Gold Wash,Glass,Bright,Red Seal,Soft Crown
5127,Inkling #5127,A looping cartoon-squid PFP stacked from painterly trait layers. Minted on Ink.,5127.gif,Indigo Night,No bloom,Giant,Wink,Ink Splash,Bare mantle
5128,Inkling #5128,A looping cartoon-squid PFP stacked from painterly trait layers. Minted on Ink.,5128.gif,Celadon Garden,Silver Veil,Dumbo,Bright,Clean mantle,Bare mantle
5129,Inkling #5129,A looping cartoon-squid PFP stacked from painterly trait layers. Minted on Ink.,5129.gif,Rose Gold,No bloom,Bobtail,Lidded,Clean mantle,Bare mantle
5130,Inkling #5130,A looping cartoon-squid PFP stacked from painterly trait layers. Minted on Ink.,5130.gif,Peach Dusk,Teal Mist,Dumbo,Sleepy,Brush Streak,Ink Ribbon
5131,Inkling #5131,A looping cartoon-squid PFP stacked from painterly trait layers. Minted on Ink.,5131.gif,Charcoal Wash,No bloom,Dumbo,Lidded,Clean mantle,Kelp Flow
5132,Inkling #5132,A looping cartoon-squid PFP stacked from painterly trait layers. Minted on Ink.,5132.gif,Cream Rice,Teal Mist,Dumbo,Lidded,Brush Streak,Kelp Flow
5133,Inkling #5133,A looping cartoon-squid PFP stacked from painterly trait layers. Minted on Ink.,5133.gif,Indigo Night,Violet Haze,Dumbo,Ember,Clean mantle,Bare mantle
5134,Inkling #5134,A looping cartoon-squid PFP stacked from painterly trait layers. Minted on Ink.,5134.gif,Peach Dusk,No bloom,Glass,Lidded,Brush Streak,Soft Crown
5135,Inkling #5135,A looping cartoon-squid PFP stacked from painterly trait layers. Minted on Ink.,5135.gif,Cream Rice,No bloom,Bobtail,Lidded,Clean mantle,Ink Ribbon
5136,Inkling #5136,A looping cartoon-squid PFP stacked from painterly trait layers. Minted on Ink.,5136.gif,Peach Dusk,Violet Haze,Glass,Lidded,Ink Splash,Ink Ribbon
5137,Inkling #5137,A looping cartoon-squid PFP stacked from painterly trait layers. Minted on Ink.,5137.gif,Peach Dusk,Violet Haze,Bobtail,Dew,Clean mantle,Bare mantle
5138,Inkling #5138,A looping cartoon-squid PFP stacked from painterly trait layers. Minted on Ink.,5138.gif,Celadon Garden,No bloom,Dumbo,Bright,Clean mantle,Pearl Cluster
5139,Inkling #5139,A looping cartoon-squid PFP stacked from painterly trait layers. Minted on Ink.,5139.gif,Cream Rice,Teal Mist,Inked,Dew,Ink Splash,Bare mantle
5140,Inkling #5140,A looping cartoon-squid PFP stacked from painterly trait layers. Minted on Ink.,5140.gif,Storm Grey,Gold Wash,Giant,Wink,Slow Drip,Pearl Cluster
5141,Inkling #5141,A looping cartoon-squid PFP stacked from painterly trait layers. Minted on Ink.,5141.gif,Peach Dusk,Gold Wash,Cuttle,Lidded,Red Seal,Soft Crown
5142,Inkling #5142,A looping cartoon-squid PFP stacked from painterly trait layers. Minted on Ink.,5142.gif,Wine Paper,Violet Haze,Bobtail,Bright,Clean mantle,Kelp Flow
5143,Inkling #5143,A looping cartoon-squid PFP stacked from painterly trait layers. Minted on Ink.,5143.gif,Cream Rice,Gold Wash,Firefly,Bright,Clean mantle,Kelp Flow
5144,Inkling #5144,A looping cartoon-squid PFP stacked from painterly trait layers. Minted on Ink.,5144.gif,Celadon Garden,Teal Mist,Firefly,Sleepy,Clean mantle,Soft Crown
5145,Inkling #5145,A looping cartoon-squid PFP stacked from painterly trait layers. Minted on Ink.,5145.gif,Indigo Night,No bloom,Inked,Lidded,Clean mantle,Bare mantle
5146,Inkling #5146,A looping cartoon-squid PFP stacked from painterly trait layers. Minted on Ink.,5146.gif,Wine Paper,Violet Haze,Reef,Wink,Clean mantle,Bare mantle
5147,Inkling #5147,A looping cartoon-squid PFP stacked from painterly trait layers. Minted on Ink.,5147.gif,Indigo Night,Violet Haze,Dumbo,Sleepy,Clean mantle,Ink Ribbon
5148,Inkling #5148,A looping cartoon-squid PFP stacked from painterly trait layers. Minted on Ink.,5148.gif,Charcoal Wash,Violet Haze,Bobtail,Lidded,Red Seal,Ink Ribbon
5149,Inkling #5149,A looping cartoon-squid PFP stacked from painterly trait layers. Minted on Ink.,5149.gif,Peach Dusk,Gold Wash,Bobtail,Dew,Red Seal,Bare mantle
5150,Inkling #5150,A looping cartoon-squid PFP stacked from painterly trait layers. Minted on Ink.,5150.gif,Celadon Garden,No bloom,Dumbo,Ember,Ink Splash,Kelp Flow
5151,Inkling #5151,A looping cartoon-squid PFP stacked from painterly trait layers. Minted on Ink.,5151.gif,Charcoal Wash,Silver Veil,Bobtail,Wink,Clean mantle,Ink Ribbon
5152,Inkling #5152,A looping cartoon-squid PFP stacked from painterly trait layers. Minted on Ink.,5152.gif,Storm Grey,No bloom,Bobtail,Wink,Brush Streak,Pearl Cluster
5153,Inkling #5153,A looping cartoon-squid PFP stacked from painterly trait layers. Minted on Ink.,5153.gif,Peach Dusk,Teal Mist,Cuttle,Bright,Slow Drip,Soft Crown
5154,Inkling #5154,A looping cartoon-squid PFP stacked from painterly trait layers. Minted on Ink.,5154.gif,Peach Dusk,Silver Veil,Glass,Dew,Clean mantle,Kelp Flow
5155,Inkling #5155,A looping cartoon-squid PFP stacked from painterly trait layers. Minted on Ink.,5155.gif,Indigo Night,Violet Haze,Cuttle,Lidded,Slow Drip,Kelp Flow
5156,Inkling #5156,A looping cartoon-squid PFP stacked from painterly trait layers. Minted on Ink.,5156.gif,Peach Dusk,Silver Veil,Cuttle,Dew,Brush Streak,Pearl Cluster
5157,Inkling #5157,A looping cartoon-squid PFP stacked from painterly trait layers. Minted on Ink.,5157.gif,Peach Dusk,Silver Veil,Firefly,Ember,Brush Streak,Ink Ribbon
5158,Inkling #5158,A looping cartoon-squid PFP stacked from painterly trait layers. Minted on Ink.,5158.gif,Wine Paper,Teal Mist,Reef,Bright,Ink Splash,Bare mantle
5159,Inkling #5159,A looping cartoon-squid PFP stacked from painterly trait layers. Minted on Ink.,5159.gif,Cream Rice,Violet Haze,Firefly,Wink,Clean mantle,Wash Hood
5160,Inkling #5160,A looping cartoon-squid PFP stacked from painterly trait layers. Minted on Ink.,5160.gif,Cream Rice,Gold Wash,Cuttle,Sleepy,Ink Splash,Soft Crown
5161,Inkling #5161,A looping cartoon-squid PFP stacked from painterly trait layers. Minted on Ink.,5161.gif,Celadon Garden,Silver Veil,Firefly,Lidded,Brush Streak,Bare mantle
5162,Inkling #5162,A looping cartoon-squid PFP stacked from painterly trait layers. Minted on Ink.,5162.gif,Wine Paper,No bloom,Dumbo,Lidded,Clean mantle,Pearl Cluster
5163,Inkling #5163,A looping cartoon-squid PFP stacked from painterly trait layers. Minted on Ink.,5163.gif,Indigo Night,Coral Glow,Giant,Lidded,Slow Drip,Pearl Cluster
5164,Inkling #5164,A looping cartoon-squid PFP stacked from painterly trait layers. Minted on Ink.,5164.gif,Cream Rice,Silver Veil,Bobtail,Wink,Slow Drip,Bare mantle
5165,Inkling #5165,A looping cartoon-squid PFP stacked from painterly trait layers. Minted on Ink.,5165.gif,Indigo Night,No bloom,Firefly,Dew,Slow Drip,Ink Ribbon
5166,Inkling #5166,A looping cartoon-squid PFP stacked from painterly trait layers. Minted on Ink.,5166.gif,Indigo Night,Gold Wash,Glass,Lidded,Red Seal,Kelp Flow
5167,Inkling #5167,A looping cartoon-squid PFP stacked from painterly trait layers. Minted on Ink.,5167.gif,Charcoal Wash,Coral Glow,Firefly,Sleepy,Ink Splash,Kelp Flow
5168,Inkling #5168,A looping cartoon-squid PFP stacked from painterly trait layers. Minted on Ink.,5168.gif,Cream Rice,Coral Glow,Glass,Dew,Ink Splash,Kelp Flow
5169,Inkling #5169,A looping cartoon-squid PFP stacked from painterly trait layers. Minted on Ink.,5169.gif,Charcoal Wash,Teal Mist,Cuttle,Wink,Red Seal,Pearl Cluster
5170,Inkling #5170,A looping cartoon-squid PFP stacked from painterly trait layers. Minted on Ink.,5170.gif,Rose Gold,Teal Mist,Reef,Lidded,Red Seal,Wash Hood
5171,Inkling #5171,A looping cartoon-squid PFP stacked from painterly trait layers. Minted on Ink.,5171.gif,Cream Rice,Silver Veil,Glass,Lidded,Slow Drip,Ink Ribbon
5172,Inkling #5172,A looping cartoon-squid PFP stacked from painterly trait layers. Minted on Ink.,5172.gif,Indigo Night,No bloom,Glass,Ember,Clean mantle,Pearl Cluster
5173,Inkling #5173,A looping cartoon-squid PFP stacked from painterly trait layers. Minted on Ink.,5173.gif,Indigo Night,Teal Mist,Bobtail,Bright,Clean mantle,Pearl Cluster
5174,Inkling #5174,A looping cartoon-squid PFP stacked from painterly trait layers. Minted on Ink.,5174.gif,Storm Grey,Silver Veil,Bobtail,Wink,Slow Drip,Wash Hood
5175,Inkling #5175,A looping cartoon-squid PFP stacked from painterly trait layers. Minted on Ink.,5175.gif,Wine Paper,Gold Wash,Cuttle,Dew,Ink Splash,Ink Ribbon
5176,Inkling #5176,A looping cartoon-squid PFP stacked from painterly trait layers. Minted on Ink.,5176.gif,Celadon Garden,No bloom,Firefly,Lidded,Slow Drip,Bare mantle
5177,Inkling #5177,A looping cartoon-squid PFP stacked from painterly trait layers. Minted on Ink.,5177.gif,Rose Gold,Silver Veil,Firefly,Dew,Slow Drip,Pearl Cluster
5178,Inkling #5178,A looping cartoon-squid PFP stacked from painterly trait layers. Minted on Ink.,5178.gif,Cream Rice,Coral Glow,Cuttle,Bright,Clean mantle,Ink Ribbon
5179,Inkling #5179,A looping cartoon-squid PFP stacked from painterly trait layers. Minted on Ink.,5179.gif,Rose Gold,Violet Haze,Inked,Wink,Ink Splash,Ink Ribbon
5180,Inkling #5180,A looping cartoon-squid PFP stacked from painterly trait layers. Minted on Ink.,5180.gif,Celadon Garden,Gold Wash,Firefly,Bright,Clean mantle,Bare mantle
5181,Inkling #5181,A looping cartoon-squid PFP stacked from painterly trait layers. Minted on Ink.,5181.gif,Indigo Night,Teal Mist,Dumbo,Wink,Clean mantle,Kelp Flow
5182,Inkling #5182,A looping cartoon-squid PFP stacked from painterly trait layers. Minted on Ink.,5182.gif,Celadon Garden,Gold Wash,Bobtail,Lidded,Clean mantle,Wash Hood
5183,Inkling #5183,A looping cartoon-squid PFP stacked from painterly trait layers. Minted on Ink.,5183.gif,Charcoal Wash,Silver Veil,Dumbo,Lidded,Ink Splash,Pearl Cluster
5184,Inkling #5184,A looping cartoon-squid PFP stacked from painterly trait layers. Minted on Ink.,5184.gif,Charcoal Wash,Violet Haze,Cuttle,Lidded,Brush Streak,Kelp Flow
5185,Inkling #5185,A looping cartoon-squid PFP stacked from painterly trait layers. Minted on Ink.,5185.gif,Rose Gold,Violet Haze,Firefly,Wink,Brush Streak,Bare mantle
5186,Inkling #5186,A looping cartoon-squid PFP stacked from painterly trait layers. Minted on Ink.,5186.gif,Indigo Night,No bloom,Bobtail,Lidded,Clean mantle,Ink Ribbon
5187,Inkling #5187,A looping cartoon-squid PFP stacked from painterly trait layers. Minted on Ink.,5187.gif,Storm Grey,Teal Mist,Glass,Lidded,Red Seal,Soft Crown
5188,Inkling #5188,A looping cartoon-squid PFP stacked from painterly trait layers. Minted on Ink.,5188.gif,Celadon Garden,Silver Veil,Glass,Wink,Red Seal,Wash Hood
5189,Inkling #5189,A looping cartoon-squid PFP stacked from painterly trait layers. Minted on Ink.,5189.gif,Charcoal Wash,Violet Haze,Bobtail,Bright,Clean mantle,Bare mantle
5190,Inkling #5190,A looping cartoon-squid PFP stacked from painterly trait layers. Minted on Ink.,5190.gif,Cream Rice,Gold Wash,Cuttle,Lidded,Clean mantle,Wash Hood
5191,Inkling #5191,A looping cartoon-squid PFP stacked from painterly trait layers. Minted on Ink.,5191.gif,Peach Dusk,Violet Haze,Firefly,Ember,Clean mantle,Kelp Flow
5192,Inkling #5192,A looping cartoon-squid PFP stacked from painterly trait layers. Minted on Ink.,5192.gif,Rose Gold,Violet Haze,Reef,Ember,Clean mantle,Soft Crown
5193,Inkling #5193,A looping cartoon-squid PFP stacked from painterly trait layers. Minted on Ink.,5193.gif,Cream Rice,Teal Mist,Cuttle,Sleepy,Clean mantle,Wash Hood
5194,Inkling #5194,A looping cartoon-squid PFP stacked from painterly trait layers. Minted on Ink.,5194.gif,Storm Grey,No bloom,Glass,Lidded,Ink Splash,Pearl Cluster
5195,Inkling #5195,A looping cartoon-squid PFP stacked from painterly trait layers. Minted on Ink.,5195.gif,Rose Gold,Gold Wash,Dumbo,Wink,Ink Splash,Pearl Cluster
5196,Inkling #5196,A looping cartoon-squid PFP stacked from painterly trait layers. Minted on Ink.,5196.gif,Cream Rice,Silver Veil,Giant,Wink,Clean mantle,Kelp Flow
5197,Inkling #5197,A looping cartoon-squid PFP stacked from painterly trait layers. Minted on Ink.,5197.gif,Celadon Garden,Violet Haze,Dumbo,Bright,Ink Splash,Wash Hood
5198,Inkling #5198,A looping cartoon-squid PFP stacked from painterly trait layers. Minted on Ink.,5198.gif,Rose Gold,Teal Mist,Bobtail,Sleepy,Clean mantle,Bare mantle
5199,Inkling #5199,A looping cartoon-squid PFP stacked from painterly trait layers. Minted on Ink.,5199.gif,Rose Gold,Coral Glow,Dumbo,Bright,Brush Streak,Kelp Flow
5200,Inkling #5200,A looping cartoon-squid PFP stacked from painterly trait layers. Minted on Ink.,5200.gif,Celadon Garden,No bloom,Cuttle,Bright,Ink Splash,Soft Crown
5201,Inkling #5201,A looping cartoon-squid PFP stacked from painterly trait layers. Minted on Ink.,5201.gif,Indigo Night,Violet Haze,Reef,Bright,Clean mantle,Kelp Flow
5202,Inkling #5202,A looping cartoon-squid PFP stacked from painterly trait layers. Minted on Ink.,5202.gif,Celadon Garden,Coral Glow,Glass,Ember,Ink Splash,Bare mantle
5203,Inkling #5203,A looping cartoon-squid PFP stacked from painterly trait layers. Minted on Ink.,5203.gif,Wine Paper,Gold Wash,Firefly,Lidded,Brush Streak,Pearl Cluster
5204,Inkling #5204,A looping cartoon-squid PFP stacked from painterly trait layers. Minted on Ink.,5204.gif,Storm Grey,Gold Wash,Giant,Wink,Slow Drip,Wash Hood
5205,Inkling #5205,A looping cartoon-squid PFP stacked from painterly trait layers. Minted on Ink.,5205.gif,Celadon Garden,Violet Haze,Reef,Lidded,Ink Splash,Kelp Flow
5206,Inkling #5206,A looping cartoon-squid PFP stacked from painterly trait layers. Minted on Ink.,5206.gif,Indigo Night,Silver Veil,Giant,Lidded,Clean mantle,Pearl Cluster
5207,Inkling #5207,A looping cartoon-squid PFP stacked from painterly trait layers. Minted on Ink.,5207.gif,Storm Grey,Teal Mist,Bobtail,Bright,Brush Streak,Ink Ribbon
5208,Inkling #5208,A looping cartoon-squid PFP stacked from painterly trait layers. Minted on Ink.,5208.gif,Peach Dusk,Violet Haze,Giant,Wink,Brush Streak,Soft Crown
5209,Inkling #5209,A looping cartoon-squid PFP stacked from painterly trait layers. Minted on Ink.,5209.gif,Celadon Garden,No bloom,Glass,Lidded,Red Seal,Wash Hood
5210,Inkling #5210,A looping cartoon-squid PFP stacked from painterly trait layers. Minted on Ink.,5210.gif,Cream Rice,Teal Mist,Giant,Sleepy,Brush Streak,Wash Hood
5211,Inkling #5211,A looping cartoon-squid PFP stacked from painterly trait layers. Minted on Ink.,5211.gif,Celadon Garden,Teal Mist,Giant,Wink,Clean mantle,Soft Crown
5212,Inkling #5212,A looping cartoon-squid PFP stacked from painterly trait layers. Minted on Ink.,5212.gif,Indigo Night,Coral Glow,Cuttle,Lidded,Clean mantle,Wash Hood
5213,Inkling #5213,A looping cartoon-squid PFP stacked from painterly trait layers. Minted on Ink.,5213.gif,Storm Grey,No bloom,Bobtail,Lidded,Clean mantle,Bare mantle
5214,Inkling #5214,A looping cartoon-squid PFP stacked from painterly trait layers. Minted on Ink.,5214.gif,Rose Gold,No bloom,Cuttle,Sleepy,Brush Streak,Pearl Cluster
5215,Inkling #5215,A looping cartoon-squid PFP stacked from painterly trait layers. Minted on Ink.,5215.gif,Cream Rice,Silver Veil,Cuttle,Dew,Red Seal,Kelp Flow
5216,Inkling #5216,A looping cartoon-squid PFP stacked from painterly trait layers. Minted on Ink.,5216.gif,Celadon Garden,Gold Wash,Cuttle,Bright,Clean mantle,Kelp Flow
5217,Inkling #5217,A looping cartoon-squid PFP stacked from painterly trait layers. Minted on Ink.,5217.gif,Peach Dusk,Coral Glow,Dumbo,Wink,Clean mantle,Ink Ribbon
5218,Inkling #5218,A looping cartoon-squid PFP stacked from painterly trait layers. Minted on Ink.,5218.gif,Peach Dusk,No bloom,Giant,Bright,Ink Splash,Soft Crown
5219,Inkling #5219,A looping cartoon-squid PFP stacked from painterly trait layers. Minted on Ink.,5219.gif,Celadon Garden,Teal Mist,Firefly,Lidded,Clean mantle,Wash Hood
5220,Inkling #5220,A looping cartoon-squid PFP stacked from painterly trait layers. Minted on Ink.,5220.gif,Rose Gold,No bloom,Cuttle,Wink,Ink Splash,Pearl Cluster
5221,Inkling #5221,A looping cartoon-squid PFP stacked from painterly trait layers. Minted on Ink.,5221.gif,Peach Dusk,Teal Mist,Giant,Lidded,Brush Streak,Bare mantle
5222,Inkling #5222,A looping cartoon-squid PFP stacked from painterly trait layers. Minted on Ink.,5222.gif,Charcoal Wash,Coral Glow,Bobtail,Bright,Red Seal,Ink Ribbon
5223,Inkling #5223,A looping cartoon-squid PFP stacked from painterly trait layers. Minted on Ink.,5223.gif,Cream Rice,Silver Veil,Dumbo,Sleepy,Ink Splash,Pearl Cluster
5224,Inkling #5224,A looping cartoon-squid PFP stacked from painterly trait layers. Minted on Ink.,5224.gif,Indigo Night,Violet Haze,Bobtail,Lidded,Brush Streak,Soft Crown
5225,Inkling #5225,A looping cartoon-squid PFP stacked from painterly trait layers. Minted on Ink.,5225.gif,Storm Grey,No bloom,Dumbo,Sleepy,Clean mantle,Ink Ribbon
5226,Inkling #5226,A looping cartoon-squid PFP stacked from painterly trait layers. Minted on Ink.,5226.gif,Wine Paper,Silver Veil,Reef,Wink,Red Seal,Wash Hood
5227,Inkling #5227,A looping cartoon-squid PFP stacked from painterly trait layers. Minted on Ink.,5227.gif,Wine Paper,Violet Haze,Firefly,Lidded,Red Seal,Pearl Cluster
5228,Inkling #5228,A looping cartoon-squid PFP stacked from painterly trait layers. Minted on Ink.,5228.gif,Wine Paper,Coral Glow,Cuttle,Wink,Ink Splash,Pearl Cluster
5229,Inkling #5229,A looping cartoon-squid PFP stacked from painterly trait layers. Minted on Ink.,5229.gif,Rose Gold,Gold Wash,Inked,Ember,Clean mantle,Wash Hood
5230,Inkling #5230,A looping cartoon-squid PFP stacked from painterly trait layers. Minted on Ink.,5230.gif,Peach Dusk,No bloom,Firefly,Sleepy,Clean mantle,Soft Crown
5231,Inkling #5231,A looping cartoon-squid PFP stacked from painterly trait layers. Minted on Ink.,5231.gif,Cream Rice,Teal Mist,Cuttle,Ember,Slow Drip,Bare mantle
5232,Inkling #5232,A looping cartoon-squid PFP stacked from painterly trait layers. Minted on Ink.,5232.gif,Charcoal Wash,Teal Mist,Reef,Ember,Red Seal,Pearl Cluster
5233,Inkling #5233,A looping cartoon-squid PFP stacked from painterly trait layers. Minted on Ink.,5233.gif,Celadon Garden,Silver Veil,Firefly,Dew,Ink Splash,Bare mantle
5234,Inkling #5234,A looping cartoon-squid PFP stacked from painterly trait layers. Minted on Ink.,5234.gif,Peach Dusk,Gold Wash,Inked,Ember,Red Seal,Wash Hood
5235,Inkling #5235,A looping cartoon-squid PFP stacked from painterly trait layers. Minted on Ink.,5235.gif,Charcoal Wash,No bloom,Giant,Lidded,Slow Drip,Bare mantle
5236,Inkling #5236,A looping cartoon-squid PFP stacked from painterly trait layers. Minted on Ink.,5236.gif,Wine Paper,Silver Veil,Bobtail,Wink,Brush Streak,Kelp Flow
5237,Inkling #5237,A looping cartoon-squid PFP stacked from painterly trait layers. Minted on Ink.,5237.gif,Celadon Garden,Teal Mist,Glass,Bright,Brush Streak,Pearl Cluster
5238,Inkling #5238,A looping cartoon-squid PFP stacked from painterly trait layers. Minted on Ink.,5238.gif,Storm Grey,Gold Wash,Dumbo,Bright,Clean mantle,Wash Hood
5239,Inkling #5239,A looping cartoon-squid PFP stacked from painterly trait layers. Minted on Ink.,5239.gif,Celadon Garden,No bloom,Dumbo,Dew,Red Seal,Soft Crown
5240,Inkling #5240,A looping cartoon-squid PFP stacked from painterly trait layers. Minted on Ink.,5240.gif,Cream Rice,Gold Wash,Reef,Dew,Clean mantle,Pearl Cluster
5241,Inkling #5241,A looping cartoon-squid PFP stacked from painterly trait layers. Minted on Ink.,5241.gif,Celadon Garden,Gold Wash,Inked,Lidded,Red Seal,Soft Crown
5242,Inkling #5242,A looping cartoon-squid PFP stacked from painterly trait layers. Minted on Ink.,5242.gif,Peach Dusk,Violet Haze,Firefly,Wink,Slow Drip,Wash Hood
5243,Inkling #5243,A looping cartoon-squid PFP stacked from painterly trait layers. Minted on Ink.,5243.gif,Rose Gold,Gold Wash,Dumbo,Lidded,Clean mantle,Ink Ribbon
5244,Inkling #5244,A looping cartoon-squid PFP stacked from painterly trait layers. Minted on Ink.,5244.gif,Wine Paper,No bloom,Bobtail,Bright,Clean mantle,Bare mantle
5245,Inkling #5245,A looping cartoon-squid PFP stacked from painterly trait layers. Minted on Ink.,5245.gif,Storm Grey,Coral Glow,Firefly,Ember,Ink Splash,Ink Ribbon
5246,Inkling #5246,A looping cartoon-squid PFP stacked from painterly trait layers. Minted on Ink.,5246.gif,Rose Gold,Gold Wash,Bobtail,Wink,Clean mantle,Bare mantle
5247,Inkling #5247,A looping cartoon-squid PFP stacked from painterly trait layers. Minted on Ink.,5247.gif,Cream Rice,Teal Mist,Bobtail,Bright,Slow Drip,Kelp Flow
5248,Inkling #5248,A looping cartoon-squid PFP stacked from painterly trait layers. Minted on Ink.,5248.gif,Celadon Garden,Silver Veil,Firefly,Sleepy,Slow Drip,Kelp Flow
5249,Inkling #5249,A looping cartoon-squid PFP stacked from painterly trait layers. Minted on Ink.,5249.gif,Cream Rice,No bloom,Dumbo,Ember,Ink Splash,Kelp Flow
5250,Inkling #5250,A looping cartoon-squid PFP stacked from painterly trait layers. Minted on Ink.,5250.gif,Celadon Garden,Coral Glow,Giant,Bright,Clean mantle,Pearl Cluster
5251,Inkling #5251,A looping cartoon-squid PFP stacked from painterly trait layers. Minted on Ink.,5251.gif,Indigo Night,Coral Glow,Cuttle,Dew,Slow Drip,Ink Ribbon
5252,Inkling #5252,A looping cartoon-squid PFP stacked from painterly trait layers. Minted on Ink.,5252.gif,Indigo Night,Teal Mist,Bobtail,Bright,Brush Streak,Bare mantle
5253,Inkling #5253,A looping cartoon-squid PFP stacked from painterly trait layers. Minted on Ink.,5253.gif,Peach Dusk,No bloom,Bobtail,Wink,Red Seal,Wash Hood
5254,Inkling #5254,A looping cartoon-squid PFP stacked from painterly trait layers. Minted on Ink.,5254.gif,Charcoal Wash,Teal Mist,Cuttle,Lidded,Ink Splash,Ink Ribbon
5255,Inkling #5255,A looping cartoon-squid PFP stacked from painterly trait layers. Minted on Ink.,5255.gif,Celadon Garden,Violet Haze,Giant,Bright,Slow Drip,Wash Hood
5256,Inkling #5256,A looping cartoon-squid PFP stacked from painterly trait layers. Minted on Ink.,5256.gif,Charcoal Wash,No bloom,Inked,Bright,Red Seal,Soft Crown
5257,Inkling #5257,A looping cartoon-squid PFP stacked from painterly trait layers. Minted on Ink.,5257.gif,Storm Grey,Gold Wash,Giant,Ember,Red Seal,Kelp Flow
5258,Inkling #5258,A looping cartoon-squid PFP stacked from painterly trait layers. Minted on Ink.,5258.gif,Rose Gold,Teal Mist,Dumbo,Ember,Slow Drip,Ink Ribbon
5259,Inkling #5259,A looping cartoon-squid PFP stacked from painterly trait layers. Minted on Ink.,5259.gif,Rose Gold,Silver Veil,Glass,Bright,Ink Splash,Soft Crown
5260,Inkling #5260,A looping cartoon-squid PFP stacked from painterly trait layers. Minted on Ink.,5260.gif,Wine Paper,No bloom,Cuttle,Wink,Red Seal,Kelp Flow
5261,Inkling #5261,A looping cartoon-squid PFP stacked from painterly trait layers. Minted on Ink.,5261.gif,Celadon Garden,Gold Wash,Dumbo,Lidded,Red Seal,Kelp Flow
5262,Inkling #5262,A looping cartoon-squid PFP stacked from painterly trait layers. Minted on Ink.,5262.gif,Celadon Garden,Silver Veil,Inked,Sleepy,Slow Drip,Pearl Cluster
5263,Inkling #5263,A looping cartoon-squid PFP stacked from painterly trait layers. Minted on Ink.,5263.gif,Celadon Garden,No bloom,Inked,Bright,Ink Splash,Ink Ribbon
5264,Inkling #5264,A looping cartoon-squid PFP stacked from painterly trait layers. Minted on Ink.,5264.gif,Cream Rice,No bloom,Bobtail,Ember,Ink Splash,Bare mantle
5265,Inkling #5265,A looping cartoon-squid PFP stacked from painterly trait layers. Minted on Ink.,5265.gif,Storm Grey,Violet Haze,Cuttle,Wink,Red Seal,Ink Ribbon
5266,Inkling #5266,A looping cartoon-squid PFP stacked from painterly trait layers. Minted on Ink.,5266.gif,Celadon Garden,Gold Wash,Inked,Wink,Slow Drip,Ink Ribbon
5267,Inkling #5267,A looping cartoon-squid PFP stacked from painterly trait layers. Minted on Ink.,5267.gif,Indigo Night,Gold Wash,Dumbo,Lidded,Clean mantle,Bare mantle
5268,Inkling #5268,A looping cartoon-squid PFP stacked from painterly trait layers. Minted on Ink.,5268.gif,Charcoal Wash,Silver Veil,Firefly,Lidded,Red Seal,Wash Hood
5269,Inkling #5269,A looping cartoon-squid PFP stacked from painterly trait layers. Minted on Ink.,5269.gif,Charcoal Wash,Teal Mist,Bobtail,Lidded,Clean mantle,Soft Crown
5270,Inkling #5270,A looping cartoon-squid PFP stacked from painterly trait layers. Minted on Ink.,5270.gif,Peach Dusk,No bloom,Reef,Dew,Ink Splash,Pearl Cluster
5271,Inkling #5271,A looping cartoon-squid PFP stacked from painterly trait layers. Minted on Ink.,5271.gif,Storm Grey,Coral Glow,Inked,Lidded,Ink Splash,Ink Ribbon
5272,Inkling #5272,A looping cartoon-squid PFP stacked from painterly trait layers. Minted on Ink.,5272.gif,Charcoal Wash,Coral Glow,Firefly,Ember,Red Seal,Ink Ribbon
5273,Inkling #5273,A looping cartoon-squid PFP stacked from painterly trait layers. Minted on Ink.,5273.gif,Indigo Night,Violet Haze,Bobtail,Dew,Slow Drip,Bare mantle
5274,Inkling #5274,A looping cartoon-squid PFP stacked from painterly trait layers. Minted on Ink.,5274.gif,Charcoal Wash,Teal Mist,Inked,Wink,Red Seal,Bare mantle
5275,Inkling #5275,A looping cartoon-squid PFP stacked from painterly trait layers. Minted on Ink.,5275.gif,Storm Grey,Teal Mist,Glass,Lidded,Slow Drip,Ink Ribbon
5276,Inkling #5276,A looping cartoon-squid PFP stacked from painterly trait layers. Minted on Ink.,5276.gif,Storm Grey,No bloom,Cuttle,Bright,Red Seal,Ink Ribbon
5277,Inkling #5277,A looping cartoon-squid PFP stacked from painterly trait layers. Minted on Ink.,5277.gif,Peach Dusk,No bloom,Cuttle,Ember,Red Seal,Bare mantle
5278,Inkling #5278,A looping cartoon-squid PFP stacked from painterly trait layers. Minted on Ink.,5278.gif,Rose Gold,Violet Haze,Dumbo,Lidded,Ink Splash,Bare mantle
5279,Inkling #5279,A looping cartoon-squid PFP stacked from painterly trait layers. Minted on Ink.,5279.gif,Charcoal Wash,Teal Mist,Inked,Dew,Brush Streak,Pearl Cluster
5280,Inkling #5280,A looping cartoon-squid PFP stacked from painterly trait layers. Minted on Ink.,5280.gif,Charcoal Wash,No bloom,Glass,Bright,Brush Streak,Kelp Flow
5281,Inkling #5281,A looping cartoon-squid PFP stacked from painterly trait layers. Minted on Ink.,5281.gif,Storm Grey,Gold Wash,Glass,Dew,Clean mantle,Kelp Flow
5282,Inkling #5282,A looping cartoon-squid PFP stacked from painterly trait layers. Minted on Ink.,5282.gif,Wine Paper,Teal Mist,Cuttle,Bright,Red Seal,Kelp Flow
5283,Inkling #5283,A looping cartoon-squid PFP stacked from painterly trait layers. Minted on Ink.,5283.gif,Storm Grey,No bloom,Reef,Lidded,Ink Splash,Pearl Cluster
5284,Inkling #5284,A looping cartoon-squid PFP stacked from painterly trait layers. Minted on Ink.,5284.gif,Wine Paper,Silver Veil,Cuttle,Bright,Clean mantle,Bare mantle
5285,Inkling #5285,A looping cartoon-squid PFP stacked from painterly trait layers. Minted on Ink.,5285.gif,Peach Dusk,Violet Haze,Giant,Lidded,Clean mantle,Pearl Cluster
5286,Inkling #5286,A looping cartoon-squid PFP stacked from painterly trait layers. Minted on Ink.,5286.gif,Wine Paper,Teal Mist,Reef,Bright,Clean mantle,Soft Crown
5287,Inkling #5287,A looping cartoon-squid PFP stacked from painterly trait layers. Minted on Ink.,5287.gif,Storm Grey,Teal Mist,Firefly,Dew,Clean mantle,Bare mantle
5288,Inkling #5288,A looping cartoon-squid PFP stacked from painterly trait layers. Minted on Ink.,5288.gif,Celadon Garden,Silver Veil,Cuttle,Lidded,Slow Drip,Ink Ribbon
5289,Inkling #5289,A looping cartoon-squid PFP stacked from painterly trait layers. Minted on Ink.,5289.gif,Charcoal Wash,Coral Glow,Giant,Lidded,Clean mantle,Wash Hood
5290,Inkling #5290,A looping cartoon-squid PFP stacked from painterly trait layers. Minted on Ink.,5290.gif,Indigo Night,Violet Haze,Firefly,Dew,Clean mantle,Ink Ribbon
5291,Inkling #5291,A looping cartoon-squid PFP stacked from painterly trait layers. Minted on Ink.,5291.gif,Storm Grey,Violet Haze,Bobtail,Wink,Brush Streak,Ink Ribbon
5292,Inkling #5292,A looping cartoon-squid PFP stacked from painterly trait layers. Minted on Ink.,5292.gif,Wine Paper,Gold Wash,Glass,Lidded,Ink Splash,Bare mantle
5293,Inkling #5293,A looping cartoon-squid PFP stacked from painterly trait layers. Minted on Ink.,5293.gif,Wine Paper,Violet Haze,Reef,Wink,Clean mantle,Soft Crown
5294,Inkling #5294,A looping cartoon-squid PFP stacked from painterly trait layers. Minted on Ink.,5294.gif,Charcoal Wash,Violet Haze,Dumbo,Sleepy,Clean mantle,Wash Hood
5295,Inkling #5295,A looping cartoon-squid PFP stacked from painterly trait layers. Minted on Ink.,5295.gif,Celadon Garden,Silver Veil,Firefly,Wink,Clean mantle,Ink Ribbon
5296,Inkling #5296,A looping cartoon-squid PFP stacked from painterly trait layers. Minted on Ink.,5296.gif,Wine Paper,Violet Haze,Glass,Wink,Red Seal,Pearl Cluster
5297,Inkling #5297,A looping cartoon-squid PFP stacked from painterly trait layers. Minted on Ink.,5297.gif,Indigo Night,Silver Veil,Reef,Lidded,Clean mantle,Bare mantle
5298,Inkling #5298,A looping cartoon-squid PFP stacked from painterly trait layers. Minted on Ink.,5298.gif,Rose Gold,Teal Mist,Firefly,Ember,Red Seal,Ink Ribbon
5299,Inkling #5299,A looping cartoon-squid PFP stacked from painterly trait layers. Minted on Ink.,5299.gif,Storm Grey,Gold Wash,Reef,Bright,Clean mantle,Wash Hood
5300,Inkling #5300,A looping cartoon-squid PFP stacked from painterly trait layers. Minted on Ink.,5300.gif,Indigo Night,Violet Haze,Bobtail,Sleepy,Clean mantle,Kelp Flow
5301,Inkling #5301,A looping cartoon-squid PFP stacked from painterly trait layers. Minted on Ink.,5301.gif,Charcoal Wash,Violet Haze,Cuttle,Lidded,Brush Streak,Bare mantle
5302,Inkling #5302,A looping cartoon-squid PFP stacked from painterly trait layers. Minted on Ink.,5302.gif,Peach Dusk,Gold Wash,Cuttle,Lidded,Brush Streak,Kelp Flow
5303,Inkling #5303,A looping cartoon-squid PFP stacked from painterly trait layers. Minted on Ink.,5303.gif,Celadon Garden,Gold Wash,Bobtail,Bright,Slow Drip,Soft Crown
5304,Inkling #5304,A looping cartoon-squid PFP stacked from painterly trait layers. Minted on Ink.,5304.gif,Wine Paper,Silver Veil,Bobtail,Lidded,Slow Drip,Pearl Cluster
5305,Inkling #5305,A looping cartoon-squid PFP stacked from painterly trait layers. Minted on Ink.,5305.gif,Charcoal Wash,Gold Wash,Reef,Sleepy,Ink Splash,Kelp Flow
5306,Inkling #5306,A looping cartoon-squid PFP stacked from painterly trait layers. Minted on Ink.,5306.gif,Wine Paper,Silver Veil,Bobtail,Bright,Ink Splash,Kelp Flow
5307,Inkling #5307,A looping cartoon-squid PFP stacked from painterly trait layers. Minted on Ink.,5307.gif,Celadon Garden,Gold Wash,Dumbo,Sleepy,Clean mantle,Kelp Flow
5308,Inkling #5308,A looping cartoon-squid PFP stacked from painterly trait layers. Minted on Ink.,5308.gif,Charcoal Wash,No bloom,Reef,Sleepy,Clean mantle,Bare mantle
5309,Inkling #5309,A looping cartoon-squid PFP stacked from painterly trait layers. Minted on Ink.,5309.gif,Wine Paper,Violet Haze,Inked,Ember,Slow Drip,Soft Crown
5310,Inkling #5310,A looping cartoon-squid PFP stacked from painterly trait layers. Minted on Ink.,5310.gif,Indigo Night,Silver Veil,Firefly,Wink,Slow Drip,Kelp Flow
5311,Inkling #5311,A looping cartoon-squid PFP stacked from painterly trait layers. Minted on Ink.,5311.gif,Rose Gold,Violet Haze,Firefly,Sleepy,Clean mantle,Bare mantle
5312,Inkling #5312,A looping cartoon-squid PFP stacked from painterly trait layers. Minted on Ink.,5312.gif,Celadon Garden,Gold Wash,Bobtail,Ember,Brush Streak,Pearl Cluster
5313,Inkling #5313,A looping cartoon-squid PFP stacked from painterly trait layers. Minted on Ink.,5313.gif,Celadon Garden,Silver Veil,Reef,Sleepy,Clean mantle,Kelp Flow
5314,Inkling #5314,A looping cartoon-squid PFP stacked from painterly trait layers. Minted on Ink.,5314.gif,Rose Gold,Teal Mist,Cuttle,Lidded,Ink Splash,Soft Crown
5315,Inkling #5315,A looping cartoon-squid PFP stacked from painterly trait layers. Minted on Ink.,5315.gif,Rose Gold,Gold Wash,Glass,Bright,Slow Drip,Bare mantle
5316,Inkling #5316,A looping cartoon-squid PFP stacked from painterly trait layers. Minted on Ink.,5316.gif,Storm Grey,Violet Haze,Cuttle,Lidded,Clean mantle,Soft Crown
5317,Inkling #5317,A looping cartoon-squid PFP stacked from painterly trait layers. Minted on Ink.,5317.gif,Indigo Night,Gold Wash,Cuttle,Ember,Clean mantle,Bare mantle
5318,Inkling #5318,A looping cartoon-squid PFP stacked from painterly trait layers. Minted on Ink.,5318.gif,Wine Paper,Silver Veil,Giant,Wink,Ink Splash,Kelp Flow
5319,Inkling #5319,A looping cartoon-squid PFP stacked from painterly trait layers. Minted on Ink.,5319.gif,Celadon Garden,Gold Wash,Reef,Bright,Red Seal,Soft Crown
5320,Inkling #5320,A looping cartoon-squid PFP stacked from painterly trait layers. Minted on Ink.,5320.gif,Peach Dusk,Teal Mist,Bobtail,Ember,Brush Streak,Pearl Cluster
5321,Inkling #5321,A looping cartoon-squid PFP stacked from painterly trait layers. Minted on Ink.,5321.gif,Cream Rice,Gold Wash,Cuttle,Sleepy,Ink Splash,Ink Ribbon
5322,Inkling #5322,A looping cartoon-squid PFP stacked from painterly trait layers. Minted on Ink.,5322.gif,Storm Grey,Teal Mist,Dumbo,Lidded,Clean mantle,Bare mantle
5323,Inkling #5323,A looping cartoon-squid PFP stacked from painterly trait layers. Minted on Ink.,5323.gif,Indigo Night,Teal Mist,Giant,Wink,Clean mantle,Pearl Cluster
5324,Inkling #5324,A looping cartoon-squid PFP stacked from painterly trait layers. Minted on Ink.,5324.gif,Charcoal Wash,Teal Mist,Giant,Lidded,Slow Drip,Bare mantle
5325,Inkling #5325,A looping cartoon-squid PFP stacked from painterly trait layers. Minted on Ink.,5325.gif,Peach Dusk,Violet Haze,Bobtail,Sleepy,Red Seal,Kelp Flow
5326,Inkling #5326,A looping cartoon-squid PFP stacked from painterly trait layers. Minted on Ink.,5326.gif,Rose Gold,Violet Haze,Bobtail,Lidded,Clean mantle,Kelp Flow
5327,Inkling #5327,A looping cartoon-squid PFP stacked from painterly trait layers. Minted on Ink.,5327.gif,Cream Rice,Gold Wash,Reef,Dew,Clean mantle,Kelp Flow
5328,Inkling #5328,A looping cartoon-squid PFP stacked from painterly trait layers. Minted on Ink.,5328.gif,Celadon Garden,Silver Veil,Firefly,Bright,Red Seal,Bare mantle
5329,Inkling #5329,A looping cartoon-squid PFP stacked from painterly trait layers. Minted on Ink.,5329.gif,Storm Grey,Teal Mist,Reef,Ember,Clean mantle,Pearl Cluster
5330,Inkling #5330,A looping cartoon-squid PFP stacked from painterly trait layers. Minted on Ink.,5330.gif,Rose Gold,No bloom,Dumbo,Ember,Clean mantle,Bare mantle
5331,Inkling #5331,A looping cartoon-squid PFP stacked from painterly trait layers. Minted on Ink.,5331.gif,Indigo Night,Coral Glow,Glass,Bright,Clean mantle,Soft Crown
5332,Inkling #5332,A looping cartoon-squid PFP stacked from painterly trait layers. Minted on Ink.,5332.gif,Celadon Garden,Coral Glow,Dumbo,Dew,Ink Splash,Ink Ribbon
5333,Inkling #5333,A looping cartoon-squid PFP stacked from painterly trait layers. Minted on Ink.,5333.gif,Storm Grey,Violet Haze,Cuttle,Lidded,Red Seal,Pearl Cluster
5334,Inkling #5334,A looping cartoon-squid PFP stacked from painterly trait layers. Minted on Ink.,5334.gif,Rose Gold,Violet Haze,Cuttle,Dew,Slow Drip,Kelp Flow
5335,Inkling #5335,A looping cartoon-squid PFP stacked from painterly trait layers. Minted on Ink.,5335.gif,Cream Rice,No bloom,Giant,Ember,Clean mantle,Kelp Flow
5336,Inkling #5336,A looping cartoon-squid PFP stacked from painterly trait layers. Minted on Ink.,5336.gif,Indigo Night,Teal Mist,Cuttle,Wink,Clean mantle,Pearl Cluster
5337,Inkling #5337,A looping cartoon-squid PFP stacked from painterly trait layers. Minted on Ink.,5337.gif,Rose Gold,Silver Veil,Firefly,Wink,Red Seal,Pearl Cluster
5338,Inkling #5338,A looping cartoon-squid PFP stacked from painterly trait layers. Minted on Ink.,5338.gif,Storm Grey,No bloom,Giant,Lidded,Slow Drip,Kelp Flow
5339,Inkling #5339,A looping cartoon-squid PFP stacked from painterly trait layers. Minted on Ink.,5339.gif,Storm Grey,No bloom,Giant,Ember,Clean mantle,Pearl Cluster
5340,Inkling #5340,A looping cartoon-squid PFP stacked from painterly trait layers. Minted on Ink.,5340.gif,Indigo Night,Silver Veil,Dumbo,Bright,Brush Streak,Wash Hood
5341,Inkling #5341,A looping cartoon-squid PFP stacked from painterly trait layers. Minted on Ink.,5341.gif,Rose Gold,No bloom,Inked,Sleepy,Ink Splash,Bare mantle
5342,Inkling #5342,A looping cartoon-squid PFP stacked from painterly trait layers. Minted on Ink.,5342.gif,Cream Rice,Coral Glow,Firefly,Ember,Red Seal,Kelp Flow
5343,Inkling #5343,A looping cartoon-squid PFP stacked from painterly trait layers. Minted on Ink.,5343.gif,Celadon Garden,Coral Glow,Bobtail,Ember,Brush Streak,Ink Ribbon
5344,Inkling #5344,A looping cartoon-squid PFP stacked from painterly trait layers. Minted on Ink.,5344.gif,Storm Grey,Silver Veil,Giant,Sleepy,Ink Splash,Ink Ribbon
5345,Inkling #5345,A looping cartoon-squid PFP stacked from painterly trait layers. Minted on Ink.,5345.gif,Rose Gold,Teal Mist,Firefly,Wink,Red Seal,Soft Crown
5346,Inkling #5346,A looping cartoon-squid PFP stacked from painterly trait layers. Minted on Ink.,5346.gif,Rose Gold,No bloom,Glass,Dew,Ink Splash,Bare mantle
5347,Inkling #5347,A looping cartoon-squid PFP stacked from painterly trait layers. Minted on Ink.,5347.gif,Celadon Garden,Gold Wash,Dumbo,Sleepy,Clean mantle,Bare mantle
5348,Inkling #5348,A looping cartoon-squid PFP stacked from painterly trait layers. Minted on Ink.,5348.gif,Charcoal Wash,Violet Haze,Reef,Bright,Brush Streak,Soft Crown
5349,Inkling #5349,A looping cartoon-squid PFP stacked from painterly trait layers. Minted on Ink.,5349.gif,Rose Gold,Teal Mist,Bobtail,Sleepy,Brush Streak,Kelp Flow
5350,Inkling #5350,A looping cartoon-squid PFP stacked from painterly trait layers. Minted on Ink.,5350.gif,Celadon Garden,No bloom,Bobtail,Bright,Ink Splash,Pearl Cluster
5351,Inkling #5351,A looping cartoon-squid PFP stacked from painterly trait layers. Minted on Ink.,5351.gif,Rose Gold,No bloom,Inked,Wink,Clean mantle,Soft Crown
5352,Inkling #5352,A looping cartoon-squid PFP stacked from painterly trait layers. Minted on Ink.,5352.gif,Wine Paper,Violet Haze,Firefly,Bright,Clean mantle,Bare mantle
5353,Inkling #5353,A looping cartoon-squid PFP stacked from painterly trait layers. Minted on Ink.,5353.gif,Storm Grey,Teal Mist,Firefly,Bright,Brush Streak,Soft Crown
5354,Inkling #5354,A looping cartoon-squid PFP stacked from painterly trait layers. Minted on Ink.,5354.gif,Storm Grey,No bloom,Reef,Bright,Slow Drip,Wash Hood
5355,Inkling #5355,A looping cartoon-squid PFP stacked from painterly trait layers. Minted on Ink.,5355.gif,Wine Paper,Silver Veil,Reef,Bright,Clean mantle,Bare mantle
5356,Inkling #5356,A looping cartoon-squid PFP stacked from painterly trait layers. Minted on Ink.,5356.gif,Storm Grey,Violet Haze,Bobtail,Ember,Clean mantle,Bare mantle
5357,Inkling #5357,A looping cartoon-squid PFP stacked from painterly trait layers. Minted on Ink.,5357.gif,Rose Gold,No bloom,Bobtail,Sleepy,Red Seal,Bare mantle
5358,Inkling #5358,A looping cartoon-squid PFP stacked from painterly trait layers. Minted on Ink.,5358.gif,Charcoal Wash,No bloom,Firefly,Bright,Ink Splash,Bare mantle
5359,Inkling #5359,A looping cartoon-squid PFP stacked from painterly trait layers. Minted on Ink.,5359.gif,Charcoal Wash,Teal Mist,Reef,Lidded,Brush Streak,Pearl Cluster
5360,Inkling #5360,A looping cartoon-squid PFP stacked from painterly trait layers. Minted on Ink.,5360.gif,Storm Grey,Silver Veil,Glass,Sleepy,Clean mantle,Bare mantle
5361,Inkling #5361,A looping cartoon-squid PFP stacked from painterly trait layers. Minted on Ink.,5361.gif,Indigo Night,Violet Haze,Cuttle,Sleepy,Ink Splash,Bare mantle
5362,Inkling #5362,A looping cartoon-squid PFP stacked from painterly trait layers. Minted on Ink.,5362.gif,Celadon Garden,Teal Mist,Dumbo,Dew,Red Seal,Bare mantle
5363,Inkling #5363,A looping cartoon-squid PFP stacked from painterly trait layers. Minted on Ink.,5363.gif,Peach Dusk,Teal Mist,Inked,Dew,Brush Streak,Pearl Cluster
5364,Inkling #5364,A looping cartoon-squid PFP stacked from painterly trait layers. Minted on Ink.,5364.gif,Celadon Garden,Gold Wash,Firefly,Dew,Clean mantle,Bare mantle
5365,Inkling #5365,A looping cartoon-squid PFP stacked from painterly trait layers. Minted on Ink.,5365.gif,Rose Gold,Violet Haze,Reef,Wink,Brush Streak,Soft Crown
5366,Inkling #5366,A looping cartoon-squid PFP stacked from painterly trait layers. Minted on Ink.,5366.gif,Peach Dusk,Gold Wash,Glass,Bright,Ink Splash,Pearl Cluster
5367,Inkling #5367,A looping cartoon-squid PFP stacked from painterly trait layers. Minted on Ink.,5367.gif,Peach Dusk,Silver Veil,Bobtail,Bright,Clean mantle,Ink Ribbon
5368,Inkling #5368,A looping cartoon-squid PFP stacked from painterly trait layers. Minted on Ink.,5368.gif,Charcoal Wash,Teal Mist,Cuttle,Ember,Brush Streak,Bare mantle
5369,Inkling #5369,A looping cartoon-squid PFP stacked from painterly trait layers. Minted on Ink.,5369.gif,Peach Dusk,No bloom,Firefly,Bright,Red Seal,Bare mantle
5370,Inkling #5370,A looping cartoon-squid PFP stacked from painterly trait layers. Minted on Ink.,5370.gif,Indigo Night,No bloom,Bobtail,Ember,Brush Streak,Bare mantle
5371,Inkling #5371,A looping cartoon-squid PFP stacked from painterly trait layers. Minted on Ink.,5371.gif,Wine Paper,Coral Glow,Cuttle,Lidded,Clean mantle,Kelp Flow
5372,Inkling #5372,A looping cartoon-squid PFP stacked from painterly trait layers. Minted on Ink.,5372.gif,Celadon Garden,Silver Veil,Bobtail,Lidded,Slow Drip,Soft Crown
5373,Inkling #5373,A looping cartoon-squid PFP stacked from painterly trait layers. Minted on Ink.,5373.gif,Indigo Night,Gold Wash,Glass,Bright,Ink Splash,Pearl Cluster
5374,Inkling #5374,A looping cartoon-squid PFP stacked from painterly trait layers. Minted on Ink.,5374.gif,Charcoal Wash,Silver Veil,Dumbo,Dew,Clean mantle,Soft Crown
5375,Inkling #5375,A looping cartoon-squid PFP stacked from painterly trait layers. Minted on Ink.,5375.gif,Cream Rice,Silver Veil,Inked,Ember,Clean mantle,Pearl Cluster
5376,Inkling #5376,A looping cartoon-squid PFP stacked from painterly trait layers. Minted on Ink.,5376.gif,Charcoal Wash,Coral Glow,Cuttle,Dew,Clean mantle,Bare mantle
5377,Inkling #5377,A looping cartoon-squid PFP stacked from painterly trait layers. Minted on Ink.,5377.gif,Celadon Garden,No bloom,Bobtail,Lidded,Brush Streak,Pearl Cluster
5378,Inkling #5378,A looping cartoon-squid PFP stacked from painterly trait layers. Minted on Ink.,5378.gif,Charcoal Wash,Gold Wash,Reef,Lidded,Brush Streak,Bare mantle
5379,Inkling #5379,A looping cartoon-squid PFP stacked from painterly trait layers. Minted on Ink.,5379.gif,Rose Gold,Violet Haze,Bobtail,Wink,Ink Splash,Bare mantle
5380,Inkling #5380,A looping cartoon-squid PFP stacked from painterly trait layers. Minted on Ink.,5380.gif,Charcoal Wash,Gold Wash,Dumbo,Wink,Red Seal,Ink Ribbon
5381,Inkling #5381,A looping cartoon-squid PFP stacked from painterly trait layers. Minted on Ink.,5381.gif,Indigo Night,Coral Glow,Bobtail,Wink,Red Seal,Wash Hood
5382,Inkling #5382,A looping cartoon-squid PFP stacked from painterly trait layers. Minted on Ink.,5382.gif,Celadon Garden,Violet Haze,Giant,Sleepy,Ink Splash,Soft Crown
5383,Inkling #5383,A looping cartoon-squid PFP stacked from painterly trait layers. Minted on Ink.,5383.gif,Rose Gold,Violet Haze,Cuttle,Wink,Red Seal,Pearl Cluster
5384,Inkling #5384,A looping cartoon-squid PFP stacked from painterly trait layers. Minted on Ink.,5384.gif,Charcoal Wash,Teal Mist,Bobtail,Bright,Ink Splash,Wash Hood
5385,Inkling #5385,A looping cartoon-squid PFP stacked from painterly trait layers. Minted on Ink.,5385.gif,Indigo Night,Teal Mist,Cuttle,Lidded,Clean mantle,Pearl Cluster
5386,Inkling #5386,A looping cartoon-squid PFP stacked from painterly trait layers. Minted on Ink.,5386.gif,Peach Dusk,Silver Veil,Firefly,Sleepy,Brush Streak,Kelp Flow
5387,Inkling #5387,A looping cartoon-squid PFP stacked from painterly trait layers. Minted on Ink.,5387.gif,Celadon Garden,Teal Mist,Glass,Wink,Clean mantle,Bare mantle
5388,Inkling #5388,A looping cartoon-squid PFP stacked from painterly trait layers. Minted on Ink.,5388.gif,Indigo Night,Violet Haze,Firefly,Lidded,Slow Drip,Kelp Flow
5389,Inkling #5389,A looping cartoon-squid PFP stacked from painterly trait layers. Minted on Ink.,5389.gif,Rose Gold,Teal Mist,Firefly,Bright,Ink Splash,Pearl Cluster
5390,Inkling #5390,A looping cartoon-squid PFP stacked from painterly trait layers. Minted on Ink.,5390.gif,Charcoal Wash,Violet Haze,Bobtail,Lidded,Slow Drip,Wash Hood
5391,Inkling #5391,A looping cartoon-squid PFP stacked from painterly trait layers. Minted on Ink.,5391.gif,Charcoal Wash,Gold Wash,Giant,Ember,Red Seal,Kelp Flow
5392,Inkling #5392,A looping cartoon-squid PFP stacked from painterly trait layers. Minted on Ink.,5392.gif,Charcoal Wash,Coral Glow,Giant,Sleepy,Ink Splash,Ink Ribbon
5393,Inkling #5393,A looping cartoon-squid PFP stacked from painterly trait layers. Minted on Ink.,5393.gif,Peach Dusk,Violet Haze,Firefly,Dew,Red Seal,Kelp Flow
5394,Inkling #5394,A looping cartoon-squid PFP stacked from painterly trait layers. Minted on Ink.,5394.gif,Wine Paper,Gold Wash,Glass,Bright,Red Seal,Kelp Flow
5395,Inkling #5395,A looping cartoon-squid PFP stacked from painterly trait layers. Minted on Ink.,5395.gif,Storm Grey,No bloom,Firefly,Bright,Brush Streak,Kelp Flow
5396,Inkling #5396,A looping cartoon-squid PFP stacked from painterly trait layers. Minted on Ink.,5396.gif,Indigo Night,Teal Mist,Cuttle,Sleepy,Clean mantle,Bare mantle
5397,Inkling #5397,A looping cartoon-squid PFP stacked from painterly trait layers. Minted on Ink.,5397.gif,Indigo Night,No bloom,Firefly,Ember,Clean mantle,Soft Crown
5398,Inkling #5398,A looping cartoon-squid PFP stacked from painterly trait layers. Minted on Ink.,5398.gif,Peach Dusk,Teal Mist,Glass,Dew,Clean mantle,Ink Ribbon
5399,Inkling #5399,A looping cartoon-squid PFP stacked from painterly trait layers. Minted on Ink.,5399.gif,Rose Gold,Silver Veil,Bobtail,Dew,Red Seal,Pearl Cluster
5400,Inkling #5400,A looping cartoon-squid PFP stacked from painterly trait layers. Minted on Ink.,5400.gif,Storm Grey,Gold Wash,Firefly,Ember,Clean mantle,Kelp Flow
5401,Inkling #5401,A looping cartoon-squid PFP stacked from painterly trait layers. Minted on Ink.,5401.gif,Indigo Night,Teal Mist,Dumbo,Wink,Red Seal,Bare mantle
5402,Inkling #5402,A looping cartoon-squid PFP stacked from painterly trait layers. Minted on Ink.,5402.gif,Indigo Night,Violet Haze,Reef,Bright,Slow Drip,Kelp Flow
5403,Inkling #5403,A looping cartoon-squid PFP stacked from painterly trait layers. Minted on Ink.,5403.gif,Cream Rice,Gold Wash,Reef,Lidded,Clean mantle,Pearl Cluster
5404,Inkling #5404,A looping cartoon-squid PFP stacked from painterly trait layers. Minted on Ink.,5404.gif,Indigo Night,Coral Glow,Dumbo,Ember,Slow Drip,Soft Crown
5405,Inkling #5405,A looping cartoon-squid PFP stacked from painterly trait layers. Minted on Ink.,5405.gif,Rose Gold,Violet Haze,Bobtail,Sleepy,Clean mantle,Kelp Flow
5406,Inkling #5406,A looping cartoon-squid PFP stacked from painterly trait layers. Minted on Ink.,5406.gif,Wine Paper,Gold Wash,Bobtail,Dew,Slow Drip,Bare mantle
5407,Inkling #5407,A looping cartoon-squid PFP stacked from painterly trait layers. Minted on Ink.,5407.gif,Rose Gold,No bloom,Inked,Dew,Brush Streak,Ink Ribbon
5408,Inkling #5408,A looping cartoon-squid PFP stacked from painterly trait layers. Minted on Ink.,5408.gif,Peach Dusk,Violet Haze,Reef,Ember,Brush Streak,Bare mantle
5409,Inkling #5409,A looping cartoon-squid PFP stacked from painterly trait layers. Minted on Ink.,5409.gif,Celadon Garden,Violet Haze,Cuttle,Lidded,Clean mantle,Bare mantle
5410,Inkling #5410,A looping cartoon-squid PFP stacked from painterly trait layers. Minted on Ink.,5410.gif,Peach Dusk,Teal Mist,Firefly,Wink,Brush Streak,Bare mantle
5411,Inkling #5411,A looping cartoon-squid PFP stacked from painterly trait layers. Minted on Ink.,5411.gif,Rose Gold,Gold Wash,Dumbo,Bright,Clean mantle,Ink Ribbon
5412,Inkling #5412,A looping cartoon-squid PFP stacked from painterly trait layers. Minted on Ink.,5412.gif,Rose Gold,No bloom,Cuttle,Bright,Brush Streak,Kelp Flow
5413,Inkling #5413,A looping cartoon-squid PFP stacked from painterly trait layers. Minted on Ink.,5413.gif,Peach Dusk,Gold Wash,Reef,Sleepy,Clean mantle,Kelp Flow
5414,Inkling #5414,A looping cartoon-squid PFP stacked from painterly trait layers. Minted on Ink.,5414.gif,Celadon Garden,Gold Wash,Firefly,Lidded,Red Seal,Pearl Cluster
5415,Inkling #5415,A looping cartoon-squid PFP stacked from painterly trait layers. Minted on Ink.,5415.gif,Celadon Garden,Gold Wash,Firefly,Lidded,Red Seal,Soft Crown
5416,Inkling #5416,A looping cartoon-squid PFP stacked from painterly trait layers. Minted on Ink.,5416.gif,Wine Paper,Violet Haze,Giant,Ember,Brush Streak,Soft Crown
5417,Inkling #5417,A looping cartoon-squid PFP stacked from painterly trait layers. Minted on Ink.,5417.gif,Peach Dusk,No bloom,Reef,Bright,Brush Streak,Kelp Flow
5418,Inkling #5418,A looping cartoon-squid PFP stacked from painterly trait layers. Minted on Ink.,5418.gif,Storm Grey,No bloom,Reef,Bright,Red Seal,Bare mantle
5419,Inkling #5419,A looping cartoon-squid PFP stacked from painterly trait layers. Minted on Ink.,5419.gif,Storm Grey,Violet Haze,Reef,Dew,Red Seal,Kelp Flow
5420,Inkling #5420,A looping cartoon-squid PFP stacked from painterly trait layers. Minted on Ink.,5420.gif,Celadon Garden,Coral Glow,Bobtail,Wink,Brush Streak,Kelp Flow
5421,Inkling #5421,A looping cartoon-squid PFP stacked from painterly trait layers. Minted on Ink.,5421.gif,Celadon Garden,Gold Wash,Cuttle,Bright,Slow Drip,Bare mantle
5422,Inkling #5422,A looping cartoon-squid PFP stacked from painterly trait layers. Minted on Ink.,5422.gif,Peach Dusk,Teal Mist,Cuttle,Ember,Slow Drip,Pearl Cluster
5423,Inkling #5423,A looping cartoon-squid PFP stacked from painterly trait layers. Minted on Ink.,5423.gif,Charcoal Wash,Gold Wash,Giant,Lidded,Clean mantle,Pearl Cluster
5424,Inkling #5424,A looping cartoon-squid PFP stacked from painterly trait layers. Minted on Ink.,5424.gif,Charcoal Wash,Teal Mist,Dumbo,Wink,Clean mantle,Pearl Cluster
5425,Inkling #5425,A looping cartoon-squid PFP stacked from painterly trait layers. Minted on Ink.,5425.gif,Peach Dusk,No bloom,Reef,Bright,Clean mantle,Bare mantle
5426,Inkling #5426,A looping cartoon-squid PFP stacked from painterly trait layers. Minted on Ink.,5426.gif,Wine Paper,No bloom,Cuttle,Bright,Clean mantle,Pearl Cluster
5427,Inkling #5427,A looping cartoon-squid PFP stacked from painterly trait layers. Minted on Ink.,5427.gif,Cream Rice,No bloom,Cuttle,Ember,Clean mantle,Bare mantle
5428,Inkling #5428,A looping cartoon-squid PFP stacked from painterly trait layers. Minted on Ink.,5428.gif,Cream Rice,Silver Veil,Firefly,Bright,Red Seal,Kelp Flow
5429,Inkling #5429,A looping cartoon-squid PFP stacked from painterly trait layers. Minted on Ink.,5429.gif,Indigo Night,No bloom,Cuttle,Sleepy,Brush Streak,Ink Ribbon
5430,Inkling #5430,A looping cartoon-squid PFP stacked from painterly trait layers. Minted on Ink.,5430.gif,Peach Dusk,Violet Haze,Giant,Dew,Clean mantle,Kelp Flow
5431,Inkling #5431,A looping cartoon-squid PFP stacked from painterly trait layers. Minted on Ink.,5431.gif,Storm Grey,Gold Wash,Firefly,Lidded,Clean mantle,Bare mantle
5432,Inkling #5432,A looping cartoon-squid PFP stacked from painterly trait layers. Minted on Ink.,5432.gif,Wine Paper,Gold Wash,Glass,Bright,Red Seal,Pearl Cluster
5433,Inkling #5433,A looping cartoon-squid PFP stacked from painterly trait layers. Minted on Ink.,5433.gif,Charcoal Wash,No bloom,Reef,Ember,Clean mantle,Ink Ribbon
5434,Inkling #5434,A looping cartoon-squid PFP stacked from painterly trait layers. Minted on Ink.,5434.gif,Indigo Night,Violet Haze,Giant,Bright,Red Seal,Kelp Flow
5435,Inkling #5435,A looping cartoon-squid PFP stacked from painterly trait layers. Minted on Ink.,5435.gif,Storm Grey,Silver Veil,Dumbo,Ember,Red Seal,Ink Ribbon
5436,Inkling #5436,A looping cartoon-squid PFP stacked from painterly trait layers. Minted on Ink.,5436.gif,Indigo Night,No bloom,Dumbo,Lidded,Ink Splash,Kelp Flow
5437,Inkling #5437,A looping cartoon-squid PFP stacked from painterly trait layers. Minted on Ink.,5437.gif,Indigo Night,No bloom,Giant,Lidded,Clean mantle,Kelp Flow
5438,Inkling #5438,A looping cartoon-squid PFP stacked from painterly trait layers. Minted on Ink.,5438.gif,Wine Paper,No bloom,Reef,Wink,Clean mantle,Kelp Flow
5439,Inkling #5439,A looping cartoon-squid PFP stacked from painterly trait layers. Minted on Ink.,5439.gif,Charcoal Wash,Violet Haze,Cuttle,Dew,Slow Drip,Bare mantle
5440,Inkling #5440,A looping cartoon-squid PFP stacked from painterly trait layers. Minted on Ink.,5440.gif,Indigo Night,Teal Mist,Dumbo,Wink,Ink Splash,Ink Ribbon
5441,Inkling #5441,A looping cartoon-squid PFP stacked from painterly trait layers. Minted on Ink.,5441.gif,Indigo Night,Violet Haze,Cuttle,Ember,Slow Drip,Pearl Cluster
5442,Inkling #5442,A looping cartoon-squid PFP stacked from painterly trait layers. Minted on Ink.,5442.gif,Cream Rice,No bloom,Dumbo,Bright,Slow Drip,Bare mantle
5443,Inkling #5443,A looping cartoon-squid PFP stacked from painterly trait layers. Minted on Ink.,5443.gif,Celadon Garden,Coral Glow,Cuttle,Ember,Clean mantle,Pearl Cluster
5444,Inkling #5444,A looping cartoon-squid PFP stacked from painterly trait layers. Minted on Ink.,5444.gif,Rose Gold,Violet Haze,Dumbo,Sleepy,Brush Streak,Kelp Flow
5445,Inkling #5445,A looping cartoon-squid PFP stacked from painterly trait layers. Minted on Ink.,5445.gif,Charcoal Wash,Teal Mist,Reef,Dew,Clean mantle,Soft Crown
5446,Inkling #5446,A looping cartoon-squid PFP stacked from painterly trait layers. Minted on Ink.,5446.gif,Peach Dusk,No bloom,Dumbo,Bright,Slow Drip,Ink Ribbon
5447,Inkling #5447,A looping cartoon-squid PFP stacked from painterly trait layers. Minted on Ink.,5447.gif,Charcoal Wash,Silver Veil,Dumbo,Bright,Clean mantle,Ink Ribbon
5448,Inkling #5448,A looping cartoon-squid PFP stacked from painterly trait layers. Minted on Ink.,5448.gif,Cream Rice,Silver Veil,Cuttle,Bright,Red Seal,Bare mantle
5449,Inkling #5449,A looping cartoon-squid PFP stacked from painterly trait layers. Minted on Ink.,5449.gif,Indigo Night,Violet Haze,Bobtail,Bright,Slow Drip,Wash Hood
5450,Inkling #5450,A looping cartoon-squid PFP stacked from painterly trait layers. Minted on Ink.,5450.gif,Cream Rice,Coral Glow,Bobtail,Sleepy,Slow Drip,Bare mantle
5451,Inkling #5451,A looping cartoon-squid PFP stacked from painterly trait layers. Minted on Ink.,5451.gif,Celadon Garden,No bloom,Giant,Bright,Clean mantle,Kelp Flow
5452,Inkling #5452,A looping cartoon-squid PFP stacked from painterly trait layers. Minted on Ink.,5452.gif,Wine Paper,Gold Wash,Inked,Bright,Red Seal,Kelp Flow
5453,Inkling #5453,A looping cartoon-squid PFP stacked from painterly trait layers. Minted on Ink.,5453.gif,Wine Paper,No bloom,Dumbo,Dew,Clean mantle,Bare mantle
5454,Inkling #5454,A looping cartoon-squid PFP stacked from painterly trait layers. Minted on Ink.,5454.gif,Peach Dusk,Violet Haze,Giant,Wink,Brush Streak,Kelp Flow
5455,Inkling #5455,A looping cartoon-squid PFP stacked from painterly trait layers. Minted on Ink.,5455.gif,Cream Rice,Silver Veil,Dumbo,Wink,Clean mantle,Kelp Flow
5456,Inkling #5456,A looping cartoon-squid PFP stacked from painterly trait layers. Minted on Ink.,5456.gif,Peach Dusk,Gold Wash,Glass,Wink,Clean mantle,Kelp Flow
5457,Inkling #5457,A looping cartoon-squid PFP stacked from painterly trait layers. Minted on Ink.,5457.gif,Cream Rice,Coral Glow,Reef,Lidded,Slow Drip,Soft Crown
5458,Inkling #5458,A looping cartoon-squid PFP stacked from painterly trait layers. Minted on Ink.,5458.gif,Celadon Garden,Silver Veil,Glass,Ember,Clean mantle,Pearl Cluster
5459,Inkling #5459,A looping cartoon-squid PFP stacked from painterly trait layers. Minted on Ink.,5459.gif,Peach Dusk,No bloom,Inked,Bright,Ink Splash,Pearl Cluster
5460,Inkling #5460,A looping cartoon-squid PFP stacked from painterly trait layers. Minted on Ink.,5460.gif,Wine Paper,Violet Haze,Glass,Sleepy,Red Seal,Soft Crown
5461,Inkling #5461,A looping cartoon-squid PFP stacked from painterly trait layers. Minted on Ink.,5461.gif,Charcoal Wash,Violet Haze,Cuttle,Bright,Clean mantle,Pearl Cluster
5462,Inkling #5462,A looping cartoon-squid PFP stacked from painterly trait layers. Minted on Ink.,5462.gif,Celadon Garden,Silver Veil,Dumbo,Dew,Ink Splash,Kelp Flow
5463,Inkling #5463,A looping cartoon-squid PFP stacked from painterly trait layers. Minted on Ink.,5463.gif,Peach Dusk,No bloom,Giant,Dew,Clean mantle,Bare mantle
5464,Inkling #5464,A looping cartoon-squid PFP stacked from painterly trait layers. Minted on Ink.,5464.gif,Storm Grey,Violet Haze,Dumbo,Bright,Clean mantle,Wash Hood
5465,Inkling #5465,A looping cartoon-squid PFP stacked from painterly trait layers. Minted on Ink.,5465.gif,Wine Paper,Silver Veil,Giant,Sleepy,Clean mantle,Pearl Cluster
5466,Inkling #5466,A looping cartoon-squid PFP stacked from painterly trait layers. Minted on Ink.,5466.gif,Peach Dusk,No bloom,Giant,Lidded,Slow Drip,Kelp Flow
5467,Inkling #5467,A looping cartoon-squid PFP stacked from painterly trait layers. Minted on Ink.,5467.gif,Peach Dusk,Coral Glow,Dumbo,Ember,Slow Drip,Soft Crown
5468,Inkling #5468,A looping cartoon-squid PFP stacked from painterly trait layers. Minted on Ink.,5468.gif,Rose Gold,Gold Wash,Giant,Dew,Brush Streak,Soft Crown
5469,Inkling #5469,A looping cartoon-squid PFP stacked from painterly trait layers. Minted on Ink.,5469.gif,Cream Rice,Violet Haze,Firefly,Bright,Slow Drip,Ink Ribbon
5470,Inkling #5470,A looping cartoon-squid PFP stacked from painterly trait layers. Minted on Ink.,5470.gif,Cream Rice,No bloom,Cuttle,Sleepy,Slow Drip,Wash Hood
5471,Inkling #5471,A looping cartoon-squid PFP stacked from painterly trait layers. Minted on Ink.,5471.gif,Celadon Garden,Coral Glow,Glass,Wink,Slow Drip,Soft Crown
5472,Inkling #5472,A looping cartoon-squid PFP stacked from painterly trait layers. Minted on Ink.,5472.gif,Celadon Garden,Teal Mist,Bobtail,Sleepy,Ink Splash,Kelp Flow
5473,Inkling #5473,A looping cartoon-squid PFP stacked from painterly trait layers. Minted on Ink.,5473.gif,Cream Rice,Coral Glow,Bobtail,Wink,Slow Drip,Bare mantle
5474,Inkling #5474,A looping cartoon-squid PFP stacked from painterly trait layers. Minted on Ink.,5474.gif,Charcoal Wash,Violet Haze,Glass,Lidded,Clean mantle,Bare mantle
5475,Inkling #5475,A looping cartoon-squid PFP stacked from painterly trait layers. Minted on Ink.,5475.gif,Peach Dusk,Silver Veil,Firefly,Sleepy,Slow Drip,Ink Ribbon
5476,Inkling #5476,A looping cartoon-squid PFP stacked from painterly trait layers. Minted on Ink.,5476.gif,Wine Paper,Gold Wash,Reef,Ember,Slow Drip,Soft Crown
5477,Inkling #5477,A looping cartoon-squid PFP stacked from painterly trait layers. Minted on Ink.,5477.gif,Charcoal Wash,Violet Haze,Bobtail,Wink,Slow Drip,Soft Crown
5478,Inkling #5478,A looping cartoon-squid PFP stacked from painterly trait layers. Minted on Ink.,5478.gif,Peach Dusk,No bloom,Dumbo,Sleepy,Red Seal,Pearl Cluster
5479,Inkling #5479,A looping cartoon-squid PFP stacked from painterly trait layers. Minted on Ink.,5479.gif,Wine Paper,Teal Mist,Glass,Dew,Clean mantle,Bare mantle
5480,Inkling #5480,A looping cartoon-squid PFP stacked from painterly trait layers. Minted on Ink.,5480.gif,Indigo Night,Violet Haze,Giant,Ember,Clean mantle,Wash Hood
5481,Inkling #5481,A looping cartoon-squid PFP stacked from painterly trait layers. Minted on Ink.,5481.gif,Cream Rice,Teal Mist,Cuttle,Ember,Clean mantle,Ink Ribbon
5482,Inkling #5482,A looping cartoon-squid PFP stacked from painterly trait layers. Minted on Ink.,5482.gif,Cream Rice,Teal Mist,Bobtail,Ember,Clean mantle,Wash Hood
5483,Inkling #5483,A looping cartoon-squid PFP stacked from painterly trait layers. Minted on Ink.,5483.gif,Storm Grey,Teal Mist,Glass,Lidded,Slow Drip,Bare mantle
5484,Inkling #5484,A looping cartoon-squid PFP stacked from painterly trait layers. Minted on Ink.,5484.gif,Rose Gold,No bloom,Firefly,Sleepy,Clean mantle,Kelp Flow
5485,Inkling #5485,A looping cartoon-squid PFP stacked from painterly trait layers. Minted on Ink.,5485.gif,Wine Paper,Silver Veil,Bobtail,Dew,Red Seal,Soft Crown
5486,Inkling #5486,A looping cartoon-squid PFP stacked from painterly trait layers. Minted on Ink.,5486.gif,Rose Gold,Silver Veil,Giant,Dew,Ink Splash,Soft Crown
5487,Inkling #5487,A looping cartoon-squid PFP stacked from painterly trait layers. Minted on Ink.,5487.gif,Celadon Garden,No bloom,Giant,Lidded,Slow Drip,Kelp Flow
5488,Inkling #5488,A looping cartoon-squid PFP stacked from painterly trait layers. Minted on Ink.,5488.gif,Charcoal Wash,Coral Glow,Glass,Wink,Clean mantle,Bare mantle
5489,Inkling #5489,A looping cartoon-squid PFP stacked from painterly trait layers. Minted on Ink.,5489.gif,Cream Rice,Coral Glow,Glass,Lidded,Clean mantle,Kelp Flow
5490,Inkling #5490,A looping cartoon-squid PFP stacked from painterly trait layers. Minted on Ink.,5490.gif,Cream Rice,No bloom,Firefly,Bright,Clean mantle,Wash Hood
5491,Inkling #5491,A looping cartoon-squid PFP stacked from painterly trait layers. Minted on Ink.,5491.gif,Indigo Night,Teal Mist,Reef,Lidded,Slow Drip,Pearl Cluster
5492,Inkling #5492,A looping cartoon-squid PFP stacked from painterly trait layers. Minted on Ink.,5492.gif,Celadon Garden,Teal Mist,Cuttle,Ember,Red Seal,Wash Hood
5493,Inkling #5493,A looping cartoon-squid PFP stacked from painterly trait layers. Minted on Ink.,5493.gif,Peach Dusk,No bloom,Inked,Dew,Clean mantle,Pearl Cluster
5494,Inkling #5494,A looping cartoon-squid PFP stacked from painterly trait layers. Minted on Ink.,5494.gif,Indigo Night,Silver Veil,Inked,Wink,Clean mantle,Kelp Flow
5495,Inkling #5495,A looping cartoon-squid PFP stacked from painterly trait layers. Minted on Ink.,5495.gif,Charcoal Wash,Coral Glow,Reef,Lidded,Brush Streak,Wash Hood
5496,Inkling #5496,A looping cartoon-squid PFP stacked from painterly trait layers. Minted on Ink.,5496.gif,Peach Dusk,Violet Haze,Firefly,Dew,Clean mantle,Pearl Cluster
5497,Inkling #5497,A looping cartoon-squid PFP stacked from painterly trait layers. Minted on Ink.,5497.gif,Celadon Garden,Teal Mist,Dumbo,Dew,Slow Drip,Pearl Cluster
5498,Inkling #5498,A looping cartoon-squid PFP stacked from painterly trait layers. Minted on Ink.,5498.gif,Charcoal Wash,Gold Wash,Firefly,Ember,Clean mantle,Soft Crown
5499,Inkling #5499,A looping cartoon-squid PFP stacked from painterly trait layers. Minted on Ink.,5499.gif,Peach Dusk,Violet Haze,Bobtail,Sleepy,Clean mantle,Bare mantle
5500,Inkling #5500,A looping cartoon-squid PFP stacked from painterly trait layers. Minted on Ink.,5500.gif,Indigo Night,Gold Wash,Cuttle,Bright,Clean mantle,Soft Crown
5501,Inkling #5501,A looping cartoon-squid PFP stacked from painterly trait layers. Minted on Ink.,5501.gif,Celadon Garden,Violet Haze,Dumbo,Lidded,Brush Streak,Pearl Cluster
5502,Inkling #5502,A looping cartoon-squid PFP stacked from painterly trait layers. Minted on Ink.,5502.gif,Charcoal Wash,No bloom,Inked,Bright,Clean mantle,Bare mantle
5503,Inkling #5503,A looping cartoon-squid PFP stacked from painterly trait layers. Minted on Ink.,5503.gif,Celadon Garden,No bloom,Giant,Bright,Ink Splash,Soft Crown
5504,Inkling #5504,A looping cartoon-squid PFP stacked from painterly trait layers. Minted on Ink.,5504.gif,Peach Dusk,Gold Wash,Cuttle,Lidded,Slow Drip,Ink Ribbon
5505,Inkling #5505,A looping cartoon-squid PFP stacked from painterly trait layers. Minted on Ink.,5505.gif,Rose Gold,Violet Haze,Firefly,Lidded,Red Seal,Bare mantle
5506,Inkling #5506,A looping cartoon-squid PFP stacked from painterly trait layers. Minted on Ink.,5506.gif,Celadon Garden,Gold Wash,Cuttle,Ember,Red Seal,Soft Crown
5507,Inkling #5507,A looping cartoon-squid PFP stacked from painterly trait layers. Minted on Ink.,5507.gif,Peach Dusk,Gold Wash,Firefly,Bright,Slow Drip,Ink Ribbon
5508,Inkling #5508,A looping cartoon-squid PFP stacked from painterly trait layers. Minted on Ink.,5508.gif,Celadon Garden,Coral Glow,Giant,Sleepy,Brush Streak,Ink Ribbon
5509,Inkling #5509,A looping cartoon-squid PFP stacked from painterly trait layers. Minted on Ink.,5509.gif,Charcoal Wash,No bloom,Dumbo,Sleepy,Clean mantle,Kelp Flow
5510,Inkling #5510,A looping cartoon-squid PFP stacked from painterly trait layers. Minted on Ink.,5510.gif,Peach Dusk,Gold Wash,Cuttle,Ember,Clean mantle,Pearl Cluster
5511,Inkling #5511,A looping cartoon-squid PFP stacked from painterly trait layers. Minted on Ink.,5511.gif,Peach Dusk,Gold Wash,Cuttle,Wink,Ink Splash,Soft Crown
5512,Inkling #5512,A looping cartoon-squid PFP stacked from painterly trait layers. Minted on Ink.,5512.gif,Indigo Night,Teal Mist,Bobtail,Bright,Clean mantle,Soft Crown
5513,Inkling #5513,A looping cartoon-squid PFP stacked from painterly trait layers. Minted on Ink.,5513.gif,Rose Gold,Silver Veil,Cuttle,Ember,Clean mantle,Wash Hood
5514,Inkling #5514,A looping cartoon-squid PFP stacked from painterly trait layers. Minted on Ink.,5514.gif,Celadon Garden,Gold Wash,Reef,Bright,Clean mantle,Bare mantle
5515,Inkling #5515,A looping cartoon-squid PFP stacked from painterly trait layers. Minted on Ink.,5515.gif,Rose Gold,Violet Haze,Bobtail,Ember,Clean mantle,Ink Ribbon
5516,Inkling #5516,A looping cartoon-squid PFP stacked from painterly trait layers. Minted on Ink.,5516.gif,Rose Gold,Silver Veil,Inked,Dew,Red Seal,Ink Ribbon
5517,Inkling #5517,A looping cartoon-squid PFP stacked from painterly trait layers. Minted on Ink.,5517.gif,Peach Dusk,Silver Veil,Dumbo,Lidded,Clean mantle,Kelp Flow
5518,Inkling #5518,A looping cartoon-squid PFP stacked from painterly trait layers. Minted on Ink.,5518.gif,Cream Rice,No bloom,Dumbo,Wink,Clean mantle,Soft Crown
5519,Inkling #5519,A looping cartoon-squid PFP stacked from painterly trait layers. Minted on Ink.,5519.gif,Rose Gold,No bloom,Cuttle,Dew,Slow Drip,Bare mantle
5520,Inkling #5520,A looping cartoon-squid PFP stacked from painterly trait layers. Minted on Ink.,5520.gif,Celadon Garden,Silver Veil,Dumbo,Lidded,Red Seal,Kelp Flow
5521,Inkling #5521,A looping cartoon-squid PFP stacked from painterly trait layers. Minted on Ink.,5521.gif,Peach Dusk,Teal Mist,Bobtail,Ember,Brush Streak,Bare mantle
5522,Inkling #5522,A looping cartoon-squid PFP stacked from painterly trait layers. Minted on Ink.,5522.gif,Cream Rice,No bloom,Dumbo,Bright,Clean mantle,Wash Hood
5523,Inkling #5523,A looping cartoon-squid PFP stacked from painterly trait layers. Minted on Ink.,5523.gif,Rose Gold,Gold Wash,Bobtail,Bright,Clean mantle,Pearl Cluster
5524,Inkling #5524,A looping cartoon-squid PFP stacked from painterly trait layers. Minted on Ink.,5524.gif,Wine Paper,Gold Wash,Dumbo,Bright,Slow Drip,Pearl Cluster
5525,Inkling #5525,A looping cartoon-squid PFP stacked from painterly trait layers. Minted on Ink.,5525.gif,Celadon Garden,Violet Haze,Cuttle,Lidded,Slow Drip,Bare mantle
5526,Inkling #5526,A looping cartoon-squid PFP stacked from painterly trait layers. Minted on Ink.,5526.gif,Charcoal Wash,Silver Veil,Reef,Sleepy,Brush Streak,Bare mantle
5527,Inkling #5527,A looping cartoon-squid PFP stacked from painterly trait layers. Minted on Ink.,5527.gif,Indigo Night,No bloom,Cuttle,Wink,Red Seal,Wash Hood
5528,Inkling #5528,A looping cartoon-squid PFP stacked from painterly trait layers. Minted on Ink.,5528.gif,Wine Paper,Violet Haze,Cuttle,Ember,Red Seal,Bare mantle
5529,Inkling #5529,A looping cartoon-squid PFP stacked from painterly trait layers. Minted on Ink.,5529.gif,Indigo Night,No bloom,Firefly,Bright,Ink Splash,Bare mantle
5530,Inkling #5530,A looping cartoon-squid PFP stacked from painterly trait layers. Minted on Ink.,5530.gif,Wine Paper,Gold Wash,Dumbo,Sleepy,Brush Streak,Soft Crown
5531,Inkling #5531,A looping cartoon-squid PFP stacked from painterly trait layers. Minted on Ink.,5531.gif,Celadon Garden,Gold Wash,Reef,Sleepy,Red Seal,Soft Crown
5532,Inkling #5532,A looping cartoon-squid PFP stacked from painterly trait layers. Minted on Ink.,5532.gif,Peach Dusk,Gold Wash,Cuttle,Wink,Clean mantle,Bare mantle
5533,Inkling #5533,A looping cartoon-squid PFP stacked from painterly trait layers. Minted on Ink.,5533.gif,Peach Dusk,Coral Glow,Giant,Ember,Clean mantle,Kelp Flow
5534,Inkling #5534,A looping cartoon-squid PFP stacked from painterly trait layers. Minted on Ink.,5534.gif,Storm Grey,Gold Wash,Firefly,Wink,Ink Splash,Wash Hood
5535,Inkling #5535,A looping cartoon-squid PFP stacked from painterly trait layers. Minted on Ink.,5535.gif,Wine Paper,Teal Mist,Firefly,Dew,Red Seal,Ink Ribbon
5536,Inkling #5536,A looping cartoon-squid PFP stacked from painterly trait layers. Minted on Ink.,5536.gif,Rose Gold,No bloom,Giant,Sleepy,Clean mantle,Wash Hood
5537,Inkling #5537,A looping cartoon-squid PFP stacked from painterly trait layers. Minted on Ink.,5537.gif,Rose Gold,No bloom,Inked,Bright,Clean mantle,Pearl Cluster
5538,Inkling #5538,A looping cartoon-squid PFP stacked from painterly trait layers. Minted on Ink.,5538.gif,Cream Rice,Teal Mist,Inked,Lidded,Brush Streak,Kelp Flow
5539,Inkling #5539,A looping cartoon-squid PFP stacked from painterly trait layers. Minted on Ink.,5539.gif,Peach Dusk,Teal Mist,Firefly,Lidded,Clean mantle,Soft Crown
5540,Inkling #5540,A looping cartoon-squid PFP stacked from painterly trait layers. Minted on Ink.,5540.gif,Celadon Garden,Coral Glow,Cuttle,Wink,Clean mantle,Ink Ribbon
5541,Inkling #5541,A looping cartoon-squid PFP stacked from painterly trait layers. Minted on Ink.,5541.gif,Cream Rice,Teal Mist,Bobtail,Sleepy,Ink Splash,Soft Crown
5542,Inkling #5542,A looping cartoon-squid PFP stacked from painterly trait layers. Minted on Ink.,5542.gif,Celadon Garden,No bloom,Glass,Bright,Ink Splash,Bare mantle
5543,Inkling #5543,A looping cartoon-squid PFP stacked from painterly trait layers. Minted on Ink.,5543.gif,Celadon Garden,No bloom,Bobtail,Bright,Brush Streak,Ink Ribbon
5544,Inkling #5544,A looping cartoon-squid PFP stacked from painterly trait layers. Minted on Ink.,5544.gif,Charcoal Wash,No bloom,Bobtail,Ember,Clean mantle,Pearl Cluster
5545,Inkling #5545,A looping cartoon-squid PFP stacked from painterly trait layers. Minted on Ink.,5545.gif,Rose Gold,Teal Mist,Firefly,Wink,Ink Splash,Kelp Flow
5546,Inkling #5546,A looping cartoon-squid PFP stacked from painterly trait layers. Minted on Ink.,5546.gif,Cream Rice,No bloom,Inked,Lidded,Clean mantle,Bare mantle
5547,Inkling #5547,A looping cartoon-squid PFP stacked from painterly trait layers. Minted on Ink.,5547.gif,Storm Grey,Coral Glow,Firefly,Wink,Slow Drip,Wash Hood
5548,Inkling #5548,A looping cartoon-squid PFP stacked from painterly trait layers. Minted on Ink.,5548.gif,Indigo Night,No bloom,Dumbo,Ember,Clean mantle,Soft Crown
5549,Inkling #5549,A looping cartoon-squid PFP stacked from painterly trait layers. Minted on Ink.,5549.gif,Cream Rice,Teal Mist,Reef,Bright,Red Seal,Ink Ribbon
5550,Inkling #5550,A looping cartoon-squid PFP stacked from painterly trait layers. Minted on Ink.,5550.gif,Charcoal Wash,Silver Veil,Firefly,Sleepy,Brush Streak,Kelp Flow
5551,Inkling #5551,A looping cartoon-squid PFP stacked from painterly trait layers. Minted on Ink.,5551.gif,Celadon Garden,Gold Wash,Inked,Sleepy,Brush Streak,Kelp Flow
5552,Inkling #5552,A looping cartoon-squid PFP stacked from painterly trait layers. Minted on Ink.,5552.gif,Storm Grey,Silver Veil,Reef,Ember,Ink Splash,Wash Hood
5553,Inkling #5553,A looping cartoon-squid PFP stacked from painterly trait layers. Minted on Ink.,5553.gif,Storm Grey,Violet Haze,Cuttle,Lidded,Clean mantle,Bare mantle
5554,Inkling #5554,A looping cartoon-squid PFP stacked from painterly trait layers. Minted on Ink.,5554.gif,Celadon Garden,Silver Veil,Cuttle,Bright,Red Seal,Ink Ribbon
5555,Inkling #5555,A looping cartoon-squid PFP stacked from painterly trait layers. Minted on Ink.,5555.gif,Charcoal Wash,Silver Veil,Glass,Sleepy,Ink Splash,Ink Ribbon
